case	base_model	task	module	layer	module_type	utility	utility_ci_low	utility_ci_high	functional_concentration	raw_concentration	gradient_compatibility	gradient_importance	p99_contribution	utility_z_within_case
qwen_magicoder	Qwen3-8B	magicoder	layers.0.mlp.down_proj	0	down_proj	-0.00017366399530504572	-0.00061413224969731	0.0002772955437664121	0.9903672907971506	0.8485936631069443	-1.7954584979682632e-05	1.2917801747614135e-05	0.012541032913352826	0.33745880208133366
qwen_magicoder	Qwen3-8B	magicoder	layers.0.mlp.gate_proj	0	gate_proj	-0.0003197863698005676	-0.0008730670956314587	0.00020101993787484073	0.5534710379072302	0.3668692306290192	-6.115374710725295e-06	3.2000534000782523e-06	0.002318583589220311	-0.374633629858612
qwen_magicoder	Qwen3-8B	magicoder	layers.0.mlp.up_proj	0	up_proj	-0.00011891089990490772	-0.0006894577508334254	0.0004533600092667048	0.6221172276606219	0.3745565403333171	-1.0533291288305751e-05	4.4992013042064386e-06	0.0031594871047445983	0.6042849126912387
qwen_magicoder	Qwen3-8B	magicoder	layers.0.self_attn.k_proj	0	k_proj	-0.00010244328467572322	-0.0005872102606980527	0.00035483640481214044	0.6875167407672678	0.22396860185323994	-1.0016577685008084e-06	2.4699984409502243e-06	0.00094487688016306	0.6845358955902381
qwen_magicoder	Qwen3-8B	magicoder	layers.0.self_attn.o_proj	0	o_proj	-2.8663971385017772e-05	-0.0005491375190312744	0.0005141730679840338	0.9429464940865975	0.4882546507589719	-7.237051837385462e-06	5.554640914346286e-06	0.0043720337429057985	1.0440817270169487
qwen_magicoder	Qwen3-8B	magicoder	layers.0.self_attn.q_proj	0	q_proj	-9.558264349327713e-05	-0.0006321091449162999	0.0004580154831780761	0.5234276995986036	0.5378941058806427	-4.4450958871328146e-05	1.1982611782245463e-05	0.0016489739382680817	0.7179695889663684
qwen_magicoder	Qwen3-8B	magicoder	layers.0.self_attn.v_proj	0	v_proj	-0.0001529290295038067	-0.0006051881696845664	0.000269929423439698	0.9294548621505868	0.465357554976394	-1.007252610286081e-05	3.2044420647814598e-06	0.005336859277931612	0.4385056970183468
qwen_magicoder	Qwen3-8B	magicoder	layers.1.mlp.down_proj	1	down_proj	-0.00011580754987529067	-0.000561681218811723	0.0003616576922721549	0.9979795803334518	0.9404618092579071	2.696781721901074e-06	1.083516765817829e-05	0.01704730440448477	0.6194083465758876
qwen_magicoder	Qwen3-8B	magicoder	layers.1.mlp.gate_proj	1	gate_proj	-0.00016280556799935512	-0.0006518469665382729	0.00032815517338572874	0.9995443444842258	0.9547783035179961	8.81702548934567e-06	4.673416489183449e-06	0.003511161710158993	0.3903747496482088
qwen_magicoder	Qwen3-8B	magicoder	layers.1.mlp.up_proj	1	up_proj	-0.00039893425390368604	-0.0008842123672366142	8.781181007135056e-05	0.9984486041199754	0.9109086004706706	4.3044441921116024e-05	9.552704120863367e-06	0.05270678231330094	-0.7603419066948729
qwen_magicoder	Qwen3-8B	magicoder	layers.1.self_attn.k_proj	1	k_proj	-0.0002881540138213361	-0.0008419726532502253	0.00025693231308069367	0.9437587969927227	0.8780057769828713	-1.5612921535775524e-05	5.896588718853277e-06	0.006061978845058489	-0.22048091111853044
qwen_magicoder	Qwen3-8B	magicoder	layers.1.self_attn.o_proj	1	o_proj	-7.77046699992946e-06	-0.000534244422174868	0.0005440487724835754	0.9936342481116083	0.90608032981836	8.037295317315376e-06	1.0139962083303748e-05	0.023685940999766862	1.1459012218115763
qwen_magicoder	Qwen3-8B	magicoder	layers.1.self_attn.q_proj	1	q_proj	-0.0002687057999313855	-0.0007315338757194457	0.00020116720898229567	0.987449660425123	0.9000320130902633	1.6337146563721672e-05	5.143938847911645e-06	0.007776132164303835	-0.12570469376238852
qwen_magicoder	Qwen3-8B	magicoder	layers.1.self_attn.v_proj	1	v_proj	-4.5200596090222966e-05	-0.0004866884441160765	0.00038955322787409904	0.9985274782494653	0.9417270550269911	3.790639549936112e-05	1.4008600394770157e-05	0.02730907535076143	0.9634944429472619
qwen_magicoder	Qwen3-8B	magicoder	layers.10.mlp.down_proj	10	down_proj	-0.00019823564369170392	-0.000715138888383498	0.00029567916129456166	0.9983649685083325	0.9622220242129084	-0.00015807944725132415	3.1513109814445644e-05	0.02334970923650655	0.21771475250072062
qwen_magicoder	Qwen3-8B	magicoder	layers.10.mlp.gate_proj	10	gate_proj	-0.00032574488002745834	-0.0008543868045337864	0.00020035050320820678	0.9348875030878482	0.7836862732337607	-7.663406381123349e-05	1.540256311808086e-05	0.00909123851813941	-0.4036710038600568
qwen_magicoder	Qwen3-8B	magicoder	layers.10.mlp.up_proj	10	up_proj	-0.00015335749895846256	-0.0006309448939854982	0.0002936046662144973	0.9780992038743185	0.8421435901797578	-0.00013614107019474742	2.503794286149855e-05	0.018611215509266376	0.43641765364353
qwen_magicoder	Qwen3-8B	magicoder	layers.10.self_attn.k_proj	10	k_proj	-0.00057883975935764	-0.0011223132554136338	-2.4042486167345075e-05	0.9544335017032552	0.7536746594789576	-7.1682529027001075e-06	4.855644011655244e-06	0.00588208244907124	-1.6370683446574399
qwen_magicoder	Qwen3-8B	magicoder	layers.10.self_attn.o_proj	10	o_proj	-0.0001264313449625109	-0.0006182425884438342	0.0003433931832675074	0.9789853207865671	0.84201798978588	-0.00018178262296640263	2.8839189752481177e-05	0.02695410989153294	0.5676358229893499
qwen_magicoder	Qwen3-8B	magicoder	layers.10.self_attn.q_proj	10	q_proj	-0.0004411957791594208	-0.0009067862859514893	5.071201041096533e-05	0.9969485347098783	0.8771764521199878	-0.00010283081604948934	2.393602000779796e-05	0.012732616062389436	-0.9662933388471739
qwen_magicoder	Qwen3-8B	magicoder	layers.10.self_attn.v_proj	10	v_proj	-0.00016029118025889162	-0.0007104564549737289	0.0003804554338337944	0.9807427716857147	0.8337361792965644	-3.451415969468105e-05	1.3052058953257813e-05	0.021115618457536678	0.4026280167274507
qwen_magicoder	Qwen3-8B	magicoder	layers.11.mlp.down_proj	11	down_proj	-8.13812261722127e-05	-0.0005346526346001469	0.00037785697361973413	0.9284541618224558	0.8296319424214327	-8.859268931142032e-06	1.8331428469269868e-05	0.01442395687504718	0.7871767985539785
qwen_magicoder	Qwen3-8B	magicoder	layers.11.mlp.gate_proj	11	gate_proj	9.422358430799891e-05	-0.00039032367592463726	0.000531641894676646	0.8756233462957155	0.7151949575396396	-1.8093705335235542e-05	1.5433685501287542e-05	0.006497027299519261	1.6429448285146424
qwen_magicoder	Qwen3-8B	magicoder	layers.11.mlp.up_proj	11	up_proj	-0.0001647289170593512	-0.0007413182407617569	0.0004191382070545285	0.9538919161131373	0.7777139010590846	-2.44368562081498e-05	2.262459688185327e-05	0.015643340121332835	0.3810017681706597
qwen_magicoder	Qwen3-8B	magicoder	layers.11.self_attn.k_proj	11	k_proj	-0.0002867239909093888	-0.000831775739789009	0.0002473720456244515	0.801428447486474	0.5566130382003636	-2.789391173278717e-06	6.994664772751194e-06	0.005507013265311739	-0.2135120365939133
qwen_magicoder	Qwen3-8B	magicoder	layers.11.self_attn.o_proj	11	o_proj	-0.00019631595885167356	-0.0006760798944313018	0.00028463992305466373	0.9761214806374747	0.7816973929760638	-5.209706873936201e-05	1.2541113647624796e-05	0.018713242385553892	0.22706987727894104
qwen_magicoder	Qwen3-8B	magicoder	layers.11.self_attn.q_proj	11	q_proj	-0.0001424928424788303	-0.0006635825867291357	0.0003818746808855257	0.9842526310719549	0.7546130997211762	1.0242454482508706e-05	1.7204502819995737e-05	0.009000521844077193	0.48936395759926354
qwen_magicoder	Qwen3-8B	magicoder	layers.11.self_attn.v_proj	11	v_proj	8.431394569209365e-05	-0.0003716291584929482	0.0005616623419718659	0.9960335002328328	0.8594368892721727	7.076965346100545e-05	1.368650971458131e-05	0.023775853134270636	1.5946525756272365
qwen_magicoder	Qwen3-8B	magicoder	layers.12.mlp.down_proj	12	down_proj	-0.0002950272354923311	-0.0007323472928561148	0.00014376723070125104	0.8716408460382792	0.7460811822176443	-3.7090002805944156e-05	1.4447961155200303e-05	0.010059213347149161	-0.25397591249568885
qwen_magicoder	Qwen3-8B	magicoder	layers.12.mlp.gate_proj	12	gate_proj	-0.0003832316056626742	-0.0008519267693894809	6.759479397633e-05	0.947570667893118	0.7241725335454354	-7.957724240306073e-05	1.4200986262373267e-05	0.006746036390294522	-0.6838188073923611
qwen_magicoder	Qwen3-8B	magicoder	layers.12.mlp.up_proj	12	up_proj	-0.00012839585542678833	-0.0006138344341125645	0.00037248928832714665	0.8975694516802996	0.6749723665486208	-6.191212733242977e-05	1.611005534921985e-05	0.010369521438193127	0.5580622512560103
qwen_magicoder	Qwen3-8B	magicoder	layers.12.self_attn.k_proj	12	k_proj	-6.110611997666906e-05	-0.0005955722518875951	0.00046725559857536405	0.9324389446669277	0.5779743442689238	-4.889095485864128e-07	3.879322060405297e-06	0.004336316043252484	0.8859826777252604
qwen_magicoder	Qwen3-8B	magicoder	layers.12.self_attn.o_proj	12	o_proj	-0.0004697158688404521	-0.0009498283633443175	9.336701182068125e-06	0.9779847362822616	0.8205195823039513	-4.243928000550884e-05	1.9795265899364748e-05	0.033167118722057166	-1.1052791724009075
qwen_magicoder	Qwen3-8B	magicoder	layers.12.self_attn.q_proj	12	q_proj	-0.00040084123611450195	-0.0009407519805626791	0.00015226517055855362	0.9717189260200945	0.638009002698631	-1.0272130613297058e-05	7.719775361902548e-06	0.0053196263674893576	-0.7696351282487544
qwen_magicoder	Qwen3-8B	magicoder	layers.12.self_attn.v_proj	12	v_proj	-3.505681381850946e-05	-0.0005554178699118192	0.0004721106075849685	0.9986306462339217	0.9477980354557136	0.00018851529494740943	3.345683764270843e-05	0.039647406734048915	1.0129277389217612
qwen_magicoder	Qwen3-8B	magicoder	layers.13.mlp.down_proj	13	down_proj	-0.00016241752710498747	-0.0006540409793130687	0.0003387119926390092	0.9233992246474367	0.8307931584978718	-3.621319010138782e-05	1.4222189249770391e-05	0.00802722537856881	0.39226577410710084
qwen_magicoder	Qwen3-8B	magicoder	layers.13.mlp.gate_proj	13	gate_proj	-0.0003771311679824454	-0.0009095466802599	0.00014137690123475942	0.9230229164682676	0.6872778388951042	3.1461197026595244e-06	1.3259292651111989e-05	0.006533646103140752	-0.6540897839035912
qwen_magicoder	Qwen3-8B	magicoder	layers.13.mlp.up_proj	13	up_proj	-4.5880797456522455e-05	-0.0005325269503671614	0.0004262451723706513	0.9556950740904259	0.7350472058061773	-2.267744940090954e-05	1.978916756017431e-05	0.01090730550021903	0.9601796443285745
qwen_magicoder	Qwen3-8B	magicoder	layers.13.self_attn.k_proj	13	k_proj	-3.409727675015809e-05	-0.00048114868705389927	0.00042474559951023895	0.8751156676134451	0.457150502414324	-1.5165038091759111e-06	3.6176166847020656e-06	0.0035321351419999323	1.0176038132525942
qwen_magicoder	Qwen3-8B	magicoder	layers.13.self_attn.o_proj	13	o_proj	2.109271581055688e-05	-0.00043603947660962085	0.0004739081212243091	0.8670753577759971	0.6549275080070668	-3.9130328139170864e-05	1.0271586890980576e-05	0.015291370830355824	1.2865590376457716
qwen_magicoder	Qwen3-8B	magicoder	layers.13.self_attn.q_proj	13	q_proj	-0.0001965940731470702	-0.0006620553795431481	0.00029523525325978356	0.9548118470633741	0.5901147059228913	-6.755004532498419e-07	6.239544787703116e-06	0.0038462371080770393	0.2257145537999051
qwen_magicoder	Qwen3-8B	magicoder	layers.13.self_attn.v_proj	13	v_proj	-0.0003304454635401241	-0.0008173151644038372	0.00014223077135985007	0.9941202730434686	0.8576536387711181	-2.827060086199888e-05	1.1596916255052904e-05	0.019459658151572832	-0.42657817298201456
qwen_magicoder	Qwen3-8B	magicoder	layers.14.mlp.down_proj	14	down_proj	-0.0003685662980939521	-0.0008877404034137726	0.00015647063245538797	0.9270801335792526	0.8045822543449407	-7.12092124244857e-05	1.7712080356655126e-05	0.008800630425769077	-0.6123509396697582
qwen_magicoder	Qwen3-8B	magicoder	layers.14.mlp.gate_proj	14	gate_proj	-0.0002619958803301952	-0.0007315458516117002	0.0002081005543958941	0.8998490528440368	0.6504102619889846	-8.425179932773741e-05	1.6461753502598014e-05	0.0066473537545447626	-0.09300550595197175
qwen_magicoder	Qwen3-8B	magicoder	layers.14.mlp.up_proj	14	up_proj	-0.0003651930171935285	-0.0008319210138965826	9.81021428205919e-05	0.9344477840259445	0.6744942180091533	-3.056419709598612e-05	1.4724280322362853e-05	0.008936609825848	-0.5959120622679074
qwen_magicoder	Qwen3-8B	magicoder	layers.14.self_attn.k_proj	14	k_proj	-0.0003028328790039313	-0.0007700334379418951	0.00015933004314782153	0.614500275988931	0.43853537847122154	-4.83473811243124e-06	2.8951493646604205e-06	0.0024110025355061956	-0.2920148486286489
qwen_magicoder	Qwen3-8B	magicoder	layers.14.self_attn.o_proj	14	o_proj	-0.00043580888724717936	-0.0008565488897386144	-2.860009181695085e-06	0.8146527630761984	0.5824865117611718	-5.069805153736299e-05	1.56567932254045e-05	0.01552642081981199	-0.940041609940981
qwen_magicoder	Qwen3-8B	magicoder	layers.14.self_attn.q_proj	14	q_proj	-5.174916787225692e-05	-0.0005589142350144073	0.0004055541314062525	0.963080960935087	0.6157927633969872	-1.4313249877130238e-05	8.531721908781933e-06	0.004247677493877024	0.9315815451306119
qwen_magicoder	Qwen3-8B	magicoder	layers.14.self_attn.v_proj	14	v_proj	-0.0003003418201305827	-0.0008695230804017333	0.00026647201510237846	0.9840119863765058	0.7610296766327714	-1.008471598233016e-05	9.96484553533128e-06	0.01297411543616432	-0.2798752692017986
qwen_magicoder	Qwen3-8B	magicoder	layers.15.mlp.down_proj	15	down_proj	-0.00022559258781495642	-0.0006898727512261906	0.0002285326907380676	0.9452364455104981	0.8163132649154933	3.826213310564197e-05	1.4479101658431845e-05	0.007534881958967903	0.0843972305371757
qwen_magicoder	Qwen3-8B	magicoder	layers.15.mlp.gate_proj	15	gate_proj	-0.000433637836917502	-0.000863751008740214	-1.5092595312440066e-05	0.9607895098658757	0.7473232124233744	-2.1243062135189653e-05	2.0783404020212895e-05	0.008413978480465996	-0.9294615155888231
qwen_magicoder	Qwen3-8B	magicoder	layers.15.mlp.up_proj	15	up_proj	-0.00023384172408307186	-0.0006691199589948186	0.0001793822670569183	0.9533093761034277	0.7093469979612121	5.4958203117457144e-05	1.805200376370977e-05	0.010010239109467616	0.0441970385621517
qwen_magicoder	Qwen3-8B	magicoder	layers.15.self_attn.k_proj	15	k_proj	-0.00016647845995230754	-0.0006761109853377107	0.00036071997563369857	0.9185968751668894	0.44085041374610917	-2.5933959115957616e-06	4.402628226800926e-06	0.003590776780774611	0.37247578946459436
qwen_magicoder	Qwen3-8B	magicoder	layers.15.self_attn.o_proj	15	o_proj	-5.413970497787976e-05	-0.0005549183603925782	0.00043626038632431943	0.9737053966852601	0.7617673401399182	-7.480053875216402e-05	1.7412613715278015e-05	0.02162197944674466	0.9199318344886744
qwen_magicoder	Qwen3-8B	magicoder	layers.15.self_attn.q_proj	15	q_proj	-0.0001553905303360986	-0.0006011955623255401	0.0003174622588958893	0.9669963849596463	0.6735906906036312	-3.3394520994653045e-05	1.7032813856567607e-05	0.005415684185562107	0.4265101616327468
qwen_magicoder	Qwen3-8B	magicoder	layers.15.self_attn.v_proj	15	v_proj	-0.00041363742507872033	-0.0008696541739780395	5.710183597001851e-05	0.980722806244609	0.7615726367364493	-1.2514088118847779e-06	1.3870867058433065e-05	0.013559147036314114	-0.8319942936438706
qwen_magicoder	Qwen3-8B	magicoder	layers.16.mlp.down_proj	16	down_proj	-0.0001355546419737769	-0.0005771111269466212	0.0003044218802061235	0.9210363435414376	0.9115919395789596	0.0002213109582054275	2.0064931354720468e-05	0.009071529341321286	0.5231756177778479
qwen_magicoder	Qwen3-8B	magicoder	layers.16.mlp.gate_proj	16	gate_proj	-0.00024872383133309786	-0.0007067430092663062	0.00020262702810959683	0.9628382865067285	0.8022223161440991	-3.886587789141621e-05	2.56516613980798e-05	0.01438497133448482	-0.028327350537389513
qwen_magicoder	Qwen3-8B	magicoder	layers.16.mlp.up_proj	16	up_proj	-0.0001154733730144188	-0.0005595814680955449	0.00031747606995164335	0.9928386250511672	0.8710494506601286	0.0002654604326797898	3.37435209027361e-05	0.018689943221857176	0.6210368775546502
qwen_magicoder	Qwen3-8B	magicoder	layers.16.self_attn.k_proj	16	k_proj	-0.00012534820154064993	-0.0006480396374082956	0.00037717907460498013	0.7280391739340927	0.4561960360588393	3.683106198266134e-06	5.626791323805429e-06	0.002404809651624756	0.5729142633108653
qwen_magicoder	Qwen3-8B	magicoder	layers.16.self_attn.o_proj	16	o_proj	-0.00030749828600492636	-0.0007935089227117476	0.00017829126999026348	0.9806148663628984	0.8054048489001338	5.2300641598480545e-05	1.2205964265021593e-05	0.01791791346100608	-0.3147505934370529
qwen_magicoder	Qwen3-8B	magicoder	layers.16.self_attn.q_proj	16	q_proj	-4.3275170638913015e-05	-0.0005015345626190061	0.00043723062902200374	0.9853464189408873	0.7727063876104002	6.0338925650413155e-05	1.1275503544416985e-05	0.006458766190954844	0.972877543221097
qwen_magicoder	Qwen3-8B	magicoder	layers.16.self_attn.v_proj	16	v_proj	-0.0003420239100690748	-0.0008607031380543943	0.0001693868795867815	0.9692240537925951	0.7599839387994659	1.690654511515588e-05	1.3980281908596485e-05	0.013315504316969328	-0.48300296196694714
qwen_magicoder	Qwen3-8B	magicoder	layers.17.mlp.down_proj	17	down_proj	-0.00019847503939612968	-0.0006637609823316824	0.0002895564024077086	0.9770628013845863	0.8720789546834263	0.000195954170135714	2.2874644159469754e-05	0.01640437104959991	0.21654811481125616
qwen_magicoder	Qwen3-8B	magicoder	layers.17.mlp.gate_proj	17	gate_proj	-0.0002808716209208379	-0.0008080589264386989	0.00023843206343103618	0.9965562577887547	0.9393656006007237	0.00018410840226007198	3.419949970352392e-05	0.03031103195688419	-0.18499191164968526
qwen_magicoder	Qwen3-8B	magicoder	layers.17.mlp.up_proj	17	up_proj	-8.28814799668359e-05	-0.0006747681586468805	0.000506894064487003	0.9926143434587678	0.905784809504672	0.0005478334662327611	5.725052183254725e-05	0.029573114773645166	0.7798656706255646
qwen_magicoder	Qwen3-8B	magicoder	layers.17.self_attn.k_proj	17	k_proj	-0.0001019173469699797	-0.0005627426211951209	0.0003709326085985684	0.7490747195236126	0.5729253753716511	-4.954336807513874e-05	7.165447960153958e-06	0.003107148227852739	0.6870989271671939
qwen_magicoder	Qwen3-8B	magicoder	layers.17.self_attn.o_proj	17	o_proj	-0.0002000058283571337	-0.0006081499037195424	0.00018782144198652137	0.9844817806655378	0.800468837004491	0.00015545914574747273	2.5219660491816117e-05	0.03017929928135655	0.2090881810551045
qwen_magicoder	Qwen3-8B	magicoder	layers.17.self_attn.q_proj	17	q_proj	-0.000273072573005176	-0.0007663862321709023	0.0002046424529102979	0.9553752805185055	0.6637574475651998	-3.158343503435553e-05	1.3198455779553049e-05	0.005763782227762449	-0.14698511757551666
qwen_magicoder	Qwen3-8B	magicoder	layers.17.self_attn.v_proj	17	v_proj	-0.0005054902590689112	-0.0010453309253102444	1.0238593963325693e-05	0.9792054083645538	0.8069030725168217	0.0001825558077727972	2.1417526578621817e-05	0.014373944463094632	-1.279617104061967
qwen_magicoder	Qwen3-8B	magicoder	layers.18.mlp.down_proj	18	down_proj	-0.00010698337535389134	-0.0005743044688076269	0.000372566307177309	0.9911112556204142	0.8873191627509418	0.00025762523278411445	2.755870047297522e-05	0.012132963254083603	0.66241084989887
qwen_magicoder	Qwen3-8B	magicoder	layers.18.mlp.gate_proj	18	gate_proj	-0.000383968358157111	-0.0008739880118213716	0.0001045621290314392	0.9965570525419655	0.9258561761260129	0.00020387114446326172	3.75940599324717e-05	0.02651176585407547	-0.687409194404019
qwen_magicoder	Qwen3-8B	magicoder	layers.18.mlp.up_proj	18	up_proj	-3.466913934613838e-05	-0.0005318779376198033	0.00044859431561876427	0.9916660844625053	0.8792509369489061	0.00033806083712352875	4.020303828965565e-05	0.02356096287469189	1.0148169777107205
qwen_magicoder	Qwen3-8B	magicoder	layers.18.self_attn.k_proj	18	k_proj	-0.0001616259334517307	-0.0006462236469397779	0.00032894228753007796	0.3751635015524387	0.4123878342794673	6.872691536766258e-06	6.241468828374023e-06	0.003745128816946924	0.39612341638537574
qwen_magicoder	Qwen3-8B	magicoder	layers.18.self_attn.o_proj	18	o_proj	-0.00015994002584551203	-0.000596300017882566	0.00027273195322419724	0.9825039957364101	0.7686012572236083	7.154545681169918e-05	1.927315972213079e-05	0.026774048104579545	0.4043392837464354
qwen_magicoder	Qwen3-8B	magicoder	layers.18.self_attn.q_proj	18	q_proj	-0.0001546669690335383	-0.0006232728540408807	0.0003203364974651179	0.9446944051455537	0.7316777914570969	5.8822913527823e-05	1.7047207897548885e-05	0.007230626605526458	0.4300362645268219
qwen_magicoder	Qwen3-8B	magicoder	layers.18.self_attn.v_proj	18	v_proj	-0.00042627507545908944	-0.0009219567306706163	3.7005061253171964e-05	0.9278271666997022	0.6506583026353695	4.236141197531021e-05	1.3825218362897055e-05	0.01250428443741078	-0.8935808591813721
qwen_magicoder	Qwen3-8B	magicoder	layers.19.mlp.down_proj	19	down_proj	-6.186644561955186e-05	-0.0005055576196459473	0.0003734884569879434	0.9390985959032261	0.7485382422311609	6.40348630405334e-05	1.568829178800963e-05	0.010435917215353422	0.8822774126145889
qwen_magicoder	Qwen3-8B	magicoder	layers.19.mlp.gate_proj	19	gate_proj	-0.0004686139157561005	-0.0010495470134449787	0.00010807986875049394	0.9986646978606546	0.9660167272703534	0.00012554603982309172	5.822679419206884e-05	0.04740572377955719	-1.0999090676895054
qwen_magicoder	Qwen3-8B	magicoder	layers.19.mlp.up_proj	19	up_proj	-0.0001571754940220567	-0.0007066537427609083	0.00037492809237026694	0.995464971684324	0.8993963546308467	0.00016591297250066024	4.711496256207579e-05	0.037321544878125626	0.41781156816650555
qwen_magicoder	Qwen3-8B	magicoder	layers.19.self_attn.k_proj	19	k_proj	-0.00037660132177540516	-0.0009002337445978258	0.00015191413828583985	0.47611310804574986	0.543122905420567	-3.513411631359677e-07	8.852896646583492e-06	0.002579999797097283	-0.6515077051806849
qwen_magicoder	Qwen3-8B	magicoder	layers.19.self_attn.o_proj	19	o_proj	-0.0003391674063244804	-0.0009221887979351107	0.00025415167090345566	0.9695299023384897	0.7341166073567201	0.00010315352971235627	1.809434486837478e-05	0.016304151070646863	-0.4690824743937307
qwen_magicoder	Qwen3-8B	magicoder	layers.19.self_attn.q_proj	19	q_proj	-0.0002594657364438792	-0.0008065353162953111	0.00027194594750638856	0.9697542404999103	0.7268881661639199	-8.795916759191615e-05	1.6440872917180805e-05	0.006873371843456676	-0.08067545506561721
qwen_magicoder	Qwen3-8B	magicoder	layers.19.self_attn.v_proj	19	v_proj	-0.00037152307932494116	-0.0008930847842673786	0.00015074034816906043	0.9848532553160504	0.8028637689830569	0.00016057672147677698	1.7179598543128922e-05	0.013170393640319474	-0.6267601055812656
qwen_magicoder	Qwen3-8B	magicoder	layers.2.mlp.down_proj	2	down_proj	-4.1473717963109254e-05	-0.0005533017279183278	0.00046974199472880744	0.9788948688438377	0.8263120997196985	-1.5584557133313644e-05	6.405423484136774e-06	0.01195776830627088	0.9816564918343167
qwen_magicoder	Qwen3-8B	magicoder	layers.2.mlp.gate_proj	2	gate_proj	-0.00011577860253756164	-0.0005696165634960425	0.0003476443654689632	0.9991645454483025	0.9243099725461804	-4.690829993086705e-06	6.272459647445587e-06	0.003023321191329176	0.6195494145005831
qwen_magicoder	Qwen3-8B	magicoder	layers.2.mlp.up_proj	2	up_proj	-9.753298564035384e-05	-0.0005859765483707678	0.00040221312617669274	0.9993970053346971	0.9278199672565612	3.330558408897389e-05	1.9940331917217854e-05	0.007026856660002159	0.7084650631370992
qwen_magicoder	Qwen3-8B	magicoder	layers.2.self_attn.k_proj	2	k_proj	-0.0001218730553251798	-0.0005472090003676101	0.00029812901296087944	0.4178599220721519	0.2897120254432481	2.3457976737359577e-07	1.6886917753994056e-06	0.0023328359228471864	0.5898495569540496
qwen_magicoder	Qwen3-8B	magicoder	layers.2.self_attn.o_proj	2	o_proj	2.4756691494926076e-05	-0.0004407630531025715	0.00047473937395166175	0.9835459292130988	0.8827904472203049	-2.3716990309227727e-06	9.022337354172752e-06	0.027655078952556075	1.3044145465276868
qwen_magicoder	Qwen3-8B	magicoder	layers.2.self_attn.q_proj	2	q_proj	-0.0004074798255670266	-0.0008901575732915128	8.080940021843115e-05	0.9028302414778684	0.5455963558936093	2.127325412819263e-06	4.09725542847875e-06	0.006052164630887718	-0.8019867056455754
qwen_magicoder	Qwen3-8B	magicoder	layers.2.self_attn.v_proj	2	v_proj	-0.0001535663594965075	-0.0007103688526348988	0.00035680650931889764	0.9985071104385803	0.9537401016441781	7.337962373148315e-05	1.2995305345132852e-05	0.02915102799607004	0.43539982178180336
qwen_magicoder	Qwen3-8B	magicoder	layers.20.mlp.down_proj	20	down_proj	-0.0002357435763859358	-0.0007498547923369485	0.0002861457708917679	0.9710866320163623	0.7972437010099299	3.7814380590625e-05	1.1981070373791195e-05	0.008136519648632398	0.03492881638733026
qwen_magicoder	Qwen3-8B	magicoder	layers.20.mlp.gate_proj	20	gate_proj	-0.00028997427615963045	-0.0007726947151002337	0.00019448545501857498	0.9975879555702142	0.9389926267017455	0.00012054629866918577	3.657716219072798e-05	0.037906207558945824	-0.22935152412163654
qwen_magicoder	Qwen3-8B	magicoder	layers.20.mlp.up_proj	20	up_proj	-0.0003084032261957888	-0.000772279152860407	0.00015214566813140533	0.9970906086202255	0.910552890674059	-3.4621087658389342e-06	3.6509160417668575e-05	0.036094961478215906	-0.3191606029478905
qwen_magicoder	Qwen3-8B	magicoder	layers.20.self_attn.k_proj	20	k_proj	-0.00029987731917959745	-0.0008397187060508571	0.00022281665416037323	0.6659640291717527	0.4434991757150258	-3.2834935046598117e-07	7.021091748396358e-06	0.004158357046552173	-0.27761163495025104
qwen_magicoder	Qwen3-8B	magicoder	layers.20.self_attn.o_proj	20	o_proj	-0.00044872697259559004	-0.0009446507838905834	6.889088964853117e-05	0.818689770525098	0.5120091077026406	2.1905961759357566e-05	1.531356311331737e-05	0.01557715639183571	-1.0029948082004265
qwen_magicoder	Qwen3-8B	magicoder	layers.20.self_attn.q_proj	20	q_proj	-3.916648079137333e-05	-0.0004869571932759441	0.00043770069958733713	0.992001713118518	0.8277194702281352	2.5508144919006778e-05	1.3007262513152938e-05	0.010380997098544642	0.9929002601781854
qwen_magicoder	Qwen3-8B	magicoder	layers.20.self_attn.v_proj	20	v_proj	-0.00016765064391933504	-0.0007063830027081927	0.00036290839436601267	0.9391283296295041	0.6829028354963673	2.5082295442962915e-05	1.0462612293267809e-05	0.011136092739199657	0.36676343134939543
qwen_magicoder	Qwen3-8B	magicoder	layers.21.mlp.down_proj	21	down_proj	-0.0007132208738170686	-0.0011730241115953102	-0.00026783150483350286	0.9838179960544428	0.8397233798112631	6.038748114467166e-05	1.1964323397574436e-05	0.006704122430711703	-2.291942554938955
qwen_magicoder	Qwen3-8B	magicoder	layers.21.mlp.gate_proj	21	gate_proj	-0.0004642278444571573	-0.001037857339518969	0.00011618716306373693	0.9970072694846084	0.9368884268539757	-0.00018696434689345154	4.018371429557329e-05	0.03681533236780644	-1.0785345985932469
qwen_magicoder	Qwen3-8B	magicoder	layers.21.mlp.up_proj	21	up_proj	-0.000392398506891532	-0.0008295086594145806	8.47660951682777e-05	0.994971971739364	0.8948997107314197	0.00025039715379808063	4.48515170570242e-05	0.03359314764912806	-0.7284915073258726
qwen_magicoder	Qwen3-8B	magicoder	layers.21.self_attn.k_proj	21	k_proj	-0.00012158297124456187	-0.0005930954498834297	0.00034543606834333405	0.7705107346312223	0.5361480393314274	-9.941039536763485e-06	6.587880376117495e-06	0.0039145489766008006	0.5912632123175587
qwen_magicoder	Qwen3-8B	magicoder	layers.21.self_attn.o_proj	21	o_proj	-0.0002843466449956425	-0.000724634546481195	0.00015564149276154937	0.7440747668552605	0.4789508284343384	-6.428695785706205e-06	1.5205006714412505e-05	0.012854060820436322	-0.20192661006955875
qwen_magicoder	Qwen3-8B	magicoder	layers.21.self_attn.q_proj	21	q_proj	-0.00025209149376290743	-0.0006215057412131888	0.00011383426360419489	0.9662087704824598	0.7231808936755687	1.8406056947508552e-06	1.488884182981296e-05	0.006969596614672773	-0.04473884766693674
qwen_magicoder	Qwen3-8B	magicoder	layers.21.self_attn.v_proj	21	v_proj	-3.066023842233126e-05	-0.00045977926156559926	0.0003719520129141258	0.9727752154842525	0.7293277740691916	1.804734155288842e-05	1.158321254702055e-05	0.012875105791080511	1.0343533972227617
qwen_magicoder	Qwen3-8B	magicoder	layers.22.mlp.down_proj	22	down_proj	1.7034714339209383e-05	-0.0004753057157895604	0.000492784057240017	0.987221059385821	0.8424651535478709	1.5604212278323698e-05	2.0891925806579424e-05	0.01152487320311494	1.266783338362728
qwen_magicoder	Qwen3-8B	magicoder	layers.22.mlp.gate_proj	22	gate_proj	-0.0003166368505993827	-0.0008697717038334393	0.0002476151177629092	0.9990144586591454	0.9649887877901935	7.04939754836198e-06	4.852294260091305e-05	0.05846983808424091	-0.35928520156242355
qwen_magicoder	Qwen3-8B	magicoder	layers.22.mlp.up_proj	22	up_proj	-0.0006036489713387411	-0.0011946875296655248	-3.9548121514867675e-05	0.999059391415589	0.954189578559772	3.674952855647589e-05	5.106774062026485e-05	0.057826321141314675	-1.7579701035778534
qwen_magicoder	Qwen3-8B	magicoder	layers.22.self_attn.k_proj	22	k_proj	-0.00018040237368130294	-0.0006343827109600677	0.0002768935421939755	0.7859560425613108	0.44869541134848195	2.42842955898261e-06	6.189713082862794e-06	0.0045405923496565515	0.30462092723946543
qwen_magicoder	Qwen3-8B	magicoder	layers.22.self_attn.o_proj	22	o_proj	-0.0001936394904480606	-0.0006449500159894833	0.0002644474419658301	0.9756186312997919	0.7733239130640001	5.581183250992891e-06	1.9607790101383652e-05	0.021703576378395793	0.24011300569181526
qwen_magicoder	Qwen3-8B	magicoder	layers.22.self_attn.q_proj	22	q_proj	-0.0002915516007141989	-0.0007691317253181192	0.00018922619399477217	0.9824993531860057	0.7552333546940799	-1.734633508688607e-05	1.6276696593196796e-05	0.008630299644341286	-0.23703823795926074
qwen_magicoder	Qwen3-8B	magicoder	layers.22.self_attn.v_proj	22	v_proj	-0.00011154410780453291	-0.0005320372334757789	0.00030990585257283944	0.958950361632957	0.6972828819641403	4.585317774077386e-05	1.5182353307849658e-05	0.014787400800318765	0.6401852114679512
qwen_magicoder	Qwen3-8B	magicoder	layers.23.mlp.down_proj	23	down_proj	2.50864712918391e-06	-0.0005342240002555924	0.000500510620777724	0.9781109370920111	0.8118951308355646	-7.460490995016034e-06	1.6467782980246343e-05	0.011328469060023107	1.1959940252146097
qwen_magicoder	Qwen3-8B	magicoder	layers.23.mlp.gate_proj	23	gate_proj	-0.0006802715971821644	-0.001139926021827049	-0.00022063554554689166	0.9965567470216278	0.919593139144214	0.0002315849189373055	4.784507856654664e-05	0.04113956076939225	-2.1313721384601974
qwen_magicoder	Qwen3-8B	magicoder	layers.23.mlp.up_proj	23	up_proj	-0.0005636667130423374	-0.001081605359423356	-9.631737455969983e-05	0.9966059209916311	0.9304166289069629	-5.715283279450206e-05	3.744308388108774e-05	0.04431881969570964	-1.563126133631213
qwen_magicoder	Qwen3-8B	magicoder	layers.23.self_attn.k_proj	23	k_proj	-0.00025549359986039457	-0.0007304331318276827	0.00021961130446097874	0.7428537803244213	0.34806317450034363	8.309440960898374e-07	5.507301116921641e-06	0.00482743745374657	-0.06131819777017215
qwen_magicoder	Qwen3-8B	magicoder	layers.23.self_attn.o_proj	23	o_proj	-0.00046994524901030493	-0.0009461446069791668	-8.343477718166296e-06	0.9584855500718341	0.6976632176522581	3.0213983735811083e-05	1.7104704144688023e-05	0.02093806790812316	-1.1063970017788738
qwen_magicoder	Qwen3-8B	magicoder	layers.23.self_attn.q_proj	23	q_proj	-0.0003209675921768439	-0.0007957264719927898	0.00017435717411705675	0.9659637629944868	0.678686379168061	-4.6482501035239346e-05	1.6457392794978094e-05	0.009026074677280923	-0.38039003449882136
qwen_magicoder	Qwen3-8B	magicoder	layers.23.self_attn.v_proj	23	v_proj	-0.00025713187260705916	-0.0007236966252571247	0.0002108005776268536	0.9642225525535641	0.7636722027819831	-2.058398775788059e-07	1.0893288809561426e-05	0.015761867110373622	-0.06930192803996105
qwen_magicoder	Qwen3-8B	magicoder	layers.24.mlp.down_proj	24	down_proj	-0.0001528437753192714	-0.0005370466801963869	0.00021652361897171488	0.9862004139989895	0.8329433321788575	6.913248427925661e-06	1.2872798534339552e-05	0.01247477803721128	0.4389211628893908
qwen_magicoder	Qwen3-8B	magicoder	layers.24.mlp.gate_proj	24	gate_proj	-0.00033885582548673034	-0.0008749459305259047	0.00019307075465311722	0.998843120358211	0.9437413265666066	-0.00015423502739680858	3.8138530704777446e-05	0.05159340100379375	-0.46756405972749415
qwen_magicoder	Qwen3-8B	magicoder	layers.24.mlp.up_proj	24	up_proj	-0.0006418775339595607	-0.0011605679988861085	-0.00014000815324118922	0.99856644602081	0.9419302538270977	-5.020420399061369e-05	3.7987621110432326e-05	0.06393435083382192	-1.944267857225856
qwen_magicoder	Qwen3-8B	magicoder	layers.24.self_attn.k_proj	24	k_proj	7.135665319004997e-05	-0.0004207162430784741	0.0005471412672615442	0.8214581327586966	0.33986273856716853	-1.0858458243693716e-05	9.044060222279571e-06	0.006823608005552931	1.5315083106849756
qwen_magicoder	Qwen3-8B	magicoder	layers.24.self_attn.o_proj	24	o_proj	-0.00020065183033708667	-0.0007117362051713661	0.0002784958384076089	0.9956018096460698	0.8853641680393745	4.051034104079739e-05	1.5510130530554477e-05	0.03153844100268109	0.2059400449634834
qwen_magicoder	Qwen3-8B	magicoder	layers.24.self_attn.q_proj	24	q_proj	-4.5816062903795084e-05	-0.0005395879816324984	0.00045786266688440654	0.982490142750729	0.7538439305805038	-5.887072751464406e-05	2.3733228039451212e-05	0.011909875617223448	0.9604951126833787
qwen_magicoder	Qwen3-8B	magicoder	layers.24.self_attn.v_proj	24	v_proj	-3.390673731194168e-05	-0.0004405020568214479	0.0003834297483573192	0.9732080420690477	0.7382473287280966	5.162031570310085e-05	1.2347732223564034e-05	0.017217940023931445	1.0185323616176782
qwen_magicoder	Qwen3-8B	magicoder	layers.25.mlp.down_proj	25	down_proj	-0.00010924126769675583	-0.00055124005150111	0.00035315317208649646	0.9772161819832946	0.7881655826583975	-1.5394861994040723e-05	1.233233129875817e-05	0.011160825526575867	0.6514075517726254
qwen_magicoder	Qwen3-8B	magicoder	layers.25.mlp.gate_proj	25	gate_proj	-7.424747846165641e-05	-0.0006009957646248771	0.00044405969989592915	0.9978418278932727	0.9067682420027068	0.0001044672358702243	3.1791860552896305e-05	0.041998702348774085	0.8219414112533959
qwen_magicoder	Qwen3-8B	magicoder	layers.25.mlp.up_proj	25	up_proj	-0.0006014457980140311	-0.0011171114066096603	-6.859254885892421e-05	0.999095473604608	0.9506387940674781	-4.1613057239280965e-05	4.636413029515003e-05	0.06292103494797849	-1.747233465494915
qwen_magicoder	Qwen3-8B	magicoder	layers.25.self_attn.k_proj	25	k_proj	-0.00028970996375943795	-0.0007282562462277099	0.00014732583563347294	0.976607030913379	0.7777517675814013	-2.72371370109109e-05	7.472341121387475e-06	0.00985622966669509	-0.22806346087673812
qwen_magicoder	Qwen3-8B	magicoder	layers.25.self_attn.o_proj	25	o_proj	-0.00034589405919684737	-0.0007394651592266365	4.374144873658071e-05	0.9605377229655176	0.7188930769361453	6.408885993042638e-06	1.2785096084752266e-05	0.02321976042302044	-0.5018632077977476
qwen_magicoder	Qwen3-8B	magicoder	layers.25.self_attn.q_proj	25	q_proj	-0.0003756676785281447	-0.0008624200938177891	0.00010477302931859845	0.9961794096536624	0.8608285324488875	-1.682008270113156e-05	1.323434947358961e-05	0.01331924829029341	-0.6469578181917734
qwen_magicoder	Qwen3-8B	magicoder	layers.25.self_attn.v_proj	25	v_proj	-0.00024126140309161826	-0.0006526393357847558	0.0001594112941720445	0.9623912409566573	0.7301914215675726	-3.195151594892358e-05	1.2287999487949506e-05	0.02056682724798668	0.008039008091797617
qwen_magicoder	Qwen3-8B	magicoder	layers.26.mlp.down_proj	26	down_proj	-0.0005065324853678219	-0.0009274379273907083	-0.0001038791825536825	0.9845754768660018	0.8312395839430228	-2.5390782039922396e-05	1.3410301522579278e-05	0.014330764830016197	-1.2846961445743137
qwen_magicoder	Qwen3-8B	magicoder	layers.26.mlp.gate_proj	26	gate_proj	-0.0006330748561952934	-0.0011379498621967971	-0.0001498516893289131	0.9970677685310976	0.883661192333516	-1.7808614811583347e-05	2.5356796629084695e-05	0.03245842220476013	-1.901370113205601
qwen_magicoder	Qwen3-8B	magicoder	layers.26.mlp.up_proj	26	up_proj	-0.00033883017594697046	-0.0007964735392664299	0.0001302771514556438	0.9959781285567835	0.8849519559485056	-6.697751154174232e-05	3.1585470013988724e-05	0.048967817955212156	-0.4674390628321945
qwen_magicoder	Qwen3-8B	magicoder	layers.26.self_attn.k_proj	26	k_proj	-0.0002457299193397897	-0.0006700515869210978	0.00018524378538131692	0.8529597877401361	0.5939985620031779	-1.0281814765270082e-05	7.886549764319322e-06	0.008141678680573331	-0.01373723673935303
qwen_magicoder	Qwen3-8B	magicoder	layers.26.self_attn.o_proj	26	o_proj	-0.00027115154461782487	-0.0007427241836414962	0.00021281415199647148	0.9744349242343315	0.7204129381362027	9.117711379993308e-06	7.760243980437197e-06	0.023996088014503498	-0.13762344534087576
qwen_magicoder	Qwen3-8B	magicoder	layers.26.self_attn.q_proj	26	q_proj	-0.00027593103100041874	-0.0006812893220635711	0.00012594188762004178	0.9921274632769744	0.8094078864004886	3.739788110449668e-05	1.1639165547603327e-05	0.013768627929545346	-0.1609151287217082
qwen_magicoder	Qwen3-8B	magicoder	layers.26.self_attn.v_proj	26	v_proj	-0.0004096869073930334	-0.0008764002960724908	6.592827009372885e-05	0.9790834904482462	0.7830069017856961	8.677088220294219e-06	1.1440341683731604e-05	0.02848573139619941	-0.8127423908744642
qwen_magicoder	Qwen3-8B	magicoder	layers.27.mlp.down_proj	27	down_proj	-0.0003601576461166632	-0.0007702900676942263	3.1133893816197314e-05	0.9786648962559003	0.731946914288186	-2.859969886113887e-05	1.1253288015185298e-05	0.012753595716088927	-0.571373386050632
qwen_magicoder	Qwen3-8B	magicoder	layers.27.mlp.gate_proj	27	gate_proj	-9.379377130602227e-05	-0.000533403541709556	0.00035408471451430965	0.9967103007920625	0.8811441949213601	-0.00010540362057538431	2.8072208166285487e-05	0.03515067551067661	0.72668722957856
qwen_magicoder	Qwen3-8B	magicoder	layers.27.mlp.up_proj	27	up_proj	-0.0004463740548149484	-0.0010334032297622962	0.00012339393867820948	0.9924965171692808	0.7936753844107839	-3.859483289976491e-05	2.3163287724787025e-05	0.036432648149290224	-0.9915284263382622
qwen_magicoder	Qwen3-8B	magicoder	layers.27.self_attn.k_proj	27	k_proj	-0.00030611992859449545	-0.0007856636628752849	0.00016950337735355877	0.8292241688767285	0.6130195255038577	-9.37961372769747e-06	8.389824000100012e-06	0.006845808097366155	-0.30803349837296834
qwen_magicoder	Qwen3-8B	magicoder	layers.27.self_attn.o_proj	27	o_proj	2.27353856211803e-05	-0.00042345282911765767	0.00046676538701428705	0.9740735075435996	0.7668120794106937	2.5187305744583713e-06	1.1496111820721319e-05	0.03423388300904617	1.294564195954755
qwen_magicoder	Qwen3-8B	magicoder	layers.27.self_attn.q_proj	27	q_proj	-0.00022301199983377926	-0.0006312767318526252	0.00018075492660530248	0.9887460585303803	0.7565521788587075	-3.013930799665848e-05	1.70902312078935e-05	0.01660832383954828	0.09697310865095327
qwen_magicoder	Qwen3-8B	magicoder	layers.27.self_attn.v_proj	27	v_proj	-0.0002123855176519175	-0.0007270697076789669	0.0002586055119506647	0.992203292720579	0.8707632476653034	3.055532371854676e-06	1.1648480930739529e-05	0.024424452683062987	0.14875872715033192
qwen_magicoder	Qwen3-8B	magicoder	layers.28.mlp.down_proj	28	down_proj	-7.771163201722942e-05	-0.0005812824841161244	0.0004151538075482254	0.9900101522659915	0.8082492633323952	-5.445633181538546e-05	1.3153020243607474e-05	0.014173640121453049	0.8050596877081971
qwen_magicoder	Qwen3-8B	magicoder	layers.28.mlp.gate_proj	28	gate_proj	-0.0001509437551263903	-0.0007024917995832006	0.0004255637495976973	0.9972287877432262	0.8790152324472954	-0.00013269820100030304	2.7079120202704286e-05	0.0359024370113183	0.4481804567145481
qwen_magicoder	Qwen3-8B	magicoder	layers.28.mlp.up_proj	28	up_proj	-0.00024151679922322758	-0.0007245366568448114	0.0002271382657230876	0.9953697204420145	0.8720753581213051	-3.641258984877226e-05	3.351458522734127e-05	0.04472447619140392	0.006794396148598555
qwen_magicoder	Qwen3-8B	magicoder	layers.28.self_attn.k_proj	28	k_proj	-0.00023170340745175472	-0.0006916748756756548	0.00023449072461636315	0.6116946936462191	0.5692675237083616	1.2273314139800113e-05	8.835302313066891e-06	0.007204110482067666	0.05461761306697483
qwen_magicoder	Qwen3-8B	magicoder	layers.28.self_attn.o_proj	28	o_proj	-0.00012191849165275449	-0.0006316403873631211	0.000396052775446508	0.8747818890281182	0.5639204497839266	-1.4428834281525296e-05	8.448073601530142e-06	0.01582239248218306	0.5896281338823758
qwen_magicoder	Qwen3-8B	magicoder	layers.28.self_attn.q_proj	28	q_proj	-0.00020021798669314774	-0.0006390833036332834	0.0002471426318659157	0.9939372961096533	0.8437625951545517	-4.397054259326161e-05	1.4544693368924755e-05	0.0158892987402935	0.20805427816398225
qwen_magicoder	Qwen3-8B	magicoder	layers.28.self_attn.v_proj	28	v_proj	-0.00021239822028113194	-0.0006436485369674495	0.00021941288084280288	0.9562459908143642	0.7168737365249827	-2.7083102937203735e-05	1.1324139783305426e-05	0.027429934496666614	0.14869682392599295
qwen_magicoder	Qwen3-8B	magicoder	layers.29.mlp.down_proj	29	down_proj	-3.3183542431377976e-05	-0.0004846301174066106	0.0004204744992197533	0.9866813104218553	0.836755924634753	-5.995736340584544e-05	1.5215436464470603e-05	0.01612329964851976	1.0220566788418204
qwen_magicoder	Qwen3-8B	magicoder	layers.29.mlp.gate_proj	29	gate_proj	-0.00022106593260999585	-0.0006915084681794292	0.00026772171258926386	0.9936897455127366	0.7788322854823375	2.6446819582343473e-05	1.8996048180181008e-05	0.023796031897181606	0.10645680166433921
qwen_magicoder	Qwen3-8B	magicoder	layers.29.mlp.up_proj	29	up_proj	-0.0002850588472163091	-0.0007484976843488021	0.00017242611187403317	0.9974373031374928	0.8859017516555121	9.43773183927211e-06	2.351699066739393e-05	0.04651184724972083	-0.20539735719571522
qwen_magicoder	Qwen3-8B	magicoder	layers.29.self_attn.k_proj	29	k_proj	-0.0003424749755468525	-0.0007312999641309019	5.9805889842939446e-05	0.6557817796024783	0.4462276348536566	2.095921502182551e-06	4.754038690175179e-06	0.005572284104357887	-0.4852011216542901
qwen_magicoder	Qwen3-8B	magicoder	layers.29.self_attn.o_proj	29	o_proj	7.148648871750128e-06	-0.0003797527402639389	0.00039014336271364164	0.9426670904991711	0.757419413645866	-1.3381773850056197e-05	7.784965069344256e-06	0.024961805341817366	1.218605963574336
qwen_magicoder	Qwen3-8B	magicoder	layers.29.self_attn.q_proj	29	q_proj	-3.6984926364460927e-05	-0.00045718487779625123	0.00038769198123548844	0.9511213566017858	0.6029494179852055	-1.0356607037888306e-05	1.048117830904711e-05	0.009646015294106369	1.0035315437350854
qwen_magicoder	Qwen3-8B	magicoder	layers.29.self_attn.v_proj	29	v_proj	-0.00022531422923822872	-0.0006627504729100915	0.00018674282998335155	0.938477405605187	0.7013813430108012	-4.1083972416088156e-05	8.324963718856125e-06	0.017414486729736504	0.08575374446283358
qwen_magicoder	Qwen3-8B	magicoder	layers.3.mlp.down_proj	3	down_proj	-0.00032272641776037996	-0.0008069910109043121	0.0001574018145682372	0.9716184926757534	0.733466382010889	-2.5959304151536605e-05	5.1668558578321056e-06	0.0077532329714072165	-0.3889612501765189
qwen_magicoder	Qwen3-8B	magicoder	layers.3.mlp.gate_proj	3	gate_proj	-0.00026773954512643034	-0.0008569958421294807	0.0003278447620448517	0.999528737133239	0.9389433645716029	2.8356474778974633e-06	8.14014642493084e-06	0.003988523673697971	-0.12099588214945332
qwen_magicoder	Qwen3-8B	magicoder	layers.3.mlp.up_proj	3	up_proj	-6.955434552958755e-05	-0.0006328534670784825	0.00045008868223331007	0.9962941763853056	0.8079283106994896	-1.0751899354772582e-05	1.3766730255039034e-05	0.03148438616154685	0.8448122717533858
qwen_magicoder	Qwen3-8B	magicoder	layers.3.self_attn.k_proj	3	k_proj	-0.00015204118900611754	-0.0006116921418025845	0.0003058160304046066	0.5207971798271318	0.5099617932705027	1.682513379922555e-05	4.1203162338681555e-06	0.0027280152369096354	0.4428323752656513
qwen_magicoder	Qwen3-8B	magicoder	layers.3.self_attn.o_proj	3	o_proj	-2.2586129727910777e-05	-0.0005366444373961354	0.0004838577761757569	0.9124073253178981	0.737096329758187	-2.5971052243466815e-05	9.144279271253881e-06	0.02564165669725016	1.0737006341931925
qwen_magicoder	Qwen3-8B	magicoder	layers.3.self_attn.q_proj	3	q_proj	-0.0001018105960283123	-0.0005869486781417346	0.0003984166645124309	0.9307059059161408	0.6931658996054537	1.9066956912948375e-05	5.749331043107601e-06	0.006200415595786622	0.6876191523409653
qwen_magicoder	Qwen3-8B	magicoder	layers.3.self_attn.v_proj	3	v_proj	-0.00024844278566172863	-0.0007812442288535541	0.00027619113565468357	0.9863591646300846	0.916545851881238	-7.6001075123549335e-06	1.9929021495472925e-05	0.036216460815921364	-0.02695774169889065
qwen_magicoder	Qwen3-8B	magicoder	layers.30.mlp.down_proj	30	down_proj	-0.00036189717347504663	-0.000850260141687315	0.00011353752896433935	0.9983551742192828	0.9276199700046271	-0.00010745680640862401	2.08789646712472e-05	0.0258708382982075	-0.5798505564451994
qwen_magicoder	Qwen3-8B	magicoder	layers.30.mlp.gate_proj	30	gate_proj	-0.0005521580088334006	-0.0010307097593780423	-8.084666838900005e-05	0.9971201085732888	0.8835852258124107	-0.00012432581422891053	3.128371205153089e-05	0.044993964109514305	-1.5070412171568337
qwen_magicoder	Qwen3-8B	magicoder	layers.30.mlp.up_proj	30	up_proj	-0.0006997034442229349	-0.0012634931865041373	-0.00015752775991549275	0.9986014405158703	0.9319777394226282	-0.0001704688721297289	4.5310772312732645e-05	0.06372427751396947	-2.226068595892672
qwen_magicoder	Qwen3-8B	magicoder	layers.30.self_attn.k_proj	30	k_proj	-0.000307776400300323	-0.0007409029380708444	0.00014569766697336377	0.8145280586391466	0.6335247315301351	-7.878312569291713e-06	8.674954136002004e-06	0.009215221824938136	-0.31610591691608886
qwen_magicoder	Qwen3-8B	magicoder	layers.30.self_attn.o_proj	30	o_proj	6.643340724413512e-05	-0.00045178639473485166	0.0005830583513760171	0.9946890982159678	0.8720467462098928	-5.3537388352138803e-05	1.422263466601405e-05	0.04270015744746506	1.5075160494671533
qwen_magicoder	Qwen3-8B	magicoder	layers.30.self_attn.q_proj	30	q_proj	0.00015965665950149786	-0.000269193703033885	0.000601238928368834	0.9931910814216048	0.8044753139217165	1.3097097334062726e-07	1.5793172293613407e-05	0.014607376286053757	1.9618172654341228
qwen_magicoder	Qwen3-8B	magicoder	layers.30.self_attn.v_proj	30	v_proj	-0.00039006122311607735	-0.0007990474461532029	3.883055121195118e-05	0.92230921748153	0.6319335410412337	-4.641820499378077e-05	1.2143438483159393e-05	0.02042979353398727	-0.7171013140475099
qwen_magicoder	Qwen3-8B	magicoder	layers.31.mlp.down_proj	31	down_proj	-0.00021630464518656496	-0.0007682131603360176	0.0002777059089209212	0.9975194775131052	0.9094355389239245	-0.00010210748379212286	1.9433872953361763e-05	0.025006638110555892	0.1296597967718399
qwen_magicoder	Qwen3-8B	magicoder	layers.31.mlp.gate_proj	31	gate_proj	-0.00027664017970444727	-0.0007558961047745142	0.00021367303294236541	0.9929893083803805	0.8163780349413168	-9.854331686057277e-05	1.8530879417795974e-05	0.03411237824806244	-0.16437099526509105
qwen_magicoder	Qwen3-8B	magicoder	layers.31.mlp.up_proj	31	up_proj	-6.031330491675705e-05	-0.000565702211661417	0.00047650175993559747	0.9986942880642062	0.9346221336847086	-0.00019386617414491746	3.568538028193775e-05	0.0654155742716139	0.8898462722366447
qwen_magicoder	Qwen3-8B	magicoder	layers.31.self_attn.k_proj	31	k_proj	-0.00011259708248200963	-0.0005113840591712077	0.00028989162357127065	0.8588444719960928	0.6214597692457664	-9.563264454440807e-06	7.2264164390240794e-06	0.008667917005737795	0.6350537913042407
qwen_magicoder	Qwen3-8B	magicoder	layers.31.self_attn.o_proj	31	o_proj	-0.00018605333371240584	-0.0005944315435700728	0.00021669332121239323	0.9505462891997751	0.6614906700697648	-2.6032566680981292e-05	7.999927486073557e-06	0.01811937035007975	0.277082325534996
qwen_magicoder	Qwen3-8B	magicoder	layers.31.self_attn.q_proj	31	q_proj	-0.00029112606263551554	-0.000655053552911907	5.806307690065355e-05	0.9851083916893193	0.7174274490993319	-1.565724896193803e-05	1.4632716038240045e-05	0.015852987404461946	-0.23496447994390648
qwen_magicoder	Qwen3-8B	magicoder	layers.31.self_attn.v_proj	31	v_proj	-0.00014524406096974357	-0.0005059513156531287	0.00021786181042428876	0.9780080691874862	0.7780168311415477	-2.3064628916537272e-05	7.681590818473665e-06	0.026083872583667355	0.4759565525200871
qwen_magicoder	Qwen3-8B	magicoder	layers.32.mlp.down_proj	32	down_proj	-0.0001735719012432411	-0.0006373575964912039	0.0002808063306280824	0.9955854397621118	0.8642726906290852	-9.253016186289343e-05	1.843493111272433e-05	0.024648701545945863	0.3379076004577909
qwen_magicoder	Qwen3-8B	magicoder	layers.32.mlp.gate_proj	32	gate_proj	-0.0003719586329381974	-0.0008873920582357	0.00012153340656249247	0.9972897267765561	0.8847973308438227	-0.00015226961762044734	2.4699760030236184e-05	0.044734736207411384	-0.6288826719081175
qwen_magicoder	Qwen3-8B	magicoder	layers.32.mlp.up_proj	32	up_proj	-0.000206906653818537	-0.0007477675671460198	0.0003279126539337829	0.9988118618233961	0.9384803413722671	-0.0001454025592381605	3.306733645258543e-05	0.06749956213607704	0.17545865920967105
qwen_magicoder	Qwen3-8B	magicoder	layers.32.self_attn.k_proj	32	k_proj	-0.00019130770300255446	-0.0006358148804942115	0.00027835405141603736	0.9635984092873672	0.6589379419995077	-1.8968170244403006e-05	5.701708506489966e-06	0.007831876444619919	0.2514764139211852
qwen_magicoder	Qwen3-8B	magicoder	layers.32.self_attn.o_proj	32	o_proj	3.5130098217823466e-05	-0.00045836478716037313	0.0005271436616045526	0.9868703888186174	0.8126195172357423	-5.610744756979894e-05	1.6786470128246142e-05	0.03621855134284522	1.3549668623267743
qwen_magicoder	Qwen3-8B	magicoder	layers.32.self_attn.q_proj	32	q_proj	-8.409873383944152e-05	-0.0004666276398252268	0.0003091202102235104	0.9917679541435128	0.7626003065309077	-0.00010048565744701195	1.8627077103848262e-05	0.011557094528487964	0.7739336751086248
qwen_magicoder	Qwen3-8B	magicoder	layers.32.self_attn.v_proj	32	v_proj	-7.03489926994824e-05	-0.0005352740038613804	0.00038531777739036273	0.9799304039141833	0.7755770233197015	-6.26668696788745e-05	1.4540191927237833e-05	0.025408681439404286	0.8409397488923371
qwen_magicoder	Qwen3-8B	magicoder	layers.33.mlp.down_proj	33	down_proj	-0.0006236002826299823	-0.001176937205381081	-7.534394743012609e-05	0.9989901887419483	0.9546403404993267	-0.0002443288965570706	3.4163629136575076e-05	0.03971732157795595	-1.8551980457518034
qwen_magicoder	Qwen3-8B	magicoder	layers.33.mlp.gate_proj	33	gate_proj	-0.0005526286168176619	-0.001075576502280157	-3.616096543484062e-05	0.9982085317338202	0.9318075238577875	-0.00020595096936528289	3.146546872647876e-05	0.05766597004256308	-1.5093346125739286
qwen_magicoder	Qwen3-8B	magicoder	layers.33.mlp.up_proj	33	up_proj	-0.00013201671545622778	-0.0005694085823707894	0.00029977327365367137	0.998810990111632	0.9459010428716191	-0.00019659809023130976	4.314143165235643e-05	0.07043783509797417	0.5404168562028612
qwen_magicoder	Qwen3-8B	magicoder	layers.33.self_attn.k_proj	33	k_proj	-9.547149548765089e-05	-0.00043311089765830116	0.0002533012115564502	0.714311118007887	0.5102190277499139	-3.951769073639203e-06	7.236350441444737e-06	0.006562732987238833	0.7185112421793339
qwen_magicoder	Qwen3-8B	magicoder	layers.33.self_attn.o_proj	33	o_proj	4.4091680987936555e-05	-0.0003500275771881713	0.00044643497247187804	0.9592712503038617	0.7056532605978998	-3.7184306394540824e-05	1.1348165278492004e-05	0.024444776446755488	1.398638991874577
qwen_magicoder	Qwen3-8B	magicoder	layers.33.self_attn.q_proj	33	q_proj	-8.236470281100664e-05	-0.000463719513328349	0.0003182944276782332	0.9588724695663955	0.5890185332191876	2.6972343952905735e-06	8.524653919870198e-06	0.007136739197437273	0.7823840604541992
qwen_magicoder	Qwen3-8B	magicoder	layers.33.self_attn.v_proj	33	v_proj	9.826802816547332e-05	-0.00033393489410642717	0.000525713913509103	0.9884802603118247	0.8589333370338043	-6.552727387419573e-05	1.1547074998377828e-05	0.022279498506023305	1.6626544580101703
qwen_magicoder	Qwen3-8B	magicoder	layers.34.mlp.down_proj	34	down_proj	-0.0005415711002271684	-0.0011381543562060498	4.747151473506514e-05	0.9998752272925115	0.9770954807683834	-0.0005034565980240281	6.212914230346045e-05	0.02899887815334004	-1.4554484510102033
qwen_magicoder	Qwen3-8B	magicoder	layers.34.mlp.gate_proj	34	gate_proj	-0.00029734143468200183	-0.0009303833678609035	0.00032705689062837665	0.9991177731937841	0.9559429624401932	-1.1278185372907308e-05	5.33968827607927e-05	0.07766495191423271	-0.2652536085682816
qwen_magicoder	Qwen3-8B	magicoder	layers.34.mlp.up_proj	34	up_proj	-0.0006404934359378502	-0.0011635050788277486	-0.00013352868254067475	0.9987471084761567	0.9483508423839554	-0.00020729868348205212	6.933374464081869e-05	0.0518035592179982	-1.9375227866661566
qwen_magicoder	Qwen3-8B	magicoder	layers.34.self_attn.k_proj	34	k_proj	9.860086147902441e-05	-0.00029599132535398985	0.0004945525899529456	0.9862003173098072	0.7679403017189302	-1.3906876887097614e-05	9.90244045607406e-06	0.01906501149030961	1.6642764415325124
qwen_magicoder	Qwen3-8B	magicoder	layers.34.self_attn.o_proj	34	o_proj	5.913672388577071e-05	-0.0004339037463068962	0.0005462791618020802	0.9891721801828747	0.806694747816446	-0.00014021736679812165	2.3965394824058486e-05	0.024571941773669573	1.471957408870927
qwen_magicoder	Qwen3-8B	magicoder	layers.34.self_attn.q_proj	34	q_proj	1.4756302364536973e-05	-0.0005038651897281897	0.0005208029610211731	0.9954745269830682	0.8860801542914739	-0.0001186766729571956	2.4260616345675264e-05	0.015639883295778697	1.255680042720244
qwen_magicoder	Qwen3-8B	magicoder	layers.34.self_attn.v_proj	34	v_proj	-0.00011341334854970213	-0.0006397200076550734	0.00041282078037496457	0.9887975564574936	0.8522615154184563	-0.00011578164152211113	2.8247130133457666e-05	0.031007960657100486	0.6310759139171536
qwen_magicoder	Qwen3-8B	magicoder	layers.35.mlp.down_proj	35	down_proj	-0.001402618577245806	-0.002156552880025301	-0.0007079954213294827	0.9833429614545474	0.8212801375470182	-0.0007062951325599755	0.00015809733484127716	0.022129790088725194	-5.65155732237779
qwen_magicoder	Qwen3-8B	magicoder	layers.35.mlp.gate_proj	35	gate_proj	-0.00063919227142803	-0.0013993760540348585	0.00020023039618476444	0.9992157441615054	0.9771899160458537	-0.00032307750978937224	0.00012876104591051473	0.054963270100082236	-1.931181872734593
qwen_magicoder	Qwen3-8B	magicoder	layers.35.mlp.up_proj	35	up_proj	-0.0014805413904737253	-0.0023947212570270553	-0.0005839175040848923	0.999269053853795	0.9675789590303759	-0.0006940701857468233	0.00014466066462194777	0.042409648029378445	-6.03129550940521
qwen_magicoder	Qwen3-8B	magicoder	layers.35.self_attn.k_proj	35	k_proj	2.1633554677494237e-06	-0.0003832799794732547	0.0003800586354537083	0.9739287259660554	0.7185545341773368	-1.6151916028799433e-05	1.1965141662469876e-05	0.018485799176915695	1.1943113289145506
qwen_magicoder	Qwen3-8B	magicoder	layers.35.self_attn.o_proj	35	o_proj	-0.0003921493399338644	-0.0009279228441539357	0.00014382365663520588	0.9998378235834735	0.978356758494694	-0.0003637407873888935	4.665956864519784e-05	0.05500645404805992	-0.7272772517715322
qwen_magicoder	Qwen3-8B	magicoder	layers.35.self_attn.q_proj	35	q_proj	-0.0002765468642359874	-0.0007161308599055791	0.00015195169043345376	0.9982994278288772	0.922159220787731	-3.3972582700212916e-05	2.8763821545087336e-05	0.02207860514542739	-0.1639162446555243
qwen_magicoder	Qwen3-8B	magicoder	layers.35.self_attn.v_proj	35	v_proj	-0.00027897807418322953	-0.0007821006242369041	0.00020487019028819962	0.9985123950322203	0.9220966791437147	-0.00026602029589965857	4.128565628155879e-05	0.04732743660417092	-0.17576416466000844
qwen_magicoder	Qwen3-8B	magicoder	layers.4.mlp.down_proj	4	down_proj	-0.0002785294515187623	-0.0007499072914485071	0.00017914452635851052	0.9905726932018513	0.8587463270933872	-6.56360902415067e-05	1.0602478517695354e-05	0.017046941207647246	-0.1735779094388845
qwen_magicoder	Qwen3-8B	magicoder	layers.4.mlp.gate_proj	4	gate_proj	-0.000564096281762983	-0.0010653817965114703	-0.00010039570329130733	0.998060998628035	0.86624827867378	-9.568559374465704e-05	1.0712196125624122e-05	0.004884108787579952	-1.5652195340158286
qwen_magicoder	Qwen3-8B	magicoder	layers.4.mlp.up_proj	4	up_proj	-8.313821964576596e-05	-0.0006662905582639038	0.0004984643127097458	0.9973524364699344	0.8363703691693062	-8.01122259929652e-05	1.8179659522508614e-05	0.038328283008392694	0.778614511225945
qwen_magicoder	Qwen3-8B	magicoder	layers.4.self_attn.k_proj	4	k_proj	7.321294702467372e-05	-0.0004505320253675101	0.000604252947769204	0.7784208087226411	0.6247116239336883	9.55296526471808e-06	3.597090875192671e-06	0.004063256790350506	1.5405545145648123
qwen_magicoder	Qwen3-8B	magicoder	layers.4.self_attn.o_proj	4	o_proj	-0.0001249556414416579	-0.0006183145781520937	0.0003590569968839156	0.9210223782595357	0.7086580827846112	-2.3238450796050442e-05	7.203051466046757e-06	0.01623659776164356	0.5748273110322626
qwen_magicoder	Qwen3-8B	magicoder	layers.4.self_attn.q_proj	4	q_proj	-0.00019056594274083122	-0.000718508343227574	0.00031954686722305886	0.9942282087813429	0.8534164614555706	-2.852756852273229e-05	5.86355065218188e-06	0.01000796828870755	0.25509120508859195
qwen_magicoder	Qwen3-8B	magicoder	layers.4.self_attn.v_proj	4	v_proj	-0.00032470888290248934	-0.0008588625728839733	0.0002196047485607568	0.9947254035655241	0.922800825640315	-3.0340904705741055e-05	9.917090485509907e-06	0.02842999311323259	-0.39862231973656836
qwen_magicoder	Qwen3-8B	magicoder	layers.5.mlp.down_proj	5	down_proj	-0.00014222608726532733	-0.0005472498900089107	0.0002761023027486488	0.9293697040406003	0.7678769646350686	-6.782372083090005e-05	1.1221278835934354e-05	0.0065157370775756895	0.49066392531038094
qwen_magicoder	Qwen3-8B	magicoder	layers.5.mlp.gate_proj	5	gate_proj	-0.00011852334757320217	-0.000615322577660201	0.0003729163501106323	0.9899191765885352	0.6970540129975442	-1.3019278482321266e-05	6.789013932718169e-06	0.002377819156112422	0.6061735562568871
qwen_magicoder	Qwen3-8B	magicoder	layers.5.mlp.up_proj	5	up_proj	-0.0002716247175560623	-0.000713034884118643	0.0001804831514104468	0.9792038575770288	0.6138419561076852	-6.415918125017743e-05	1.4102627126358047e-05	0.026202845601411184	-0.13992934044750083
qwen_magicoder	Qwen3-8B	magicoder	layers.5.self_attn.k_proj	5	k_proj	-0.0003839296395661401	-0.0008469208097848735	8.215433994277533e-05	0.5878787711344277	0.3526953472484468	-3.3218462022963495e-06	1.8979312226712887e-06	0.001781989365276404	-0.6872205086144474
qwen_magicoder	Qwen3-8B	magicoder	layers.5.self_attn.o_proj	5	o_proj	-0.00017505139112472534	-0.000650099301558049	0.00027675418580164587	0.8443068175928348	0.5334136827168316	-3.0029401098961072e-05	7.716066498454721e-06	0.012789146188977814	0.3306976604922387
qwen_magicoder	Qwen3-8B	magicoder	layers.5.self_attn.q_proj	5	q_proj	-6.155205554649478e-05	-0.0005328479909994564	0.0004081827267760135	0.9296889745223009	0.5370308125004617	-1.0363269641607259e-05	4.33971003486268e-06	0.004005053949933899	0.8838095174169774
qwen_magicoder	Qwen3-8B	magicoder	layers.5.self_attn.v_proj	5	v_proj	-0.0005603524260833615	-0.0010534817780383297	-4.49723457215264e-05	0.9890832672006912	0.8654423451793972	-1.4632573132143292e-05	1.1854219093800902e-05	0.021805789223698326	-1.5469747490885513
qwen_magicoder	Qwen3-8B	magicoder	layers.6.mlp.down_proj	6	down_proj	-0.0005927669708846045	-0.0011337318137043812	-4.562676319333386e-05	0.9977482466164079	0.9692390339806619	-0.00013078052155010594	5.992525516542174e-05	0.005160001571027431	-1.7049392779119645
qwen_magicoder	Qwen3-8B	magicoder	layers.6.mlp.gate_proj	6	gate_proj	-0.00040897494945369784	-0.0009347115719660383	9.972286700713798e-05	0.9890149791008493	0.7772060342352044	-4.87047287568759e-05	8.157890285954713e-06	0.003034718816630707	-0.8092728341949293
qwen_magicoder	Qwen3-8B	magicoder	layers.6.mlp.up_proj	6	up_proj	-0.00043853824255896394	-0.0010036603776646443	0.00012396710207227752	0.9769588689304619	0.8209453521580725	-7.728316513731887e-05	1.6479155890975946e-05	0.022739402828749436	-0.9533424700474971
qwen_magicoder	Qwen3-8B	magicoder	layers.6.self_attn.k_proj	6	k_proj	-0.0001944250992087067	-0.0006731352936781821	0.0002807540696908209	0.663114704190201	0.2550492063716494	3.405914887270072e-07	1.0339079497626739e-06	0.0013795998128707198	0.23628452935577704
qwen_magicoder	Qwen3-8B	magicoder	layers.6.self_attn.o_proj	6	o_proj	-0.000333744116493913	-0.0007840012642936628	0.0001179775406346944	0.7197162470684424	0.5478470668046782	-3.421668613830454e-05	6.485151078800193e-06	0.006457695641132852	-0.4426533689408745
qwen_magicoder	Qwen3-8B	magicoder	layers.6.self_attn.q_proj	6	q_proj	1.3949318987424257e-05	-0.000493141587396137	0.0005106686354904866	0.9469920694661258	0.5703387741510011	8.1671389318717e-06	3.939550381470912e-06	0.004497907504409567	1.2517474023047892
qwen_magicoder	Qwen3-8B	magicoder	layers.6.self_attn.v_proj	6	v_proj	-0.00025389917561265287	-0.000728853675918501	0.00021959891329046137	0.9648156473467656	0.7207160221155564	-1.19093835678465e-05	3.7106723183363463e-06	0.008147100090959513	-0.05354815266901483
qwen_magicoder	Qwen3-8B	magicoder	layers.7.mlp.down_proj	7	down_proj	-0.0005290592547322883	-0.0009395532615360665	-0.00010334964475182306	0.9895134751400875	0.9407457207589371	-0.00018715819271573753	2.3798926726298058e-05	0.007947269068022152	-1.3944749654829816
qwen_magicoder	Qwen3-8B	magicoder	layers.7.mlp.gate_proj	7	gate_proj	-0.00011621281260349711	-0.0005660693970371464	0.00035243557735544715	0.9611034971115404	0.6753293928114907	-7.188108511896969e-05	1.104043673533135e-05	0.0022861090328384214	0.6174333956301514
qwen_magicoder	Qwen3-8B	magicoder	layers.7.mlp.up_proj	7	up_proj	-0.0005325017893900636	-0.000970549893672349	-8.485106537576583e-05	0.996336936511687	0.9194320120097483	-7.131561644552118e-05	2.079431152948033e-05	0.030546637257579938	-1.4112513345021416
qwen_magicoder	Qwen3-8B	magicoder	layers.7.self_attn.k_proj	7	k_proj	-0.00010486508979172003	-0.0005780401654907915	0.0003542535556632964	0.8798623935220381	0.5140964580856775	4.316279063720177e-06	2.513440556656664e-06	0.0029180447226870247	0.672733807780697
qwen_magicoder	Qwen3-8B	magicoder	layers.7.self_attn.o_proj	7	o_proj	-0.00039178597145393245	-0.000819705145769432	2.9412687557642374e-05	0.641760916549624	0.5996931268324676	-6.25037647859369e-05	1.061125477680452e-05	0.009365109874346583	-0.7255064624214521
qwen_magicoder	Qwen3-8B	magicoder	layers.7.self_attn.q_proj	7	q_proj	-0.00024861292760880265	-0.0006775841605467874	0.00018818136609968558	0.9697544641377612	0.6414341295294348	8.410528336802184e-06	4.51389360739395e-06	0.003253740955260231	-0.027786887771045717
qwen_magicoder	Qwen3-8B	magicoder	layers.7.self_attn.v_proj	7	v_proj	-0.00019302915354244045	-0.0006107514754670565	0.00022744342806886442	0.9817018816079587	0.7705650744601973	-8.324841727258535e-06	8.280455762468122e-06	0.017527080848972677	0.24308733657663853
qwen_magicoder	Qwen3-8B	magicoder	layers.8.mlp.down_proj	8	down_proj	-0.000536158558775167	-0.0010687442129996955	1.452790848055755e-05	0.9529774820533703	0.9001032708417964	-0.0001701014749634662	2.442701153530166e-05	0.007464335323203715	-1.4290717252087104
qwen_magicoder	Qwen3-8B	magicoder	layers.8.mlp.gate_proj	8	gate_proj	-0.0002695245088123884	-0.0008618198487846578	0.00028040462830027595	0.9354373424704077	0.763790089845562	-0.00010787886024317137	1.804879872674429e-05	0.006337393692759242	-0.12969447561569442
qwen_magicoder	Qwen3-8B	magicoder	layers.8.mlp.up_proj	8	up_proj	-0.00031300194439340813	-0.0007341516066770084	0.00010968336194265037	0.824313173587056	0.6838618399652249	-0.00013065334536883753	2.3676443170375426e-05	0.011731467697480354	-0.3415713558285152
qwen_magicoder	Qwen3-8B	magicoder	layers.8.self_attn.k_proj	8	k_proj	-0.00028183311223983765	-0.0006443737593830609	6.975378291528632e-05	0.8681223134986543	0.5858535600238503	1.9783021745861432e-06	2.60475493369518e-06	0.003399339936220231	-0.1896775095534934
qwen_magicoder	Qwen3-8B	magicoder	layers.8.self_attn.o_proj	8	o_proj	-0.00035466656821673035	-0.0008442275714678843	0.00013140088527417568	0.9898569012617561	0.8615070661890045	-9.79351527211349e-05	1.8619937687599963e-05	0.03639949908825077	-0.5446139316601978
qwen_magicoder	Qwen3-8B	magicoder	layers.8.self_attn.q_proj	8	q_proj	-0.00021421640622811238	-0.0007097341120243072	0.00026682667800637523	0.9881118672737826	0.7319405582936269	5.358272613389073e-07	8.708349190978958e-06	0.00729579878821616	0.13983632971917306
qwen_magicoder	Qwen3-8B	magicoder	layers.8.self_attn.v_proj	8	v_proj	-0.00030430345261683227	-0.000849487626406013	0.00021525391179029961	0.9920291511414754	0.8759584325221472	-2.078739474030146e-05	8.48369391949044e-06	0.017704506600386933	-0.29918133729250146
qwen_magicoder	Qwen3-8B	magicoder	layers.9.mlp.down_proj	9	down_proj	-0.00034834872015187	-0.0007989146029118631	8.41619080451668e-05	0.9655116317012986	0.9152330873538795	-0.00023681710536342166	3.3137788755627264e-05	0.01103994977167213	-0.5138254106779346
qwen_magicoder	Qwen3-8B	magicoder	layers.9.mlp.gate_proj	9	gate_proj	-0.000294864544125854	-0.0007742186947191348	0.00016262090047363358	0.9565722998696103	0.809305337438717	-0.0002510394019529798	2.993760151063518e-05	0.007621394156075276	-0.2531830750455018
qwen_magicoder	Qwen3-8B	magicoder	layers.9.mlp.up_proj	9	up_proj	-0.0003107941297234082	-0.0008756742705820036	0.00025110745833056836	0.9016621056183082	0.7134746801120554	-0.0002324006461815957	3.472955502490292e-05	0.014610794056604582	-0.33081209925976085
qwen_magicoder	Qwen3-8B	magicoder	layers.9.self_attn.k_proj	9	k_proj	-1.0771707433169005e-05	-0.00037992705331474054	0.0003762334676795317	0.7091704987736568	0.6307798529621184	-8.794256296170214e-06	4.0938021431052145e-06	0.003504847958456093	1.1312753946148828
qwen_magicoder	Qwen3-8B	magicoder	layers.9.self_attn.o_proj	9	o_proj	-0.0002613539089922045	-0.0007968475339842623	0.00027158217596226004	0.9225096001320479	0.6967091998491315	-8.260156926792686e-05	1.3510137989567209e-05	0.024969068384697212	-0.08987701222961211
qwen_magicoder	Qwen3-8B	magicoder	layers.9.self_attn.q_proj	9	q_proj	-5.772746488696239e-05	-0.0005563930012896412	0.0004459109706956832	0.9792496053761508	0.6610544033969963	-1.001805368058659e-05	5.784222386293194e-06	0.00441114732884139	0.9024477449527932
qwen_magicoder	Qwen3-8B	magicoder	layers.9.self_attn.v_proj	9	v_proj	1.5749916678569356e-05	-0.00042066498980170393	0.00042797162762430813	0.8902829467654315	0.6693793089600247	-9.088638490736463e-06	8.042008861639113e-06	0.012423450493607734	1.2605221843548322
qwen_commonsense	Qwen3-8B	commonsense	layers.0.mlp.down_proj	0	down_proj	-0.0036758556962013245	-0.014101495407521725	0.006915319152176377	0.6905129148080249	0.6531936249997015	-0.015572590594840159	0.005321392542730983	0.17343773802211016	-0.19125812921364724
qwen_commonsense	Qwen3-8B	commonsense	layers.0.mlp.gate_proj	0	gate_proj	0.015601009130477905	0.004906556569039822	0.026367096602916713	0.5339389592784654	0.4449011687048151	0.0018338387629145462	0.0024831770469122827	0.14086686493682124	0.026910364854260918
qwen_commonsense	Qwen3-8B	commonsense	layers.0.mlp.up_proj	0	up_proj	0.011171147227287292	-0.0018436999991536137	0.024676211364567272	0.46455843614774334	0.46736788572794535	0.000629205448410879	0.002908333087360978	0.15870331130781545	-0.023225189295100323
qwen_commonsense	Qwen3-8B	commonsense	layers.0.self_attn.k_proj	0	k_proj	0.021363750100135803	0.009535646811127663	0.03304964695125818	0.5802786849078985	0.6831875542321685	0.019148313425737057	0.002909863062767012	0.08138108758623443	0.09213095598034826
qwen_commonsense	Qwen3-8B	commonsense	layers.0.self_attn.o_proj	0	o_proj	0.0006549358367919922	-0.010189499333500862	0.011385328136384484	0.5642835176121022	0.6064349153506471	0.015997423780304224	0.0037747008727371926	0.08597477236083742	-0.14224381721994922
qwen_commonsense	Qwen3-8B	commonsense	layers.0.self_attn.q_proj	0	q_proj	0.020087983459234238	0.008338586520403623	0.03172357575967907	0.57974726006868	0.6259322687717489	0.012415341456954866	0.0030262067945534205	0.10768789693085316	0.07769229651315336
qwen_commonsense	Qwen3-8B	commonsense	layers.0.self_attn.v_proj	0	v_proj	0.006669551134109497	-0.0032643930986523627	0.017075181193649765	0.37930659633787656	0.3657113962190737	-0.0007386977642397347	0.0029393256330976585	0.14024675410935614	-0.07417260472706105
qwen_commonsense	Qwen3-8B	commonsense	layers.1.mlp.down_proj	1	down_proj	0.008024308830499649	-0.003793513774871826	0.019934014882892367	0.8341300223382155	0.8363167149358047	-0.0036436394364625186	0.0026189972858119623	0.10129910860409962	-0.058839953432059784
qwen_commonsense	Qwen3-8B	commonsense	layers.1.mlp.gate_proj	1	gate_proj	0.005968749523162842	-0.004289194568991661	0.016235146112740025	0.7080441460823306	0.9114108003023738	-0.002588153503037032	0.0013949105526892647	0.014375490464873564	-0.0821040206225023
qwen_commonsense	Qwen3-8B	commonsense	layers.1.mlp.up_proj	1	up_proj	-0.01920897513628006	-0.031137628480792046	-0.007479819655418396	0.7814720938980317	0.8571853707859926	-0.021666409950940078	0.0025499858129693917	0.20036315740447325	-0.36705628450956274
qwen_commonsense	Qwen3-8B	commonsense	layers.1.self_attn.k_proj	1	k_proj	0.004454515874385834	-0.007748030871152878	0.017269341088831422	0.5100007602749898	0.6316334106430258	-0.0021964910076044484	0.0012364026809822048	0.1040398968650246	-0.09924156232292534
qwen_commonsense	Qwen3-8B	commonsense	layers.1.self_attn.o_proj	1	o_proj	-0.015142932534217834	-0.026516049541532992	-0.0037785915657877925	0.7839366781616532	0.6744275192451702	-0.007017049894342595	0.0030122116013836927	0.258231241979666	-0.3210383039259074
qwen_commonsense	Qwen3-8B	commonsense	layers.1.self_attn.q_proj	1	q_proj	-0.02009110152721405	-0.03435647785663605	-0.005131115764379516	0.9262974958790876	0.869042957411693	-0.0047315072223079405	0.0019172879512117259	0.2427764709325507	-0.37703986783693416
qwen_commonsense	Qwen3-8B	commonsense	layers.1.self_attn.v_proj	1	v_proj	-0.013422809541225433	-0.024423358775675297	-0.002837974578142167	0.748967671398495	0.8361213492802257	-0.022911785045408632	0.0019962715334029173	0.17975424477955135	-0.30157058205479936
qwen_commonsense	Qwen3-8B	commonsense	layers.10.mlp.down_proj	10	down_proj	0.0482877679169178	0.03399781556800008	0.06340580442920327	0.5630271887441191	0.5187844866189011	0.02199614983173774	0.006725789160065563	0.18030122354376107	0.3968471260712058
qwen_commonsense	Qwen3-8B	commonsense	layers.10.mlp.gate_proj	10	gate_proj	-0.05411546677350998	-0.07457681652158499	-0.03418111298233274	0.9238046593986483	0.9101926943242621	-0.05410037820733108	0.006902193978299175	0.2117808525585392	-0.762115168937108
qwen_commonsense	Qwen3-8B	commonsense	layers.10.mlp.up_proj	10	up_proj	0.014474950730800629	0.0038370128720998766	0.024428598955273623	0.6422102618834079	0.4883139610597603	0.006556263849533228	0.004487711694100521	0.15647356923104194	0.014166048415931096
qwen_commonsense	Qwen3-8B	commonsense	layers.10.self_attn.k_proj	10	k_proj	0.010010693222284317	-0.0025006202980875965	0.023234983440488573	0.7912568193190063	0.8125883135920685	-0.007691943402752379	0.0018133500614229505	0.10990000665210006	-0.03635878259374595
qwen_commonsense	Qwen3-8B	commonsense	layers.10.self_attn.o_proj	10	o_proj	0.025772124528884888	0.012129800207912923	0.040750829316675646	0.6400906758503231	0.5233003269896032	0.016444430697372628	0.00431251921514233	0.25864671782479604	0.1420233227658731
qwen_commonsense	Qwen3-8B	commonsense	layers.10.self_attn.q_proj	10	q_proj	-0.0013223066926002502	-0.012561513110995293	0.010040813684463492	0.6983161873562731	0.6810557659226606	-0.006536721569859076	0.0030688258085436754	0.06633293072850771	-0.1646215238088084
qwen_commonsense	Qwen3-8B	commonsense	layers.10.self_attn.v_proj	10	v_proj	-0.006522633135318756	-0.01893197149038315	0.005892936512827868	0.6618007669255929	0.5829040900484064	-0.015613416333456285	0.003002700639849283	0.1800514671591705	-0.2234769133584203
qwen_commonsense	Qwen3-8B	commonsense	layers.11.mlp.down_proj	11	down_proj	0.035481058061122894	0.022278709895908834	0.0482211260125041	0.8460850533453762	0.7282279759943486	0.03137258120102054	0.00814057418921489	0.2655838506704871	0.25190547563557686
qwen_commonsense	Qwen3-8B	commonsense	layers.11.mlp.gate_proj	11	gate_proj	-0.014140315353870392	-0.026862468756735324	-0.0012434829026460722	0.9102785120750434	0.8218856758875609	-0.019606180728317123	0.0045807456535179696	0.20754411899395295	-0.3096910499855115
qwen_commonsense	Qwen3-8B	commonsense	layers.11.mlp.up_proj	11	up_proj	0.0030699782073497772	-0.009805233497172595	0.015898797288537023	0.634595818792914	0.5277133696202359	5.505984743385561e-05	0.006545212699089262	0.18390532547039842	-0.11491125241586495
qwen_commonsense	Qwen3-8B	commonsense	layers.11.self_attn.k_proj	11	k_proj	0.010927610099315643	-1.4474242925643914e-05	0.02190458960831165	0.5368946990227109	0.6391045348618426	0.0032015168244667364	0.0023071551853355732	0.0896303878313277	-0.025981453290149097
qwen_commonsense	Qwen3-8B	commonsense	layers.11.self_attn.o_proj	11	o_proj	0.011163566261529922	-0.0006487821228802202	0.0227247723378241	0.5128654816495064	0.425436893863615	0.004055187500588678	0.003598234048689971	0.1970690602934503	-0.02331098788827076
qwen_commonsense	Qwen3-8B	commonsense	layers.11.self_attn.q_proj	11	q_proj	-0.007090426981449127	-0.02310587987303734	0.008216611854732034	0.4994500813512456	0.4926030418253036	-0.013200054705092352	0.004033314945861119	0.059150271426852634	-0.2299029960987965
qwen_commonsense	Qwen3-8B	commonsense	layers.11.self_attn.v_proj	11	v_proj	-0.019031338393688202	-0.03176632784307003	-0.006522038392722607	0.8138967500811841	0.7961774406993463	-0.026718217078855636	0.0029555581630047014	0.17663610810903446	-0.3650458569337695
qwen_commonsense	Qwen3-8B	commonsense	layers.12.mlp.down_proj	12	down_proj	-0.0029302313923835754	-0.017095224000513554	0.010166225396096691	0.7810718020763074	0.6264478488312608	-0.01181018324567924	0.006811578023828737	0.16520132637957272	-0.18281942650099384
qwen_commonsense	Qwen3-8B	commonsense	layers.12.mlp.gate_proj	12	gate_proj	-0.03608543053269386	-0.04854373717680573	-0.023987125139683492	0.8512817471683376	0.7862970129144969	-0.03964892348199815	0.004476344407004541	0.1418767273894777	-0.5580578240308675
qwen_commonsense	Qwen3-8B	commonsense	layers.12.mlp.up_proj	12	up_proj	0.018356632441282272	0.005141689255833626	0.03146109310910104	0.30471171296011906	0.5275329673924471	0.011599557591082907	0.00668944851062919	0.17426715575386023	0.05809749996891729
qwen_commonsense	Qwen3-8B	commonsense	layers.12.self_attn.k_proj	12	k_proj	-0.013330481946468353	-0.02545916698873043	-0.0016053419560194057	0.45577303214962483	0.5806578017158599	-0.025776363013516983	0.004330704665926472	0.09636646951649346	-0.3005256521613664
qwen_commonsense	Qwen3-8B	commonsense	layers.12.self_attn.o_proj	12	o_proj	0.007396120578050613	-0.005061376467347145	0.020663881860673427	0.834844077687422	0.649795926014835	-0.0013876991498204894	0.004070929975760836	0.25652343260885546	-0.06594955793778201
qwen_commonsense	Qwen3-8B	commonsense	layers.12.self_attn.q_proj	12	q_proj	0.01927429437637329	0.008250176720321179	0.030022730678319925	0.8203600989580616	0.7521300771632603	0.015902109173446376	0.005114245240917188	0.0896122971951001	0.06848326156668322
qwen_commonsense	Qwen3-8B	commonsense	layers.12.self_attn.v_proj	12	v_proj	-0.03910389542579651	-0.052827229537069795	-0.025180586986243727	0.9582305745048914	0.9072846243300206	-0.04503956859448356	0.005457594759644318	0.2196292623986561	-0.5922197038824936
qwen_commonsense	Qwen3-8B	commonsense	layers.13.mlp.down_proj	13	down_proj	0.005578864365816116	-0.013490782584995031	0.02563185282051562	0.9166395899174958	0.7825700847908792	-0.013433297824488644	0.005390653913227929	0.2916103461107683	-0.08651659799971358
qwen_commonsense	Qwen3-8B	commonsense	layers.13.mlp.gate_proj	13	gate_proj	-0.01931057497859001	-0.030688237491995098	-0.007674269843846561	0.8234321667697047	0.7109705232090474	-0.018205174059188166	0.004800393584980129	0.16093534825281763	-0.36820615430393
qwen_commonsense	Qwen3-8B	commonsense	layers.13.mlp.up_proj	13	up_proj	-0.040938109159469604	-0.05648733265697956	-0.026284830830991278	0.903457221407465	0.7320487009965023	-0.05062995634374026	0.005982011650106438	0.23022431078218308	-0.6129786629597135
qwen_commonsense	Qwen3-8B	commonsense	layers.13.self_attn.k_proj	13	k_proj	0.0010017231106758118	-0.012300179153680802	0.014945903234183782	0.6050072395203904	0.6440289426196735	-0.01182564866236387	0.00265460023338709	0.08206484530756204	-0.13831900589894866
qwen_commonsense	Qwen3-8B	commonsense	layers.13.self_attn.o_proj	13	o_proj	0.012921866029500961	0.0011469892226159575	0.02463434040546417	0.5089060639857906	0.5234098685306674	0.010248184470742546	0.007504649696552537	0.2640591947957849	-0.0034111952639388847
qwen_commonsense	Qwen3-8B	commonsense	layers.13.self_attn.q_proj	13	q_proj	0.0074946582317352295	-0.0050993733108043665	0.01998151782900094	0.6773541955479616	0.533505186349686	-0.003923889321477348	0.0037559044514951095	0.05195740978907097	-0.06483434487244968
qwen_commonsense	Qwen3-8B	commonsense	layers.13.self_attn.v_proj	13	v_proj	0.022863246500492096	0.009587233141064643	0.03674447555094957	0.8853850764242553	0.862232674121848	0.032614195265247205	0.003566798700732312	0.11833660082081125	0.10910170690210681
qwen_commonsense	Qwen3-8B	commonsense	layers.14.mlp.down_proj	14	down_proj	0.055176153779029846	0.03793933112174273	0.0722185356542468	0.7567420660523956	0.7310890537873294	0.07201837115007925	0.011037429696919272	0.16958914584678697	0.47480735371235916
qwen_commonsense	Qwen3-8B	commonsense	layers.14.mlp.gate_proj	14	gate_proj	-0.02654281258583069	-0.04049042984843254	-0.013575347885489466	0.8141156295399867	0.6699447222441688	-0.021323675818224037	0.006256333383591476	0.1609338908146494	-0.4500579700270577
qwen_commonsense	Qwen3-8B	commonsense	layers.14.mlp.up_proj	14	up_proj	0.0012793168425559998	-0.009919947572052478	0.012995569035410878	0.7224256736364474	0.5919554669178358	-0.0035686884133289943	0.006744171763566371	0.15349435758475186	-0.13517730173743103
qwen_commonsense	Qwen3-8B	commonsense	layers.14.self_attn.k_proj	14	k_proj	-0.010880626738071442	-0.022748747281730174	0.000584786757826799	0.3335473687066377	0.5063114332263428	-0.010970179704898029	0.0031726242655658625	0.08983385986045404	-0.2727990884122316
qwen_commonsense	Qwen3-8B	commonsense	layers.14.self_attn.o_proj	14	o_proj	0.013669613748788834	0.0026001622900366783	0.024749182164669026	0.5015671927229636	0.5138747645777518	0.014174675923001975	0.0056314182971041815	0.21776249686231308	0.005051539487096398
qwen_commonsense	Qwen3-8B	commonsense	layers.14.self_attn.q_proj	14	q_proj	0.006346654146909714	-0.004971672128885984	0.01762168277055025	0.6904731895417466	0.6448598973641436	0.002235364058118176	0.0038878925215589675	0.06347235378879192	-0.07782703453552992
qwen_commonsense	Qwen3-8B	commonsense	layers.14.self_attn.v_proj	14	v_proj	-0.007474210113286972	-0.019305810052901506	0.004462594538927073	0.8268129722554206	0.7709260395991198	-0.00633670379477821	0.0029932098600157896	0.14607044279959855	-0.23424651298676297
qwen_commonsense	Qwen3-8B	commonsense	layers.15.mlp.down_proj	15	down_proj	0.11075817048549652	0.08670928291976451	0.1358147658407688	0.33008134736490896	0.4483592888093617	0.12855653635775965	0.01825239777443744	0.1418501697036322	1.1038642564367271
qwen_commonsense	Qwen3-8B	commonsense	layers.15.mlp.gate_proj	15	gate_proj	0.021349310874938965	0.0023540748283267026	0.04259535428136586	0.8661294931160134	0.8329106879410021	0.02179745070586883	0.00625036163440704	0.1706610636506585	0.09196753811935139
qwen_commonsense	Qwen3-8B	commonsense	layers.15.mlp.up_proj	15	up_proj	0.06544419005513191	0.04776486661285162	0.08379187742248177	0.7606704524408697	0.6797166479737143	0.07436398400914286	0.011326476544674762	0.19234238549804525	0.5910172266109567
qwen_commonsense	Qwen3-8B	commonsense	layers.15.self_attn.k_proj	15	k_proj	-0.0014654770493507385	-0.012585191056132317	0.010197746008634562	0.4762218421749977	0.4977328822351574	-0.0014188970204876386	0.0027006041349051327	0.059940696410761204	-0.16624187345633976
qwen_commonsense	Qwen3-8B	commonsense	layers.15.self_attn.o_proj	15	o_proj	0.051992397755384445	0.03535562455654145	0.06995255332440138	0.5279166093393968	0.5355033049157704	0.05365713841573805	0.0075795492685100845	0.21578873604888413	0.43877476939932153
qwen_commonsense	Qwen3-8B	commonsense	layers.15.self_attn.q_proj	15	q_proj	0.006698820739984512	-0.0052694427780807015	0.01892280047759413	0.8635211854430392	0.8104402120552892	0.00044598611373035326	0.004144211891504872	0.07928042587213828	-0.07384134205062856
qwen_commonsense	Qwen3-8B	commonsense	layers.15.self_attn.v_proj	15	v_proj	-0.005703475326299667	-0.017421075515449046	0.005408315174281587	0.7816005440042617	0.8102582131345749	-0.009309728434666752	0.0018672014168127581	0.09969367732643114	-0.21420598537274907
qwen_commonsense	Qwen3-8B	commonsense	layers.16.mlp.down_proj	16	down_proj	0.053421080112457275	0.03890217486768961	0.06897668819874524	0.41520033903681386	0.41016660321377996	0.05602822164616199	0.009562112650426639	0.07269121519708244	0.4549440729217794
qwen_commonsense	Qwen3-8B	commonsense	layers.16.mlp.gate_proj	16	gate_proj	0.018829956650733948	0.005481392703950405	0.03241937477141618	0.7719732832152841	0.8786040487823654	0.010649454551879309	0.009656066913766685	0.1476199361268409	0.06345440997012437
qwen_commonsense	Qwen3-8B	commonsense	layers.16.mlp.up_proj	16	up_proj	0.010092690587043762	-1.0484270751476033e-05	0.020184136554598806	0.7504184917283414	0.6235902657517666	0.004062938796085967	0.004540243079129244	0.1599778289264706	-0.03543076645896731
qwen_commonsense	Qwen3-8B	commonsense	layers.16.self_attn.k_proj	16	k_proj	0.0029967352747917175	-0.007938137464225292	0.014279160276055324	0.501076935036048	0.5247019421895245	0.003260440130382318	0.0026050867112775962	0.06340890766986802	-0.11574018909415684
qwen_commonsense	Qwen3-8B	commonsense	layers.16.self_attn.o_proj	16	o_proj	0.04835102707147598	0.032273313216865065	0.06449891943484543	0.8491966056930292	0.5312767090015952	0.054702024888758416	0.007179430610773077	0.30942967549374717	0.39756307000763197
qwen_commonsense	Qwen3-8B	commonsense	layers.16.self_attn.q_proj	16	q_proj	-0.009323377162218094	-0.022288153413683176	0.004746001027524453	0.8041052029097264	0.7529281163727564	-0.010731882170264443	0.0036513985284725523	0.07495123368441359	-0.25517470820795646
qwen_commonsense	Qwen3-8B	commonsense	layers.16.self_attn.v_proj	16	v_proj	-0.021644406020641327	-0.03292509615421295	-0.01079437248408795	0.6204861905219942	0.6154618735422633	-0.01876124967162936	0.0029663893288278003	0.08441419805738315	-0.39461959904358407
qwen_commonsense	Qwen3-8B	commonsense	layers.17.mlp.down_proj	17	down_proj	-0.03852212801575661	-0.05302608851343393	-0.024112117011100054	0.3418848109746473	0.5435764475198341	-0.027371938245108224	0.0051599720641418035	0.12494936301507023	-0.5856354734649762
qwen_commonsense	Qwen3-8B	commonsense	layers.17.mlp.gate_proj	17	gate_proj	-0.011910200119018555	-0.023733868822455404	-0.00035611856728792654	0.8819969071946531	0.7861642432151897	-0.00999752641413957	0.0049249005232079495	0.21932608024413594	-0.28445142275566493
qwen_commonsense	Qwen3-8B	commonsense	layers.17.mlp.up_proj	17	up_proj	-0.021724585443735123	-0.03468600893393159	-0.008315889071673173	0.8128931808104624	0.6273532977182532	-0.02117908207429365	0.0043909008070508624	0.1858674529284277	-0.3955270403805901
qwen_commonsense	Qwen3-8B	commonsense	layers.17.self_attn.k_proj	17	k_proj	0.005003359168767929	-0.006985707301646471	0.01662509012967348	0.6301635779688579	0.5888428151001532	-0.0017862423612848483	0.0036280916889484364	0.08362372132093802	-0.09302995498473982
qwen_commonsense	Qwen3-8B	commonsense	layers.17.self_attn.o_proj	17	o_proj	0.03534596413373947	0.022595588117837906	0.049257449060678464	0.4833441781105917	0.36095261638380216	0.03781668911106993	0.006331980871276483	0.23562572773773355	0.2503765320568384
qwen_commonsense	Qwen3-8B	commonsense	layers.17.self_attn.q_proj	17	q_proj	-0.0157204307615757	-0.030348862148821355	0.00012548333033918178	0.7752165037330709	0.6995414000564895	-0.02212111453835974	0.006987426823077939	0.07387993145431701	-0.32757421729783587
qwen_commonsense	Qwen3-8B	commonsense	layers.17.self_attn.v_proj	17	v_proj	0.011612653732299805	-0.0011483740061521528	0.02351209986954927	0.8283149008447049	0.6949898194525108	0.0046488393994432	0.0022223613300486555	0.11337725760933252	-0.018228380416384
qwen_commonsense	Qwen3-8B	commonsense	layers.18.mlp.down_proj	18	down_proj	0.032869789749383926	0.02050919085741043	0.04534322172403335	0.6137343616253843	0.630052285059777	0.03129733924053917	0.006461948624899525	0.0972911197313409	0.22235209751618068
qwen_commonsense	Qwen3-8B	commonsense	layers.18.mlp.gate_proj	18	gate_proj	0.019966553896665573	0.004481447860598564	0.035460719838738435	0.8004617994038229	0.7569795207626944	0.016248090365154497	0.004273785035664356	0.12905391390817159	0.0763180012094759
qwen_commonsense	Qwen3-8B	commonsense	layers.18.mlp.up_proj	18	up_proj	-0.006717804819345474	-0.01653823899105191	0.0032916650176048152	0.7485564045200841	0.5662468165912441	-0.006372061918053998	0.005944701590487139	0.13691060414818315	-0.22568579497748292
qwen_commonsense	Qwen3-8B	commonsense	layers.18.self_attn.k_proj	18	k_proj	0.007616281509399414	-0.002605674043297768	0.01765611246228218	0.4526943207083409	0.4743848261173735	0.004028022963352348	0.0024140127576237694	0.052985887946353595	-0.06345785717228827
qwen_commonsense	Qwen3-8B	commonsense	layers.18.self_attn.o_proj	18	o_proj	0.029655441641807556	0.016104185581207277	0.04384719263762235	0.5862983678828666	0.39960541164045965	0.02055506404793441	0.0061756271152999176	0.19363794712798454	0.18597328320456044
qwen_commonsense	Qwen3-8B	commonsense	layers.18.self_attn.q_proj	18	q_proj	0.008577827364206314	-0.0017566206865012644	0.019017321057617657	0.2012761819553252	0.33478944139165917	0.007478213465435885	0.003488518769477999	0.04706306987259524	-0.05257543344796324
qwen_commonsense	Qwen3-8B	commonsense	layers.18.self_attn.v_proj	18	v_proj	0.014206327497959137	0.006208786927163601	0.022542366571724412	0.5838256338844208	0.439895411274862	0.006529811133969968	0.0021022511687176404	0.07920266202438059	0.011125869076209232
qwen_commonsense	Qwen3-8B	commonsense	layers.19.mlp.down_proj	19	down_proj	-0.0035624317824840546	-0.014572219271212817	0.006933314446359869	0.5387805840418033	0.5086105147827163	-0.008408014411376527	0.0051024034074800585	0.10021325981489135	-0.1899744389108166
qwen_commonsense	Qwen3-8B	commonsense	layers.19.mlp.gate_proj	19	gate_proj	0.0022322237491607666	-0.010450480505824089	0.015591943077743047	0.7761357041557255	0.7735341052078835	0.000469283066717232	0.004953436520001757	0.11318322913579504	-0.12439265046399653
qwen_commonsense	Qwen3-8B	commonsense	layers.19.mlp.up_proj	19	up_proj	-0.0069109052419662476	-0.020805124752223493	0.006306506879627682	0.39995598451429615	0.4407023535054956	-0.016021062413172662	0.004767059800251423	0.12085001478588867	-0.2278712348187555
qwen_commonsense	Qwen3-8B	commonsense	layers.19.self_attn.k_proj	19	k_proj	-0.039346206933259964	-0.05517637999728322	-0.024179397057741886	0.5354988822354432	0.4007246238680376	-0.044317792599027434	0.006849011666370504	0.0947174986468187	-0.5949620967536342
qwen_commonsense	Qwen3-8B	commonsense	layers.19.self_attn.o_proj	19	o_proj	0.0260782428085804	0.012583469040691853	0.039859929773956526	0.4330837549312727	0.37715419390574656	0.02015223504285487	0.005748222367679447	0.14409196401014965	0.14548785730965416
qwen_commonsense	Qwen3-8B	commonsense	layers.19.self_attn.q_proj	19	q_proj	0.0064421892166137695	-0.018011953122913836	0.032481704652309415	0.6136563172455255	0.6675445433316045	0.024456984470004686	0.016960564180070328	0.07258368489223044	-0.076745803615699
qwen_commonsense	Qwen3-8B	commonsense	layers.19.self_attn.v_proj	19	v_proj	0.01481674611568451	0.00637709703296423	0.023214752040803432	0.6118906702749359	0.613783809575624	0.0057501190640486715	0.0035688994806624677	0.10319625386843126	0.018034363365998788
qwen_commonsense	Qwen3-8B	commonsense	layers.2.mlp.down_proj	2	down_proj	0.017039917409420013	0.008532900922000408	0.02547805644571781	0.6786960008405114	0.5467400365463364	0.01091459072178458	0.0031008979019694106	0.16581039171145054	0.043195401614189485
qwen_commonsense	Qwen3-8B	commonsense	layers.2.mlp.gate_proj	2	gate_proj	-0.010123271495103836	-0.021290912572294474	0.0012243791483342382	0.9618055510544361	0.9669008879939283	-0.006580532057340374	0.0015533391378842543	0.015035927364940431	-0.26422761922788596
qwen_commonsense	Qwen3-8B	commonsense	layers.2.mlp.up_proj	2	up_proj	-0.0059611499309539795	-0.018746843747794627	0.006203386560082431	0.7521910895430963	0.8425083865338875	-0.01154544756792738	0.002317526253184213	0.013438421652757472	-0.21712225214965622
qwen_commonsense	Qwen3-8B	commonsense	layers.2.self_attn.k_proj	2	k_proj	0.007209412753582001	-0.004057320021092892	0.018799595721065997	0.5052303535493471	0.4811885951141006	0.013377176147689386	0.0019765036638014514	0.0989335932745092	-0.06806264869508384
qwen_commonsense	Qwen3-8B	commonsense	layers.2.self_attn.o_proj	2	o_proj	0.008682064712047577	-0.004036382958292961	0.0211467871442437	0.8713073825488354	0.6859250730739527	0.003821607792807713	0.002257045118104965	0.3753192108596941	-0.051395713332237414
qwen_commonsense	Qwen3-8B	commonsense	layers.2.self_attn.q_proj	2	q_proj	-0.012210961431264877	-0.025603190530091524	0.0019881458953022574	0.5068270806665177	0.47993715002315396	-0.008036377554064856	0.002578652816122686	0.1198526393070076	-0.2878553291043703
qwen_commonsense	Qwen3-8B	commonsense	layers.2.self_attn.v_proj	2	v_proj	-0.011144973337650299	-0.024486478604376315	0.002425466850399949	0.9399784870456043	0.9541495613711657	-0.016279064608426083	0.0019236345192280846	0.26032323949012665	-0.27579086638342293
qwen_commonsense	Qwen3-8B	commonsense	layers.20.mlp.down_proj	20	down_proj	0.022233236581087112	0.007152415625751018	0.03822436248883605	0.4979922997472878	0.5207928533389994	0.00896588833651667	0.005474013733543625	0.09066525085177583	0.10197148543714117
qwen_commonsense	Qwen3-8B	commonsense	layers.20.mlp.gate_proj	20	gate_proj	0.013352647423744202	0.0016220126301050189	0.025138966180384154	0.7987194974086236	0.7314509148146299	0.01159186928705875	0.0029001401134452114	0.10886841008840747	0.00146423074021346
qwen_commonsense	Qwen3-8B	commonsense	layers.20.mlp.up_proj	20	up_proj	0.04223272204399109	0.03027892280369997	0.05493304841220378	0.6907712161793185	0.6515114896256133	0.03878274082064921	0.005423759722708534	0.10590015639054284	0.32831833513523223
qwen_commonsense	Qwen3-8B	commonsense	layers.20.self_attn.k_proj	20	k_proj	-0.025107894092798233	-0.036567877233028415	-0.013707440160214905	0.4479202009316711	0.7006435602524805	-0.01843771978994671	0.0042484997265044	0.11613204211382433	-0.4338180882024046
qwen_commonsense	Qwen3-8B	commonsense	layers.20.self_attn.o_proj	20	o_proj	0.021264899522066116	0.010844492632895709	0.03148684818297624	0.7504105110284437	0.6437017883253877	0.020467663847741693	0.00689486653414302	0.22395834639759765	0.09101220135146493
qwen_commonsense	Qwen3-8B	commonsense	layers.20.self_attn.q_proj	20	q_proj	0.011792086064815521	0.0010659869760274888	0.02281757686287164	0.46738074829298504	0.5528258347410595	0.009429445303173458	0.003703802164628343	0.05297610745473039	-0.016197631011643288
qwen_commonsense	Qwen3-8B	commonsense	layers.20.self_attn.v_proj	20	v_proj	-0.001560308039188385	-0.012869926914572715	0.009440301544964304	0.48956439762046683	0.455779229354529	-0.005440533337322434	0.0016909613990113098	0.08589028977089197	-0.16731513585818086
qwen_commonsense	Qwen3-8B	commonsense	layers.21.mlp.down_proj	21	down_proj	-0.05150837451219559	-0.06599755343049765	-0.03707896266132594	0.48764957326067665	0.5839587170828688	-0.04634583874707277	0.008206956064212484	0.09512711123754385	-0.7326090538265295
qwen_commonsense	Qwen3-8B	commonsense	layers.21.mlp.gate_proj	21	gate_proj	0.0050351582467556	-0.006688683945685625	0.016611053422093385	0.8535132835546052	0.7531156896575664	0.0025554804066179096	0.005006542411747682	0.1402491000388399	-0.09267006466960327
qwen_commonsense	Qwen3-8B	commonsense	layers.21.mlp.up_proj	21	up_proj	0.02972455322742462	0.016973301768302917	0.04287338387221096	0.7274977385766592	0.6508896983531665	0.03796951813197763	0.007337853865310074	0.11988504333058127	0.18675546281168476
qwen_commonsense	Qwen3-8B	commonsense	layers.21.self_attn.k_proj	21	k_proj	-0.008768074214458466	-0.02107596043497324	0.003862106241285793	0.716763780473945	0.5127009405888303	-0.02608777567893779	0.0053239282524704815	0.11594027898415882	-0.24888999287932495
qwen_commonsense	Qwen3-8B	commonsense	layers.21.self_attn.o_proj	21	o_proj	-0.005827661603689194	-0.017968050856143235	0.005824616923928259	0.4782638199775253	0.3780179047653456	-0.003918623583652893	0.004344194666178197	0.1440673984501672	-0.21561148016485213
qwen_commonsense	Qwen3-8B	commonsense	layers.21.self_attn.q_proj	21	q_proj	-0.013214647769927979	-0.026107132993638517	-0.0006016835570335405	0.602975232670741	0.45797387796460864	-0.00948285069211404	0.0042081331710105635	0.05263104888303507	-0.29921468338689877
qwen_commonsense	Qwen3-8B	commonsense	layers.21.self_attn.v_proj	21	v_proj	-0.00781099870800972	-0.019032579381018877	0.0025274301879107857	0.6925911619198871	0.7595241903208619	0.001086013611219921	0.0019466294032713955	0.12235737153279796	-0.23805816292001442
qwen_commonsense	Qwen3-8B	commonsense	layers.22.mlp.down_proj	22	down_proj	0.0002534538507461548	-0.01116130817681551	0.010640142112970345	0.6536831121676846	0.6382439394778398	-0.002837600755568846	0.003035073168443584	0.07585449861294397	-0.14678764325590232
qwen_commonsense	Qwen3-8B	commonsense	layers.22.mlp.gate_proj	22	gate_proj	-0.01453198492527008	-0.02392591703683138	-0.004878460615873342	0.8334631240139261	0.7179390712251453	-0.010554262492319104	0.002944308074291653	0.08767110666329196	-0.31412382270725775
qwen_commonsense	Qwen3-8B	commonsense	layers.22.mlp.up_proj	22	up_proj	0.007946200668811798	-0.003548253886401653	0.02002345416694878	0.8395779743156345	0.7395636124234543	0.012697344918150904	0.0032195542590805052	0.10795825696411665	-0.059723952991275794
qwen_commonsense	Qwen3-8B	commonsense	layers.22.self_attn.k_proj	22	k_proj	0.025054417550563812	0.009592798352241517	0.04142342898994682	0.5933464298615247	0.7491388468871056	0.011502167713521246	0.010479993462454271	0.09340237205806225	0.1339005781157353
qwen_commonsense	Qwen3-8B	commonsense	layers.22.self_attn.o_proj	22	o_proj	0.009077418595552444	-0.007019882369786501	0.025382705498486757	0.7820356232866961	0.6907065687885704	-0.0068538059749279606	0.004056104451700915	0.19101621620592757	-0.04692124291582506
qwen_commonsense	Qwen3-8B	commonsense	layers.22.self_attn.q_proj	22	q_proj	0.09032473340630531	0.05996896233409643	0.12206395557150243	0.5318771475584657	0.6008764452123683	0.12460143893301101	0.024234636478234345	0.07667425934745566	0.8726061013227943
qwen_commonsense	Qwen3-8B	commonsense	layers.22.self_attn.v_proj	22	v_proj	-0.010527040809392929	-0.023195950966328382	0.0017971121706068292	0.5894925821048774	0.7783692250387386	-0.011309192259760261	0.00426467214577718	0.1671598476260616	-0.26879733240693815
qwen_commonsense	Qwen3-8B	commonsense	layers.23.mlp.down_proj	23	down_proj	0.028758209198713303	0.019065729808062315	0.038020110689103596	0.5973974363482023	0.6230634292497091	0.020580476335550144	0.00362368243327035	0.05817040263117163	0.1758187351129108
qwen_commonsense	Qwen3-8B	commonsense	layers.23.mlp.gate_proj	23	gate_proj	0.02232484519481659	0.014777486585080624	0.030051447078585626	0.779785684225416	0.6980956244687297	0.013310176770310416	0.0023981214777760804	0.05525254647029871	0.103008278166701
qwen_commonsense	Qwen3-8B	commonsense	layers.23.mlp.up_proj	23	up_proj	0.015033885836601257	0.004567252285778523	0.025588720105588436	0.5071873000312856	0.5820852025931407	0.004663529012407419	0.0025371156534039286	0.05389416185701425	0.020491871178636885
qwen_commonsense	Qwen3-8B	commonsense	layers.23.self_attn.k_proj	23	k_proj	-0.027853645384311676	-0.04881461095064878	-0.008026982285082347	0.7076406404745345	0.6741118055276105	-0.05992170479566678	0.006519976328917178	0.11934560651957292	-0.46489349541932057
qwen_commonsense	Qwen3-8B	commonsense	layers.23.self_attn.o_proj	23	o_proj	-0.008357368409633636	-0.018717455305159093	0.0017786892130970853	0.6236824887506603	0.5010703886057118	-0.0009971128605059695	0.002524501734707101	0.12876866093952247	-0.24424177504155858
qwen_commonsense	Qwen3-8B	commonsense	layers.23.self_attn.q_proj	23	q_proj	0.02771017700433731	0.012716920487582684	0.04268271476030348	0.8915485731778263	0.898099176209697	0.03145505240896285	0.0044782919026021325	0.10469960024531172	0.1639574906814384
qwen_commonsense	Qwen3-8B	commonsense	layers.23.self_attn.v_proj	23	v_proj	-0.00018800050020217896	-0.010264105722308159	0.009637096337974067	0.6750300628335731	0.5694992721141934	-0.007810101058623812	0.0018082878988715002	0.08616906759408732	-0.1517838618740268
qwen_commonsense	Qwen3-8B	commonsense	layers.24.mlp.down_proj	24	down_proj	0.00470300018787384	-0.003706790506839752	0.013166669569909563	0.49779873443200673	0.5599032124573587	0.005802745956552764	0.001962758257060093	0.03659827515906202	-0.09642930789459385
qwen_commonsense	Qwen3-8B	commonsense	layers.24.mlp.gate_proj	24	gate_proj	0.068893663585186	0.047243681736290455	0.09142902363091707	0.9361707230155258	0.8233612718588008	0.08229638459372657	0.007762060676167889	0.09749326335090437	0.6300571043164568
qwen_commonsense	Qwen3-8B	commonsense	layers.24.mlp.up_proj	24	up_proj	0.05913855507969856	0.036474063899368046	0.08399464627727866	0.9493748384196717	0.8674383524413846	0.06396269337641358	0.006525758940274045	0.1066866852103851	0.519652360015624
qwen_commonsense	Qwen3-8B	commonsense	layers.24.self_attn.k_proj	24	k_proj	0.002427194267511368	-0.012512532062828539	0.01803706819191575	0.4917267998968371	0.6306715955756714	0.0002741333598500174	0.004747675381630736	0.10656871324481558	-0.12218604556435955
qwen_commonsense	Qwen3-8B	commonsense	layers.24.self_attn.o_proj	24	o_proj	0.005218237638473511	-0.004520714096724987	0.014380402490496621	0.6242714036393769	0.6321656346150565	0.004662449581493367	0.001558198815388062	0.07518838966647463	-0.09059803918490489
qwen_commonsense	Qwen3-8B	commonsense	layers.24.self_attn.q_proj	24	q_proj	-0.028985656797885895	-0.039154204167425634	-0.019029924087226393	0.19449959429879216	0.48723601140846506	-0.02271837233126972	0.004473583329597006	0.03286818479909484	-0.4777051858880614
qwen_commonsense	Qwen3-8B	commonsense	layers.24.self_attn.v_proj	24	v_proj	-0.22465349733829498	-0.28228713274002076	-0.16497639659792193	0.9952112709133002	0.959280729850926	-0.22589628185194716	0.01760226680429413	0.3470450729727638	-2.6922021226067114
qwen_commonsense	Qwen3-8B	commonsense	layers.25.mlp.down_proj	25	down_proj	0.029855825006961823	0.019566027261316777	0.03977111615240573	0.5283053292758428	0.6408455376966328	0.020309051357775103	0.002866646649735324	0.02882401452457391	0.18824114872133582
qwen_commonsense	Qwen3-8B	commonsense	layers.25.mlp.gate_proj	25	gate_proj	-0.007729768753051758	-0.015945683419704437	0.0007157336920499776	0.3470388935650888	0.2845514534625601	-0.005771067476684708	0.0012381085806820167	0.022721883850158355	-0.23713883204822994
qwen_commonsense	Qwen3-8B	commonsense	layers.25.mlp.up_proj	25	up_proj	0.002221662551164627	-0.0058258575387299056	0.009987669903784987	0.2615465045851231	0.31726289043180955	-0.0003957639720795433	0.0008623543330081094	0.02442741458700923	-0.12451217823384331
qwen_commonsense	Qwen3-8B	commonsense	layers.25.self_attn.k_proj	25	k_proj	0.10348942130804062	0.08326545543968678	0.12345548421144484	0.8377829777686508	0.9193258520975701	0.0826925059578318	0.0086314896843451	0.11111097801416854	1.0215992161378435
qwen_commonsense	Qwen3-8B	commonsense	layers.25.self_attn.o_proj	25	o_proj	-0.0031050145626068115	-0.010860184580087662	0.004613222181797027	0.45365626791177327	0.29748048503076396	9.527489392033783e-05	0.0009966053473991093	0.04435286344375592	-0.18479755839011947
qwen_commonsense	Qwen3-8B	commonsense	layers.25.self_attn.q_proj	25	q_proj	0.003979597240686417	-0.00690882345661521	0.014748698752373439	0.7687968169702505	0.7762359516959331	0.004245114564066232	0.005328702626677168	0.062042608768656325	-0.10461651743365429
qwen_commonsense	Qwen3-8B	commonsense	layers.25.self_attn.v_proj	25	v_proj	-0.013057917356491089	-0.021774562261998653	-0.004608274064958099	0.7325458586360455	0.626916187766726	-0.00858956575244131	0.0011550135917883673	0.05023724758531659	-0.2974408659854901
qwen_commonsense	Qwen3-8B	commonsense	layers.26.mlp.down_proj	26	down_proj	0.003294084221124649	-0.004791799839586019	0.011473506037145847	0.7613200456722201	0.5745529167132158	0.007802012700247485	0.001747746376923983	0.03000639322672698	-0.1123749026527459
qwen_commonsense	Qwen3-8B	commonsense	layers.26.mlp.gate_proj	26	gate_proj	-0.003916509449481964	-0.009847870282828807	0.00176783464848995	0.30453703280296346	0.30824511503225316	-0.0014466024688867642	0.00045392935201869387	0.016314374867267445	-0.19398176023026165
qwen_commonsense	Qwen3-8B	commonsense	layers.26.mlp.up_proj	26	up_proj	-0.009260591119527817	-0.017247002851217986	-0.0015380021184682893	0.3911164412927154	0.36470877056662415	-0.0021578183204783645	0.0009147754288107674	0.02225525507546751	-0.25446411877832764
qwen_commonsense	Qwen3-8B	commonsense	layers.26.self_attn.k_proj	26	k_proj	0.0008447952568531036	-0.007448132243007421	0.009024771861732004	0.8120215703937208	0.8393149861216852	0.007633980987127441	0.0012442441071775282	0.08429792937168808	-0.14009505785831217
qwen_commonsense	Qwen3-8B	commonsense	layers.26.self_attn.o_proj	26	o_proj	-0.00962478294968605	-0.016934234462678433	-0.0027008589357137686	0.4508930405842016	0.44679144072735505	-0.005472512795619988	0.000920837712464675	0.048160227472175396	-0.25858590849111807
qwen_commonsense	Qwen3-8B	commonsense	layers.26.self_attn.q_proj	26	q_proj	0.0036414004862308502	-0.006120040640234947	0.01339258644729851	0.7519096395262876	0.7503174505362256	0.0017750080446499066	0.0009461631424739404	0.051258930368576885	-0.1084441044028853
qwen_commonsense	Qwen3-8B	commonsense	layers.26.self_attn.v_proj	26	v_proj	-0.0010944455862045288	-0.009633977524936199	0.007017657533288	0.9117746450895523	0.8336089592577983	-0.006170264996602333	0.0006704198557986126	0.07608863409677118	-0.16204267528307717
qwen_commonsense	Qwen3-8B	commonsense	layers.27.mlp.down_proj	27	down_proj	0.005156125873327255	-0.003578413836658001	0.013999954331666231	0.5717534453821783	0.7051324119005128	0.005905966989025407	0.0015205257914662734	0.03129880237346943	-0.09130099738831064
qwen_commonsense	Qwen3-8B	commonsense	layers.27.mlp.gate_proj	27	gate_proj	0.005350776016712189	-0.003319929540157318	0.013362860865890978	0.5659143426108645	0.4948093271309275	0.0035489752174339565	0.0008381710104540073	0.023416456980511136	-0.08909801837516637
qwen_commonsense	Qwen3-8B	commonsense	layers.27.mlp.up_proj	27	up_proj	0.0064348019659519196	-0.0008309234865009784	0.014227004628628487	0.38753962523681096	0.37581265324421514	0.003713622576711626	0.0011642125684329986	0.024949106414174454	-0.07682940981238548
qwen_commonsense	Qwen3-8B	commonsense	layers.27.self_attn.k_proj	27	k_proj	0.03457755967974663	0.02450503297150135	0.04506659135222435	0.32807165806623123	0.5067797344288288	0.030730686615201237	0.002938456004578806	0.06568207240426828	0.24168001194996522
qwen_commonsense	Qwen3-8B	commonsense	layers.27.self_attn.o_proj	27	o_proj	0.0012050196528434753	-0.004444200545549392	0.0070421619340777335	0.7166692110005053	0.4740586282692986	0.0033647665639605015	0.0009146985229060778	0.0549245826644824	-0.13601817011197218
qwen_commonsense	Qwen3-8B	commonsense	layers.27.self_attn.q_proj	27	q_proj	-0.003327392041683197	-0.010908125340938568	0.004177050665020941	0.5734691838387735	0.46381832100941084	-0.002292853702318118	0.0015347413876716347	0.04365606724307448	-0.18731434523076623
qwen_commonsense	Qwen3-8B	commonsense	layers.27.self_attn.v_proj	27	v_proj	0.008217908442020416	-0.00087888203561306	0.017596022970974443	0.9955291330415986	0.9806405760205299	0.009149082151893778	0.00126061750478306	0.23623359340845396	-0.056648863953693916
qwen_commonsense	Qwen3-8B	commonsense	layers.28.mlp.down_proj	28	down_proj	-0.001987159252166748	-0.008457956835627556	0.0044953456148505155	0.47323297269629344	0.6079548887227794	0.0019401160202112567	0.0009194458170739925	0.02046025823802655	-0.1721460815105913
qwen_commonsense	Qwen3-8B	commonsense	layers.28.mlp.gate_proj	28	gate_proj	0.009286463260650635	0.002377627417445183	0.016424381919205183	0.7436794978297011	0.5803473689244392	0.010838468333098827	0.00124307471150502	0.02882297807085378	-0.044555351979334065
qwen_commonsense	Qwen3-8B	commonsense	layers.28.mlp.up_proj	28	up_proj	-0.0071975961327552795	-0.014765235409140588	0.00025622826069593413	0.38594916923189804	0.2603721418294695	-0.001639507568510474	0.0006732822790282704	0.0254013782056304	-0.23111589729207768
qwen_commonsense	Qwen3-8B	commonsense	layers.28.self_attn.k_proj	28	k_proj	0.08065405115485191	0.06465420620515942	0.09665897153317927	0.7520463684992438	0.9006847328608413	0.04893403212031609	0.004591870550400675	0.1181545735782991	0.7631568624357313
qwen_commonsense	Qwen3-8B	commonsense	layers.28.self_attn.o_proj	28	o_proj	-0.011637602001428604	-0.01886198138818145	-0.004702485539019114	0.33051839427048674	0.4021278375770138	-0.004913247248530196	0.0009715638366893844	0.046019383937468655	-0.281366257126551
qwen_commonsense	Qwen3-8B	commonsense	layers.28.self_attn.q_proj	28	q_proj	0.023366954177618027	0.014348708558827639	0.03255885727703571	0.6918018327421072	0.6260186231657655	0.011341227316793417	0.0017534639013359696	0.044201821745154614	0.11480248585952918
qwen_commonsense	Qwen3-8B	commonsense	layers.28.self_attn.v_proj	28	v_proj	0.00892297551035881	0.0005918421782553197	0.016647442430257797	0.9392836486085044	0.8494184010568331	0.00017608578449878527	0.000582515470920148	0.12530624208842978	-0.04866917317413467
qwen_commonsense	Qwen3-8B	commonsense	layers.29.mlp.down_proj	29	down_proj	0.002794187515974045	-0.004437384568154811	0.009751059487462044	0.6241732759899652	0.5346912343121017	0.002097650176060885	0.0007924704517386283	0.020879186410043583	-0.1180325504254934
qwen_commonsense	Qwen3-8B	commonsense	layers.29.mlp.gate_proj	29	gate_proj	-0.004711966961622238	-0.012137147597968578	0.0026886192150413985	0.6253941116912227	0.35485864328251543	-0.0029990823893443637	0.0007863055272513959	0.022870282259096788	-0.2029844569384143
qwen_commonsense	Qwen3-8B	commonsense	layers.29.mlp.up_proj	29	up_proj	-0.003276742994785309	-0.010783613659441471	0.004069219529628748	0.42023902241695166	0.3378403902143726	-0.0003863947789935438	0.000788583878632403	0.020631911419793144	-0.18674111787315184
qwen_commonsense	Qwen3-8B	commonsense	layers.29.self_attn.k_proj	29	k_proj	0.020925547927618027	0.013384503684937954	0.028123209439218044	0.5701285026771872	0.6198250045330892	0.01894678193407321	0.0018664053879417946	0.06279848330250497	0.08717154432627183
qwen_commonsense	Qwen3-8B	commonsense	layers.29.self_attn.o_proj	29	o_proj	-0.005390811711549759	-0.012239602021872997	0.0013286865316331359	0.544671140791929	0.4760827708828411	-0.003051780327749188	0.0007158629660027277	0.052127199145483145	-0.2106673731246926
qwen_commonsense	Qwen3-8B	commonsense	layers.29.self_attn.q_proj	29	q_proj	0.0028975047171115875	-0.005911662895232439	0.012022126838564871	0.181066742071404	0.35377554834260316	0.0037425038352666105	0.0025456238109323845	0.03330609379949585	-0.1168632441930664
qwen_commonsense	Qwen3-8B	commonsense	layers.29.self_attn.v_proj	29	v_proj	-0.00228288397192955	-0.009159523993730545	0.004723699390888209	0.8403608793339601	0.7263214311272365	-0.0015365768589045263	0.0002878168336147818	0.037584685267123545	-0.1754929855507136
qwen_commonsense	Qwen3-8B	commonsense	layers.3.mlp.down_proj	3	down_proj	-0.005375724285840988	-0.018347135931253433	0.007189957611262797	0.5767877396204937	0.5164647793889754	-0.003942305924106032	0.0039915595342915715	0.1836029850203367	-0.21049661916776863
qwen_commonsense	Qwen3-8B	commonsense	layers.3.mlp.gate_proj	3	gate_proj	0.008625909686088562	-0.00429099928587675	0.021797740459442137	0.9957104937706511	0.9895771346906266	-0.01193615475132779	0.0031469925581246215	0.03244412829856651	-0.052031255343761344
qwen_commonsense	Qwen3-8B	commonsense	layers.3.mlp.up_proj	3	up_proj	0.03279368206858635	0.020761886890977622	0.045240171439945694	0.8569093660761471	0.8182908672347776	0.010491699259752064	0.0021394758290558106	0.18139289204352002	0.22149073866680866
qwen_commonsense	Qwen3-8B	commonsense	layers.3.self_attn.k_proj	3	k_proj	0.008080601692199707	-0.0030335621908307076	0.019198505394160747	0.6119101530048836	0.601513234831731	-0.006849450629025662	0.0017155331623633608	0.10400926493957988	-0.058202851446114576
qwen_commonsense	Qwen3-8B	commonsense	layers.3.self_attn.o_proj	3	o_proj	0.0006742887198925018	-0.011636262480169534	0.013410933408886192	0.805676317981279	0.7344334055928814	-0.011258073151276209	0.0021817654822658223	0.20766473100717914	-0.14202478837890725
qwen_commonsense	Qwen3-8B	commonsense	layers.3.self_attn.q_proj	3	q_proj	0.020998984575271606	0.010489555075764656	0.03129913080483674	0.6987954873037473	0.6581890191920933	0.01421764587799192	0.0027667608030416194	0.08802317063949439	0.08800267340104768
qwen_commonsense	Qwen3-8B	commonsense	layers.3.self_attn.v_proj	3	v_proj	-0.0036090686917304993	-0.01543879061937332	0.0081214217469096	0.8479114885601974	0.8608107280800301	-0.007006522131368625	0.0020396249473132086	0.19280121772825817	-0.19050225836433046
qwen_commonsense	Qwen3-8B	commonsense	layers.30.mlp.down_proj	30	down_proj	0.021185796707868576	0.011518281046301126	0.031327445339411494	0.4363872244499948	0.43477002286142885	0.01256849729023133	0.001957472470495881	0.02132978834267689	0.09011694467953318
qwen_commonsense	Qwen3-8B	commonsense	layers.30.mlp.gate_proj	30	gate_proj	-0.004941664636135101	-0.010803366266191005	0.0007368633523583408	0.547791790342143	0.30285685766933496	0.0011626786364650047	0.000627354394900676	0.022945490142195827	-0.2055840910692723
qwen_commonsense	Qwen3-8B	commonsense	layers.30.mlp.up_proj	30	up_proj	0.006125461310148239	-0.0016366276890039445	0.013898607064038514	0.4485767951477071	0.401521388950165	0.004430442511989246	0.001111809244036462	0.023250052380870766	-0.08033041402844783
qwen_commonsense	Qwen3-8B	commonsense	layers.30.self_attn.k_proj	30	k_proj	0.0035081319510936737	-0.0038491278886795045	0.010988104622811076	0.6202989945450322	0.5331425816011549	0.0006951601288659916	0.0003091600274956051	0.023961004273167847	-0.10995238886090951
qwen_commonsense	Qwen3-8B	commonsense	layers.30.self_attn.o_proj	30	o_proj	-0.0038747787475585938	-0.010847775079309941	0.0030646663159131942	0.14507350078513961	0.401097405968827	-0.0036339032159351794	0.0009836344485932003	0.05137076140743568	-0.19350946743385122
qwen_commonsense	Qwen3-8B	commonsense	layers.30.self_attn.q_proj	30	q_proj	0.07873041555285454	0.0676098951138556	0.0897202268242836	0.7726630907169704	0.867997020681801	0.07029044021047978	0.007618668247171721	0.05859335009131824	0.7413858594123379
qwen_commonsense	Qwen3-8B	commonsense	layers.30.self_attn.v_proj	30	v_proj	0.001026161015033722	-0.007346785813570023	0.009394597634673112	0.9738207237668374	0.9717093020129662	0.001517465782945703	0.0006171410118004019	0.0705738790450833	-0.1380424266502027
qwen_commonsense	Qwen3-8B	commonsense	layers.31.mlp.down_proj	31	down_proj	0.009477905929088593	0.0016482317820191385	0.01745891794562339	0.7332638090697059	0.48504661700361384	0.009705734117868322	0.0021549921707399392	0.02970246484343051	-0.04238867399258771
qwen_commonsense	Qwen3-8B	commonsense	layers.31.mlp.gate_proj	31	gate_proj	-0.005044329911470413	-0.01090473160147667	0.0005913102068006912	0.599955717227047	0.3606081001765012	-0.0019253322712696787	0.000971687187315593	0.021926094558553783	-0.20674601904430137
qwen_commonsense	Qwen3-8B	commonsense	layers.31.mlp.up_proj	31	up_proj	-0.008369073271751404	-0.013903705775737763	-0.0028189191594719895	0.4870630167276702	0.4014280774201624	-0.005461732560909582	0.0010412100680617835	0.023918141380705502	-0.2443742463829549
qwen_commonsense	Qwen3-8B	commonsense	layers.31.self_attn.k_proj	31	k_proj	-0.0057406798005104065	-0.014608063735067844	0.0027579100802540674	0.707518845834456	0.5949519394531944	-0.0018200229156485003	0.0006418574507525024	0.0469750914799529	-0.21462705198208232
qwen_commonsense	Qwen3-8B	commonsense	layers.31.self_attn.o_proj	31	o_proj	0.06829871982336044	0.056921524554491044	0.07999319769442081	0.8987073951471394	0.7671586114874626	0.055013619210824614	0.005800926981034381	0.07889824354366215	0.6233237487765592
qwen_commonsense	Qwen3-8B	commonsense	layers.31.self_attn.q_proj	31	q_proj	0.12387390807271004	0.10176106309518218	0.14667373029515143	0.9584379267245987	0.892590924535572	0.01683663607917957	0.002948720774600089	0.09444072269106178	1.2523033695248675
qwen_commonsense	Qwen3-8B	commonsense	layers.31.self_attn.v_proj	31	v_proj	-0.009993158280849457	-0.018799255415797234	-0.0011303635314106949	0.8651182854941721	0.7026320401443129	-0.008551483014826106	0.0012358779724849411	0.05396896044141203	-0.26275504553566786
qwen_commonsense	Qwen3-8B	commonsense	layers.32.mlp.down_proj	32	down_proj	0.017271149903535843	0.010353844705969095	0.024334403220564123	0.5329221692481595	0.37464067587716193	0.012456962796696343	0.00204289833994738	0.01918255300309111	0.045812406271035826
qwen_commonsense	Qwen3-8B	commonsense	layers.32.mlp.gate_proj	32	gate_proj	0.007510308176279068	0.0007360490038990979	0.014390526246279471	0.7299086545162841	0.4125385041730289	0.007624963873567218	0.0012571006532052023	0.03984546416311318	-0.06465722453342806
qwen_commonsense	Qwen3-8B	commonsense	layers.32.mlp.up_proj	32	up_proj	0.0052696168422698975	-0.0012339713051915167	0.011658314801752565	0.7267190292161089	0.31440716826071463	0.007705127583520868	0.001244965915177715	0.030405462198172604	-0.0900165481790048
qwen_commonsense	Qwen3-8B	commonsense	layers.32.self_attn.k_proj	32	k_proj	-0.019134800881147385	-0.030602834187448025	-0.008017724286764864	0.8275779628092235	0.7870306397718986	-0.021582648960920894	0.0024849669055188274	0.10442336038282007	-0.3662168074635595
qwen_commonsense	Qwen3-8B	commonsense	layers.32.self_attn.o_proj	32	o_proj	-0.006171334534883499	-0.012963223736733198	0.0007396576926112172	0.7599827743212636	0.49471933101229426	-0.010090189633348451	0.002255750321543022	0.056731911364016396	-0.21950104449622593
qwen_commonsense	Qwen3-8B	commonsense	layers.32.self_attn.q_proj	32	q_proj	-0.013923518359661102	-0.02577476520091295	-0.002410709299147129	0.5731693697296214	0.5760599219476809	-0.02023769026670328	0.0047364525168979675	0.06260093849280444	-0.3072374210281912
qwen_commonsense	Qwen3-8B	commonsense	layers.32.self_attn.v_proj	32	v_proj	-0.0109056755900383	-0.017611698433756828	-0.004529326781630518	0.7238039091481454	0.6239691676699676	-0.010515250259747378	0.0011581429339037096	0.051366845293078084	-0.2730825821421962
qwen_commonsense	Qwen3-8B	commonsense	layers.33.mlp.down_proj	33	down_proj	0.035978853702545166	0.02791181840002537	0.044245266355574124	0.7163433526973992	0.5008400143706653	0.02697803421134823	0.0034338471734065464	0.020060336172634863	0.2575393443387675
qwen_commonsense	Qwen3-8B	commonsense	layers.33.mlp.gate_proj	33	gate_proj	0.0340229831635952	0.024129665549844505	0.04363251766189932	0.9318475024030035	0.6608210011265121	0.0216303465108897	0.002874013668396947	0.060108139221483545	0.23540351810814858
qwen_commonsense	Qwen3-8B	commonsense	layers.33.mlp.up_proj	33	up_proj	0.0313800685107708	0.023260776046663524	0.0395529881119728	0.391126034120454	0.4460277162191119	0.025544395311426247	0.003987740664027079	0.02892802759077681	0.20549197829392052
qwen_commonsense	Qwen3-8B	commonsense	layers.33.self_attn.k_proj	33	k_proj	0.030056562274694443	0.011476293671876192	0.04899536166340112	0.9234273538085034	0.8917055757917907	-0.009856777192021316	0.0034272509498010787	0.12363801372617245	0.19051301957784153
qwen_commonsense	Qwen3-8B	commonsense	layers.33.self_attn.o_proj	33	o_proj	0.003515351563692093	-0.005924762319773435	0.012942592613399022	0.6971689228108666	0.6049582039472888	-0.006104444149047855	0.0052063111413373445	0.07930232463234005	-0.10987067993041108
qwen_commonsense	Qwen3-8B	commonsense	layers.33.self_attn.q_proj	33	q_proj	0.0034317560493946075	-0.00608769729733467	0.013065130729228257	0.6956611336139028	0.5859387159166545	-0.001708531089725917	0.0022667128531755087	0.03328439220318978	-0.1108167833361824
qwen_commonsense	Qwen3-8B	commonsense	layers.33.self_attn.v_proj	33	v_proj	-0.010445207357406616	-0.017809613980352877	-0.0030299570411443733	0.8321378390021569	0.6942222395240114	-0.009729334026525316	0.0014633745123964733	0.04347850311778102	-0.2678711713768767
qwen_commonsense	Qwen3-8B	commonsense	layers.34.mlp.down_proj	34	down_proj	0.013552889227867126	0.006408737599849701	0.020954730175435542	0.40243233563015113	0.4260518397030268	0.020230831299414085	0.004765382933342686	0.008297796562135286	0.003730494121096714
qwen_commonsense	Qwen3-8B	commonsense	layers.34.mlp.gate_proj	34	gate_proj	0.01848777011036873	0.00847315564751625	0.028122476208955048	0.8853897074973214	0.5856909648070759	0.012214390506690657	0.002973341120173956	0.05174352790115153	0.05958166806561792
qwen_commonsense	Qwen3-8B	commonsense	layers.34.mlp.up_proj	34	up_proj	0.038750726729631424	0.03042167956009507	0.047507952433079474	0.8782146443032002	0.5981385601487258	0.028426541389158146	0.0029937417319911125	0.023023804404999133	0.28891038778925165
qwen_commonsense	Qwen3-8B	commonsense	layers.34.self_attn.k_proj	34	k_proj	-0.008507031947374344	-0.01895337626338005	0.0016621823422610508	0.7127647075339665	0.7097179772661579	-0.019400074795185036	0.0034259111288318014	0.12131859421982408	-0.2459356121327735
qwen_commonsense	Qwen3-8B	commonsense	layers.34.self_attn.o_proj	34	o_proj	0.04623345658183098	0.035145935323089364	0.057876629848033184	0.6870225230111958	0.47051715287595514	0.03384557418506116	0.005544442808741027	0.05435946628355174	0.37359718297349653
qwen_commonsense	Qwen3-8B	commonsense	layers.34.self_attn.q_proj	34	q_proj	0.06745340675115585	0.03834428656846285	0.1007665071636438	0.9926647749651946	0.8717033163369559	-0.09145751596580971	0.009768296481686619	0.21103377686730476	0.6137568051040821
qwen_commonsense	Qwen3-8B	commonsense	layers.34.self_attn.v_proj	34	v_proj	0.005244363099336624	-0.0020334143191576004	0.012126111332327126	0.8911109094338764	0.8901307694159282	0.0006655992433933205	0.0007452757490708868	0.0506907611078039	-0.09030236078986592
qwen_commonsense	Qwen3-8B	commonsense	layers.35.mlp.down_proj	35	down_proj	0.01250714436173439	0.008219143841415644	0.016880505159497256	0.6301665548962553	0.49117541302421647	0.009154703670938376	0.001058613808050709	0.0018321387635583672	-0.008104863167276604
qwen_commonsense	Qwen3-8B	commonsense	layers.35.mlp.gate_proj	35	gate_proj	0.4492509327828884	0.4221180002205074	0.47236987873911856	0.9627567591430604	0.7505381295003803	0.29594827276565183	0.025605914834723565	0.07155980070694756	4.934801333979645
qwen_commonsense	Qwen3-8B	commonsense	layers.35.mlp.up_proj	35	up_proj	0.6843466833233833	0.6365053715184331	0.7336831984110177	0.9877991173818766	0.8436086926300995	0.5537944366045775	0.04304805975914581	0.05530237017581639	7.595528911744169
qwen_commonsense	Qwen3-8B	commonsense	layers.35.self_attn.k_proj	35	k_proj	-0.3283282592892647	-0.36281625758856534	-0.29095802139490845	0.5538729558376385	0.6708612643132515	-0.2984657702309975	0.0250684861335685	0.1390597251867687	-3.8655550973283983
qwen_commonsense	Qwen3-8B	commonsense	layers.35.self_attn.o_proj	35	o_proj	-0.0001659207046031952	-0.004212380293756724	0.0038769898004829863	0.715609679259653	0.4320472821665506	0.001203094373292682	0.0014384276148453122	0.029824943750923896	-0.15153397083632597
qwen_commonsense	Qwen3-8B	commonsense	layers.35.self_attn.q_proj	35	q_proj	1.0123389139771461	0.9275281629525125	1.0939130458049475	0.9685794384991486	0.8828739194085026	0.5211205303925388	0.04312130656286794	0.11200603477466524	11.307624818993027
qwen_commonsense	Qwen3-8B	commonsense	layers.35.self_attn.v_proj	35	v_proj	0.012587223201990128	0.005983586888760328	0.01934130126610398	0.8953232607118835	0.7778529784201568	0.011889924182229273	0.0010066838118645057	0.02887159635837963	-0.007198560189983361
qwen_commonsense	Qwen3-8B	commonsense	layers.4.mlp.down_proj	4	down_proj	-0.004624195396900177	-0.01677145268768072	0.007570386305451365	0.6796043193723669	0.707841489691295	-0.01865417750265865	0.005255546171613492	0.1998726126205585	-0.20199109052382525
qwen_commonsense	Qwen3-8B	commonsense	layers.4.mlp.gate_proj	4	gate_proj	-0.007780753076076508	-0.021955403685569762	0.006104655191302296	0.9349501569871829	0.9289023791555019	-0.01481204690334384	0.0029623308591029303	0.04645116166912708	-0.23771585393822042
qwen_commonsense	Qwen3-8B	commonsense	layers.4.mlp.up_proj	4	up_proj	-0.010359369218349457	-0.02824869230389595	0.007611609622836084	0.8988662560481064	0.8407748415822147	-0.03125466913336101	0.004566497185458762	0.3147157892994071	-0.26689968676565645
qwen_commonsense	Qwen3-8B	commonsense	layers.4.self_attn.k_proj	4	k_proj	0.005929335951805115	-0.003889551758766174	0.016239408962428564	0.6373085620167324	0.6048264848774957	-0.0065740997518284015	0.0019052756946297857	0.11333672523100691	-0.0825500889840469
qwen_commonsense	Qwen3-8B	commonsense	layers.4.self_attn.o_proj	4	o_proj	-0.0013667717576026917	-0.013421078026294707	0.010320775583386397	0.7725159778459171	0.7506405375924793	-0.0014413223478527528	0.002692599955984371	0.30699960183784497	-0.16512476312481938
qwen_commonsense	Qwen3-8B	commonsense	layers.4.self_attn.q_proj	4	q_proj	0.018722884356975555	0.006103392876684666	0.03167736586183308	0.4939973947263277	0.5498834232190123	-0.0037209491815972493	0.0025769992886765566	0.11497753323514946	0.06224260497508519
qwen_commonsense	Qwen3-8B	commonsense	layers.4.self_attn.v_proj	4	v_proj	0.00449114665389061	-0.007352174259722233	0.01645569894462823	0.9113515438188536	0.8568378086496914	-0.00221528566055496	0.0012823143986660517	0.2709859684874398	-0.09882698858010229
qwen_commonsense	Qwen3-8B	commonsense	layers.5.mlp.down_proj	5	down_proj	0.004078146070241928	-0.009302270971238613	0.01729092942550778	0.6444827624857813	0.6321367619692584	-0.0005841694806692646	0.004039023817411088	0.1742157646219091	-0.10350117788390942
qwen_commonsense	Qwen3-8B	commonsense	layers.5.mlp.gate_proj	5	gate_proj	0.004056911915540695	-0.009472704492509365	0.0178826430812478	0.8487727384431042	0.8606941948702759	-0.0006716792797129827	0.0032511006399761557	0.041984626818291605	-0.10374149826772834
qwen_commonsense	Qwen3-8B	commonsense	layers.5.mlp.up_proj	5	up_proj	-0.0017654933035373688	-0.015287671238183975	0.011500661075115198	0.5941419353981365	0.6571409352723434	-0.013271243751631065	0.004760111746828374	0.1914896639758673	-0.169637347510876
qwen_commonsense	Qwen3-8B	commonsense	layers.5.self_attn.k_proj	5	k_proj	-0.012786787003278732	-0.026190068293362855	-4.543187096715437e-05	0.6382497038025144	0.47729168959137946	-0.005800983294860336	0.002097349752701848	0.09403114042495687	-0.2943723119758892
qwen_commonsense	Qwen3-8B	commonsense	layers.5.self_attn.o_proj	5	o_proj	0.008395470678806305	-0.0030571294948458665	0.019585934095084655	0.5082280109666882	0.445704788783899	0.003569620502007514	0.003222673428309737	0.20091562241134517	-0.05463927960731761
qwen_commonsense	Qwen3-8B	commonsense	layers.5.self_attn.q_proj	5	q_proj	0.001039702445268631	-0.011710289865732193	0.01382761262357232	0.8728328669922192	0.7305454593738331	-0.003156736595967811	0.0026322805494744385	0.1612102580114526	-0.13788916970367956
qwen_commonsense	Qwen3-8B	commonsense	layers.5.self_attn.v_proj	5	v_proj	0.0027526505291461945	-0.011018611583858728	0.016201638802886005	0.663815320686207	0.7884503875258041	0.0036585717255597765	0.0020942464328536636	0.20970913167015084	-0.11850265082541989
qwen_commonsense	Qwen3-8B	commonsense	layers.6.mlp.down_proj	6	down_proj	-0.022612541913986206	-0.03945408836007118	-0.006161262094974525	0.13793885104972034	0.9649539288516823	-0.03480146335256361	0.003885266474188911	0.0033885707861649214	-0.4055766064098346
qwen_commonsense	Qwen3-8B	commonsense	layers.6.mlp.gate_proj	6	gate_proj	0.004679802805185318	-0.00877842977643013	0.018148526176810252	0.9722982030724439	0.9301373915669517	0.014978897359397008	0.0027350070882557723	0.06489551341860715	-0.0966918473735483
qwen_commonsense	Qwen3-8B	commonsense	layers.6.mlp.up_proj	6	up_proj	-0.0036832690238952637	-0.014609494619071482	0.006711919605731954	0.8764225942605989	0.8769199926807598	-0.006859381508146088	0.003180454986524322	0.20322185161024375	-0.19134203054062962
qwen_commonsense	Qwen3-8B	commonsense	layers.6.self_attn.k_proj	6	k_proj	0.0008088946342468262	-0.008231871202588082	0.010099664516746994	0.6080660391756991	0.7416654979558327	0.007797512299028376	0.0022624063754945814	0.12867477871207395	-0.14050136795284954
qwen_commonsense	Qwen3-8B	commonsense	layers.6.self_attn.o_proj	6	o_proj	0.02474340796470642	0.010439976491034031	0.040355161391198616	0.5498392561843	0.5984101602942938	0.017264984281004196	0.004532218423437162	0.1526072597766815	0.1303806855607342
qwen_commonsense	Qwen3-8B	commonsense	layers.6.self_attn.q_proj	6	q_proj	0.03191938251256943	0.021972902305424213	0.04230363387614488	0.8506867366195379	0.7758605975664505	0.00918466411100116	0.0027186066394629844	0.14400935640404885	0.21159573658968348
qwen_commonsense	Qwen3-8B	commonsense	layers.6.self_attn.v_proj	6	v_proj	-0.013284802436828613	-0.027205268293619154	0.0005480494350194868	0.7990296901880305	0.7629254160582358	-0.017401853954007555	0.003148773749905006	0.21398196807364506	-0.3000086682058598
qwen_commonsense	Qwen3-8B	commonsense	layers.7.mlp.down_proj	7	down_proj	-0.03267038241028786	-0.04684947412461042	-0.01916894176974895	0.6070072805145921	0.6130976432601826	-0.04086596116713194	0.006488238803330916	0.17701048960582003	-0.51940756047745
qwen_commonsense	Qwen3-8B	commonsense	layers.7.mlp.gate_proj	7	gate_proj	0.005120664834976196	-0.007057112641632557	0.017524724826216698	0.6318661927074793	0.6964748945153477	0.0062280527335372305	0.0025707780000445352	0.03875225463374673	-0.09170233242928824
qwen_commonsense	Qwen3-8B	commonsense	layers.7.mlp.up_proj	7	up_proj	0.02153122052550316	0.006456286553293467	0.03609909983351825	0.9545542156460909	0.9332431743341162	0.00679295948775795	0.002507584408433598	0.29136378058888546	0.09402632490220432
qwen_commonsense	Qwen3-8B	commonsense	layers.7.self_attn.k_proj	7	k_proj	-0.009397931396961212	-0.019952789321541785	0.000642339512705801	0.5931675981463327	0.5056362746597153	-0.014341198513033716	0.0023871843337929847	0.09349028025586185	-0.25601848572398594
qwen_commonsense	Qwen3-8B	commonsense	layers.7.self_attn.o_proj	7	o_proj	0.005669891834259033	-0.006729421950876712	0.019090807251632213	0.584532256476877	0.606245437742747	0.005629039582054676	0.002685358173062272	0.2156652344065669	-0.08548638245960563
qwen_commonsense	Qwen3-8B	commonsense	layers.7.self_attn.q_proj	7	q_proj	3.1422823667526245e-05	-0.01266726739704609	0.01179561344906687	0.6401982131555072	0.5564362249046639	-0.009098318353802617	0.0034851102299602236	0.07335261110699376	-0.14930050907976045
qwen_commonsense	Qwen3-8B	commonsense	layers.7.self_attn.v_proj	7	v_proj	-0.005324065685272217	-0.018006905727088452	0.007282608002424237	0.7323702331327294	0.7971712247641196	-0.019202848314691746	0.002382859096491863	0.16818760632309485	-0.20991196605155513
qwen_commonsense	Qwen3-8B	commonsense	layers.8.mlp.down_proj	8	down_proj	0.007345892488956451	-0.006053913757205009	0.021076344139873977	0.8911261887959572	0.8772570620556996	-0.005667618557281822	0.004891573691453612	0.2295627224586382	-0.06651802104919087
qwen_commonsense	Qwen3-8B	commonsense	layers.8.mlp.gate_proj	8	gate_proj	-0.006379470229148865	-0.02011391744017601	0.006109264865517608	0.854653978922464	0.833546879049504	-0.006168749022120792	0.0031902190132239985	0.1779073554582843	-0.22185664803383062
qwen_commonsense	Qwen3-8B	commonsense	layers.8.mlp.up_proj	8	up_proj	0.01506001129746437	0.004679246153682471	0.025964634027332067	0.7179162679726548	0.6730715925206456	0.00036333824569418304	0.004066501419007123	0.1688870037791718	0.02078754957367585
qwen_commonsense	Qwen3-8B	commonsense	layers.8.self_attn.k_proj	8	k_proj	0.008437618613243103	-0.0019042009487748146	0.018707241863012296	0.5088391951836924	0.47473540083220367	0.0032275878007424815	0.0019388785774320173	0.08690898925659848	-0.05416226472617248
qwen_commonsense	Qwen3-8B	commonsense	layers.8.self_attn.o_proj	8	o_proj	-0.004961792379617691	-0.01786277238279581	0.007324917707592242	0.40066148553472164	0.5349538770994935	-0.009044554724651835	0.0032940017628900913	0.16284112077190396	-0.20581188949625015
qwen_commonsense	Qwen3-8B	commonsense	layers.8.self_attn.q_proj	8	q_proj	0.006462413817644119	-0.004875185992568731	0.018033341784030196	0.4623775887355835	0.4161457034113298	-0.005764195840197563	0.0033215345376684745	0.06594110305056289	-0.0765169089904792
qwen_commonsense	Qwen3-8B	commonsense	layers.8.self_attn.v_proj	8	v_proj	0.005697149783372879	-0.004585973918437958	0.01623056326061487	0.7305761814890802	0.8289024332311486	-0.008365841474666423	0.0017083543595651173	0.15568074992788583	-0.08517788697742966
qwen_commonsense	Qwen3-8B	commonsense	layers.9.mlp.down_proj	9	down_proj	0.01573316380381584	0.0023289653472602367	0.02936486843973396	0.8378518696629209	0.7772514840467794	0.019071614053559865	0.005651505918321511	0.2349943341178169	0.02840604303250235
qwen_commonsense	Qwen3-8B	commonsense	layers.9.mlp.gate_proj	9	gate_proj	-0.009300194680690765	-0.020871083065867425	0.0022128362208604694	0.8538857715948774	0.7882958136776625	-0.009152730432337509	0.0041905256483319555	0.13067503755415089	-0.2549123373748854
qwen_commonsense	Qwen3-8B	commonsense	layers.9.mlp.up_proj	9	up_proj	-0.01962731033563614	-0.031631090492010114	-0.007392598129808903	0.8059537170994231	0.7044441461463186	-0.030393394500603643	0.007138328813907268	0.18594644815723163	-0.3717908490396205
qwen_commonsense	Qwen3-8B	commonsense	layers.9.self_attn.k_proj	9	k_proj	-0.011740796267986298	-0.022719274461269378	-0.0005849298089742695	0.6157638734879278	0.5448625479980352	-0.011891560663286008	0.0025720939765025157	0.09233692537698453	-0.2825341720304401
qwen_commonsense	Qwen3-8B	commonsense	layers.9.self_attn.o_proj	9	o_proj	-0.0017866641283035278	-0.012567086517810822	0.00906606521457433	0.3251296301078424	0.4772081684886259	-0.0016945854917599593	0.003178803075738481	0.19369320815627367	-0.16987695114969054
qwen_commonsense	Qwen3-8B	commonsense	layers.9.self_attn.q_proj	9	q_proj	0.016652170568704605	0.004297726694494486	0.029302642494440076	0.7734969751383904	0.5663308158135819	0.0070792181597414345	0.003171982801834097	0.08220387979796287	0.03880702492124349
qwen_commonsense	Qwen3-8B	commonsense	layers.9.self_attn.v_proj	9	v_proj	0.0016981996595859528	-0.010287348367273807	0.013245919905602926	0.7535627590854015	0.8180479691145142	-0.0010298271844272266	0.0011480622952280343	0.13557581262752708	-0.13043653947115896
llama_tulu	Llama-3.1-8B-Instruct	tulu	layers.0.mlp.down_proj	0	down_proj	0.0001743661123327911	-0.000660327629884705	0.0011280828533926977	0.2755154858310805	0.239561870480417	1.3565573488247447e-05	5.737855978114048e-05	0.015506339747089537	0.4096061144730188
llama_tulu	Llama-3.1-8B-Instruct	tulu	layers.0.mlp.gate_proj	0	gate_proj	0.00017027580179274082	-0.0007505063782446087	0.0012839124072343106	0.6921588408309571	0.19087430913109865	-3.969654999272396e-05	5.042424601613154e-05	0.039897622373977065	0.39691455853785235
llama_tulu	Llama-3.1-8B-Instruct	tulu	layers.0.mlp.up_proj	0	up_proj	0.00021842168644070625	-0.0005793269607238472	0.001266624889103695	0.5251990119244444	0.15473914765082517	-2.460893558156924e-05	6.223324569361583e-05	0.04211917974863669	0.5463032619320491
llama_tulu	Llama-3.1-8B-Instruct	tulu	layers.0.self_attn.k_proj	0	k_proj	0.0004896104801446199	-0.0001406059309374541	0.0012073438148945562	0.5989235497536127	0.30995173683968846	-1.2029335547797216e-05	1.5783461033985627e-05	0.002629588655029573	1.38775715903426
llama_tulu	Llama-3.1-8B-Instruct	tulu	layers.0.self_attn.o_proj	0	o_proj	-0.00014865625416859984	-0.0008789049039478414	0.0006511144354590214	0.3257404849607602	0.2312143546209721	-9.230338501084361e-05	7.752625414394968e-05	0.06151566326464224	-0.5926787713860068
llama_tulu	Llama-3.1-8B-Instruct	tulu	layers.0.self_attn.q_proj	0	q_proj	0.00031780311837792397	-0.0003320389601867646	0.0009479659202042964	0.8083583470085257	0.4252940769029554	1.858887329071187e-06	1.7993446189946266e-05	0.0038862260711522425	0.8546673800101449
llama_tulu	Llama-3.1-8B-Instruct	tulu	layers.0.self_attn.v_proj	0	v_proj	0.00016786111518740654	-0.00036999038420617577	0.0006955976830795405	0.3989243636684715	0.2711684214954007	-3.991859260573957e-05	8.659671427827689e-05	0.07027166174252841	0.3894221860596686
llama_tulu	Llama-3.1-8B-Instruct	tulu	layers.1.mlp.down_proj	1	down_proj	0.0006409363122656941	-0.0003340997063787654	0.0019648503104690426	0.7240783680240079	0.8439901886229093	1.316762072029811e-05	3.445247762709308e-05	0.0009348119945830781	1.85729614488755
llama_tulu	Llama-3.1-8B-Instruct	tulu	layers.1.mlp.gate_proj	1	gate_proj	-0.0001418064348399639	-0.0008736229210626334	0.0005980233545415098	0.6443915283134747	0.1758407620641934	-6.520509639827137e-05	6.311708378377293e-05	0.04064518094959616	-0.5714249168671518
llama_tulu	Llama-3.1-8B-Instruct	tulu	layers.1.mlp.up_proj	1	up_proj	-0.00016738614067435265	-0.0009230072260834277	0.0005680144065991041	0.45934746789217634	0.1472613997073746	-1.975789006673175e-05	7.959428440895344e-05	0.04006868288907637	-0.6507945061008973
llama_tulu	Llama-3.1-8B-Instruct	tulu	layers.1.self_attn.k_proj	1	k_proj	0.0005639956216327846	-0.0001394776627421379	0.001353930252662394	0.4202884647114616	0.3443237254969161	-4.416875987868066e-05	2.9276245474002987e-05	0.0019400882220754678	1.618561929160763
llama_tulu	Llama-3.1-8B-Instruct	tulu	layers.1.self_attn.o_proj	1	o_proj	0.00014530931366607547	-0.0005003042766475119	0.0008246814875747076	0.335210376303357	0.20859029839023535	-3.650608280147751e-05	8.208144928384525e-05	0.044239883858262524	0.31944768225506787
llama_tulu	Llama-3.1-8B-Instruct	tulu	layers.1.self_attn.q_proj	1	q_proj	7.90851772762835e-05	-0.0005770267991465517	0.0007891160013969051	0.47724308655428527	0.29106097065864955	-7.1648943369483775e-06	4.5367605086173035e-05	0.0027751577688267686	0.11396515885751435
llama_tulu	Llama-3.1-8B-Instruct	tulu	layers.1.self_attn.v_proj	1	v_proj	0.0005069066537544131	-0.00038901961233932524	0.0017382580321282145	0.35616866762113975	0.30894850182806805	-4.053329129269217e-06	7.156401552960787e-05	0.06106264959254528	1.4414243201663197
llama_tulu	Llama-3.1-8B-Instruct	tulu	layers.10.mlp.down_proj	10	down_proj	7.935840403661132e-05	-0.0005471280877827666	0.0006814164255047198	0.3732663959043651	0.3467694437629337	4.423679826577878e-06	0.00013617294876273124	0.03584041218139654	0.11481293622740622
llama_tulu	Llama-3.1-8B-Instruct	tulu	layers.10.mlp.gate_proj	10	gate_proj	-0.0004968476132489741	-0.001444722774613183	0.00034223563416162445	0.8586139826440747	0.4630638731835368	-0.0006231140275820194	0.00020360502435701395	0.06728457329028031	-1.673058871293018
llama_tulu	Llama-3.1-8B-Instruct	tulu	layers.10.mlp.up_proj	10	up_proj	0.0005828922730870545	-2.8187627322040455e-06	0.0011862363913678561	0.3786280875668976	0.19382768217699126	-0.00014892743221577847	0.00020232345831799572	0.033728423793262685	1.6771951078817762
llama_tulu	Llama-3.1-8B-Instruct	tulu	layers.10.self_attn.k_proj	10	k_proj	-0.0003746477887034416	-0.0011595242889598013	0.0003538166871294374	0.2239257689868129	0.2354089152457736	2.0126646890757205e-05	3.6799067757178846e-05	0.005956806664733258	-1.2938930614354376
llama_tulu	Llama-3.1-8B-Instruct	tulu	layers.10.self_attn.o_proj	10	o_proj	0.00023552903439849615	-0.00031586509139742703	0.0008081171283265574	0.18503004073743723	0.1877292710664624	5.932496438426417e-05	0.0001510924694032	0.0650011384681294	0.5993845283500211
llama_tulu	Llama-3.1-8B-Instruct	tulu	layers.10.self_attn.q_proj	10	q_proj	-8.428614819422364e-05	-0.0007948410595417953	0.0005238272526185021	0.3862128277729884	0.25183711610175646	9.279179687438504e-05	8.787235574084051e-05	0.011450666328784703	-0.3929489971971869
llama_tulu	Llama-3.1-8B-Instruct	tulu	layers.10.self_attn.v_proj	10	v_proj	2.1219428163021803e-05	-0.00047458790068048983	0.0004937895311741156	0.2805494251243115	0.21982088449966938	-7.370327365443465e-05	7.599687818606218e-05	0.04141511316433544	-0.06558267361396491
llama_tulu	Llama-3.1-8B-Instruct	tulu	layers.11.mlp.down_proj	11	down_proj	0.0004065990215167403	-0.00023384097730740904	0.001106278656516223	0.5343514209308612	0.39644685389639195	9.438926596215769e-05	0.0001500949047406559	0.056439035260373076	1.1301863560060514
llama_tulu	Llama-3.1-8B-Instruct	tulu	layers.11.mlp.gate_proj	11	gate_proj	0.00028214207850396633	-0.0004901127715129406	0.0010648389521520584	0.7940417372340022	0.4130206055058821	-0.0003919890999836475	0.00021066334363708446	0.06812178255813162	0.744017081497364
llama_tulu	Llama-3.1-8B-Instruct	tulu	layers.11.mlp.up_proj	11	up_proj	0.00012443080777302384	-0.0005534530660952442	0.0007985741758602671	0.4250958843637289	0.2860783847998268	-1.5731365849886392e-05	0.000204291071772558	0.05376455135162541	0.2546651375583243
llama_tulu	Llama-3.1-8B-Instruct	tulu	layers.11.self_attn.k_proj	11	k_proj	0.00015568529488518834	-0.0005172912671696394	0.0008609026976046145	0.273128515168453	0.2482239247668014	-4.318040236930987e-05	4.479253382605538e-05	0.00728864722411414	0.3516426329159509
llama_tulu	Llama-3.1-8B-Instruct	tulu	layers.11.self_attn.o_proj	11	o_proj	-0.000474805710837245	-0.001087404042482376	0.00010627936571836456	0.19755888397983495	0.201032011693634	-0.00011297770635018236	0.00018408017111523362	0.0777813322292085	-1.6046664999469287
llama_tulu	Llama-3.1-8B-Instruct	tulu	layers.11.self_attn.q_proj	11	q_proj	0.0004030897980555892	-0.0001755112432874739	0.0009697861212771366	0.35140302695851366	0.21649342219859485	-7.84878737298893e-05	0.00010240426829970218	0.010404183932010095	1.1192978170039123
llama_tulu	Llama-3.1-8B-Instruct	tulu	layers.11.self_attn.v_proj	11	v_proj	0.00036730035208165646	-0.0003301716817077249	0.0011508485651575023	0.5289409411158348	0.3789738594840233	-7.851066426944992e-05	9.729121827159532e-05	0.046781561979165456	1.0082490956368533
llama_tulu	Llama-3.1-8B-Instruct	tulu	layers.12.mlp.down_proj	12	down_proj	9.107362711802125e-05	-0.0007306102590519004	0.0009759908760315736	0.4373498008403683	0.3387893053558286	1.8640200045913002e-05	0.00013923455922598587	0.04584401688336782	0.15116333250534758
llama_tulu	Llama-3.1-8B-Instruct	tulu	layers.12.mlp.gate_proj	12	gate_proj	-0.00012940441956743598	-0.0008788879684288986	0.0006899544387124479	0.7926602287395662	0.3971074475614187	-0.0005490019048565608	0.00017977939428594184	0.05400572840302348	-0.5329435182058798
llama_tulu	Llama-3.1-8B-Instruct	tulu	layers.12.mlp.up_proj	12	up_proj	1.0279589332640171e-05	-0.0005557733355090022	0.0006253361294511699	0.1869960264724179	0.16164380610597157	-0.0002010967656493922	0.0002258289437986778	0.03271325157444343	-0.09952718102434566
llama_tulu	Llama-3.1-8B-Instruct	tulu	layers.12.self_attn.k_proj	12	k_proj	0.00028535124147310853	-0.00021228443802101538	0.0007956989153171889	0.27278108611009755	0.24189183999335334	1.195159313057119e-05	5.194816751941948e-05	0.005263228352787066	0.7539745825059384
llama_tulu	Llama-3.1-8B-Instruct	tulu	layers.12.self_attn.o_proj	12	o_proj	4.706665640696883e-05	-0.0006434008420910686	0.0007172728917794298	0.24055563274973085	0.1820947288245907	3.120499174564411e-05	0.00016717823094004633	0.07646994655345836	0.014616993334314592
llama_tulu	Llama-3.1-8B-Instruct	tulu	layers.12.self_attn.q_proj	12	q_proj	0.0002977814874611795	-0.0002895805111620575	0.0008641225736937485	0.36680777047806545	0.24333177148273452	-0.00015072774187454205	0.00011271942631064041	0.01079982258945707	0.7925435764003587
llama_tulu	Llama-3.1-8B-Instruct	tulu	layers.12.self_attn.v_proj	12	v_proj	0.000247029063757509	-0.00029852789011783896	0.0008370797237148503	0.5009983843750511	0.3075307075516562	-2.886446593131112e-06	7.725919888236513e-05	0.04034927197711517	0.6350672141600268
llama_tulu	Llama-3.1-8B-Instruct	tulu	layers.13.mlp.down_proj	13	down_proj	0.000127603008877486	-0.0005001794372219592	0.0007436912419507273	0.31631354600705297	0.27392752997840114	5.367925936896564e-05	0.00015214674214895398	0.03303119631403115	0.2645079520245295
llama_tulu	Llama-3.1-8B-Instruct	tulu	layers.13.mlp.gate_proj	13	gate_proj	-2.313259756192565e-05	-0.0009830499300733208	0.0008775480207987126	0.8065202355426848	0.44404426934361196	-0.00015551808363349325	0.00020766508788672703	0.06504783623462876	-0.20319966132541528
llama_tulu	Llama-3.1-8B-Instruct	tulu	layers.13.mlp.up_proj	13	up_proj	0.0003161220229230821	-0.00031916455773171035	0.0009404217620613046	0.5202707033369407	0.28164348094065794	-0.00034880502010918005	0.0002309021753745873	0.04425495426338573	0.8494512193327168
llama_tulu	Llama-3.1-8B-Instruct	tulu	layers.13.self_attn.k_proj	13	k_proj	-0.00010961608495563269	-0.000726918686996214	0.0005058976006694138	0.5738651691309302	0.24030270038554832	-7.117287944033177e-06	4.907259502063195e-05	0.009416007064669385	-0.4715435943784811
llama_tulu	Llama-3.1-8B-Instruct	tulu	layers.13.self_attn.o_proj	13	o_proj	0.0002978434204123914	-0.0003222947852918878	0.0009556031815009192	0.2398290845393977	0.18650182639815804	-1.7842755414058546e-05	0.00017719881532486973	0.08407667521372506	0.7927357440871002
llama_tulu	Llama-3.1-8B-Instruct	tulu	layers.13.self_attn.q_proj	13	q_proj	1.661235000938177e-05	-0.0004100740683497861	0.0004472790984436866	0.25032282347344836	0.17859836046665994	-4.797218539233952e-06	9.060901468112693e-05	0.012591017813318464	-0.07987767383756345
llama_tulu	Llama-3.1-8B-Instruct	tulu	layers.13.self_attn.v_proj	13	v_proj	0.0003523252671584487	-0.00021702772064600138	0.0009630678454414007	0.3506378429065417	0.2526756018706784	-3.450852871589274e-05	8.019874829788651e-05	0.0416471495175004	0.9617838881481271
llama_tulu	Llama-3.1-8B-Instruct	tulu	layers.14.mlp.down_proj	14	down_proj	0.0003448164206929505	-0.0002626043104100972	0.0010306624841177835	0.23472449245928154	0.214480262516889	4.0827926673117066e-05	0.00013873786179474553	0.028527104690227716	0.9384851816092645
llama_tulu	Llama-3.1-8B-Instruct	tulu	layers.14.mlp.gate_proj	14	gate_proj	-0.00018726300913840532	-0.0009625408798456192	0.0006376721255946899	0.8424924513685723	0.45852735958753804	-4.008280608449176e-05	0.00017840162907937487	0.06197426656478529	-0.7124691358037978
llama_tulu	Llama-3.1-8B-Instruct	tulu	layers.14.mlp.up_proj	14	up_proj	0.0004622529377229512	-0.0001052094274200499	0.0011289991089142855	0.2952729399562017	0.16586817066738907	-3.2032465656448304e-06	0.00019398635929576815	0.03536240954912291	1.302871237416917
llama_tulu	Llama-3.1-8B-Instruct	tulu	layers.14.self_attn.k_proj	14	k_proj	0.0003931661485694349	-0.00020949741883669049	0.001062995822576339	0.4552567166512378	0.2637030007811495	-4.54762526983547e-06	5.5917330515094636e-05	0.008361356834536557	1.0885063767694096
llama_tulu	Llama-3.1-8B-Instruct	tulu	layers.14.self_attn.o_proj	14	o_proj	0.00023772032000124454	-0.0004592736600898206	0.0009690449398476628	0.18410437680870625	0.16018093951698636	-4.7029757077234914e-05	0.0001750460230416601	0.08539154399725352	0.6061837245296012
llama_tulu	Llama-3.1-8B-Instruct	tulu	layers.14.self_attn.q_proj	14	q_proj	-6.526976358145475e-05	-0.0007255921693285928	0.0006264567840844385	0.5314519464335515	0.23427377743074235	7.332471962375015e-05	0.00011739364832505573	0.013132412690522281	-0.33394430632238853
llama_tulu	Llama-3.1-8B-Instruct	tulu	layers.14.self_attn.v_proj	14	v_proj	-0.0006217617774382234	-0.001309150198358111	-2.4773404584268402e-05	0.33342686133707744	0.19527070433481206	1.6896826517382796e-05	7.822602028642142e-05	0.048149351624019406	-2.0606468273612495
llama_tulu	Llama-3.1-8B-Instruct	tulu	layers.15.mlp.down_proj	15	down_proj	0.000203886185772717	-0.0004093151714187115	0.0008040654502110549	0.2696076548927646	0.1824482256611791	-8.991210436206074e-05	0.0001391681662416029	0.028564109836088196	0.5012020115582406
llama_tulu	Llama-3.1-8B-Instruct	tulu	layers.15.mlp.gate_proj	15	gate_proj	0.0005241421749815345	-0.0004675785661675036	0.0016206056636292477	0.8962191117166755	0.5581713305131727	-0.0005901449384250677	0.00017800622256957825	0.06984256366244337	1.4949032870036572
llama_tulu	Llama-3.1-8B-Instruct	tulu	layers.15.mlp.up_proj	15	up_proj	0.00022045098012313247	-0.0005676398519426584	0.0011134586064144962	0.46738283838512795	0.2528133529137601	-0.00022258860172531564	0.00021697770579131383	0.05616611360609134	0.5525998240212141
llama_tulu	Llama-3.1-8B-Instruct	tulu	layers.15.self_attn.k_proj	15	k_proj	0.00031963858054950833	-0.00020660756854340434	0.0008901457826141263	0.4533180613293714	0.20802276608954462	-1.1309154542098275e-05	4.76329391873699e-05	0.007154829180998944	0.8603625150346017
llama_tulu	Llama-3.1-8B-Instruct	tulu	layers.15.self_attn.o_proj	15	o_proj	0.00020023802062496543	-0.00039416967629222197	0.0008710999682079997	0.15402142030264165	0.12670032435380216	-3.2102470400481905e-05	0.00016027719297263484	0.06459560814117944	0.4898823595220299
llama_tulu	Llama-3.1-8B-Instruct	tulu	layers.15.self_attn.q_proj	15	q_proj	-0.00034172041341662407	-0.0008841717266477644	0.0001766610133927313	0.6493900895663862	0.29023769776079694	-4.444273643426899e-05	9.217070697673257e-05	0.013845929623422624	-1.1917248712310509
llama_tulu	Llama-3.1-8B-Instruct	tulu	layers.15.self_attn.v_proj	15	v_proj	0.00019419158343225718	-0.0003938985377317294	0.0008582862879848107	0.25226859224940534	0.2091106167768579	-2.941012113951214e-05	7.546958073130569e-05	0.038614951710644975	0.4711212666689712
llama_tulu	Llama-3.1-8B-Instruct	tulu	layers.16.mlp.down_proj	16	down_proj	-7.148453732952476e-05	-0.0007391730905510485	0.0005414123341324737	0.22603503312033985	0.1904068718441437	8.526358440564837e-06	0.0001480961204310981	0.030096606772046976	-0.3532277196172298
llama_tulu	Llama-3.1-8B-Instruct	tulu	layers.16.mlp.gate_proj	16	gate_proj	-0.0008290622499771416	-0.0017099419928854331	5.79009545617734e-05	0.9331487556581652	0.5696684880895365	-0.00017917178506593953	0.00018447775025533141	0.0788428660223935	-2.70386584871746
llama_tulu	Llama-3.1-8B-Instruct	tulu	layers.16.mlp.up_proj	16	up_proj	0.00018823728896677494	-0.0005038885923568159	0.0008980107726529235	0.5498540476214905	0.2986619871909225	-0.00031587097930811116	0.00018766902422273738	0.05597313362642414	0.452646077432559
llama_tulu	Llama-3.1-8B-Instruct	tulu	layers.16.self_attn.k_proj	16	k_proj	-4.360225284472108e-05	-0.000568216884857975	0.0004548711120150982	0.6772890525349285	0.3290621577629424	-5.281045927906499e-05	6.219313745503232e-05	0.009207183018788466	-0.26671361031569946
llama_tulu	Llama-3.1-8B-Instruct	tulu	layers.16.self_attn.o_proj	16	o_proj	-3.35538643412292e-05	-0.0005665679476805962	0.00046685410634381684	0.23277206420259589	0.1605812125292131	-5.546426012473743e-05	0.00014768568377775674	0.07418676880528749	-0.23553512557679163
llama_tulu	Llama-3.1-8B-Instruct	tulu	layers.16.self_attn.q_proj	16	q_proj	0.00010289711644873023	-0.0004726045648567378	0.0007187659997725847	0.5198559851122918	0.31532639809739577	6.117975492202072e-05	0.00011888766776980676	0.015462220878718368	0.18784966101763045
llama_tulu	Llama-3.1-8B-Instruct	tulu	layers.16.self_attn.v_proj	16	v_proj	0.0004915142781101167	-3.7799260462634264e-05	0.001044267570250667	0.323321415098391	0.25525242838265577	-4.743547039165389e-05	6.556657496341797e-05	0.03969957997164572	1.3936643287055537
llama_tulu	Llama-3.1-8B-Instruct	tulu	layers.17.mlp.down_proj	17	down_proj	0.0003113062703050673	-0.00032364911457989366	0.0009808497547055593	0.18882666317923383	0.18901716454567002	-2.397990483719917e-05	0.0001328950792333771	0.028703469983276147	0.8345087368187344
llama_tulu	Llama-3.1-8B-Instruct	tulu	layers.17.mlp.gate_proj	17	gate_proj	-0.00022233073832467198	-0.0010271724691847338	0.000713300592906307	0.8870512146086872	0.5270080714249542	-0.000787804566462732	0.00016402568139595755	0.08713265267288106	-0.8212784895506415
llama_tulu	Llama-3.1-8B-Instruct	tulu	layers.17.mlp.up_proj	17	up_proj	-0.00035647774348035455	-0.0010082804030389525	0.00029535766225308164	0.5279541735016026	0.2308401216111245	-5.0372583337762045e-05	0.00018738248918136552	0.05764777143717066	-1.2375144214678033
llama_tulu	Llama-3.1-8B-Instruct	tulu	layers.17.self_attn.k_proj	17	k_proj	8.362671360373497e-05	-0.00040439735748805107	0.0005645733268465846	0.8160720217499587	0.38109064350672084	-3.5105196269599406e-05	4.128219717053443e-05	0.01290499007016066	0.12805679365322659
llama_tulu	Llama-3.1-8B-Instruct	tulu	layers.17.self_attn.o_proj	17	o_proj	-0.0003233894822187722	-0.0009428751858649775	0.00025118694175034733	0.1938016888373758	0.119812692690853	-1.849255839448036e-05	0.00010771155484260684	0.07167713670942276	-1.134847028738836
llama_tulu	Llama-3.1-8B-Instruct	tulu	layers.17.self_attn.q_proj	17	q_proj	0.00022202404215931892	-0.00033220304758287963	0.0007836128468625242	0.8489174582768373	0.4385729044669422	-8.588066300711775e-05	7.927608564707947e-05	0.020469708462319162	0.5574807748992132
llama_tulu	Llama-3.1-8B-Instruct	tulu	layers.17.self_attn.v_proj	17	v_proj	0.00022186303976923227	-0.00036005871079396455	0.0008682165149366482	0.2024643597884115	0.18622233407437824	-7.463373559389793e-06	5.855713840642742e-05	0.048056112591486184	0.5569812111571764
llama_tulu	Llama-3.1-8B-Instruct	tulu	layers.18.mlp.down_proj	18	down_proj	0.00019272207282483578	-0.0003792464733123779	0.0007956487475894389	0.24977398056192882	0.25160924025024367	3.623650820940524e-05	0.00011481381386476181	0.02786178418833387	0.4665616187183342
llama_tulu	Llama-3.1-8B-Instruct	tulu	layers.18.mlp.gate_proj	18	gate_proj	-0.00018060195725411177	-0.0011086761718615888	0.0009041129582328718	0.9172849278886999	0.6045893722555312	7.854462902841318e-05	0.0001541359535492383	0.10491757375076845	-0.6918009953903027
llama_tulu	Llama-3.1-8B-Instruct	tulu	layers.18.mlp.up_proj	18	up_proj	0.00024222652427852154	-0.00025885412469506264	0.0007507770031224929	0.5543494393816352	0.2482358469335336	2.2908021501256137e-05	0.00018042960061690744	0.071808823232334	0.6201657298273321
llama_tulu	Llama-3.1-8B-Instruct	tulu	layers.18.self_attn.k_proj	18	k_proj	0.000452149601187557	-0.00013442891649901868	0.0010633971134666347	0.5226011534063073	0.29884530014689503	4.682682385277344e-05	4.675402187315343e-05	0.012153921193709814	1.2715222580386443
llama_tulu	Llama-3.1-8B-Instruct	tulu	layers.18.self_attn.o_proj	18	o_proj	0.00021885609021410346	-0.00022970388672547413	0.0006972729461267587	0.23844850883391175	0.2110217654904524	8.260665249602217e-07	8.59245553153627e-05	0.05669065140024503	0.5476511448701623
llama_tulu	Llama-3.1-8B-Instruct	tulu	layers.18.self_attn.q_proj	18	q_proj	-0.00012982782209292054	-0.0007766585273202509	0.0005195231307880016	0.8890014856955297	0.45158893384988624	-3.042765400872279e-05	8.368779369561707e-05	0.028542049943733654	-0.5342572660943743
llama_tulu	Llama-3.1-8B-Instruct	tulu	layers.18.self_attn.v_proj	18	v_proj	0.0002563229063525796	-0.0003261841891799122	0.000807945238193497	0.37546294835724214	0.25330542456718624	-7.549135635980081e-05	5.934296283744848e-05	0.05027537517638201	0.6639044679560482
llama_tulu	Llama-3.1-8B-Instruct	tulu	layers.19.mlp.down_proj	19	down_proj	-0.00029179523698985577	-0.0008919838524889201	0.00027199430041946465	0.26573901130979655	0.2311375825219394	1.5214155333378186e-05	9.958512889903378e-05	0.029424311977504086	-1.036815320235053
llama_tulu	Llama-3.1-8B-Instruct	tulu	layers.19.mlp.gate_proj	19	gate_proj	-0.0011605460313148797	-0.0021608334485790693	-0.00010950977157335741	0.8628167076411608	0.550639010268564	-0.0004541937318095279	0.00015452328575691707	0.11939212683837803	-3.7324051029513687
llama_tulu	Llama-3.1-8B-Instruct	tulu	layers.19.mlp.up_proj	19	up_proj	-0.000302683562040329	-0.0008881400804966688	0.0002582430082838981	0.6182604094760715	0.31536469226996333	-1.992522533862151e-05	0.00017685492084754302	0.07134917327350129	-1.0705999889210291
llama_tulu	Llama-3.1-8B-Instruct	tulu	layers.19.self_attn.k_proj	19	k_proj	0.000215378706343472	-0.000386323215207085	0.0008137082564644515	0.6009376180472016	0.2969293671104108	-9.746261092813064e-06	3.629834005237615e-05	0.009556950892889942	0.5368613988423161
llama_tulu	Llama-3.1-8B-Instruct	tulu	layers.19.self_attn.o_proj	19	o_proj	-0.00019397638970986009	-0.0007680616807192564	0.00038500696100527413	0.23895763102504036	0.15723087373640074	-2.934485143188773e-05	7.517797677193409e-05	0.06326048560622548	-0.7332996434638912
llama_tulu	Llama-3.1-8B-Instruct	tulu	layers.19.self_attn.q_proj	19	q_proj	0.000680097728036344	3.442989836912603e-05	0.0013405755831627174	0.8006438559015462	0.39098257706373213	9.296760301585663e-05	9.172875226726447e-05	0.022196168503272055	1.9788075298757926
llama_tulu	Llama-3.1-8B-Instruct	tulu	layers.19.self_attn.v_proj	19	v_proj	0.0004995904164388776	-0.00017186355544254183	0.001202383800409734	0.24267584860158745	0.1916229471051243	-3.3287659479855716e-06	4.9507508516033534e-05	0.03837846043144158	1.4187232479088745
llama_tulu	Llama-3.1-8B-Instruct	tulu	layers.2.mlp.down_proj	2	down_proj	0.00025105703389272094	-0.0002501790368114598	0.0008103677580947985	0.3652494605357789	0.31351849746787436	-5.693627452926873e-05	6.609859087121527e-05	0.02196545759548121	0.6475653381473546
llama_tulu	Llama-3.1-8B-Instruct	tulu	layers.2.mlp.gate_proj	2	gate_proj	-8.31458019092679e-05	-0.0006158878008136526	0.0004328069509938356	0.7693724261798852	0.23323731584098775	-4.033500163314985e-05	7.534930543195018e-05	0.04754220992998035	-0.38941069160418484
llama_tulu	Llama-3.1-8B-Instruct	tulu	layers.2.mlp.up_proj	2	up_proj	4.5387481804937124e-05	-0.0005308754218276591	0.0006336034231935624	0.45288576913974526	0.20843998018488094	-2.23708455904427e-06	9.691030351927314e-05	0.04232258098527416	0.009406792744915226
llama_tulu	Llama-3.1-8B-Instruct	tulu	layers.2.self_attn.k_proj	2	k_proj	0.00039729272248223424	-0.00015282057429431007	0.000970307787065394	0.36738511462423024	0.18940912226874257	2.2337522351320658e-05	3.956034578495432e-05	0.004677209214939899	1.1013104519422077
llama_tulu	Llama-3.1-8B-Instruct	tulu	layers.2.self_attn.o_proj	2	o_proj	0.0004992224858142436	-0.0001839331060182303	0.0012371903503662904	0.439156688192297	0.21475955768112617	-2.3625565714909872e-05	7.745333434240376e-05	0.054885018083792175	1.4175816201382978
llama_tulu	Llama-3.1-8B-Instruct	tulu	layers.2.self_attn.q_proj	2	q_proj	-0.0002536549000069499	-0.0009613558271666989	0.0003859570220811292	0.23502298067058427	0.18794562191049008	2.999432907424297e-05	8.030584685471996e-05	0.005775197949985766	-0.9184721735558524
llama_tulu	Llama-3.1-8B-Instruct	tulu	layers.2.self_attn.v_proj	2	v_proj	0.00030342163518071175	-0.00037025687634013594	0.0011250373616348947	0.2658123913629334	0.34605380364778354	1.1087024236672603e-05	4.786593130808056e-05	0.06253983442501396	0.8100440203309962
llama_tulu	Llama-3.1-8B-Instruct	tulu	layers.20.mlp.down_proj	20	down_proj	0.00045149214565753937	-0.00011459323577582836	0.0010547416051849721	0.24810020272539757	0.20914795452845836	-6.008124057784806e-05	0.00010689572264970394	0.03190593447317845	1.2694822824542966
llama_tulu	Llama-3.1-8B-Instruct	tulu	layers.20.mlp.gate_proj	20	gate_proj	-0.00016117253107950091	-0.000875337426259648	0.0005797205827548168	0.882307474899243	0.511059806103895	-0.000676503308550563	0.00016262666549677306	0.12305362388904138	-0.6315147049806188
llama_tulu	Llama-3.1-8B-Instruct	tulu	layers.20.mlp.up_proj	20	up_proj	0.0003334099892526865	-0.0004288623051252216	0.0011910550820175558	0.6761959451230504	0.32524432973553846	0.0001302802643512851	0.0001648592850525047	0.08164287662608266	0.9030929146341089
llama_tulu	Llama-3.1-8B-Instruct	tulu	layers.20.self_attn.k_proj	20	k_proj	-0.0003805054584518075	-0.0008669538568938151	9.999005123972875e-05	0.35886577154343924	0.25232245746637233	-2.5597406160793453e-05	4.1935943320085264e-05	0.007925320524591127	-1.3120684401831364
llama_tulu	Llama-3.1-8B-Instruct	tulu	layers.20.self_attn.o_proj	20	o_proj	-0.00023907952709123492	-0.0007996661734068766	0.00024686948891030583	0.3125516553327393	0.1859927644621912	5.102409360871211e-05	7.868447884361443e-05	0.08955306684397044	-0.8732472062032675
llama_tulu	Llama-3.1-8B-Instruct	tulu	layers.20.self_attn.q_proj	20	q_proj	1.4126766473054886e-05	-0.0006216475041583181	0.0006770921812858425	0.755892685540758	0.3566900418954461	2.8052730146756697e-05	8.23404700063368e-05	0.02560871831998634	-0.08759002774662236
llama_tulu	Llama-3.1-8B-Instruct	tulu	layers.20.self_attn.v_proj	20	v_proj	-0.00010517070768401027	-0.0007151300305849873	0.000415029376745223	0.4811225689282936	0.30132770217017946	-1.5324274471050747e-05	5.251225709272287e-05	0.0582564156648705	-0.4577503252016571
llama_tulu	Llama-3.1-8B-Instruct	tulu	layers.21.mlp.down_proj	21	down_proj	-0.0003691936144605279	-0.0011294212221400813	0.0003194971417542545	0.33186123025995024	0.30900883514719674	-5.568931464829121e-05	9.13894856723183e-05	0.031148434850678523	-1.2769696623912092
llama_tulu	Llama-3.1-8B-Instruct	tulu	layers.21.mlp.gate_proj	21	gate_proj	-0.00039295648457482457	-0.0014090529060922564	0.0006183704172144633	0.9524531833161296	0.6293657225157615	6.704278676394963e-05	0.0001605131718588323	0.13571154404753072	-1.3507019113935028
llama_tulu	Llama-3.1-8B-Instruct	tulu	layers.21.mlp.up_proj	21	up_proj	-0.00048497243551537395	-0.001303009520052001	0.00028265062428545196	0.6795592626583975	0.3168856308232443	9.833564527274099e-05	0.0001479285042833244	0.08015006857599676	-1.6362121622301462
llama_tulu	Llama-3.1-8B-Instruct	tulu	layers.21.self_attn.k_proj	21	k_proj	0.0005234173149801791	-0.0003517714896588586	0.001516886115132365	0.8437905838443794	0.4301236260302705	1.7172547816052684e-05	5.092369916111316e-05	0.017291088124110048	1.4926541665121227
llama_tulu	Llama-3.1-8B-Instruct	tulu	layers.21.self_attn.o_proj	21	o_proj	0.00016622123075649142	-0.0003277188894571736	0.0006313936260994523	0.1626801585314377	0.16742938189906498	-2.4695532309219354e-05	7.889253407352194e-05	0.06197048605501651	0.3843338963617641
llama_tulu	Llama-3.1-8B-Instruct	tulu	layers.21.self_attn.q_proj	21	q_proj	-0.00014503963757306337	-0.0008433269977103919	0.0004773970373207695	0.5003851290687955	0.22804109827948016	-1.440319478435724e-05	9.534320192083879e-05	0.014021586719049347	-0.5814570092804483
llama_tulu	Llama-3.1-8B-Instruct	tulu	layers.21.self_attn.v_proj	21	v_proj	4.042912041768432e-05	-0.00041508160065859554	0.00048510363412788054	0.3370207507149886	0.2111026087618133	-2.3364646495276545e-05	5.3122296538013834e-05	0.04271411006231228	-0.005978181153011687
llama_tulu	Llama-3.1-8B-Instruct	tulu	layers.22.mlp.down_proj	22	down_proj	0.00017686572391539812	-0.00036170171515550467	0.0007150346384150906	0.41989370166108797	0.32635095959062327	4.4636244418194035e-05	8.25445056955525e-05	0.035931912261759805	0.4173619950855596
llama_tulu	Llama-3.1-8B-Instruct	tulu	layers.22.mlp.gate_proj	22	gate_proj	-0.000579285086132586	-0.0013793366466416045	0.00030367057770490624	0.9198915020522394	0.632264291504498	-0.0005320007990914868	0.00014968952283118963	0.1445285687576939	-1.9288486916530323
llama_tulu	Llama-3.1-8B-Instruct	tulu	layers.22.mlp.up_proj	22	up_proj	-4.099460784345865e-05	-0.0005817765486426651	0.0005962926836218682	0.5675509326121443	0.2464831943607288	-0.0002969220399395075	0.00016728448262915368	0.0883764816103173	-0.2586225199037297
llama_tulu	Llama-3.1-8B-Instruct	tulu	layers.22.self_attn.k_proj	22	k_proj	-4.080840153619647e-05	-0.0006231206556549296	0.0005354736786102871	0.267889723588623	0.22898886594144222	-3.1383511672538535e-05	4.127962307459545e-05	0.009280562518212378	-0.258044752582408
llama_tulu	Llama-3.1-8B-Instruct	tulu	layers.22.self_attn.o_proj	22	o_proj	-0.0001462663640268147	-0.0008264953008620069	0.0004918402992188923	0.2895827000667261	0.16091963118173233	-3.969390749016083e-06	6.9233577676187e-05	0.07920376595688894	-0.585263338226011
llama_tulu	Llama-3.1-8B-Instruct	tulu	layers.22.self_attn.q_proj	22	q_proj	-0.00011094450019299984	-0.0006687643472105265	0.0004413693095557391	0.6936094626865306	0.38734049111015006	-2.3532915891198513e-05	9.404576881888547e-05	0.02643450768531719	-0.4756654467721053
llama_tulu	Llama-3.1-8B-Instruct	tulu	layers.22.self_attn.v_proj	22	v_proj	0.00019002839690074325	-0.0003776531186304055	0.0008120835525915018	0.29645228460257916	0.2878289723663181	2.3359096037266655e-06	3.4724056580125135e-05	0.04758662724947161	0.4582035886061727
llama_tulu	Llama-3.1-8B-Instruct	tulu	layers.23.mlp.down_proj	23	down_proj	0.00018396798986941576	-0.0002712315588723868	0.0006553890911163753	0.31216369843622543	0.2738321710566209	-8.580849066167031e-05	7.085670751756705e-05	0.03057918356874407	0.43939914965836024
llama_tulu	Llama-3.1-8B-Instruct	tulu	layers.23.mlp.gate_proj	23	gate_proj	-0.000564902788028121	-0.0011946948303375392	0.00011821364751085594	0.9516817076883325	0.6739159326674785	0.00020818009901821954	0.0001249198804914657	0.16259011334469664	-1.8842228034516897
llama_tulu	Llama-3.1-8B-Instruct	tulu	layers.23.mlp.up_proj	23	up_proj	-4.835252184420824e-05	-0.0006637327634962275	0.000544253914267756	0.7086792242715378	0.35052154302017924	-0.0003894408249930874	0.00015348025838569533	0.10692239099186641	-0.2814529080105238
llama_tulu	Llama-3.1-8B-Instruct	tulu	layers.23.self_attn.k_proj	23	k_proj	-0.00029222009470686316	-0.0006786214085877873	0.00011447350698290387	0.3977231283990472	0.2020024576648358	7.1616403461111e-06	3.3664423473878686e-05	0.008237082507903245	-1.0381335833417509
llama_tulu	Llama-3.1-8B-Instruct	tulu	layers.23.self_attn.o_proj	23	o_proj	1.3922632206231356e-05	-0.0004232730556395836	0.0004214170578052287	0.18595609430081983	0.13835340540804855	-1.707301286548336e-05	4.82699389775778e-05	0.054258258443149306	-0.08822342255621136
llama_tulu	Llama-3.1-8B-Instruct	tulu	layers.23.self_attn.q_proj	23	q_proj	0.00031762622529640794	-0.00030836736841592937	0.0009972507279599082	0.753888699112147	0.3206844790590212	-3.3139270960821796e-05	6.017199808586408e-05	0.020736212794449666	0.8541185100853257
llama_tulu	Llama-3.1-8B-Instruct	tulu	layers.23.self_attn.v_proj	23	v_proj	-0.00027043657610192895	-0.0009120621005422435	0.00032887864799704394	0.645981433218345	0.36215359756888327	-4.873031730740459e-06	3.118673278590408e-05	0.06966436867309506	-0.9705429341398777
llama_tulu	Llama-3.1-8B-Instruct	tulu	layers.24.mlp.down_proj	24	down_proj	0.00011345942039042711	-0.0006276707834331318	0.0008636315818876028	0.24632357243088582	0.2273747487013792	-3.491085577164949e-05	7.312984673615185e-05	0.028244989786657244	0.2206227402172914
llama_tulu	Llama-3.1-8B-Instruct	tulu	layers.24.mlp.gate_proj	24	gate_proj	-0.00029285630444064736	-0.0010981191881000996	0.0006133900897111735	0.9789525826912215	0.7304929186198111	-0.0009072856852527969	0.000128286905723999	0.1803890120558848	-1.0401076367403275
llama_tulu	Llama-3.1-8B-Instruct	tulu	layers.24.mlp.up_proj	24	up_proj	4.943599924445152e-05	-0.0006437497271690517	0.0007115029322449116	0.7866749921222155	0.3838891750236709	-0.00015410121676632962	0.0001350495676258043	0.10598329341464363	0.02196867161327678
llama_tulu	Llama-3.1-8B-Instruct	tulu	layers.24.self_attn.k_proj	24	k_proj	0.0003739531384781003	-0.00023835118336137384	0.0010502192861167711	0.6474318559247013	0.3662433461965551	-2.9332528545647224e-05	3.781349295880572e-05	0.011586346463574277	1.0288915896109525
llama_tulu	Llama-3.1-8B-Instruct	tulu	layers.24.self_attn.o_proj	24	o_proj	-0.00012358831008896232	-0.0006982257022173144	0.0004858806525589896	0.24616436705708464	0.15503670891550675	-5.536899086441499e-05	5.336625059836445e-05	0.07215839418473369	-0.5148970940900733
llama_tulu	Llama-3.1-8B-Instruct	tulu	layers.24.self_attn.q_proj	24	q_proj	0.00022186688147485256	-0.00028850948438048364	0.000712721899617463	0.4901974449477529	0.18960566654279803	-3.1809191264610784e-05	6.096158911768747e-05	0.016997060575172387	0.5569931313332337
llama_tulu	Llama-3.1-8B-Instruct	tulu	layers.24.self_attn.v_proj	24	v_proj	-0.000372547481674701	-0.0009219862869940697	0.00016278842376777852	0.5619777536545092	0.38926151613616156	-8.039710659934611e-05	3.5164581938205846e-05	0.049835936527279995	-1.2873761566979411
llama_tulu	Llama-3.1-8B-Instruct	tulu	layers.25.mlp.down_proj	25	down_proj	-0.00013091886648908257	-0.0006532132858410478	0.0003474661047221152	0.26722595973944285	0.2115006950315891	-1.4233890643164401e-05	6.943406744696754e-05	0.031799020011072994	-0.5376425960946414
llama_tulu	Llama-3.1-8B-Instruct	tulu	layers.25.mlp.gate_proj	25	gate_proj	-0.0007845034124329686	-0.0014898386609274894	-0.00010598947410471843	0.9842583723661397	0.7447177165068564	-0.0001549410516886703	0.00011472624900068479	0.17063267786808914	-2.565607158194926
llama_tulu	Llama-3.1-8B-Instruct	tulu	layers.25.mlp.up_proj	25	up_proj	-4.976260242983699e-05	-0.00062488720723195	0.0005890197964617975	0.8482497611451345	0.4244818486065996	-6.506915868435634e-05	0.00013393733286324707	0.11918583260997638	-0.28582815444972925
llama_tulu	Llama-3.1-8B-Instruct	tulu	layers.25.self_attn.k_proj	25	k_proj	-0.00014672090765088797	-0.0006502725242171437	0.00039689803088549525	0.8676285610352059	0.5205323254897164	1.719847959452795e-06	3.935442596281895e-05	0.016510226689197088	-0.5866737117840608
llama_tulu	Llama-3.1-8B-Instruct	tulu	layers.25.self_attn.o_proj	25	o_proj	6.754288915544748e-05	-0.0003286568826297298	0.00047816333244554677	0.29757685710358095	0.1823846765278499	1.3495889557919453e-05	4.742617860694623e-05	0.06117578402525998	0.07815135111087863
llama_tulu	Llama-3.1-8B-Instruct	tulu	layers.25.self_attn.q_proj	25	q_proj	-7.278250996023417e-05	-0.0005653307045577093	0.0004280780180124562	0.3001109545749961	0.19343416631005764	-2.0197159696364033e-05	6.002804723372219e-05	0.00964869172861761	-0.3572551136460365
llama_tulu	Llama-3.1-8B-Instruct	tulu	layers.25.self_attn.v_proj	25	v_proj	0.0001711781369522214	-0.000312023310107179	0.0006399952340871093	0.37123272283987785	0.28654047650480435	-4.4369949311440954e-05	2.5523479246146612e-05	0.04556192187998789	0.39971435504148756
llama_tulu	Llama-3.1-8B-Instruct	tulu	layers.26.mlp.down_proj	26	down_proj	-2.003536792472005e-05	-0.0004860683460719883	0.00045526289468398305	0.32653313541912493	0.22552264552773663	-1.4685192992654534e-05	6.153680957063823e-05	0.03190295059828886	-0.19358947090105516
llama_tulu	Llama-3.1-8B-Instruct	tulu	layers.26.mlp.gate_proj	26	gate_proj	-0.0003266680287197232	-0.0012856813991675153	0.0006162238889373835	0.9671183209949142	0.6956982872517941	0.0004799076075571317	0.00012840623521854057	0.17748305310129786	-1.145019815351354
llama_tulu	Llama-3.1-8B-Instruct	tulu	layers.26.mlp.up_proj	26	up_proj	-0.0004735523834824562	-0.001234559342265129	0.00026194367674179346	0.8366208403862703	0.3794361444540291	-0.0003276599267301493	0.00013725436735224933	0.13326291761037484	-1.6007776328126058
llama_tulu	Llama-3.1-8B-Instruct	tulu	layers.26.self_attn.k_proj	26	k_proj	-9.398942347615957e-05	-0.0006603981426451355	0.0004096760007087131	0.9314156465302026	0.4829681227883155	2.599324307810053e-05	4.231436225255441e-05	0.021546656988318397	-0.4230566527869492
llama_tulu	Llama-3.1-8B-Instruct	tulu	layers.26.self_attn.o_proj	26	o_proj	-0.0002482441486790776	-0.0007162681518821046	0.00022776340483687794	0.4371582496368303	0.2821256376071077	-8.511692067442917e-05	4.785668976006037e-05	0.0655637233901787	-0.9016835086228169
llama_tulu	Llama-3.1-8B-Instruct	tulu	layers.26.self_attn.q_proj	26	q_proj	0.0006067934446036816	-5.3979473887011405e-05	0.0014228160725906491	0.9010743806753136	0.46903963345924493	0.00012060024367165302	7.958011204355516e-05	0.03166882060754777	1.7513564832221318
llama_tulu	Llama-3.1-8B-Instruct	tulu	layers.26.self_attn.v_proj	26	v_proj	-8.393195457756519e-05	-0.0005943836411461234	0.0004321715154219417	0.48916805880731357	0.2746561622944774	-1.0373042392945983e-05	2.7671700383483906e-05	0.04551918072703108	-0.39184999308645146
llama_tulu	Llama-3.1-8B-Instruct	tulu	layers.27.mlp.down_proj	27	down_proj	-0.00023676804266870022	-0.0006990217487327754	0.00021725605474784963	0.20717971281407707	0.2184321875345638	-2.9395404303329353e-05	6.997918974357718e-05	0.030327772360631392	-0.866075053000077
llama_tulu	Llama-3.1-8B-Instruct	tulu	layers.27.mlp.gate_proj	27	gate_proj	-7.217173697426915e-05	-0.00092824781750096	0.0008988965360913425	0.9800149198087198	0.7243312517983326	-0.00027633515348322114	0.00012582800494510368	0.1676342596470711	-0.35535998626165743
llama_tulu	Llama-3.1-8B-Instruct	tulu	layers.27.mlp.up_proj	27	up_proj	0.0003766946610994637	-0.0003480710132862441	0.00119358488736907	0.8183951572086253	0.3270261612794919	-0.00017996452937884695	0.00013549612511268023	0.11709189044808559	1.0373980800976454
llama_tulu	Llama-3.1-8B-Instruct	tulu	layers.27.self_attn.k_proj	27	k_proj	0.00017675827257335186	-0.0003102423332165927	0.00066693474072963	0.3868441956802264	0.322306981188299	4.732704100460964e-06	2.9900409841468714e-05	0.010017550646932657	0.4170285913734121
llama_tulu	Llama-3.1-8B-Instruct	tulu	layers.27.self_attn.o_proj	27	o_proj	9.29530942812562e-05	-0.0003822609462076798	0.0005760754778748376	0.4172951174873619	0.20646612373911954	-7.506200055242012e-05	6.313935185815914e-05	0.060334624716255614	0.15699500772827868
llama_tulu	Llama-3.1-8B-Instruct	tulu	layers.27.self_attn.q_proj	27	q_proj	-0.000283949775621295	-0.0008702426799573004	0.0002650131122209123	0.5641126343668481	0.2976601828607059	-5.800152285906304e-05	6.704765930374606e-05	0.018636262107711188	-1.0124721534213534
llama_tulu	Llama-3.1-8B-Instruct	tulu	layers.27.self_attn.v_proj	27	v_proj	6.612279685214162e-05	-0.00046325600706040857	0.0006018902640789728	0.6871161766441484	0.36538671721503896	-5.110327705406984e-05	3.058929010000007e-05	0.05372424558809299	0.07374503997043298
llama_tulu	Llama-3.1-8B-Instruct	tulu	layers.28.mlp.down_proj	28	down_proj	0.0002584264148026705	-0.0002317685226444155	0.000752139207907021	0.5217985960276595	0.4437973811439864	-8.353019206148631e-05	6.146705123961537e-05	0.02874721643562918	0.6704313061735924
llama_tulu	Llama-3.1-8B-Instruct	tulu	layers.28.mlp.gate_proj	28	gate_proj	-0.0001730340882204473	-0.0011057851093937642	0.000900967174675315	0.9635310017862125	0.7302020063959986	-0.00015526295588818282	0.00012484539707800055	0.15452278583365073	-0.6683191516011056
llama_tulu	Llama-3.1-8B-Instruct	tulu	layers.28.mlp.up_proj	28	up_proj	-0.00022665888536721468	-0.0007832287781639024	0.00035193013318348673	0.8165225512703199	0.34700887374158884	-0.0001236595960754618	0.00015183248595279815	0.10220074978247876	-0.8347080127489904
llama_tulu	Llama-3.1-8B-Instruct	tulu	layers.28.self_attn.k_proj	28	k_proj	-1.2499571312218904e-05	-0.00045040257537039	0.00042538594716461347	0.36285996251033936	0.2818727535211159	-7.098986448704888e-06	3.636480024840583e-05	0.007422517101407284	-0.1702071425210635
llama_tulu	Llama-3.1-8B-Instruct	tulu	layers.28.self_attn.o_proj	28	o_proj	6.896763807162642e-05	-0.00035338420420885083	0.0004894371028058228	0.26032519225455375	0.15879717591354436	-1.1849205257488867e-05	5.522204474383477e-05	0.05068736936043593	0.08257211094957553
llama_tulu	Llama-3.1-8B-Instruct	tulu	layers.28.self_attn.q_proj	28	q_proj	0.00023532111663371325	-0.00040898894367273896	0.0010581383539829403	0.7842948237811008	0.34598566530086744	-3.274635339909971e-05	6.483392136814899e-05	0.022465230456849568	0.5987393939731029
llama_tulu	Llama-3.1-8B-Instruct	tulu	layers.28.self_attn.v_proj	28	v_proj	-3.711326280608773e-05	-0.00041637940885266286	0.00033928577613551164	0.33131913249636946	0.3408637866906315	-1.16813520526769e-06	2.495298624170659e-05	0.0366596668539626	-0.2465793493025879
llama_tulu	Llama-3.1-8B-Instruct	tulu	layers.29.mlp.down_proj	29	down_proj	-3.6001845728605986e-05	-0.0005752467244747095	0.0005624116005492392	0.39744962712959386	0.3897369062102244	-2.1484037402743615e-05	6.0462058040151256e-05	0.02910641991251421	-0.24313080624747174
llama_tulu	Llama-3.1-8B-Instruct	tulu	layers.29.mlp.gate_proj	29	gate_proj	-0.0006669244612567127	-0.0016366294425097295	0.00017170498758787203	0.952402528614527	0.608415646878518	0.0001772879466864222	0.00014202556210893787	0.14614191357317247	-2.2007791528295138
llama_tulu	Llama-3.1-8B-Instruct	tulu	layers.29.mlp.up_proj	29	up_proj	0.0003296908689662814	-0.0006087468209443614	0.0013007999048568306	0.9006137265960376	0.4708561232741791	-0.00023950553477211978	0.00017650404382522347	0.11724473401071668	0.8915531005582948
llama_tulu	Llama-3.1-8B-Instruct	tulu	layers.29.self_attn.k_proj	29	k_proj	-0.0002088380861096084	-0.0006974136907956563	0.0002979349548695606	0.7099439530491931	0.3553582969883223	-3.5376163674818336e-05	3.256963787320796e-05	0.011007684855727727	-0.7794130251501995
llama_tulu	Llama-3.1-8B-Instruct	tulu	layers.29.self_attn.o_proj	29	o_proj	-0.00017620244761928916	-0.0007614751870278269	0.0003913238353561607	0.5769546179599927	0.2535559050414002	3.159866697909452e-05	4.204936376470608e-05	0.058218150678119016	-0.6781500458912535
llama_tulu	Llama-3.1-8B-Instruct	tulu	layers.29.self_attn.q_proj	29	q_proj	0.00018535606795921922	-0.0002645961139933206	0.0006433710339479145	0.5577802047583568	0.28280382041943714	-1.3363586157039563e-06	5.7646583732158174e-05	0.012119116104882094	0.4437061259983286
llama_tulu	Llama-3.1-8B-Instruct	tulu	layers.29.self_attn.v_proj	29	v_proj	0.00041909143328666687	4.963367246091463e-07	0.0008618931053206324	0.6647945233339623	0.3744929917222001	-3.778306935886589e-05	2.3848670018238942e-05	0.05787854826260607	1.1689482400221258
llama_tulu	Llama-3.1-8B-Instruct	tulu	layers.3.mlp.down_proj	3	down_proj	-9.88519168458879e-05	-0.0007766876005916856	0.0005179992018383925	0.3590702240404831	0.30001209709194926	9.052376565895285e-05	6.764337390161102e-05	0.02377413581404848	-0.4381441641096286
llama_tulu	Llama-3.1-8B-Instruct	tulu	layers.3.mlp.gate_proj	3	gate_proj	-3.6426528822630644e-05	-0.0009106045195949264	0.000753093617095146	0.8496920058601537	0.34349705190123625	-0.0002674555082775127	9.991451428096949e-05	0.06712612678721133	-0.24444852752798538
llama_tulu	Llama-3.1-8B-Instruct	tulu	layers.3.mlp.up_proj	3	up_proj	3.70422494597733e-05	-0.0007283520884811878	0.000779279743437655	0.2167870195823095	0.177731991866025	-6.186261981831977e-05	0.00011399714924266953	0.042093919987402355	-0.0164870806085993
llama_tulu	Llama-3.1-8B-Instruct	tulu	layers.3.self_attn.k_proj	3	k_proj	0.0006361824925988913	0.00011190536315552892	0.0012240622134413568	0.41525985716892544	0.2634817128604121	1.2071221947742632e-05	4.5848487527180205e-05	0.004140000797114526	1.842545830060309
llama_tulu	Llama-3.1-8B-Instruct	tulu	layers.3.self_attn.o_proj	3	o_proj	-0.00016030296683311462	-0.0008867832948453724	0.0005185990827158093	0.3509333505543305	0.21021548306821283	-5.2116747278093375e-05	7.923615372778277e-05	0.047208849043081605	-0.6288165911909267
llama_tulu	Llama-3.1-8B-Instruct	tulu	layers.3.self_attn.q_proj	3	q_proj	0.00032344303326681256	-0.000464764327625744	0.0010347089904826133	0.45377753816438976	0.2207338612508434	-2.6081327999352935e-06	7.747347277830068e-05	0.005747734323784696	0.8721671015058697
llama_tulu	Llama-3.1-8B-Instruct	tulu	layers.3.self_attn.v_proj	3	v_proj	0.0005571708315983415	-2.6797674945555603e-05	0.0011494638602016494	0.39065945032704924	0.25950647711864244	-4.7790553132379636e-05	4.824598197494851e-05	0.03744254319889057	1.5973857363950084
llama_tulu	Llama-3.1-8B-Instruct	tulu	layers.30.mlp.down_proj	30	down_proj	-0.00010318274144083261	-0.0006406295113265514	0.0004280122084310275	0.46243227603427617	0.4088318015173527	0.00012563024764022048	0.00011839703066324122	0.04427539959862232	-0.45158199530947196
llama_tulu	Llama-3.1-8B-Instruct	tulu	layers.30.mlp.gate_proj	30	gate_proj	-0.0014122874126769602	-0.0023074621698469856	-0.0006069416995160287	0.9540477295352222	0.7203951306151808	-4.324547281780126e-05	0.00016025413222871764	0.11844069637899544	-4.513516901546899
llama_tulu	Llama-3.1-8B-Instruct	tulu	layers.30.mlp.up_proj	30	up_proj	-0.0004926391993649304	-0.0011495534010464326	0.00012701240193564392	0.8529140345415046	0.44497563500519066	-0.0002223257665561637	0.0002030820981710925	0.0693391340636324	-1.6600008602484542
llama_tulu	Llama-3.1-8B-Instruct	tulu	layers.30.self_attn.k_proj	30	k_proj	-0.00010810047388076782	-0.0006174791837111115	0.0003827193402685221	0.947133135743876	0.5510878206181482	2.2528256105472148e-05	5.714471020717055e-05	0.029206791370718747	-0.46684090431515674
llama_tulu	Llama-3.1-8B-Instruct	tulu	layers.30.self_attn.o_proj	30	o_proj	-6.199884228408337e-05	-0.00041765453061088915	0.00033572923275642085	0.472703909880002	0.2264370458800211	9.757222439009283e-06	6.322753032724636e-05	0.0782255171131306	-0.3237951794532569
llama_tulu	Llama-3.1-8B-Instruct	tulu	layers.30.self_attn.q_proj	30	q_proj	-0.00013375835260376334	-0.0007643984092283062	0.00042782057425938525	0.9294441403363988	0.48647327252293027	-8.885704446085536e-05	7.719370465288474e-05	0.041055811506064126	-0.546453051070795
llama_tulu	Llama-3.1-8B-Instruct	tulu	layers.30.self_attn.v_proj	30	v_proj	0.00010832271073013544	-0.00041061842639464883	0.000643870886415243	0.5965596283786159	0.2726881334142583	-1.0405153731984668e-05	2.9132158386750125e-05	0.03704531724861894	0.20468438117634175
llama_tulu	Llama-3.1-8B-Instruct	tulu	layers.31.mlp.down_proj	31	down_proj	8.925539441406727e-05	-0.0003640766255557537	0.0005902314151171593	0.164698735513001	0.1985945988465337	-0.00022129626080603996	0.0003118186839592367	0.021357361698834513	0.14552165766442038
llama_tulu	Llama-3.1-8B-Instruct	tulu	layers.31.mlp.gate_proj	31	gate_proj	-0.00031389767536893487	-0.0013314575742697343	0.0009097033427678975	0.9677743302999537	0.7272624382520434	3.9946870353200664e-05	0.0001955954526039444	0.06772111933887291	-1.1053955246584084
llama_tulu	Llama-3.1-8B-Instruct	tulu	layers.31.mlp.up_proj	31	up_proj	-0.00036931101931259036	-0.0011510009644553065	0.00037014007102698077	0.7812847113449441	0.39268954647851806	-0.00034671971923974654	0.0002755088302788123	0.029321096954760182	-1.277333950195869
llama_tulu	Llama-3.1-8B-Instruct	tulu	layers.31.self_attn.k_proj	31	k_proj	0.00016311637591570616	-0.00015553974080830812	0.0004814781423192468	0.5191051187465671	0.2898316370338278	1.4562145532116235e-05	4.768440170811001e-05	0.008410385911263944	0.37470004619401764
llama_tulu	Llama-3.1-8B-Instruct	tulu	layers.31.self_attn.o_proj	31	o_proj	5.552207585424185e-05	-0.0002821595669956878	0.00040216415363829576	0.35311910206261166	0.2533439520486217	-6.121108030913083e-05	8.568087852596655e-05	0.03736876608467222	0.04085275901019923
llama_tulu	Llama-3.1-8B-Instruct	tulu	layers.31.self_attn.q_proj	31	q_proj	-0.00033017114037647843	-0.0008979207093943841	0.00018205116357421496	0.6541265739736528	0.2839300674720852	5.188220310967527e-05	0.0001054146641244426	0.01385331503678425	-1.1558893904370384
llama_tulu	Llama-3.1-8B-Instruct	tulu	layers.31.self_attn.v_proj	31	v_proj	0.0001989187439903617	-4.519910144153982e-05	0.0004558566142804919	0.1980096467721183	0.19231507424969713	-1.569848623910149e-05	4.0658144004353536e-05	0.021313203647454596	0.48578886269872373
llama_tulu	Llama-3.1-8B-Instruct	tulu	layers.4.mlp.down_proj	4	down_proj	0.00031229661544784904	-0.00046878433786332605	0.0010971745985443701	0.3403765534400762	0.2920318728564603	-1.7959613452734247e-05	9.74290506967027e-05	0.028395963263019363	0.8375816137193182
llama_tulu	Llama-3.1-8B-Instruct	tulu	layers.4.mlp.gate_proj	4	gate_proj	0.0002027481677941978	-0.0003922300573321991	0.0008309851080412045	0.7128811765691855	0.28181536611263436	-0.00015272278254887048	0.00010440530516192553	0.0523699173920725	0.49767093031436416
llama_tulu	Llama-3.1-8B-Instruct	tulu	layers.4.mlp.up_proj	4	up_proj	-4.486413672566414e-06	-0.000691438716603443	0.0006096855795476582	0.18818456787199547	0.1839527535990951	1.5693581608339865e-05	0.00013251984039618227	0.03708975261939755	-0.14534364196159097
llama_tulu	Llama-3.1-8B-Instruct	tulu	layers.4.self_attn.k_proj	4	k_proj	0.0003675845800898969	-0.0002658405981492251	0.0010795375375892034	0.45427552735980303	0.3323255892300226	4.506403709551393e-05	3.987572602310396e-05	0.004815019107456072	1.0091310080563638
llama_tulu	Llama-3.1-8B-Instruct	tulu	layers.4.self_attn.o_proj	4	o_proj	0.0003135644947178662	-0.0004158423384069465	0.0010802647375385275	0.27322117173982247	0.19121446241995238	-2.0743953742698676e-06	9.065382089907651e-05	0.050971364404779826	0.8415156330356762
llama_tulu	Llama-3.1-8B-Instruct	tulu	layers.4.self_attn.q_proj	4	q_proj	6.894406396895647e-05	-0.0007474463229300454	0.0008403570711379868	0.3917279166093785	0.20291235985111541	-0.00013214426658040944	0.00010424904623196392	0.006408837741134387	0.0824989644146786
llama_tulu	Llama-3.1-8B-Instruct	tulu	layers.4.self_attn.v_proj	4	v_proj	0.0007544623222202063	-1.0418822057545182e-05	0.0016464965825434771	0.6567542430490714	0.4615818776748092	-7.745156851789745e-05	5.4698042995952485e-05	0.05838309126962834	2.209548545121262
llama_tulu	Llama-3.1-8B-Instruct	tulu	layers.5.mlp.down_proj	5	down_proj	0.000496594759169966	-0.00013409428793238474	0.0012163931984105147	0.39766809016449345	0.3926770412438117	-6.37433740946978e-05	9.525548939813642e-05	0.029554211134946662	1.4094282197151196
llama_tulu	Llama-3.1-8B-Instruct	tulu	layers.5.mlp.gate_proj	5	gate_proj	-0.00012287992285564542	-0.001034635864198208	0.0007182946224929765	0.9296983882884038	0.5345533403842981	0.00012323052679126824	0.00014006286331528204	0.08196009090044708	-0.5126990858686025
llama_tulu	Llama-3.1-8B-Instruct	tulu	layers.5.mlp.up_proj	5	up_proj	0.00035311729880049825	-0.000271390336274635	0.0010358952931710519	0.29061625061392093	0.17483972160123135	-0.00011292976466913102	0.00015166400455822606	0.03655791047450808	0.9642414311119359
llama_tulu	Llama-3.1-8B-Instruct	tulu	layers.5.self_attn.k_proj	5	k_proj	0.0003521873732097447	-0.00021270114375511185	0.000922881810402032	0.35362268445361683	0.2695946549790478	-1.0293710702146918e-05	4.606147763705671e-05	0.005449308626266877	0.9613560260711621
llama_tulu	Llama-3.1-8B-Instruct	tulu	layers.5.self_attn.o_proj	5	o_proj	0.00015109666856005788	-0.0003500224818708375	0.0006928282018634489	0.16456525138271427	0.17629740112936115	-5.767135805087392e-05	9.94458948069778e-05	0.059375674850683	0.3374048856591729
llama_tulu	Llama-3.1-8B-Instruct	tulu	layers.5.self_attn.q_proj	5	q_proj	-0.0003421708242967725	-0.0009769863419933245	0.0002455821493640534	0.3446177888120179	0.21021870144969537	-1.1156512024954026e-05	6.959525037303806e-05	0.007097641141209627	-1.1931224215694027
llama_tulu	Llama-3.1-8B-Instruct	tulu	layers.5.self_attn.v_proj	5	v_proj	0.0005418525543063879	-8.916156948544086e-05	0.0012442703708074984	0.5555184260089047	0.35066808454046644	3.8913105300683685e-05	6.207196169449836e-05	0.055813263184788214	1.5498556598451654
llama_tulu	Llama-3.1-8B-Instruct	tulu	layers.6.mlp.down_proj	6	down_proj	0.0005147334304638207	-0.00015688358980696647	0.0012513507681433111	0.3610308495464416	0.27484087889907627	5.6745459630869504e-05	0.00010271776553619201	0.03129428406401635	1.465709511578286
llama_tulu	Llama-3.1-8B-Instruct	tulu	layers.6.mlp.gate_proj	6	gate_proj	0.0002625848865136504	-0.00043631093867588786	0.0009802283981116488	0.6445370425596836	0.35786971023519076	-0.0002224308394944615	0.00013737762389286526	0.05385713808373236	0.6833343549294115
llama_tulu	Llama-3.1-8B-Instruct	tulu	layers.6.mlp.up_proj	6	up_proj	0.0001276934053748846	-0.00045634563430212437	0.0007483097200747562	0.22614685467224352	0.16669734309161682	4.5922118906104565e-05	0.00016086861027191923	0.03365955090190419	0.26478843737933183
llama_tulu	Llama-3.1-8B-Instruct	tulu	layers.6.self_attn.k_proj	6	k_proj	-0.0001410742406733334	-0.0008394912932999432	0.0005656965135131029	0.4672184684907888	0.28426269181063807	6.417976910255318e-08	3.8277562219863824e-05	0.005167022383143788	-0.5691530396758715
llama_tulu	Llama-3.1-8B-Instruct	tulu	layers.6.self_attn.o_proj	6	o_proj	0.0001132813049480319	-0.0005147202755324543	0.0007522031373810022	0.2055549250721668	0.18617316086180427	-5.078039846664722e-05	0.000108595456957679	0.06289058670671376	0.22007007750918123
llama_tulu	Llama-3.1-8B-Instruct	tulu	layers.6.self_attn.q_proj	6	q_proj	0.000656150106806308	-3.838566626654937e-05	0.0013943798243417397	0.5702800197024871	0.2597898371454656	3.8485373667175674e-05	7.891777815281908e-05	0.009621676582891274	1.9045020287703807
llama_tulu	Llama-3.1-8B-Instruct	tulu	layers.6.self_attn.v_proj	6	v_proj	-0.00022665574215352535	-0.0007836531440261751	0.0003462271473836152	0.5601299697369981	0.3254434367546102	9.08668198253511e-06	6.643159471772454e-05	0.0507638899228867	-0.8346982598776709
llama_tulu	Llama-3.1-8B-Instruct	tulu	layers.7.mlp.down_proj	7	down_proj	-0.00017108669271692634	-0.0008018330132472329	0.0004383115330710999	0.6308225835126109	0.5359748515403931	7.320372270811908e-05	0.00010246871454144612	0.035820491796074785	-0.6622767059924344
llama_tulu	Llama-3.1-8B-Instruct	tulu	layers.7.mlp.gate_proj	7	gate_proj	-8.854764746502042e-05	-0.0007989955294760876	0.0006327315291855483	0.8201675502944054	0.3961017428213616	-0.00038830995904610315	0.00014748596913862025	0.06156867198789527	-0.40617172340181484
llama_tulu	Llama-3.1-8B-Instruct	tulu	layers.7.mlp.up_proj	7	up_proj	-0.00011812022421509027	-0.0007361588970525191	0.0005347341066226351	0.212174872768355	0.180457829435816	-0.00031178504708212647	0.00018250411650589721	0.03531440846509015	-0.49793052955981937
llama_tulu	Llama-3.1-8B-Instruct	tulu	layers.7.self_attn.k_proj	7	k_proj	0.00016852968838065863	-0.00044227550097275525	0.0007996381726115942	0.48072987302791675	0.35657005482397713	-3.4666843560744704e-05	3.92002173225759e-05	0.005090794405482037	0.3914966579110913
llama_tulu	Llama-3.1-8B-Instruct	tulu	layers.7.self_attn.o_proj	7	o_proj	0.00016378815053030849	-0.00044289061333984135	0.0007753036450594663	0.29700889274197634	0.26147215701390203	-7.551053835867528e-05	0.00012126425342184465	0.05370101833056847	0.376784451525488
llama_tulu	Llama-3.1-8B-Instruct	tulu	layers.7.self_attn.q_proj	7	q_proj	0.0003892381791956723	-0.00019824936462100595	0.0010291030863299963	0.3974179157664899	0.20317311571114866	-7.328679324732193e-05	8.727991883354418e-05	0.008243740147784723	1.0763185385770273
llama_tulu	Llama-3.1-8B-Instruct	tulu	layers.7.self_attn.v_proj	7	v_proj	-0.0002188666840083897	-0.000845755307818763	0.0004144893930060781	0.3082480062236877	0.262802143731719	-4.992178676792494e-05	5.394794044794946e-05	0.04363944658576047	-0.8105301029215396
llama_tulu	Llama-3.1-8B-Instruct	tulu	layers.8.mlp.down_proj	8	down_proj	-0.00026232219533994794	-0.0008990792077383957	0.00031012763356556963	0.38280492210967115	0.3402584647182778	-5.884699454923837e-06	9.43872122429108e-05	0.03078758978840932	-0.9453653550021687
llama_tulu	Llama-3.1-8B-Instruct	tulu	layers.8.mlp.gate_proj	8	gate_proj	-0.0005753351142629981	-0.0014180439990013837	0.00023729516542516453	0.827319606181752	0.40672247587046	-0.0002388218963032193	0.00016273786891293809	0.057106196604054936	-1.9165925833614128
llama_tulu	Llama-3.1-8B-Instruct	tulu	layers.8.mlp.up_proj	8	up_proj	-6.86446437612176e-05	-0.0006747251783963293	0.0005541212187381449	0.39184912799741667	0.24009258720819404	-3.544506269336125e-05	0.0001639321850072298	0.035100591687645545	-0.34441600037997916
llama_tulu	Llama-3.1-8B-Instruct	tulu	layers.8.self_attn.k_proj	8	k_proj	0.00014007481513544917	-0.0003487304100417532	0.0006569525183294898	0.3352053742007687	0.24567757515819896	-1.9147156927139887e-05	3.507250903692538e-05	0.005391500544683087	0.30320590055084207
llama_tulu	Llama-3.1-8B-Instruct	tulu	layers.8.self_attn.o_proj	8	o_proj	-9.087752550840378e-05	-0.0009001757600344718	0.0009042313846293831	0.2553593385201488	0.20832715554376594	-7.099096377643816e-05	0.00013149202357962743	0.0669259921325106	-0.4134009489630977
llama_tulu	Llama-3.1-8B-Instruct	tulu	layers.8.self_attn.q_proj	8	q_proj	0.0003565846127457917	-0.00024844571016728877	0.0009953843982657398	0.2244192599965054	0.19358605304655893	-4.344016064438777e-05	8.719289593632775e-05	0.00954090453070369	0.9749999318298138
llama_tulu	Llama-3.1-8B-Instruct	tulu	layers.8.self_attn.v_proj	8	v_proj	1.640839036554098e-05	-0.00047265152097679674	0.000524339385447091	0.3771939533414161	0.30833868501541317	-7.332853604902183e-06	5.9994325618459884e-05	0.044454228459883775	-0.08051052682096803
llama_tulu	Llama-3.1-8B-Instruct	tulu	layers.9.mlp.down_proj	9	down_proj	0.00021923333406448364	-0.00037562583456747235	0.0008487235696520645	0.3248116444020053	0.31527451512940263	-0.0001811390779667124	0.00011259021582353057	0.033000859357281566	0.5488216700372414
llama_tulu	Llama-3.1-8B-Instruct	tulu	layers.9.mlp.gate_proj	9	gate_proj	-0.00021721579832956195	-0.000811292250000406	0.00040395301184616817	0.8357361695827755	0.3924288220808562	-3.907805725571515e-05	0.0001394591949294243	0.0512036904217728	-0.8054076781740165
llama_tulu	Llama-3.1-8B-Instruct	tulu	layers.9.mlp.up_proj	9	up_proj	0.00037915032589808106	-0.00023182100412668657	0.0009923675155732782	0.17624721632372045	0.18898040923072576	-0.0002642860817486468	0.00020071632554567376	0.033386515624416864	1.0450176011204402
llama_tulu	Llama-3.1-8B-Instruct	tulu	layers.9.self_attn.k_proj	9	k_proj	0.00033349316800013185	-0.00040135305607691407	0.001073749380884692	0.8350699065139678	0.4253533889428012	4.440533786784483e-05	3.988096655105323e-05	0.009824739223113096	0.9033510045066218
llama_tulu	Llama-3.1-8B-Instruct	tulu	layers.9.self_attn.o_proj	9	o_proj	-0.00022827612701803446	-0.0008555529260775074	0.00037430279771797265	0.2543880156784911	0.22089020738772844	-5.696607137920954e-05	0.00016383109179828948	0.0654039669362523	-0.8397260456516482
llama_tulu	Llama-3.1-8B-Instruct	tulu	layers.9.self_attn.q_proj	9	q_proj	3.678083885461092e-06	-0.000589470032718964	0.000581466637959238	0.3343941060430221	0.2295762939849598	1.948363488267286e-06	9.180856548436951e-05	0.009715115863994695	-0.12001055870895293
llama_tulu	Llama-3.1-8B-Instruct	tulu	layers.9.self_attn.v_proj	9	v_proj	0.00019972259178757668	-0.0005185004731174559	0.0009070740430615834	0.34481411031515874	0.27311321922608683	-7.832434278770103e-05	6.778478547078401e-05	0.03551540663391863	0.4882830692343451
