base_model,task,module,layer,module_type,dose_label,dose,lora_fro,head_fro,scalar_gamma_head_matched,suppressed_directions
Qwen3-8B,metamath,base_model.model.model.layers.0.mlp.down_proj,0,down_proj,0p00,0.0,1.0226041078567505,1.0226041078567505,1.0,2
Qwen3-8B,metamath,base_model.model.model.layers.0.mlp.down_proj,0,down_proj,0p25,0.25,1.0226041078567505,0.8301225900650024,0.8117731809616089,2
Qwen3-8B,metamath,base_model.model.model.layers.0.mlp.down_proj,0,down_proj,0p50,0.5,1.0226041078567505,0.6442902684211731,0.6300485730171204,2
Qwen3-8B,metamath,base_model.model.model.layers.0.mlp.down_proj,0,down_proj,1p00,1.0,1.0226041078567505,0.33910122513771057,0.33160558342933655,2
Qwen3-8B,metamath,base_model.model.model.layers.0.mlp.gate_proj,0,gate_proj,0p00,0.0,1.3915258646011353,1.3915258646011353,1.0,3
Qwen3-8B,metamath,base_model.model.model.layers.0.mlp.gate_proj,0,gate_proj,0p25,0.25,1.3915258646011353,1.183245062828064,0.8503220081329346,3
Qwen3-8B,metamath,base_model.model.model.layers.0.mlp.gate_proj,0,gate_proj,0p50,0.5,1.3915258646011353,0.9905943274497986,0.7118763327598572,3
Qwen3-8B,metamath,base_model.model.model.layers.0.mlp.gate_proj,0,gate_proj,1p00,1.0,1.3915258646011353,0.7043748497962952,0.5061888098716736,3
Qwen3-8B,metamath,base_model.model.model.layers.0.mlp.up_proj,0,up_proj,0p00,0.0,1.1493477821350098,1.1493477821350098,1.0,4
Qwen3-8B,metamath,base_model.model.model.layers.0.mlp.up_proj,0,up_proj,0p25,0.25,1.1493477821350098,1.0215623378753662,0.88881915807724,4
Qwen3-8B,metamath,base_model.model.model.layers.0.mlp.up_proj,0,up_proj,0p50,0.5,1.1493477821350098,0.9040321111679077,0.7865609526634216,4
Qwen3-8B,metamath,base_model.model.model.layers.0.mlp.up_proj,0,up_proj,1p00,1.0,1.1493477821350098,0.7196731567382812,0.6261578798294067,4
Qwen3-8B,metamath,base_model.model.model.layers.0.self_attn.k_proj,0,k_proj,0p00,0.0,0.3598513901233673,0.3598513901233673,1.0,5
Qwen3-8B,metamath,base_model.model.model.layers.0.self_attn.k_proj,0,k_proj,0p25,0.25,0.3598513901233673,0.3289613723754883,0.9141589403152466,5
Qwen3-8B,metamath,base_model.model.model.layers.0.self_attn.k_proj,0,k_proj,0p50,0.5,0.3598513901233673,0.2996669411659241,0.8327519297599792,5
Qwen3-8B,metamath,base_model.model.model.layers.0.self_attn.k_proj,0,k_proj,1p00,1.0,0.3598513901233673,0.24810484051704407,0.6894647479057312,5
Qwen3-8B,metamath,base_model.model.model.layers.0.self_attn.o_proj,0,o_proj,0p00,0.0,0.46373453736305237,0.46373453736305237,1.0,4
Qwen3-8B,metamath,base_model.model.model.layers.0.self_attn.o_proj,0,o_proj,0p25,0.25,0.46373453736305237,0.40171074867248535,0.866251528263092,4
Qwen3-8B,metamath,base_model.model.model.layers.0.self_attn.o_proj,0,o_proj,0p50,0.5,0.46373453736305237,0.34403887391090393,0.7418875098228455,4
Qwen3-8B,metamath,base_model.model.model.layers.0.self_attn.o_proj,0,o_proj,1p00,1.0,0.46373453736305237,0.25368010997772217,0.5470373630523682,4
Qwen3-8B,metamath,base_model.model.model.layers.0.self_attn.q_proj,0,q_proj,0p00,0.0,0.6270140409469604,0.6270140409469604,1.0,3
Qwen3-8B,metamath,base_model.model.model.layers.0.self_attn.q_proj,0,q_proj,0p25,0.25,0.6270140409469604,0.5462856888771057,0.8712495565414429,3
Qwen3-8B,metamath,base_model.model.model.layers.0.self_attn.q_proj,0,q_proj,0p50,0.5,0.6270140409469604,0.4712584912776947,0.7515916228294373,3
Qwen3-8B,metamath,base_model.model.model.layers.0.self_attn.q_proj,0,q_proj,1p00,1.0,0.6270140409469604,0.3528772294521332,0.5627899765968323,3
Qwen3-8B,metamath,base_model.model.model.layers.0.self_attn.v_proj,0,v_proj,0p00,0.0,0.2005968540906906,0.2005968540906906,1.0,4
Qwen3-8B,metamath,base_model.model.model.layers.0.self_attn.v_proj,0,v_proj,0p25,0.25,0.2005968540906906,0.17312532663345337,0.8630510568618774,4
Qwen3-8B,metamath,base_model.model.model.layers.0.self_attn.v_proj,0,v_proj,0p50,0.5,0.2005968540906906,0.1477605700492859,0.736604630947113,4
Qwen3-8B,metamath,base_model.model.model.layers.0.self_attn.v_proj,0,v_proj,1p00,1.0,0.2005968540906906,0.10925836861133575,0.5446664094924927,4
Qwen3-8B,metamath,base_model.model.model.layers.1.mlp.down_proj,1,down_proj,0p00,0.0,0.8360582590103149,0.8360582590103149,1.0,2
Qwen3-8B,metamath,base_model.model.model.layers.1.mlp.down_proj,1,down_proj,0p25,0.25,0.8360582590103149,0.6725588440895081,0.8044401407241821,2
Qwen3-8B,metamath,base_model.model.model.layers.1.mlp.down_proj,1,down_proj,0p50,0.5,0.8360582590103149,0.5151424407958984,0.6161561608314514,2
Qwen3-8B,metamath,base_model.model.model.layers.1.mlp.down_proj,1,down_proj,1p00,1.0,0.8360582590103149,0.265569806098938,0.3176451027393341,2
Qwen3-8B,metamath,base_model.model.model.layers.1.mlp.gate_proj,1,gate_proj,0p00,0.0,2.2890453338623047,2.2890453338623047,1.0,1
Qwen3-8B,metamath,base_model.model.model.layers.1.mlp.gate_proj,1,gate_proj,0p25,0.25,2.2890453338623047,1.7687067985534668,0.7726831436157227,1
Qwen3-8B,metamath,base_model.model.model.layers.1.mlp.gate_proj,1,gate_proj,0p50,0.5,2.2890453338623047,1.2512166500091553,0.5466107130050659,1
Qwen3-8B,metamath,base_model.model.model.layers.1.mlp.gate_proj,1,gate_proj,1p00,1.0,2.2890453338623047,0.2930077016353607,0.12800432741641998,1
Qwen3-8B,metamath,base_model.model.model.layers.1.mlp.up_proj,1,up_proj,0p00,0.0,0.6923354864120483,0.6923354864120483,1.0,3
Qwen3-8B,metamath,base_model.model.model.layers.1.mlp.up_proj,1,up_proj,0p25,0.25,0.6923354864120483,0.5676562786102295,0.8199150562286377,3
Qwen3-8B,metamath,base_model.model.model.layers.1.mlp.up_proj,1,up_proj,0p50,0.5,0.6923354864120483,0.4470040798187256,0.6456466317176819,3
Qwen3-8B,metamath,base_model.model.model.layers.1.mlp.up_proj,1,up_proj,1p00,1.0,0.6923354864120483,0.24288272857666016,0.3508165180683136,3
Qwen3-8B,metamath,base_model.model.model.layers.1.self_attn.k_proj,1,k_proj,0p00,0.0,0.44295406341552734,0.44295406341552734,1.0,5
Qwen3-8B,metamath,base_model.model.model.layers.1.self_attn.k_proj,1,k_proj,0p25,0.25,0.44295406341552734,0.3796174228191376,0.8570130467414856,5
Qwen3-8B,metamath,base_model.model.model.layers.1.self_attn.k_proj,1,k_proj,0p50,0.5,0.44295406341552734,0.31948772072792053,0.7212660312652588,5
Qwen3-8B,metamath,base_model.model.model.layers.1.self_attn.k_proj,1,k_proj,1p00,1.0,0.44295406341552734,0.21950896084308624,0.49555695056915283,5
Qwen3-8B,metamath,base_model.model.model.layers.1.self_attn.o_proj,1,o_proj,0p00,0.0,0.5290645956993103,0.5290645956993103,1.0,3
Qwen3-8B,metamath,base_model.model.model.layers.1.self_attn.o_proj,1,o_proj,0p25,0.25,0.5290645956993103,0.44059064984321594,0.8327729105949402,3
Qwen3-8B,metamath,base_model.model.model.layers.1.self_attn.o_proj,1,o_proj,0p50,0.5,0.5290645956993103,0.3570970892906189,0.6749593615531921,3
Qwen3-8B,metamath,base_model.model.model.layers.1.self_attn.o_proj,1,o_proj,1p00,1.0,0.5290645956993103,0.22776548564434052,0.43050599098205566,3
Qwen3-8B,metamath,base_model.model.model.layers.1.self_attn.q_proj,1,q_proj,0p00,0.0,1.0823616981506348,1.0823616981506348,1.0,2
Qwen3-8B,metamath,base_model.model.model.layers.1.self_attn.q_proj,1,q_proj,0p25,0.25,1.0823616981506348,0.8614673614501953,0.7959144711494446,2
Qwen3-8B,metamath,base_model.model.model.layers.1.self_attn.q_proj,1,q_proj,0p50,0.5,1.0823616981506348,0.6461400985717773,0.5969724059104919,2
Qwen3-8B,metamath,base_model.model.model.layers.1.self_attn.q_proj,1,q_proj,1p00,1.0,1.0823616981506348,0.28721874952316284,0.26536300778388977,2
Qwen3-8B,metamath,base_model.model.model.layers.1.self_attn.v_proj,1,v_proj,0p00,0.0,0.3601265549659729,0.3601265549659729,1.0,2
Qwen3-8B,metamath,base_model.model.model.layers.1.self_attn.v_proj,1,v_proj,0p25,0.25,0.3601265549659729,0.2869267165660858,0.7967385649681091,2
Qwen3-8B,metamath,base_model.model.model.layers.1.self_attn.v_proj,1,v_proj,0p50,0.5,0.3601265549659729,0.21530628204345703,0.5978628396987915,2
Qwen3-8B,metamath,base_model.model.model.layers.1.self_attn.v_proj,1,v_proj,1p00,1.0,0.3601265549659729,0.09272897988557816,0.25748997926712036,2
Qwen3-8B,metamath,base_model.model.model.layers.10.mlp.down_proj,10,down_proj,0p00,0.0,0.8183151483535767,0.8183151483535767,1.0,3
Qwen3-8B,metamath,base_model.model.model.layers.10.mlp.down_proj,10,down_proj,0p25,0.25,0.8183151483535767,0.6642069816589355,0.8116762638092041,3
Qwen3-8B,metamath,base_model.model.model.layers.10.mlp.down_proj,10,down_proj,0p50,0.5,0.8183151483535767,0.5155035853385925,0.6299572587013245,3
Qwen3-8B,metamath,base_model.model.model.layers.10.mlp.down_proj,10,down_proj,1p00,1.0,0.8183151483535767,0.27205827832221985,0.33246150612831116,3
Qwen3-8B,metamath,base_model.model.model.layers.10.mlp.gate_proj,10,gate_proj,0p00,0.0,2.1798593997955322,2.1798593997955322,1.0,2
Qwen3-8B,metamath,base_model.model.model.layers.10.mlp.gate_proj,10,gate_proj,0p25,0.25,2.1798593997955322,1.7468856573104858,0.8013753890991211,2
Qwen3-8B,metamath,base_model.model.model.layers.10.mlp.gate_proj,10,gate_proj,0p50,0.5,2.1798593997955322,1.3253270387649536,0.6079874038696289,2
Qwen3-8B,metamath,base_model.model.model.layers.10.mlp.gate_proj,10,gate_proj,1p00,1.0,2.1798593997955322,0.6176064014434814,0.2833239734172821,2
Qwen3-8B,metamath,base_model.model.model.layers.10.mlp.up_proj,10,up_proj,0p00,0.0,1.0965725183486938,1.0965725183486938,1.0,3
Qwen3-8B,metamath,base_model.model.model.layers.10.mlp.up_proj,10,up_proj,0p25,0.25,1.0965725183486938,0.9239452481269836,0.8425756096839905,3
Qwen3-8B,metamath,base_model.model.model.layers.10.mlp.up_proj,10,up_proj,0p50,0.5,1.0965725183486938,0.7622893452644348,0.6951563358306885,3
Qwen3-8B,metamath,base_model.model.model.layers.10.mlp.up_proj,10,up_proj,1p00,1.0,1.0965725183486938,0.5143208503723145,0.4690258502960205,3
Qwen3-8B,metamath,base_model.model.model.layers.10.self_attn.k_proj,10,k_proj,0p00,0.0,0.3494521379470825,0.3494521379470825,1.0,4
Qwen3-8B,metamath,base_model.model.model.layers.10.self_attn.k_proj,10,k_proj,0p25,0.25,0.3494521379470825,0.29337918758392334,0.839540421962738,4
Qwen3-8B,metamath,base_model.model.model.layers.10.self_attn.k_proj,10,k_proj,0p50,0.5,0.3494521379470825,0.23962809145450592,0.6857250928878784,4
Qwen3-8B,metamath,base_model.model.model.layers.10.self_attn.k_proj,10,k_proj,1p00,1.0,0.3494521379470825,0.14936330914497375,0.42742136120796204,4
Qwen3-8B,metamath,base_model.model.model.layers.10.self_attn.o_proj,10,o_proj,0p00,0.0,0.5145576000213623,0.5145576000213623,1.0,3
Qwen3-8B,metamath,base_model.model.model.layers.10.self_attn.o_proj,10,o_proj,0p25,0.25,0.5145576000213623,0.43533965945243835,0.846046507358551,3
Qwen3-8B,metamath,base_model.model.model.layers.10.self_attn.o_proj,10,o_proj,0p50,0.5,0.5145576000213623,0.3613036572933197,0.7021636962890625,3
Qwen3-8B,metamath,base_model.model.model.layers.10.self_attn.o_proj,10,o_proj,1p00,1.0,0.5145576000213623,0.24776148796081543,0.4815039038658142,3
Qwen3-8B,metamath,base_model.model.model.layers.10.self_attn.q_proj,10,q_proj,0p00,0.0,0.9855663776397705,0.9855663776397705,1.0,2
Qwen3-8B,metamath,base_model.model.model.layers.10.self_attn.q_proj,10,q_proj,0p25,0.25,0.9855663776397705,0.7853882312774658,0.7968902587890625,2
Qwen3-8B,metamath,base_model.model.model.layers.10.self_attn.q_proj,10,q_proj,0p50,0.5,0.9855663776397705,0.5908119678497314,0.5994644165039062,2
Qwen3-8B,metamath,base_model.model.model.layers.10.self_attn.q_proj,10,q_proj,1p00,1.0,0.9855663776397705,0.27147477865219116,0.27545052766799927,2
Qwen3-8B,metamath,base_model.model.model.layers.10.self_attn.v_proj,10,v_proj,0p00,0.0,0.2855031192302704,0.2855031192302704,1.0,3
Qwen3-8B,metamath,base_model.model.model.layers.10.self_attn.v_proj,10,v_proj,0p25,0.25,0.2855031192302704,0.23343117535114288,0.817613422870636,3
Qwen3-8B,metamath,base_model.model.model.layers.10.self_attn.v_proj,10,v_proj,0p50,0.5,0.2855031192302704,0.18303321301937103,0.6410900354385376,3
Qwen3-8B,metamath,base_model.model.model.layers.10.self_attn.v_proj,10,v_proj,1p00,1.0,0.2855031192302704,0.0980926901102066,0.3435783386230469,3
Qwen3-8B,metamath,base_model.model.model.layers.11.mlp.down_proj,11,down_proj,0p00,0.0,0.6874189376831055,0.6874189376831055,1.0,2
Qwen3-8B,metamath,base_model.model.model.layers.11.mlp.down_proj,11,down_proj,0p25,0.25,0.6874189376831055,0.5699018836021423,0.8290459513664246,2
Qwen3-8B,metamath,base_model.model.model.layers.11.mlp.down_proj,11,down_proj,0p50,0.5,0.6874189376831055,0.45835384726524353,0.666775107383728,2
Qwen3-8B,metamath,base_model.model.model.layers.11.mlp.down_proj,11,down_proj,1p00,1.0,0.6874189376831055,0.2825925350189209,0.4110921621322632,2
Qwen3-8B,metamath,base_model.model.model.layers.11.mlp.gate_proj,11,gate_proj,0p00,0.0,2.0498385429382324,2.0498385429382324,1.0,3
Qwen3-8B,metamath,base_model.model.model.layers.11.mlp.gate_proj,11,gate_proj,0p25,0.25,2.0498385429382324,1.6601479053497314,0.8098920583724976,3
Qwen3-8B,metamath,base_model.model.model.layers.11.mlp.gate_proj,11,gate_proj,0p50,0.5,2.0498385429382324,1.2837337255477905,0.6262608766555786,3
Qwen3-8B,metamath,base_model.model.model.layers.11.mlp.gate_proj,11,gate_proj,1p00,1.0,2.0498385429382324,0.66679847240448,0.3252931535243988,3
Qwen3-8B,metamath,base_model.model.model.layers.11.mlp.up_proj,11,up_proj,0p00,0.0,1.0784624814987183,1.0784624814987183,1.0,4
Qwen3-8B,metamath,base_model.model.model.layers.11.mlp.up_proj,11,up_proj,0p25,0.25,1.0784624814987183,0.9393600821495056,0.8710178732872009,4
Qwen3-8B,metamath,base_model.model.model.layers.11.mlp.up_proj,11,up_proj,0p50,0.5,1.0784624814987183,0.8113638162612915,0.7523338198661804,4
Qwen3-8B,metamath,base_model.model.model.layers.11.mlp.up_proj,11,up_proj,1p00,1.0,1.0784624814987183,0.6163864731788635,0.5715419054031372,4
Qwen3-8B,metamath,base_model.model.model.layers.11.self_attn.k_proj,11,k_proj,0p00,0.0,0.4295588433742523,0.4295588433742523,1.0,2
Qwen3-8B,metamath,base_model.model.model.layers.11.self_attn.k_proj,11,k_proj,0p25,0.25,0.4295588433742523,0.35284653306007385,0.8214160799980164,2
Qwen3-8B,metamath,base_model.model.model.layers.11.self_attn.k_proj,11,k_proj,0p50,0.5,0.4295588433742523,0.2786601781845093,0.6487124562263489,2
Qwen3-8B,metamath,base_model.model.model.layers.11.self_attn.k_proj,11,k_proj,1p00,1.0,0.4295588433742523,0.15318624675273895,0.3566129505634308,2
Qwen3-8B,metamath,base_model.model.model.layers.11.self_attn.o_proj,11,o_proj,0p00,0.0,0.6056560277938843,0.6056560277938843,1.0,4
Qwen3-8B,metamath,base_model.model.model.layers.11.self_attn.o_proj,11,o_proj,0p25,0.25,0.6056560277938843,0.5308367013931274,0.8764656186103821,4
Qwen3-8B,metamath,base_model.model.model.layers.11.self_attn.o_proj,11,o_proj,0p50,0.5,0.6056560277938843,0.4620886743068695,0.7629556059837341,4
Qwen3-8B,metamath,base_model.model.model.layers.11.self_attn.o_proj,11,o_proj,1p00,1.0,0.6056560277938843,0.35680872201919556,0.5891276597976685,4
Qwen3-8B,metamath,base_model.model.model.layers.11.self_attn.q_proj,11,q_proj,0p00,0.0,1.00970458984375,1.00970458984375,1.0,3
Qwen3-8B,metamath,base_model.model.model.layers.11.self_attn.q_proj,11,q_proj,0p25,0.25,1.00970458984375,0.8274776935577393,0.8195245265960693,3
Qwen3-8B,metamath,base_model.model.model.layers.11.self_attn.q_proj,11,q_proj,0p50,0.5,1.00970458984375,0.6523903012275696,0.6461199522018433,3
Qwen3-8B,metamath,base_model.model.model.layers.11.self_attn.q_proj,11,q_proj,1p00,1.0,1.00970458984375,0.36665207147598267,0.36312806606292725,3
Qwen3-8B,metamath,base_model.model.model.layers.11.self_attn.v_proj,11,v_proj,0p00,0.0,0.4179837107658386,0.4179837107658386,1.0,3
Qwen3-8B,metamath,base_model.model.model.layers.11.self_attn.v_proj,11,v_proj,0p25,0.25,0.4179837107658386,0.33554476499557495,0.8027699589729309,3
Qwen3-8B,metamath,base_model.model.model.layers.11.self_attn.v_proj,11,v_proj,0p50,0.5,0.4179837107658386,0.25548604130744934,0.6112344264984131,3
Qwen3-8B,metamath,base_model.model.model.layers.11.self_attn.v_proj,11,v_proj,1p00,1.0,0.4179837107658386,0.1226678341627121,0.2934751510620117,3
Qwen3-8B,metamath,base_model.model.model.layers.12.mlp.down_proj,12,down_proj,0p00,0.0,0.6235533356666565,0.6235533356666565,1.0,4
Qwen3-8B,metamath,base_model.model.model.layers.12.mlp.down_proj,12,down_proj,0p25,0.25,0.6235533356666565,0.5394542813301086,0.8651293516159058,4
Qwen3-8B,metamath,base_model.model.model.layers.12.mlp.down_proj,12,down_proj,0p50,0.5,0.6235533356666565,0.4608778953552246,0.7391154170036316,4
Qwen3-8B,metamath,base_model.model.model.layers.12.mlp.down_proj,12,down_proj,1p00,1.0,0.6235533356666565,0.33588579297065735,0.5386641025543213,4
Qwen3-8B,metamath,base_model.model.model.layers.12.mlp.gate_proj,12,gate_proj,0p00,0.0,1.934185266494751,1.934185266494751,1.0,3
Qwen3-8B,metamath,base_model.model.model.layers.12.mlp.gate_proj,12,gate_proj,0p25,0.25,1.934185266494751,1.567335605621338,0.8103337287902832,3
Qwen3-8B,metamath,base_model.model.model.layers.12.mlp.gate_proj,12,gate_proj,0p50,0.5,1.934185266494751,1.2149450778961182,0.6281430721282959,3
Qwen3-8B,metamath,base_model.model.model.layers.12.mlp.gate_proj,12,gate_proj,1p00,1.0,1.934185266494751,0.6537869572639465,0.33801671862602234,3
Qwen3-8B,metamath,base_model.model.model.layers.12.mlp.up_proj,12,up_proj,0p00,0.0,0.993429958820343,0.993429958820343,1.0,5
Qwen3-8B,metamath,base_model.model.model.layers.12.mlp.up_proj,12,up_proj,0p25,0.25,0.993429958820343,0.8895147442817688,0.8953975439071655,5
Qwen3-8B,metamath,base_model.model.model.layers.12.mlp.up_proj,12,up_proj,0p50,0.5,0.993429958820343,0.793917715549469,0.7991682887077332,5
Qwen3-8B,metamath,base_model.model.model.layers.12.mlp.up_proj,12,up_proj,1p00,1.0,0.993429958820343,0.6423776745796204,0.6466260552406311,5
Qwen3-8B,metamath,base_model.model.model.layers.12.self_attn.k_proj,12,k_proj,0p00,0.0,0.3786331117153168,0.3786331117153168,1.0,4
Qwen3-8B,metamath,base_model.model.model.layers.12.self_attn.k_proj,12,k_proj,0p25,0.25,0.3786331117153168,0.32139214873313904,0.8488221168518066,4
Qwen3-8B,metamath,base_model.model.model.layers.12.self_attn.k_proj,12,k_proj,0p50,0.5,0.3786331117153168,0.26768800616264343,0.7069851756095886,4
Qwen3-8B,metamath,base_model.model.model.layers.12.self_attn.k_proj,12,k_proj,1p00,1.0,0.3786331117153168,0.18354035913944244,0.4847446084022522,4
Qwen3-8B,metamath,base_model.model.model.layers.12.self_attn.o_proj,12,o_proj,0p00,0.0,0.7573004364967346,0.7573004364967346,1.0,3
Qwen3-8B,metamath,base_model.model.model.layers.12.self_attn.o_proj,12,o_proj,0p25,0.25,0.7573004364967346,0.6329567432403564,0.835806667804718,3
Qwen3-8B,metamath,base_model.model.model.layers.12.self_attn.o_proj,12,o_proj,0p50,0.5,0.7573004364967346,0.5143734216690063,0.6792197823524475,3
Qwen3-8B,metamath,base_model.model.model.layers.12.self_attn.o_proj,12,o_proj,1p00,1.0,0.7573004364967346,0.3208092153072357,0.42362213134765625,3
Qwen3-8B,metamath,base_model.model.model.layers.12.self_attn.q_proj,12,q_proj,0p00,0.0,0.893374502658844,0.893374502658844,1.0,3
Qwen3-8B,metamath,base_model.model.model.layers.12.self_attn.q_proj,12,q_proj,0p25,0.25,0.893374502658844,0.7522306442260742,0.8420104384422302,3
Qwen3-8B,metamath,base_model.model.model.layers.12.self_attn.q_proj,12,q_proj,0p50,0.5,0.893374502658844,0.6178292632102966,0.6915680766105652,3
Qwen3-8B,metamath,base_model.model.model.layers.12.self_attn.q_proj,12,q_proj,1p00,1.0,0.893374502658844,0.39727118611335754,0.44468605518341064,3
Qwen3-8B,metamath,base_model.model.model.layers.12.self_attn.v_proj,12,v_proj,0p00,0.0,0.4923941493034363,0.4923941493034363,1.0,3
Qwen3-8B,metamath,base_model.model.model.layers.12.self_attn.v_proj,12,v_proj,0p25,0.25,0.4923941493034363,0.38852831721305847,0.789059579372406,3
Qwen3-8B,metamath,base_model.model.model.layers.12.self_attn.v_proj,12,v_proj,0p50,0.5,0.4923941493034363,0.2866867482662201,0.5822302103042603,3
Qwen3-8B,metamath,base_model.model.model.layers.12.self_attn.v_proj,12,v_proj,1p00,1.0,0.4923941493034363,0.1133914664387703,0.23028597235679626,3
Qwen3-8B,metamath,base_model.model.model.layers.13.mlp.down_proj,13,down_proj,0p00,0.0,0.5766727924346924,0.5766727924346924,1.0,3
Qwen3-8B,metamath,base_model.model.model.layers.13.mlp.down_proj,13,down_proj,0p25,0.25,0.5766727924346924,0.50090491771698,0.8686119914054871,3
Qwen3-8B,metamath,base_model.model.model.layers.13.mlp.down_proj,13,down_proj,0p50,0.5,0.5766727924346924,0.4307023584842682,0.7468747496604919,3
Qwen3-8B,metamath,base_model.model.model.layers.13.mlp.down_proj,13,down_proj,1p00,1.0,0.5766727924346924,0.3216138482093811,0.5577059388160706,3
Qwen3-8B,metamath,base_model.model.model.layers.13.mlp.gate_proj,13,gate_proj,0p00,0.0,1.5702005624771118,1.5702005624771118,1.0,4
Qwen3-8B,metamath,base_model.model.model.layers.13.mlp.gate_proj,13,gate_proj,0p25,0.25,1.5702005624771118,1.3212664127349854,0.8414634466171265,4
Qwen3-8B,metamath,base_model.model.model.layers.13.mlp.gate_proj,13,gate_proj,0p50,0.5,1.5702005624771118,1.0879782438278198,0.6928912401199341,4
Qwen3-8B,metamath,base_model.model.model.layers.13.mlp.gate_proj,13,gate_proj,1p00,1.0,1.5702005624771118,0.7299372553825378,0.46486881375312805,4
Qwen3-8B,metamath,base_model.model.model.layers.13.mlp.up_proj,13,up_proj,0p00,0.0,1.0207515954971313,1.0207515954971313,1.0,4
Qwen3-8B,metamath,base_model.model.model.layers.13.mlp.up_proj,13,up_proj,0p25,0.25,1.0207515954971313,0.8953580856323242,0.8771557211875916,4
Qwen3-8B,metamath,base_model.model.model.layers.13.mlp.up_proj,13,up_proj,0p50,0.5,1.0207515954971313,0.7798446416854858,0.7639906406402588,4
Qwen3-8B,metamath,base_model.model.model.layers.13.mlp.up_proj,13,up_proj,1p00,1.0,1.0207515954971313,0.6011809706687927,0.5889591574668884,4
Qwen3-8B,metamath,base_model.model.model.layers.13.self_attn.k_proj,13,k_proj,0p00,0.0,0.5300813913345337,0.5300813913345337,1.0,3
Qwen3-8B,metamath,base_model.model.model.layers.13.self_attn.k_proj,13,k_proj,0p25,0.25,0.5300813913345337,0.44176438450813293,0.8333896994590759,3
Qwen3-8B,metamath,base_model.model.model.layers.13.self_attn.k_proj,13,k_proj,0p50,0.5,0.5300813913345337,0.3577820956707001,0.6749569177627563,3
Qwen3-8B,metamath,base_model.model.model.layers.13.self_attn.k_proj,13,k_proj,1p00,1.0,0.5300813913345337,0.22307147085666656,0.42082494497299194,3
Qwen3-8B,metamath,base_model.model.model.layers.13.self_attn.o_proj,13,o_proj,0p00,0.0,0.7952671051025391,0.7952671051025391,1.0,3
Qwen3-8B,metamath,base_model.model.model.layers.13.self_attn.o_proj,13,o_proj,0p25,0.25,0.7952671051025391,0.6768670678138733,0.8511191606521606,3
Qwen3-8B,metamath,base_model.model.model.layers.13.self_attn.o_proj,13,o_proj,0p50,0.5,0.7952671051025391,0.5666826367378235,0.7125689387321472,3
Qwen3-8B,metamath,base_model.model.model.layers.13.self_attn.o_proj,13,o_proj,1p00,1.0,0.7952671051025391,0.3986632823944092,0.5012948513031006,3
Qwen3-8B,metamath,base_model.model.model.layers.13.self_attn.q_proj,13,q_proj,0p00,0.0,0.95309978723526,0.95309978723526,1.0,4
Qwen3-8B,metamath,base_model.model.model.layers.13.self_attn.q_proj,13,q_proj,0p25,0.25,0.95309978723526,0.8061100244522095,0.845777153968811,4
Qwen3-8B,metamath,base_model.model.model.layers.13.self_attn.q_proj,13,q_proj,0p50,0.5,0.95309978723526,0.6660810708999634,0.6988576650619507,4
Qwen3-8B,metamath,base_model.model.model.layers.13.self_attn.q_proj,13,q_proj,1p00,1.0,0.95309978723526,0.4343665540218353,0.45574089884757996,4
Qwen3-8B,metamath,base_model.model.model.layers.13.self_attn.v_proj,13,v_proj,0p00,0.0,0.2957751452922821,0.2957751452922821,1.0,4
Qwen3-8B,metamath,base_model.model.model.layers.13.self_attn.v_proj,13,v_proj,0p25,0.25,0.2957751452922821,0.24900692701339722,0.84187912940979,4
Qwen3-8B,metamath,base_model.model.model.layers.13.self_attn.v_proj,13,v_proj,0p50,0.5,0.2957751452922821,0.2048022598028183,0.692425549030304,4
Qwen3-8B,metamath,base_model.model.model.layers.13.self_attn.v_proj,13,v_proj,1p00,1.0,0.2957751452922821,0.13445071876049042,0.4545707106590271,4
Qwen3-8B,metamath,base_model.model.model.layers.14.mlp.down_proj,14,down_proj,0p00,0.0,0.6574738025665283,0.6574738025665283,1.0,4
Qwen3-8B,metamath,base_model.model.model.layers.14.mlp.down_proj,14,down_proj,0p25,0.25,0.6574738025665283,0.5673258900642395,0.862887442111969,4
Qwen3-8B,metamath,base_model.model.model.layers.14.mlp.down_proj,14,down_proj,0p50,0.5,0.6574738025665283,0.4825187921524048,0.7338981032371521,4
Qwen3-8B,metamath,base_model.model.model.layers.14.mlp.down_proj,14,down_proj,1p00,1.0,0.6574738025665283,0.3448076844215393,0.5244432091712952,4
Qwen3-8B,metamath,base_model.model.model.layers.14.mlp.gate_proj,14,gate_proj,0p00,0.0,1.6213548183441162,1.6213548183441162,1.0,3
Qwen3-8B,metamath,base_model.model.model.layers.14.mlp.gate_proj,14,gate_proj,0p25,0.25,1.6213548183441162,1.3531832695007324,0.8346003293991089,3
Qwen3-8B,metamath,base_model.model.model.layers.14.mlp.gate_proj,14,gate_proj,0p50,0.5,1.6213548183441162,1.1004455089569092,0.6787197589874268,3
Qwen3-8B,metamath,base_model.model.model.layers.14.mlp.gate_proj,14,gate_proj,1p00,1.0,1.6213548183441162,0.7095195651054382,0.43760907649993896,3
Qwen3-8B,metamath,base_model.model.model.layers.14.mlp.up_proj,14,up_proj,0p00,0.0,1.1475235223770142,1.1475235223770142,1.0,4
Qwen3-8B,metamath,base_model.model.model.layers.14.mlp.up_proj,14,up_proj,0p25,0.25,1.1475235223770142,1.0120457410812378,0.8819389939308167,4
Qwen3-8B,metamath,base_model.model.model.layers.14.mlp.up_proj,14,up_proj,0p50,0.5,1.1475235223770142,0.887069821357727,0.7730297446250916,4
Qwen3-8B,metamath,base_model.model.model.layers.14.mlp.up_proj,14,up_proj,1p00,1.0,1.1475235223770142,0.6913000345230103,0.6024277806282043,4
Qwen3-8B,metamath,base_model.model.model.layers.14.self_attn.k_proj,14,k_proj,0p00,0.0,0.4264496862888336,0.4264496862888336,1.0,4
Qwen3-8B,metamath,base_model.model.model.layers.14.self_attn.k_proj,14,k_proj,0p25,0.25,0.4264496862888336,0.36622411012649536,0.8587744832038879,4
Qwen3-8B,metamath,base_model.model.model.layers.14.self_attn.k_proj,14,k_proj,0p50,0.5,0.4264496862888336,0.30852562189102173,0.7234748601913452,4
Qwen3-8B,metamath,base_model.model.model.layers.14.self_attn.k_proj,14,k_proj,1p00,1.0,0.4264496862888336,0.20915436744689941,0.4904549717903137,4
Qwen3-8B,metamath,base_model.model.model.layers.14.self_attn.o_proj,14,o_proj,0p00,0.0,0.6548140048980713,0.6548140048980713,1.0,4
Qwen3-8B,metamath,base_model.model.model.layers.14.self_attn.o_proj,14,o_proj,0p25,0.25,0.6548140048980713,0.5718945860862732,0.8733695149421692,4
Qwen3-8B,metamath,base_model.model.model.layers.14.self_attn.o_proj,14,o_proj,0p50,0.5,0.6548140048980713,0.49570268392562866,0.7570129632949829,4
Qwen3-8B,metamath,base_model.model.model.layers.14.self_attn.o_proj,14,o_proj,1p00,1.0,0.6548140048980713,0.37968909740448,0.5798426866531372,4
Qwen3-8B,metamath,base_model.model.model.layers.14.self_attn.q_proj,14,q_proj,0p00,0.0,0.8937258124351501,0.8937258124351501,1.0,4
Qwen3-8B,metamath,base_model.model.model.layers.14.self_attn.q_proj,14,q_proj,0p25,0.25,0.8937258124351501,0.744313657283783,0.8328210115432739,4
Qwen3-8B,metamath,base_model.model.model.layers.14.self_attn.q_proj,14,q_proj,0p50,0.5,0.8937258124351501,0.6023447513580322,0.6739704012870789,4
Qwen3-8B,metamath,base_model.model.model.layers.14.self_attn.q_proj,14,q_proj,1p00,1.0,0.8937258124351501,0.3756723999977112,0.42034414410591125,4
Qwen3-8B,metamath,base_model.model.model.layers.14.self_attn.v_proj,14,v_proj,0p00,0.0,0.25198280811309814,0.25198280811309814,1.0,4
Qwen3-8B,metamath,base_model.model.model.layers.14.self_attn.v_proj,14,v_proj,0p25,0.25,0.25198280811309814,0.21570457518100739,0.8560289144515991,4
Qwen3-8B,metamath,base_model.model.model.layers.14.self_attn.v_proj,14,v_proj,0p50,0.5,0.25198280811309814,0.1812417358160019,0.7192623019218445,4
Qwen3-8B,metamath,base_model.model.model.layers.14.self_attn.v_proj,14,v_proj,1p00,1.0,0.25198280811309814,0.12389396876096725,0.4916762709617615,4
Qwen3-8B,metamath,base_model.model.model.layers.15.mlp.down_proj,15,down_proj,0p00,0.0,0.608712911605835,0.608712911605835,1.0,4
Qwen3-8B,metamath,base_model.model.model.layers.15.mlp.down_proj,15,down_proj,0p25,0.25,0.608712911605835,0.5384318232536316,0.8845415115356445,4
Qwen3-8B,metamath,base_model.model.model.layers.15.mlp.down_proj,15,down_proj,0p50,0.5,0.608712911605835,0.47329825162887573,0.7775393724441528,4
Qwen3-8B,metamath,base_model.model.model.layers.15.mlp.down_proj,15,down_proj,1p00,1.0,0.608712911605835,0.3693121373653412,0.606709897518158,4
Qwen3-8B,metamath,base_model.model.model.layers.15.mlp.gate_proj,15,gate_proj,0p00,0.0,1.9339001178741455,1.9339001178741455,1.0,3
Qwen3-8B,metamath,base_model.model.model.layers.15.mlp.gate_proj,15,gate_proj,0p25,0.25,1.9339001178741455,1.5784205198287964,0.8161851167678833,3
Qwen3-8B,metamath,base_model.model.model.layers.15.mlp.gate_proj,15,gate_proj,0p50,0.5,1.9339001178741455,1.2378721237182617,0.640091061592102,3
Qwen3-8B,metamath,base_model.model.model.layers.15.mlp.gate_proj,15,gate_proj,1p00,1.0,1.9339001178741455,0.6946808695793152,0.35921236872673035,3
Qwen3-8B,metamath,base_model.model.model.layers.15.mlp.up_proj,15,up_proj,0p00,0.0,1.1263785362243652,1.1263785362243652,1.0,5
Qwen3-8B,metamath,base_model.model.model.layers.15.mlp.up_proj,15,up_proj,0p25,0.25,1.1263785362243652,1.0040512084960938,0.8913976550102234,5
Qwen3-8B,metamath,base_model.model.model.layers.15.mlp.up_proj,15,up_proj,0p50,0.5,1.1263785362243652,0.8914068341255188,0.791391909122467,5
Qwen3-8B,metamath,base_model.model.model.layers.15.mlp.up_proj,15,up_proj,1p00,1.0,1.1263785362243652,0.7133532762527466,0.6333157420158386,5
Qwen3-8B,metamath,base_model.model.model.layers.15.self_attn.k_proj,15,k_proj,0p00,0.0,0.42179015278816223,0.42179015278816223,1.0,4
Qwen3-8B,metamath,base_model.model.model.layers.15.self_attn.k_proj,15,k_proj,0p25,0.25,0.42179015278816223,0.3655756115913391,0.866723895072937,4
Qwen3-8B,metamath,base_model.model.model.layers.15.self_attn.k_proj,15,k_proj,0p50,0.5,0.42179015278816223,0.31243517994880676,0.7407360672950745,4
Qwen3-8B,metamath,base_model.model.model.layers.15.self_attn.k_proj,15,k_proj,1p00,1.0,0.42179015278816223,0.22416718304157257,0.5314661264419556,4
Qwen3-8B,metamath,base_model.model.model.layers.15.self_attn.o_proj,15,o_proj,0p00,0.0,0.704384982585907,0.704384982585907,1.0,3
Qwen3-8B,metamath,base_model.model.model.layers.15.self_attn.o_proj,15,o_proj,0p25,0.25,0.704384982585907,0.6081997156143188,0.8634478449821472,3
Qwen3-8B,metamath,base_model.model.model.layers.15.self_attn.o_proj,15,o_proj,0p50,0.5,0.704384982585907,0.5188617706298828,0.7366167306900024,3
Qwen3-8B,metamath,base_model.model.model.layers.15.self_attn.o_proj,15,o_proj,1p00,1.0,0.704384982585907,0.38016414642333984,0.5397107601165771,3
Qwen3-8B,metamath,base_model.model.model.layers.15.self_attn.q_proj,15,q_proj,0p00,0.0,0.9084169268608093,0.9084169268608093,1.0,4
Qwen3-8B,metamath,base_model.model.model.layers.15.self_attn.q_proj,15,q_proj,0p25,0.25,0.9084169268608093,0.762897789478302,0.8398101925849915,4
Qwen3-8B,metamath,base_model.model.model.layers.15.self_attn.q_proj,15,q_proj,0p50,0.5,0.9084169268608093,0.6256250739097595,0.6886981725692749,4
Qwen3-8B,metamath,base_model.model.model.layers.15.self_attn.q_proj,15,q_proj,1p00,1.0,0.9084169268608093,0.4098782539367676,0.45120060443878174,4
Qwen3-8B,metamath,base_model.model.model.layers.15.self_attn.v_proj,15,v_proj,0p00,0.0,0.2548794746398926,0.2548794746398926,1.0,4
Qwen3-8B,metamath,base_model.model.model.layers.15.self_attn.v_proj,15,v_proj,0p25,0.25,0.2548794746398926,0.2181253433227539,0.8557980060577393,4
Qwen3-8B,metamath,base_model.model.model.layers.15.self_attn.v_proj,15,v_proj,0p50,0.5,0.2548794746398926,0.18350346386432648,0.7199617028236389,4
Qwen3-8B,metamath,base_model.model.model.layers.15.self_attn.v_proj,15,v_proj,1p00,1.0,0.2548794746398926,0.127681165933609,0.5009472370147705,4
Qwen3-8B,metamath,base_model.model.model.layers.16.mlp.down_proj,16,down_proj,0p00,0.0,0.8065078854560852,0.8065078854560852,1.0,3
Qwen3-8B,metamath,base_model.model.model.layers.16.mlp.down_proj,16,down_proj,0p25,0.25,0.8065078854560852,0.6701774597167969,0.830962061882019,3
Qwen3-8B,metamath,base_model.model.model.layers.16.mlp.down_proj,16,down_proj,0p50,0.5,0.8065078854560852,0.5402973294258118,0.6699219346046448,3
Qwen3-8B,metamath,base_model.model.model.layers.16.mlp.down_proj,16,down_proj,1p00,1.0,0.8065078854560852,0.3313460946083069,0.4108404815196991,3
Qwen3-8B,metamath,base_model.model.model.layers.16.mlp.gate_proj,16,gate_proj,0p00,0.0,2.022480010986328,2.022480010986328,1.0,4
Qwen3-8B,metamath,base_model.model.model.layers.16.mlp.gate_proj,16,gate_proj,0p25,0.25,2.022480010986328,1.671911597251892,0.8266640901565552,4
Qwen3-8B,metamath,base_model.model.model.layers.16.mlp.gate_proj,16,gate_proj,0p50,0.5,2.022480010986328,1.3356064558029175,0.6603805422782898,4
Qwen3-8B,metamath,base_model.model.model.layers.16.mlp.gate_proj,16,gate_proj,1p00,1.0,2.022480010986328,0.7823269963264465,0.3868156969547272,4
Qwen3-8B,metamath,base_model.model.model.layers.16.mlp.up_proj,16,up_proj,0p00,0.0,1.1866707801818848,1.1866707801818848,1.0,4
Qwen3-8B,metamath,base_model.model.model.layers.16.mlp.up_proj,16,up_proj,0p25,0.25,1.1866707801818848,1.0173170566558838,0.8572866916656494,4
Qwen3-8B,metamath,base_model.model.model.layers.16.mlp.up_proj,16,up_proj,0p50,0.5,1.1866707801818848,0.8601117134094238,0.7248107194900513,4
Qwen3-8B,metamath,base_model.model.model.layers.16.mlp.up_proj,16,up_proj,1p00,1.0,1.1866707801818848,0.6195515394210815,0.5220921635627747,4
Qwen3-8B,metamath,base_model.model.model.layers.16.self_attn.k_proj,16,k_proj,0p00,0.0,0.3960772752761841,0.3960772752761841,1.0,5
Qwen3-8B,metamath,base_model.model.model.layers.16.self_attn.k_proj,16,k_proj,0p25,0.25,0.3960772752761841,0.35025754570961,0.8843162059783936,5
Qwen3-8B,metamath,base_model.model.model.layers.16.self_attn.k_proj,16,k_proj,0p50,0.5,0.3960772752761841,0.30683961510658264,0.7746963500976562,5
Qwen3-8B,metamath,base_model.model.model.layers.16.self_attn.k_proj,16,k_proj,1p00,1.0,0.3960772752761841,0.23257702589035034,0.5872011184692383,5
Qwen3-8B,metamath,base_model.model.model.layers.16.self_attn.o_proj,16,o_proj,0p00,0.0,0.6423125863075256,0.6423125863075256,1.0,5
Qwen3-8B,metamath,base_model.model.model.layers.16.self_attn.o_proj,16,o_proj,0p25,0.25,0.6423125863075256,0.5736976265907288,0.8931751251220703,5
Qwen3-8B,metamath,base_model.model.model.layers.16.self_attn.o_proj,16,o_proj,0p50,0.5,0.6423125863075256,0.5099166631698608,0.7938761711120605,5
Qwen3-8B,metamath,base_model.model.model.layers.16.self_attn.o_proj,16,o_proj,1p00,1.0,0.6423125863075256,0.4058995842933655,0.631934642791748,5
Qwen3-8B,metamath,base_model.model.model.layers.16.self_attn.q_proj,16,q_proj,0p00,0.0,0.9568731784820557,0.9568731784820557,1.0,4
Qwen3-8B,metamath,base_model.model.model.layers.16.self_attn.q_proj,16,q_proj,0p25,0.25,0.9568731784820557,0.8058424592018127,0.8421622514724731,4
Qwen3-8B,metamath,base_model.model.model.layers.16.self_attn.q_proj,16,q_proj,0p50,0.5,0.9568731784820557,0.6635580658912659,0.693464994430542,4
Qwen3-8B,metamath,base_model.model.model.layers.16.self_attn.q_proj,16,q_proj,1p00,1.0,0.9568731784820557,0.44002053141593933,0.45985251665115356,4
Qwen3-8B,metamath,base_model.model.model.layers.16.self_attn.v_proj,16,v_proj,0p00,0.0,0.2788185477256775,0.2788185477256775,1.0,4
Qwen3-8B,metamath,base_model.model.model.layers.16.self_attn.v_proj,16,v_proj,0p25,0.25,0.2788185477256775,0.233053058385849,0.8358592391014099,4
Qwen3-8B,metamath,base_model.model.model.layers.16.self_attn.v_proj,16,v_proj,0p50,0.5,0.2788185477256775,0.18975387513637543,0.6805640459060669,4
Qwen3-8B,metamath,base_model.model.model.layers.16.self_attn.v_proj,16,v_proj,1p00,1.0,0.2788185477256775,0.12144415080547333,0.4355669617652893,4
Qwen3-8B,metamath,base_model.model.model.layers.17.mlp.down_proj,17,down_proj,0p00,0.0,0.8490509390830994,0.8490509390830994,1.0,4
Qwen3-8B,metamath,base_model.model.model.layers.17.mlp.down_proj,17,down_proj,0p25,0.25,0.8490509390830994,0.7144637107849121,0.8414850831031799,4
Qwen3-8B,metamath,base_model.model.model.layers.17.mlp.down_proj,17,down_proj,0p50,0.5,0.8490509390830994,0.5866798758506775,0.6909831166267395,4
Qwen3-8B,metamath,base_model.model.model.layers.17.mlp.down_proj,17,down_proj,1p00,1.0,0.8490509390830994,0.3796781897544861,0.44717952609062195,4
Qwen3-8B,metamath,base_model.model.model.layers.17.mlp.gate_proj,17,gate_proj,0p00,0.0,2.148881435394287,2.148881435394287,1.0,4
Qwen3-8B,metamath,base_model.model.model.layers.17.mlp.gate_proj,17,gate_proj,0p25,0.25,2.148881435394287,1.747576117515564,0.8132492303848267,4
Qwen3-8B,metamath,base_model.model.model.layers.17.mlp.gate_proj,17,gate_proj,0p50,0.5,2.148881435394287,1.3626056909561157,0.6340999603271484,4
Qwen3-8B,metamath,base_model.model.model.layers.17.mlp.gate_proj,17,gate_proj,1p00,1.0,2.148881435394287,0.7490400075912476,0.3485720455646515,4
Qwen3-8B,metamath,base_model.model.model.layers.17.mlp.up_proj,17,up_proj,0p00,0.0,1.5683238506317139,1.5683238506317139,1.0,4
Qwen3-8B,metamath,base_model.model.model.layers.17.mlp.up_proj,17,up_proj,0p25,0.25,1.5683238506317139,1.2881029844284058,0.8213245868682861,4
Qwen3-8B,metamath,base_model.model.model.layers.17.mlp.up_proj,17,up_proj,0p50,0.5,1.5683238506317139,1.0209225416183472,0.6509641408920288,4
Qwen3-8B,metamath,base_model.model.model.layers.17.mlp.up_proj,17,up_proj,1p00,1.0,1.5683238506317139,0.5991171598434448,0.3820111155509949,4
Qwen3-8B,metamath,base_model.model.model.layers.17.self_attn.k_proj,17,k_proj,0p00,0.0,0.401292622089386,0.401292622089386,1.0,5
Qwen3-8B,metamath,base_model.model.model.layers.17.self_attn.k_proj,17,k_proj,0p25,0.25,0.401292622089386,0.34906017780303955,0.8698394894599915,5
Qwen3-8B,metamath,base_model.model.model.layers.17.self_attn.k_proj,17,k_proj,0p50,0.5,0.401292622089386,0.2996939420700073,0.7468214631080627,5
Qwen3-8B,metamath,base_model.model.model.layers.17.self_attn.k_proj,17,k_proj,1p00,1.0,0.401292622089386,0.21739834547042847,0.5417451858520508,5
Qwen3-8B,metamath,base_model.model.model.layers.17.self_attn.o_proj,17,o_proj,0p00,0.0,0.6447572708129883,0.6447572708129883,1.0,5
Qwen3-8B,metamath,base_model.model.model.layers.17.self_attn.o_proj,17,o_proj,0p25,0.25,0.6447572708129883,0.562209963798523,0.8719714879989624,5
Qwen3-8B,metamath,base_model.model.model.layers.17.self_attn.o_proj,17,o_proj,0p50,0.5,0.6447572708129883,0.48484092950820923,0.75197434425354,5
Qwen3-8B,metamath,base_model.model.model.layers.17.self_attn.o_proj,17,o_proj,1p00,1.0,0.6447572708129883,0.35905420780181885,0.5568827390670776,5
Qwen3-8B,metamath,base_model.model.model.layers.17.self_attn.q_proj,17,q_proj,0p00,0.0,1.0939964056015015,1.0939964056015015,1.0,4
Qwen3-8B,metamath,base_model.model.model.layers.17.self_attn.q_proj,17,q_proj,0p25,0.25,1.0939964056015015,0.9059354662895203,0.8280972838401794,4
Qwen3-8B,metamath,base_model.model.model.layers.17.self_attn.q_proj,17,q_proj,0p50,0.5,1.0939964056015015,0.7265380024909973,0.6641137003898621,4
Qwen3-8B,metamath,base_model.model.model.layers.17.self_attn.q_proj,17,q_proj,1p00,1.0,1.0939964056015015,0.43803611397743225,0.40039995312690735,4
Qwen3-8B,metamath,base_model.model.model.layers.17.self_attn.v_proj,17,v_proj,0p00,0.0,0.35887405276298523,0.35887405276298523,1.0,3
Qwen3-8B,metamath,base_model.model.model.layers.17.self_attn.v_proj,17,v_proj,0p25,0.25,0.35887405276298523,0.29652222990989685,0.8262571096420288,3
Qwen3-8B,metamath,base_model.model.model.layers.17.self_attn.v_proj,17,v_proj,0p50,0.5,0.35887405276298523,0.2366359978914261,0.659384548664093,3
Qwen3-8B,metamath,base_model.model.model.layers.17.self_attn.v_proj,17,v_proj,1p00,1.0,0.35887405276298523,0.1376514583826065,0.3835648000240326,3
Qwen3-8B,metamath,base_model.model.model.layers.18.mlp.down_proj,18,down_proj,0p00,0.0,0.8758512139320374,0.8758512139320374,1.0,4
Qwen3-8B,metamath,base_model.model.model.layers.18.mlp.down_proj,18,down_proj,0p25,0.25,0.8758512139320374,0.7430801391601562,0.848409116268158,4
Qwen3-8B,metamath,base_model.model.model.layers.18.mlp.down_proj,18,down_proj,0p50,0.5,0.8758512139320374,0.6191064119338989,0.7068625092506409,4
Qwen3-8B,metamath,base_model.model.model.layers.18.mlp.down_proj,18,down_proj,1p00,1.0,0.8758512139320374,0.42866870760917664,0.4894309639930725,4
Qwen3-8B,metamath,base_model.model.model.layers.18.mlp.gate_proj,18,gate_proj,0p00,0.0,1.889754056930542,1.889754056930542,1.0,4
Qwen3-8B,metamath,base_model.model.model.layers.18.mlp.gate_proj,18,gate_proj,0p25,0.25,1.889754056930542,1.5699055194854736,0.8307459354400635,4
Qwen3-8B,metamath,base_model.model.model.layers.18.mlp.gate_proj,18,gate_proj,0p50,0.5,1.889754056930542,1.2660434246063232,0.6699514389038086,4
Qwen3-8B,metamath,base_model.model.model.layers.18.mlp.gate_proj,18,gate_proj,1p00,1.0,1.889754056930542,0.7835052609443665,0.4146069884300232,4
Qwen3-8B,metamath,base_model.model.model.layers.18.mlp.up_proj,18,up_proj,0p00,0.0,1.423128366470337,1.423128366470337,1.0,3
Qwen3-8B,metamath,base_model.model.model.layers.18.mlp.up_proj,18,up_proj,0p25,0.25,1.423128366470337,1.2043145895004272,0.8462445139884949,3
Qwen3-8B,metamath,base_model.model.model.layers.18.mlp.up_proj,18,up_proj,0p50,0.5,1.423128366470337,0.9993545413017273,0.7022237777709961,3
Qwen3-8B,metamath,base_model.model.model.layers.18.mlp.up_proj,18,up_proj,1p00,1.0,1.423128366470337,0.6820202469825745,0.47924014925956726,3
Qwen3-8B,metamath,base_model.model.model.layers.18.self_attn.k_proj,18,k_proj,0p00,0.0,0.4714611768722534,0.4714611768722534,1.0,6
Qwen3-8B,metamath,base_model.model.model.layers.18.self_attn.k_proj,18,k_proj,0p25,0.25,0.4714611768722534,0.4122192859649658,0.8743440508842468,6
Qwen3-8B,metamath,base_model.model.model.layers.18.self_attn.k_proj,18,k_proj,0p50,0.5,0.4714611768722534,0.3562606871128082,0.7556522488594055,6
Qwen3-8B,metamath,base_model.model.model.layers.18.self_attn.k_proj,18,k_proj,1p00,1.0,0.4714611768722534,0.2626005709171295,0.5569930076599121,6
Qwen3-8B,metamath,base_model.model.model.layers.18.self_attn.o_proj,18,o_proj,0p00,0.0,0.7121353149414062,0.7121353149414062,1.0,5
Qwen3-8B,metamath,base_model.model.model.layers.18.self_attn.o_proj,18,o_proj,0p25,0.25,0.7121353149414062,0.6399589776992798,0.8986480236053467,5
Qwen3-8B,metamath,base_model.model.model.layers.18.self_attn.o_proj,18,o_proj,0p50,0.5,0.7121353149414062,0.5730104446411133,0.8046370148658752,5
Qwen3-8B,metamath,base_model.model.model.layers.18.self_attn.o_proj,18,o_proj,1p00,1.0,0.7121353149414062,0.4637628495693207,0.6512285470962524,5
Qwen3-8B,metamath,base_model.model.model.layers.18.self_attn.q_proj,18,q_proj,0p00,0.0,0.9344248175621033,0.9344248175621033,1.0,4
Qwen3-8B,metamath,base_model.model.model.layers.18.self_attn.q_proj,18,q_proj,0p25,0.25,0.9344248175621033,0.811930239200592,0.8689091205596924,4
Qwen3-8B,metamath,base_model.model.model.layers.18.self_attn.q_proj,18,q_proj,0p50,0.5,0.9344248175621033,0.6954740285873413,0.7442803382873535,4
Qwen3-8B,metamath,base_model.model.model.layers.18.self_attn.q_proj,18,q_proj,1p00,1.0,0.9344248175621033,0.4977029860019684,0.5326303243637085,4
Qwen3-8B,metamath,base_model.model.model.layers.18.self_attn.v_proj,18,v_proj,0p00,0.0,0.3022553324699402,0.3022553324699402,1.0,4
Qwen3-8B,metamath,base_model.model.model.layers.18.self_attn.v_proj,18,v_proj,0p25,0.25,0.3022553324699402,0.26315420866012573,0.870635449886322,4
Qwen3-8B,metamath,base_model.model.model.layers.18.self_attn.v_proj,18,v_proj,0p50,0.5,0.3022553324699402,0.22645407915115356,0.7492145299911499,4
Qwen3-8B,metamath,base_model.model.model.layers.18.self_attn.v_proj,18,v_proj,1p00,1.0,0.3022553324699402,0.16662056744098663,0.5512576699256897,4
Qwen3-8B,metamath,base_model.model.model.layers.19.mlp.down_proj,19,down_proj,0p00,0.0,0.9651383757591248,0.9651383757591248,1.0,4
Qwen3-8B,metamath,base_model.model.model.layers.19.mlp.down_proj,19,down_proj,0p25,0.25,0.9651383757591248,0.8279808759689331,0.8578882813453674,4
Qwen3-8B,metamath,base_model.model.model.layers.19.mlp.down_proj,19,down_proj,0p50,0.5,0.9651383757591248,0.6995267868041992,0.7247942686080933,4
Qwen3-8B,metamath,base_model.model.model.layers.19.mlp.down_proj,19,down_proj,1p00,1.0,0.9651383757591248,0.49606776237487793,0.5139861702919006,4
Qwen3-8B,metamath,base_model.model.model.layers.19.mlp.gate_proj,19,gate_proj,0p00,0.0,2.1775310039520264,2.1775310039520264,1.0,4
Qwen3-8B,metamath,base_model.model.model.layers.19.mlp.gate_proj,19,gate_proj,0p25,0.25,2.1775310039520264,1.8205440044403076,0.8360587954521179,4
Qwen3-8B,metamath,base_model.model.model.layers.19.mlp.gate_proj,19,gate_proj,0p50,0.5,2.1775310039520264,1.4792946577072144,0.6793449521064758,4
Qwen3-8B,metamath,base_model.model.model.layers.19.mlp.gate_proj,19,gate_proj,1p00,1.0,2.1775310039520264,0.9163818955421448,0.4208352863788605,4
Qwen3-8B,metamath,base_model.model.model.layers.19.mlp.up_proj,19,up_proj,0p00,0.0,1.5600227117538452,1.5600227117538452,1.0,5
Qwen3-8B,metamath,base_model.model.model.layers.19.mlp.up_proj,19,up_proj,0p25,0.25,1.5600227117538452,1.3375145196914673,0.8573686480522156,5
Qwen3-8B,metamath,base_model.model.model.layers.19.mlp.up_proj,19,up_proj,0p50,0.5,1.5600227117538452,1.1296625137329102,0.7241321206092834,5
Qwen3-8B,metamath,base_model.model.model.layers.19.mlp.up_proj,19,up_proj,1p00,1.0,1.5600227117538452,0.8039133548736572,0.5153215527534485,5
Qwen3-8B,metamath,base_model.model.model.layers.19.self_attn.k_proj,19,k_proj,0p00,0.0,0.41321033239364624,0.41321033239364624,1.0,5
Qwen3-8B,metamath,base_model.model.model.layers.19.self_attn.k_proj,19,k_proj,0p25,0.25,0.41321033239364624,0.36627519130706787,0.8864134550094604,5
Qwen3-8B,metamath,base_model.model.model.layers.19.self_attn.k_proj,19,k_proj,0p50,0.5,0.41321033239364624,0.3218221962451935,0.7788338661193848,5
Qwen3-8B,metamath,base_model.model.model.layers.19.self_attn.k_proj,19,k_proj,1p00,1.0,0.41321033239364624,0.24573417007923126,0.5946951508522034,5
Qwen3-8B,metamath,base_model.model.model.layers.19.self_attn.o_proj,19,o_proj,0p00,0.0,0.6505894660949707,0.6505894660949707,1.0,4
Qwen3-8B,metamath,base_model.model.model.layers.19.self_attn.o_proj,19,o_proj,0p25,0.25,0.6505894660949707,0.5786528587341309,0.8894285559654236,4
Qwen3-8B,metamath,base_model.model.model.layers.19.self_attn.o_proj,19,o_proj,0p50,0.5,0.6505894660949707,0.5126795172691345,0.788023054599762,4
Qwen3-8B,metamath,base_model.model.model.layers.19.self_attn.o_proj,19,o_proj,1p00,1.0,0.6505894660949707,0.41003477573394775,0.6302511692047119,4
Qwen3-8B,metamath,base_model.model.model.layers.19.self_attn.q_proj,19,q_proj,0p00,0.0,0.9113766551017761,0.9113766551017761,1.0,4
Qwen3-8B,metamath,base_model.model.model.layers.19.self_attn.q_proj,19,q_proj,0p25,0.25,0.9113766551017761,0.7844864130020142,0.8607708215713501,4
Qwen3-8B,metamath,base_model.model.model.layers.19.self_attn.q_proj,19,q_proj,0p50,0.5,0.9113766551017761,0.6647269129753113,0.7293657660484314,4
Qwen3-8B,metamath,base_model.model.model.layers.19.self_attn.q_proj,19,q_proj,1p00,1.0,0.9113766551017761,0.4686596393585205,0.5142326354980469,4
Qwen3-8B,metamath,base_model.model.model.layers.19.self_attn.v_proj,19,v_proj,0p00,0.0,0.32996150851249695,0.32996150851249695,1.0,4
Qwen3-8B,metamath,base_model.model.model.layers.19.self_attn.v_proj,19,v_proj,0p25,0.25,0.32996150851249695,0.27599483728408813,0.8364455699920654,4
Qwen3-8B,metamath,base_model.model.model.layers.19.self_attn.v_proj,19,v_proj,0p50,0.5,0.32996150851249695,0.22487621009349823,0.6815225481987,4
Qwen3-8B,metamath,base_model.model.model.layers.19.self_attn.v_proj,19,v_proj,1p00,1.0,0.32996150851249695,0.14371661841869354,0.43555569648742676,4
Qwen3-8B,metamath,base_model.model.model.layers.2.mlp.down_proj,2,down_proj,0p00,0.0,0.6068532466888428,0.6068532466888428,1.0,4
Qwen3-8B,metamath,base_model.model.model.layers.2.mlp.down_proj,2,down_proj,0p25,0.25,0.6068532466888428,0.5088744759559631,0.8385462164878845,4
Qwen3-8B,metamath,base_model.model.model.layers.2.mlp.down_proj,2,down_proj,0p50,0.5,0.6068532466888428,0.4162276089191437,0.6858785152435303,4
Qwen3-8B,metamath,base_model.model.model.layers.2.mlp.down_proj,2,down_proj,1p00,1.0,0.6068532466888428,0.2695543169975281,0.44418370723724365,4
Qwen3-8B,metamath,base_model.model.model.layers.2.mlp.gate_proj,2,gate_proj,0p00,0.0,1.6613832712173462,1.6613832712173462,1.0,1
Qwen3-8B,metamath,base_model.model.model.layers.2.mlp.gate_proj,2,gate_proj,0p25,0.25,1.6613832712173462,1.286453127861023,0.774326503276825,1
Qwen3-8B,metamath,base_model.model.model.layers.2.mlp.gate_proj,2,gate_proj,0p50,0.5,1.6613832712173462,0.913912296295166,0.5500912070274353,1
Qwen3-8B,metamath,base_model.model.model.layers.2.mlp.gate_proj,2,gate_proj,1p00,1.0,1.6613832712173462,0.2287016063928604,0.13765734434127808,1
Qwen3-8B,metamath,base_model.model.model.layers.2.mlp.up_proj,2,up_proj,0p00,0.0,0.9451238512992859,0.9451238512992859,1.0,2
Qwen3-8B,metamath,base_model.model.model.layers.2.mlp.up_proj,2,up_proj,0p25,0.25,0.9451238512992859,0.7416368126869202,0.7846980094909668,2
Qwen3-8B,metamath,base_model.model.model.layers.2.mlp.up_proj,2,up_proj,0p50,0.5,0.9451238512992859,0.5415242314338684,0.5729663968086243,2
Qwen3-8B,metamath,base_model.model.model.layers.2.mlp.up_proj,2,up_proj,1p00,1.0,0.9451238512992859,0.1976512372493744,0.20912733674049377,2
Qwen3-8B,metamath,base_model.model.model.layers.2.self_attn.k_proj,2,k_proj,0p00,0.0,0.4564298987388611,0.4564298987388611,1.0,5
Qwen3-8B,metamath,base_model.model.model.layers.2.self_attn.k_proj,2,k_proj,0p25,0.25,0.4564298987388611,0.39423424005508423,0.8637344837188721,5
Qwen3-8B,metamath,base_model.model.model.layers.2.self_attn.k_proj,2,k_proj,0p50,0.5,0.4564298987388611,0.33560940623283386,0.7352923154830933,5
Qwen3-8B,metamath,base_model.model.model.layers.2.self_attn.k_proj,2,k_proj,1p00,1.0,0.4564298987388611,0.23962824046611786,0.525005578994751,5
Qwen3-8B,metamath,base_model.model.model.layers.2.self_attn.o_proj,2,o_proj,0p00,0.0,0.6291496753692627,0.6291496753692627,1.0,2
Qwen3-8B,metamath,base_model.model.model.layers.2.self_attn.o_proj,2,o_proj,0p25,0.25,0.6291496753692627,0.5204291343688965,0.8271944522857666,2
Qwen3-8B,metamath,base_model.model.model.layers.2.self_attn.o_proj,2,o_proj,0p50,0.5,0.6291496753692627,0.41555073857307434,0.6604958176612854,2
Qwen3-8B,metamath,base_model.model.model.layers.2.self_attn.o_proj,2,o_proj,1p00,1.0,0.6291496753692627,0.23834873735904694,0.37884265184402466,2
Qwen3-8B,metamath,base_model.model.model.layers.2.self_attn.q_proj,2,q_proj,0p00,0.0,0.9752629995346069,0.9752629995346069,1.0,2
Qwen3-8B,metamath,base_model.model.model.layers.2.self_attn.q_proj,2,q_proj,0p25,0.25,0.9752629995346069,0.7975234389305115,0.8177521824836731,2
Qwen3-8B,metamath,base_model.model.model.layers.2.self_attn.q_proj,2,q_proj,0p50,0.5,0.9752629995346069,0.6265066862106323,0.6423977017402649,2
Qwen3-8B,metamath,base_model.model.model.layers.2.self_attn.q_proj,2,q_proj,1p00,1.0,0.9752629995346069,0.34659484028816223,0.35538601875305176,2
Qwen3-8B,metamath,base_model.model.model.layers.2.self_attn.v_proj,2,v_proj,0p00,0.0,0.44204679131507874,0.44204679131507874,1.0,2
Qwen3-8B,metamath,base_model.model.model.layers.2.self_attn.v_proj,2,v_proj,0p25,0.25,0.44204679131507874,0.3509334921836853,0.7938831448554993,2
Qwen3-8B,metamath,base_model.model.model.layers.2.self_attn.v_proj,2,v_proj,0p50,0.5,0.44204679131507874,0.26163387298583984,0.5918691754341125,2
Qwen3-8B,metamath,base_model.model.model.layers.2.self_attn.v_proj,2,v_proj,1p00,1.0,0.44204679131507874,0.10814453661441803,0.24464499950408936,2
Qwen3-8B,metamath,base_model.model.model.layers.20.mlp.down_proj,20,down_proj,0p00,0.0,0.9912455677986145,0.9912455677986145,1.0,4
Qwen3-8B,metamath,base_model.model.model.layers.20.mlp.down_proj,20,down_proj,0p25,0.25,0.9912455677986145,0.862339437007904,0.8699554204940796,4
Qwen3-8B,metamath,base_model.model.model.layers.20.mlp.down_proj,20,down_proj,0p50,0.5,0.9912455677986145,0.7429646253585815,0.74952632188797,4
Qwen3-8B,metamath,base_model.model.model.layers.20.mlp.down_proj,20,down_proj,1p00,1.0,0.9912455677986145,0.5573580861091614,0.562280535697937,4
Qwen3-8B,metamath,base_model.model.model.layers.20.mlp.gate_proj,20,gate_proj,0p00,0.0,2.302971839904785,2.302971839904785,1.0,4
Qwen3-8B,metamath,base_model.model.model.layers.20.mlp.gate_proj,20,gate_proj,0p25,0.25,2.302971839904785,1.9104360342025757,0.8295524716377258,4
Qwen3-8B,metamath,base_model.model.model.layers.20.mlp.gate_proj,20,gate_proj,0p50,0.5,2.302971839904785,1.5353915691375732,0.6667001247406006,4
Qwen3-8B,metamath,base_model.model.model.layers.20.mlp.gate_proj,20,gate_proj,1p00,1.0,2.302971839904785,0.9260005950927734,0.4020894169807434,4
Qwen3-8B,metamath,base_model.model.model.layers.20.mlp.up_proj,20,up_proj,0p00,0.0,1.5064295530319214,1.5064295530319214,1.0,4
Qwen3-8B,metamath,base_model.model.model.layers.20.mlp.up_proj,20,up_proj,0p25,0.25,1.5064295530319214,1.2839268445968628,0.8522979617118835,4
Qwen3-8B,metamath,base_model.model.model.layers.20.mlp.up_proj,20,up_proj,0p50,0.5,1.5064295530319214,1.0769145488739014,0.7148787975311279,4
Qwen3-8B,metamath,base_model.model.model.layers.20.mlp.up_proj,20,up_proj,1p00,1.0,1.5064295530319214,0.7607330083847046,0.5049907565116882,4
Qwen3-8B,metamath,base_model.model.model.layers.20.self_attn.k_proj,20,k_proj,0p00,0.0,0.554768979549408,0.554768979549408,1.0,5
Qwen3-8B,metamath,base_model.model.model.layers.20.self_attn.k_proj,20,k_proj,0p25,0.25,0.554768979549408,0.4826847016811371,0.8700643181800842,5
Qwen3-8B,metamath,base_model.model.model.layers.20.self_attn.k_proj,20,k_proj,0p50,0.5,0.554768979549408,0.41456204652786255,0.7472696900367737,5
Qwen3-8B,metamath,base_model.model.model.layers.20.self_attn.k_proj,20,k_proj,1p00,1.0,0.554768979549408,0.3009984493255615,0.5425654053688049,5
Qwen3-8B,metamath,base_model.model.model.layers.20.self_attn.o_proj,20,o_proj,0p00,0.0,0.7533571720123291,0.7533571720123291,1.0,6
Qwen3-8B,metamath,base_model.model.model.layers.20.self_attn.o_proj,20,o_proj,0p25,0.25,0.7533571720123291,0.6893867254257202,0.9150861501693726,6
Qwen3-8B,metamath,base_model.model.model.layers.20.self_attn.o_proj,20,o_proj,0p50,0.5,0.7533571720123291,0.6289475560188293,0.8348597288131714,6
Qwen3-8B,metamath,base_model.model.model.layers.20.self_attn.o_proj,20,o_proj,1p00,1.0,0.7533571720123291,0.5235063433647156,0.6948979496955872,6
Qwen3-8B,metamath,base_model.model.model.layers.20.self_attn.q_proj,20,q_proj,0p00,0.0,1.016173243522644,1.016173243522644,1.0,5
Qwen3-8B,metamath,base_model.model.model.layers.20.self_attn.q_proj,20,q_proj,0p25,0.25,1.016173243522644,0.8818382620811462,0.8678030967712402,5
Qwen3-8B,metamath,base_model.model.model.layers.20.self_attn.q_proj,20,q_proj,0p50,0.5,1.016173243522644,0.7548120021820068,0.7427985668182373,5
Qwen3-8B,metamath,base_model.model.model.layers.20.self_attn.q_proj,20,q_proj,1p00,1.0,1.016173243522644,0.5432876348495483,0.5346407890319824,5
Qwen3-8B,metamath,base_model.model.model.layers.20.self_attn.v_proj,20,v_proj,0p00,0.0,0.33385488390922546,0.33385488390922546,1.0,4
Qwen3-8B,metamath,base_model.model.model.layers.20.self_attn.v_proj,20,v_proj,0p25,0.25,0.33385488390922546,0.28615817427635193,0.8571333885192871,4
Qwen3-8B,metamath,base_model.model.model.layers.20.self_attn.v_proj,20,v_proj,0p50,0.5,0.33385488390922546,0.24151849746704102,0.7234236001968384,4
Qwen3-8B,metamath,base_model.model.model.layers.20.self_attn.v_proj,20,v_proj,1p00,1.0,0.33385488390922546,0.17109158635139465,0.512472927570343,4
Qwen3-8B,metamath,base_model.model.model.layers.21.mlp.down_proj,21,down_proj,0p00,0.0,0.9810827374458313,0.9810827374458313,1.0,4
Qwen3-8B,metamath,base_model.model.model.layers.21.mlp.down_proj,21,down_proj,0p25,0.25,0.9810827374458313,0.8575776219367981,0.8741134405136108,4
Qwen3-8B,metamath,base_model.model.model.layers.21.mlp.down_proj,21,down_proj,0p50,0.5,0.9810827374458313,0.7435479164123535,0.7578850388526917,4
Qwen3-8B,metamath,base_model.model.model.layers.21.mlp.down_proj,21,down_proj,1p00,1.0,0.9810827374458313,0.5667769908905029,0.5777056217193604,4
Qwen3-8B,metamath,base_model.model.model.layers.21.mlp.gate_proj,21,gate_proj,0p00,0.0,2.1116678714752197,2.1116678714752197,1.0,5
Qwen3-8B,metamath,base_model.model.model.layers.21.mlp.gate_proj,21,gate_proj,0p25,0.25,2.1116678714752197,1.7695094347000122,0.8379676938056946,5
Qwen3-8B,metamath,base_model.model.model.layers.21.mlp.gate_proj,21,gate_proj,0p50,0.5,2.1116678714752197,1.4447972774505615,0.684197187423706,5
Qwen3-8B,metamath,base_model.model.model.layers.21.mlp.gate_proj,21,gate_proj,1p00,1.0,2.1116678714752197,0.9234441518783569,0.4373055696487427,5
Qwen3-8B,metamath,base_model.model.model.layers.21.mlp.up_proj,21,up_proj,0p00,0.0,1.5251786708831787,1.5251786708831787,1.0,5
Qwen3-8B,metamath,base_model.model.model.layers.21.mlp.up_proj,21,up_proj,0p25,0.25,1.5251786708831787,1.362005352973938,0.8930136561393738,5
Qwen3-8B,metamath,base_model.model.model.layers.21.mlp.up_proj,21,up_proj,0p50,0.5,1.5251786708831787,1.2108179330825806,0.7938859462738037,5
Qwen3-8B,metamath,base_model.model.model.layers.21.mlp.up_proj,21,up_proj,1p00,1.0,1.5251786708831787,0.9667065739631653,0.6338316798210144,5
Qwen3-8B,metamath,base_model.model.model.layers.21.self_attn.k_proj,21,k_proj,0p00,0.0,0.526076078414917,0.526076078414917,1.0,6
Qwen3-8B,metamath,base_model.model.model.layers.21.self_attn.k_proj,21,k_proj,0p25,0.25,0.526076078414917,0.4589819312095642,0.872463047504425,6
Qwen3-8B,metamath,base_model.model.model.layers.21.self_attn.k_proj,21,k_proj,0p50,0.5,0.526076078414917,0.395206481218338,0.7512344717979431,6
Qwen3-8B,metamath,base_model.model.model.layers.21.self_attn.k_proj,21,k_proj,1p00,1.0,0.526076078414917,0.2864989638328552,0.5445960760116577,6
Qwen3-8B,metamath,base_model.model.model.layers.21.self_attn.o_proj,21,o_proj,0p00,0.0,0.7664743065834045,0.7664743065834045,1.0,5
Qwen3-8B,metamath,base_model.model.model.layers.21.self_attn.o_proj,21,o_proj,0p25,0.25,0.7664743065834045,0.6991449594497681,0.9121570587158203,5
Qwen3-8B,metamath,base_model.model.model.layers.21.self_attn.o_proj,21,o_proj,0p50,0.5,0.7664743065834045,0.6361261606216431,0.8299379944801331,5
Qwen3-8B,metamath,base_model.model.model.layers.21.self_attn.o_proj,21,o_proj,1p00,1.0,0.7664743065834045,0.5291103720664978,0.6903171539306641,5
Qwen3-8B,metamath,base_model.model.model.layers.21.self_attn.q_proj,21,q_proj,0p00,0.0,0.9331051111221313,0.9331051111221313,1.0,5
Qwen3-8B,metamath,base_model.model.model.layers.21.self_attn.q_proj,21,q_proj,0p25,0.25,0.9331051111221313,0.8286918997764587,0.88810133934021,5
Qwen3-8B,metamath,base_model.model.model.layers.21.self_attn.q_proj,21,q_proj,0p50,0.5,0.9331051111221313,0.731044590473175,0.783453643321991,5
Qwen3-8B,metamath,base_model.model.model.layers.21.self_attn.q_proj,21,q_proj,1p00,1.0,0.9331051111221313,0.5698866844177246,0.6107422113418579,5
Qwen3-8B,metamath,base_model.model.model.layers.21.self_attn.v_proj,21,v_proj,0p00,0.0,0.2993026375770569,0.2993026375770569,1.0,5
Qwen3-8B,metamath,base_model.model.model.layers.21.self_attn.v_proj,21,v_proj,0p25,0.25,0.2993026375770569,0.2630003094673157,0.8787102699279785,5
Qwen3-8B,metamath,base_model.model.model.layers.21.self_attn.v_proj,21,v_proj,0p50,0.5,0.2993026375770569,0.22892886400222778,0.7648742198944092,5
Qwen3-8B,metamath,base_model.model.model.layers.21.self_attn.v_proj,21,v_proj,1p00,1.0,0.2993026375770569,0.17275279760360718,0.5771843194961548,5
Qwen3-8B,metamath,base_model.model.model.layers.22.mlp.down_proj,22,down_proj,0p00,0.0,0.9435659646987915,0.9435659646987915,1.0,5
Qwen3-8B,metamath,base_model.model.model.layers.22.mlp.down_proj,22,down_proj,0p25,0.25,0.9435659646987915,0.8115963935852051,0.860137403011322,5
Qwen3-8B,metamath,base_model.model.model.layers.22.mlp.down_proj,22,down_proj,0p50,0.5,0.9435659646987915,0.689448356628418,0.7306838035583496,5
Qwen3-8B,metamath,base_model.model.model.layers.22.mlp.down_proj,22,down_proj,1p00,1.0,0.9435659646987915,0.503462553024292,0.5335742831230164,5
Qwen3-8B,metamath,base_model.model.model.layers.22.mlp.gate_proj,22,gate_proj,0p00,0.0,2.3975448608398438,2.3975448608398438,1.0,3
Qwen3-8B,metamath,base_model.model.model.layers.22.mlp.gate_proj,22,gate_proj,0p25,0.25,2.3975448608398438,1.9588476419448853,0.8170223236083984,3
Qwen3-8B,metamath,base_model.model.model.layers.22.mlp.gate_proj,22,gate_proj,0p50,0.5,2.3975448608398438,1.535176396369934,0.6403118371963501,3
Qwen3-8B,metamath,base_model.model.model.layers.22.mlp.gate_proj,22,gate_proj,1p00,1.0,2.3975448608398438,0.8298117518424988,0.34610894322395325,3
Qwen3-8B,metamath,base_model.model.model.layers.22.mlp.up_proj,22,up_proj,0p00,0.0,1.5581237077713013,1.5581237077713013,1.0,4
Qwen3-8B,metamath,base_model.model.model.layers.22.mlp.up_proj,22,up_proj,0p25,0.25,1.5581237077713013,1.3626964092254639,0.8745752573013306,4
Qwen3-8B,metamath,base_model.model.model.layers.22.mlp.up_proj,22,up_proj,0p50,0.5,1.5581237077713013,1.1815683841705322,0.7583277225494385,4
Qwen3-8B,metamath,base_model.model.model.layers.22.mlp.up_proj,22,up_proj,1p00,1.0,1.5581237077713013,0.8968492746353149,0.5755956768989563,4
Qwen3-8B,metamath,base_model.model.model.layers.22.self_attn.k_proj,22,k_proj,0p00,0.0,0.47026532888412476,0.47026532888412476,1.0,5
Qwen3-8B,metamath,base_model.model.model.layers.22.self_attn.k_proj,22,k_proj,0p25,0.25,0.47026532888412476,0.41105398535728455,0.8740894794464111,5
Qwen3-8B,metamath,base_model.model.model.layers.22.self_attn.k_proj,22,k_proj,0p50,0.5,0.47026532888412476,0.35512667894363403,0.7551623582839966,5
Qwen3-8B,metamath,base_model.model.model.layers.22.self_attn.k_proj,22,k_proj,1p00,1.0,0.47026532888412476,0.2615627944469452,0.5562025904655457,5
Qwen3-8B,metamath,base_model.model.model.layers.22.self_attn.o_proj,22,o_proj,0p00,0.0,0.6381754875183105,0.6381754875183105,1.0,5
Qwen3-8B,metamath,base_model.model.model.layers.22.self_attn.o_proj,22,o_proj,0p25,0.25,0.6381754875183105,0.5793676972389221,0.9078501462936401,5
Qwen3-8B,metamath,base_model.model.model.layers.22.self_attn.o_proj,22,o_proj,0p50,0.5,0.6381754875183105,0.524412214756012,0.8217366933822632,5
Qwen3-8B,metamath,base_model.model.model.layers.22.self_attn.o_proj,22,o_proj,1p00,1.0,0.6381754875183105,0.4318760931491852,0.6767356395721436,5
Qwen3-8B,metamath,base_model.model.model.layers.22.self_attn.q_proj,22,q_proj,0p00,0.0,0.9792497158050537,0.9792497158050537,1.0,5
Qwen3-8B,metamath,base_model.model.model.layers.22.self_attn.q_proj,22,q_proj,0p25,0.25,0.9792497158050537,0.8501487970352173,0.8681634068489075,5
Qwen3-8B,metamath,base_model.model.model.layers.22.self_attn.q_proj,22,q_proj,0p50,0.5,0.9792497158050537,0.7288756966590881,0.7443205714225769,5
Qwen3-8B,metamath,base_model.model.model.layers.22.self_attn.q_proj,22,q_proj,1p00,1.0,0.9792497158050537,0.5313426852226257,0.5426018238067627,5
Qwen3-8B,metamath,base_model.model.model.layers.22.self_attn.v_proj,22,v_proj,0p00,0.0,0.28235316276550293,0.28235316276550293,1.0,6
Qwen3-8B,metamath,base_model.model.model.layers.22.self_attn.v_proj,22,v_proj,0p25,0.25,0.28235316276550293,0.24896462261676788,0.8817490339279175,6
Qwen3-8B,metamath,base_model.model.model.layers.22.self_attn.v_proj,22,v_proj,0p50,0.5,0.28235316276550293,0.21799159049987793,0.7720529437065125,6
Qwen3-8B,metamath,base_model.model.model.layers.22.self_attn.v_proj,22,v_proj,1p00,1.0,0.28235316276550293,0.16859665513038635,0.5971126556396484,6
Qwen3-8B,metamath,base_model.model.model.layers.23.mlp.down_proj,23,down_proj,0p00,0.0,1.072208285331726,1.072208285331726,1.0,4
Qwen3-8B,metamath,base_model.model.model.layers.23.mlp.down_proj,23,down_proj,0p25,0.25,1.072208285331726,0.9217162728309631,0.8596429228782654,4
Qwen3-8B,metamath,base_model.model.model.layers.23.mlp.down_proj,23,down_proj,0p50,0.5,1.072208285331726,0.7821579575538635,0.7294832468032837,4
Qwen3-8B,metamath,base_model.model.model.layers.23.mlp.down_proj,23,down_proj,1p00,1.0,1.072208285331726,0.5683580040931702,0.5300816893577576,4
Qwen3-8B,metamath,base_model.model.model.layers.23.mlp.gate_proj,23,gate_proj,0p00,0.0,2.350327968597412,2.350327968597412,1.0,4
Qwen3-8B,metamath,base_model.model.model.layers.23.mlp.gate_proj,23,gate_proj,0p25,0.25,2.350327968597412,1.948020339012146,0.8288291692733765,4
Qwen3-8B,metamath,base_model.model.model.layers.23.mlp.gate_proj,23,gate_proj,0p50,0.5,2.350327968597412,1.5643577575683594,0.6655912399291992,4
Qwen3-8B,metamath,base_model.model.model.layers.23.mlp.gate_proj,23,gate_proj,1p00,1.0,2.350327968597412,0.9471791982650757,0.40299874544143677,4
Qwen3-8B,metamath,base_model.model.model.layers.23.mlp.up_proj,23,up_proj,0p00,0.0,1.60422682762146,1.60422682762146,1.0,5
Qwen3-8B,metamath,base_model.model.model.layers.23.mlp.up_proj,23,up_proj,0p25,0.25,1.60422682762146,1.3966883420944214,0.8706302046775818,5
Qwen3-8B,metamath,base_model.model.model.layers.23.mlp.up_proj,23,up_proj,0p50,0.5,1.60422682762146,1.2034178972244263,0.750154435634613,5
Qwen3-8B,metamath,base_model.model.model.layers.23.mlp.up_proj,23,up_proj,1p00,1.0,1.60422682762146,0.8966672420501709,0.5589404106140137,5
Qwen3-8B,metamath,base_model.model.model.layers.23.self_attn.k_proj,23,k_proj,0p00,0.0,0.5377748012542725,0.5377748012542725,1.0,6
Qwen3-8B,metamath,base_model.model.model.layers.23.self_attn.k_proj,23,k_proj,0p25,0.25,0.5377748012542725,0.48271578550338745,0.897616982460022,6
Qwen3-8B,metamath,base_model.model.model.layers.23.self_attn.k_proj,23,k_proj,0p50,0.5,0.5377748012542725,0.4302239716053009,0.800007700920105,6
Qwen3-8B,metamath,base_model.model.model.layers.23.self_attn.k_proj,23,k_proj,1p00,1.0,0.5377748012542725,0.3377058804035187,0.627968966960907,6
Qwen3-8B,metamath,base_model.model.model.layers.23.self_attn.o_proj,23,o_proj,0p00,0.0,0.8524864315986633,0.8524864315986633,1.0,5
Qwen3-8B,metamath,base_model.model.model.layers.23.self_attn.o_proj,23,o_proj,0p25,0.25,0.8524864315986633,0.7738960385322571,0.907810389995575,5
Qwen3-8B,metamath,base_model.model.model.layers.23.self_attn.o_proj,23,o_proj,0p50,0.5,0.8524864315986633,0.7001813054084778,0.8213401436805725,5
Qwen3-8B,metamath,base_model.model.model.layers.23.self_attn.o_proj,23,o_proj,1p00,1.0,0.8524864315986633,0.5748060941696167,0.6742700934410095,5
Qwen3-8B,metamath,base_model.model.model.layers.23.self_attn.q_proj,23,q_proj,0p00,0.0,0.9944301843643188,0.9944301843643188,1.0,5
Qwen3-8B,metamath,base_model.model.model.layers.23.self_attn.q_proj,23,q_proj,0p25,0.25,0.9944301843643188,0.8841882348060608,0.8891406059265137,5
Qwen3-8B,metamath,base_model.model.model.layers.23.self_attn.q_proj,23,q_proj,0p50,0.5,0.9944301843643188,0.7798410058021545,0.7842088937759399,5
Qwen3-8B,metamath,base_model.model.model.layers.23.self_attn.q_proj,23,q_proj,1p00,1.0,0.9944301843643188,0.6010618805885315,0.6044284105300903,5
Qwen3-8B,metamath,base_model.model.model.layers.23.self_attn.v_proj,23,v_proj,0p00,0.0,0.3486349284648895,0.3486349284648895,1.0,5
Qwen3-8B,metamath,base_model.model.model.layers.23.self_attn.v_proj,23,v_proj,0p25,0.25,0.3486349284648895,0.30515700578689575,0.8752909898757935,5
Qwen3-8B,metamath,base_model.model.model.layers.23.self_attn.v_proj,23,v_proj,0p50,0.5,0.3486349284648895,0.26515018939971924,0.7605382204055786,5
Qwen3-8B,metamath,base_model.model.model.layers.23.self_attn.v_proj,23,v_proj,1p00,1.0,0.3486349284648895,0.20371602475643158,0.5843247771263123,5
Qwen3-8B,metamath,base_model.model.model.layers.24.mlp.down_proj,24,down_proj,0p00,0.0,0.9361222982406616,0.9361222982406616,1.0,4
Qwen3-8B,metamath,base_model.model.model.layers.24.mlp.down_proj,24,down_proj,0p25,0.25,0.9361222982406616,0.8359273076057434,0.8929680585861206,4
Qwen3-8B,metamath,base_model.model.model.layers.24.mlp.down_proj,24,down_proj,0p50,0.5,0.9361222982406616,0.7427749037742615,0.7934592366218567,4
Qwen3-8B,metamath,base_model.model.model.layers.24.mlp.down_proj,24,down_proj,1p00,1.0,0.9361222982406616,0.5908190011978149,0.6311343908309937,4
Qwen3-8B,metamath,base_model.model.model.layers.24.mlp.gate_proj,24,gate_proj,0p00,0.0,2.0402495861053467,2.0402495861053467,1.0,5
Qwen3-8B,metamath,base_model.model.model.layers.24.mlp.gate_proj,24,gate_proj,0p25,0.25,2.0402495861053467,1.7334421873092651,0.8496226072311401,5
Qwen3-8B,metamath,base_model.model.model.layers.24.mlp.gate_proj,24,gate_proj,0p50,0.5,2.0402495861053467,1.4454091787338257,0.7084472179412842,5
Qwen3-8B,metamath,base_model.model.model.layers.24.mlp.gate_proj,24,gate_proj,1p00,1.0,2.0402495861053467,0.9922329187393188,0.48632919788360596,5
Qwen3-8B,metamath,base_model.model.model.layers.24.mlp.up_proj,24,up_proj,0p00,0.0,1.6365293264389038,1.6365293264389038,1.0,5
Qwen3-8B,metamath,base_model.model.model.layers.24.mlp.up_proj,24,up_proj,0p25,0.25,1.6365293264389038,1.4227123260498047,0.8693472743034363,5
Qwen3-8B,metamath,base_model.model.model.layers.24.mlp.up_proj,24,up_proj,0p50,0.5,1.6365293264389038,1.2230970859527588,0.747372567653656,5
Qwen3-8B,metamath,base_model.model.model.layers.24.mlp.up_proj,24,up_proj,1p00,1.0,1.6365293264389038,0.9042128324508667,0.5525185465812683,5
Qwen3-8B,metamath,base_model.model.model.layers.24.self_attn.k_proj,24,k_proj,0p00,0.0,0.5343995690345764,0.5343995690345764,1.0,6
Qwen3-8B,metamath,base_model.model.model.layers.24.self_attn.k_proj,24,k_proj,0p25,0.25,0.5343995690345764,0.47732797265052795,0.8932042717933655,6
Qwen3-8B,metamath,base_model.model.model.layers.24.self_attn.k_proj,24,k_proj,0p50,0.5,0.5343995690345764,0.4233029782772064,0.792109489440918,6
Qwen3-8B,metamath,base_model.model.model.layers.24.self_attn.k_proj,24,k_proj,1p00,1.0,0.5343995690345764,0.3303411304950714,0.6181538105010986,6
Qwen3-8B,metamath,base_model.model.model.layers.24.self_attn.o_proj,24,o_proj,0p00,0.0,0.8216924667358398,0.8216924667358398,1.0,5
Qwen3-8B,metamath,base_model.model.model.layers.24.self_attn.o_proj,24,o_proj,0p25,0.25,0.8216924667358398,0.7523336410522461,0.9155902862548828,5
Qwen3-8B,metamath,base_model.model.model.layers.24.self_attn.o_proj,24,o_proj,0p50,0.5,0.8216924667358398,0.6871678829193115,0.8362835645675659,5
Qwen3-8B,metamath,base_model.model.model.layers.24.self_attn.o_proj,24,o_proj,1p00,1.0,0.8216924667358398,0.5750528573989868,0.6998395323753357,5
Qwen3-8B,metamath,base_model.model.model.layers.24.self_attn.q_proj,24,q_proj,0p00,0.0,1.1289902925491333,1.1289902925491333,1.0,4
Qwen3-8B,metamath,base_model.model.model.layers.24.self_attn.q_proj,24,q_proj,0p25,0.25,1.1289902925491333,0.9437574148178101,0.8359304666519165,4
Qwen3-8B,metamath,base_model.model.model.layers.24.self_attn.q_proj,24,q_proj,0p50,0.5,1.1289902925491333,0.7687445282936096,0.6809133291244507,4
Qwen3-8B,metamath,base_model.model.model.layers.24.self_attn.q_proj,24,q_proj,1p00,1.0,1.1289902925491333,0.49420785903930664,0.437743216753006,4
Qwen3-8B,metamath,base_model.model.model.layers.24.self_attn.v_proj,24,v_proj,0p00,0.0,0.39549294114112854,0.39549294114112854,1.0,4
Qwen3-8B,metamath,base_model.model.model.layers.24.self_attn.v_proj,24,v_proj,0p25,0.25,0.39549294114112854,0.334320992231369,0.8453273177146912,4
Qwen3-8B,metamath,base_model.model.model.layers.24.self_attn.v_proj,24,v_proj,0p50,0.5,0.39549294114112854,0.27669230103492737,0.6996137499809265,4
Qwen3-8B,metamath,base_model.model.model.layers.24.self_attn.v_proj,24,v_proj,1p00,1.0,0.39549294114112854,0.1855574995279312,0.46918031573295593,4
Qwen3-8B,metamath,base_model.model.model.layers.25.mlp.down_proj,25,down_proj,0p00,0.0,0.875830352306366,0.875830352306366,1.0,5
Qwen3-8B,metamath,base_model.model.model.layers.25.mlp.down_proj,25,down_proj,0p25,0.25,0.875830352306366,0.7851153016090393,0.8964239358901978,5
Qwen3-8B,metamath,base_model.model.model.layers.25.mlp.down_proj,25,down_proj,0p50,0.5,0.875830352306366,0.7011721134185791,0.800579845905304,5
Qwen3-8B,metamath,base_model.model.model.layers.25.mlp.down_proj,25,down_proj,1p00,1.0,0.875830352306366,0.565545916557312,0.645725429058075,5
Qwen3-8B,metamath,base_model.model.model.layers.25.mlp.gate_proj,25,gate_proj,0p00,0.0,2.2092339992523193,2.2092339992523193,1.0,4
Qwen3-8B,metamath,base_model.model.model.layers.25.mlp.gate_proj,25,gate_proj,0p25,0.25,2.2092339992523193,1.8390135765075684,0.8324213624000549,4
Qwen3-8B,metamath,base_model.model.model.layers.25.mlp.gate_proj,25,gate_proj,0p50,0.5,2.2092339992523193,1.488193154335022,0.6736240386962891,4
Qwen3-8B,metamath,base_model.model.model.layers.25.mlp.gate_proj,25,gate_proj,1p00,1.0,2.2092339992523193,0.9352490305900574,0.42333632707595825,4
Qwen3-8B,metamath,base_model.model.model.layers.25.mlp.up_proj,25,up_proj,0p00,0.0,1.5240505933761597,1.5240505933761597,1.0,4
Qwen3-8B,metamath,base_model.model.model.layers.25.mlp.up_proj,25,up_proj,0p25,0.25,1.5240505933761597,1.3287707567214966,0.8718678951263428,4
Qwen3-8B,metamath,base_model.model.model.layers.25.mlp.up_proj,25,up_proj,0p50,0.5,1.5240505933761597,1.1478410959243774,0.7531515955924988,4
Qwen3-8B,metamath,base_model.model.model.layers.25.mlp.up_proj,25,up_proj,1p00,1.0,1.5240505933761597,0.8650855422019958,0.5676226019859314,4
Qwen3-8B,metamath,base_model.model.model.layers.25.self_attn.k_proj,25,k_proj,0p00,0.0,0.5681840181350708,0.5681840181350708,1.0,4
Qwen3-8B,metamath,base_model.model.model.layers.25.self_attn.k_proj,25,k_proj,0p25,0.25,0.5681840181350708,0.47645315527915955,0.838554322719574,4
Qwen3-8B,metamath,base_model.model.model.layers.25.self_attn.k_proj,25,k_proj,0p50,0.5,0.5681840181350708,0.3888816833496094,0.6844291090965271,4
Qwen3-8B,metamath,base_model.model.model.layers.25.self_attn.k_proj,25,k_proj,1p00,1.0,0.5681840181350708,0.2445656955242157,0.4304339587688446,4
Qwen3-8B,metamath,base_model.model.model.layers.25.self_attn.o_proj,25,o_proj,0p00,0.0,0.861748456954956,0.861748456954956,1.0,5
Qwen3-8B,metamath,base_model.model.model.layers.25.self_attn.o_proj,25,o_proj,0p25,0.25,0.861748456954956,0.7776317000389099,0.9023882746696472,5
Qwen3-8B,metamath,base_model.model.model.layers.25.self_attn.o_proj,25,o_proj,0p50,0.5,0.861748456954956,0.6996838450431824,0.8119351267814636,5
Qwen3-8B,metamath,base_model.model.model.layers.25.self_attn.o_proj,25,o_proj,1p00,1.0,0.861748456954956,0.5722654461860657,0.6640748381614685,5
Qwen3-8B,metamath,base_model.model.model.layers.25.self_attn.q_proj,25,q_proj,0p00,0.0,1.0746935606002808,1.0746935606002808,1.0,4
Qwen3-8B,metamath,base_model.model.model.layers.25.self_attn.q_proj,25,q_proj,0p25,0.25,1.0746935606002808,0.9151499271392822,0.851544976234436,4
Qwen3-8B,metamath,base_model.model.model.layers.25.self_attn.q_proj,25,q_proj,0p50,0.5,1.0746935606002808,0.7660218477249146,0.7127816677093506,4
Qwen3-8B,metamath,base_model.model.model.layers.25.self_attn.q_proj,25,q_proj,1p00,1.0,1.0746935606002808,0.5344529151916504,0.49730727076530457,4
Qwen3-8B,metamath,base_model.model.model.layers.25.self_attn.v_proj,25,v_proj,0p00,0.0,0.33720794320106506,0.33720794320106506,1.0,4
Qwen3-8B,metamath,base_model.model.model.layers.25.self_attn.v_proj,25,v_proj,0p25,0.25,0.33720794320106506,0.2902270257472992,0.8606767058372498,4
Qwen3-8B,metamath,base_model.model.model.layers.25.self_attn.v_proj,25,v_proj,0p50,0.5,0.33720794320106506,0.24585598707199097,0.7290931344032288,4
Qwen3-8B,metamath,base_model.model.model.layers.25.self_attn.v_proj,25,v_proj,1p00,1.0,0.33720794320106506,0.17304547131061554,0.513171374797821,4
Qwen3-8B,metamath,base_model.model.model.layers.26.mlp.down_proj,26,down_proj,0p00,0.0,0.8648146390914917,0.8648146390914917,1.0,4
Qwen3-8B,metamath,base_model.model.model.layers.26.mlp.down_proj,26,down_proj,0p25,0.25,0.8648146390914917,0.7637871503829956,0.8831802010536194,4
Qwen3-8B,metamath,base_model.model.model.layers.26.mlp.down_proj,26,down_proj,0p50,0.5,0.8648146390914917,0.6700255274772644,0.7747620344161987,4
Qwen3-8B,metamath,base_model.model.model.layers.26.mlp.down_proj,26,down_proj,1p00,1.0,0.8648146390914917,0.5199535489082336,0.6012312173843384,4
Qwen3-8B,metamath,base_model.model.model.layers.26.mlp.gate_proj,26,gate_proj,0p00,0.0,2.1917619705200195,2.1917619705200195,1.0,4
Qwen3-8B,metamath,base_model.model.model.layers.26.mlp.gate_proj,26,gate_proj,0p25,0.25,2.1917619705200195,1.8121839761734009,0.8268160223960876,4
Qwen3-8B,metamath,base_model.model.model.layers.26.mlp.gate_proj,26,gate_proj,0p50,0.5,2.1917619705200195,1.4499951601028442,0.6615659594535828,4
Qwen3-8B,metamath,base_model.model.model.layers.26.mlp.gate_proj,26,gate_proj,1p00,1.0,2.1917619705200195,0.8684996366500854,0.39625635743141174,4
Qwen3-8B,metamath,base_model.model.model.layers.26.mlp.up_proj,26,up_proj,0p00,0.0,1.5243498086929321,1.5243498086929321,1.0,5
Qwen3-8B,metamath,base_model.model.model.layers.26.mlp.up_proj,26,up_proj,0p25,0.25,1.5243498086929321,1.3323317766189575,0.8740328550338745,5
Qwen3-8B,metamath,base_model.model.model.layers.26.mlp.up_proj,26,up_proj,0p50,0.5,1.5243498086929321,1.1534442901611328,0.7566795349121094,5
Qwen3-8B,metamath,base_model.model.model.layers.26.mlp.up_proj,26,up_proj,1p00,1.0,1.5243498086929321,0.8675623536109924,0.5691360235214233,5
Qwen3-8B,metamath,base_model.model.model.layers.26.self_attn.k_proj,26,k_proj,0p00,0.0,0.6191610097885132,0.6191610097885132,1.0,5
Qwen3-8B,metamath,base_model.model.model.layers.26.self_attn.k_proj,26,k_proj,0p25,0.25,0.6191610097885132,0.5322214365005493,0.8595848679542542,5
Qwen3-8B,metamath,base_model.model.model.layers.26.self_attn.k_proj,26,k_proj,0p50,0.5,0.6191610097885132,0.4502424895763397,0.727181613445282,5
Qwen3-8B,metamath,base_model.model.model.layers.26.self_attn.k_proj,26,k_proj,1p00,1.0,0.6191610097885132,0.3167233169078827,0.5115363001823425,5
Qwen3-8B,metamath,base_model.model.model.layers.26.self_attn.o_proj,26,o_proj,0p00,0.0,1.033660888671875,1.033660888671875,1.0,6
Qwen3-8B,metamath,base_model.model.model.layers.26.self_attn.o_proj,26,o_proj,0p25,0.25,1.033660888671875,0.9587166905403137,0.9274963140487671,6
Qwen3-8B,metamath,base_model.model.model.layers.26.self_attn.o_proj,26,o_proj,0p50,0.5,1.033660888671875,0.8884937167167664,0.8595601320266724,6
Qwen3-8B,metamath,base_model.model.model.layers.26.self_attn.o_proj,26,o_proj,1p00,1.0,1.033660888671875,0.7673258781433105,0.7423381209373474,6
Qwen3-8B,metamath,base_model.model.model.layers.26.self_attn.q_proj,26,q_proj,0p00,0.0,1.2242225408554077,1.2242225408554077,1.0,5
Qwen3-8B,metamath,base_model.model.model.layers.26.self_attn.q_proj,26,q_proj,0p25,0.25,1.2242225408554077,1.0312973260879517,0.8424100279808044,5
Qwen3-8B,metamath,base_model.model.model.layers.26.self_attn.q_proj,26,q_proj,0p50,0.5,1.2242225408554077,0.8483763933181763,0.6929919719696045,5
Qwen3-8B,metamath,base_model.model.model.layers.26.self_attn.q_proj,26,q_proj,1p00,1.0,1.2242225408554077,0.5531942844390869,0.4518739581108093,5
Qwen3-8B,metamath,base_model.model.model.layers.26.self_attn.v_proj,26,v_proj,0p00,0.0,0.40679433941841125,0.40679433941841125,1.0,4
Qwen3-8B,metamath,base_model.model.model.layers.26.self_attn.v_proj,26,v_proj,0p25,0.25,0.40679433941841125,0.3490004539489746,0.8579285144805908,4
Qwen3-8B,metamath,base_model.model.model.layers.26.self_attn.v_proj,26,v_proj,0p50,0.5,0.40679433941841125,0.29462265968322754,0.7242545485496521,4
Qwen3-8B,metamath,base_model.model.model.layers.26.self_attn.v_proj,26,v_proj,1p00,1.0,0.40679433941841125,0.207000732421875,0.5088584423065186,4
Qwen3-8B,metamath,base_model.model.model.layers.27.mlp.down_proj,27,down_proj,0p00,0.0,0.8534654974937439,0.8534654974937439,1.0,4
Qwen3-8B,metamath,base_model.model.model.layers.27.mlp.down_proj,27,down_proj,0p25,0.25,0.8534654974937439,0.7694801092147827,0.901594877243042,4
Qwen3-8B,metamath,base_model.model.model.layers.27.mlp.down_proj,27,down_proj,0p50,0.5,0.8534654974937439,0.6911426782608032,0.8098074197769165,4
Qwen3-8B,metamath,base_model.model.model.layers.27.mlp.down_proj,27,down_proj,1p00,1.0,0.8534654974937439,0.5607868432998657,0.6570703387260437,4
Qwen3-8B,metamath,base_model.model.model.layers.27.mlp.gate_proj,27,gate_proj,0p00,0.0,2.196031332015991,2.196031332015991,1.0,3
Qwen3-8B,metamath,base_model.model.model.layers.27.mlp.gate_proj,27,gate_proj,0p25,0.25,2.196031332015991,1.796466588973999,0.8180514574050903,3
Qwen3-8B,metamath,base_model.model.model.layers.27.mlp.gate_proj,27,gate_proj,0p50,0.5,2.196031332015991,1.414332389831543,0.6440401673316956,3
Qwen3-8B,metamath,base_model.model.model.layers.27.mlp.gate_proj,27,gate_proj,1p00,1.0,2.196031332015991,0.8070577383041382,0.3675073981285095,3
Qwen3-8B,metamath,base_model.model.model.layers.27.mlp.up_proj,27,up_proj,0p00,0.0,1.5088858604431152,1.5088858604431152,1.0,4
Qwen3-8B,metamath,base_model.model.model.layers.27.mlp.up_proj,27,up_proj,0p25,0.25,1.5088858604431152,1.2915219068527222,0.8559440970420837,4
Qwen3-8B,metamath,base_model.model.model.layers.27.mlp.up_proj,27,up_proj,0p50,0.5,1.5088858604431152,1.0894205570220947,0.7220032811164856,4
Qwen3-8B,metamath,base_model.model.model.layers.27.mlp.up_proj,27,up_proj,1p00,1.0,1.5088858604431152,0.7791035771369934,0.5163435935974121,4
Qwen3-8B,metamath,base_model.model.model.layers.27.self_attn.k_proj,27,k_proj,0p00,0.0,0.5649350881576538,0.5649350881576538,1.0,5
Qwen3-8B,metamath,base_model.model.model.layers.27.self_attn.k_proj,27,k_proj,0p25,0.25,0.5649350881576538,0.4753839671611786,0.8414842486381531,5
Qwen3-8B,metamath,base_model.model.model.layers.27.self_attn.k_proj,27,k_proj,0p50,0.5,0.5649350881576538,0.39016714692115784,0.6906406879425049,5
Qwen3-8B,metamath,base_model.model.model.layers.27.self_attn.k_proj,27,k_proj,1p00,1.0,0.5649350881576538,0.2508348822593689,0.4440065622329712,5
Qwen3-8B,metamath,base_model.model.model.layers.27.self_attn.o_proj,27,o_proj,0p00,0.0,0.9527498483657837,0.9527498483657837,1.0,4
Qwen3-8B,metamath,base_model.model.model.layers.27.self_attn.o_proj,27,o_proj,0p25,0.25,0.9527498483657837,0.8349632620811462,0.8763719797134399,4
Qwen3-8B,metamath,base_model.model.model.layers.27.self_attn.o_proj,27,o_proj,0p50,0.5,0.9527498483657837,0.7266377806663513,0.7626742720603943,4
Qwen3-8B,metamath,base_model.model.model.layers.27.self_attn.o_proj,27,o_proj,1p00,1.0,0.9527498483657837,0.560270369052887,0.5880560874938965,4
Qwen3-8B,metamath,base_model.model.model.layers.27.self_attn.q_proj,27,q_proj,0p00,0.0,1.1514137983322144,1.1514137983322144,1.0,4
Qwen3-8B,metamath,base_model.model.model.layers.27.self_attn.q_proj,27,q_proj,0p25,0.25,1.1514137983322144,0.9702988862991333,0.8427021503448486,4
Qwen3-8B,metamath,base_model.model.model.layers.27.self_attn.q_proj,27,q_proj,0p50,0.5,1.1514137983322144,0.7990527749061584,0.6939753293991089,4
Qwen3-8B,metamath,base_model.model.model.layers.27.self_attn.q_proj,27,q_proj,1p00,1.0,1.1514137983322144,0.5256741642951965,0.45654669404029846,4
Qwen3-8B,metamath,base_model.model.model.layers.27.self_attn.v_proj,27,v_proj,0p00,0.0,0.3345751166343689,0.3345751166343689,1.0,3
Qwen3-8B,metamath,base_model.model.model.layers.27.self_attn.v_proj,27,v_proj,0p25,0.25,0.3345751166343689,0.280440092086792,0.8381977081298828,3
Qwen3-8B,metamath,base_model.model.model.layers.27.self_attn.v_proj,27,v_proj,0p50,0.5,0.3345751166343689,0.22909782826900482,0.6847425699234009,3
Qwen3-8B,metamath,base_model.model.model.layers.27.self_attn.v_proj,27,v_proj,1p00,1.0,0.3345751166343689,0.14684425294399261,0.4388976991176605,3
Qwen3-8B,metamath,base_model.model.model.layers.28.mlp.down_proj,28,down_proj,0p00,0.0,0.905273973941803,0.905273973941803,1.0,5
Qwen3-8B,metamath,base_model.model.model.layers.28.mlp.down_proj,28,down_proj,0p25,0.25,0.905273973941803,0.8202663064002991,0.9060972929000854,5
Qwen3-8B,metamath,base_model.model.model.layers.28.mlp.down_proj,28,down_proj,0p50,0.5,0.905273973941803,0.7412519454956055,0.8188150525093079,5
Qwen3-8B,metamath,base_model.model.model.layers.28.mlp.down_proj,28,down_proj,1p00,1.0,0.905273973941803,0.6104064583778381,0.6742781400680542,5
Qwen3-8B,metamath,base_model.model.model.layers.28.mlp.gate_proj,28,gate_proj,0p00,0.0,2.222461700439453,2.222461700439453,1.0,4
Qwen3-8B,metamath,base_model.model.model.layers.28.mlp.gate_proj,28,gate_proj,0p25,0.25,2.222461700439453,1.846329927444458,0.8307589292526245,4
Qwen3-8B,metamath,base_model.model.model.layers.28.mlp.gate_proj,28,gate_proj,0p50,0.5,2.222461700439453,1.4880670309066772,0.6695579886436462,4
Qwen3-8B,metamath,base_model.model.model.layers.28.mlp.gate_proj,28,gate_proj,1p00,1.0,2.222461700439453,0.9124674201011658,0.4105660915374756,4
Qwen3-8B,metamath,base_model.model.model.layers.28.mlp.up_proj,28,up_proj,0p00,0.0,1.6283948421478271,1.6283948421478271,1.0,4
Qwen3-8B,metamath,base_model.model.model.layers.28.mlp.up_proj,28,up_proj,0p25,0.25,1.6283948421478271,1.3848059177398682,0.8504116535186768,4
Qwen3-8B,metamath,base_model.model.model.layers.28.mlp.up_proj,28,up_proj,0p50,0.5,1.6283948421478271,1.157827377319336,0.71102374792099,4
Qwen3-8B,metamath,base_model.model.model.layers.28.mlp.up_proj,28,up_proj,1p00,1.0,1.6283948421478271,0.8104902505874634,0.49772343039512634,4
Qwen3-8B,metamath,base_model.model.model.layers.28.self_attn.k_proj,28,k_proj,0p00,0.0,0.555424690246582,0.555424690246582,1.0,4
Qwen3-8B,metamath,base_model.model.model.layers.28.self_attn.k_proj,28,k_proj,0p25,0.25,0.555424690246582,0.4859321713447571,0.8748840093612671,4
Qwen3-8B,metamath,base_model.model.model.layers.28.self_attn.k_proj,28,k_proj,0p50,0.5,0.555424690246582,0.4202418029308319,0.7566134929656982,4
Qwen3-8B,metamath,base_model.model.model.layers.28.self_attn.k_proj,28,k_proj,1p00,1.0,0.555424690246582,0.30994850397109985,0.5580387711524963,4
Qwen3-8B,metamath,base_model.model.model.layers.28.self_attn.o_proj,28,o_proj,0p00,0.0,0.9005576968193054,0.9005576968193054,1.0,6
Qwen3-8B,metamath,base_model.model.model.layers.28.self_attn.o_proj,28,o_proj,0p25,0.25,0.9005576968193054,0.8241797685623169,0.915188193321228,6
Qwen3-8B,metamath,base_model.model.model.layers.28.self_attn.o_proj,28,o_proj,0p50,0.5,0.9005576968193054,0.7522811889648438,0.8353503346443176,6
Qwen3-8B,metamath,base_model.model.model.layers.28.self_attn.o_proj,28,o_proj,1p00,1.0,0.9005576968193054,0.6280098557472229,0.6973565816879272,6
Qwen3-8B,metamath,base_model.model.model.layers.28.self_attn.q_proj,28,q_proj,0p00,0.0,1.0733250379562378,1.0733250379562378,1.0,5
Qwen3-8B,metamath,base_model.model.model.layers.28.self_attn.q_proj,28,q_proj,0p25,0.25,1.0733250379562378,0.9027733206748962,0.8410996794700623,5
Qwen3-8B,metamath,base_model.model.model.layers.28.self_attn.q_proj,28,q_proj,0p50,0.5,1.0733250379562378,0.7414672374725342,0.6908133029937744,5
Qwen3-8B,metamath,base_model.model.model.layers.28.self_attn.q_proj,28,q_proj,1p00,1.0,1.0733250379562378,0.4844830632209778,0.4513852298259735,5
Qwen3-8B,metamath,base_model.model.model.layers.28.self_attn.v_proj,28,v_proj,0p00,0.0,0.40915733575820923,0.40915733575820923,1.0,5
Qwen3-8B,metamath,base_model.model.model.layers.28.self_attn.v_proj,28,v_proj,0p25,0.25,0.40915733575820923,0.3558136820793152,0.8696255683898926,5
Qwen3-8B,metamath,base_model.model.model.layers.28.self_attn.v_proj,28,v_proj,0p50,0.5,0.40915733575820923,0.30546095967292786,0.7465611100196838,5
Qwen3-8B,metamath,base_model.model.model.layers.28.self_attn.v_proj,28,v_proj,1p00,1.0,0.40915733575820923,0.22190196812152863,0.5423389673233032,5
Qwen3-8B,metamath,base_model.model.model.layers.29.mlp.down_proj,29,down_proj,0p00,0.0,0.9251481294631958,0.9251481294631958,1.0,5
Qwen3-8B,metamath,base_model.model.model.layers.29.mlp.down_proj,29,down_proj,0p25,0.25,0.9251481294631958,0.8205926418304443,0.8869851231575012,5
Qwen3-8B,metamath,base_model.model.model.layers.29.mlp.down_proj,29,down_proj,0p50,0.5,0.9251481294631958,0.7249479293823242,0.7836019992828369,5
Qwen3-8B,metamath,base_model.model.model.layers.29.mlp.down_proj,29,down_proj,1p00,1.0,0.9251481294631958,0.5779411196708679,0.6247011423110962,5
Qwen3-8B,metamath,base_model.model.model.layers.29.mlp.gate_proj,29,gate_proj,0p00,0.0,2.3908958435058594,2.3908958435058594,1.0,4
Qwen3-8B,metamath,base_model.model.model.layers.29.mlp.gate_proj,29,gate_proj,0p25,0.25,2.3908958435058594,1.9786967039108276,0.8275963664054871,4
Qwen3-8B,metamath,base_model.model.model.layers.29.mlp.gate_proj,29,gate_proj,0p50,0.5,2.3908958435058594,1.587605595588684,0.6640212535858154,4
Qwen3-8B,metamath,base_model.model.model.layers.29.mlp.gate_proj,29,gate_proj,1p00,1.0,2.3908958435058594,0.9747702479362488,0.4077008366584778,4
Qwen3-8B,metamath,base_model.model.model.layers.29.mlp.up_proj,29,up_proj,0p00,0.0,1.5147112607955933,1.5147112607955933,1.0,5
Qwen3-8B,metamath,base_model.model.model.layers.29.mlp.up_proj,29,up_proj,0p25,0.25,1.5147112607955933,1.332114815711975,0.879451334476471,5
Qwen3-8B,metamath,base_model.model.model.layers.29.mlp.up_proj,29,up_proj,0p50,0.5,1.5147112607955933,1.1644868850708008,0.7687847018241882,5
Qwen3-8B,metamath,base_model.model.model.layers.29.mlp.up_proj,29,up_proj,1p00,1.0,1.5147112607955933,0.9071881771087646,0.5989181995391846,5
Qwen3-8B,metamath,base_model.model.model.layers.29.self_attn.k_proj,29,k_proj,0p00,0.0,0.5673940777778625,0.5673940777778625,1.0,6
Qwen3-8B,metamath,base_model.model.model.layers.29.self_attn.k_proj,29,k_proj,0p25,0.25,0.5673940777778625,0.5046702027320862,0.8894526958465576,6
Qwen3-8B,metamath,base_model.model.model.layers.29.self_attn.k_proj,29,k_proj,0p50,0.5,0.5673940777778625,0.4448298215866089,0.7839874029159546,6
Qwen3-8B,metamath,base_model.model.model.layers.29.self_attn.k_proj,29,k_proj,1p00,1.0,0.5673940777778625,0.3398723602294922,0.5990058183670044,6
Qwen3-8B,metamath,base_model.model.model.layers.29.self_attn.o_proj,29,o_proj,0p00,0.0,0.823523759841919,0.823523759841919,1.0,5
Qwen3-8B,metamath,base_model.model.model.layers.29.self_attn.o_proj,29,o_proj,0p25,0.25,0.823523759841919,0.7737669348716736,0.9395805597305298,5
Qwen3-8B,metamath,base_model.model.model.layers.29.self_attn.o_proj,29,o_proj,0p50,0.5,0.823523759841919,0.7265082597732544,0.8821946382522583,5
Qwen3-8B,metamath,base_model.model.model.layers.29.self_attn.o_proj,29,o_proj,1p00,1.0,0.823523759841919,0.6416679620742798,0.7791736125946045,5
Qwen3-8B,metamath,base_model.model.model.layers.29.self_attn.q_proj,29,q_proj,0p00,0.0,1.0895466804504395,1.0895466804504395,1.0,5
Qwen3-8B,metamath,base_model.model.model.layers.29.self_attn.q_proj,29,q_proj,0p25,0.25,1.0895466804504395,0.9569612741470337,0.8783113956451416,5
Qwen3-8B,metamath,base_model.model.model.layers.29.self_attn.q_proj,29,q_proj,0p50,0.5,1.0895466804504395,0.8327670693397522,0.7643243670463562,5
Qwen3-8B,metamath,base_model.model.model.layers.29.self_attn.q_proj,29,q_proj,1p00,1.0,1.0895466804504395,0.6293984651565552,0.5776700377464294,5
Qwen3-8B,metamath,base_model.model.model.layers.29.self_attn.v_proj,29,v_proj,0p00,0.0,0.3707144856452942,0.3707144856452942,1.0,5
Qwen3-8B,metamath,base_model.model.model.layers.29.self_attn.v_proj,29,v_proj,0p25,0.25,0.3707144856452942,0.3209875226020813,0.8658618330955505,5
Qwen3-8B,metamath,base_model.model.model.layers.29.self_attn.v_proj,29,v_proj,0p50,0.5,0.3707144856452942,0.27378180623054504,0.7385247349739075,5
Qwen3-8B,metamath,base_model.model.model.layers.29.self_attn.v_proj,29,v_proj,1p00,1.0,0.3707144856452942,0.19432589411735535,0.5241928696632385,5
Qwen3-8B,metamath,base_model.model.model.layers.3.mlp.down_proj,3,down_proj,0p00,0.0,0.6134085059165955,0.6134085059165955,1.0,3
Qwen3-8B,metamath,base_model.model.model.layers.3.mlp.down_proj,3,down_proj,0p25,0.25,0.6134085059165955,0.5242609977722168,0.8546686172485352,3
Qwen3-8B,metamath,base_model.model.model.layers.3.mlp.down_proj,3,down_proj,0p50,0.5,0.6134085059165955,0.4411105215549469,0.719113826751709,3
Qwen3-8B,metamath,base_model.model.model.layers.3.mlp.down_proj,3,down_proj,1p00,1.0,0.6134085059165955,0.31222453713417053,0.5089993476867676,3
Qwen3-8B,metamath,base_model.model.model.layers.3.mlp.gate_proj,3,gate_proj,0p00,0.0,2.2607412338256836,2.2607412338256836,1.0,1
Qwen3-8B,metamath,base_model.model.model.layers.3.mlp.gate_proj,3,gate_proj,0p25,0.25,2.2607412338256836,1.7438879013061523,0.7713788151741028,1
Qwen3-8B,metamath,base_model.model.model.layers.3.mlp.gate_proj,3,gate_proj,0p50,0.5,2.2607412338256836,1.2288260459899902,0.5435500741004944,1
Qwen3-8B,metamath,base_model.model.model.layers.3.mlp.gate_proj,3,gate_proj,1p00,1.0,2.2607412338256836,0.2525326609611511,0.11170347779989243,1
Qwen3-8B,metamath,base_model.model.model.layers.3.mlp.up_proj,3,up_proj,0p00,0.0,0.7324607968330383,0.7324607968330383,1.0,2
Qwen3-8B,metamath,base_model.model.model.layers.3.mlp.up_proj,3,up_proj,0p25,0.25,0.7324607968330383,0.5872414708137512,0.8017377257347107,2
Qwen3-8B,metamath,base_model.model.model.layers.3.mlp.up_proj,3,up_proj,0p50,0.5,0.7324607968330383,0.44655996561050415,0.6096708178520203,2
Qwen3-8B,metamath,base_model.model.model.layers.3.mlp.up_proj,3,up_proj,1p00,1.0,0.7324607968330383,0.2171885222196579,0.2965189814567566,2
Qwen3-8B,metamath,base_model.model.model.layers.3.self_attn.k_proj,3,k_proj,0p00,0.0,0.387434720993042,0.387434720993042,1.0,4
Qwen3-8B,metamath,base_model.model.model.layers.3.self_attn.k_proj,3,k_proj,0p25,0.25,0.387434720993042,0.3355790674686432,0.8661563992500305,4
Qwen3-8B,metamath,base_model.model.model.layers.3.self_attn.k_proj,3,k_proj,0p50,0.5,0.387434720993042,0.286897748708725,0.7405060529708862,4
Qwen3-8B,metamath,base_model.model.model.layers.3.self_attn.k_proj,3,k_proj,1p00,1.0,0.387434720993042,0.20802055299282074,0.5369176864624023,4
Qwen3-8B,metamath,base_model.model.model.layers.3.self_attn.o_proj,3,o_proj,0p00,0.0,0.5644568204879761,0.5644568204879761,1.0,3
Qwen3-8B,metamath,base_model.model.model.layers.3.self_attn.o_proj,3,o_proj,0p25,0.25,0.5644568204879761,0.47443604469299316,0.8405178785324097,3
Qwen3-8B,metamath,base_model.model.model.layers.3.self_attn.o_proj,3,o_proj,0p50,0.5,0.5644568204879761,0.3884706199169159,0.6882202625274658,3
Qwen3-8B,metamath,base_model.model.model.layers.3.self_attn.o_proj,3,o_proj,1p00,1.0,0.5644568204879761,0.24611879885196686,0.4360276758670807,3
Qwen3-8B,metamath,base_model.model.model.layers.3.self_attn.q_proj,3,q_proj,0p00,0.0,0.915644645690918,0.915644645690918,1.0,3
Qwen3-8B,metamath,base_model.model.model.layers.3.self_attn.q_proj,3,q_proj,0p25,0.25,0.915644645690918,0.7607002854347229,0.830781102180481,3
Qwen3-8B,metamath,base_model.model.model.layers.3.self_attn.q_proj,3,q_proj,0p50,0.5,0.915644645690918,0.6126963496208191,0.6691420674324036,3
Qwen3-8B,metamath,base_model.model.model.layers.3.self_attn.q_proj,3,q_proj,1p00,1.0,0.915644645690918,0.371856153011322,0.40611404180526733,3
Qwen3-8B,metamath,base_model.model.model.layers.3.self_attn.v_proj,3,v_proj,0p00,0.0,0.5484353303909302,0.5484353303909302,1.0,2
Qwen3-8B,metamath,base_model.model.model.layers.3.self_attn.v_proj,3,v_proj,0p25,0.25,0.5484353303909302,0.4353998005390167,0.7938945293426514,2
Qwen3-8B,metamath,base_model.model.model.layers.3.self_attn.v_proj,3,v_proj,0p50,0.5,0.5484353303909302,0.32394519448280334,0.5906716585159302,2
Qwen3-8B,metamath,base_model.model.model.layers.3.self_attn.v_proj,3,v_proj,1p00,1.0,0.5484353303909302,0.12410882115364075,0.22629618644714355,2
Qwen3-8B,metamath,base_model.model.model.layers.30.mlp.down_proj,30,down_proj,0p00,0.0,0.994976818561554,0.994976818561554,1.0,5
Qwen3-8B,metamath,base_model.model.model.layers.30.mlp.down_proj,30,down_proj,0p25,0.25,0.994976818561554,0.8703669309616089,0.8747609853744507,5
Qwen3-8B,metamath,base_model.model.model.layers.30.mlp.down_proj,30,down_proj,0p50,0.5,0.994976818561554,0.7547661066055298,0.7585765719413757,5
Qwen3-8B,metamath,base_model.model.model.layers.30.mlp.down_proj,30,down_proj,1p00,1.0,0.994976818561554,0.572414755821228,0.5753046274185181,5
Qwen3-8B,metamath,base_model.model.model.layers.30.mlp.gate_proj,30,gate_proj,0p00,0.0,2.543196678161621,2.543196678161621,1.0,3
Qwen3-8B,metamath,base_model.model.model.layers.30.mlp.gate_proj,30,gate_proj,0p25,0.25,2.543196678161621,2.0771443843841553,0.8167454600334167,3
Qwen3-8B,metamath,base_model.model.model.layers.30.mlp.gate_proj,30,gate_proj,0p50,0.5,2.543196678161621,1.628633737564087,0.6403884291648865,3
Qwen3-8B,metamath,base_model.model.model.layers.30.mlp.gate_proj,30,gate_proj,1p00,1.0,2.543196678161621,0.8955473303794861,0.3521345257759094,3
Qwen3-8B,metamath,base_model.model.model.layers.30.mlp.up_proj,30,up_proj,0p00,0.0,1.8913509845733643,1.8913509845733643,1.0,3
Qwen3-8B,metamath,base_model.model.model.layers.30.mlp.up_proj,30,up_proj,0p25,0.25,1.8913509845733643,1.559680700302124,0.8246384263038635,3
Qwen3-8B,metamath,base_model.model.model.layers.30.mlp.up_proj,30,up_proj,0p50,0.5,1.8913509845733643,1.244950771331787,0.6582335829734802,3
Qwen3-8B,metamath,base_model.model.model.layers.30.mlp.up_proj,30,up_proj,1p00,1.0,1.8913509845733643,0.7551207542419434,0.399249404668808,3
Qwen3-8B,metamath,base_model.model.model.layers.30.self_attn.k_proj,30,k_proj,0p00,0.0,0.6458750367164612,0.6458750367164612,1.0,4
Qwen3-8B,metamath,base_model.model.model.layers.30.self_attn.k_proj,30,k_proj,0p25,0.25,0.6458750367164612,0.5267226696014404,0.8155179023742676,4
Qwen3-8B,metamath,base_model.model.model.layers.30.self_attn.k_proj,30,k_proj,0p50,0.5,0.6458750367164612,0.4120837450027466,0.6380239725112915,4
Qwen3-8B,metamath,base_model.model.model.layers.30.self_attn.k_proj,30,k_proj,1p00,1.0,0.6458750367164612,0.22549426555633545,0.349129855632782,4
Qwen3-8B,metamath,base_model.model.model.layers.30.self_attn.o_proj,30,o_proj,0p00,0.0,0.9525139331817627,0.9525139331817627,1.0,4
Qwen3-8B,metamath,base_model.model.model.layers.30.self_attn.o_proj,30,o_proj,0p25,0.25,0.9525139331817627,0.800585150718689,0.8404970765113831,4
Qwen3-8B,metamath,base_model.model.model.layers.30.self_attn.o_proj,30,o_proj,0p50,0.5,0.9525139331817627,0.6570318937301636,0.6897871494293213,4
Qwen3-8B,metamath,base_model.model.model.layers.30.self_attn.o_proj,30,o_proj,1p00,1.0,0.9525139331817627,0.4295348823070526,0.45094865560531616,4
Qwen3-8B,metamath,base_model.model.model.layers.30.self_attn.q_proj,30,q_proj,0p00,0.0,1.2867329120635986,1.2867329120635986,1.0,3
Qwen3-8B,metamath,base_model.model.model.layers.30.self_attn.q_proj,30,q_proj,0p25,0.25,1.2867329120635986,1.046708106994629,0.8134618401527405,3
Qwen3-8B,metamath,base_model.model.model.layers.30.self_attn.q_proj,30,q_proj,0p50,0.5,1.2867329120635986,0.8165953755378723,0.6346269249916077,3
Qwen3-8B,metamath,base_model.model.model.layers.30.self_attn.q_proj,30,q_proj,1p00,1.0,1.2867329120635986,0.4508109390735626,0.3503531515598297,3
Qwen3-8B,metamath,base_model.model.model.layers.30.self_attn.v_proj,30,v_proj,0p00,0.0,0.3383997082710266,0.3383997082710266,1.0,4
Qwen3-8B,metamath,base_model.model.model.layers.30.self_attn.v_proj,30,v_proj,0p25,0.25,0.3383997082710266,0.2865585386753082,0.8468049168586731,4
Qwen3-8B,metamath,base_model.model.model.layers.30.self_attn.v_proj,30,v_proj,0p50,0.5,0.3383997082710266,0.23718541860580444,0.7009031176567078,4
Qwen3-8B,metamath,base_model.model.model.layers.30.self_attn.v_proj,30,v_proj,1p00,1.0,0.3383997082710266,0.15542933344841003,0.459306925535202,4
Qwen3-8B,metamath,base_model.model.model.layers.31.mlp.down_proj,31,down_proj,0p00,0.0,1.1195721626281738,1.1195721626281738,1.0,4
Qwen3-8B,metamath,base_model.model.model.layers.31.mlp.down_proj,31,down_proj,0p25,0.25,1.1195721626281738,0.9439774751663208,0.8431591391563416,4
Qwen3-8B,metamath,base_model.model.model.layers.31.mlp.down_proj,31,down_proj,0p50,0.5,1.1195721626281738,0.7802926301956177,0.6969560980796814,4
Qwen3-8B,metamath,base_model.model.model.layers.31.mlp.down_proj,31,down_proj,1p00,1.0,1.1195721626281738,0.5335883498191833,0.4766002297401428,4
Qwen3-8B,metamath,base_model.model.model.layers.31.mlp.gate_proj,31,gate_proj,0p00,0.0,2.6312527656555176,2.6312527656555176,1.0,4
Qwen3-8B,metamath,base_model.model.model.layers.31.mlp.gate_proj,31,gate_proj,0p25,0.25,2.6312527656555176,2.1697301864624023,0.8245996832847595,4
Qwen3-8B,metamath,base_model.model.model.layers.31.mlp.gate_proj,31,gate_proj,0p50,0.5,2.6312527656555176,1.729968547821045,0.6574695706367493,4
Qwen3-8B,metamath,base_model.model.model.layers.31.mlp.gate_proj,31,gate_proj,1p00,1.0,2.6312527656555176,1.0321722030639648,0.39227405190467834,4
Qwen3-8B,metamath,base_model.model.model.layers.31.mlp.up_proj,31,up_proj,0p00,0.0,1.8648277521133423,1.8648277521133423,1.0,3
Qwen3-8B,metamath,base_model.model.model.layers.31.mlp.up_proj,31,up_proj,0p25,0.25,1.8648277521133423,1.5634891986846924,0.838409423828125,3
Qwen3-8B,metamath,base_model.model.model.layers.31.mlp.up_proj,31,up_proj,0p50,0.5,1.8648277521133423,1.2796093225479126,0.6861809492111206,3
Qwen3-8B,metamath,base_model.model.model.layers.31.mlp.up_proj,31,up_proj,1p00,1.0,1.8648277521133423,0.8373515009880066,0.4490235149860382,3
Qwen3-8B,metamath,base_model.model.model.layers.31.self_attn.k_proj,31,k_proj,0p00,0.0,0.4954008460044861,0.4954008460044861,1.0,4
Qwen3-8B,metamath,base_model.model.model.layers.31.self_attn.k_proj,31,k_proj,0p25,0.25,0.4954008460044861,0.43481120467185974,0.8776957392692566,4
Qwen3-8B,metamath,base_model.model.model.layers.31.self_attn.k_proj,31,k_proj,0p50,0.5,0.4954008460044861,0.377642959356308,0.7622977495193481,4
Qwen3-8B,metamath,base_model.model.model.layers.31.self_attn.k_proj,31,k_proj,1p00,1.0,0.4954008460044861,0.28189560770988464,0.5690252780914307,4
Qwen3-8B,metamath,base_model.model.model.layers.31.self_attn.o_proj,31,o_proj,0p00,0.0,0.7716294527053833,0.7716294527053833,1.0,5
Qwen3-8B,metamath,base_model.model.model.layers.31.self_attn.o_proj,31,o_proj,0p25,0.25,0.7716294527053833,0.7246615886688232,0.9391315579414368,5
Qwen3-8B,metamath,base_model.model.model.layers.31.self_attn.o_proj,31,o_proj,0p50,0.5,0.7716294527053833,0.6809245347976685,0.8824501633644104,5
Qwen3-8B,metamath,base_model.model.model.layers.31.self_attn.o_proj,31,o_proj,1p00,1.0,0.7716294527053833,0.6058956980705261,0.7852158546447754,5
Qwen3-8B,metamath,base_model.model.model.layers.31.self_attn.q_proj,31,q_proj,0p00,0.0,0.9310669898986816,0.9310669898986816,1.0,5
Qwen3-8B,metamath,base_model.model.model.layers.31.self_attn.q_proj,31,q_proj,0p25,0.25,0.9310669898986816,0.8280777335166931,0.8893857598304749,5
Qwen3-8B,metamath,base_model.model.model.layers.31.self_attn.q_proj,31,q_proj,0p50,0.5,0.9310669898986816,0.7325336933135986,0.7867679595947266,5
Qwen3-8B,metamath,base_model.model.model.layers.31.self_attn.q_proj,31,q_proj,1p00,1.0,0.9310669898986816,0.5784373879432678,0.6212629079818726,5
Qwen3-8B,metamath,base_model.model.model.layers.31.self_attn.v_proj,31,v_proj,0p00,0.0,0.32480764389038086,0.32480764389038086,1.0,4
Qwen3-8B,metamath,base_model.model.model.layers.31.self_attn.v_proj,31,v_proj,0p25,0.25,0.32480764389038086,0.28563663363456726,0.8794024586677551,4
Qwen3-8B,metamath,base_model.model.model.layers.31.self_attn.v_proj,31,v_proj,0p50,0.5,0.32480764389038086,0.24848870933055878,0.7650334239006042,4
Qwen3-8B,metamath,base_model.model.model.layers.31.self_attn.v_proj,31,v_proj,1p00,1.0,0.32480764389038086,0.18513120710849762,0.5699718594551086,4
Qwen3-8B,metamath,base_model.model.model.layers.32.mlp.down_proj,32,down_proj,0p00,0.0,1.0341726541519165,1.0341726541519165,1.0,4
Qwen3-8B,metamath,base_model.model.model.layers.32.mlp.down_proj,32,down_proj,0p25,0.25,1.0341726541519165,0.8968414664268494,0.8672066926956177,4
Qwen3-8B,metamath,base_model.model.model.layers.32.mlp.down_proj,32,down_proj,0p50,0.5,1.0341726541519165,0.768609344959259,0.7432118058204651,4
Qwen3-8B,metamath,base_model.model.model.layers.32.mlp.down_proj,32,down_proj,1p00,1.0,1.0341726541519165,0.5643613338470459,0.5457128882408142,4
Qwen3-8B,metamath,base_model.model.model.layers.32.mlp.gate_proj,32,gate_proj,0p00,0.0,2.727564573287964,2.727564573287964,1.0,3
Qwen3-8B,metamath,base_model.model.model.layers.32.mlp.gate_proj,32,gate_proj,0p25,0.25,2.727564573287964,2.2373642921447754,0.8202791213989258,3
Qwen3-8B,metamath,base_model.model.model.layers.32.mlp.gate_proj,32,gate_proj,0p50,0.5,2.727564573287964,1.7683920860290527,0.6483410596847534,3
Qwen3-8B,metamath,base_model.model.model.layers.32.mlp.gate_proj,32,gate_proj,1p00,1.0,2.727564573287964,1.0176891088485718,0.3731127381324768,3
Qwen3-8B,metamath,base_model.model.model.layers.32.mlp.up_proj,32,up_proj,0p00,0.0,2.056891918182373,2.056891918182373,1.0,4
Qwen3-8B,metamath,base_model.model.model.layers.32.mlp.up_proj,32,up_proj,0p25,0.25,2.056891918182373,1.6978365182876587,0.8254379034042358,4
Qwen3-8B,metamath,base_model.model.model.layers.32.mlp.up_proj,32,up_proj,0p50,0.5,2.056891918182373,1.3564590215682983,0.65947026014328,4
Qwen3-8B,metamath,base_model.model.model.layers.32.mlp.up_proj,32,up_proj,1p00,1.0,2.056891918182373,0.8192123770713806,0.39827683568000793,4
Qwen3-8B,metamath,base_model.model.model.layers.32.self_attn.k_proj,32,k_proj,0p00,0.0,0.4566124379634857,0.4566124379634857,1.0,5
Qwen3-8B,metamath,base_model.model.model.layers.32.self_attn.k_proj,32,k_proj,0p25,0.25,0.4566124379634857,0.3960665464401245,0.8674020171165466,5
Qwen3-8B,metamath,base_model.model.model.layers.32.self_attn.k_proj,32,k_proj,0p50,0.5,0.4566124379634857,0.338921457529068,0.7422519326210022,5
Qwen3-8B,metamath,base_model.model.model.layers.32.self_attn.k_proj,32,k_proj,1p00,1.0,0.4566124379634857,0.24442093074321747,0.5352919101715088,5
Qwen3-8B,metamath,base_model.model.model.layers.32.self_attn.o_proj,32,o_proj,0p00,0.0,0.701348602771759,0.701348602771759,1.0,4
Qwen3-8B,metamath,base_model.model.model.layers.32.self_attn.o_proj,32,o_proj,0p25,0.25,0.701348602771759,0.6169834136962891,0.8797100782394409,4
Qwen3-8B,metamath,base_model.model.model.layers.32.self_attn.o_proj,32,o_proj,0p50,0.5,0.701348602771759,0.5400532484054565,0.7700211405754089,4
Qwen3-8B,metamath,base_model.model.model.layers.32.self_attn.o_proj,32,o_proj,1p00,1.0,0.701348602771759,0.4245784878730774,0.6053743958473206,4
Qwen3-8B,metamath,base_model.model.model.layers.32.self_attn.q_proj,32,q_proj,0p00,0.0,1.0325350761413574,1.0325350761413574,1.0,5
Qwen3-8B,metamath,base_model.model.model.layers.32.self_attn.q_proj,32,q_proj,0p25,0.25,1.0325350761413574,0.8768373131752014,0.8492082357406616,5
Qwen3-8B,metamath,base_model.model.model.layers.32.self_attn.q_proj,32,q_proj,0p50,0.5,1.0325350761413574,0.7309443354606628,0.7079123258590698,5
Qwen3-8B,metamath,base_model.model.model.layers.32.self_attn.q_proj,32,q_proj,1p00,1.0,1.0325350761413574,0.5033026933670044,0.4874436855316162,5
Qwen3-8B,metamath,base_model.model.model.layers.32.self_attn.v_proj,32,v_proj,0p00,0.0,0.3387596309185028,0.3387596309185028,1.0,5
Qwen3-8B,metamath,base_model.model.model.layers.32.self_attn.v_proj,32,v_proj,0p25,0.25,0.3387596309185028,0.29200154542922974,0.8619726896286011,5
Qwen3-8B,metamath,base_model.model.model.layers.32.self_attn.v_proj,32,v_proj,0p50,0.5,0.3387596309185028,0.24787047505378723,0.7317001819610596,5
Qwen3-8B,metamath,base_model.model.model.layers.32.self_attn.v_proj,32,v_proj,1p00,1.0,0.3387596309185028,0.17548143863677979,0.5180116891860962,5
Qwen3-8B,metamath,base_model.model.model.layers.33.mlp.down_proj,33,down_proj,0p00,0.0,0.9426454305648804,0.9426454305648804,1.0,3
Qwen3-8B,metamath,base_model.model.model.layers.33.mlp.down_proj,33,down_proj,0p25,0.25,0.9426454305648804,0.78544020652771,0.8332297205924988,3
Qwen3-8B,metamath,base_model.model.model.layers.33.mlp.down_proj,33,down_proj,0p50,0.5,0.9426454305648804,0.6377499103546143,0.6765533089637756,3
Qwen3-8B,metamath,base_model.model.model.layers.33.mlp.down_proj,33,down_proj,1p00,1.0,0.9426454305648804,0.4132307171821594,0.4383734464645386,3
Qwen3-8B,metamath,base_model.model.model.layers.33.mlp.gate_proj,33,gate_proj,0p00,0.0,2.798417568206787,2.798417568206787,1.0,3
Qwen3-8B,metamath,base_model.model.model.layers.33.mlp.gate_proj,33,gate_proj,0p25,0.25,2.798417568206787,2.248776912689209,0.8035887479782104,3
Qwen3-8B,metamath,base_model.model.model.layers.33.mlp.gate_proj,33,gate_proj,0p50,0.5,2.798417568206787,1.7154510021209717,0.6130075454711914,3
Qwen3-8B,metamath,base_model.model.model.layers.33.mlp.gate_proj,33,gate_proj,1p00,1.0,2.798417568206787,0.8331116437911987,0.297708123922348,3
Qwen3-8B,metamath,base_model.model.model.layers.33.mlp.up_proj,33,up_proj,0p00,0.0,2.059865713119507,2.059865713119507,1.0,3
Qwen3-8B,metamath,base_model.model.model.layers.33.mlp.up_proj,33,up_proj,0p25,0.25,2.059865713119507,1.6972097158432007,0.8239419460296631,3
Qwen3-8B,metamath,base_model.model.model.layers.33.mlp.up_proj,33,up_proj,0p50,0.5,2.059865713119507,1.3524810075759888,0.6565870046615601,3
Qwen3-8B,metamath,base_model.model.model.layers.33.mlp.up_proj,33,up_proj,1p00,1.0,2.059865713119507,0.8125298023223877,0.3944576680660248,3
Qwen3-8B,metamath,base_model.model.model.layers.33.self_attn.k_proj,33,k_proj,0p00,0.0,0.5249829888343811,0.5249829888343811,1.0,4
Qwen3-8B,metamath,base_model.model.model.layers.33.self_attn.k_proj,33,k_proj,0p25,0.25,0.5249829888343811,0.4569740295410156,0.8704549074172974,4
Qwen3-8B,metamath,base_model.model.model.layers.33.self_attn.k_proj,33,k_proj,0p50,0.5,0.5249829888343811,0.392082154750824,0.7468473315238953,4
Qwen3-8B,metamath,base_model.model.model.layers.33.self_attn.k_proj,33,k_proj,1p00,1.0,0.5249829888343811,0.2803386151790619,0.5339956283569336,4
Qwen3-8B,metamath,base_model.model.model.layers.33.self_attn.o_proj,33,o_proj,0p00,0.0,0.8532158732414246,0.8532158732414246,1.0,6
Qwen3-8B,metamath,base_model.model.model.layers.33.self_attn.o_proj,33,o_proj,0p25,0.25,0.8532158732414246,0.7884475588798523,0.9240891933441162,6
Qwen3-8B,metamath,base_model.model.model.layers.33.self_attn.o_proj,33,o_proj,0p50,0.5,0.8532158732414246,0.7276256680488586,0.8528037071228027,6
Qwen3-8B,metamath,base_model.model.model.layers.33.self_attn.o_proj,33,o_proj,1p00,1.0,0.8532158732414246,0.6223910450935364,0.7294648885726929,6
Qwen3-8B,metamath,base_model.model.model.layers.33.self_attn.q_proj,33,q_proj,0p00,0.0,1.0216987133026123,1.0216987133026123,1.0,4
Qwen3-8B,metamath,base_model.model.model.layers.33.self_attn.q_proj,33,q_proj,0p25,0.25,1.0216987133026123,0.8715945482254028,0.8530837297439575,4
Qwen3-8B,metamath,base_model.model.model.layers.33.self_attn.q_proj,33,q_proj,0p50,0.5,1.0216987133026123,0.7303016185760498,0.7147915363311768,4
Qwen3-8B,metamath,base_model.model.model.layers.33.self_attn.q_proj,33,q_proj,1p00,1.0,1.0216987133026123,0.5042136311531067,0.49350520968437195,4
Qwen3-8B,metamath,base_model.model.model.layers.33.self_attn.v_proj,33,v_proj,0p00,0.0,0.43248793482780457,0.43248793482780457,1.0,2
Qwen3-8B,metamath,base_model.model.model.layers.33.self_attn.v_proj,33,v_proj,0p25,0.25,0.43248793482780457,0.3499918282032013,0.8092522621154785,2
Qwen3-8B,metamath,base_model.model.model.layers.33.self_attn.v_proj,33,v_proj,0p50,0.5,0.43248793482780457,0.27023303508758545,0.6248337030410767,2
Qwen3-8B,metamath,base_model.model.model.layers.33.self_attn.v_proj,33,v_proj,1p00,1.0,0.43248793482780457,0.1390628069639206,0.3215414583683014,2
Qwen3-8B,metamath,base_model.model.model.layers.34.mlp.down_proj,34,down_proj,0p00,0.0,1.1974846124649048,1.1974846124649048,1.0,1
Qwen3-8B,metamath,base_model.model.model.layers.34.mlp.down_proj,34,down_proj,0p25,0.25,1.1974846124649048,0.942678689956665,0.7872157096862793,1
Qwen3-8B,metamath,base_model.model.model.layers.34.mlp.down_proj,34,down_proj,0p50,0.5,1.1974846124649048,0.6926429271697998,0.5784149169921875,1
Qwen3-8B,metamath,base_model.model.model.layers.34.mlp.down_proj,34,down_proj,1p00,1.0,1.1974846124649048,0.2669980823993683,0.2229657769203186,1
Qwen3-8B,metamath,base_model.model.model.layers.34.mlp.gate_proj,34,gate_proj,0p00,0.0,2.8752236366271973,2.8752236366271973,1.0,2
Qwen3-8B,metamath,base_model.model.model.layers.34.mlp.gate_proj,34,gate_proj,0p25,0.25,2.8752236366271973,2.2692503929138184,0.7892431020736694,2
Qwen3-8B,metamath,base_model.model.model.layers.34.mlp.gate_proj,34,gate_proj,0p50,0.5,2.8752236366271973,1.6761269569396973,0.5829553604125977,2
Qwen3-8B,metamath,base_model.model.model.layers.34.mlp.gate_proj,34,gate_proj,1p00,1.0,2.8752236366271973,0.6790898442268372,0.23618678748607635,2
Qwen3-8B,metamath,base_model.model.model.layers.34.mlp.up_proj,34,up_proj,0p00,0.0,1.8991578817367554,1.8991578817367554,1.0,2
Qwen3-8B,metamath,base_model.model.model.layers.34.mlp.up_proj,34,up_proj,0p25,0.25,1.8991578817367554,1.5377750396728516,0.809714138507843,2
Qwen3-8B,metamath,base_model.model.model.layers.34.mlp.up_proj,34,up_proj,0p50,0.5,1.8991578817367554,1.1900266408920288,0.6266075372695923,2
Qwen3-8B,metamath,base_model.model.model.layers.34.mlp.up_proj,34,up_proj,1p00,1.0,1.8991578817367554,0.6319544911384583,0.33275511860847473,2
Qwen3-8B,metamath,base_model.model.model.layers.34.self_attn.k_proj,34,k_proj,0p00,0.0,0.47984886169433594,0.47984886169433594,1.0,4
Qwen3-8B,metamath,base_model.model.model.layers.34.self_attn.k_proj,34,k_proj,0p25,0.25,0.47984886169433594,0.4066756069660187,0.8475077152252197,4
Qwen3-8B,metamath,base_model.model.model.layers.34.self_attn.k_proj,34,k_proj,0p50,0.5,0.47984886169433594,0.33678489923477173,0.7018561959266663,4
Qwen3-8B,metamath,base_model.model.model.layers.34.self_attn.k_proj,34,k_proj,1p00,1.0,0.47984886169433594,0.21961046755313873,0.45766592025756836,4
Qwen3-8B,metamath,base_model.model.model.layers.34.self_attn.o_proj,34,o_proj,0p00,0.0,0.5627084970474243,0.5627084970474243,1.0,5
Qwen3-8B,metamath,base_model.model.model.layers.34.self_attn.o_proj,34,o_proj,0p25,0.25,0.5627084970474243,0.5108147263526917,0.9077785611152649,5
Qwen3-8B,metamath,base_model.model.model.layers.34.self_attn.o_proj,34,o_proj,0p50,0.5,0.5627084970474243,0.46380922198295593,0.8242442011833191,5
Qwen3-8B,metamath,base_model.model.model.layers.34.self_attn.o_proj,34,o_proj,1p00,1.0,0.5627084970474243,0.39138633012771606,0.6955401301383972,5
Qwen3-8B,metamath,base_model.model.model.layers.34.self_attn.q_proj,34,q_proj,0p00,0.0,1.0167129039764404,1.0167129039764404,1.0,3
Qwen3-8B,metamath,base_model.model.model.layers.34.self_attn.q_proj,34,q_proj,0p25,0.25,1.0167129039764404,0.8225089907646179,0.8089884519577026,3
Qwen3-8B,metamath,base_model.model.model.layers.34.self_attn.q_proj,34,q_proj,0p50,0.5,1.0167129039764404,0.6360958814620972,0.6256396174430847,3
Qwen3-8B,metamath,base_model.model.model.layers.34.self_attn.q_proj,34,q_proj,1p00,1.0,1.0167129039764404,0.34154802560806274,0.3359335958957672,3
Qwen3-8B,metamath,base_model.model.model.layers.34.self_attn.v_proj,34,v_proj,0p00,0.0,0.278891921043396,0.278891921043396,1.0,3
Qwen3-8B,metamath,base_model.model.model.layers.34.self_attn.v_proj,34,v_proj,0p25,0.25,0.278891921043396,0.23327599465847015,0.8364387154579163,3
Qwen3-8B,metamath,base_model.model.model.layers.34.self_attn.v_proj,34,v_proj,0p50,0.5,0.278891921043396,0.1899683177471161,0.6811538934707642,3
Qwen3-8B,metamath,base_model.model.model.layers.34.self_attn.v_proj,34,v_proj,1p00,1.0,0.278891921043396,0.12053371220827103,0.43218788504600525,3
Qwen3-8B,metamath,base_model.model.model.layers.35.mlp.down_proj,35,down_proj,0p00,0.0,0.6046662926673889,0.6046662926673889,1.0,4
Qwen3-8B,metamath,base_model.model.model.layers.35.mlp.down_proj,35,down_proj,0p25,0.25,0.6046662926673889,0.5115250945091248,0.845962643623352,4
Qwen3-8B,metamath,base_model.model.model.layers.35.mlp.down_proj,35,down_proj,0p50,0.5,0.6046662926673889,0.42252832651138306,0.6987793445587158,4
Qwen3-8B,metamath,base_model.model.model.layers.35.mlp.down_proj,35,down_proj,1p00,1.0,0.6046662926673889,0.27346286177635193,0.45225417613983154,4
Qwen3-8B,metamath,base_model.model.model.layers.35.mlp.gate_proj,35,gate_proj,0p00,0.0,2.4917521476745605,2.4917521476745605,1.0,3
Qwen3-8B,metamath,base_model.model.model.layers.35.mlp.gate_proj,35,gate_proj,0p25,0.25,2.4917521476745605,1.979254961013794,0.7943225502967834,3
Qwen3-8B,metamath,base_model.model.model.layers.35.mlp.gate_proj,35,gate_proj,0p50,0.5,2.4917521476745605,1.4784107208251953,0.5933217406272888,3
Qwen3-8B,metamath,base_model.model.model.layers.35.mlp.gate_proj,35,gate_proj,1p00,1.0,2.4917521476745605,0.6333043575286865,0.2541602551937103,3
Qwen3-8B,metamath,base_model.model.model.layers.35.mlp.up_proj,35,up_proj,0p00,0.0,1.7667373418807983,1.7667373418807983,1.0,2
Qwen3-8B,metamath,base_model.model.model.layers.35.mlp.up_proj,35,up_proj,0p25,0.25,1.7667373418807983,1.4491536617279053,0.8202428221702576,2
Qwen3-8B,metamath,base_model.model.model.layers.35.mlp.up_proj,35,up_proj,0p50,0.5,1.7667373418807983,1.1462641954421997,0.6488028168678284,2
Qwen3-8B,metamath,base_model.model.model.layers.35.mlp.up_proj,35,up_proj,1p00,1.0,1.7667373418807983,0.6687607169151306,0.3785286545753479,2
Qwen3-8B,metamath,base_model.model.model.layers.35.self_attn.k_proj,35,k_proj,0p00,0.0,0.4648682177066803,0.4648682177066803,1.0,4
Qwen3-8B,metamath,base_model.model.model.layers.35.self_attn.k_proj,35,k_proj,0p25,0.25,0.4648682177066803,0.3927631974220276,0.8448914885520935,4
Qwen3-8B,metamath,base_model.model.model.layers.35.self_attn.k_proj,35,k_proj,0p50,0.5,0.4648682177066803,0.3245290219783783,0.6981097459793091,4
Qwen3-8B,metamath,base_model.model.model.layers.35.self_attn.k_proj,35,k_proj,1p00,1.0,0.4648682177066803,0.21475189924240112,0.4619629681110382,4
Qwen3-8B,metamath,base_model.model.model.layers.35.self_attn.o_proj,35,o_proj,0p00,0.0,0.6201621890068054,0.6201621890068054,1.0,3
Qwen3-8B,metamath,base_model.model.model.layers.35.self_attn.o_proj,35,o_proj,0p25,0.25,0.6201621890068054,0.5333176851272583,0.8599648475646973,3
Qwen3-8B,metamath,base_model.model.model.layers.35.self_attn.o_proj,35,o_proj,0p50,0.5,0.6201621890068054,0.4535117447376251,0.7312792539596558,3
Qwen3-8B,metamath,base_model.model.model.layers.35.self_attn.o_proj,35,o_proj,1p00,1.0,0.6201621890068054,0.33528900146484375,0.5406472682952881,3
Qwen3-8B,metamath,base_model.model.model.layers.35.self_attn.q_proj,35,q_proj,0p00,0.0,1.145906925201416,1.145906925201416,1.0,3
Qwen3-8B,metamath,base_model.model.model.layers.35.self_attn.q_proj,35,q_proj,0p25,0.25,1.145906925201416,0.9213523268699646,0.8040376901626587,3
Qwen3-8B,metamath,base_model.model.model.layers.35.self_attn.q_proj,35,q_proj,0p50,0.5,1.145906925201416,0.7045881748199463,0.6148738265037537,3
Qwen3-8B,metamath,base_model.model.model.layers.35.self_attn.q_proj,35,q_proj,1p00,1.0,1.145906925201416,0.35616612434387207,0.3108159303665161,3
Qwen3-8B,metamath,base_model.model.model.layers.35.self_attn.v_proj,35,v_proj,0p00,0.0,0.36257413029670715,0.36257413029670715,1.0,2
Qwen3-8B,metamath,base_model.model.model.layers.35.self_attn.v_proj,35,v_proj,0p25,0.25,0.36257413029670715,0.2912618815898895,0.8033167719841003,2
Qwen3-8B,metamath,base_model.model.model.layers.35.self_attn.v_proj,35,v_proj,0p50,0.5,0.36257413029670715,0.22206667065620422,0.6124724745750427,2
Qwen3-8B,metamath,base_model.model.model.layers.35.self_attn.v_proj,35,v_proj,1p00,1.0,0.36257413029670715,0.10767406970262527,0.2969711720943451,2
Qwen3-8B,metamath,base_model.model.model.layers.4.mlp.down_proj,4,down_proj,0p00,0.0,0.6466659307479858,0.6466659307479858,1.0,3
Qwen3-8B,metamath,base_model.model.model.layers.4.mlp.down_proj,4,down_proj,0p25,0.25,0.6466659307479858,0.5393358469009399,0.8340254426002502,3
Qwen3-8B,metamath,base_model.model.model.layers.4.mlp.down_proj,4,down_proj,0p50,0.5,0.6466659307479858,0.4378073811531067,0.6770225167274475,3
Qwen3-8B,metamath,base_model.model.model.layers.4.mlp.down_proj,4,down_proj,1p00,1.0,0.6466659307479858,0.27841904759407043,0.4305454194545746,3
Qwen3-8B,metamath,base_model.model.model.layers.4.mlp.gate_proj,4,gate_proj,0p00,0.0,3.2647411823272705,3.2647411823272705,1.0,1
Qwen3-8B,metamath,base_model.model.model.layers.4.mlp.gate_proj,4,gate_proj,0p25,0.25,3.2647411823272705,2.5262651443481445,0.7738025784492493,1
Qwen3-8B,metamath,base_model.model.model.layers.4.mlp.gate_proj,4,gate_proj,0p50,0.5,3.2647411823272705,1.7921912670135498,0.5489535331726074,1
Qwen3-8B,metamath,base_model.model.model.layers.4.mlp.gate_proj,4,gate_proj,1p00,1.0,3.2647411823272705,0.4372413456439972,0.1339283287525177,1
Qwen3-8B,metamath,base_model.model.model.layers.4.mlp.up_proj,4,up_proj,0p00,0.0,0.9201049208641052,0.9201049208641052,1.0,2
Qwen3-8B,metamath,base_model.model.model.layers.4.mlp.up_proj,4,up_proj,0p25,0.25,0.9201049208641052,0.7444825768470764,0.809127926826477,2
Qwen3-8B,metamath,base_model.model.model.layers.4.mlp.up_proj,4,up_proj,0p50,0.5,0.9201049208641052,0.5754274129867554,0.625393271446228,2
Qwen3-8B,metamath,base_model.model.model.layers.4.mlp.up_proj,4,up_proj,1p00,1.0,0.9201049208641052,0.3040493130683899,0.3304506838321686,2
Qwen3-8B,metamath,base_model.model.model.layers.4.self_attn.k_proj,4,k_proj,0p00,0.0,0.42956557869911194,0.42956557869911194,1.0,4
Qwen3-8B,metamath,base_model.model.model.layers.4.self_attn.k_proj,4,k_proj,0p25,0.25,0.42956557869911194,0.37500354647636414,0.8729832172393799,4
Qwen3-8B,metamath,base_model.model.model.layers.4.self_attn.k_proj,4,k_proj,0p50,0.5,0.42956557869911194,0.32331615686416626,0.7526584267616272,4
Qwen3-8B,metamath,base_model.model.model.layers.4.self_attn.k_proj,4,k_proj,1p00,1.0,0.42956557869911194,0.23613256216049194,0.5497008562088013,4
Qwen3-8B,metamath,base_model.model.model.layers.4.self_attn.o_proj,4,o_proj,0p00,0.0,0.4753967821598053,0.4753967821598053,1.0,4
Qwen3-8B,metamath,base_model.model.model.layers.4.self_attn.o_proj,4,o_proj,0p25,0.25,0.4753967821598053,0.42219874262809753,0.8880975842475891,4
Qwen3-8B,metamath,base_model.model.model.layers.4.self_attn.o_proj,4,o_proj,0p50,0.5,0.4753967821598053,0.3723720908164978,0.7832869291305542,4
Qwen3-8B,metamath,base_model.model.model.layers.4.self_attn.o_proj,4,o_proj,1p00,1.0,0.4753967821598053,0.28975510597229004,0.6095016002655029,4
Qwen3-8B,metamath,base_model.model.model.layers.4.self_attn.q_proj,4,q_proj,0p00,0.0,0.9098336100578308,0.9098336100578308,1.0,3
Qwen3-8B,metamath,base_model.model.model.layers.4.self_attn.q_proj,4,q_proj,0p25,0.25,0.9098336100578308,0.7572659254074097,0.8323125243186951,3
Qwen3-8B,metamath,base_model.model.model.layers.4.self_attn.q_proj,4,q_proj,0p50,0.5,0.9098336100578308,0.6131996512413025,0.673969030380249,3
Qwen3-8B,metamath,base_model.model.model.layers.4.self_attn.q_proj,4,q_proj,1p00,1.0,0.9098336100578308,0.389694482088089,0.4283140003681183,3
Qwen3-8B,metamath,base_model.model.model.layers.4.self_attn.v_proj,4,v_proj,0p00,0.0,0.31615495681762695,0.31615495681762695,1.0,3
Qwen3-8B,metamath,base_model.model.model.layers.4.self_attn.v_proj,4,v_proj,0p25,0.25,0.31615495681762695,0.2567363977432251,0.8120587468147278,3
Qwen3-8B,metamath,base_model.model.model.layers.4.self_attn.v_proj,4,v_proj,0p50,0.5,0.31615495681762695,0.19940955936908722,0.6307336091995239,3
Qwen3-8B,metamath,base_model.model.model.layers.4.self_attn.v_proj,4,v_proj,1p00,1.0,0.31615495681762695,0.10553833097219467,0.33381837606430054,3
Qwen3-8B,metamath,base_model.model.model.layers.5.mlp.down_proj,5,down_proj,0p00,0.0,0.5492968559265137,0.5492968559265137,1.0,3
Qwen3-8B,metamath,base_model.model.model.layers.5.mlp.down_proj,5,down_proj,0p25,0.25,0.5492968559265137,0.475251704454422,0.8652001023292542,3
Qwen3-8B,metamath,base_model.model.model.layers.5.mlp.down_proj,5,down_proj,0p50,0.5,0.5492968559265137,0.40609440207481384,0.7392985820770264,3
Qwen3-8B,metamath,base_model.model.model.layers.5.mlp.down_proj,5,down_proj,1p00,1.0,0.5492968559265137,0.29621586203575134,0.5392637252807617,3
Qwen3-8B,metamath,base_model.model.model.layers.5.mlp.gate_proj,5,gate_proj,0p00,0.0,2.8844101428985596,2.8844101428985596,1.0,2
Qwen3-8B,metamath,base_model.model.model.layers.5.mlp.gate_proj,5,gate_proj,0p25,0.25,2.8844101428985596,2.2722878456115723,0.7877824902534485,2
Qwen3-8B,metamath,base_model.model.model.layers.5.mlp.gate_proj,5,gate_proj,0p50,0.5,2.8844101428985596,1.6708564758300781,0.5792714357376099,2
Qwen3-8B,metamath,base_model.model.model.layers.5.mlp.gate_proj,5,gate_proj,1p00,1.0,2.8844101428985596,0.635373592376709,0.2202785164117813,2
Qwen3-8B,metamath,base_model.model.model.layers.5.mlp.up_proj,5,up_proj,0p00,0.0,1.008969783782959,1.008969783782959,1.0,3
Qwen3-8B,metamath,base_model.model.model.layers.5.mlp.up_proj,5,up_proj,0p25,0.25,1.008969783782959,0.8402324318885803,0.8327627182006836,3
Qwen3-8B,metamath,base_model.model.model.layers.5.mlp.up_proj,5,up_proj,0p50,0.5,1.008969783782959,0.6800422668457031,0.6739966869354248,3
Qwen3-8B,metamath,base_model.model.model.layers.5.mlp.up_proj,5,up_proj,1p00,1.0,1.008969783782959,0.4253000020980835,0.42151907086372375,3
Qwen3-8B,metamath,base_model.model.model.layers.5.self_attn.k_proj,5,k_proj,0p00,0.0,0.3814953565597534,0.3814953565597534,1.0,5
Qwen3-8B,metamath,base_model.model.model.layers.5.self_attn.k_proj,5,k_proj,0p25,0.25,0.3814953565597534,0.33702248334884644,0.8834248781204224,5
Qwen3-8B,metamath,base_model.model.model.layers.5.self_attn.k_proj,5,k_proj,0p50,0.5,0.3814953565597534,0.2953360080718994,0.7741535902023315,5
Qwen3-8B,metamath,base_model.model.model.layers.5.self_attn.k_proj,5,k_proj,1p00,1.0,0.3814953565597534,0.2264573872089386,0.593604564666748,5
Qwen3-8B,metamath,base_model.model.model.layers.5.self_attn.o_proj,5,o_proj,0p00,0.0,0.5689951777458191,0.5689951777458191,1.0,3
Qwen3-8B,metamath,base_model.model.model.layers.5.self_attn.o_proj,5,o_proj,0p25,0.25,0.5689951777458191,0.4967130422592163,0.8729652762413025,3
Qwen3-8B,metamath,base_model.model.model.layers.5.self_attn.o_proj,5,o_proj,0p50,0.5,0.5689951777458191,0.4285459816455841,0.7531627416610718,3
Qwen3-8B,metamath,base_model.model.model.layers.5.self_attn.o_proj,5,o_proj,1p00,1.0,0.5689951777458191,0.31525516510009766,0.55405592918396,3
Qwen3-8B,metamath,base_model.model.model.layers.5.self_attn.q_proj,5,q_proj,0p00,0.0,0.797918438911438,0.797918438911438,1.0,4
Qwen3-8B,metamath,base_model.model.model.layers.5.self_attn.q_proj,5,q_proj,0p25,0.25,0.797918438911438,0.674473762512207,0.8452916145324707,4
Qwen3-8B,metamath,base_model.model.model.layers.5.self_attn.q_proj,5,q_proj,0p50,0.5,0.797918438911438,0.5580848455429077,0.6994259357452393,4
Qwen3-8B,metamath,base_model.model.model.layers.5.self_attn.q_proj,5,q_proj,1p00,1.0,0.797918438911438,0.3734360337257385,0.4680127799510956,4
Qwen3-8B,metamath,base_model.model.model.layers.5.self_attn.v_proj,5,v_proj,0p00,0.0,0.44571852684020996,0.44571852684020996,1.0,3
Qwen3-8B,metamath,base_model.model.model.layers.5.self_attn.v_proj,5,v_proj,0p25,0.25,0.44571852684020996,0.3532664477825165,0.7925774455070496,3
Qwen3-8B,metamath,base_model.model.model.layers.5.self_attn.v_proj,5,v_proj,0p50,0.5,0.44571852684020996,0.2630828320980072,0.5902443528175354,3
Qwen3-8B,metamath,base_model.model.model.layers.5.self_attn.v_proj,5,v_proj,1p00,1.0,0.44571852684020996,0.11354801058769226,0.2547527253627777,3
Qwen3-8B,metamath,base_model.model.model.layers.6.mlp.down_proj,6,down_proj,0p00,0.0,0.7848663330078125,0.7848663330078125,1.0,2
Qwen3-8B,metamath,base_model.model.model.layers.6.mlp.down_proj,6,down_proj,0p25,0.25,0.7848663330078125,0.6094065308570862,0.7764462828636169,2
Qwen3-8B,metamath,base_model.model.model.layers.6.mlp.down_proj,6,down_proj,0p50,0.5,0.7848663330078125,0.43550992012023926,0.5548841953277588,2
Qwen3-8B,metamath,base_model.model.model.layers.6.mlp.down_proj,6,down_proj,1p00,1.0,0.7848663330078125,0.12266906350851059,0.15629293024539948,2
Qwen3-8B,metamath,base_model.model.model.layers.6.mlp.gate_proj,6,gate_proj,0p00,0.0,2.282975435256958,2.282975435256958,1.0,1
Qwen3-8B,metamath,base_model.model.model.layers.6.mlp.gate_proj,6,gate_proj,0p25,0.25,2.282975435256958,1.7912864685058594,0.7846280336380005,1
Qwen3-8B,metamath,base_model.model.model.layers.6.mlp.gate_proj,6,gate_proj,0p50,0.5,2.282975435256958,1.3077738285064697,0.5728374719619751,1
Qwen3-8B,metamath,base_model.model.model.layers.6.mlp.gate_proj,6,gate_proj,1p00,1.0,2.282975435256958,0.477396160364151,0.20911139249801636,1
Qwen3-8B,metamath,base_model.model.model.layers.6.mlp.up_proj,6,up_proj,0p00,0.0,0.8615818619728088,0.8615818619728088,1.0,3
Qwen3-8B,metamath,base_model.model.model.layers.6.mlp.up_proj,6,up_proj,0p25,0.25,0.8615818619728088,0.7064409255981445,0.8199347853660583,3
Qwen3-8B,metamath,base_model.model.model.layers.6.mlp.up_proj,6,up_proj,0p50,0.5,0.8615818619728088,0.5583430528640747,0.6480441093444824,3
Qwen3-8B,metamath,base_model.model.model.layers.6.mlp.up_proj,6,up_proj,1p00,1.0,0.8615818619728088,0.3240082859992981,0.3760620951652527,3
Qwen3-8B,metamath,base_model.model.model.layers.6.self_attn.k_proj,6,k_proj,0p00,0.0,0.3999447524547577,0.3999447524547577,1.0,5
Qwen3-8B,metamath,base_model.model.model.layers.6.self_attn.k_proj,6,k_proj,0p25,0.25,0.3999447524547577,0.35593727231025696,0.8899661302566528,5
Qwen3-8B,metamath,base_model.model.model.layers.6.self_attn.k_proj,6,k_proj,0p50,0.5,0.3999447524547577,0.31507593393325806,0.7877986431121826,5
Qwen3-8B,metamath,base_model.model.model.layers.6.self_attn.k_proj,6,k_proj,1p00,1.0,0.3999447524547577,0.24894499778747559,0.6224484443664551,5
Qwen3-8B,metamath,base_model.model.model.layers.6.self_attn.o_proj,6,o_proj,0p00,0.0,0.5391292572021484,0.5391292572021484,1.0,5
Qwen3-8B,metamath,base_model.model.model.layers.6.self_attn.o_proj,6,o_proj,0p25,0.25,0.5391292572021484,0.4847301244735718,0.8990981578826904,5
Qwen3-8B,metamath,base_model.model.model.layers.6.self_attn.o_proj,6,o_proj,0p50,0.5,0.5391292572021484,0.4351143538951874,0.8070687055587769,5
Qwen3-8B,metamath,base_model.model.model.layers.6.self_attn.o_proj,6,o_proj,1p00,1.0,0.5391292572021484,0.35808056592941284,0.6641831398010254,5
Qwen3-8B,metamath,base_model.model.model.layers.6.self_attn.q_proj,6,q_proj,0p00,0.0,1.0603396892547607,1.0603396892547607,1.0,3
Qwen3-8B,metamath,base_model.model.model.layers.6.self_attn.q_proj,6,q_proj,0p25,0.25,1.0603396892547607,0.8661545515060425,0.8168651461601257,3
Qwen3-8B,metamath,base_model.model.model.layers.6.self_attn.q_proj,6,q_proj,0p50,0.5,1.0603396892547607,0.6809331178665161,0.6421839594841003,3
Qwen3-8B,metamath,base_model.model.model.layers.6.self_attn.q_proj,6,q_proj,1p00,1.0,1.0603396892547607,0.3913942575454712,0.36912158131599426,3
Qwen3-8B,metamath,base_model.model.model.layers.6.self_attn.v_proj,6,v_proj,0p00,0.0,0.2585928440093994,0.2585928440093994,1.0,4
Qwen3-8B,metamath,base_model.model.model.layers.6.self_attn.v_proj,6,v_proj,0p25,0.25,0.2585928440093994,0.22339941561222076,0.8639041185379028,4
Qwen3-8B,metamath,base_model.model.model.layers.6.self_attn.v_proj,6,v_proj,0p50,0.5,0.2585928440093994,0.19034048914909363,0.7360624670982361,4
Qwen3-8B,metamath,base_model.model.model.layers.6.self_attn.v_proj,6,v_proj,1p00,1.0,0.2585928440093994,0.13685545325279236,0.5292314291000366,4
Qwen3-8B,metamath,base_model.model.model.layers.7.mlp.down_proj,7,down_proj,0p00,0.0,0.49888721108436584,0.49888721108436584,1.0,2
Qwen3-8B,metamath,base_model.model.model.layers.7.mlp.down_proj,7,down_proj,0p25,0.25,0.49888721108436584,0.4088471531867981,0.8195182085037231,2
Qwen3-8B,metamath,base_model.model.model.layers.7.mlp.down_proj,7,down_proj,0p50,0.5,0.49888721108436584,0.3234351575374603,0.6483131647109985,2
Qwen3-8B,metamath,base_model.model.model.layers.7.mlp.down_proj,7,down_proj,1p00,1.0,0.49888721108436584,0.19255970418453217,0.38597843050956726,2
Qwen3-8B,metamath,base_model.model.model.layers.7.mlp.gate_proj,7,gate_proj,0p00,0.0,1.9829652309417725,1.9829652309417725,1.0,2
Qwen3-8B,metamath,base_model.model.model.layers.7.mlp.gate_proj,7,gate_proj,0p25,0.25,1.9829652309417725,1.577031135559082,0.7952893376350403,2
Qwen3-8B,metamath,base_model.model.model.layers.7.mlp.gate_proj,7,gate_proj,0p50,0.5,1.9829652309417725,1.1822104454040527,0.5961831212043762,2
Qwen3-8B,metamath,base_model.model.model.layers.7.mlp.gate_proj,7,gate_proj,1p00,1.0,1.9829652309417725,0.5347566604614258,0.26967525482177734,2
Qwen3-8B,metamath,base_model.model.model.layers.7.mlp.up_proj,7,up_proj,0p00,0.0,0.7786815166473389,0.7786815166473389,1.0,1
Qwen3-8B,metamath,base_model.model.model.layers.7.mlp.up_proj,7,up_proj,0p25,0.25,0.7786815166473389,0.6230279803276062,0.8001062870025635,1
Qwen3-8B,metamath,base_model.model.model.layers.7.mlp.up_proj,7,up_proj,0p50,0.5,0.7786815166473389,0.4725639522075653,0.6068770885467529,1
Qwen3-8B,metamath,base_model.model.model.layers.7.mlp.up_proj,7,up_proj,1p00,1.0,0.7786815166473389,0.23156766593456268,0.2973843216896057,1
Qwen3-8B,metamath,base_model.model.model.layers.7.self_attn.k_proj,7,k_proj,0p00,0.0,0.3759540617465973,0.3759540617465973,1.0,4
Qwen3-8B,metamath,base_model.model.model.layers.7.self_attn.k_proj,7,k_proj,0p25,0.25,0.3759540617465973,0.3193928301334381,0.8495528101921082,4
Qwen3-8B,metamath,base_model.model.model.layers.7.self_attn.k_proj,7,k_proj,0p50,0.5,0.3759540617465973,0.265931099653244,0.707349956035614,4
Qwen3-8B,metamath,base_model.model.model.layers.7.self_attn.k_proj,7,k_proj,1p00,1.0,0.3759540617465973,0.17957229912281036,0.47764426469802856,4
Qwen3-8B,metamath,base_model.model.model.layers.7.self_attn.o_proj,7,o_proj,0p00,0.0,0.518310010433197,0.518310010433197,1.0,4
Qwen3-8B,metamath,base_model.model.model.layers.7.self_attn.o_proj,7,o_proj,0p25,0.25,0.518310010433197,0.46112489700317383,0.8896700739860535,4
Qwen3-8B,metamath,base_model.model.model.layers.7.self_attn.o_proj,7,o_proj,0p50,0.5,0.518310010433197,0.4081975519657135,0.7875548005104065,4
Qwen3-8B,metamath,base_model.model.model.layers.7.self_attn.o_proj,7,o_proj,1p00,1.0,0.518310010433197,0.32341620326042175,0.6239821910858154,4
Qwen3-8B,metamath,base_model.model.model.layers.7.self_attn.q_proj,7,q_proj,0p00,0.0,0.7720271944999695,0.7720271944999695,1.0,5
Qwen3-8B,metamath,base_model.model.model.layers.7.self_attn.q_proj,7,q_proj,0p25,0.25,0.7720271944999695,0.657347559928894,0.8514564633369446,5
Qwen3-8B,metamath,base_model.model.model.layers.7.self_attn.q_proj,7,q_proj,0p50,0.5,0.7720271944999695,0.5502403378486633,0.7127214670181274,5
Qwen3-8B,metamath,base_model.model.model.layers.7.self_attn.q_proj,7,q_proj,1p00,1.0,0.7720271944999695,0.3844709098339081,0.4980017840862274,5
Qwen3-8B,metamath,base_model.model.model.layers.7.self_attn.v_proj,7,v_proj,0p00,0.0,0.24138158559799194,0.24138158559799194,1.0,3
Qwen3-8B,metamath,base_model.model.model.layers.7.self_attn.v_proj,7,v_proj,0p25,0.25,0.24138158559799194,0.20206418633460999,0.8371151685714722,3
Qwen3-8B,metamath,base_model.model.model.layers.7.self_attn.v_proj,7,v_proj,0p50,0.5,0.24138158559799194,0.16425690054893494,0.6804864406585693,3
Qwen3-8B,metamath,base_model.model.model.layers.7.self_attn.v_proj,7,v_proj,1p00,1.0,0.24138158559799194,0.10018844157457352,0.41506248712539673,3
Qwen3-8B,metamath,base_model.model.model.layers.8.mlp.down_proj,8,down_proj,0p00,0.0,0.6009603142738342,0.6009603142738342,1.0,3
Qwen3-8B,metamath,base_model.model.model.layers.8.mlp.down_proj,8,down_proj,0p25,0.25,0.6009603142738342,0.5008790493011475,0.8334644436836243,3
Qwen3-8B,metamath,base_model.model.model.layers.8.mlp.down_proj,8,down_proj,0p50,0.5,0.6009603142738342,0.40590986609458923,0.6754353642463684,3
Qwen3-8B,metamath,base_model.model.model.layers.8.mlp.down_proj,8,down_proj,1p00,1.0,0.6009603142738342,0.2549475133419037,0.4242335259914398,3
Qwen3-8B,metamath,base_model.model.model.layers.8.mlp.gate_proj,8,gate_proj,0p00,0.0,1.4660285711288452,1.4660285711288452,1.0,2
Qwen3-8B,metamath,base_model.model.model.layers.8.mlp.gate_proj,8,gate_proj,0p25,0.25,1.4660285711288452,1.2153091430664062,0.8289805054664612,2
Qwen3-8B,metamath,base_model.model.model.layers.8.mlp.gate_proj,8,gate_proj,0p50,0.5,1.4660285711288452,0.9774594306945801,0.6667397022247314,2
Qwen3-8B,metamath,base_model.model.model.layers.8.mlp.gate_proj,8,gate_proj,1p00,1.0,1.4660285711288452,0.6037119030952454,0.41180092096328735,2
Qwen3-8B,metamath,base_model.model.model.layers.8.mlp.up_proj,8,up_proj,0p00,0.0,1.0374937057495117,1.0374937057495117,1.0,3
Qwen3-8B,metamath,base_model.model.model.layers.8.mlp.up_proj,8,up_proj,0p25,0.25,1.0374937057495117,0.911699652671814,0.8787519931793213,3
Qwen3-8B,metamath,base_model.model.model.layers.8.mlp.up_proj,8,up_proj,0p50,0.5,1.0374937057495117,0.7951887845993042,0.7664516568183899,3
Qwen3-8B,metamath,base_model.model.model.layers.8.mlp.up_proj,8,up_proj,1p00,1.0,1.0374937057495117,0.6111952066421509,0.5891073942184448,3
Qwen3-8B,metamath,base_model.model.model.layers.8.self_attn.k_proj,8,k_proj,0p00,0.0,0.5116074085235596,0.5116074085235596,1.0,3
Qwen3-8B,metamath,base_model.model.model.layers.8.self_attn.k_proj,8,k_proj,0p25,0.25,0.5116074085235596,0.4202767014503479,0.8214828372001648,3
Qwen3-8B,metamath,base_model.model.model.layers.8.self_attn.k_proj,8,k_proj,0p50,0.5,0.5116074085235596,0.3327277600765228,0.6503576040267944,3
Qwen3-8B,metamath,base_model.model.model.layers.8.self_attn.k_proj,8,k_proj,1p00,1.0,0.5116074085235596,0.19082149863243103,0.37298423051834106,3
Qwen3-8B,metamath,base_model.model.model.layers.8.self_attn.o_proj,8,o_proj,0p00,0.0,0.739307701587677,0.739307701587677,1.0,3
Qwen3-8B,metamath,base_model.model.model.layers.8.self_attn.o_proj,8,o_proj,0p25,0.25,0.739307701587677,0.6220337748527527,0.8413733243942261,3
Qwen3-8B,metamath,base_model.model.model.layers.8.self_attn.o_proj,8,o_proj,0p50,0.5,0.739307701587677,0.5108124613761902,0.6909335255622864,3
Qwen3-8B,metamath,base_model.model.model.layers.8.self_attn.o_proj,8,o_proj,1p00,1.0,0.739307701587677,0.33150550723075867,0.4483999013900757,3
Qwen3-8B,metamath,base_model.model.model.layers.8.self_attn.q_proj,8,q_proj,0p00,0.0,1.0398362874984741,1.0398362874984741,1.0,3
Qwen3-8B,metamath,base_model.model.model.layers.8.self_attn.q_proj,8,q_proj,0p25,0.25,1.0398362874984741,0.8564403653144836,0.8236299753189087,3
Qwen3-8B,metamath,base_model.model.model.layers.8.self_attn.q_proj,8,q_proj,0p50,0.5,1.0398362874984741,0.6812113523483276,0.6551140546798706,3
Qwen3-8B,metamath,base_model.model.model.layers.8.self_attn.q_proj,8,q_proj,1p00,1.0,1.0398362874984741,0.400189071893692,0.38485777378082275,3
Qwen3-8B,metamath,base_model.model.model.layers.8.self_attn.v_proj,8,v_proj,0p00,0.0,0.24342314898967743,0.24342314898967743,1.0,3
Qwen3-8B,metamath,base_model.model.model.layers.8.self_attn.v_proj,8,v_proj,0p25,0.25,0.24342314898967743,0.19924047589302063,0.8184943795204163,3
Qwen3-8B,metamath,base_model.model.model.layers.8.self_attn.v_proj,8,v_proj,0p50,0.5,0.24342314898967743,0.15665574371814728,0.6435531973838806,3
Qwen3-8B,metamath,base_model.model.model.layers.8.self_attn.v_proj,8,v_proj,1p00,1.0,0.24342314898967743,0.08623495697975159,0.3542594611644745,3
Qwen3-8B,metamath,base_model.model.model.layers.9.mlp.down_proj,9,down_proj,0p00,0.0,0.726801872253418,0.726801872253418,1.0,2
Qwen3-8B,metamath,base_model.model.model.layers.9.mlp.down_proj,9,down_proj,0p25,0.25,0.726801872253418,0.5900776386260986,0.8118823766708374,2
Qwen3-8B,metamath,base_model.model.model.layers.9.mlp.down_proj,9,down_proj,0p50,0.5,0.726801872253418,0.4581589102745056,0.6303766369819641,2
Qwen3-8B,metamath,base_model.model.model.layers.9.mlp.down_proj,9,down_proj,1p00,1.0,0.726801872253418,0.24217252433300018,0.33320295810699463,2
Qwen3-8B,metamath,base_model.model.model.layers.9.mlp.gate_proj,9,gate_proj,0p00,0.0,1.5778892040252686,1.5778892040252686,1.0,3
Qwen3-8B,metamath,base_model.model.model.layers.9.mlp.gate_proj,9,gate_proj,0p25,0.25,1.5778892040252686,1.2991843223571777,0.8233685493469238,3
Qwen3-8B,metamath,base_model.model.model.layers.9.mlp.gate_proj,9,gate_proj,0p50,0.5,1.5778892040252686,1.0336915254592896,0.6551103591918945,3
Qwen3-8B,metamath,base_model.model.model.layers.9.mlp.gate_proj,9,gate_proj,1p00,1.0,1.5778892040252686,0.614225447177887,0.3892703354358673,3
Qwen3-8B,metamath,base_model.model.model.layers.9.mlp.up_proj,9,up_proj,0p00,0.0,1.0037634372711182,1.0037634372711182,1.0,5
Qwen3-8B,metamath,base_model.model.model.layers.9.mlp.up_proj,9,up_proj,0p25,0.25,1.0037634372711182,0.8798890709877014,0.8765900731086731,5
Qwen3-8B,metamath,base_model.model.model.layers.9.mlp.up_proj,9,up_proj,0p50,0.5,1.0037634372711182,0.7657856941223145,0.7629145383834839,5
Qwen3-8B,metamath,base_model.model.model.layers.9.mlp.up_proj,9,up_proj,1p00,1.0,1.0037634372711182,0.5895342826843262,0.5873239040374756,5
Qwen3-8B,metamath,base_model.model.model.layers.9.self_attn.k_proj,9,k_proj,0p00,0.0,0.5885316133499146,0.5885316133499146,1.0,3
Qwen3-8B,metamath,base_model.model.model.layers.9.self_attn.k_proj,9,k_proj,0p25,0.25,0.5885316133499146,0.4740867018699646,0.8055416345596313,3
Qwen3-8B,metamath,base_model.model.model.layers.9.self_attn.k_proj,9,k_proj,0p50,0.5,0.5885316133499146,0.3636087477207184,0.6178236603736877,3
Qwen3-8B,metamath,base_model.model.model.layers.9.self_attn.k_proj,9,k_proj,1p00,1.0,0.5885316133499146,0.18523141741752625,0.31473487615585327,3
Qwen3-8B,metamath,base_model.model.model.layers.9.self_attn.o_proj,9,o_proj,0p00,0.0,0.5782301425933838,0.5782301425933838,1.0,4
Qwen3-8B,metamath,base_model.model.model.layers.9.self_attn.o_proj,9,o_proj,0p25,0.25,0.5782301425933838,0.5073087215423584,0.8773474097251892,4
Qwen3-8B,metamath,base_model.model.model.layers.9.self_attn.o_proj,9,o_proj,0p50,0.5,0.5782301425933838,0.44119539856910706,0.7630100250244141,4
Qwen3-8B,metamath,base_model.model.model.layers.9.self_attn.o_proj,9,o_proj,1p00,1.0,0.5782301425933838,0.3347738981246948,0.578963041305542,4
Qwen3-8B,metamath,base_model.model.model.layers.9.self_attn.q_proj,9,q_proj,0p00,0.0,1.111884593963623,1.111884593963623,1.0,3
Qwen3-8B,metamath,base_model.model.model.layers.9.self_attn.q_proj,9,q_proj,0p25,0.25,1.111884593963623,0.9020901322364807,0.8113163113594055,3
Qwen3-8B,metamath,base_model.model.model.layers.9.self_attn.q_proj,9,q_proj,0p50,0.5,1.111884593963623,0.7006092667579651,0.6301097273826599,3
Qwen3-8B,metamath,base_model.model.model.layers.9.self_attn.q_proj,9,q_proj,1p00,1.0,1.111884593963623,0.37927451729774475,0.34110960364341736,3
Qwen3-8B,metamath,base_model.model.model.layers.9.self_attn.v_proj,9,v_proj,0p00,0.0,0.26419100165367126,0.26419100165367126,1.0,3
Qwen3-8B,metamath,base_model.model.model.layers.9.self_attn.v_proj,9,v_proj,0p25,0.25,0.26419100165367126,0.21930523216724396,0.8301010727882385,3
Qwen3-8B,metamath,base_model.model.model.layers.9.self_attn.v_proj,9,v_proj,0p50,0.5,0.26419100165367126,0.17593999207019806,0.6659575700759888,3
Qwen3-8B,metamath,base_model.model.model.layers.9.self_attn.v_proj,9,v_proj,1p00,1.0,0.26419100165367126,0.10179228335618973,0.38529807329177856,3
