base	train_task	seed	method	eval_task	score	samples	metric	metrics_path	metrics_sha256	reused	origin
Qwen3-8B	base		base	magicoder	66.46341463414635	164	pass_at_1	/dataset1/zailong/workspace/peft-sft-lab/reports/functional_hns_pilot_2x3_seed42_20260914/eval/Qwen3-8B/magicoder/base/metrics.json	d21c154319de2d2b38f18910283ec26ba2cf21f0ce79b488b39ca66fd85a9731	True	seed42
Qwen3-8B	magicoder	42	original_lora	magicoder	65.2439024390244	164	pass_at_1	/dataset1/zailong/workspace/peft-sft-lab/reports/functional_hns_pilot_2x3_seed42_20260914/eval/Qwen3-8B/magicoder/magicoder__seed42__original_lora/metrics.json	158716803ae7bbc7bf9c6ae18aa68975199bc878c30b2c123f868e4d179eed87	True	seed42
Qwen3-8B	magicoder	42	hns_f4_s1	magicoder	75.0	164	pass_at_1	/dataset1/zailong/workspace/peft-sft-lab/reports/functional_hns_pilot_2x3_seed42_20260914/eval/Qwen3-8B/magicoder/magicoder__seed42__hns_f4_s1/metrics.json	dc29f3b9085c85e484ca6cad3c29a0ef845a111a0c88d8cceb61d36861fee396	True	seed42
Qwen3-8B	magicoder	42	functional_hns_a05	magicoder	70.73170731707317	164	pass_at_1	/dataset1/zailong/workspace/peft-sft-lab/reports/functional_hns_pilot_2x3_seed42_20260914/eval/Qwen3-8B/magicoder/magicoder__seed42__functional_hns_a05/metrics.json	2d4c7cd8adf3ef4fcbe4e94a7ae24dbf9adaf9661b965f906deeec96735103d2	False	seed42
Qwen3-8B	magicoder	42	functional_hns_a10	magicoder	68.29268292682927	164	pass_at_1	/dataset1/zailong/workspace/peft-sft-lab/reports/functional_hns_pilot_2x3_seed42_20260914/eval/Qwen3-8B/magicoder/magicoder__seed42__functional_hns_a10/metrics.json	ffa1adbf910657c6fe7bcc737926a049e04282d365cd2cd62a0e0c3307836eb7	False	seed42
Qwen3-8B	magicoder	42	functional_flat	magicoder	67.6829268292683	164	pass_at_1	/dataset1/zailong/workspace/peft-sft-lab/reports/functional_hns_pilot_2x3_seed42_20260914/eval/Qwen3-8B/magicoder/magicoder__seed42__functional_flat/metrics.json	ae5d5a20a9d0e3a51edea292d497ae818ca9d4726dfdb20121f3260ac772cf20	False	seed42
Qwen3-8B	metamath	42	original_lora	magicoder	64.02439024390245	164	pass_at_1	/dataset1/zailong/workspace/peft-sft-lab/reports/functional_hns_pilot_2x3_seed42_20260914/eval/Qwen3-8B/magicoder/metamath__seed42__original_lora/metrics.json	2ae33057bcbc30e7c3d42c479bab2a037e2e48ad1e46641efcd3954f1b0f98e4	True	seed42
Qwen3-8B	metamath	42	hns_f4_s1	magicoder	67.6829268292683	164	pass_at_1	/dataset1/zailong/workspace/peft-sft-lab/reports/functional_hns_pilot_2x3_seed42_20260914/eval/Qwen3-8B/magicoder/metamath__seed42__hns_f4_s1/metrics.json	6b65c51a937441bdad723618cb1d210f93516dd7172408d58ae226183ac55655	True	seed42
Qwen3-8B	metamath	42	functional_hns_a05	magicoder	69.51219512195121	164	pass_at_1	/dataset1/zailong/workspace/peft-sft-lab/reports/functional_hns_pilot_2x3_seed42_20260914/eval/Qwen3-8B/magicoder/metamath__seed42__functional_hns_a05/metrics.json	a6b17467d1840e21f9df944f64dd94abc5d78e95cdae9feb7cdcd291c085ad98	False	seed42
Qwen3-8B	metamath	42	functional_hns_a10	magicoder	71.34146341463415	164	pass_at_1	/dataset1/zailong/workspace/peft-sft-lab/reports/functional_hns_pilot_2x3_seed42_20260914/eval/Qwen3-8B/magicoder/metamath__seed42__functional_hns_a10/metrics.json	7ef74ffd664ec254ea978657480e0456d68cc1d920912ce99e8f08a6b8ec9b7a	False	seed42
Qwen3-8B	metamath	42	functional_flat	magicoder	69.51219512195121	164	pass_at_1	/dataset1/zailong/workspace/peft-sft-lab/reports/functional_hns_pilot_2x3_seed42_20260914/eval/Qwen3-8B/magicoder/metamath__seed42__functional_flat/metrics.json	e34f32adb8c8e416eb5a8c82d7fd2fd91edfdff678eadc941c6a002d0288b632	False	seed42
Qwen3-8B	tulu	42	original_lora	magicoder	84.7560975609756	164	pass_at_1	/dataset1/zailong/workspace/peft-sft-lab/reports/functional_hns_pilot_2x3_seed42_20260914/eval/Qwen3-8B/magicoder/tulu__seed42__original_lora/metrics.json	e61d5ff2777744c707e5bf7fdcfae4fd6ba67f6c0552d8b00a685e90fd4bed2b	True	seed42
Qwen3-8B	tulu	42	hns_f4_s1	magicoder	82.92682926829268	164	pass_at_1	/dataset1/zailong/workspace/peft-sft-lab/reports/functional_hns_pilot_2x3_seed42_20260914/eval/Qwen3-8B/magicoder/tulu__seed42__hns_f4_s1/metrics.json	56914f9b2f3eb5c66b602efbf90e6a2ecac4471d18a38258b014a5edc4d59333	True	seed42
Qwen3-8B	tulu	42	functional_hns_a05	magicoder	83.53658536585365	164	pass_at_1	/dataset1/zailong/workspace/peft-sft-lab/reports/functional_hns_pilot_2x3_seed42_20260914/eval/Qwen3-8B/magicoder/tulu__seed42__functional_hns_a05/metrics.json	ea9fd2092e8dddd46e85bfe071e83af0d556785b28e2fc502ccd1f8980681f33	False	seed42
Qwen3-8B	tulu	42	functional_hns_a10	magicoder	81.70731707317073	164	pass_at_1	/dataset1/zailong/workspace/peft-sft-lab/reports/functional_hns_pilot_2x3_seed42_20260914/eval/Qwen3-8B/magicoder/tulu__seed42__functional_hns_a10/metrics.json	492b8b1e157a755e871ff706c74b7a1736b0bfcd13d3fe30bb03e538c0521a1d	False	seed42
Qwen3-8B	tulu	42	functional_flat	magicoder	81.09756097560977	164	pass_at_1	/dataset1/zailong/workspace/peft-sft-lab/reports/functional_hns_pilot_2x3_seed42_20260914/eval/Qwen3-8B/magicoder/tulu__seed42__functional_flat/metrics.json	6ea82a3db92d90e2b2e63496ac5ef57e8595e0395f8901bb147dda4311977b9f	False	seed42
Qwen3-8B	base		base	metamath	85.74677786201667	1319	strict_accuracy	/dataset1/zailong/workspace/peft-sft-lab/reports/functional_hns_pilot_2x3_seed42_20260914/eval/Qwen3-8B/metamath/base/metrics.json	5725cdb9b4678a5bce2a8f96e8187ce679f2cf50aa7babd19cf1f55f671fa9c0	True	seed42
Qwen3-8B	magicoder	42	original_lora	metamath	83.92721758908263	1319	strict_accuracy	/dataset1/zailong/workspace/peft-sft-lab/reports/functional_hns_pilot_2x3_seed42_20260914/eval/Qwen3-8B/metamath/magicoder__seed42__original_lora/metrics.json	8f7bdbcb861c69c9e856959a079fdeaa31cf42fd25f950ba99079c86753ae736	True	seed42
Qwen3-8B	magicoder	42	hns_f4_s1	metamath	88.62774829416225	1319	strict_accuracy	/dataset1/zailong/workspace/peft-sft-lab/reports/functional_hns_pilot_2x3_seed42_20260914/eval/Qwen3-8B/metamath/magicoder__seed42__hns_f4_s1/metrics.json	3daa7b6686c0be221cf4ebbc40932550db867da9a48b782e7521f910c7c06158	True	seed42
Qwen3-8B	magicoder	42	functional_hns_a05	metamath	87.79378316906747	1319	strict_accuracy	/dataset1/zailong/workspace/peft-sft-lab/reports/functional_hns_pilot_2x3_seed42_20260914/eval/Qwen3-8B/metamath/magicoder__seed42__functional_hns_a05/metrics.json	c67ed7ce6dde22f2bfbcc5ae5f59df0861e712b1499a35f0372e5a159d7d8fbe	False	seed42
Qwen3-8B	magicoder	42	functional_hns_a10	metamath	86.65655799848369	1319	strict_accuracy	/dataset1/zailong/workspace/peft-sft-lab/reports/functional_hns_pilot_2x3_seed42_20260914/eval/Qwen3-8B/metamath/magicoder__seed42__functional_hns_a10/metrics.json	5a862fd5abe3831e3264879e6f633320bb646eba6e7ca2f7bcea957e50863d32	False	seed42
Qwen3-8B	magicoder	42	functional_flat	metamath	86.27748294162244	1319	strict_accuracy	/dataset1/zailong/workspace/peft-sft-lab/reports/functional_hns_pilot_2x3_seed42_20260914/eval/Qwen3-8B/metamath/magicoder__seed42__functional_flat/metrics.json	b8ea435a90e4dfa8a1f737aaaf227a685cb33356e44f7d98876ec602bc9b0cf3	False	seed42
Qwen3-8B	metamath	42	original_lora	metamath	84.1546626231994	1319	strict_accuracy	/dataset1/zailong/workspace/peft-sft-lab/reports/functional_hns_pilot_2x3_seed42_20260914/eval/Qwen3-8B/metamath/metamath__seed42__original_lora/metrics.json	c5508dc203c3c40913fa89d9d4827b8e50ddcb1448812b2f013864bc07c31c31	True	seed42
Qwen3-8B	metamath	42	hns_f4_s1	metamath	88.17285822592874	1319	strict_accuracy	/dataset1/zailong/workspace/peft-sft-lab/reports/functional_hns_pilot_2x3_seed42_20260914/eval/Qwen3-8B/metamath/metamath__seed42__hns_f4_s1/metrics.json	b1ab0c5b81a266c90d611c680384959e9eaf0d6ad6870770f57956d7a8a58cdd	True	seed42
Qwen3-8B	metamath	42	functional_hns_a05	metamath	88.24867323730099	1319	strict_accuracy	/dataset1/zailong/workspace/peft-sft-lab/reports/functional_hns_pilot_2x3_seed42_20260914/eval/Qwen3-8B/metamath/metamath__seed42__functional_hns_a05/metrics.json	baf13c0aa9b21613c6fbc8a58d96a983e710441072f5ed1fcfcfefad1981839e	False	seed42
Qwen3-8B	metamath	42	functional_hns_a10	metamath	87.94541319181198	1319	strict_accuracy	/dataset1/zailong/workspace/peft-sft-lab/reports/functional_hns_pilot_2x3_seed42_20260914/eval/Qwen3-8B/metamath/metamath__seed42__functional_hns_a10/metrics.json	34583a579f2f57fada684dda50d8353bd131b8f4823f35ec192a655a1febdbb7	False	seed42
Qwen3-8B	metamath	42	functional_flat	metamath	87.56633813495071	1319	strict_accuracy	/dataset1/zailong/workspace/peft-sft-lab/reports/functional_hns_pilot_2x3_seed42_20260914/eval/Qwen3-8B/metamath/metamath__seed42__functional_flat/metrics.json	b6b9d6ade7ca87205fde4ee6f35d35b1742c1ba7a2575e4226000fc051eb667b	False	seed42
Qwen3-8B	tulu	42	original_lora	metamath	89.0068233510235	1319	strict_accuracy	/dataset1/zailong/workspace/peft-sft-lab/reports/functional_hns_pilot_2x3_seed42_20260914/eval/Qwen3-8B/metamath/tulu__seed42__original_lora/metrics.json	69d8b8d541a8edb0d885d17538ff9b67eb99918f6d0673df54b19be464bc1d9f	True	seed42
Qwen3-8B	tulu	42	hns_f4_s1	metamath	88.70356330553449	1319	strict_accuracy	/dataset1/zailong/workspace/peft-sft-lab/reports/functional_hns_pilot_2x3_seed42_20260914/eval/Qwen3-8B/metamath/tulu__seed42__hns_f4_s1/metrics.json	95b1fb37848e823ec7882fb967cc10e526bb2d1377bbb1bd989592dfcb646cd6	True	seed42
Qwen3-8B	tulu	42	functional_hns_a05	metamath	88.40030326004549	1319	strict_accuracy	/dataset1/zailong/workspace/peft-sft-lab/reports/functional_hns_pilot_2x3_seed42_20260914/eval/Qwen3-8B/metamath/tulu__seed42__functional_hns_a05/metrics.json	73498ea7b53ae1fc01db2bc18351329f619449fdc3e503750b65efc87ec6b09c	False	seed42
Qwen3-8B	tulu	42	functional_hns_a10	metamath	89.0068233510235	1319	strict_accuracy	/dataset1/zailong/workspace/peft-sft-lab/reports/functional_hns_pilot_2x3_seed42_20260914/eval/Qwen3-8B/metamath/tulu__seed42__functional_hns_a10/metrics.json	c3c02878eee7205fc25cf8d925efd576844ea334f8e701dd5cf5e0ff67234ada	False	seed42
Qwen3-8B	tulu	42	functional_flat	metamath	88.93100833965126	1319	strict_accuracy	/dataset1/zailong/workspace/peft-sft-lab/reports/functional_hns_pilot_2x3_seed42_20260914/eval/Qwen3-8B/metamath/tulu__seed42__functional_flat/metrics.json	4e1fe51672bd75786b465a42c7637e60e7b3bee6975d24a7d313cf00c8909127	False	seed42
Qwen3-8B	base		base	tulu	69.68576709796673	541	prompt_level_strict_accuracy	/dataset1/zailong/workspace/peft-sft-lab/reports/functional_hns_pilot_2x3_seed42_20260914/eval/Qwen3-8B/tulu/base/metrics.json	33da0e76ec453d77c153d34fa1b6c386b14263c905f3c9b3b35e63df4e999f1a	True	seed42
Qwen3-8B	magicoder	42	original_lora	tulu	65.80406654343808	541	prompt_level_strict_accuracy	/dataset1/zailong/workspace/peft-sft-lab/reports/functional_hns_pilot_2x3_seed42_20260914/eval/Qwen3-8B/tulu/magicoder__seed42__original_lora/metrics.json	6c8df235c1afc3a14d60b70acb23a6f4db462e7c98c7ec93682c7e9abe9b8686	True	seed42
Qwen3-8B	magicoder	42	hns_f4_s1	tulu	71.71903881700554	541	prompt_level_strict_accuracy	/dataset1/zailong/workspace/peft-sft-lab/reports/functional_hns_pilot_2x3_seed42_20260914/eval/Qwen3-8B/tulu/magicoder__seed42__hns_f4_s1/metrics.json	4b756d9a0ea68edbaa5c65cf6cc4c57fa14462a5f510c3f0595ce40732baab66	True	seed42
Qwen3-8B	magicoder	42	functional_hns_a05	tulu	70.24029574861368	541	prompt_level_strict_accuracy	/dataset1/zailong/workspace/peft-sft-lab/reports/functional_hns_pilot_2x3_seed42_20260914/eval/Qwen3-8B/tulu/magicoder__seed42__functional_hns_a05/metrics.json	51e3836a0cfd8ff9c276582c70747b910d13d6a0a5b1cc30a7f6dcf7dcf1b2f2	False	seed42
Qwen3-8B	magicoder	42	functional_hns_a10	tulu	70.42513863216267	541	prompt_level_strict_accuracy	/dataset1/zailong/workspace/peft-sft-lab/reports/functional_hns_pilot_2x3_seed42_20260914/eval/Qwen3-8B/tulu/magicoder__seed42__functional_hns_a10/metrics.json	a20ba86e196e11cf9644b7656ecf18085621bfaafca277b8481f30d55b1f969c	False	seed42
Qwen3-8B	magicoder	42	functional_flat	tulu	70.60998151571165	541	prompt_level_strict_accuracy	/dataset1/zailong/workspace/peft-sft-lab/reports/functional_hns_pilot_2x3_seed42_20260914/eval/Qwen3-8B/tulu/magicoder__seed42__functional_flat/metrics.json	707f60adeff84b543626e56242ac11b41d5009fa9c3de23268dc15ccb2619f60	False	seed42
Qwen3-8B	metamath	42	original_lora	tulu	66.72828096118299	541	prompt_level_strict_accuracy	/dataset1/zailong/workspace/peft-sft-lab/reports/functional_hns_pilot_2x3_seed42_20260914/eval/Qwen3-8B/tulu/metamath__seed42__original_lora/metrics.json	52b4fe55e6089926c3c15e61da6bb08668c3711cb0622e6b5cca4a57f09624c6	True	seed42
Qwen3-8B	metamath	42	hns_f4_s1	tulu	72.45841035120148	541	prompt_level_strict_accuracy	/dataset1/zailong/workspace/peft-sft-lab/reports/functional_hns_pilot_2x3_seed42_20260914/eval/Qwen3-8B/tulu/metamath__seed42__hns_f4_s1/metrics.json	1f493a8c2acf384177920ed4277882f775a6844890fef9b8c4c255dae695cb1a	True	seed42
Qwen3-8B	metamath	42	functional_hns_a05	tulu	71.71903881700554	541	prompt_level_strict_accuracy	/dataset1/zailong/workspace/peft-sft-lab/reports/functional_hns_pilot_2x3_seed42_20260914/eval/Qwen3-8B/tulu/metamath__seed42__functional_hns_a05/metrics.json	03f4c99eecb7bf727b2bfd58138cf2ba1752a877c03c0461b21bb14154c78a4f	False	seed42
Qwen3-8B	metamath	42	functional_hns_a10	tulu	72.08872458410352	541	prompt_level_strict_accuracy	/dataset1/zailong/workspace/peft-sft-lab/reports/functional_hns_pilot_2x3_seed42_20260914/eval/Qwen3-8B/tulu/metamath__seed42__functional_hns_a10/metrics.json	f2ee05be24884bdf199570ddf04d6d79d4cf15b56a9cbfd9ccc0f8256c794bd4	False	seed42
Qwen3-8B	metamath	42	functional_flat	tulu	73.38262476894639	541	prompt_level_strict_accuracy	/dataset1/zailong/workspace/peft-sft-lab/reports/functional_hns_pilot_2x3_seed42_20260914/eval/Qwen3-8B/tulu/metamath__seed42__functional_flat/metrics.json	7f15fa1b6efffba25ef9619b6343648584f8491df4ec830ae4b0fcca1de056d2	False	seed42
Qwen3-8B	tulu	42	original_lora	tulu	67.8373382624769	541	prompt_level_strict_accuracy	/dataset1/zailong/workspace/peft-sft-lab/reports/functional_hns_pilot_2x3_seed42_20260914/eval/Qwen3-8B/tulu/tulu__seed42__original_lora/metrics.json	1b6ed10c8d02011bbed1412ef8f97706daca87a59a0669bf22156e1a518a0acf	True	seed42
Qwen3-8B	tulu	42	hns_f4_s1	tulu	70.79482439926062	541	prompt_level_strict_accuracy	/dataset1/zailong/workspace/peft-sft-lab/reports/functional_hns_pilot_2x3_seed42_20260914/eval/Qwen3-8B/tulu/tulu__seed42__hns_f4_s1/metrics.json	9a3b1625b785f208d4a485617c88edc12cff6e9468d0b0baea834de19c3e6811	True	seed42
Qwen3-8B	tulu	42	functional_hns_a05	tulu	72.08872458410352	541	prompt_level_strict_accuracy	/dataset1/zailong/workspace/peft-sft-lab/reports/functional_hns_pilot_2x3_seed42_20260914/eval/Qwen3-8B/tulu/tulu__seed42__functional_hns_a05/metrics.json	5e8f457efbdfb4700571ef14975b430ff32d7074f313e2c40835ded5a40a31aa	False	seed42
Qwen3-8B	tulu	42	functional_hns_a10	tulu	73.19778188539742	541	prompt_level_strict_accuracy	/dataset1/zailong/workspace/peft-sft-lab/reports/functional_hns_pilot_2x3_seed42_20260914/eval/Qwen3-8B/tulu/tulu__seed42__functional_hns_a10/metrics.json	8ba6bbb6f14a680e99a7698bcc62b46cb9a1f526c549d749cb1d4b2b87c08b59	False	seed42
Qwen3-8B	tulu	42	functional_flat	tulu	73.75231053604436	541	prompt_level_strict_accuracy	/dataset1/zailong/workspace/peft-sft-lab/reports/functional_hns_pilot_2x3_seed42_20260914/eval/Qwen3-8B/tulu/tulu__seed42__functional_flat/metrics.json	43df99df7583708cfdd30f8bc300ec512c323b427773ba00af753b9392150930	False	seed42
Qwen3-8B	base		base	commonsense	82.67503434198252	22419	macro_accuracy	/dataset1/zailong/workspace/peft-sft-lab/reports/functional_hns_pilot_2x3_seed42_20260914/eval/Qwen3-8B/commonsense/base/metrics.json	c48cbf42503649dcd50fb3d78824d099f89596d4839a1e29dff0724ff946dcad	True	seed42
Qwen3-8B	magicoder	42	original_lora	commonsense	83.66224435780832	22419	macro_accuracy	/dataset1/zailong/workspace/peft-sft-lab/reports/functional_hns_pilot_2x3_seed42_20260914/eval/Qwen3-8B/commonsense/magicoder__seed42__original_lora/metrics.json	c3f59f27d77f58564e186763d252c435684abe5bdd433249f7c6dee1441df947	True	seed42
Qwen3-8B	magicoder	42	hns_f4_s1	commonsense	83.65273723214618	22419	macro_accuracy	/dataset1/zailong/workspace/peft-sft-lab/reports/functional_hns_pilot_2x3_seed42_20260914/eval/Qwen3-8B/commonsense/magicoder__seed42__hns_f4_s1/metrics.json	e055c7cbe596abbcd698cae50d93c5e1ac46408b0f4039ebcc7a01ae21cd9d2c	True	seed42
Qwen3-8B	magicoder	42	functional_hns_a05	commonsense	83.18817650148263	22419	macro_accuracy	/dataset1/zailong/workspace/peft-sft-lab/reports/functional_hns_pilot_2x3_seed42_20260914/eval/Qwen3-8B/commonsense/magicoder__seed42__functional_hns_a05/metrics.json	28f534a04629a5b9955bf2227624e7bc6e1e6f538bc81b02003f4acef8863e15	False	seed42
Qwen3-8B	magicoder	42	functional_hns_a10	commonsense	82.97252290409003	22419	macro_accuracy	/dataset1/zailong/workspace/peft-sft-lab/reports/functional_hns_pilot_2x3_seed42_20260914/eval/Qwen3-8B/commonsense/magicoder__seed42__functional_hns_a10/metrics.json	a8ef8873b307cd488a718be86cf241d3f028bf7e60608f6f8578f54936835c60	False	seed42
Qwen3-8B	magicoder	42	functional_flat	commonsense	83.01393138188325	22419	macro_accuracy	/dataset1/zailong/workspace/peft-sft-lab/reports/functional_hns_pilot_2x3_seed42_20260914/eval/Qwen3-8B/commonsense/magicoder__seed42__functional_flat/metrics.json	f6932a81d5bb43767ebd601e3b42ac397a9f30029070c0d145023070bb72ce28	False	seed42
Qwen3-8B	metamath	42	original_lora	commonsense	83.12655978192834	22419	macro_accuracy	/dataset1/zailong/workspace/peft-sft-lab/reports/functional_hns_pilot_2x3_seed42_20260914/eval/Qwen3-8B/commonsense/metamath__seed42__original_lora/metrics.json	699a2ee8dfa25fc1edddb791cf452586577ccab5af49f07b31e0013c1df9b4e5	True	seed42
Qwen3-8B	metamath	42	hns_f4_s1	commonsense	84.61988734853911	22419	macro_accuracy	/dataset1/zailong/workspace/peft-sft-lab/reports/functional_hns_pilot_2x3_seed42_20260914/eval/Qwen3-8B/commonsense/metamath__seed42__hns_f4_s1/metrics.json	0677370c51735e7cd5384b1e6657ab4d8932f48752fa754ab4c3cf4c7bfdc625	True	seed42
Qwen3-8B	metamath	42	functional_hns_a05	commonsense	84.5145963817174	22419	macro_accuracy	/dataset1/zailong/workspace/peft-sft-lab/reports/functional_hns_pilot_2x3_seed42_20260914/eval/Qwen3-8B/commonsense/metamath__seed42__functional_hns_a05/metrics.json	9186fde0a8a875db2c2043fdf14dcbac4aef2c6770ab02e5d5e2ae48a3da7179	False	seed42
Qwen3-8B	metamath	42	functional_hns_a10	commonsense	84.34381460653924	22419	macro_accuracy	/dataset1/zailong/workspace/peft-sft-lab/reports/functional_hns_pilot_2x3_seed42_20260914/eval/Qwen3-8B/commonsense/metamath__seed42__functional_hns_a10/metrics.json	c33e2c7fc44ac274736be63bc46f748be7cf1d3125424164ea662488d1b8dc7e	False	seed42
Qwen3-8B	metamath	42	functional_flat	commonsense	84.21424725505648	22419	macro_accuracy	/dataset1/zailong/workspace/peft-sft-lab/reports/functional_hns_pilot_2x3_seed42_20260914/eval/Qwen3-8B/commonsense/metamath__seed42__functional_flat/metrics.json	1d93e47e57617c9b432196de1a44ee1f73fe0b8e904288c0e5c80973287905aa	False	seed42
Qwen3-8B	tulu	42	original_lora	commonsense	84.29127334064447	22419	macro_accuracy	/dataset1/zailong/workspace/peft-sft-lab/reports/functional_hns_pilot_2x3_seed42_20260914/eval/Qwen3-8B/commonsense/tulu__seed42__original_lora/metrics.json	d5cd8ab8640549dcb5db69df96358d05c2a3444b56193e6e9ac9448112c5d741	True	seed42
Qwen3-8B	tulu	42	hns_f4_s1	commonsense	84.457699756602	22419	macro_accuracy	/dataset1/zailong/workspace/peft-sft-lab/reports/functional_hns_pilot_2x3_seed42_20260914/eval/Qwen3-8B/commonsense/tulu__seed42__hns_f4_s1/metrics.json	86a2d338bb652e3cd475ee6c631b41c6230e7f4274bbcc3322d18fc100805454	True	seed42
Qwen3-8B	tulu	42	functional_hns_a05	commonsense	84.40823892854532	22419	macro_accuracy	/dataset1/zailong/workspace/peft-sft-lab/reports/functional_hns_pilot_2x3_seed42_20260914/eval/Qwen3-8B/commonsense/tulu__seed42__functional_hns_a05/metrics.json	66d9e96413691f28836b12c2cd0ddb73107e7272a5254a5de5c64202934f4b26	False	seed42
Qwen3-8B	tulu	42	functional_hns_a10	commonsense	84.21441063955695	22419	macro_accuracy	/dataset1/zailong/workspace/peft-sft-lab/reports/functional_hns_pilot_2x3_seed42_20260914/eval/Qwen3-8B/commonsense/tulu__seed42__functional_hns_a10/metrics.json	1d10ded64bd49acde943fe7aa71667723128fa79bee123a36ffee56bfd9e007f	False	seed42
Qwen3-8B	tulu	42	functional_flat	commonsense	84.3081677913908	22419	macro_accuracy	/dataset1/zailong/workspace/peft-sft-lab/reports/functional_hns_pilot_2x3_seed42_20260914/eval/Qwen3-8B/commonsense/tulu__seed42__functional_flat/metrics.json	599c3b0afb3f126b8f559fbb3d54eeee0f1b78d9bdc797ab0f855042bb27918a	False	seed42
Qwen3-8B	magicoder	43	original_lora	magicoder	62.80487804878049	164	pass_at_1	/dataset1/zailong/workspace/peft-sft-lab/reports/functional_hns_three_seed_20260914/eval/Qwen3-8B/magicoder/magicoder__seed43__original_lora/metrics.json	ba8701eb1ff08eda0ec09ba79cc613ea51be2b4bbc9561f928e2ada5f6dd2d7a	True	extension
Qwen3-8B	magicoder	43	hns_f4_s1	magicoder	74.39024390243902	164	pass_at_1	/dataset1/zailong/workspace/peft-sft-lab/reports/functional_hns_three_seed_20260914/eval/Qwen3-8B/magicoder/magicoder__seed43__hns_f4_s1/metrics.json	6244e0c6c36b1a26aba178f077c5325d972bc072eb3399eec620c318d3f4282c	True	extension
Qwen3-8B	magicoder	43	functional_hns_a05	magicoder	73.78048780487805	164	pass_at_1	/dataset1/zailong/workspace/peft-sft-lab/reports/functional_hns_three_seed_20260914/eval/Qwen3-8B/magicoder/magicoder__seed43__functional_hns_a05/metrics.json	69c421759ac2bdef6f4347b0fd2480f7276422915da04f33b8a38bd2617a9f9d	False	extension
Qwen3-8B	magicoder	43	functional_hns_a10	magicoder	68.90243902439023	164	pass_at_1	/dataset1/zailong/workspace/peft-sft-lab/reports/functional_hns_three_seed_20260914/eval/Qwen3-8B/magicoder/magicoder__seed43__functional_hns_a10/metrics.json	871b9bf05a9af5ceb3348cf0e4e5e892a05687d3ac8741a0c6b3cf78885342c7	False	extension
Qwen3-8B	magicoder	43	functional_flat	magicoder	68.90243902439023	164	pass_at_1	/dataset1/zailong/workspace/peft-sft-lab/reports/functional_hns_three_seed_20260914/eval/Qwen3-8B/magicoder/magicoder__seed43__functional_flat/metrics.json	fbf40b66eb820f47fbd1f080fe428b4e2527c08e1a465720daf0bfd1670e75c5	False	extension
Qwen3-8B	metamath	43	original_lora	magicoder	57.92682926829268	164	pass_at_1	/dataset1/zailong/workspace/peft-sft-lab/reports/functional_hns_three_seed_20260914/eval/Qwen3-8B/magicoder/metamath__seed43__original_lora/metrics.json	3cd9d05e1ddb31c2b7194d420f538e83507675f628011bf3f697a480d0aacbf6	True	extension
Qwen3-8B	metamath	43	hns_f4_s1	magicoder	73.17073170731707	164	pass_at_1	/dataset1/zailong/workspace/peft-sft-lab/reports/functional_hns_three_seed_20260914/eval/Qwen3-8B/magicoder/metamath__seed43__hns_f4_s1/metrics.json	049c74713a773c56172aa9eaf470b06fb88ec426b709002a15fd1afbbf606c13	True	extension
Qwen3-8B	metamath	43	functional_hns_a05	magicoder	75.60975609756098	164	pass_at_1	/dataset1/zailong/workspace/peft-sft-lab/reports/functional_hns_three_seed_20260914/eval/Qwen3-8B/magicoder/metamath__seed43__functional_hns_a05/metrics.json	ca2ffcff45298b313279c88333e4ff7bf563a4e70c475379cf37910d887d6469	False	extension
Qwen3-8B	metamath	43	functional_hns_a10	magicoder	78.04878048780488	164	pass_at_1	/dataset1/zailong/workspace/peft-sft-lab/reports/functional_hns_three_seed_20260914/eval/Qwen3-8B/magicoder/metamath__seed43__functional_hns_a10/metrics.json	092a86351a9757b89087f10ff213e6fc956d2eb7f349e9b7a54a07f688fc4a1b	False	extension
Qwen3-8B	metamath	43	functional_flat	magicoder	76.82926829268293	164	pass_at_1	/dataset1/zailong/workspace/peft-sft-lab/reports/functional_hns_three_seed_20260914/eval/Qwen3-8B/magicoder/metamath__seed43__functional_flat/metrics.json	384403035bd1f9f7817b0c4b38f9dac6859b80c39e937c86d294bece0c00ae4c	False	extension
Qwen3-8B	tulu	43	original_lora	magicoder	81.70731707317073	164	pass_at_1	/dataset1/zailong/workspace/peft-sft-lab/reports/functional_hns_three_seed_20260914/eval/Qwen3-8B/magicoder/tulu__seed43__original_lora/metrics.json	416bce4ab037c3c5dbec5ea9d35c17cced82516c79fe47eb9e1d15089267dbd9	True	extension
Qwen3-8B	tulu	43	hns_f4_s1	magicoder	80.48780487804879	164	pass_at_1	/dataset1/zailong/workspace/peft-sft-lab/reports/functional_hns_three_seed_20260914/eval/Qwen3-8B/magicoder/tulu__seed43__hns_f4_s1/metrics.json	8e9ba4860b5cf313fc8c594e9800b1a65589d359d9ada43d187d8799b514f4ba	True	extension
Qwen3-8B	tulu	43	functional_hns_a05	magicoder	79.8780487804878	164	pass_at_1	/dataset1/zailong/workspace/peft-sft-lab/reports/functional_hns_three_seed_20260914/eval/Qwen3-8B/magicoder/tulu__seed43__functional_hns_a05/metrics.json	e8a1e01e02a81b907fc0b853f03ad77c661e269de5e7d8d64ab44bfc77fb3bc4	False	extension
Qwen3-8B	tulu	43	functional_hns_a10	magicoder	80.48780487804879	164	pass_at_1	/dataset1/zailong/workspace/peft-sft-lab/reports/functional_hns_three_seed_20260914/eval/Qwen3-8B/magicoder/tulu__seed43__functional_hns_a10/metrics.json	f6e007bfd175b305b05684494895602266d158467774b707775029d5524ff087	False	extension
Qwen3-8B	tulu	43	functional_flat	magicoder	79.8780487804878	164	pass_at_1	/dataset1/zailong/workspace/peft-sft-lab/reports/functional_hns_three_seed_20260914/eval/Qwen3-8B/magicoder/tulu__seed43__functional_flat/metrics.json	d6dd2a89ea49f666f6beebf51d0aeaf5f916d11ee5df8601d0c376764fa53084	False	extension
Qwen3-8B	magicoder	44	original_lora	magicoder	64.63414634146342	164	pass_at_1	/dataset1/zailong/workspace/peft-sft-lab/reports/functional_hns_three_seed_20260914/eval/Qwen3-8B/magicoder/magicoder__seed44__original_lora/metrics.json	edba4a2edfdad503488fb89b288d00f607733dff8552be1449d91886f72b5519	True	extension
Qwen3-8B	magicoder	44	hns_f4_s1	magicoder	74.39024390243902	164	pass_at_1	/dataset1/zailong/workspace/peft-sft-lab/reports/functional_hns_three_seed_20260914/eval/Qwen3-8B/magicoder/magicoder__seed44__hns_f4_s1/metrics.json	3ff7745de7eb3301b532e6e0c6d4059c1b7c5f0de91ba0be311be61dbac52e50	True	extension
Qwen3-8B	magicoder	44	functional_hns_a05	magicoder	72.5609756097561	164	pass_at_1	/dataset1/zailong/workspace/peft-sft-lab/reports/functional_hns_three_seed_20260914/eval/Qwen3-8B/magicoder/magicoder__seed44__functional_hns_a05/metrics.json	6ca6ba75ce4efed99c3b1a6aed1c40287596c89003f88f9a15df940a0284971e	False	extension
Qwen3-8B	magicoder	44	functional_hns_a10	magicoder	67.6829268292683	164	pass_at_1	/dataset1/zailong/workspace/peft-sft-lab/reports/functional_hns_three_seed_20260914/eval/Qwen3-8B/magicoder/magicoder__seed44__functional_hns_a10/metrics.json	27d9a3cb074994add21cd3aae24b48684d2679cbea5df59511bbb2c95e7ccc71	False	extension
Qwen3-8B	magicoder	44	functional_flat	magicoder	68.29268292682927	164	pass_at_1	/dataset1/zailong/workspace/peft-sft-lab/reports/functional_hns_three_seed_20260914/eval/Qwen3-8B/magicoder/magicoder__seed44__functional_flat/metrics.json	cb09d8565748ead6157ef412d4c4862b41caf2c667b19ce1055338a45916c3de	False	extension
Qwen3-8B	metamath	44	original_lora	magicoder	40.853658536585364	164	pass_at_1	/dataset1/zailong/workspace/peft-sft-lab/reports/functional_hns_three_seed_20260914/eval/Qwen3-8B/magicoder/metamath__seed44__original_lora/metrics.json	0e4a51dff6aeb7df1afc03f8d07faa4a8a325836ee2dc8c5f7d03d8e2d6e7039	True	extension
Qwen3-8B	metamath	44	hns_f4_s1	magicoder	67.6829268292683	164	pass_at_1	/dataset1/zailong/workspace/peft-sft-lab/reports/functional_hns_three_seed_20260914/eval/Qwen3-8B/magicoder/metamath__seed44__hns_f4_s1/metrics.json	a225851adf1d376bf83170e9c360a9faefa38603ca52c530443ed9405f6a3b15	True	extension
Qwen3-8B	metamath	44	functional_hns_a05	magicoder	66.46341463414635	164	pass_at_1	/dataset1/zailong/workspace/peft-sft-lab/reports/functional_hns_three_seed_20260914/eval/Qwen3-8B/magicoder/metamath__seed44__functional_hns_a05/metrics.json	62a91b7b6d8e8bc08224374571d38dd20e65b0ef8c21cb620a85bcc45985e8fc	False	extension
Qwen3-8B	metamath	44	functional_hns_a10	magicoder	67.07317073170732	164	pass_at_1	/dataset1/zailong/workspace/peft-sft-lab/reports/functional_hns_three_seed_20260914/eval/Qwen3-8B/magicoder/metamath__seed44__functional_hns_a10/metrics.json	f00764cac72c7ef91cf2854c896729894400906b2a40ebbc93668c1fda74ec17	False	extension
Qwen3-8B	metamath	44	functional_flat	magicoder	68.90243902439023	164	pass_at_1	/dataset1/zailong/workspace/peft-sft-lab/reports/functional_hns_three_seed_20260914/eval/Qwen3-8B/magicoder/metamath__seed44__functional_flat/metrics.json	b7778099c3ceabe9879db1ca0040c5ad43c74f0d27608265ec6401fd302ac08f	False	extension
Qwen3-8B	tulu	44	original_lora	magicoder	84.14634146341463	164	pass_at_1	/dataset1/zailong/workspace/peft-sft-lab/reports/functional_hns_three_seed_20260914/eval/Qwen3-8B/magicoder/tulu__seed44__original_lora/metrics.json	7702be52a1488fe4d78a5e77c57f0e12ac52765bc2e5d54a7b35e87686b4b3a3	True	extension
Qwen3-8B	tulu	44	hns_f4_s1	magicoder	80.48780487804879	164	pass_at_1	/dataset1/zailong/workspace/peft-sft-lab/reports/functional_hns_three_seed_20260914/eval/Qwen3-8B/magicoder/tulu__seed44__hns_f4_s1/metrics.json	532daeefc8384a05c8816ea25480385242dbd5f2f6e4f2c7cf5133c4fc9348bf	True	extension
Qwen3-8B	tulu	44	functional_hns_a05	magicoder	80.48780487804879	164	pass_at_1	/dataset1/zailong/workspace/peft-sft-lab/reports/functional_hns_three_seed_20260914/eval/Qwen3-8B/magicoder/tulu__seed44__functional_hns_a05/metrics.json	c438e09ff4b5f56c91bbd3c8ad6a9dddeb9965f3d8a3f47989f8a2343a0829ca	False	extension
Qwen3-8B	tulu	44	functional_hns_a10	magicoder	75.60975609756098	164	pass_at_1	/dataset1/zailong/workspace/peft-sft-lab/reports/functional_hns_three_seed_20260914/eval/Qwen3-8B/magicoder/tulu__seed44__functional_hns_a10/metrics.json	088731217b92b38b3e5e272878214924912e39f4fab36e2fdf9e80ea8df24df4	False	extension
Qwen3-8B	tulu	44	functional_flat	magicoder	76.21951219512195	164	pass_at_1	/dataset1/zailong/workspace/peft-sft-lab/reports/functional_hns_three_seed_20260914/eval/Qwen3-8B/magicoder/tulu__seed44__functional_flat/metrics.json	4670fd358ad7cf9acf5419f8ca758625109b7620e6c32cdbd070d4161f6877a2	False	extension
Qwen3-8B	magicoder	43	original_lora	metamath	82.56254738438211	1319	strict_accuracy	/dataset1/zailong/workspace/peft-sft-lab/reports/functional_hns_three_seed_20260914/eval/Qwen3-8B/metamath/magicoder__seed43__original_lora/metrics.json	62bd5815c37e7d4eff0f303f1f70dbc074edad5cf4521769207956cb2cae2eef	True	extension
Qwen3-8B	magicoder	43	hns_f4_s1	metamath	88.77937831690674	1319	strict_accuracy	/dataset1/zailong/workspace/peft-sft-lab/reports/functional_hns_three_seed_20260914/eval/Qwen3-8B/metamath/magicoder__seed43__hns_f4_s1/metrics.json	0b9ccf53793bad517dceed4f232343bcdacfa62787ed3ac83837a7738f2c65d3	True	extension
Qwen3-8B	magicoder	43	functional_hns_a05	metamath	88.02122820318424	1319	strict_accuracy	/dataset1/zailong/workspace/peft-sft-lab/reports/functional_hns_three_seed_20260914/eval/Qwen3-8B/metamath/magicoder__seed43__functional_hns_a05/metrics.json	11674ca6429faba6aac3a5fb722d3ee7c5a08dd09572b1d88548af79667807d7	False	extension
Qwen3-8B	magicoder	43	functional_hns_a10	metamath	86.73237300985596	1319	strict_accuracy	/dataset1/zailong/workspace/peft-sft-lab/reports/functional_hns_three_seed_20260914/eval/Qwen3-8B/metamath/magicoder__seed43__functional_hns_a10/metrics.json	7e4a2cacec44b5beb852cc7f46f68adabfd41f7222f46a2e67a82a4a5eb17edb	False	extension
Qwen3-8B	magicoder	43	functional_flat	metamath	86.8081880212282	1319	strict_accuracy	/dataset1/zailong/workspace/peft-sft-lab/reports/functional_hns_three_seed_20260914/eval/Qwen3-8B/metamath/magicoder__seed43__functional_flat/metrics.json	dace5c797fced313f12744a8e22335bfda66c450487e20a48e3ec8cbb28a1cb6	False	extension
Qwen3-8B	metamath	43	original_lora	metamath	84.00303260045489	1319	strict_accuracy	/dataset1/zailong/workspace/peft-sft-lab/reports/functional_hns_three_seed_20260914/eval/Qwen3-8B/metamath/metamath__seed43__original_lora/metrics.json	965d53c17d66125ca83d691992e265f9b8fda2a991f77ea456792291e7cec591	True	extension
Qwen3-8B	metamath	43	hns_f4_s1	metamath	86.8081880212282	1319	strict_accuracy	/dataset1/zailong/workspace/peft-sft-lab/reports/functional_hns_three_seed_20260914/eval/Qwen3-8B/metamath/metamath__seed43__hns_f4_s1/metrics.json	71e3e59bee22a359fe6f2cd3635b429ca5ae2117965f02c09d5ee408ae800e37	True	extension
Qwen3-8B	metamath	43	functional_hns_a05	metamath	86.73237300985596	1319	strict_accuracy	/dataset1/zailong/workspace/peft-sft-lab/reports/functional_hns_three_seed_20260914/eval/Qwen3-8B/metamath/metamath__seed43__functional_hns_a05/metrics.json	395b682c95cf427eefdd96732875cef172ec157d27c5cb9b7ae470a37bfb815b	False	extension
Qwen3-8B	metamath	43	functional_hns_a10	metamath	86.73237300985596	1319	strict_accuracy	/dataset1/zailong/workspace/peft-sft-lab/reports/functional_hns_three_seed_20260914/eval/Qwen3-8B/metamath/metamath__seed43__functional_hns_a10/metrics.json	395b682c95cf427eefdd96732875cef172ec157d27c5cb9b7ae470a37bfb815b	False	extension
Qwen3-8B	metamath	43	functional_flat	metamath	86.88400303260046	1319	strict_accuracy	/dataset1/zailong/workspace/peft-sft-lab/reports/functional_hns_three_seed_20260914/eval/Qwen3-8B/metamath/metamath__seed43__functional_flat/metrics.json	3ff9285569028fb50c00a53f29d61aac839ce9aef3c9cc1b09463ae9bceff08a	False	extension
Qwen3-8B	tulu	43	original_lora	metamath	89.15845337376801	1319	strict_accuracy	/dataset1/zailong/workspace/peft-sft-lab/reports/functional_hns_three_seed_20260914/eval/Qwen3-8B/metamath/tulu__seed43__original_lora/metrics.json	7dd3ebf7c25d5da5fac1a827196e0af58ea0d6cc259e4f618b52f1ad265a5372	True	extension
Qwen3-8B	tulu	43	hns_f4_s1	metamath	89.76497346474602	1319	strict_accuracy	/dataset1/zailong/workspace/peft-sft-lab/reports/functional_hns_three_seed_20260914/eval/Qwen3-8B/metamath/tulu__seed43__hns_f4_s1/metrics.json	fee27f5d6f34a8648b3f16f6d30cbd9c55e0edc13aae30ded7873acbeb899af9	True	extension
Qwen3-8B	tulu	43	functional_hns_a05	metamath	89.31008339651251	1319	strict_accuracy	/dataset1/zailong/workspace/peft-sft-lab/reports/functional_hns_three_seed_20260914/eval/Qwen3-8B/metamath/tulu__seed43__functional_hns_a05/metrics.json	ae23ef31202e5188a46be011e9e14d2dc60f6a013bb1adfded86568dee63f006	False	extension
Qwen3-8B	tulu	43	functional_hns_a10	metamath	88.855193328279	1319	strict_accuracy	/dataset1/zailong/workspace/peft-sft-lab/reports/functional_hns_three_seed_20260914/eval/Qwen3-8B/metamath/tulu__seed43__functional_hns_a10/metrics.json	201cbb284842b043720e9ce01bf490d4fc5e3ceaf6f4fd7996b002f62945a187	False	extension
Qwen3-8B	tulu	43	functional_flat	metamath	88.77937831690674	1319	strict_accuracy	/dataset1/zailong/workspace/peft-sft-lab/reports/functional_hns_three_seed_20260914/eval/Qwen3-8B/metamath/tulu__seed43__functional_flat/metrics.json	0abf9c97f7018b83156a05e2838b7001802ebf1ce3a179fb9582f45c7678f4d8	False	extension
Qwen3-8B	magicoder	44	original_lora	metamath	84.07884761182714	1319	strict_accuracy	/dataset1/zailong/workspace/peft-sft-lab/reports/functional_hns_three_seed_20260914/eval/Qwen3-8B/metamath/magicoder__seed44__original_lora/metrics.json	9b9d641e83d3539f404197ec1d5d7f227fd0ed4c8e5d5300f362a539d47a48f8	True	extension
Qwen3-8B	magicoder	44	hns_f4_s1	metamath	89.31008339651251	1319	strict_accuracy	/dataset1/zailong/workspace/peft-sft-lab/reports/functional_hns_three_seed_20260914/eval/Qwen3-8B/metamath/magicoder__seed44__hns_f4_s1/metrics.json	c77e3df73d437bc2103af01efd496dddbc9c122b0b6f9e6deb274c6d0c0f7c26	True	extension
Qwen3-8B	magicoder	44	functional_hns_a05	metamath	87.86959818043972	1319	strict_accuracy	/dataset1/zailong/workspace/peft-sft-lab/reports/functional_hns_three_seed_20260914/eval/Qwen3-8B/metamath/magicoder__seed44__functional_hns_a05/metrics.json	2ca81426627f28c2f736690a2a5c80794a6141570c9aa1d6fa469dc64d1b6eb0	False	extension
Qwen3-8B	magicoder	44	functional_hns_a10	metamath	87.03563305534496	1319	strict_accuracy	/dataset1/zailong/workspace/peft-sft-lab/reports/functional_hns_three_seed_20260914/eval/Qwen3-8B/metamath/magicoder__seed44__functional_hns_a10/metrics.json	33ee4b468a471bdc39bcf04e18deb9df32b734e233997f518cd3ca65a8b7c1d4	False	extension
Qwen3-8B	magicoder	44	functional_flat	metamath	86.3532979529947	1319	strict_accuracy	/dataset1/zailong/workspace/peft-sft-lab/reports/functional_hns_three_seed_20260914/eval/Qwen3-8B/metamath/magicoder__seed44__functional_flat/metrics.json	b7c6be9f7fb0941979690ee543964149ea2fbfe18fb50c53b68104e4e19add57	False	extension
Qwen3-8B	metamath	44	original_lora	metamath	84.00303260045489	1319	strict_accuracy	/dataset1/zailong/workspace/peft-sft-lab/reports/functional_hns_three_seed_20260914/eval/Qwen3-8B/metamath/metamath__seed44__original_lora/metrics.json	bde8215d8d7b1d448bfa8c0d62287f98d263a4f678dd65ea1089de2bb49f49a2	True	extension
Qwen3-8B	metamath	44	hns_f4_s1	metamath	87.41470811220621	1319	strict_accuracy	/dataset1/zailong/workspace/peft-sft-lab/reports/functional_hns_three_seed_20260914/eval/Qwen3-8B/metamath/metamath__seed44__hns_f4_s1/metrics.json	2872dd1b5f68058e6ccb30da1817618b92f4eafe04d27cfdf8ffe305f570036d	True	extension
Qwen3-8B	metamath	44	functional_hns_a05	metamath	87.86959818043972	1319	strict_accuracy	/dataset1/zailong/workspace/peft-sft-lab/reports/functional_hns_three_seed_20260914/eval/Qwen3-8B/metamath/metamath__seed44__functional_hns_a05/metrics.json	7600617ae5c0a2b2c4a2adee6ad50cd6e6deccebb8535b049b8661e7d6d6e631	False	extension
Qwen3-8B	metamath	44	functional_hns_a10	metamath	87.64215314632298	1319	strict_accuracy	/dataset1/zailong/workspace/peft-sft-lab/reports/functional_hns_three_seed_20260914/eval/Qwen3-8B/metamath/metamath__seed44__functional_hns_a10/metrics.json	82a82aca79f0ebb818304b8b51ffc8e06cecd7d5d6a9b101c06ea2ed37d8384a	False	extension
Qwen3-8B	metamath	44	functional_flat	metamath	87.71796815769522	1319	strict_accuracy	/dataset1/zailong/workspace/peft-sft-lab/reports/functional_hns_three_seed_20260914/eval/Qwen3-8B/metamath/metamath__seed44__functional_flat/metrics.json	8d583a63308f6001ae3cca55bf8b3e40b5191763d55ebe3310b584ee990f5f3b	False	extension
Qwen3-8B	tulu	44	original_lora	metamath	88.70356330553449	1319	strict_accuracy	/dataset1/zailong/workspace/peft-sft-lab/reports/functional_hns_three_seed_20260914/eval/Qwen3-8B/metamath/tulu__seed44__original_lora/metrics.json	f04d22b153b5545fc1c66d8f37564c6c548824fd7bc12550b452035021f1414b	True	extension
Qwen3-8B	tulu	44	hns_f4_s1	metamath	88.40030326004549	1319	strict_accuracy	/dataset1/zailong/workspace/peft-sft-lab/reports/functional_hns_three_seed_20260914/eval/Qwen3-8B/metamath/tulu__seed44__hns_f4_s1/metrics.json	73d63f3f75272f0576038bd116b23276ecdd063241f5b4fd53ef958db15252fa	True	extension
Qwen3-8B	tulu	44	functional_hns_a05	metamath	88.77937831690674	1319	strict_accuracy	/dataset1/zailong/workspace/peft-sft-lab/reports/functional_hns_three_seed_20260914/eval/Qwen3-8B/metamath/tulu__seed44__functional_hns_a05/metrics.json	ec83d73748dd7a3a6b536caec1e3a91e92b37bba770994a9cd1e5301d81a6cd9	False	extension
Qwen3-8B	tulu	44	functional_hns_a10	metamath	88.855193328279	1319	strict_accuracy	/dataset1/zailong/workspace/peft-sft-lab/reports/functional_hns_three_seed_20260914/eval/Qwen3-8B/metamath/tulu__seed44__functional_hns_a10/metrics.json	201cbb284842b043720e9ce01bf490d4fc5e3ceaf6f4fd7996b002f62945a187	False	extension
Qwen3-8B	tulu	44	functional_flat	metamath	88.855193328279	1319	strict_accuracy	/dataset1/zailong/workspace/peft-sft-lab/reports/functional_hns_three_seed_20260914/eval/Qwen3-8B/metamath/tulu__seed44__functional_flat/metrics.json	567ad1dbc3f066fd0989a5d73ae17c590a21377df77d34afd5a6d4b54eebdb53	False	extension
Qwen3-8B	magicoder	43	original_lora	tulu	66.91312384473198	541	prompt_level_strict_accuracy	/dataset1/zailong/workspace/peft-sft-lab/reports/functional_hns_three_seed_20260914/eval/Qwen3-8B/tulu/magicoder__seed43__original_lora/metrics.json	92367a5bccd8dd97370cd31daaad15fb144679673fe21d3f02104a9c43710249	True	extension
Qwen3-8B	magicoder	43	hns_f4_s1	tulu	71.34935304990758	541	prompt_level_strict_accuracy	/dataset1/zailong/workspace/peft-sft-lab/reports/functional_hns_three_seed_20260914/eval/Qwen3-8B/tulu/magicoder__seed43__hns_f4_s1/metrics.json	d176c74b2c81b707554524be1ca83999596dbe94befa307ca565ccda56407a3b	True	extension
Qwen3-8B	magicoder	43	functional_hns_a05	tulu	71.1645101663586	541	prompt_level_strict_accuracy	/dataset1/zailong/workspace/peft-sft-lab/reports/functional_hns_three_seed_20260914/eval/Qwen3-8B/tulu/magicoder__seed43__functional_hns_a05/metrics.json	0dfe3118414b2e8c46a8fd3bd5977a0262c69efb6e3a0283f3ef736214384c0c	False	extension
Qwen3-8B	magicoder	43	functional_hns_a10	tulu	70.79482439926062	541	prompt_level_strict_accuracy	/dataset1/zailong/workspace/peft-sft-lab/reports/functional_hns_three_seed_20260914/eval/Qwen3-8B/tulu/magicoder__seed43__functional_hns_a10/metrics.json	7ef714d8f1e46ef0c3159285516b24967118a7fac21d5551139f2308cc4a22f4	False	extension
Qwen3-8B	magicoder	43	functional_flat	tulu	70.79482439926062	541	prompt_level_strict_accuracy	/dataset1/zailong/workspace/peft-sft-lab/reports/functional_hns_three_seed_20260914/eval/Qwen3-8B/tulu/magicoder__seed43__functional_flat/metrics.json	d93bc5b36db72f4c2362f0fc1cdcefa8e6184a39abc598bfb4e993426f0455d9	False	extension
Qwen3-8B	metamath	43	original_lora	tulu	67.65249537892791	541	prompt_level_strict_accuracy	/dataset1/zailong/workspace/peft-sft-lab/reports/functional_hns_three_seed_20260914/eval/Qwen3-8B/tulu/metamath__seed43__original_lora/metrics.json	d14e4b0982b074319960832e4f153acf1c627c2017e35be88ff142fd7b5027e1	True	extension
Qwen3-8B	metamath	43	hns_f4_s1	tulu	72.08872458410352	541	prompt_level_strict_accuracy	/dataset1/zailong/workspace/peft-sft-lab/reports/functional_hns_three_seed_20260914/eval/Qwen3-8B/tulu/metamath__seed43__hns_f4_s1/metrics.json	f5c3c3803a9fdd88ec7652a56fd58979031c0682d04d3922d6fda176b0921a99	True	extension
Qwen3-8B	metamath	43	functional_hns_a05	tulu	71.53419593345656	541	prompt_level_strict_accuracy	/dataset1/zailong/workspace/peft-sft-lab/reports/functional_hns_three_seed_20260914/eval/Qwen3-8B/tulu/metamath__seed43__functional_hns_a05/metrics.json	6aeaefb5421ea09e9a24660e8bdd73abd09bba52413bbac1b3b5f28cec78eb14	False	extension
Qwen3-8B	metamath	43	functional_hns_a10	tulu	70.79482439926062	541	prompt_level_strict_accuracy	/dataset1/zailong/workspace/peft-sft-lab/reports/functional_hns_three_seed_20260914/eval/Qwen3-8B/tulu/metamath__seed43__functional_hns_a10/metrics.json	2e33e13e4f74f0ac0b9147f6fd10c3d8257e97968630bde9fb013133a18432f0	False	extension
Qwen3-8B	metamath	43	functional_flat	tulu	71.53419593345656	541	prompt_level_strict_accuracy	/dataset1/zailong/workspace/peft-sft-lab/reports/functional_hns_three_seed_20260914/eval/Qwen3-8B/tulu/metamath__seed43__functional_flat/metrics.json	c7fed1e23a7a1c9d966f6ac18258f830778d7056c935b302ddd48b1b376b17e6	False	extension
Qwen3-8B	tulu	43	original_lora	tulu	66.17375231053605	541	prompt_level_strict_accuracy	/dataset1/zailong/workspace/peft-sft-lab/reports/functional_hns_three_seed_20260914/eval/Qwen3-8B/tulu/tulu__seed43__original_lora/metrics.json	56e8ba53e0b2ae34126c3032acaef00b3747658b0d69cdc0527f6bc6c270c99c	True	extension
Qwen3-8B	tulu	43	hns_f4_s1	tulu	72.45841035120148	541	prompt_level_strict_accuracy	/dataset1/zailong/workspace/peft-sft-lab/reports/functional_hns_three_seed_20260914/eval/Qwen3-8B/tulu/tulu__seed43__hns_f4_s1/metrics.json	a5e042d2f0e48638126beb795c9d1efe49f0974e5cb49069f902185d0477580d	True	extension
Qwen3-8B	tulu	43	functional_hns_a05	tulu	72.82809611829944	541	prompt_level_strict_accuracy	/dataset1/zailong/workspace/peft-sft-lab/reports/functional_hns_three_seed_20260914/eval/Qwen3-8B/tulu/tulu__seed43__functional_hns_a05/metrics.json	80f1e1bad01913c7d3ca199faac6613d5566f7d1cfecc7fe5594d29c693c9c67	False	extension
Qwen3-8B	tulu	43	functional_hns_a10	tulu	73.19778188539742	541	prompt_level_strict_accuracy	/dataset1/zailong/workspace/peft-sft-lab/reports/functional_hns_three_seed_20260914/eval/Qwen3-8B/tulu/tulu__seed43__functional_hns_a10/metrics.json	ad5be5be03e0d8af24dcea9dde7c47a8708494f8342932230d3b784062481007	False	extension
Qwen3-8B	tulu	43	functional_flat	tulu	71.71903881700554	541	prompt_level_strict_accuracy	/dataset1/zailong/workspace/peft-sft-lab/reports/functional_hns_three_seed_20260914/eval/Qwen3-8B/tulu/tulu__seed43__functional_flat/metrics.json	7f21f1042f0a5ba5e931113bbf52957e35483c97cf7ff83049c11c54e04d8b4c	False	extension
Qwen3-8B	magicoder	44	original_lora	tulu	68.02218114602587	541	prompt_level_strict_accuracy	/dataset1/zailong/workspace/peft-sft-lab/reports/functional_hns_three_seed_20260914/eval/Qwen3-8B/tulu/magicoder__seed44__original_lora/metrics.json	2e9511a2bdb6342970b6ca64a129ff5fc150efac26a8dbcfda62b18f11944bb0	True	extension
Qwen3-8B	magicoder	44	hns_f4_s1	tulu	70.97966728280961	541	prompt_level_strict_accuracy	/dataset1/zailong/workspace/peft-sft-lab/reports/functional_hns_three_seed_20260914/eval/Qwen3-8B/tulu/magicoder__seed44__hns_f4_s1/metrics.json	8800ac34a5b4e18dac66273574080999099bad4cd7de63291aa3990b7dda4f2b	True	extension
Qwen3-8B	magicoder	44	functional_hns_a05	tulu	69.68576709796673	541	prompt_level_strict_accuracy	/dataset1/zailong/workspace/peft-sft-lab/reports/functional_hns_three_seed_20260914/eval/Qwen3-8B/tulu/magicoder__seed44__functional_hns_a05/metrics.json	6f907e07f5739bc842336942950f5f1b7c3dc71805bd0b05a66126ccd48b5621	False	extension
Qwen3-8B	magicoder	44	functional_hns_a10	tulu	71.1645101663586	541	prompt_level_strict_accuracy	/dataset1/zailong/workspace/peft-sft-lab/reports/functional_hns_three_seed_20260914/eval/Qwen3-8B/tulu/magicoder__seed44__functional_hns_a10/metrics.json	820f783afbbe87d6ca9f230e56de7ee84ad045f51c58db6002074ea537bd0bfd	False	extension
Qwen3-8B	magicoder	44	functional_flat	tulu	71.53419593345656	541	prompt_level_strict_accuracy	/dataset1/zailong/workspace/peft-sft-lab/reports/functional_hns_three_seed_20260914/eval/Qwen3-8B/tulu/magicoder__seed44__functional_flat/metrics.json	6880ad3901776593c4b3cb6e2c8ca789f5aef5a439f9c91a63561320948cc695	False	extension
Qwen3-8B	metamath	44	original_lora	tulu	66.72828096118299	541	prompt_level_strict_accuracy	/dataset1/zailong/workspace/peft-sft-lab/reports/functional_hns_three_seed_20260914/eval/Qwen3-8B/tulu/metamath__seed44__original_lora/metrics.json	fcfb05c70e4bc58f77222367b5b1e75e28c6bff6b21c4dd04d622de3ccbc4773	True	extension
Qwen3-8B	metamath	44	hns_f4_s1	tulu	70.60998151571165	541	prompt_level_strict_accuracy	/dataset1/zailong/workspace/peft-sft-lab/reports/functional_hns_three_seed_20260914/eval/Qwen3-8B/tulu/metamath__seed44__hns_f4_s1/metrics.json	28ad1bee99d28c5d6525dda9c79124352c2a6cded30520ed4dcdba90bce551b2	True	extension
Qwen3-8B	metamath	44	functional_hns_a05	tulu	70.97966728280961	541	prompt_level_strict_accuracy	/dataset1/zailong/workspace/peft-sft-lab/reports/functional_hns_three_seed_20260914/eval/Qwen3-8B/tulu/metamath__seed44__functional_hns_a05/metrics.json	fddd7c89b5a06ec4c3870fd886169b1cd2e9cb4ca3d12d460bbf00fb8732ea03	False	extension
Qwen3-8B	metamath	44	functional_hns_a10	tulu	71.90388170055454	541	prompt_level_strict_accuracy	/dataset1/zailong/workspace/peft-sft-lab/reports/functional_hns_three_seed_20260914/eval/Qwen3-8B/tulu/metamath__seed44__functional_hns_a10/metrics.json	46a36657ac0121c8af8727670215ef61713efebcfb3221ecb3b8fd20852f4f07	False	extension
Qwen3-8B	metamath	44	functional_flat	tulu	71.1645101663586	541	prompt_level_strict_accuracy	/dataset1/zailong/workspace/peft-sft-lab/reports/functional_hns_three_seed_20260914/eval/Qwen3-8B/tulu/metamath__seed44__functional_flat/metrics.json	3a9c51cef8c21a2327585ae2d438bca2a35e58dc27ba6cd204465c3e20829bb9	False	extension
Qwen3-8B	tulu	44	original_lora	tulu	66.91312384473198	541	prompt_level_strict_accuracy	/dataset1/zailong/workspace/peft-sft-lab/reports/functional_hns_three_seed_20260914/eval/Qwen3-8B/tulu/tulu__seed44__original_lora/metrics.json	c1e22439f74761111cdbd189002bb69905ef867f754175360b608877ff21cd25	True	extension
Qwen3-8B	tulu	44	hns_f4_s1	tulu	70.97966728280961	541	prompt_level_strict_accuracy	/dataset1/zailong/workspace/peft-sft-lab/reports/functional_hns_three_seed_20260914/eval/Qwen3-8B/tulu/tulu__seed44__hns_f4_s1/metrics.json	9655711e367355951837ddf8b7d2bc07a21c904cafb0a73c31e3b114791bb26d	True	extension
Qwen3-8B	tulu	44	functional_hns_a05	tulu	72.2735674676525	541	prompt_level_strict_accuracy	/dataset1/zailong/workspace/peft-sft-lab/reports/functional_hns_three_seed_20260914/eval/Qwen3-8B/tulu/tulu__seed44__functional_hns_a05/metrics.json	1f25fff9d3653fa99b31a6e78a442bd4565bfcfce3cb88fd1af13ee36297f0b1	False	extension
Qwen3-8B	tulu	44	functional_hns_a10	tulu	72.08872458410352	541	prompt_level_strict_accuracy	/dataset1/zailong/workspace/peft-sft-lab/reports/functional_hns_three_seed_20260914/eval/Qwen3-8B/tulu/tulu__seed44__functional_hns_a10/metrics.json	80dbccad3c1889fbe3de9927ab5cef90aa8a806f8927083e20e9d56de9d3399c	False	extension
Qwen3-8B	tulu	44	functional_flat	tulu	72.08872458410352	541	prompt_level_strict_accuracy	/dataset1/zailong/workspace/peft-sft-lab/reports/functional_hns_three_seed_20260914/eval/Qwen3-8B/tulu/tulu__seed44__functional_flat/metrics.json	d641fd7f0cb0be831fb003e4953aacdecc3475721b05327fb83b8451c6cce6b0	False	extension
Qwen3-8B	magicoder	43	original_lora	commonsense	83.80252203736919	22419	macro_accuracy	/dataset1/zailong/workspace/peft-sft-lab/reports/functional_hns_three_seed_20260914/eval/Qwen3-8B/commonsense/magicoder__seed43__original_lora/metrics.json	0903c25e0b06eb78a367e6b527ad966e4a00c109a474639732c20c14656adf6c	True	extension
Qwen3-8B	magicoder	43	hns_f4_s1	commonsense	83.4453448407783	22419	macro_accuracy	/dataset1/zailong/workspace/peft-sft-lab/reports/functional_hns_three_seed_20260914/eval/Qwen3-8B/commonsense/magicoder__seed43__hns_f4_s1/metrics.json	df0996b528de3070da7d1f41e8703e7d2c255e5ae5797793c4e07fd919bac968	True	extension
Qwen3-8B	magicoder	43	functional_hns_a05	commonsense	83.28823702337482	22419	macro_accuracy	/dataset1/zailong/workspace/peft-sft-lab/reports/functional_hns_three_seed_20260914/eval/Qwen3-8B/commonsense/magicoder__seed43__functional_hns_a05/metrics.json	64a72def7edb7103ea5f75ab87a5051bb4f80edcaf3c2638ff23fd89bc65037b	False	extension
Qwen3-8B	magicoder	43	functional_hns_a10	commonsense	83.02554741320589	22419	macro_accuracy	/dataset1/zailong/workspace/peft-sft-lab/reports/functional_hns_three_seed_20260914/eval/Qwen3-8B/commonsense/magicoder__seed43__functional_hns_a10/metrics.json	badb1a3548826a55308eff274d5625f24bee96a08ca446bb1da55f8aaad2fd90	False	extension
Qwen3-8B	magicoder	43	functional_flat	commonsense	83.02345703782325	22419	macro_accuracy	/dataset1/zailong/workspace/peft-sft-lab/reports/functional_hns_three_seed_20260914/eval/Qwen3-8B/commonsense/magicoder__seed43__functional_flat/metrics.json	a95454c08f21940284343698fac02efca907bcad934104644986a59d5f7fb96c	False	extension
Qwen3-8B	metamath	43	original_lora	commonsense	83.41748043941848	22419	macro_accuracy	/dataset1/zailong/workspace/peft-sft-lab/reports/functional_hns_three_seed_20260914/eval/Qwen3-8B/commonsense/metamath__seed43__original_lora/metrics.json	6ea67ce434c2240c9623715385d73591a1114e37300918c4354aafc40589502f	True	extension
Qwen3-8B	metamath	43	hns_f4_s1	commonsense	84.6918197379783	22419	macro_accuracy	/dataset1/zailong/workspace/peft-sft-lab/reports/functional_hns_three_seed_20260914/eval/Qwen3-8B/commonsense/metamath__seed43__hns_f4_s1/metrics.json	b95997cc4ec2358a1fefe1594a84a9da40cd67c43d4e32724aef45a493a79964	True	extension
Qwen3-8B	metamath	43	functional_hns_a05	commonsense	84.44077936668036	22419	macro_accuracy	/dataset1/zailong/workspace/peft-sft-lab/reports/functional_hns_three_seed_20260914/eval/Qwen3-8B/commonsense/metamath__seed43__functional_hns_a05/metrics.json	6e1e591b1837c599d4ad2c30adb499414e023371c7dbe9a68f4e21d6f283ccc4	False	extension
Qwen3-8B	metamath	43	functional_hns_a10	commonsense	84.22396580721446	22419	macro_accuracy	/dataset1/zailong/workspace/peft-sft-lab/reports/functional_hns_three_seed_20260914/eval/Qwen3-8B/commonsense/metamath__seed43__functional_hns_a10/metrics.json	eeda639585efd2cac776482ede83228e94a8db3ef0120c167d082869f1baed58	False	extension
Qwen3-8B	metamath	43	functional_flat	commonsense	84.18689137596527	22419	macro_accuracy	/dataset1/zailong/workspace/peft-sft-lab/reports/functional_hns_three_seed_20260914/eval/Qwen3-8B/commonsense/metamath__seed43__functional_flat/metrics.json	d3c32ec0e49233ab7e87430ea690cb1918bae1de5438671a769fa83f0b60e2dc	False	extension
Qwen3-8B	tulu	43	original_lora	commonsense	84.50849771986391	22419	macro_accuracy	/dataset1/zailong/workspace/peft-sft-lab/reports/functional_hns_three_seed_20260914/eval/Qwen3-8B/commonsense/tulu__seed43__original_lora/metrics.json	8811415c5411d2636de6c6751935ba81cdcaf8725850b6fcb37e8ba7a34816a4	True	extension
Qwen3-8B	tulu	43	hns_f4_s1	commonsense	84.60833296815858	22419	macro_accuracy	/dataset1/zailong/workspace/peft-sft-lab/reports/functional_hns_three_seed_20260914/eval/Qwen3-8B/commonsense/tulu__seed43__hns_f4_s1/metrics.json	ec83955879de3e559be8d2a485072b7b35cd2039564ffe1a0475938f19a9f8ee	True	extension
Qwen3-8B	tulu	43	functional_hns_a05	commonsense	84.53216329724168	22419	macro_accuracy	/dataset1/zailong/workspace/peft-sft-lab/reports/functional_hns_three_seed_20260914/eval/Qwen3-8B/commonsense/tulu__seed43__functional_hns_a05/metrics.json	da918e12fc146119ef90019e3f8602d5e897fa1444d13abb32d9f1caadce8d39	False	extension
Qwen3-8B	tulu	43	functional_hns_a10	commonsense	84.39539770105982	22419	macro_accuracy	/dataset1/zailong/workspace/peft-sft-lab/reports/functional_hns_three_seed_20260914/eval/Qwen3-8B/commonsense/tulu__seed43__functional_hns_a10/metrics.json	2320d5a388aa922f6987a54774a44972659be791c8759ec049ab7f0039c72fef	False	extension
Qwen3-8B	tulu	43	functional_flat	commonsense	84.38066725754399	22419	macro_accuracy	/dataset1/zailong/workspace/peft-sft-lab/reports/functional_hns_three_seed_20260914/eval/Qwen3-8B/commonsense/tulu__seed43__functional_flat/metrics.json	1695cbcb8c65f76f9da876bb1c1e65a56ef4acfa75004d4c02d74f1a958a7a91	False	extension
Qwen3-8B	magicoder	44	original_lora	commonsense	83.55814378780792	22419	macro_accuracy	/dataset1/zailong/workspace/peft-sft-lab/reports/functional_hns_three_seed_20260914/eval/Qwen3-8B/commonsense/magicoder__seed44__original_lora/metrics.json	fd12919d83bf0bdf4c79d96a5c141f39523d8f491d206627f14f7cf9d42fb0d8	True	extension
Qwen3-8B	magicoder	44	hns_f4_s1	commonsense	83.48186533343954	22419	macro_accuracy	/dataset1/zailong/workspace/peft-sft-lab/reports/functional_hns_three_seed_20260914/eval/Qwen3-8B/commonsense/magicoder__seed44__hns_f4_s1/metrics.json	e2e8c6332c578f5261147179db960057f9b15a70f9c7def75172ddbd091cb780	True	extension
Qwen3-8B	magicoder	44	functional_hns_a05	commonsense	83.13855563317728	22419	macro_accuracy	/dataset1/zailong/workspace/peft-sft-lab/reports/functional_hns_three_seed_20260914/eval/Qwen3-8B/commonsense/magicoder__seed44__functional_hns_a05/metrics.json	79e264e7a7241b672b3c558892cbd96f40856f66bc648a629056562b9b55a76b	False	extension
Qwen3-8B	magicoder	44	functional_hns_a10	commonsense	82.91857170674481	22419	macro_accuracy	/dataset1/zailong/workspace/peft-sft-lab/reports/functional_hns_three_seed_20260914/eval/Qwen3-8B/commonsense/magicoder__seed44__functional_hns_a10/metrics.json	64888ea6914021277319500cb5606d1a24dcff654114e3cef3d84a778c612940	False	extension
Qwen3-8B	magicoder	44	functional_flat	commonsense	83.05337679526478	22419	macro_accuracy	/dataset1/zailong/workspace/peft-sft-lab/reports/functional_hns_three_seed_20260914/eval/Qwen3-8B/commonsense/magicoder__seed44__functional_flat/metrics.json	f5b8523ab71a0698b2039b40b0fa4383f7e0fe6ccefb4b26782fff56fe23ebc9	False	extension
Qwen3-8B	metamath	44	original_lora	commonsense	82.96161534896042	22419	macro_accuracy	/dataset1/zailong/workspace/peft-sft-lab/reports/functional_hns_three_seed_20260914/eval/Qwen3-8B/commonsense/metamath__seed44__original_lora/metrics.json	58b3fc03df20ed180adf238e613f9160e71a352175623f9d73a27b2d3f776fb5	True	extension
Qwen3-8B	metamath	44	hns_f4_s1	commonsense	84.48500083338453	22419	macro_accuracy	/dataset1/zailong/workspace/peft-sft-lab/reports/functional_hns_three_seed_20260914/eval/Qwen3-8B/commonsense/metamath__seed44__hns_f4_s1/metrics.json	80c58b5c34e05b0d53c6aa33a381476b742cecbbc7941f79404454a2caf206ac	True	extension
Qwen3-8B	metamath	44	functional_hns_a05	commonsense	84.39881921006756	22419	macro_accuracy	/dataset1/zailong/workspace/peft-sft-lab/reports/functional_hns_three_seed_20260914/eval/Qwen3-8B/commonsense/metamath__seed44__functional_hns_a05/metrics.json	16d2f9f666b2a26fdcccb51e9c86d0ab578922156182dd4c0917d9ae53853027	False	extension
Qwen3-8B	metamath	44	functional_hns_a10	commonsense	84.27353991692515	22419	macro_accuracy	/dataset1/zailong/workspace/peft-sft-lab/reports/functional_hns_three_seed_20260914/eval/Qwen3-8B/commonsense/metamath__seed44__functional_hns_a10/metrics.json	4fa81d9e285a0f188addeba151e274976ba6d5b0715e50def89c82e2e619834e	False	extension
Qwen3-8B	metamath	44	functional_flat	commonsense	84.29439515417756	22419	macro_accuracy	/dataset1/zailong/workspace/peft-sft-lab/reports/functional_hns_three_seed_20260914/eval/Qwen3-8B/commonsense/metamath__seed44__functional_flat/metrics.json	c635014c5d8dbb8a9c198828653828107407ddf4a763bba55284cadb117ed7b5	False	extension
Qwen3-8B	tulu	44	original_lora	commonsense	84.36361898487202	22419	macro_accuracy	/dataset1/zailong/workspace/peft-sft-lab/reports/functional_hns_three_seed_20260914/eval/Qwen3-8B/commonsense/tulu__seed44__original_lora/metrics.json	4f59b7f274cf8671c7e119d6f60e660ba8b5e1ad7cf3fcb61df8b307ec51aee5	True	extension
Qwen3-8B	tulu	44	hns_f4_s1	commonsense	84.53963147881997	22419	macro_accuracy	/dataset1/zailong/workspace/peft-sft-lab/reports/functional_hns_three_seed_20260914/eval/Qwen3-8B/commonsense/tulu__seed44__hns_f4_s1/metrics.json	4d40a38771d83b0f244124a27b2caabb245c19c76bd6bbcefc6b9fa4c78a8e63	True	extension
Qwen3-8B	tulu	44	functional_hns_a05	commonsense	84.36414605462272	22419	macro_accuracy	/dataset1/zailong/workspace/peft-sft-lab/reports/functional_hns_three_seed_20260914/eval/Qwen3-8B/commonsense/tulu__seed44__functional_hns_a05/metrics.json	f36c094bd81f1e9bad7af1ad582b5de511a9b594e116c939a220cb44bcc47429	False	extension
Qwen3-8B	tulu	44	functional_hns_a10	commonsense	84.3791916465557	22419	macro_accuracy	/dataset1/zailong/workspace/peft-sft-lab/reports/functional_hns_three_seed_20260914/eval/Qwen3-8B/commonsense/tulu__seed44__functional_hns_a10/metrics.json	193a6a9f562cd861c9199b18909b2ec901557c4f95cc0e5fc14ca5c2a6f0e641	False	extension
Qwen3-8B	tulu	44	functional_flat	commonsense	84.38683984276597	22419	macro_accuracy	/dataset1/zailong/workspace/peft-sft-lab/reports/functional_hns_three_seed_20260914/eval/Qwen3-8B/commonsense/tulu__seed44__functional_flat/metrics.json	fdaaba6ccc6a9004fe1c72ec78e30670f241a0b13056a7757f7c8f0c0cdc012b	False	extension
Llama-3.1-8B-Instruct	base		base	magicoder	52.4390243902439	164	pass_at_1	/dataset1/zailong/workspace/peft-sft-lab/reports/functional_hns_three_seed_20260914/eval/Llama-3.1-8B-Instruct/magicoder/base/metrics.json	c0a3532719cb932e43cdae7fc6c89922062acaf7060dfca4670fe4f913fc6bcd	False	extension
Llama-3.1-8B-Instruct	magicoder	43	original_lora	magicoder	56.09756097560976	164	pass_at_1	/dataset1/zailong/workspace/peft-sft-lab/reports/functional_hns_three_seed_20260914/eval/Llama-3.1-8B-Instruct/magicoder/magicoder__seed43__original_lora/metrics.json	922d4442c0cca47c188834d0437c8548c5b19a11e28b98ba6617ea9455d588d4	False	extension
Llama-3.1-8B-Instruct	magicoder	43	hns_f4_s1	magicoder	55.487804878048784	164	pass_at_1	/dataset1/zailong/workspace/peft-sft-lab/reports/functional_hns_three_seed_20260914/eval/Llama-3.1-8B-Instruct/magicoder/magicoder__seed43__hns_f4_s1/metrics.json	d8dd096b2e8f1137619d69656746992ac5748f422c4fafc43329a273d1cafe9d	False	extension
Llama-3.1-8B-Instruct	magicoder	43	functional_hns_a05	magicoder	54.87804878048781	164	pass_at_1	/dataset1/zailong/workspace/peft-sft-lab/reports/functional_hns_three_seed_20260914/eval/Llama-3.1-8B-Instruct/magicoder/magicoder__seed43__functional_hns_a05/metrics.json	fbe6e74420ab6bac5d0e7c82763db4cfafa8018eeb914723473a15f1ddace0a7	False	extension
Llama-3.1-8B-Instruct	magicoder	43	functional_hns_a10	magicoder	55.487804878048784	164	pass_at_1	/dataset1/zailong/workspace/peft-sft-lab/reports/functional_hns_three_seed_20260914/eval/Llama-3.1-8B-Instruct/magicoder/magicoder__seed43__functional_hns_a10/metrics.json	bfe9a4d367ca846eb2e8e99c8fdadeaab3c298597c1279c4212e6114da8e9e2c	False	extension
Llama-3.1-8B-Instruct	magicoder	43	functional_flat	magicoder	54.268292682926834	164	pass_at_1	/dataset1/zailong/workspace/peft-sft-lab/reports/functional_hns_three_seed_20260914/eval/Llama-3.1-8B-Instruct/magicoder/magicoder__seed43__functional_flat/metrics.json	e40f2e19dd824f9abc0634f9c5de55a4f69d04042c796a953826ec1e3e162da7	False	extension
Llama-3.1-8B-Instruct	metamath	43	original_lora	magicoder	53.65853658536586	164	pass_at_1	/dataset1/zailong/workspace/peft-sft-lab/reports/functional_hns_three_seed_20260914/eval/Llama-3.1-8B-Instruct/magicoder/metamath__seed43__original_lora/metrics.json	0b52b88324a25628a8c047415a861d6605285dffc81cac38b621438bd965f024	False	extension
Llama-3.1-8B-Instruct	metamath	43	hns_f4_s1	magicoder	53.65853658536586	164	pass_at_1	/dataset1/zailong/workspace/peft-sft-lab/reports/functional_hns_three_seed_20260914/eval/Llama-3.1-8B-Instruct/magicoder/metamath__seed43__hns_f4_s1/metrics.json	0ed30c4c2d3dc265498509356756fe7e5fb502f85b3438fdf17ce38bd7163c8a	False	extension
Llama-3.1-8B-Instruct	metamath	43	functional_hns_a05	magicoder	53.65853658536586	164	pass_at_1	/dataset1/zailong/workspace/peft-sft-lab/reports/functional_hns_three_seed_20260914/eval/Llama-3.1-8B-Instruct/magicoder/metamath__seed43__functional_hns_a05/metrics.json	21cb5418bfc75191218be8b776cd4e043af0c905b14bd94e32d315c58a04fd3f	False	extension
Llama-3.1-8B-Instruct	metamath	43	functional_hns_a10	magicoder	51.829268292682926	164	pass_at_1	/dataset1/zailong/workspace/peft-sft-lab/reports/functional_hns_three_seed_20260914/eval/Llama-3.1-8B-Instruct/magicoder/metamath__seed43__functional_hns_a10/metrics.json	7aa9ce18c3c39a3ee2fd631e57356e0e0df5e289b6caccdfd6012de0b259576a	False	extension
Llama-3.1-8B-Instruct	metamath	43	functional_flat	magicoder	52.4390243902439	164	pass_at_1	/dataset1/zailong/workspace/peft-sft-lab/reports/functional_hns_three_seed_20260914/eval/Llama-3.1-8B-Instruct/magicoder/metamath__seed43__functional_flat/metrics.json	9a2ec2cbc1756498e9e3cac3386ceadea3c1a577f595c903a4bd7c37a156af6f	False	extension
Llama-3.1-8B-Instruct	tulu	43	original_lora	magicoder	64.02439024390245	164	pass_at_1	/dataset1/zailong/workspace/peft-sft-lab/reports/functional_hns_three_seed_20260914/eval/Llama-3.1-8B-Instruct/magicoder/tulu__seed43__original_lora/metrics.json	d0d4986dde6331ca8d14fe51aeb7c81f3e36a9bf214424f232a3d7c7b53e7e8a	False	extension
Llama-3.1-8B-Instruct	tulu	43	hns_f4_s1	magicoder	63.41463414634146	164	pass_at_1	/dataset1/zailong/workspace/peft-sft-lab/reports/functional_hns_three_seed_20260914/eval/Llama-3.1-8B-Instruct/magicoder/tulu__seed43__hns_f4_s1/metrics.json	cce495dd9a022174f50364e486284adc228be4be832ae5feefc650a64636f4af	False	extension
Llama-3.1-8B-Instruct	tulu	43	functional_hns_a05	magicoder	59.756097560975604	164	pass_at_1	/dataset1/zailong/workspace/peft-sft-lab/reports/functional_hns_three_seed_20260914/eval/Llama-3.1-8B-Instruct/magicoder/tulu__seed43__functional_hns_a05/metrics.json	1938ab09e2ea3752bc7d11afc17c478bef821945fb365aefdde0d68778e779ba	False	extension
Llama-3.1-8B-Instruct	tulu	43	functional_hns_a10	magicoder	59.756097560975604	164	pass_at_1	/dataset1/zailong/workspace/peft-sft-lab/reports/functional_hns_three_seed_20260914/eval/Llama-3.1-8B-Instruct/magicoder/tulu__seed43__functional_hns_a10/metrics.json	d5b0d736c1ed5c345c58d37edc6c3d8445d1e0bbbdf7ebaf4ba682ceb238d27a	False	extension
Llama-3.1-8B-Instruct	tulu	43	functional_flat	magicoder	61.58536585365854	164	pass_at_1	/dataset1/zailong/workspace/peft-sft-lab/reports/functional_hns_three_seed_20260914/eval/Llama-3.1-8B-Instruct/magicoder/tulu__seed43__functional_flat/metrics.json	1a302a04caa2cc3dd2bc8b6421fe524d16b0a333507c7ac4473e9260cf9498cd	False	extension
Llama-3.1-8B-Instruct	magicoder	44	original_lora	magicoder	53.65853658536586	164	pass_at_1	/dataset1/zailong/workspace/peft-sft-lab/reports/functional_hns_three_seed_20260914/eval/Llama-3.1-8B-Instruct/magicoder/magicoder__seed44__original_lora/metrics.json	8d7106f004b93928772511796adbca164d7bb345a7858de766ab7652873c9e9c	False	extension
Llama-3.1-8B-Instruct	magicoder	44	hns_f4_s1	magicoder	53.65853658536586	164	pass_at_1	/dataset1/zailong/workspace/peft-sft-lab/reports/functional_hns_three_seed_20260914/eval/Llama-3.1-8B-Instruct/magicoder/magicoder__seed44__hns_f4_s1/metrics.json	ef3f5b1b1ff5a62eef7b3a89c4d295f1271359d2bcab94fdb187f30dd9af8f23	False	extension
Llama-3.1-8B-Instruct	magicoder	44	functional_hns_a05	magicoder	55.487804878048784	164	pass_at_1	/dataset1/zailong/workspace/peft-sft-lab/reports/functional_hns_three_seed_20260914/eval/Llama-3.1-8B-Instruct/magicoder/magicoder__seed44__functional_hns_a05/metrics.json	82b396b0aad1d5ef55bb9dc051ac17309f5074ed3c164ab247b1b78807ffaa55	False	extension
Llama-3.1-8B-Instruct	magicoder	44	functional_hns_a10	magicoder	54.87804878048781	164	pass_at_1	/dataset1/zailong/workspace/peft-sft-lab/reports/functional_hns_three_seed_20260914/eval/Llama-3.1-8B-Instruct/magicoder/magicoder__seed44__functional_hns_a10/metrics.json	abdd433ad34bf5abad99c8ded3e3339d5ee13a7cf454a536e8277e7419581511	False	extension
Llama-3.1-8B-Instruct	magicoder	44	functional_flat	magicoder	54.268292682926834	164	pass_at_1	/dataset1/zailong/workspace/peft-sft-lab/reports/functional_hns_three_seed_20260914/eval/Llama-3.1-8B-Instruct/magicoder/magicoder__seed44__functional_flat/metrics.json	3728121ba09c405994e56d2e218c00a93b706584115d8aa3444a11e28928cbb9	False	extension
Llama-3.1-8B-Instruct	metamath	44	original_lora	magicoder	55.487804878048784	164	pass_at_1	/dataset1/zailong/workspace/peft-sft-lab/reports/functional_hns_three_seed_20260914/eval/Llama-3.1-8B-Instruct/magicoder/metamath__seed44__original_lora/metrics.json	18f858af43cac9a34bba2fffba9875d38d13573d054a1cc378bd7a87d591be6f	False	extension
Llama-3.1-8B-Instruct	metamath	44	hns_f4_s1	magicoder	53.65853658536586	164	pass_at_1	/dataset1/zailong/workspace/peft-sft-lab/reports/functional_hns_three_seed_20260914/eval/Llama-3.1-8B-Instruct/magicoder/metamath__seed44__hns_f4_s1/metrics.json	dd6d4a8761dc2ff2fa2c0a541867c30f303cc82634173a0a54fca564aeff2f66	False	extension
Llama-3.1-8B-Instruct	metamath	44	functional_hns_a05	magicoder	54.268292682926834	164	pass_at_1	/dataset1/zailong/workspace/peft-sft-lab/reports/functional_hns_three_seed_20260914/eval/Llama-3.1-8B-Instruct/magicoder/metamath__seed44__functional_hns_a05/metrics.json	9b396fc74d5801fb8e34e3a341d1acab5a277ab2b020135b95bbed38709f4ef2	False	extension
Llama-3.1-8B-Instruct	metamath	44	functional_hns_a10	magicoder	53.65853658536586	164	pass_at_1	/dataset1/zailong/workspace/peft-sft-lab/reports/functional_hns_three_seed_20260914/eval/Llama-3.1-8B-Instruct/magicoder/metamath__seed44__functional_hns_a10/metrics.json	49ee23cc2997d55ef1f1a0fcf56266a7d97fe366bf756569a694043545debd13	False	extension
Llama-3.1-8B-Instruct	metamath	44	functional_flat	magicoder	53.04878048780488	164	pass_at_1	/dataset1/zailong/workspace/peft-sft-lab/reports/functional_hns_three_seed_20260914/eval/Llama-3.1-8B-Instruct/magicoder/metamath__seed44__functional_flat/metrics.json	3fc4692dfa78e3ab6c0a5d08cb60df8bee198eb51926330715784221563e09ed	False	extension
Llama-3.1-8B-Instruct	tulu	44	original_lora	magicoder	64.02439024390245	164	pass_at_1	/dataset1/zailong/workspace/peft-sft-lab/reports/functional_hns_three_seed_20260914/eval/Llama-3.1-8B-Instruct/magicoder/tulu__seed44__original_lora/metrics.json	d54473c850e9d1fc0a7782bf04061c916f94b16d1a23a2c9f77e888f47c740ed	False	extension
Llama-3.1-8B-Instruct	tulu	44	hns_f4_s1	magicoder	62.80487804878049	164	pass_at_1	/dataset1/zailong/workspace/peft-sft-lab/reports/functional_hns_three_seed_20260914/eval/Llama-3.1-8B-Instruct/magicoder/tulu__seed44__hns_f4_s1/metrics.json	8d3aa7d33f828fbce8fa93c7b8238ea1e1bd3ee9f776de53b8467e73f07306e7	False	extension
Llama-3.1-8B-Instruct	tulu	44	functional_hns_a05	magicoder	63.41463414634146	164	pass_at_1	/dataset1/zailong/workspace/peft-sft-lab/reports/functional_hns_three_seed_20260914/eval/Llama-3.1-8B-Instruct/magicoder/tulu__seed44__functional_hns_a05/metrics.json	d32e2a84f6adbd89355c50f44dd1a791df76f1edc89f8eca3f0265ae48204718	False	extension
Llama-3.1-8B-Instruct	tulu	44	functional_hns_a10	magicoder	61.58536585365854	164	pass_at_1	/dataset1/zailong/workspace/peft-sft-lab/reports/functional_hns_three_seed_20260914/eval/Llama-3.1-8B-Instruct/magicoder/tulu__seed44__functional_hns_a10/metrics.json	3f812a86c96fa313a58dce52c8cfa9e1b8848bf4e3d552223b1ec82befd9b6bd	False	extension
Llama-3.1-8B-Instruct	tulu	44	functional_flat	magicoder	62.80487804878049	164	pass_at_1	/dataset1/zailong/workspace/peft-sft-lab/reports/functional_hns_three_seed_20260914/eval/Llama-3.1-8B-Instruct/magicoder/tulu__seed44__functional_flat/metrics.json	a02ee9d6cc8718d32692c117c57a6d75f48f99ff4c123ae6d4c71ddefe3dc19a	False	extension
Llama-3.1-8B-Instruct	magicoder	42	original_lora	magicoder	53.65853658536586	164	pass_at_1	/dataset1/zailong/workspace/peft-sft-lab/reports/functional_hns_three_seed_20260914/eval/Llama-3.1-8B-Instruct/magicoder/magicoder__seed42__original_lora/metrics.json	16e93df240fd877999d0e6b4dbc6c73738bb0030934f37e19b15ac55c8ff0579	False	extension
Llama-3.1-8B-Instruct	magicoder	42	hns_f4_s1	magicoder	54.87804878048781	164	pass_at_1	/dataset1/zailong/workspace/peft-sft-lab/reports/functional_hns_three_seed_20260914/eval/Llama-3.1-8B-Instruct/magicoder/magicoder__seed42__hns_f4_s1/metrics.json	bbb66ce22cc7a0e3a4be028258edea1304a1845a48fd1243a6078c2345eb3d45	False	extension
Llama-3.1-8B-Instruct	magicoder	42	functional_hns_a05	magicoder	54.268292682926834	164	pass_at_1	/dataset1/zailong/workspace/peft-sft-lab/reports/functional_hns_three_seed_20260914/eval/Llama-3.1-8B-Instruct/magicoder/magicoder__seed42__functional_hns_a05/metrics.json	727a15d3500b52e8db1c7d6238d783a67cc1a5689488a6c81387cd4417f10399	False	extension
Llama-3.1-8B-Instruct	magicoder	42	functional_hns_a10	magicoder	54.87804878048781	164	pass_at_1	/dataset1/zailong/workspace/peft-sft-lab/reports/functional_hns_three_seed_20260914/eval/Llama-3.1-8B-Instruct/magicoder/magicoder__seed42__functional_hns_a10/metrics.json	6b041f42819578784e6c9597f478c783f262f37eede42cb9f70eea9292a3b28a	False	extension
Llama-3.1-8B-Instruct	magicoder	42	functional_flat	magicoder	54.87804878048781	164	pass_at_1	/dataset1/zailong/workspace/peft-sft-lab/reports/functional_hns_three_seed_20260914/eval/Llama-3.1-8B-Instruct/magicoder/magicoder__seed42__functional_flat/metrics.json	d59b3c2748d08380607a174e15e9e2568b8c0fe560d32608dfd216d6594c48b8	False	extension
Llama-3.1-8B-Instruct	metamath	42	original_lora	magicoder	54.268292682926834	164	pass_at_1	/dataset1/zailong/workspace/peft-sft-lab/reports/functional_hns_three_seed_20260914/eval/Llama-3.1-8B-Instruct/magicoder/metamath__seed42__original_lora/metrics.json	e5c5c01c46577e5319e2f17f1f58338784bba1efbc163ab8ff7d2c5c2cb4dffe	False	extension
Llama-3.1-8B-Instruct	metamath	42	hns_f4_s1	magicoder	61.58536585365854	164	pass_at_1	/dataset1/zailong/workspace/peft-sft-lab/reports/functional_hns_three_seed_20260914/eval/Llama-3.1-8B-Instruct/magicoder/metamath__seed42__hns_f4_s1/metrics.json	ca222a5703bf377fd72e8ee1c9b3ce3860c665e988e52b7ab3ef8e968b82d064	False	extension
Llama-3.1-8B-Instruct	metamath	42	functional_hns_a05	magicoder	60.36585365853659	164	pass_at_1	/dataset1/zailong/workspace/peft-sft-lab/reports/functional_hns_three_seed_20260914/eval/Llama-3.1-8B-Instruct/magicoder/metamath__seed42__functional_hns_a05/metrics.json	2ecf3354a962c8868bad753080aebff20592c498aa0c0d61c8e62b2dd6e78a2c	False	extension
Llama-3.1-8B-Instruct	metamath	42	functional_hns_a10	magicoder	58.536585365853654	164	pass_at_1	/dataset1/zailong/workspace/peft-sft-lab/reports/functional_hns_three_seed_20260914/eval/Llama-3.1-8B-Instruct/magicoder/metamath__seed42__functional_hns_a10/metrics.json	13f5c24ab7587aa20ffa11c4ef7bd371a66ed821aeda1bf40b36ae3945920469	False	extension
Llama-3.1-8B-Instruct	metamath	42	functional_flat	magicoder	59.14634146341463	164	pass_at_1	/dataset1/zailong/workspace/peft-sft-lab/reports/functional_hns_three_seed_20260914/eval/Llama-3.1-8B-Instruct/magicoder/metamath__seed42__functional_flat/metrics.json	ceeb74f727908b1a38641a0b0c641ed541ca918cae5b4ce1e6876f3c84c49fbf	False	extension
Llama-3.1-8B-Instruct	tulu	42	original_lora	magicoder	63.41463414634146	164	pass_at_1	/dataset1/zailong/workspace/peft-sft-lab/reports/functional_hns_three_seed_20260914/eval/Llama-3.1-8B-Instruct/magicoder/tulu__seed42__original_lora/metrics.json	fa0cd87f5585116df23c38d807aecbccad0f8fcece383b344fcd16e575ef7503	False	extension
Llama-3.1-8B-Instruct	tulu	42	hns_f4_s1	magicoder	62.80487804878049	164	pass_at_1	/dataset1/zailong/workspace/peft-sft-lab/reports/functional_hns_three_seed_20260914/eval/Llama-3.1-8B-Instruct/magicoder/tulu__seed42__hns_f4_s1/metrics.json	a347e5f884cb94b7ecd7fa8a71a13b5e704e5278dd5e044c19f95e07b9af9261	False	extension
Llama-3.1-8B-Instruct	tulu	42	functional_hns_a05	magicoder	61.58536585365854	164	pass_at_1	/dataset1/zailong/workspace/peft-sft-lab/reports/functional_hns_three_seed_20260914/eval/Llama-3.1-8B-Instruct/magicoder/tulu__seed42__functional_hns_a05/metrics.json	cfd1bed1f36007448d1822bac2d23bcb56e60d1584ebd0d14882fa389c654dab	False	extension
Llama-3.1-8B-Instruct	tulu	42	functional_hns_a10	magicoder	58.536585365853654	164	pass_at_1	/dataset1/zailong/workspace/peft-sft-lab/reports/functional_hns_three_seed_20260914/eval/Llama-3.1-8B-Instruct/magicoder/tulu__seed42__functional_hns_a10/metrics.json	1d6f87f03639f01d812b6ee3fdf2e48f5b6a5b519a7e937c0aaf4ba67c9b5782	False	extension
Llama-3.1-8B-Instruct	tulu	42	functional_flat	magicoder	59.14634146341463	164	pass_at_1	/dataset1/zailong/workspace/peft-sft-lab/reports/functional_hns_three_seed_20260914/eval/Llama-3.1-8B-Instruct/magicoder/tulu__seed42__functional_flat/metrics.json	51af83ff03651e70cf9dc094231a02018c558091f59fa0db81f35b7302d389e8	False	extension
Llama-3.1-8B-Instruct	base		base	metamath	62.39575435936315	1319	strict_accuracy	/dataset1/zailong/workspace/peft-sft-lab/reports/functional_hns_three_seed_20260914/eval/Llama-3.1-8B-Instruct/metamath/base/metrics.json	6f3a57d4ccd0c7cdeb9fde5d6f5c4dc1dde5dbdfba18ba14099b443b71a9abfa	False	extension
Llama-3.1-8B-Instruct	magicoder	43	original_lora	metamath	63.76042456406369	1319	strict_accuracy	/dataset1/zailong/workspace/peft-sft-lab/reports/functional_hns_three_seed_20260914/eval/Llama-3.1-8B-Instruct/metamath/magicoder__seed43__original_lora/metrics.json	d096b66f827828b8f5559d1164cf84b28da860e0e9d96f80fa7ba89dcdd26cb8	False	extension
Llama-3.1-8B-Instruct	magicoder	43	hns_f4_s1	metamath	68.6125852918878	1319	strict_accuracy	/dataset1/zailong/workspace/peft-sft-lab/reports/functional_hns_three_seed_20260914/eval/Llama-3.1-8B-Instruct/metamath/magicoder__seed43__hns_f4_s1/metrics.json	0ef0e11b95788c2d4c48913e7c7cb9b776b6a39ac120d0c0a011eba13bbe3d0d	False	extension
Llama-3.1-8B-Instruct	magicoder	43	functional_hns_a05	metamath	66.94465504169825	1319	strict_accuracy	/dataset1/zailong/workspace/peft-sft-lab/reports/functional_hns_three_seed_20260914/eval/Llama-3.1-8B-Instruct/metamath/magicoder__seed43__functional_hns_a05/metrics.json	02a36e3af4f9e0a97b2d9cedd4645976e12145049815a761380fdb3b11597000	False	extension
Llama-3.1-8B-Instruct	magicoder	43	functional_hns_a10	metamath	65.57998483699772	1319	strict_accuracy	/dataset1/zailong/workspace/peft-sft-lab/reports/functional_hns_three_seed_20260914/eval/Llama-3.1-8B-Instruct/metamath/magicoder__seed43__functional_hns_a10/metrics.json	f021d595008a0fa12d7c9d37da84e3df5df0eccdf705c785c645022b55eb1933	False	extension
Llama-3.1-8B-Instruct	magicoder	43	functional_flat	metamath	66.18650492797575	1319	strict_accuracy	/dataset1/zailong/workspace/peft-sft-lab/reports/functional_hns_three_seed_20260914/eval/Llama-3.1-8B-Instruct/metamath/magicoder__seed43__functional_flat/metrics.json	8cfe100ef09e8ab7177d8f8787114929b2978fb03702bb9ff67d5609bb032b3a	False	extension
Llama-3.1-8B-Instruct	metamath	43	original_lora	metamath	75.05686125852918	1319	strict_accuracy	/dataset1/zailong/workspace/peft-sft-lab/reports/functional_hns_three_seed_20260914/eval/Llama-3.1-8B-Instruct/metamath/metamath__seed43__original_lora/metrics.json	7d7b6a53e9800d31df63885238ee0132d16a76554b4dc0246cd26738d5abb40e	False	extension
Llama-3.1-8B-Instruct	metamath	43	hns_f4_s1	metamath	78.39272175890827	1319	strict_accuracy	/dataset1/zailong/workspace/peft-sft-lab/reports/functional_hns_three_seed_20260914/eval/Llama-3.1-8B-Instruct/metamath/metamath__seed43__hns_f4_s1/metrics.json	8916c2d77400176e92478bd40d9e2a9598a622a6ec0fd41e2ea18b7ae883f16c	False	extension
Llama-3.1-8B-Instruct	metamath	43	functional_hns_a05	metamath	79.98483699772555	1319	strict_accuracy	/dataset1/zailong/workspace/peft-sft-lab/reports/functional_hns_three_seed_20260914/eval/Llama-3.1-8B-Instruct/metamath/metamath__seed43__functional_hns_a05/metrics.json	3ec1de832fa8e697058d6630892a88ebfe7adf6047c0d271ab07e6e38545fbdc	False	extension
Llama-3.1-8B-Instruct	metamath	43	functional_hns_a10	metamath	81.12206216830933	1319	strict_accuracy	/dataset1/zailong/workspace/peft-sft-lab/reports/functional_hns_three_seed_20260914/eval/Llama-3.1-8B-Instruct/metamath/metamath__seed43__functional_hns_a10/metrics.json	fa83cb0b1f15502136f229004c2c1801513fe5e8f8554789a4aa323f8c1d0727	False	extension
Llama-3.1-8B-Instruct	metamath	43	functional_flat	metamath	80.43972706595906	1319	strict_accuracy	/dataset1/zailong/workspace/peft-sft-lab/reports/functional_hns_three_seed_20260914/eval/Llama-3.1-8B-Instruct/metamath/metamath__seed43__functional_flat/metrics.json	505962e97ac556a66302647bbd44923133e03ba00ccfedea262067502468f4fe	False	extension
Llama-3.1-8B-Instruct	tulu	43	original_lora	metamath	64.89764973464746	1319	strict_accuracy	/dataset1/zailong/workspace/peft-sft-lab/reports/functional_hns_three_seed_20260914/eval/Llama-3.1-8B-Instruct/metamath/tulu__seed43__original_lora/metrics.json	5ffbbcd29e396e13fb19279312d0402f93130915cc9561654ee2946b61c1199f	False	extension
Llama-3.1-8B-Instruct	tulu	43	hns_f4_s1	metamath	67.24791508718727	1319	strict_accuracy	/dataset1/zailong/workspace/peft-sft-lab/reports/functional_hns_three_seed_20260914/eval/Llama-3.1-8B-Instruct/metamath/tulu__seed43__hns_f4_s1/metrics.json	9ac5252a74ddd073cf6c4db70d1210cfccb367e47c7687a6b7fe0e1dc9842c80	False	extension
Llama-3.1-8B-Instruct	tulu	43	functional_hns_a05	metamath	67.17210007581501	1319	strict_accuracy	/dataset1/zailong/workspace/peft-sft-lab/reports/functional_hns_three_seed_20260914/eval/Llama-3.1-8B-Instruct/metamath/tulu__seed43__functional_hns_a05/metrics.json	75951b89156c6c257f7375e3751848718f90950977e79be7c39201ac5cc78029	False	extension
Llama-3.1-8B-Instruct	tulu	43	functional_hns_a10	metamath	68.6125852918878	1319	strict_accuracy	/dataset1/zailong/workspace/peft-sft-lab/reports/functional_hns_three_seed_20260914/eval/Llama-3.1-8B-Instruct/metamath/tulu__seed43__functional_hns_a10/metrics.json	4647067c49a92b99e14375be7150a6ad82fa0cdf1119f8846a39aa6cade6eb4f	False	extension
Llama-3.1-8B-Instruct	tulu	43	functional_flat	metamath	68.68840030326004	1319	strict_accuracy	/dataset1/zailong/workspace/peft-sft-lab/reports/functional_hns_three_seed_20260914/eval/Llama-3.1-8B-Instruct/metamath/tulu__seed43__functional_flat/metrics.json	b72316a5db10424dc92b78f9c1babfb1666a903984b6c8addc2e2779cc3f4e5a	False	extension
Llama-3.1-8B-Instruct	magicoder	44	original_lora	metamath	65.50416982562547	1319	strict_accuracy	/dataset1/zailong/workspace/peft-sft-lab/reports/functional_hns_three_seed_20260914/eval/Llama-3.1-8B-Instruct/metamath/magicoder__seed44__original_lora/metrics.json	ba3c3b78640f5740e0192ee70b3dd59d96d4fcc4972ed524118a7dfc315124ee	False	extension
Llama-3.1-8B-Instruct	magicoder	44	hns_f4_s1	metamath	69.74981046247157	1319	strict_accuracy	/dataset1/zailong/workspace/peft-sft-lab/reports/functional_hns_three_seed_20260914/eval/Llama-3.1-8B-Instruct/metamath/magicoder__seed44__hns_f4_s1/metrics.json	261f8a55d48b2499c835a0cd6f2b56fd41bb1f33832364cc5624be80022e5d58	False	extension
Llama-3.1-8B-Instruct	magicoder	44	functional_hns_a05	metamath	67.85443517816528	1319	strict_accuracy	/dataset1/zailong/workspace/peft-sft-lab/reports/functional_hns_three_seed_20260914/eval/Llama-3.1-8B-Instruct/metamath/magicoder__seed44__functional_hns_a05/metrics.json	1d1f5062dd3bc52983da2c00e79dd9a494aa86ae689ea199168da50b56e6a3fb	False	extension
Llama-3.1-8B-Instruct	magicoder	44	functional_hns_a10	metamath	66.565579984837	1319	strict_accuracy	/dataset1/zailong/workspace/peft-sft-lab/reports/functional_hns_three_seed_20260914/eval/Llama-3.1-8B-Instruct/metamath/magicoder__seed44__functional_hns_a10/metrics.json	4082ad86a1161fc57d8e59409609b72c0bb6d0cb391d6097d54e8f2ae4f140a2	False	extension
Llama-3.1-8B-Instruct	magicoder	44	functional_flat	metamath	66.94465504169825	1319	strict_accuracy	/dataset1/zailong/workspace/peft-sft-lab/reports/functional_hns_three_seed_20260914/eval/Llama-3.1-8B-Instruct/metamath/magicoder__seed44__functional_flat/metrics.json	dbf5b8abfa97d2ee4ff4d0e24fbecd4f70b574318f3567cb321cb8fc299c33c1	False	extension
Llama-3.1-8B-Instruct	metamath	44	original_lora	metamath	74.45034116755117	1319	strict_accuracy	/dataset1/zailong/workspace/peft-sft-lab/reports/functional_hns_three_seed_20260914/eval/Llama-3.1-8B-Instruct/metamath/metamath__seed44__original_lora/metrics.json	e9cae954d628f17ee4763de5f2ab938de464e791e15ee40c10e15ad8a2dcf963	False	extension
Llama-3.1-8B-Instruct	metamath	44	hns_f4_s1	metamath	78.99924184988627	1319	strict_accuracy	/dataset1/zailong/workspace/peft-sft-lab/reports/functional_hns_three_seed_20260914/eval/Llama-3.1-8B-Instruct/metamath/metamath__seed44__hns_f4_s1/metrics.json	fa7db7901e3236f18d045b04327da8829832aeeca4e46aa38fa8e5c342254abb	False	extension
Llama-3.1-8B-Instruct	metamath	44	functional_hns_a05	metamath	80.59135708870356	1319	strict_accuracy	/dataset1/zailong/workspace/peft-sft-lab/reports/functional_hns_three_seed_20260914/eval/Llama-3.1-8B-Instruct/metamath/metamath__seed44__functional_hns_a05/metrics.json	9208b052113b3f92c88abca3bff909797648a1a3399f1cf006b94df39b361333	False	extension
Llama-3.1-8B-Instruct	metamath	44	functional_hns_a10	metamath	81.34950720242608	1319	strict_accuracy	/dataset1/zailong/workspace/peft-sft-lab/reports/functional_hns_three_seed_20260914/eval/Llama-3.1-8B-Instruct/metamath/metamath__seed44__functional_hns_a10/metrics.json	097301dd74b6b0844195a929c9c0773c841a24ce575b74ca125eea9b5c8c760a	False	extension
Llama-3.1-8B-Instruct	metamath	44	functional_flat	metamath	81.04624715693708	1319	strict_accuracy	/dataset1/zailong/workspace/peft-sft-lab/reports/functional_hns_three_seed_20260914/eval/Llama-3.1-8B-Instruct/metamath/metamath__seed44__functional_flat/metrics.json	73f546d0a4a30bcbfedf55548588b4bb8dd5bcf55c5bc67df35b1ac1536def52	False	extension
Llama-3.1-8B-Instruct	tulu	44	original_lora	metamath	59.36315390447309	1319	strict_accuracy	/dataset1/zailong/workspace/peft-sft-lab/reports/functional_hns_three_seed_20260914/eval/Llama-3.1-8B-Instruct/metamath/tulu__seed44__original_lora/metrics.json	ddba6545b9276ee78b1bc592427c2a4e6bc4be39001f13dda9ef352c9f35dc31	False	extension
Llama-3.1-8B-Instruct	tulu	44	hns_f4_s1	metamath	64.0636846095527	1319	strict_accuracy	/dataset1/zailong/workspace/peft-sft-lab/reports/functional_hns_three_seed_20260914/eval/Llama-3.1-8B-Instruct/metamath/tulu__seed44__hns_f4_s1/metrics.json	02b8a3df0b214db6147e8706cb3d169b85de6e2ce5e4a7367f95b0637eee9bf0	False	extension
Llama-3.1-8B-Instruct	tulu	44	functional_hns_a05	metamath	62.85064442759667	1319	strict_accuracy	/dataset1/zailong/workspace/peft-sft-lab/reports/functional_hns_three_seed_20260914/eval/Llama-3.1-8B-Instruct/metamath/tulu__seed44__functional_hns_a05/metrics.json	4c0df8ba6ee308815685cd1287cdf4f1850e08bb57d2174532109834930cc08a	False	extension
Llama-3.1-8B-Instruct	tulu	44	functional_hns_a10	metamath	62.547384382107666	1319	strict_accuracy	/dataset1/zailong/workspace/peft-sft-lab/reports/functional_hns_three_seed_20260914/eval/Llama-3.1-8B-Instruct/metamath/tulu__seed44__functional_hns_a10/metrics.json	c7a53ac0b07adfc0d13e116a98b224ce62d27956b30a760530935e384ac85edd	False	extension
Llama-3.1-8B-Instruct	tulu	44	functional_flat	metamath	62.85064442759667	1319	strict_accuracy	/dataset1/zailong/workspace/peft-sft-lab/reports/functional_hns_three_seed_20260914/eval/Llama-3.1-8B-Instruct/metamath/tulu__seed44__functional_flat/metrics.json	44048c9fe13a1a73b8a1d7883b171f51d5e852cdd210e48cae8ef26ad5264a6e	False	extension
Llama-3.1-8B-Instruct	magicoder	42	original_lora	metamath	56.40636846095527	1319	strict_accuracy	/dataset1/zailong/workspace/peft-sft-lab/reports/functional_hns_three_seed_20260914/eval/Llama-3.1-8B-Instruct/metamath/magicoder__seed42__original_lora/metrics.json	1dd480430fed0fc03ce5f3027d825e17d4182f97a8178a023def5de8a43736cd	False	extension
Llama-3.1-8B-Instruct	magicoder	42	hns_f4_s1	metamath	63.60879454131918	1319	strict_accuracy	/dataset1/zailong/workspace/peft-sft-lab/reports/functional_hns_three_seed_20260914/eval/Llama-3.1-8B-Instruct/metamath/magicoder__seed42__hns_f4_s1/metrics.json	fb0515daae0d920c9313c0c74b296d7bc768070f24260ae4e226d86d8ae3f84a	False	extension
Llama-3.1-8B-Instruct	magicoder	42	functional_hns_a05	metamath	61.94086429112965	1319	strict_accuracy	/dataset1/zailong/workspace/peft-sft-lab/reports/functional_hns_three_seed_20260914/eval/Llama-3.1-8B-Instruct/metamath/magicoder__seed42__functional_hns_a05/metrics.json	6c082b6153438d79695bb27a052fcb6015321e3f2f050c546261dbc2833ccb0f	False	extension
Llama-3.1-8B-Instruct	magicoder	42	functional_hns_a10	metamath	64.8218347232752	1319	strict_accuracy	/dataset1/zailong/workspace/peft-sft-lab/reports/functional_hns_three_seed_20260914/eval/Llama-3.1-8B-Instruct/metamath/magicoder__seed42__functional_hns_a10/metrics.json	696d61cafa2d5873d389a1f18f78c234de26fe7c19bb60ad7b52f25e8ff175b1	False	extension
Llama-3.1-8B-Instruct	magicoder	42	functional_flat	metamath	64.59438968915845	1319	strict_accuracy	/dataset1/zailong/workspace/peft-sft-lab/reports/functional_hns_three_seed_20260914/eval/Llama-3.1-8B-Instruct/metamath/magicoder__seed42__functional_flat/metrics.json	e8648f3e06476a4f9e67df16ec24c3d2489b299f920aa7d6aac48c1cef331c2b	False	extension
Llama-3.1-8B-Instruct	metamath	42	original_lora	metamath	77.10386656557998	1319	strict_accuracy	/dataset1/zailong/workspace/peft-sft-lab/reports/functional_hns_three_seed_20260914/eval/Llama-3.1-8B-Instruct/metamath/metamath__seed42__original_lora/metrics.json	1ff2b5c951e087fc5283dc4e1f79fa58ab9acf0a9cb3487bb59938618eb082f7	False	extension
Llama-3.1-8B-Instruct	metamath	42	hns_f4_s1	metamath	80.66717210007582	1319	strict_accuracy	/dataset1/zailong/workspace/peft-sft-lab/reports/functional_hns_three_seed_20260914/eval/Llama-3.1-8B-Instruct/metamath/metamath__seed42__hns_f4_s1/metrics.json	193341c93366d8589f396d16078058108eafaea797b56a5b207d2207ee7cb34d	False	extension
Llama-3.1-8B-Instruct	metamath	42	functional_hns_a05	metamath	81.34950720242608	1319	strict_accuracy	/dataset1/zailong/workspace/peft-sft-lab/reports/functional_hns_three_seed_20260914/eval/Llama-3.1-8B-Instruct/metamath/metamath__seed42__functional_hns_a05/metrics.json	3218527b9230ddddb399b4d3a598fb597c61dda931593f40941103cccbec300d	False	extension
Llama-3.1-8B-Instruct	metamath	42	functional_hns_a10	metamath	81.42532221379834	1319	strict_accuracy	/dataset1/zailong/workspace/peft-sft-lab/reports/functional_hns_three_seed_20260914/eval/Llama-3.1-8B-Instruct/metamath/metamath__seed42__functional_hns_a10/metrics.json	21903f493ec5f672bd18fb2e8c72b3f1837767b6a835960f9027465cbd5a6c77	False	extension
Llama-3.1-8B-Instruct	metamath	42	functional_flat	metamath	81.12206216830933	1319	strict_accuracy	/dataset1/zailong/workspace/peft-sft-lab/reports/functional_hns_three_seed_20260914/eval/Llama-3.1-8B-Instruct/metamath/metamath__seed42__functional_flat/metrics.json	c6162564f5d6805cf1c97e9895403ac462ec0c96647013b211ba8f6a03c264b5	False	extension
Llama-3.1-8B-Instruct	tulu	42	original_lora	metamath	56.785443517816525	1319	strict_accuracy	/dataset1/zailong/workspace/peft-sft-lab/reports/functional_hns_three_seed_20260914/eval/Llama-3.1-8B-Instruct/metamath/tulu__seed42__original_lora/metrics.json	ec3bd10dbd161d4d368e74d9a457cc4677efe4e14f7638dad26c6bf10ac2d935	False	extension
Llama-3.1-8B-Instruct	tulu	42	hns_f4_s1	metamath	66.03487490523123	1319	strict_accuracy	/dataset1/zailong/workspace/peft-sft-lab/reports/functional_hns_three_seed_20260914/eval/Llama-3.1-8B-Instruct/metamath/tulu__seed42__hns_f4_s1/metrics.json	9744967864cf5e9a05b8751fe14e02ef398dda31fd61161c03cd2d700718682b	False	extension
Llama-3.1-8B-Instruct	tulu	42	functional_hns_a05	metamath	65.27672479150873	1319	strict_accuracy	/dataset1/zailong/workspace/peft-sft-lab/reports/functional_hns_three_seed_20260914/eval/Llama-3.1-8B-Instruct/metamath/tulu__seed42__functional_hns_a05/metrics.json	58238c9d62102a84bf0219190d4449dca1ccae590e0c4788304f304dee3ec13f	False	extension
Llama-3.1-8B-Instruct	tulu	42	functional_hns_a10	metamath	63.98786959818044	1319	strict_accuracy	/dataset1/zailong/workspace/peft-sft-lab/reports/functional_hns_three_seed_20260914/eval/Llama-3.1-8B-Instruct/metamath/tulu__seed42__functional_hns_a10/metrics.json	7ef9ec668cda59cd27d83c9a829910c173637a740902e01369e59a80e244942f	False	extension
Llama-3.1-8B-Instruct	tulu	42	functional_flat	metamath	64.74601971190296	1319	strict_accuracy	/dataset1/zailong/workspace/peft-sft-lab/reports/functional_hns_three_seed_20260914/eval/Llama-3.1-8B-Instruct/metamath/tulu__seed42__functional_flat/metrics.json	3c58d3e59985fa1524dc4b6b3c7a7f262ccfaa4044f02663c78f756893bb16ef	False	extension
Llama-3.1-8B-Instruct	base		base	tulu	62.10720887245841	541	prompt_level_strict_accuracy	/dataset1/zailong/workspace/peft-sft-lab/reports/functional_hns_three_seed_20260914/eval/Llama-3.1-8B-Instruct/tulu/base/metrics.json	291f3eac5b1eb40b52d73bdf58e0758525a277fbf69ac56cd2e21cbffba92dc3	False	extension
Llama-3.1-8B-Instruct	magicoder	43	original_lora	tulu	48.059149722735675	541	prompt_level_strict_accuracy	/dataset1/zailong/workspace/peft-sft-lab/reports/functional_hns_three_seed_20260914/eval/Llama-3.1-8B-Instruct/tulu/magicoder__seed43__original_lora/metrics.json	d7f78c01e1b2e0867466380b821065c3ad3af11216aa7776c1147e91abdc01e4	False	extension
Llama-3.1-8B-Instruct	magicoder	43	hns_f4_s1	tulu	57.301293900184845	541	prompt_level_strict_accuracy	/dataset1/zailong/workspace/peft-sft-lab/reports/functional_hns_three_seed_20260914/eval/Llama-3.1-8B-Instruct/tulu/magicoder__seed43__hns_f4_s1/metrics.json	77ea400048617a5754824fa18171dd599dc9c0415e696217e92741c56f9998fb	False	extension
Llama-3.1-8B-Instruct	magicoder	43	functional_hns_a05	tulu	59.51940850277264	541	prompt_level_strict_accuracy	/dataset1/zailong/workspace/peft-sft-lab/reports/functional_hns_three_seed_20260914/eval/Llama-3.1-8B-Instruct/tulu/magicoder__seed43__functional_hns_a05/metrics.json	7b6da28d4583db3b4e3550f863cb4adbe7d088b44bd6bd27d72fd0a5214b0e90	False	extension
Llama-3.1-8B-Instruct	magicoder	43	functional_hns_a10	tulu	59.88909426987061	541	prompt_level_strict_accuracy	/dataset1/zailong/workspace/peft-sft-lab/reports/functional_hns_three_seed_20260914/eval/Llama-3.1-8B-Instruct/tulu/magicoder__seed43__functional_hns_a10/metrics.json	ebca142e8c64ab90a7286851654556966655726ec242322a2c813d3f0111319e	False	extension
Llama-3.1-8B-Instruct	magicoder	43	functional_flat	tulu	59.70425138632163	541	prompt_level_strict_accuracy	/dataset1/zailong/workspace/peft-sft-lab/reports/functional_hns_three_seed_20260914/eval/Llama-3.1-8B-Instruct/tulu/magicoder__seed43__functional_flat/metrics.json	63d807cd4510316570485d76ff146e329c27037260b3eb372d6a660cb22ce449	False	extension
Llama-3.1-8B-Instruct	metamath	43	original_lora	tulu	57.301293900184845	541	prompt_level_strict_accuracy	/dataset1/zailong/workspace/peft-sft-lab/reports/functional_hns_three_seed_20260914/eval/Llama-3.1-8B-Instruct/tulu/metamath__seed43__original_lora/metrics.json	a949a433164ceb0a3533d1946337296368c7a1f532c56b6432f5598040e4ca54	False	extension
Llama-3.1-8B-Instruct	metamath	43	hns_f4_s1	tulu	61.367837338262476	541	prompt_level_strict_accuracy	/dataset1/zailong/workspace/peft-sft-lab/reports/functional_hns_three_seed_20260914/eval/Llama-3.1-8B-Instruct/tulu/metamath__seed43__hns_f4_s1/metrics.json	8741b78f1784bc61653ba73f267993b7d39091fa12f1c7a90bd7387e0501c1e3	False	extension
Llama-3.1-8B-Instruct	metamath	43	functional_hns_a05	tulu	63.03142329020333	541	prompt_level_strict_accuracy	/dataset1/zailong/workspace/peft-sft-lab/reports/functional_hns_three_seed_20260914/eval/Llama-3.1-8B-Instruct/tulu/metamath__seed43__functional_hns_a05/metrics.json	c2bb4cb201493b6fa9356ad9e057cfc69cf978ba019c59f2322dc6fbb5c55885	False	extension
Llama-3.1-8B-Instruct	metamath	43	functional_hns_a10	tulu	61.182994454713494	541	prompt_level_strict_accuracy	/dataset1/zailong/workspace/peft-sft-lab/reports/functional_hns_three_seed_20260914/eval/Llama-3.1-8B-Instruct/tulu/metamath__seed43__functional_hns_a10/metrics.json	0c6f10254dc4a41117a3205732ff7a2a33d41d7952515e6dfa2e103508310983	False	extension
Llama-3.1-8B-Instruct	metamath	43	functional_flat	tulu	61.737523105360445	541	prompt_level_strict_accuracy	/dataset1/zailong/workspace/peft-sft-lab/reports/functional_hns_three_seed_20260914/eval/Llama-3.1-8B-Instruct/tulu/metamath__seed43__functional_flat/metrics.json	ee2b31c1b7a759ebc0797bb337529250b999b4e73390dfd17192bad466ac1fae	False	extension
Llama-3.1-8B-Instruct	tulu	43	original_lora	tulu	62.84658040665434	541	prompt_level_strict_accuracy	/dataset1/zailong/workspace/peft-sft-lab/reports/functional_hns_three_seed_20260914/eval/Llama-3.1-8B-Instruct/tulu/tulu__seed43__original_lora/metrics.json	cdf78b18e263334f0a59482e2bfcd28a1ed176ccdfe74dd7c1d1f062f3864b09	False	extension
Llama-3.1-8B-Instruct	tulu	43	hns_f4_s1	tulu	65.24953789279112	541	prompt_level_strict_accuracy	/dataset1/zailong/workspace/peft-sft-lab/reports/functional_hns_three_seed_20260914/eval/Llama-3.1-8B-Instruct/tulu/tulu__seed43__hns_f4_s1/metrics.json	b498ffbb03ca77368a1b478ca2f48f9ddf15ea3ac9fbcf023a05f3a3ec6d3757	False	extension
Llama-3.1-8B-Instruct	tulu	43	functional_hns_a05	tulu	63.58595194085028	541	prompt_level_strict_accuracy	/dataset1/zailong/workspace/peft-sft-lab/reports/functional_hns_three_seed_20260914/eval/Llama-3.1-8B-Instruct/tulu/tulu__seed43__functional_hns_a05/metrics.json	fbf750327705d1e338e3f7257d4543b737f4aa58abf364e2ee254bcf7a938174	False	extension
Llama-3.1-8B-Instruct	tulu	43	functional_hns_a10	tulu	63.95563770794824	541	prompt_level_strict_accuracy	/dataset1/zailong/workspace/peft-sft-lab/reports/functional_hns_three_seed_20260914/eval/Llama-3.1-8B-Instruct/tulu/tulu__seed43__functional_hns_a10/metrics.json	311da5c7b1b314d4d4e998526e6a359bc185bbc79f47002446216153d5ca0c9b	False	extension
Llama-3.1-8B-Instruct	tulu	43	functional_flat	tulu	64.51016635859519	541	prompt_level_strict_accuracy	/dataset1/zailong/workspace/peft-sft-lab/reports/functional_hns_three_seed_20260914/eval/Llama-3.1-8B-Instruct/tulu/tulu__seed43__functional_flat/metrics.json	5bbc5f037294767142d571cf2a4367aa15d7e2cc161a8eb45a9d666216c13666	False	extension
Llama-3.1-8B-Instruct	magicoder	44	original_lora	tulu	50.27726432532348	541	prompt_level_strict_accuracy	/dataset1/zailong/workspace/peft-sft-lab/reports/functional_hns_three_seed_20260914/eval/Llama-3.1-8B-Instruct/tulu/magicoder__seed44__original_lora/metrics.json	91e3b2398e8fe1ebffd449826e155dcc326ab97e08ed85bc513acce97e84f2cc	False	extension
Llama-3.1-8B-Instruct	magicoder	44	hns_f4_s1	tulu	58.04066543438078	541	prompt_level_strict_accuracy	/dataset1/zailong/workspace/peft-sft-lab/reports/functional_hns_three_seed_20260914/eval/Llama-3.1-8B-Instruct/tulu/magicoder__seed44__hns_f4_s1/metrics.json	848742033d39d4696f00360e3a3a76d6d648c731df86b2af4ec3cbcb467e382e	False	extension
Llama-3.1-8B-Instruct	magicoder	44	functional_hns_a05	tulu	59.51940850277264	541	prompt_level_strict_accuracy	/dataset1/zailong/workspace/peft-sft-lab/reports/functional_hns_three_seed_20260914/eval/Llama-3.1-8B-Instruct/tulu/magicoder__seed44__functional_hns_a05/metrics.json	4e8a6471111282f38c74d03c9bf582405432e7fb6d906b1472163b4e63a3836b	False	extension
Llama-3.1-8B-Instruct	magicoder	44	functional_hns_a10	tulu	59.33456561922365	541	prompt_level_strict_accuracy	/dataset1/zailong/workspace/peft-sft-lab/reports/functional_hns_three_seed_20260914/eval/Llama-3.1-8B-Instruct/tulu/magicoder__seed44__functional_hns_a10/metrics.json	cd67089127082dbc52e70e1740282097f832ad91e00ea34fb7df4f5030bd19c0	False	extension
Llama-3.1-8B-Instruct	magicoder	44	functional_flat	tulu	59.70425138632163	541	prompt_level_strict_accuracy	/dataset1/zailong/workspace/peft-sft-lab/reports/functional_hns_three_seed_20260914/eval/Llama-3.1-8B-Instruct/tulu/magicoder__seed44__functional_flat/metrics.json	21b9f5241127cc83d1be9aef0c1c85df3872cb25f383fd9bb54cf4ba33fe727b	False	extension
Llama-3.1-8B-Instruct	metamath	44	original_lora	tulu	59.33456561922365	541	prompt_level_strict_accuracy	/dataset1/zailong/workspace/peft-sft-lab/reports/functional_hns_three_seed_20260914/eval/Llama-3.1-8B-Instruct/tulu/metamath__seed44__original_lora/metrics.json	e60f252afcfacce9d153dac32f11eac68ee4c91d190d5befb55adca5ec3487ca	False	extension
Llama-3.1-8B-Instruct	metamath	44	hns_f4_s1	tulu	61.92236598890942	541	prompt_level_strict_accuracy	/dataset1/zailong/workspace/peft-sft-lab/reports/functional_hns_three_seed_20260914/eval/Llama-3.1-8B-Instruct/tulu/metamath__seed44__hns_f4_s1/metrics.json	5807c56ff116e497b88bf33d3f029e91c2bdccc73a1c684761c1e397a949122c	False	extension
Llama-3.1-8B-Instruct	metamath	44	functional_hns_a05	tulu	61.92236598890942	541	prompt_level_strict_accuracy	/dataset1/zailong/workspace/peft-sft-lab/reports/functional_hns_three_seed_20260914/eval/Llama-3.1-8B-Instruct/tulu/metamath__seed44__functional_hns_a05/metrics.json	4de173f869b45d5117608fa641fff6c9a64eb5201ca8841072af53d0ab38cee7	False	extension
Llama-3.1-8B-Instruct	metamath	44	functional_hns_a10	tulu	61.552680221811464	541	prompt_level_strict_accuracy	/dataset1/zailong/workspace/peft-sft-lab/reports/functional_hns_three_seed_20260914/eval/Llama-3.1-8B-Instruct/tulu/metamath__seed44__functional_hns_a10/metrics.json	c3f0cbd047ffc18f0c8e9ef5d39059996be141a07308d6a95aa345bc55e811c5	False	extension
Llama-3.1-8B-Instruct	metamath	44	functional_flat	tulu	60.998151571164506	541	prompt_level_strict_accuracy	/dataset1/zailong/workspace/peft-sft-lab/reports/functional_hns_three_seed_20260914/eval/Llama-3.1-8B-Instruct/tulu/metamath__seed44__functional_flat/metrics.json	8251da7a9f495e60283c3f5ce56cf6ccf415a4c5b2324cafb5a4d8de3e7b810c	False	extension
Llama-3.1-8B-Instruct	tulu	44	original_lora	tulu	62.10720887245841	541	prompt_level_strict_accuracy	/dataset1/zailong/workspace/peft-sft-lab/reports/functional_hns_three_seed_20260914/eval/Llama-3.1-8B-Instruct/tulu/tulu__seed44__original_lora/metrics.json	2298f9eaaca2610b4f5a38bd6312051c3d720a547f757c076adad7e67d06cce0	False	extension
Llama-3.1-8B-Instruct	tulu	44	hns_f4_s1	tulu	64.87985212569316	541	prompt_level_strict_accuracy	/dataset1/zailong/workspace/peft-sft-lab/reports/functional_hns_three_seed_20260914/eval/Llama-3.1-8B-Instruct/tulu/tulu__seed44__hns_f4_s1/metrics.json	356cbd8f2d55b7f3a22f6c7255aaf8e4aef4004e3d4712d9cfe4d161418df482	False	extension
Llama-3.1-8B-Instruct	tulu	44	functional_hns_a05	tulu	64.69500924214418	541	prompt_level_strict_accuracy	/dataset1/zailong/workspace/peft-sft-lab/reports/functional_hns_three_seed_20260914/eval/Llama-3.1-8B-Instruct/tulu/tulu__seed44__functional_hns_a05/metrics.json	6e50292c7cfc2aa1b0f64d7eacba4e0bf6c00eb9008a105d0acdaf06e88bd41a	False	extension
Llama-3.1-8B-Instruct	tulu	44	functional_hns_a10	tulu	65.06469500924214	541	prompt_level_strict_accuracy	/dataset1/zailong/workspace/peft-sft-lab/reports/functional_hns_three_seed_20260914/eval/Llama-3.1-8B-Instruct/tulu/tulu__seed44__functional_hns_a10/metrics.json	b88c7a0b02f0b6ec9c5abbbc639d152621ec4269d994e683f3e502ce16d5c949	False	extension
Llama-3.1-8B-Instruct	tulu	44	functional_flat	tulu	63.4011090573013	541	prompt_level_strict_accuracy	/dataset1/zailong/workspace/peft-sft-lab/reports/functional_hns_three_seed_20260914/eval/Llama-3.1-8B-Instruct/tulu/tulu__seed44__functional_flat/metrics.json	1918a1d09fbce42a506212bde98ca92d8c9d64361d6b6c42eaa5cc1e989c09da	False	extension
Llama-3.1-8B-Instruct	magicoder	42	original_lora	tulu	55.45286506469501	541	prompt_level_strict_accuracy	/dataset1/zailong/workspace/peft-sft-lab/reports/functional_hns_three_seed_20260914/eval/Llama-3.1-8B-Instruct/tulu/magicoder__seed42__original_lora/metrics.json	5588882cb41767c709830b7bbf1e9f4b63a0476720c4ea7ecf1d6ca42da21c6f	False	extension
Llama-3.1-8B-Instruct	magicoder	42	hns_f4_s1	tulu	60.44362292051756	541	prompt_level_strict_accuracy	/dataset1/zailong/workspace/peft-sft-lab/reports/functional_hns_three_seed_20260914/eval/Llama-3.1-8B-Instruct/tulu/magicoder__seed42__hns_f4_s1/metrics.json	118bf1d5c5223e4abbdb6f1b8abd626cae34dccb0f1ce33bc3bfd2c18b52fa7a	False	extension
Llama-3.1-8B-Instruct	magicoder	42	functional_hns_a05	tulu	60.258780036968574	541	prompt_level_strict_accuracy	/dataset1/zailong/workspace/peft-sft-lab/reports/functional_hns_three_seed_20260914/eval/Llama-3.1-8B-Instruct/tulu/magicoder__seed42__functional_hns_a05/metrics.json	9d3ddd9089707e164c7c0bdbfb1681ac0d6f35f264a8b916f3dd9cce72003301	False	extension
Llama-3.1-8B-Instruct	magicoder	42	functional_hns_a10	tulu	60.0739371534196	541	prompt_level_strict_accuracy	/dataset1/zailong/workspace/peft-sft-lab/reports/functional_hns_three_seed_20260914/eval/Llama-3.1-8B-Instruct/tulu/magicoder__seed42__functional_hns_a10/metrics.json	64b3eeef931047a46acae529504479fe865ea135ba789e23c1d97083842b2a74	False	extension
Llama-3.1-8B-Instruct	magicoder	42	functional_flat	tulu	59.51940850277264	541	prompt_level_strict_accuracy	/dataset1/zailong/workspace/peft-sft-lab/reports/functional_hns_three_seed_20260914/eval/Llama-3.1-8B-Instruct/tulu/magicoder__seed42__functional_flat/metrics.json	e4a168ea10b87cf3e38b5761ba767f7d31970911eb582d5f463e14d265fc4e45	False	extension
Llama-3.1-8B-Instruct	metamath	42	original_lora	tulu	54.34380776340111	541	prompt_level_strict_accuracy	/dataset1/zailong/workspace/peft-sft-lab/reports/functional_hns_three_seed_20260914/eval/Llama-3.1-8B-Instruct/tulu/metamath__seed42__original_lora/metrics.json	ed21e49a4dd7aa85495b53796fc9de310a1acdbc7a5274802c727fc5cec4438e	False	extension
Llama-3.1-8B-Instruct	metamath	42	hns_f4_s1	tulu	58.78003696857671	541	prompt_level_strict_accuracy	/dataset1/zailong/workspace/peft-sft-lab/reports/functional_hns_three_seed_20260914/eval/Llama-3.1-8B-Instruct/tulu/metamath__seed42__hns_f4_s1/metrics.json	634d28e0ce9f5fa708394661726b6bd660263138f06a47866eb05d270ca97e97	False	extension
Llama-3.1-8B-Instruct	metamath	42	functional_hns_a05	tulu	59.88909426987061	541	prompt_level_strict_accuracy	/dataset1/zailong/workspace/peft-sft-lab/reports/functional_hns_three_seed_20260914/eval/Llama-3.1-8B-Instruct/tulu/metamath__seed42__functional_hns_a05/metrics.json	c49f5050765a338063c91dd0f9a65b13b068bedc1fd77a28dd66f85981f0e5f6	False	extension
Llama-3.1-8B-Instruct	metamath	42	functional_hns_a10	tulu	59.33456561922365	541	prompt_level_strict_accuracy	/dataset1/zailong/workspace/peft-sft-lab/reports/functional_hns_three_seed_20260914/eval/Llama-3.1-8B-Instruct/tulu/metamath__seed42__functional_hns_a10/metrics.json	47477fb23298940e2691826a725186442e08d17047f4a864ca089188499ce2d2	False	extension
Llama-3.1-8B-Instruct	metamath	42	functional_flat	tulu	57.85582255083179	541	prompt_level_strict_accuracy	/dataset1/zailong/workspace/peft-sft-lab/reports/functional_hns_three_seed_20260914/eval/Llama-3.1-8B-Instruct/tulu/metamath__seed42__functional_flat/metrics.json	0f8dc10289193eacc2cb9a1fa4b1d7869fda04455795946e68158b5608f451a7	False	extension
Llama-3.1-8B-Instruct	tulu	42	original_lora	tulu	63.21626617375231	541	prompt_level_strict_accuracy	/dataset1/zailong/workspace/peft-sft-lab/reports/functional_hns_three_seed_20260914/eval/Llama-3.1-8B-Instruct/tulu/tulu__seed42__original_lora/metrics.json	080a8d8cf4e1a29240bbdc2c8b52836f44f28c070fb04e0bc5418b70da4475ad	False	extension
Llama-3.1-8B-Instruct	tulu	42	hns_f4_s1	tulu	64.87985212569316	541	prompt_level_strict_accuracy	/dataset1/zailong/workspace/peft-sft-lab/reports/functional_hns_three_seed_20260914/eval/Llama-3.1-8B-Instruct/tulu/tulu__seed42__hns_f4_s1/metrics.json	8c2d1be4f0b20c3743bcd9e6f3a7b7c312320a034b805bc0c2cd61781d1cc9e2	False	extension
Llama-3.1-8B-Instruct	tulu	42	functional_hns_a05	tulu	65.98890942698706	541	prompt_level_strict_accuracy	/dataset1/zailong/workspace/peft-sft-lab/reports/functional_hns_three_seed_20260914/eval/Llama-3.1-8B-Instruct/tulu/tulu__seed42__functional_hns_a05/metrics.json	56feef743ff3ef6d6d47883b75bfdd9236628b0bda74cb3d447fcb2e1e7bd5b8	False	extension
Llama-3.1-8B-Instruct	tulu	42	functional_hns_a10	tulu	64.87985212569316	541	prompt_level_strict_accuracy	/dataset1/zailong/workspace/peft-sft-lab/reports/functional_hns_three_seed_20260914/eval/Llama-3.1-8B-Instruct/tulu/tulu__seed42__functional_hns_a10/metrics.json	4a7055096ced0ab552d0a8751b1e4224651643a7765a81048b02ab992cfa560e	False	extension
Llama-3.1-8B-Instruct	tulu	42	functional_flat	tulu	65.24953789279112	541	prompt_level_strict_accuracy	/dataset1/zailong/workspace/peft-sft-lab/reports/functional_hns_three_seed_20260914/eval/Llama-3.1-8B-Instruct/tulu/tulu__seed42__functional_flat/metrics.json	cdd2c8e0b658768ce77d29bc1b5be29497dc9d5e061b2c97c983a3eb44936d74	False	extension
Llama-3.1-8B-Instruct	base		base	commonsense	71.3917020346049	22419	macro_accuracy	/dataset1/zailong/workspace/peft-sft-lab/reports/functional_hns_three_seed_20260914/eval/Llama-3.1-8B-Instruct/commonsense/base/metrics.json	128ac9c4b484e452790662a60f55686831f013b8cf0bab78d2c923654ccc2dba	False	extension
Llama-3.1-8B-Instruct	magicoder	43	original_lora	commonsense	71.00868972615606	22419	macro_accuracy	/dataset1/zailong/workspace/peft-sft-lab/reports/functional_hns_three_seed_20260914/eval/Llama-3.1-8B-Instruct/commonsense/magicoder__seed43__original_lora/metrics.json	c0f2f752b0ef813426894c043f0c2a0a236efebc360f867de2bf0250c2bf59c5	False	extension
Llama-3.1-8B-Instruct	magicoder	43	hns_f4_s1	commonsense	72.17000293023685	22419	macro_accuracy	/dataset1/zailong/workspace/peft-sft-lab/reports/functional_hns_three_seed_20260914/eval/Llama-3.1-8B-Instruct/commonsense/magicoder__seed43__hns_f4_s1/metrics.json	4c3d33f2bcf3a39273d76b44cad6ecbe9e0f61e78ff39dbd33bb8292d741e28f	False	extension
Llama-3.1-8B-Instruct	magicoder	43	functional_hns_a05	commonsense	72.02747914111161	22419	macro_accuracy	/dataset1/zailong/workspace/peft-sft-lab/reports/functional_hns_three_seed_20260914/eval/Llama-3.1-8B-Instruct/commonsense/magicoder__seed43__functional_hns_a05/metrics.json	b5f8a906442acc0b7790b645101c369a861c3c3261cd8475dfc31839ddeb20ab	False	extension
Llama-3.1-8B-Instruct	magicoder	43	functional_hns_a10	commonsense	71.7482275136797	22419	macro_accuracy	/dataset1/zailong/workspace/peft-sft-lab/reports/functional_hns_three_seed_20260914/eval/Llama-3.1-8B-Instruct/commonsense/magicoder__seed43__functional_hns_a10/metrics.json	7eef3677ae2ebb0613ba0cb733f096294490d662375cfab5262d4d53b0384215	False	extension
Llama-3.1-8B-Instruct	magicoder	43	functional_flat	commonsense	71.59856818691918	22419	macro_accuracy	/dataset1/zailong/workspace/peft-sft-lab/reports/functional_hns_three_seed_20260914/eval/Llama-3.1-8B-Instruct/commonsense/magicoder__seed43__functional_flat/metrics.json	89b304236a38ab0dd7b308d41b65fa675761198599c32c0ce8e0e941d28d0b06	False	extension
Llama-3.1-8B-Instruct	metamath	43	original_lora	commonsense	63.77376191024572	22419	macro_accuracy	/dataset1/zailong/workspace/peft-sft-lab/reports/functional_hns_three_seed_20260914/eval/Llama-3.1-8B-Instruct/commonsense/metamath__seed43__original_lora/metrics.json	9f99137ba1868e41e50ecefefca4e2d1575846f613e35bb5adf0599b1df21fd9	False	extension
Llama-3.1-8B-Instruct	metamath	43	hns_f4_s1	commonsense	71.85118758170628	22419	macro_accuracy	/dataset1/zailong/workspace/peft-sft-lab/reports/functional_hns_three_seed_20260914/eval/Llama-3.1-8B-Instruct/commonsense/metamath__seed43__hns_f4_s1/metrics.json	e8f31f0018ea91a821d840fae81e704acde0898e8d307541d8a98f8dbff09d56	False	extension
Llama-3.1-8B-Instruct	metamath	43	functional_hns_a05	commonsense	72.90331264483282	22419	macro_accuracy	/dataset1/zailong/workspace/peft-sft-lab/reports/functional_hns_three_seed_20260914/eval/Llama-3.1-8B-Instruct/commonsense/metamath__seed43__functional_hns_a05/metrics.json	5c92e94f7a9005bde1ee52723855fea2f6c269a3fe790075e006c7da756976f6	False	extension
Llama-3.1-8B-Instruct	metamath	43	functional_hns_a10	commonsense	72.91758287503936	22419	macro_accuracy	/dataset1/zailong/workspace/peft-sft-lab/reports/functional_hns_three_seed_20260914/eval/Llama-3.1-8B-Instruct/commonsense/metamath__seed43__functional_hns_a10/metrics.json	745b8cb9361408f8d82360c6cb2bce14b73f36ea772d059b359b19f183ea2d4c	False	extension
Llama-3.1-8B-Instruct	metamath	43	functional_flat	commonsense	72.85211372721004	22419	macro_accuracy	/dataset1/zailong/workspace/peft-sft-lab/reports/functional_hns_three_seed_20260914/eval/Llama-3.1-8B-Instruct/commonsense/metamath__seed43__functional_flat/metrics.json	2c683a2a0d703ed75ff8712c60e18ab1b4ee840ac49680613abc0806cf557cfc	False	extension
Llama-3.1-8B-Instruct	tulu	43	original_lora	commonsense	73.77639264331081	22419	macro_accuracy	/dataset1/zailong/workspace/peft-sft-lab/reports/functional_hns_three_seed_20260914/eval/Llama-3.1-8B-Instruct/commonsense/tulu__seed43__original_lora/metrics.json	c157ae4dac45d8161506982fcc8a086b9b2603617c604c5c45810e31150474de	False	extension
Llama-3.1-8B-Instruct	tulu	43	hns_f4_s1	commonsense	72.39501806149278	22419	macro_accuracy	/dataset1/zailong/workspace/peft-sft-lab/reports/functional_hns_three_seed_20260914/eval/Llama-3.1-8B-Instruct/commonsense/tulu__seed43__hns_f4_s1/metrics.json	c61090c06435f57d7a32416325faecad24bae4a016d8255f36c782f34b5add8e	False	extension
Llama-3.1-8B-Instruct	tulu	43	functional_hns_a05	commonsense	71.7733930900011	22419	macro_accuracy	/dataset1/zailong/workspace/peft-sft-lab/reports/functional_hns_three_seed_20260914/eval/Llama-3.1-8B-Instruct/commonsense/tulu__seed43__functional_hns_a05/metrics.json	fdfc969251703544e9a9040bacdf87469d12e13046fb4875605e9d4c96ee3d52	False	extension
Llama-3.1-8B-Instruct	tulu	43	functional_hns_a10	commonsense	71.3252013669252	22419	macro_accuracy	/dataset1/zailong/workspace/peft-sft-lab/reports/functional_hns_three_seed_20260914/eval/Llama-3.1-8B-Instruct/commonsense/tulu__seed43__functional_hns_a10/metrics.json	3a08e844a22b396592a01079e5b68a47eb898ece419ba0739d14c4d68af87858	False	extension
Llama-3.1-8B-Instruct	tulu	43	functional_flat	commonsense	71.30546866509697	22419	macro_accuracy	/dataset1/zailong/workspace/peft-sft-lab/reports/functional_hns_three_seed_20260914/eval/Llama-3.1-8B-Instruct/commonsense/tulu__seed43__functional_flat/metrics.json	3a121a555cd26c601ba16ff0c0e6b231e6cb4101d4a33853b75a9e7fa3ba7e04	False	extension
Llama-3.1-8B-Instruct	magicoder	44	original_lora	commonsense	71.2165234496967	22419	macro_accuracy	/dataset1/zailong/workspace/peft-sft-lab/reports/functional_hns_three_seed_20260914/eval/Llama-3.1-8B-Instruct/commonsense/magicoder__seed44__original_lora/metrics.json	417ed87ef83f20f73ac531536746c9fd1957f9b22795b836926e01b12d6f405a	False	extension
Llama-3.1-8B-Instruct	magicoder	44	hns_f4_s1	commonsense	71.9614516023422	22419	macro_accuracy	/dataset1/zailong/workspace/peft-sft-lab/reports/functional_hns_three_seed_20260914/eval/Llama-3.1-8B-Instruct/commonsense/magicoder__seed44__hns_f4_s1/metrics.json	e01d91c806a6c6d974266788a8b3e171325c4eb0cf07ff1b503ae90fee8d0578	False	extension
Llama-3.1-8B-Instruct	magicoder	44	functional_hns_a05	commonsense	72.03708886126911	22419	macro_accuracy	/dataset1/zailong/workspace/peft-sft-lab/reports/functional_hns_three_seed_20260914/eval/Llama-3.1-8B-Instruct/commonsense/magicoder__seed44__functional_hns_a05/metrics.json	dae9e528b000f4a09155d7b48ff3a143d31ef40f44f021ab822575b92fa239b5	False	extension
Llama-3.1-8B-Instruct	magicoder	44	functional_hns_a10	commonsense	71.97395961199062	22419	macro_accuracy	/dataset1/zailong/workspace/peft-sft-lab/reports/functional_hns_three_seed_20260914/eval/Llama-3.1-8B-Instruct/commonsense/magicoder__seed44__functional_hns_a10/metrics.json	4f8b5f878be508aa1939499fb47a113a48a139dbfb1babad0a704a4e867a588e	False	extension
Llama-3.1-8B-Instruct	magicoder	44	functional_flat	commonsense	71.98944758208219	22419	macro_accuracy	/dataset1/zailong/workspace/peft-sft-lab/reports/functional_hns_three_seed_20260914/eval/Llama-3.1-8B-Instruct/commonsense/magicoder__seed44__functional_flat/metrics.json	786fdf9cb9ffd0779be9e84deda2b03628899a79e142e570b8a95e50ad685155	False	extension
Llama-3.1-8B-Instruct	metamath	44	original_lora	commonsense	64.11415579316244	22419	macro_accuracy	/dataset1/zailong/workspace/peft-sft-lab/reports/functional_hns_three_seed_20260914/eval/Llama-3.1-8B-Instruct/commonsense/metamath__seed44__original_lora/metrics.json	05313b06b78bbc8e454b58b7b127077761303aeade84a8e70f83f80345347c7f	False	extension
Llama-3.1-8B-Instruct	metamath	44	hns_f4_s1	commonsense	71.91343661293956	22419	macro_accuracy	/dataset1/zailong/workspace/peft-sft-lab/reports/functional_hns_three_seed_20260914/eval/Llama-3.1-8B-Instruct/commonsense/metamath__seed44__hns_f4_s1/metrics.json	0e02725ff638b4fb013fde6e30d71901d979d378c9dbc1a609c68c4f7ce18ab1	False	extension
Llama-3.1-8B-Instruct	metamath	44	functional_hns_a05	commonsense	72.67291202303153	22419	macro_accuracy	/dataset1/zailong/workspace/peft-sft-lab/reports/functional_hns_three_seed_20260914/eval/Llama-3.1-8B-Instruct/commonsense/metamath__seed44__functional_hns_a05/metrics.json	c6e57f57d9131df7e0cff7982dff2d02220cc207bfcd3257d5efe7b0dcec55b2	False	extension
Llama-3.1-8B-Instruct	metamath	44	functional_hns_a10	commonsense	72.74620193720732	22419	macro_accuracy	/dataset1/zailong/workspace/peft-sft-lab/reports/functional_hns_three_seed_20260914/eval/Llama-3.1-8B-Instruct/commonsense/metamath__seed44__functional_hns_a10/metrics.json	8ef3500deec83538b54308cce34dd2beaf19f8413c56a2a3c8323550171f8921	False	extension
Llama-3.1-8B-Instruct	metamath	44	functional_flat	commonsense	72.71611024241858	22419	macro_accuracy	/dataset1/zailong/workspace/peft-sft-lab/reports/functional_hns_three_seed_20260914/eval/Llama-3.1-8B-Instruct/commonsense/metamath__seed44__functional_flat/metrics.json	041ca3f97089368fa4cb6fee1e4b6b3bc45349e3814313f3a982bf2501763a17	False	extension
Llama-3.1-8B-Instruct	tulu	44	original_lora	commonsense	73.70140145924779	22419	macro_accuracy	/dataset1/zailong/workspace/peft-sft-lab/reports/functional_hns_three_seed_20260914/eval/Llama-3.1-8B-Instruct/commonsense/tulu__seed44__original_lora/metrics.json	d3b0f0bb2efde4eed5bdce4fa6a072b1c96ffe3abd8ab80dfb912ae0d4a55d7e	False	extension
Llama-3.1-8B-Instruct	tulu	44	hns_f4_s1	commonsense	71.7563346699031	22419	macro_accuracy	/dataset1/zailong/workspace/peft-sft-lab/reports/functional_hns_three_seed_20260914/eval/Llama-3.1-8B-Instruct/commonsense/tulu__seed44__hns_f4_s1/metrics.json	cea83ca357e25328505b4e169924ddd21ed1497cecc8fb34b4825921136a1fb5	False	extension
Llama-3.1-8B-Instruct	tulu	44	functional_hns_a05	commonsense	71.19916299723074	22419	macro_accuracy	/dataset1/zailong/workspace/peft-sft-lab/reports/functional_hns_three_seed_20260914/eval/Llama-3.1-8B-Instruct/commonsense/tulu__seed44__functional_hns_a05/metrics.json	3b3dc2bb3c6d0e142fcccbf538d8fd15c74779828c9fabb266fa07346c541ef9	False	extension
Llama-3.1-8B-Instruct	tulu	44	functional_hns_a10	commonsense	70.97494325052563	22419	macro_accuracy	/dataset1/zailong/workspace/peft-sft-lab/reports/functional_hns_three_seed_20260914/eval/Llama-3.1-8B-Instruct/commonsense/tulu__seed44__functional_hns_a10/metrics.json	7b8fc63e370e4685348b9e1bc30a7ff8406a84dd5cc1ed1006f50ad276de5c13	False	extension
Llama-3.1-8B-Instruct	tulu	44	functional_flat	commonsense	70.95428085406624	22419	macro_accuracy	/dataset1/zailong/workspace/peft-sft-lab/reports/functional_hns_three_seed_20260914/eval/Llama-3.1-8B-Instruct/commonsense/tulu__seed44__functional_flat/metrics.json	4b88d8976dad70c3ec81a69991cbb2e53c4cb302b778e897e6c9e836e68a05d1	False	extension
Llama-3.1-8B-Instruct	magicoder	42	original_lora	commonsense	69.10028349871595	22419	macro_accuracy	/dataset1/zailong/workspace/peft-sft-lab/reports/functional_hns_three_seed_20260914/eval/Llama-3.1-8B-Instruct/commonsense/magicoder__seed42__original_lora/metrics.json	dcfed3aaa1d3c6ea60cb34d1bb0c2fed109b3c19c35cd330dcb2f568c6765ff4	False	extension
Llama-3.1-8B-Instruct	magicoder	42	hns_f4_s1	commonsense	70.32626654200732	22419	macro_accuracy	/dataset1/zailong/workspace/peft-sft-lab/reports/functional_hns_three_seed_20260914/eval/Llama-3.1-8B-Instruct/commonsense/magicoder__seed42__hns_f4_s1/metrics.json	7ab555c49b041b99c2a193dd2c8a2e347ba39b1cfac450114bc5434bb6a761ec	False	extension
Llama-3.1-8B-Instruct	magicoder	42	functional_hns_a05	commonsense	70.63568304232153	22419	macro_accuracy	/dataset1/zailong/workspace/peft-sft-lab/reports/functional_hns_three_seed_20260914/eval/Llama-3.1-8B-Instruct/commonsense/magicoder__seed42__functional_hns_a05/metrics.json	0e78cbce713dd081ab13e06addc2e169aa3a21268b62a3e70949b69b58625949	False	extension
Llama-3.1-8B-Instruct	magicoder	42	functional_hns_a10	commonsense	70.79574506514017	22419	macro_accuracy	/dataset1/zailong/workspace/peft-sft-lab/reports/functional_hns_three_seed_20260914/eval/Llama-3.1-8B-Instruct/commonsense/magicoder__seed42__functional_hns_a10/metrics.json	29e76acd8b27879735a3aab42f872cdd09279c0fdaa751e20ef3229319e2b4f9	False	extension
Llama-3.1-8B-Instruct	magicoder	42	functional_flat	commonsense	70.6749510537421	22419	macro_accuracy	/dataset1/zailong/workspace/peft-sft-lab/reports/functional_hns_three_seed_20260914/eval/Llama-3.1-8B-Instruct/commonsense/magicoder__seed42__functional_flat/metrics.json	8f46c2e69af308d4047d28dd1185d546a6d3b9f35b4db309382ce8479a3fd7e9	False	extension
Llama-3.1-8B-Instruct	metamath	42	original_lora	commonsense	65.03916506071839	22419	macro_accuracy	/dataset1/zailong/workspace/peft-sft-lab/reports/functional_hns_three_seed_20260914/eval/Llama-3.1-8B-Instruct/commonsense/metamath__seed42__original_lora/metrics.json	0905418086571b3bd6d627acc964411697c42874768c5680740f5ea5b5f1d93c	False	extension
Llama-3.1-8B-Instruct	metamath	42	hns_f4_s1	commonsense	69.64851425192025	22419	macro_accuracy	/dataset1/zailong/workspace/peft-sft-lab/reports/functional_hns_three_seed_20260914/eval/Llama-3.1-8B-Instruct/commonsense/metamath__seed42__hns_f4_s1/metrics.json	57ee53ef6067021b0f3c8caca95e07413ec70a2133b0081ffacc299187da32d0	False	extension
Llama-3.1-8B-Instruct	metamath	42	functional_hns_a05	commonsense	69.67472265424884	22419	macro_accuracy	/dataset1/zailong/workspace/peft-sft-lab/reports/functional_hns_three_seed_20260914/eval/Llama-3.1-8B-Instruct/commonsense/metamath__seed42__functional_hns_a05/metrics.json	20f097e36185f6635d772f84925054c88a6a680f33e69d4a99d3157b311cf78a	False	extension
Llama-3.1-8B-Instruct	metamath	42	functional_hns_a10	commonsense	69.76241184769867	22419	macro_accuracy	/dataset1/zailong/workspace/peft-sft-lab/reports/functional_hns_three_seed_20260914/eval/Llama-3.1-8B-Instruct/commonsense/metamath__seed42__functional_hns_a10/metrics.json	4340c640967a3134370acc03b9ead2a8ec2742ff737b011725bddf0c40781fc7	False	extension
Llama-3.1-8B-Instruct	metamath	42	functional_flat	commonsense	69.91200565343844	22419	macro_accuracy	/dataset1/zailong/workspace/peft-sft-lab/reports/functional_hns_three_seed_20260914/eval/Llama-3.1-8B-Instruct/commonsense/metamath__seed42__functional_flat/metrics.json	a04d76fc49fcbf5b6877b0828f30580e60f7bad96807bfded515d6fc8e456f4b	False	extension
Llama-3.1-8B-Instruct	tulu	42	original_lora	commonsense	71.27823483564126	22419	macro_accuracy	/dataset1/zailong/workspace/peft-sft-lab/reports/functional_hns_three_seed_20260914/eval/Llama-3.1-8B-Instruct/commonsense/tulu__seed42__original_lora/metrics.json	b43cb0c5d6674964c5a236efc0d681c2f558b4552dcfb66bc758cde622244697	False	extension
Llama-3.1-8B-Instruct	tulu	42	hns_f4_s1	commonsense	70.40657795092362	22419	macro_accuracy	/dataset1/zailong/workspace/peft-sft-lab/reports/functional_hns_three_seed_20260914/eval/Llama-3.1-8B-Instruct/commonsense/tulu__seed42__hns_f4_s1/metrics.json	436810190a382cdcef1851c775e9e03bbc2d4d5ca727f1726fe67334fd3fbab2	False	extension
Llama-3.1-8B-Instruct	tulu	42	functional_hns_a05	commonsense	70.2462436624136	22419	macro_accuracy	/dataset1/zailong/workspace/peft-sft-lab/reports/functional_hns_three_seed_20260914/eval/Llama-3.1-8B-Instruct/commonsense/tulu__seed42__functional_hns_a05/metrics.json	f56c386d18ff3b0ff88a6be395fb6ac0c0dcc09eeeea3e110b627a54d7253576	False	extension
Llama-3.1-8B-Instruct	tulu	42	functional_hns_a10	commonsense	70.37895960030787	22419	macro_accuracy	/dataset1/zailong/workspace/peft-sft-lab/reports/functional_hns_three_seed_20260914/eval/Llama-3.1-8B-Instruct/commonsense/tulu__seed42__functional_hns_a10/metrics.json	8681e882b625c33af2b65689317984b5807870c1e04005255b3d29e60032da66	False	extension
Llama-3.1-8B-Instruct	tulu	42	functional_flat	commonsense	70.35732350930049	22419	macro_accuracy	/dataset1/zailong/workspace/peft-sft-lab/reports/functional_hns_three_seed_20260914/eval/Llama-3.1-8B-Instruct/commonsense/tulu__seed42__functional_flat/metrics.json	64c64bee0710543d62ba4f347db14de4f7820d3a1017851aa5abc7fb52e31dcd	False	extension
