cohort	checkpoint	feature	outcome	spearman	n_arms
A_all_versions	Llama-3.1-8B-Instruct/magicoder/seed42	log_energy_ratio	target_gain	-0.3461538461538462	7
A_all_versions	Llama-3.1-8B-Instruct/magicoder/seed43	log_energy_ratio	target_gain	0.7359800721939873	7
A_all_versions	Llama-3.1-8B-Instruct/magicoder/seed44	log_energy_ratio	target_gain	-0.2453266907313291	7
A_all_versions	Llama-3.1-8B-Instruct/metamath/seed42	log_energy_ratio	target_gain	-0.8524367141602663	7
A_all_versions	Llama-3.1-8B-Instruct/metamath/seed43	log_energy_ratio	target_gain	-0.9636241116594316	7
A_all_versions	Llama-3.1-8B-Instruct/metamath/seed44	log_energy_ratio	target_gain	-0.9636241116594316	7
A_all_versions	Llama-3.1-8B-Instruct/tulu/seed42	log_energy_ratio	target_gain	-0.4113766756037212	7
A_all_versions	Llama-3.1-8B-Instruct/tulu/seed43	log_energy_ratio	target_gain	-0.5384615384615384	7
A_all_versions	Llama-3.1-8B-Instruct/tulu/seed44	log_energy_ratio	target_gain	-0.3739787960033829	7
A_all_versions	Qwen3-8B/magicoder/seed42	log_energy_ratio	target_gain	0.18698939800169145	7
A_all_versions	Qwen3-8B/magicoder/seed43	log_energy_ratio	target_gain	0.1682904582015223	7
A_all_versions	Qwen3-8B/magicoder/seed44	log_energy_ratio	target_gain	0.14824986333222026	7
A_all_versions	Qwen3-8B/metamath/seed42	log_energy_ratio	target_gain	-0.261785157202368	7
A_all_versions	Qwen3-8B/metamath/seed43	log_energy_ratio	target_gain	-0.4300756154038903	7
A_all_versions	Qwen3-8B/metamath/seed44	log_energy_ratio	target_gain	-0.8040544114072732	7
A_all_versions	Qwen3-8B/tulu/seed42	log_energy_ratio	target_gain	-0.8894991799933215	7
A_all_versions	Qwen3-8B/tulu/seed43	log_energy_ratio	target_gain	-0.2991830368027063	7
A_all_versions	Qwen3-8B/tulu/seed44	log_energy_ratio	target_gain	-0.8414522910076115	7
A_all_versions	Llama-3.1-8B-Instruct/magicoder/seed42	raw_fpr	target_gain	0.1682904582015223	7
A_all_versions	Llama-3.1-8B-Instruct/magicoder/seed43	raw_fpr	target_gain	-0.8532469179729296	7
A_all_versions	Llama-3.1-8B-Instruct/magicoder/seed44	raw_fpr	target_gain	-0.0642228862990377	7
A_all_versions	Llama-3.1-8B-Instruct/metamath/seed42	raw_fpr	target_gain	0.8468812149338255	7
A_all_versions	Llama-3.1-8B-Instruct/metamath/seed43	raw_fpr	target_gain	0.8108437164260032	7
A_all_versions	Llama-3.1-8B-Instruct/metamath/seed44	raw_fpr	target_gain	0.9549937104572925	7
A_all_versions	Llama-3.1-8B-Instruct/tulu/seed42	raw_fpr	target_gain	0.2181818181818182	7
A_all_versions	Llama-3.1-8B-Instruct/tulu/seed43	raw_fpr	target_gain	0.6731618328060892	7
A_all_versions	Llama-3.1-8B-Instruct/tulu/seed44	raw_fpr	target_gain	0.23636363636363636	7
A_all_versions	Qwen3-8B/magicoder/seed42	raw_fpr	target_gain	-0.33636363636363636	7
A_all_versions	Qwen3-8B/magicoder/seed43	raw_fpr	target_gain	-0.34545454545454546	7
A_all_versions	Qwen3-8B/magicoder/seed44	raw_fpr	target_gain	-0.3243374865704013	7
A_all_versions	Qwen3-8B/metamath/seed42	raw_fpr	target_gain	0.34545454545454546	7
A_all_versions	Qwen3-8B/metamath/seed43	raw_fpr	target_gain	0.509090909090909	7
A_all_versions	Qwen3-8B/metamath/seed44	raw_fpr	target_gain	0.8	7
A_all_versions	Qwen3-8B/tulu/seed42	raw_fpr	target_gain	0.7207499701564473	7
A_all_versions	Qwen3-8B/tulu/seed43	raw_fpr	target_gain	0.3181818181818182	7
A_all_versions	Qwen3-8B/tulu/seed44	raw_fpr	target_gain	0.6909090909090909	7
A_all_versions	Llama-3.1-8B-Instruct/magicoder/seed42	full_moment_pr	target_gain	0.1682904582015223	7
A_all_versions	Llama-3.1-8B-Instruct/magicoder/seed43	full_moment_pr	target_gain	-0.8532469179729296	7
A_all_versions	Llama-3.1-8B-Instruct/magicoder/seed44	full_moment_pr	target_gain	-0.0642228862990377	7
A_all_versions	Llama-3.1-8B-Instruct/metamath/seed42	full_moment_pr	target_gain	0.8468812149338255	7
A_all_versions	Llama-3.1-8B-Instruct/metamath/seed43	full_moment_pr	target_gain	0.8468812149338255	7
A_all_versions	Llama-3.1-8B-Instruct/metamath/seed44	full_moment_pr	target_gain	0.9910312089651149	7
A_all_versions	Llama-3.1-8B-Instruct/tulu/seed42	full_moment_pr	target_gain	0.2181818181818182	7
A_all_versions	Llama-3.1-8B-Instruct/tulu/seed43	full_moment_pr	target_gain	0.635763953205751	7
A_all_versions	Llama-3.1-8B-Instruct/tulu/seed44	full_moment_pr	target_gain	0.4	7
A_all_versions	Qwen3-8B/magicoder/seed42	full_moment_pr	target_gain	-0.33636363636363636	7
A_all_versions	Qwen3-8B/magicoder/seed43	full_moment_pr	target_gain	-0.34545454545454546	7
A_all_versions	Qwen3-8B/magicoder/seed44	full_moment_pr	target_gain	-0.2882999880625789	7
A_all_versions	Qwen3-8B/metamath/seed42	full_moment_pr	target_gain	0.34545454545454546	7
A_all_versions	Qwen3-8B/metamath/seed43	full_moment_pr	target_gain	0.41818181818181815	7
A_all_versions	Qwen3-8B/metamath/seed44	full_moment_pr	target_gain	0.7454545454545455	7
A_all_versions	Qwen3-8B/tulu/seed42	full_moment_pr	target_gain	0.7207499701564473	7
A_all_versions	Qwen3-8B/tulu/seed43	full_moment_pr	target_gain	0.44545454545454544	7
A_all_versions	Qwen3-8B/tulu/seed44	full_moment_pr	target_gain	0.6909090909090909	7
A_all_versions	Llama-3.1-8B-Instruct/magicoder/seed42	log_energy_ratio	off_gain	-0.555936987495826	7
A_all_versions	Llama-3.1-8B-Instruct/magicoder/seed43	log_energy_ratio	off_gain	-0.07412493166611013	7
A_all_versions	Llama-3.1-8B-Instruct/magicoder/seed44	log_energy_ratio	off_gain	0.14824986333222026	7
A_all_versions	Llama-3.1-8B-Instruct/metamath/seed42	log_energy_ratio	off_gain	-0.22237479499833038	7
A_all_versions	Llama-3.1-8B-Instruct/metamath/seed43	log_energy_ratio	off_gain	-0.4076871241636057	7
A_all_versions	Llama-3.1-8B-Instruct/metamath/seed44	log_energy_ratio	off_gain	-0.4076871241636057	7
A_all_versions	Llama-3.1-8B-Instruct/tulu/seed42	log_energy_ratio	off_gain	0.18531232916527532	7
A_all_versions	Llama-3.1-8B-Instruct/tulu/seed43	log_energy_ratio	off_gain	0.7041868508280462	7
A_all_versions	Llama-3.1-8B-Instruct/tulu/seed44	log_energy_ratio	off_gain	0.592999453328881	7
A_all_versions	Qwen3-8B/magicoder/seed42	log_energy_ratio	off_gain	0.18531232916527532	7
A_all_versions	Qwen3-8B/magicoder/seed43	log_energy_ratio	off_gain	0.14824986333222026	7
A_all_versions	Qwen3-8B/magicoder/seed44	log_energy_ratio	off_gain	0.07412493166611013	7
A_all_versions	Qwen3-8B/metamath/seed42	log_energy_ratio	off_gain	-0.9265616458263766	7
A_all_versions	Qwen3-8B/metamath/seed43	log_energy_ratio	off_gain	-0.9265616458263766	7
A_all_versions	Qwen3-8B/metamath/seed44	log_energy_ratio	off_gain	-0.7041868508280462	7
A_all_versions	Qwen3-8B/tulu/seed42	log_energy_ratio	off_gain	0.4818120558297158	7
A_all_versions	Qwen3-8B/tulu/seed43	log_energy_ratio	off_gain	0.8524367141602663	7
A_all_versions	Qwen3-8B/tulu/seed44	log_energy_ratio	off_gain	0.7041868508280462	7
A_all_versions	Llama-3.1-8B-Instruct/magicoder/seed42	raw_fpr	off_gain	0.3783937343321348	7
A_all_versions	Llama-3.1-8B-Instruct/magicoder/seed43	raw_fpr	off_gain	-0.09009374626955591	7
A_all_versions	Llama-3.1-8B-Instruct/magicoder/seed44	raw_fpr	off_gain	-0.2882999880625789	7
A_all_versions	Llama-3.1-8B-Instruct/metamath/seed42	raw_fpr	off_gain	0.3783937343321348	7
A_all_versions	Llama-3.1-8B-Instruct/metamath/seed43	raw_fpr	off_gain	0.30631873731649006	7
A_all_versions	Llama-3.1-8B-Instruct/metamath/seed44	raw_fpr	off_gain	0.10811249552346709	7
A_all_versions	Llama-3.1-8B-Instruct/tulu/seed42	raw_fpr	off_gain	-0.2882999880625789	7
A_all_versions	Llama-3.1-8B-Instruct/tulu/seed43	raw_fpr	off_gain	-0.5585812268712466	7
A_all_versions	Llama-3.1-8B-Instruct/tulu/seed44	raw_fpr	off_gain	-0.6486749731408026	7
A_all_versions	Qwen3-8B/magicoder/seed42	raw_fpr	off_gain	-0.36037498507822363	7
A_all_versions	Qwen3-8B/magicoder/seed43	raw_fpr	off_gain	-0.14414999403128945	7
A_all_versions	Qwen3-8B/magicoder/seed44	raw_fpr	off_gain	-0.25226248955475655	7
A_all_versions	Qwen3-8B/metamath/seed42	raw_fpr	off_gain	0.9549937104572925	7
A_all_versions	Qwen3-8B/metamath/seed43	raw_fpr	off_gain	0.9549937104572925	7
A_all_versions	Qwen3-8B/metamath/seed44	raw_fpr	off_gain	0.7387687194103585	7
A_all_versions	Qwen3-8B/tulu/seed42	raw_fpr	off_gain	-0.21622499104693418	7
A_all_versions	Qwen3-8B/tulu/seed43	raw_fpr	off_gain	-0.9189562119494703	7
A_all_versions	Qwen3-8B/tulu/seed44	raw_fpr	off_gain	-0.5405624776173354	7
A_all_versions	Llama-3.1-8B-Instruct/magicoder/seed42	full_moment_pr	off_gain	0.3783937343321348	7
A_all_versions	Llama-3.1-8B-Instruct/magicoder/seed43	full_moment_pr	off_gain	-0.09009374626955591	7
A_all_versions	Llama-3.1-8B-Instruct/magicoder/seed44	full_moment_pr	off_gain	-0.2882999880625789	7
A_all_versions	Llama-3.1-8B-Instruct/metamath/seed42	full_moment_pr	off_gain	0.3783937343321348	7
A_all_versions	Llama-3.1-8B-Instruct/metamath/seed43	full_moment_pr	off_gain	0.23424374030084535	7
A_all_versions	Llama-3.1-8B-Instruct/metamath/seed44	full_moment_pr	off_gain	0.18018749253911182	7
A_all_versions	Llama-3.1-8B-Instruct/tulu/seed42	full_moment_pr	off_gain	-0.2882999880625789	7
A_all_versions	Llama-3.1-8B-Instruct/tulu/seed43	full_moment_pr	off_gain	-0.594618725379069	7
A_all_versions	Llama-3.1-8B-Instruct/tulu/seed44	full_moment_pr	off_gain	-0.6847124716486249	7
A_all_versions	Qwen3-8B/magicoder/seed42	full_moment_pr	off_gain	-0.36037498507822363	7
A_all_versions	Qwen3-8B/magicoder/seed43	full_moment_pr	off_gain	-0.14414999403128945	7
A_all_versions	Qwen3-8B/magicoder/seed44	full_moment_pr	off_gain	-0.21622499104693418	7
A_all_versions	Qwen3-8B/metamath/seed42	full_moment_pr	off_gain	0.9549937104572925	7
A_all_versions	Qwen3-8B/metamath/seed43	full_moment_pr	off_gain	0.9910312089651149	7
A_all_versions	Qwen3-8B/metamath/seed44	full_moment_pr	off_gain	0.6666937223947137	7
A_all_versions	Qwen3-8B/tulu/seed42	full_moment_pr	off_gain	-0.21622499104693418	7
A_all_versions	Qwen3-8B/tulu/seed43	full_moment_pr	off_gain	-0.8468812149338255	7
A_all_versions	Qwen3-8B/tulu/seed44	full_moment_pr	off_gain	-0.5405624776173354	7
A_all_versions	Llama-3.1-8B-Instruct/magicoder/seed42	log_energy_ratio	fg_reduction	-0.2594372608313854	7
A_all_versions	Llama-3.1-8B-Instruct/magicoder/seed43	log_energy_ratio	fg_reduction	-0.9265616458263766	7
A_all_versions	Llama-3.1-8B-Instruct/magicoder/seed44	log_energy_ratio	fg_reduction	-0.9349469900084572	7
A_all_versions	Llama-3.1-8B-Instruct/metamath/seed42	log_energy_ratio	fg_reduction	-0.6671243849949912	7
A_all_versions	Llama-3.1-8B-Instruct/metamath/seed43	log_energy_ratio	fg_reduction	-0.5188745216627708	7
A_all_versions	Llama-3.1-8B-Instruct/metamath/seed44	log_energy_ratio	fg_reduction	-0.5609681940050744	7
A_all_versions	Llama-3.1-8B-Instruct/tulu/seed42	log_energy_ratio	fg_reduction	-0.2964997266644405	7
A_all_versions	Llama-3.1-8B-Instruct/tulu/seed43	log_energy_ratio	fg_reduction	0.7858252779857413	7
A_all_versions	Llama-3.1-8B-Instruct/tulu/seed44	log_energy_ratio	fg_reduction	0.15384615384615385	7
A_all_versions	Qwen3-8B/magicoder/seed42	log_energy_ratio	fg_reduction	-0.6354889093022426	7
A_all_versions	Qwen3-8B/magicoder/seed43	log_energy_ratio	fg_reduction	-0.6354889093022426	7
A_all_versions	Qwen3-8B/magicoder/seed44	log_energy_ratio	fg_reduction	-0.6354889093022426	7
A_all_versions	Qwen3-8B/metamath/seed42	log_energy_ratio	fg_reduction	-0.6933752452815364	7
A_all_versions	Qwen3-8B/metamath/seed43	log_energy_ratio	fg_reduction	-0.6354889093022426	7
A_all_versions	Qwen3-8B/metamath/seed44	log_energy_ratio	fg_reduction	-0.6933752452815364	7
A_all_versions	Qwen3-8B/tulu/seed42	log_energy_ratio	fg_reduction		7
A_all_versions	Qwen3-8B/tulu/seed43	log_energy_ratio	fg_reduction		7
A_all_versions	Qwen3-8B/tulu/seed44	log_energy_ratio	fg_reduction		7
A_all_versions	Llama-3.1-8B-Instruct/magicoder/seed42	raw_fpr	fg_reduction	0.12613124477737828	7
A_all_versions	Llama-3.1-8B-Instruct/magicoder/seed43	raw_fpr	fg_reduction	0.8288624656799143	7
A_all_versions	Llama-3.1-8B-Instruct/magicoder/seed44	raw_fpr	fg_reduction	0.8	7
A_all_versions	Llama-3.1-8B-Instruct/metamath/seed42	raw_fpr	fg_reduction	0.7387687194103585	7
A_all_versions	Llama-3.1-8B-Instruct/metamath/seed43	raw_fpr	fg_reduction	0.702731220902536	7
A_all_versions	Llama-3.1-8B-Instruct/metamath/seed44	raw_fpr	fg_reduction	0.6545454545454545	7
A_all_versions	Llama-3.1-8B-Instruct/tulu/seed42	raw_fpr	fg_reduction	0.3783937343321348	7
A_all_versions	Llama-3.1-8B-Instruct/tulu/seed43	raw_fpr	fg_reduction	-0.8090398349558906	7
A_all_versions	Llama-3.1-8B-Instruct/tulu/seed44	raw_fpr	fg_reduction	-0.2804840970025372	7
A_all_versions	Qwen3-8B/magicoder/seed42	raw_fpr	fg_reduction	0.5149286505444371	7
A_all_versions	Qwen3-8B/magicoder/seed43	raw_fpr	fg_reduction	0.5149286505444371	7
A_all_versions	Qwen3-8B/magicoder/seed44	raw_fpr	fg_reduction	0.5149286505444371	7
A_all_versions	Qwen3-8B/metamath/seed42	raw_fpr	fg_reduction	0.7865665062071158	7
A_all_versions	Qwen3-8B/metamath/seed43	raw_fpr	fg_reduction	0.5149286505444371	7
A_all_versions	Qwen3-8B/metamath/seed44	raw_fpr	fg_reduction	0.7865665062071158	7
A_all_versions	Qwen3-8B/tulu/seed42	raw_fpr	fg_reduction		7
A_all_versions	Qwen3-8B/tulu/seed43	raw_fpr	fg_reduction		7
A_all_versions	Qwen3-8B/tulu/seed44	raw_fpr	fg_reduction		7
A_all_versions	Llama-3.1-8B-Instruct/magicoder/seed42	full_moment_pr	fg_reduction	0.12613124477737828	7
A_all_versions	Llama-3.1-8B-Instruct/magicoder/seed43	full_moment_pr	fg_reduction	0.8288624656799143	7
A_all_versions	Llama-3.1-8B-Instruct/magicoder/seed44	full_moment_pr	fg_reduction	0.8	7
A_all_versions	Llama-3.1-8B-Instruct/metamath/seed42	full_moment_pr	fg_reduction	0.7387687194103585	7
A_all_versions	Llama-3.1-8B-Instruct/metamath/seed43	full_moment_pr	fg_reduction	0.594618725379069	7
A_all_versions	Llama-3.1-8B-Instruct/metamath/seed44	full_moment_pr	fg_reduction	0.6909090909090909	7
A_all_versions	Llama-3.1-8B-Instruct/tulu/seed42	full_moment_pr	fg_reduction	0.3783937343321348	7
A_all_versions	Llama-3.1-8B-Instruct/tulu/seed43	full_moment_pr	fg_reduction	-0.764093177458341	7
A_all_versions	Llama-3.1-8B-Instruct/tulu/seed44	full_moment_pr	fg_reduction	-0.24308621740219888	7
A_all_versions	Qwen3-8B/magicoder/seed42	full_moment_pr	fg_reduction	0.5149286505444371	7
A_all_versions	Qwen3-8B/magicoder/seed43	full_moment_pr	fg_reduction	0.5149286505444371	7
A_all_versions	Qwen3-8B/magicoder/seed44	full_moment_pr	fg_reduction	0.5149286505444371	7
A_all_versions	Qwen3-8B/metamath/seed42	full_moment_pr	fg_reduction	0.7865665062071158	7
A_all_versions	Qwen3-8B/metamath/seed43	full_moment_pr	fg_reduction	0.5149286505444371	7
A_all_versions	Qwen3-8B/metamath/seed44	full_moment_pr	fg_reduction	0.7865665062071158	7
A_all_versions	Qwen3-8B/tulu/seed42	full_moment_pr	fg_reduction		7
A_all_versions	Qwen3-8B/tulu/seed43	full_moment_pr	fg_reduction		7
A_all_versions	Qwen3-8B/tulu/seed44	full_moment_pr	fg_reduction		7
A_all_versions	Llama-3.1-8B-Instruct/magicoder/seed42	log_energy_ratio	gain_magicoder	-0.3461538461538462	7
A_all_versions	Llama-3.1-8B-Instruct/magicoder/seed43	log_energy_ratio	gain_magicoder	0.7359800721939873	7
A_all_versions	Llama-3.1-8B-Instruct/magicoder/seed44	log_energy_ratio	gain_magicoder	-0.2453266907313291	7
A_all_versions	Llama-3.1-8B-Instruct/metamath/seed42	log_energy_ratio	gain_magicoder	-0.18531232916527532	7
A_all_versions	Llama-3.1-8B-Instruct/metamath/seed43	log_energy_ratio	gain_magicoder	0.6923076923076924	7
A_all_versions	Llama-3.1-8B-Instruct/metamath/seed44	log_energy_ratio	gain_magicoder	0.43403952975542837	7
A_all_versions	Llama-3.1-8B-Instruct/tulu/seed42	log_energy_ratio	gain_magicoder	0.8894991799933215	7
A_all_versions	Llama-3.1-8B-Instruct/tulu/seed43	log_energy_ratio	gain_magicoder	0.8680790595108567	7
A_all_versions	Llama-3.1-8B-Instruct/tulu/seed44	log_energy_ratio	gain_magicoder	0.6990620736425556	7
A_all_versions	Qwen3-8B/magicoder/seed42	log_energy_ratio	gain_magicoder	0.18698939800169145	7
A_all_versions	Qwen3-8B/magicoder/seed43	log_energy_ratio	gain_magicoder	0.1682904582015223	7
A_all_versions	Qwen3-8B/magicoder/seed44	log_energy_ratio	gain_magicoder	0.14824986333222026	7
A_all_versions	Qwen3-8B/metamath/seed42	log_energy_ratio	gain_magicoder	-0.897549110408119	7
A_all_versions	Qwen3-8B/metamath/seed43	log_energy_ratio	gain_magicoder	-0.9349469900084572	7
A_all_versions	Qwen3-8B/metamath/seed44	log_energy_ratio	gain_magicoder	-0.6544628930059201	7
A_all_versions	Qwen3-8B/tulu/seed42	log_energy_ratio	gain_magicoder	0.4861724348043977	7
A_all_versions	Qwen3-8B/tulu/seed43	log_energy_ratio	gain_magicoder	0.7378988555115865	7
A_all_versions	Qwen3-8B/tulu/seed44	log_energy_ratio	gain_magicoder	0.7479575920067658	7
A_all_versions	Llama-3.1-8B-Instruct/magicoder/seed42	raw_fpr	gain_magicoder	0.1682904582015223	7
A_all_versions	Llama-3.1-8B-Instruct/magicoder/seed43	raw_fpr	gain_magicoder	-0.8532469179729296	7
A_all_versions	Llama-3.1-8B-Instruct/magicoder/seed44	raw_fpr	gain_magicoder	-0.0642228862990377	7
A_all_versions	Llama-3.1-8B-Instruct/metamath/seed42	raw_fpr	gain_magicoder	0.34235623582431246	7
A_all_versions	Llama-3.1-8B-Instruct/metamath/seed43	raw_fpr	gain_magicoder	-0.7479575920067658	7
A_all_versions	Llama-3.1-8B-Instruct/metamath/seed44	raw_fpr	gain_magicoder	-0.6422288629903771	7
A_all_versions	Llama-3.1-8B-Instruct/tulu/seed42	raw_fpr	gain_magicoder	-0.7567874686642696	7
A_all_versions	Llama-3.1-8B-Instruct/tulu/seed43	raw_fpr	gain_magicoder	-0.7064517492894148	7
A_all_versions	Llama-3.1-8B-Instruct/tulu/seed44	raw_fpr	gain_magicoder	-0.6702887344438079	7
A_all_versions	Qwen3-8B/magicoder/seed42	raw_fpr	gain_magicoder	-0.33636363636363636	7
A_all_versions	Qwen3-8B/magicoder/seed43	raw_fpr	gain_magicoder	-0.34545454545454546	7
A_all_versions	Qwen3-8B/magicoder/seed44	raw_fpr	gain_magicoder	-0.3243374865704013	7
A_all_versions	Qwen3-8B/metamath/seed42	raw_fpr	gain_magicoder	0.9272727272727274	7
A_all_versions	Qwen3-8B/metamath/seed43	raw_fpr	gain_magicoder	0.9454545454545454	7
A_all_versions	Qwen3-8B/metamath/seed44	raw_fpr	gain_magicoder	0.7636363636363637	7
A_all_versions	Qwen3-8B/tulu/seed42	raw_fpr	gain_magicoder	-0.23636363636363636	7
A_all_versions	Qwen3-8B/tulu/seed43	raw_fpr	gain_magicoder	-0.8496617760555312	7
A_all_versions	Qwen3-8B/tulu/seed44	raw_fpr	gain_magicoder	-0.5636363636363636	7
A_all_versions	Llama-3.1-8B-Instruct/magicoder/seed42	full_moment_pr	gain_magicoder	0.1682904582015223	7
A_all_versions	Llama-3.1-8B-Instruct/magicoder/seed43	full_moment_pr	gain_magicoder	-0.8532469179729296	7
A_all_versions	Llama-3.1-8B-Instruct/magicoder/seed44	full_moment_pr	gain_magicoder	-0.0642228862990377	7
A_all_versions	Llama-3.1-8B-Instruct/metamath/seed42	full_moment_pr	gain_magicoder	0.34235623582431246	7
A_all_versions	Llama-3.1-8B-Instruct/metamath/seed43	full_moment_pr	gain_magicoder	-0.7853554716071041	7
A_all_versions	Llama-3.1-8B-Instruct/metamath/seed44	full_moment_pr	gain_magicoder	-0.5688312786486197	7
A_all_versions	Llama-3.1-8B-Instruct/tulu/seed42	full_moment_pr	gain_magicoder	-0.7567874686642696	7
A_all_versions	Llama-3.1-8B-Instruct/tulu/seed43	full_moment_pr	gain_magicoder	-0.7614999375457328	7
A_all_versions	Llama-3.1-8B-Instruct/tulu/seed44	full_moment_pr	gain_magicoder	-0.745814225648744	7
A_all_versions	Qwen3-8B/magicoder/seed42	full_moment_pr	gain_magicoder	-0.33636363636363636	7
A_all_versions	Qwen3-8B/magicoder/seed43	full_moment_pr	gain_magicoder	-0.34545454545454546	7
A_all_versions	Qwen3-8B/magicoder/seed44	full_moment_pr	gain_magicoder	-0.2882999880625789	7
A_all_versions	Qwen3-8B/metamath/seed42	full_moment_pr	gain_magicoder	0.9272727272727274	7
A_all_versions	Qwen3-8B/metamath/seed43	full_moment_pr	gain_magicoder	0.9818181818181818	7
A_all_versions	Qwen3-8B/metamath/seed44	full_moment_pr	gain_magicoder	0.6727272727272727	7
A_all_versions	Qwen3-8B/tulu/seed42	full_moment_pr	gain_magicoder	-0.23636363636363636	7
A_all_versions	Qwen3-8B/tulu/seed43	full_moment_pr	gain_magicoder	-0.755254912049361	7
A_all_versions	Qwen3-8B/tulu/seed44	full_moment_pr	gain_magicoder	-0.5636363636363636	7
A_all_versions	Llama-3.1-8B-Instruct/magicoder/seed42	log_energy_ratio	gain_metamath	-0.555936987495826	7
A_all_versions	Llama-3.1-8B-Instruct/magicoder/seed43	log_energy_ratio	gain_metamath	0.14824986333222026	7
A_all_versions	Llama-3.1-8B-Instruct/magicoder/seed44	log_energy_ratio	gain_metamath	0.14824986333222026	7
A_all_versions	Llama-3.1-8B-Instruct/metamath/seed42	log_energy_ratio	gain_metamath	-0.8524367141602663	7
A_all_versions	Llama-3.1-8B-Instruct/metamath/seed43	log_energy_ratio	gain_metamath	-0.9636241116594316	7
A_all_versions	Llama-3.1-8B-Instruct/metamath/seed44	log_energy_ratio	gain_metamath	-0.9636241116594316	7
A_all_versions	Llama-3.1-8B-Instruct/tulu/seed42	log_energy_ratio	gain_metamath	0.18531232916527532	7
A_all_versions	Llama-3.1-8B-Instruct/tulu/seed43	log_energy_ratio	gain_metamath	-0.8524367141602663	7
A_all_versions	Llama-3.1-8B-Instruct/tulu/seed44	log_energy_ratio	gain_metamath	0.1682904582015223	7
A_all_versions	Qwen3-8B/magicoder/seed42	log_energy_ratio	gain_metamath	0.18531232916527532	7
A_all_versions	Qwen3-8B/magicoder/seed43	log_energy_ratio	gain_metamath	0.14959151840135315	7
A_all_versions	Qwen3-8B/magicoder/seed44	log_energy_ratio	gain_metamath	0.18531232916527532	7
A_all_versions	Qwen3-8B/metamath/seed42	log_energy_ratio	gain_metamath	-0.261785157202368	7
A_all_versions	Qwen3-8B/metamath/seed43	log_energy_ratio	gain_metamath	-0.4300756154038903	7
A_all_versions	Qwen3-8B/metamath/seed44	log_energy_ratio	gain_metamath	-0.8040544114072732	7
A_all_versions	Qwen3-8B/tulu/seed42	log_energy_ratio	gain_metamath	-0.018698939800169144	7
A_all_versions	Qwen3-8B/tulu/seed43	log_energy_ratio	gain_metamath	0.592999453328881	7
A_all_versions	Qwen3-8B/tulu/seed44	log_energy_ratio	gain_metamath	-0.4674734950042286	7
A_all_versions	Llama-3.1-8B-Instruct/magicoder/seed42	raw_fpr	gain_metamath	0.3783937343321348	7
A_all_versions	Llama-3.1-8B-Instruct/magicoder/seed43	raw_fpr	gain_metamath	-0.2882999880625789	7
A_all_versions	Llama-3.1-8B-Instruct/magicoder/seed44	raw_fpr	gain_metamath	-0.2882999880625789	7
A_all_versions	Llama-3.1-8B-Instruct/metamath/seed42	raw_fpr	gain_metamath	0.8468812149338255	7
A_all_versions	Llama-3.1-8B-Instruct/metamath/seed43	raw_fpr	gain_metamath	0.8108437164260032	7
A_all_versions	Llama-3.1-8B-Instruct/metamath/seed44	raw_fpr	gain_metamath	0.9549937104572925	7
A_all_versions	Llama-3.1-8B-Instruct/tulu/seed42	raw_fpr	gain_metamath	-0.3243374865704013	7
A_all_versions	Llama-3.1-8B-Instruct/tulu/seed43	raw_fpr	gain_metamath	0.9549937104572925	7
A_all_versions	Llama-3.1-8B-Instruct/tulu/seed44	raw_fpr	gain_metamath	-0.2545454545454545	7
A_all_versions	Qwen3-8B/magicoder/seed42	raw_fpr	gain_metamath	-0.36037498507822363	7
A_all_versions	Qwen3-8B/magicoder/seed43	raw_fpr	gain_metamath	-0.24545454545454545	7
A_all_versions	Qwen3-8B/magicoder/seed44	raw_fpr	gain_metamath	-0.18018749253911182	7
A_all_versions	Qwen3-8B/metamath/seed42	raw_fpr	gain_metamath	0.34545454545454546	7
A_all_versions	Qwen3-8B/metamath/seed43	raw_fpr	gain_metamath	0.509090909090909	7
A_all_versions	Qwen3-8B/metamath/seed44	raw_fpr	gain_metamath	0.8	7
A_all_versions	Qwen3-8B/tulu/seed42	raw_fpr	gain_metamath	0.11818181818181818	7
A_all_versions	Qwen3-8B/tulu/seed43	raw_fpr	gain_metamath	-0.41443123283995714	7
A_all_versions	Qwen3-8B/tulu/seed44	raw_fpr	gain_metamath	0.16363636363636364	7
A_all_versions	Llama-3.1-8B-Instruct/magicoder/seed42	full_moment_pr	gain_metamath	0.3783937343321348	7
A_all_versions	Llama-3.1-8B-Instruct/magicoder/seed43	full_moment_pr	gain_metamath	-0.2882999880625789	7
A_all_versions	Llama-3.1-8B-Instruct/magicoder/seed44	full_moment_pr	gain_metamath	-0.2882999880625789	7
A_all_versions	Llama-3.1-8B-Instruct/metamath/seed42	full_moment_pr	gain_metamath	0.8468812149338255	7
A_all_versions	Llama-3.1-8B-Instruct/metamath/seed43	full_moment_pr	gain_metamath	0.8468812149338255	7
A_all_versions	Llama-3.1-8B-Instruct/metamath/seed44	full_moment_pr	gain_metamath	0.9910312089651149	7
A_all_versions	Llama-3.1-8B-Instruct/tulu/seed42	full_moment_pr	gain_metamath	-0.3243374865704013	7
A_all_versions	Llama-3.1-8B-Instruct/tulu/seed43	full_moment_pr	gain_metamath	0.9189562119494703	7
A_all_versions	Llama-3.1-8B-Instruct/tulu/seed44	full_moment_pr	gain_metamath	-0.3090909090909091	7
A_all_versions	Qwen3-8B/magicoder/seed42	full_moment_pr	gain_metamath	-0.36037498507822363	7
A_all_versions	Qwen3-8B/magicoder/seed43	full_moment_pr	gain_metamath	-0.24545454545454545	7
A_all_versions	Qwen3-8B/magicoder/seed44	full_moment_pr	gain_metamath	-0.21622499104693418	7
A_all_versions	Qwen3-8B/metamath/seed42	full_moment_pr	gain_metamath	0.34545454545454546	7
A_all_versions	Qwen3-8B/metamath/seed43	full_moment_pr	gain_metamath	0.41818181818181815	7
A_all_versions	Qwen3-8B/metamath/seed44	full_moment_pr	gain_metamath	0.7454545454545455	7
A_all_versions	Qwen3-8B/tulu/seed42	full_moment_pr	gain_metamath	0.11818181818181818	7
A_all_versions	Qwen3-8B/tulu/seed43	full_moment_pr	gain_metamath	-0.3783937343321348	7
A_all_versions	Qwen3-8B/tulu/seed44	full_moment_pr	gain_metamath	0.16363636363636364	7
A_all_versions	Llama-3.1-8B-Instruct/magicoder/seed42	log_energy_ratio	gain_tulu	-0.03739787960033829	7
A_all_versions	Llama-3.1-8B-Instruct/magicoder/seed43	log_energy_ratio	gain_tulu	-0.9265616458263766	7
A_all_versions	Llama-3.1-8B-Instruct/magicoder/seed44	log_energy_ratio	gain_tulu	-0.9349469900084572	7
A_all_versions	Llama-3.1-8B-Instruct/metamath/seed42	log_energy_ratio	gain_tulu	-0.6671243849949912	7
A_all_versions	Llama-3.1-8B-Instruct/metamath/seed43	log_energy_ratio	gain_tulu	-0.6671243849949912	7
A_all_versions	Llama-3.1-8B-Instruct/metamath/seed44	log_energy_ratio	gain_tulu	-0.5609681940050744	7
A_all_versions	Llama-3.1-8B-Instruct/tulu/seed42	log_energy_ratio	gain_tulu	-0.4113766756037212	7
A_all_versions	Llama-3.1-8B-Instruct/tulu/seed43	log_energy_ratio	gain_tulu	-0.5384615384615384	7
A_all_versions	Llama-3.1-8B-Instruct/tulu/seed44	log_energy_ratio	gain_tulu	-0.3739787960033829	7
A_all_versions	Qwen3-8B/magicoder/seed42	log_energy_ratio	gain_tulu	0.03739787960033829	7
A_all_versions	Qwen3-8B/magicoder/seed43	log_energy_ratio	gain_tulu	-0.38461538461538464	7
A_all_versions	Qwen3-8B/magicoder/seed44	log_energy_ratio	gain_tulu	-0.2991830368027063	7
A_all_versions	Qwen3-8B/metamath/seed42	log_energy_ratio	gain_tulu	-0.7783117824941563	7
A_all_versions	Qwen3-8B/metamath/seed43	log_energy_ratio	gain_tulu	-0.16984155512168939	7
A_all_versions	Qwen3-8B/metamath/seed44	log_energy_ratio	gain_tulu	-0.6604949365843475	7
A_all_versions	Qwen3-8B/tulu/seed42	log_energy_ratio	gain_tulu	-0.8894991799933215	7
A_all_versions	Qwen3-8B/tulu/seed43	log_energy_ratio	gain_tulu	-0.2991830368027063	7
A_all_versions	Qwen3-8B/tulu/seed44	log_energy_ratio	gain_tulu	-0.8414522910076115	7
A_all_versions	Llama-3.1-8B-Instruct/magicoder/seed42	raw_fpr	gain_tulu	0.00909090909090909	7
A_all_versions	Llama-3.1-8B-Instruct/magicoder/seed43	raw_fpr	gain_tulu	0.8288624656799143	7
A_all_versions	Llama-3.1-8B-Instruct/magicoder/seed44	raw_fpr	gain_tulu	0.8	7
A_all_versions	Llama-3.1-8B-Instruct/metamath/seed42	raw_fpr	gain_tulu	0.6847124716486249	7
A_all_versions	Llama-3.1-8B-Instruct/metamath/seed43	raw_fpr	gain_tulu	0.7567874686642696	7
A_all_versions	Llama-3.1-8B-Instruct/metamath/seed44	raw_fpr	gain_tulu	0.6545454545454545	7
A_all_versions	Llama-3.1-8B-Instruct/tulu/seed42	raw_fpr	gain_tulu	0.2181818181818182	7
A_all_versions	Llama-3.1-8B-Instruct/tulu/seed43	raw_fpr	gain_tulu	0.6731618328060892	7
A_all_versions	Llama-3.1-8B-Instruct/tulu/seed44	raw_fpr	gain_tulu	0.23636363636363636	7
A_all_versions	Qwen3-8B/magicoder/seed42	raw_fpr	gain_tulu	-0.13636363636363635	7
A_all_versions	Qwen3-8B/magicoder/seed43	raw_fpr	gain_tulu	0.5422692542049051	7
A_all_versions	Qwen3-8B/magicoder/seed44	raw_fpr	gain_tulu	0.03636363636363636	7
A_all_versions	Qwen3-8B/metamath/seed42	raw_fpr	gain_tulu	0.8829187134416479	7
A_all_versions	Qwen3-8B/metamath/seed43	raw_fpr	gain_tulu	0.3027650354097492	7
A_all_versions	Qwen3-8B/metamath/seed44	raw_fpr	gain_tulu	0.614704768862218	7
A_all_versions	Qwen3-8B/tulu/seed42	raw_fpr	gain_tulu	0.7207499701564473	7
A_all_versions	Qwen3-8B/tulu/seed43	raw_fpr	gain_tulu	0.3181818181818182	7
A_all_versions	Qwen3-8B/tulu/seed44	raw_fpr	gain_tulu	0.6909090909090909	7
A_all_versions	Llama-3.1-8B-Instruct/magicoder/seed42	full_moment_pr	gain_tulu	0.00909090909090909	7
A_all_versions	Llama-3.1-8B-Instruct/magicoder/seed43	full_moment_pr	gain_tulu	0.8288624656799143	7
A_all_versions	Llama-3.1-8B-Instruct/magicoder/seed44	full_moment_pr	gain_tulu	0.8	7
A_all_versions	Llama-3.1-8B-Instruct/metamath/seed42	full_moment_pr	gain_tulu	0.6847124716486249	7
A_all_versions	Llama-3.1-8B-Instruct/metamath/seed43	full_moment_pr	gain_tulu	0.6847124716486249	7
A_all_versions	Llama-3.1-8B-Instruct/metamath/seed44	full_moment_pr	gain_tulu	0.6909090909090909	7
A_all_versions	Llama-3.1-8B-Instruct/tulu/seed42	full_moment_pr	gain_tulu	0.2181818181818182	7
A_all_versions	Llama-3.1-8B-Instruct/tulu/seed43	full_moment_pr	gain_tulu	0.635763953205751	7
A_all_versions	Llama-3.1-8B-Instruct/tulu/seed44	full_moment_pr	gain_tulu	0.4	7
A_all_versions	Qwen3-8B/magicoder/seed42	full_moment_pr	gain_tulu	-0.13636363636363635	7
A_all_versions	Qwen3-8B/magicoder/seed43	full_moment_pr	gain_tulu	0.5422692542049051	7
A_all_versions	Qwen3-8B/magicoder/seed44	full_moment_pr	gain_tulu	0.12727272727272726	7
A_all_versions	Qwen3-8B/metamath/seed42	full_moment_pr	gain_tulu	0.8829187134416479	7
A_all_versions	Qwen3-8B/metamath/seed43	full_moment_pr	gain_tulu	0.2293674510679918	7
A_all_versions	Qwen3-8B/metamath/seed44	full_moment_pr	gain_tulu	0.6697529571185361	7
A_all_versions	Qwen3-8B/tulu/seed42	full_moment_pr	gain_tulu	0.7207499701564473	7
A_all_versions	Qwen3-8B/tulu/seed43	full_moment_pr	gain_tulu	0.44545454545454544	7
A_all_versions	Qwen3-8B/tulu/seed44	full_moment_pr	gain_tulu	0.6909090909090909	7
A_all_versions	Llama-3.1-8B-Instruct/magicoder/seed42	log_energy_ratio	gain_commonsense	-0.9265616458263766	7
A_all_versions	Llama-3.1-8B-Instruct/magicoder/seed43	log_energy_ratio	gain_commonsense	0.11118739749916519	7
A_all_versions	Llama-3.1-8B-Instruct/magicoder/seed44	log_energy_ratio	gain_commonsense	-0.5188745216627708	7
A_all_versions	Llama-3.1-8B-Instruct/metamath/seed42	log_energy_ratio	gain_commonsense	-0.8894991799933215	7
A_all_versions	Llama-3.1-8B-Instruct/metamath/seed43	log_energy_ratio	gain_commonsense	-0.9265616458263766	7
A_all_versions	Llama-3.1-8B-Instruct/metamath/seed44	log_energy_ratio	gain_commonsense	-0.9636241116594316	7
A_all_versions	Llama-3.1-8B-Instruct/tulu/seed42	log_energy_ratio	gain_commonsense	0.4818120558297158	7
A_all_versions	Llama-3.1-8B-Instruct/tulu/seed43	log_energy_ratio	gain_commonsense	0.9265616458263766	7
A_all_versions	Llama-3.1-8B-Instruct/tulu/seed44	log_energy_ratio	gain_commonsense	0.9265616458263766	7
A_all_versions	Qwen3-8B/magicoder/seed42	log_energy_ratio	gain_commonsense	0.8524367141602663	7
A_all_versions	Qwen3-8B/magicoder/seed43	log_energy_ratio	gain_commonsense	0.9636241116594316	7
A_all_versions	Qwen3-8B/magicoder/seed44	log_energy_ratio	gain_commonsense	0.7783117824941563	7
A_all_versions	Qwen3-8B/metamath/seed42	log_energy_ratio	gain_commonsense	0.11118739749916519	7
A_all_versions	Qwen3-8B/metamath/seed43	log_energy_ratio	gain_commonsense	0.18531232916527532	7
A_all_versions	Qwen3-8B/metamath/seed44	log_energy_ratio	gain_commonsense	0.14824986333222026	7
A_all_versions	Qwen3-8B/tulu/seed42	log_energy_ratio	gain_commonsense	0.3335621924974956	7
A_all_versions	Qwen3-8B/tulu/seed43	log_energy_ratio	gain_commonsense	0.592999453328881	7
A_all_versions	Qwen3-8B/tulu/seed44	log_energy_ratio	gain_commonsense	0.037062465833055065	7
A_all_versions	Llama-3.1-8B-Instruct/magicoder/seed42	raw_fpr	gain_commonsense	0.7748062179181807	7
A_all_versions	Llama-3.1-8B-Instruct/magicoder/seed43	raw_fpr	gain_commonsense	-0.09009374626955591	7
A_all_versions	Llama-3.1-8B-Instruct/magicoder/seed44	raw_fpr	gain_commonsense	0.5225437283634242	7
A_all_versions	Llama-3.1-8B-Instruct/metamath/seed42	raw_fpr	gain_commonsense	0.8829187134416479	7
A_all_versions	Llama-3.1-8B-Instruct/metamath/seed43	raw_fpr	gain_commonsense	0.8468812149338255	7
A_all_versions	Llama-3.1-8B-Instruct/metamath/seed44	raw_fpr	gain_commonsense	0.9189562119494703	7
A_all_versions	Llama-3.1-8B-Instruct/tulu/seed42	raw_fpr	gain_commonsense	-0.25226248955475655	7
A_all_versions	Llama-3.1-8B-Instruct/tulu/seed43	raw_fpr	gain_commonsense	-0.9549937104572925	7
A_all_versions	Llama-3.1-8B-Instruct/tulu/seed44	raw_fpr	gain_commonsense	-0.9910312089651149	7
A_all_versions	Qwen3-8B/magicoder/seed42	raw_fpr	gain_commonsense	-0.9189562119494703	7
A_all_versions	Qwen3-8B/magicoder/seed43	raw_fpr	gain_commonsense	-0.9910312089651149	7
A_all_versions	Qwen3-8B/magicoder/seed44	raw_fpr	gain_commonsense	-0.900937462695559	7
A_all_versions	Qwen3-8B/metamath/seed42	raw_fpr	gain_commonsense	-0.09009374626955591	7
A_all_versions	Qwen3-8B/metamath/seed43	raw_fpr	gain_commonsense	-0.21622499104693418	7
A_all_versions	Qwen3-8B/metamath/seed44	raw_fpr	gain_commonsense	-0.2882999880625789	7
A_all_versions	Qwen3-8B/tulu/seed42	raw_fpr	gain_commonsense	-0.4504687313477795	7
A_all_versions	Qwen3-8B/tulu/seed43	raw_fpr	gain_commonsense	-0.5405624776173354	7
A_all_versions	Qwen3-8B/tulu/seed44	raw_fpr	gain_commonsense	-0.21622499104693418	7
A_all_versions	Llama-3.1-8B-Instruct/magicoder/seed42	full_moment_pr	gain_commonsense	0.7748062179181807	7
A_all_versions	Llama-3.1-8B-Instruct/magicoder/seed43	full_moment_pr	gain_commonsense	-0.09009374626955591	7
A_all_versions	Llama-3.1-8B-Instruct/magicoder/seed44	full_moment_pr	gain_commonsense	0.5225437283634242	7
A_all_versions	Llama-3.1-8B-Instruct/metamath/seed42	full_moment_pr	gain_commonsense	0.8829187134416479	7
A_all_versions	Llama-3.1-8B-Instruct/metamath/seed43	full_moment_pr	gain_commonsense	0.9189562119494703	7
A_all_versions	Llama-3.1-8B-Instruct/metamath/seed44	full_moment_pr	gain_commonsense	0.9549937104572925	7
A_all_versions	Llama-3.1-8B-Instruct/tulu/seed42	full_moment_pr	gain_commonsense	-0.25226248955475655	7
A_all_versions	Llama-3.1-8B-Instruct/tulu/seed43	full_moment_pr	gain_commonsense	-0.9189562119494703	7
A_all_versions	Llama-3.1-8B-Instruct/tulu/seed44	full_moment_pr	gain_commonsense	-0.9549937104572925	7
A_all_versions	Qwen3-8B/magicoder/seed42	full_moment_pr	gain_commonsense	-0.9189562119494703	7
A_all_versions	Qwen3-8B/magicoder/seed43	full_moment_pr	gain_commonsense	-0.9910312089651149	7
A_all_versions	Qwen3-8B/magicoder/seed44	full_moment_pr	gain_commonsense	-0.8288624656799143	7
A_all_versions	Qwen3-8B/metamath/seed42	full_moment_pr	gain_commonsense	-0.09009374626955591	7
A_all_versions	Qwen3-8B/metamath/seed43	full_moment_pr	gain_commonsense	-0.18018749253911182	7
A_all_versions	Qwen3-8B/metamath/seed44	full_moment_pr	gain_commonsense	-0.3243374865704013	7
A_all_versions	Qwen3-8B/tulu/seed42	full_moment_pr	gain_commonsense	-0.4504687313477795	7
A_all_versions	Qwen3-8B/tulu/seed43	full_moment_pr	gain_commonsense	-0.5045249791095131	7
A_all_versions	Qwen3-8B/tulu/seed44	full_moment_pr	gain_commonsense	-0.21622499104693418	7
A_all_versions	Llama-3.1-8B-Instruct/magicoder/seed42	log_energy_ratio	gain_arc_challenge	-0.130892578601184	7
A_all_versions	Llama-3.1-8B-Instruct/magicoder/seed43	log_energy_ratio	gain_arc_challenge	-0.555936987495826	7
A_all_versions	Llama-3.1-8B-Instruct/magicoder/seed44	log_energy_ratio	gain_arc_challenge	-0.3739787960033829	7
A_all_versions	Llama-3.1-8B-Instruct/metamath/seed42	log_energy_ratio	gain_arc_challenge	-0.9636241116594316	7
A_all_versions	Llama-3.1-8B-Instruct/metamath/seed43	log_energy_ratio	gain_arc_challenge	-0.8153742483272114	7
A_all_versions	Llama-3.1-8B-Instruct/metamath/seed44	log_energy_ratio	gain_arc_challenge	-0.8227533512074424	7
A_all_versions	Llama-3.1-8B-Instruct/tulu/seed42	log_energy_ratio	gain_arc_challenge	0.6170650134055817	7
A_all_versions	Llama-3.1-8B-Instruct/tulu/seed43	log_energy_ratio	gain_arc_challenge	0.9265616458263766	7
A_all_versions	Llama-3.1-8B-Instruct/tulu/seed44	log_energy_ratio	gain_arc_challenge	0.9636241116594316	7
A_all_versions	Qwen3-8B/magicoder/seed42	log_energy_ratio	gain_arc_challenge	0.9536459298086264	7
A_all_versions	Qwen3-8B/magicoder/seed43	log_energy_ratio	gain_arc_challenge	0.9349469900084572	7
A_all_versions	Qwen3-8B/magicoder/seed44	log_energy_ratio	gain_arc_challenge	0.9265616458263766	7
A_all_versions	Qwen3-8B/metamath/seed42	log_energy_ratio	gain_arc_challenge	0.0	7
A_all_versions	Qwen3-8B/metamath/seed43	log_energy_ratio	gain_arc_challenge	0.09435641951204965	7
A_all_versions	Qwen3-8B/metamath/seed44	log_energy_ratio	gain_arc_challenge	0.0	7
A_all_versions	Qwen3-8B/tulu/seed42	log_energy_ratio	gain_arc_challenge	-0.4341215710622296	7
A_all_versions	Qwen3-8B/tulu/seed43	log_energy_ratio	gain_arc_challenge	-0.9126643739222254	7
A_all_versions	Qwen3-8B/tulu/seed44	log_energy_ratio	gain_arc_challenge	-0.22491172553012095	7
A_all_versions	Llama-3.1-8B-Instruct/magicoder/seed42	raw_fpr	gain_arc_challenge	-0.12727272727272726	7
A_all_versions	Llama-3.1-8B-Instruct/magicoder/seed43	raw_fpr	gain_arc_challenge	0.5585812268712466	7
A_all_versions	Llama-3.1-8B-Instruct/magicoder/seed44	raw_fpr	gain_arc_challenge	0.38181818181818183	7
A_all_versions	Llama-3.1-8B-Instruct/metamath/seed42	raw_fpr	gain_arc_challenge	0.9549937104572925	7
A_all_versions	Llama-3.1-8B-Instruct/metamath/seed43	raw_fpr	gain_arc_challenge	0.8468812149338255	7
A_all_versions	Llama-3.1-8B-Instruct/metamath/seed44	raw_fpr	gain_arc_challenge	0.8727272727272728	7
A_all_versions	Llama-3.1-8B-Instruct/tulu/seed42	raw_fpr	gain_arc_challenge	-0.34545454545454546	7
A_all_versions	Llama-3.1-8B-Instruct/tulu/seed43	raw_fpr	gain_arc_challenge	-0.9549937104572925	7
A_all_versions	Llama-3.1-8B-Instruct/tulu/seed44	raw_fpr	gain_arc_challenge	-0.9189562119494703	7
A_all_versions	Qwen3-8B/magicoder/seed42	raw_fpr	gain_arc_challenge	-0.8545454545454546	7
A_all_versions	Qwen3-8B/magicoder/seed43	raw_fpr	gain_arc_challenge	-0.9454545454545454	7
A_all_versions	Qwen3-8B/magicoder/seed44	raw_fpr	gain_arc_challenge	-0.9549937104572925	7
A_all_versions	Qwen3-8B/metamath/seed42	raw_fpr	gain_arc_challenge	0.07207499701564472	7
A_all_versions	Qwen3-8B/metamath/seed43	raw_fpr	gain_arc_challenge	-0.05504818825631804	7
A_all_versions	Qwen3-8B/metamath/seed44	raw_fpr	gain_arc_challenge	0.08181818181818182	7
A_all_versions	Qwen3-8B/tulu/seed42	raw_fpr	gain_arc_challenge	0.1909571848992503	7
A_all_versions	Qwen3-8B/tulu/seed43	raw_fpr	gain_arc_challenge	0.9440686400617012	7
A_all_versions	Qwen3-8B/tulu/seed44	raw_fpr	gain_arc_challenge	0.14910801984141453	7
A_all_versions	Llama-3.1-8B-Instruct/magicoder/seed42	full_moment_pr	gain_arc_challenge	-0.12727272727272726	7
A_all_versions	Llama-3.1-8B-Instruct/magicoder/seed43	full_moment_pr	gain_arc_challenge	0.5585812268712466	7
A_all_versions	Llama-3.1-8B-Instruct/magicoder/seed44	full_moment_pr	gain_arc_challenge	0.38181818181818183	7
A_all_versions	Llama-3.1-8B-Instruct/metamath/seed42	full_moment_pr	gain_arc_challenge	0.9549937104572925	7
A_all_versions	Llama-3.1-8B-Instruct/metamath/seed43	full_moment_pr	gain_arc_challenge	0.8108437164260032	7
A_all_versions	Llama-3.1-8B-Instruct/metamath/seed44	full_moment_pr	gain_arc_challenge	0.8363636363636363	7
A_all_versions	Llama-3.1-8B-Instruct/tulu/seed42	full_moment_pr	gain_arc_challenge	-0.34545454545454546	7
A_all_versions	Llama-3.1-8B-Instruct/tulu/seed43	full_moment_pr	gain_arc_challenge	-0.9189562119494703	7
A_all_versions	Llama-3.1-8B-Instruct/tulu/seed44	full_moment_pr	gain_arc_challenge	-0.9549937104572925	7
A_all_versions	Qwen3-8B/magicoder/seed42	full_moment_pr	gain_arc_challenge	-0.8545454545454546	7
A_all_versions	Qwen3-8B/magicoder/seed43	full_moment_pr	gain_arc_challenge	-0.9454545454545454	7
A_all_versions	Qwen3-8B/magicoder/seed44	full_moment_pr	gain_arc_challenge	-0.9189562119494703	7
A_all_versions	Qwen3-8B/metamath/seed42	full_moment_pr	gain_arc_challenge	0.07207499701564472	7
A_all_versions	Qwen3-8B/metamath/seed43	full_moment_pr	gain_arc_challenge	-0.05504818825631804	7
A_all_versions	Qwen3-8B/metamath/seed44	full_moment_pr	gain_arc_challenge	0.027272727272727275	7
A_all_versions	Qwen3-8B/tulu/seed42	full_moment_pr	gain_arc_challenge	0.1909571848992503	7
A_all_versions	Qwen3-8B/tulu/seed43	full_moment_pr	gain_arc_challenge	0.9440686400617012	7
A_all_versions	Qwen3-8B/tulu/seed44	full_moment_pr	gain_arc_challenge	0.14910801984141453	7
A_all_versions	Llama-3.1-8B-Instruct/magicoder/seed42	log_energy_ratio	gain_arc_easy	-0.44474958999666075	7
A_all_versions	Llama-3.1-8B-Instruct/magicoder/seed43	log_energy_ratio	gain_arc_easy	0.20758412292650924	7
A_all_versions	Llama-3.1-8B-Instruct/magicoder/seed44	log_energy_ratio	gain_arc_easy	0.14824986333222026	7
A_all_versions	Llama-3.1-8B-Instruct/metamath/seed42	log_energy_ratio	gain_arc_easy	-0.9265616458263766	7
A_all_versions	Llama-3.1-8B-Instruct/metamath/seed43	log_energy_ratio	gain_arc_easy	-0.9265616458263766	7
A_all_versions	Llama-3.1-8B-Instruct/metamath/seed44	log_energy_ratio	gain_arc_easy	-0.8524367141602663	7
A_all_versions	Llama-3.1-8B-Instruct/tulu/seed42	log_energy_ratio	gain_arc_easy	-0.11538461538461539	7
A_all_versions	Llama-3.1-8B-Instruct/tulu/seed43	log_energy_ratio	gain_arc_easy	0.9349469900084572	7
A_all_versions	Llama-3.1-8B-Instruct/tulu/seed44	log_energy_ratio	gain_arc_easy	0.9349469900084572	7
A_all_versions	Qwen3-8B/magicoder/seed42	log_energy_ratio	gain_arc_easy	0.9636241116594316	7
A_all_versions	Qwen3-8B/magicoder/seed43	log_energy_ratio	gain_arc_easy	0.9536459298086264	7
A_all_versions	Qwen3-8B/magicoder/seed44	log_energy_ratio	gain_arc_easy	0.897549110408119	7
A_all_versions	Qwen3-8B/metamath/seed42	log_energy_ratio	gain_arc_easy	0.14959151840135315	7
A_all_versions	Qwen3-8B/metamath/seed43	log_energy_ratio	gain_arc_easy	0.14959151840135315	7
A_all_versions	Qwen3-8B/metamath/seed44	log_energy_ratio	gain_arc_easy	0.11219363880101488	7
A_all_versions	Qwen3-8B/tulu/seed42	log_energy_ratio	gain_arc_easy	0.5	7
A_all_versions	Qwen3-8B/tulu/seed43	log_energy_ratio	gain_arc_easy	0.6357639532057509	7
A_all_versions	Qwen3-8B/tulu/seed44	log_energy_ratio	gain_arc_easy	0.038461538461538464	7
A_all_versions	Llama-3.1-8B-Instruct/magicoder/seed42	raw_fpr	gain_arc_easy	0.25226248955475655	7
A_all_versions	Llama-3.1-8B-Instruct/magicoder/seed43	raw_fpr	gain_arc_easy	-0.2293674510679918	7
A_all_versions	Llama-3.1-8B-Instruct/magicoder/seed44	raw_fpr	gain_arc_easy	-0.198206241793023	7
A_all_versions	Llama-3.1-8B-Instruct/metamath/seed42	raw_fpr	gain_arc_easy	0.9549937104572925	7
A_all_versions	Llama-3.1-8B-Instruct/metamath/seed43	raw_fpr	gain_arc_easy	0.9910312089651149	7
A_all_versions	Llama-3.1-8B-Instruct/metamath/seed44	raw_fpr	gain_arc_easy	0.9549937104572925	7
A_all_versions	Llama-3.1-8B-Instruct/tulu/seed42	raw_fpr	gain_arc_easy	0.2991830368027063	7
A_all_versions	Llama-3.1-8B-Instruct/tulu/seed43	raw_fpr	gain_arc_easy	-0.9181818181818182	7
A_all_versions	Llama-3.1-8B-Instruct/tulu/seed44	raw_fpr	gain_arc_easy	-0.9818181818181818	7
A_all_versions	Qwen3-8B/magicoder/seed42	raw_fpr	gain_arc_easy	-0.8468812149338255	7
A_all_versions	Qwen3-8B/magicoder/seed43	raw_fpr	gain_arc_easy	-0.9818181818181818	7
A_all_versions	Qwen3-8B/magicoder/seed44	raw_fpr	gain_arc_easy	-0.7818181818181817	7
A_all_versions	Qwen3-8B/metamath/seed42	raw_fpr	gain_arc_easy	-0.3	7
A_all_versions	Qwen3-8B/metamath/seed43	raw_fpr	gain_arc_easy	-0.16363636363636364	7
A_all_versions	Qwen3-8B/metamath/seed44	raw_fpr	gain_arc_easy	-0.2545454545454545	7
A_all_versions	Qwen3-8B/tulu/seed42	raw_fpr	gain_arc_easy	-0.3739787960033829	7
A_all_versions	Qwen3-8B/tulu/seed43	raw_fpr	gain_arc_easy	-0.4818181818181818	7
A_all_versions	Qwen3-8B/tulu/seed44	raw_fpr	gain_arc_easy	-0.018698939800169144	7
A_all_versions	Llama-3.1-8B-Instruct/magicoder/seed42	full_moment_pr	gain_arc_easy	0.25226248955475655	7
A_all_versions	Llama-3.1-8B-Instruct/magicoder/seed43	full_moment_pr	gain_arc_easy	-0.2293674510679918	7
A_all_versions	Llama-3.1-8B-Instruct/magicoder/seed44	full_moment_pr	gain_arc_easy	-0.198206241793023	7
A_all_versions	Llama-3.1-8B-Instruct/metamath/seed42	full_moment_pr	gain_arc_easy	0.9549937104572925	7
A_all_versions	Llama-3.1-8B-Instruct/metamath/seed43	full_moment_pr	gain_arc_easy	0.9549937104572925	7
A_all_versions	Llama-3.1-8B-Instruct/metamath/seed44	full_moment_pr	gain_arc_easy	0.8829187134416479	7
A_all_versions	Llama-3.1-8B-Instruct/tulu/seed42	full_moment_pr	gain_arc_easy	0.2991830368027063	7
A_all_versions	Llama-3.1-8B-Instruct/tulu/seed43	full_moment_pr	gain_arc_easy	-0.8818181818181818	7
A_all_versions	Llama-3.1-8B-Instruct/tulu/seed44	full_moment_pr	gain_arc_easy	-0.9454545454545454	7
A_all_versions	Qwen3-8B/magicoder/seed42	full_moment_pr	gain_arc_easy	-0.8468812149338255	7
A_all_versions	Qwen3-8B/magicoder/seed43	full_moment_pr	gain_arc_easy	-0.9818181818181818	7
A_all_versions	Qwen3-8B/magicoder/seed44	full_moment_pr	gain_arc_easy	-0.7454545454545455	7
A_all_versions	Qwen3-8B/metamath/seed42	full_moment_pr	gain_arc_easy	-0.3	7
A_all_versions	Qwen3-8B/metamath/seed43	full_moment_pr	gain_arc_easy	-0.2	7
A_all_versions	Qwen3-8B/metamath/seed44	full_moment_pr	gain_arc_easy	-0.2909090909090909	7
A_all_versions	Qwen3-8B/tulu/seed42	full_moment_pr	gain_arc_easy	-0.3739787960033829	7
A_all_versions	Qwen3-8B/tulu/seed43	full_moment_pr	gain_arc_easy	-0.5181818181818182	7
A_all_versions	Qwen3-8B/tulu/seed44	full_moment_pr	gain_arc_easy	-0.018698939800169144	7
A_all_versions	Llama-3.1-8B-Instruct/magicoder/seed42	log_energy_ratio	gain_boolq	-0.6300619191619361	7
A_all_versions	Llama-3.1-8B-Instruct/magicoder/seed43	log_energy_ratio	gain_boolq	-0.9265616458263766	7
A_all_versions	Llama-3.1-8B-Instruct/magicoder/seed44	log_energy_ratio	gain_boolq	-0.9624354790229065	7
A_all_versions	Llama-3.1-8B-Instruct/metamath/seed42	log_energy_ratio	gain_boolq	-0.897549110408119	7
A_all_versions	Llama-3.1-8B-Instruct/metamath/seed43	log_energy_ratio	gain_boolq	-0.9536459298086264	7
A_all_versions	Llama-3.1-8B-Instruct/metamath/seed44	log_energy_ratio	gain_boolq	-0.8524367141602663	7
A_all_versions	Llama-3.1-8B-Instruct/tulu/seed42	log_energy_ratio	gain_boolq	-0.15097027121927944	7
A_all_versions	Llama-3.1-8B-Instruct/tulu/seed43	log_energy_ratio	gain_boolq	-0.46153846153846156	7
A_all_versions	Llama-3.1-8B-Instruct/tulu/seed44	log_energy_ratio	gain_boolq	0.9536459298086264	7
A_all_versions	Qwen3-8B/magicoder/seed42	log_energy_ratio	gain_boolq	0.9624354790229065	7
A_all_versions	Qwen3-8B/magicoder/seed43	log_energy_ratio	gain_boolq	0.8869503434132668	7
A_all_versions	Qwen3-8B/magicoder/seed44	log_energy_ratio	gain_boolq	0.7041868508280462	7
A_all_versions	Qwen3-8B/metamath/seed42	log_energy_ratio	gain_boolq	0.9265616458263766	7
A_all_versions	Qwen3-8B/metamath/seed43	log_energy_ratio	gain_boolq	0.9636241116594316	7
A_all_versions	Qwen3-8B/metamath/seed44	log_energy_ratio	gain_boolq	0.9349469900084572	7
A_all_versions	Qwen3-8B/tulu/seed42	log_energy_ratio	gain_boolq	0.9349469900084572	7
A_all_versions	Qwen3-8B/tulu/seed43	log_energy_ratio	gain_boolq	-0.25495097567963926	7
A_all_versions	Qwen3-8B/tulu/seed44	log_energy_ratio	gain_boolq	0.9636241116594316	7
A_all_versions	Llama-3.1-8B-Instruct/magicoder/seed42	raw_fpr	gain_boolq	0.6306562238868914	7
A_all_versions	Llama-3.1-8B-Instruct/magicoder/seed43	raw_fpr	gain_boolq	0.9189562119494703	7
A_all_versions	Llama-3.1-8B-Instruct/magicoder/seed44	raw_fpr	gain_boolq	0.9725179925282852	7
A_all_versions	Llama-3.1-8B-Instruct/metamath/seed42	raw_fpr	gain_boolq	0.8909090909090909	7
A_all_versions	Llama-3.1-8B-Instruct/metamath/seed43	raw_fpr	gain_boolq	0.9454545454545454	7
A_all_versions	Llama-3.1-8B-Instruct/metamath/seed44	raw_fpr	gain_boolq	0.9549937104572925	7
A_all_versions	Llama-3.1-8B-Instruct/tulu/seed42	raw_fpr	gain_boolq	-0.18349396085439346	7
A_all_versions	Llama-3.1-8B-Instruct/tulu/seed43	raw_fpr	gain_boolq	0.5048713746045669	7
A_all_versions	Llama-3.1-8B-Instruct/tulu/seed44	raw_fpr	gain_boolq	-0.9454545454545454	7
A_all_versions	Qwen3-8B/magicoder/seed42	raw_fpr	gain_boolq	-0.8348975218874902	7
A_all_versions	Qwen3-8B/magicoder/seed43	raw_fpr	gain_boolq	-0.9725179925282852	7
A_all_versions	Qwen3-8B/magicoder/seed44	raw_fpr	gain_boolq	-0.8108437164260032	7
A_all_versions	Qwen3-8B/metamath/seed42	raw_fpr	gain_boolq	-0.9549937104572925	7
A_all_versions	Qwen3-8B/metamath/seed43	raw_fpr	gain_boolq	-0.9549937104572925	7
A_all_versions	Qwen3-8B/metamath/seed44	raw_fpr	gain_boolq	-0.9272727272727274	7
A_all_versions	Qwen3-8B/tulu/seed42	raw_fpr	gain_boolq	-0.9363636363636364	7
A_all_versions	Qwen3-8B/tulu/seed43	raw_fpr	gain_boolq	0.4099889133756047	7
A_all_versions	Qwen3-8B/tulu/seed44	raw_fpr	gain_boolq	-0.9910312089651149	7
A_all_versions	Llama-3.1-8B-Instruct/magicoder/seed42	full_moment_pr	gain_boolq	0.6306562238868914	7
A_all_versions	Llama-3.1-8B-Instruct/magicoder/seed43	full_moment_pr	gain_boolq	0.9189562119494703	7
A_all_versions	Llama-3.1-8B-Instruct/magicoder/seed44	full_moment_pr	gain_boolq	0.9725179925282852	7
A_all_versions	Llama-3.1-8B-Instruct/metamath/seed42	full_moment_pr	gain_boolq	0.8909090909090909	7
A_all_versions	Llama-3.1-8B-Instruct/metamath/seed43	full_moment_pr	gain_boolq	0.9454545454545454	7
A_all_versions	Llama-3.1-8B-Instruct/metamath/seed44	full_moment_pr	gain_boolq	0.8829187134416479	7
A_all_versions	Llama-3.1-8B-Instruct/tulu/seed42	full_moment_pr	gain_boolq	-0.18349396085439346	7
A_all_versions	Llama-3.1-8B-Instruct/tulu/seed43	full_moment_pr	gain_boolq	0.5048713746045669	7
A_all_versions	Llama-3.1-8B-Instruct/tulu/seed44	full_moment_pr	gain_boolq	-0.9454545454545454	7
A_all_versions	Qwen3-8B/magicoder/seed42	full_moment_pr	gain_boolq	-0.8348975218874902	7
A_all_versions	Qwen3-8B/magicoder/seed43	full_moment_pr	gain_boolq	-0.9725179925282852	7
A_all_versions	Qwen3-8B/magicoder/seed44	full_moment_pr	gain_boolq	-0.7748062179181807	7
A_all_versions	Qwen3-8B/metamath/seed42	full_moment_pr	gain_boolq	-0.9549937104572925	7
A_all_versions	Qwen3-8B/metamath/seed43	full_moment_pr	gain_boolq	-0.9189562119494703	7
A_all_versions	Qwen3-8B/metamath/seed44	full_moment_pr	gain_boolq	-0.8909090909090909	7
A_all_versions	Qwen3-8B/tulu/seed42	full_moment_pr	gain_boolq	-0.9363636363636364	7
A_all_versions	Qwen3-8B/tulu/seed43	full_moment_pr	gain_boolq	0.3146426544510455	7
A_all_versions	Qwen3-8B/tulu/seed44	full_moment_pr	gain_boolq	-0.9910312089651149	7
A_all_versions	Llama-3.1-8B-Instruct/magicoder/seed42	log_energy_ratio	gain_hellaswag	-0.9265616458263766	7
A_all_versions	Llama-3.1-8B-Instruct/magicoder/seed43	log_energy_ratio	gain_hellaswag	-0.3335621924974956	7
A_all_versions	Llama-3.1-8B-Instruct/magicoder/seed44	log_energy_ratio	gain_hellaswag	-0.9265616458263766	7
A_all_versions	Llama-3.1-8B-Instruct/metamath/seed42	log_energy_ratio	gain_hellaswag	-0.9636241116594316	7
A_all_versions	Llama-3.1-8B-Instruct/metamath/seed43	log_energy_ratio	gain_hellaswag	-0.9636241116594316	7
A_all_versions	Llama-3.1-8B-Instruct/metamath/seed44	log_energy_ratio	gain_hellaswag	-0.9636241116594316	7
A_all_versions	Llama-3.1-8B-Instruct/tulu/seed42	log_energy_ratio	gain_hellaswag	-0.18531232916527532	7
A_all_versions	Llama-3.1-8B-Instruct/tulu/seed43	log_energy_ratio	gain_hellaswag	0.8524367141602663	7
A_all_versions	Llama-3.1-8B-Instruct/tulu/seed44	log_energy_ratio	gain_hellaswag	0.8524367141602663	7
A_all_versions	Qwen3-8B/magicoder/seed42	log_energy_ratio	gain_hellaswag	0.18531232916527532	7
A_all_versions	Qwen3-8B/magicoder/seed43	log_energy_ratio	gain_hellaswag	0.18531232916527532	7
A_all_versions	Qwen3-8B/magicoder/seed44	log_energy_ratio	gain_hellaswag	0.18531232916527532	7
A_all_versions	Qwen3-8B/metamath/seed42	log_energy_ratio	gain_hellaswag	-0.3335621924974956	7
A_all_versions	Qwen3-8B/metamath/seed43	log_energy_ratio	gain_hellaswag	-0.9636241116594316	7
A_all_versions	Qwen3-8B/metamath/seed44	log_energy_ratio	gain_hellaswag	-0.8524367141602663	7
A_all_versions	Qwen3-8B/tulu/seed42	log_energy_ratio	gain_hellaswag	-0.07479575920067658	7
A_all_versions	Qwen3-8B/tulu/seed43	log_energy_ratio	gain_hellaswag	-0.8153742483272114	7
A_all_versions	Qwen3-8B/tulu/seed44	log_energy_ratio	gain_hellaswag	-0.9265616458263766	7
A_all_versions	Llama-3.1-8B-Instruct/magicoder/seed42	raw_fpr	gain_hellaswag	0.7748062179181807	7
A_all_versions	Llama-3.1-8B-Instruct/magicoder/seed43	raw_fpr	gain_hellaswag	0.41443123283995714	7
A_all_versions	Llama-3.1-8B-Instruct/magicoder/seed44	raw_fpr	gain_hellaswag	0.9549937104572925	7
A_all_versions	Llama-3.1-8B-Instruct/metamath/seed42	raw_fpr	gain_hellaswag	0.9549937104572925	7
A_all_versions	Llama-3.1-8B-Instruct/metamath/seed43	raw_fpr	gain_hellaswag	0.9549937104572925	7
A_all_versions	Llama-3.1-8B-Instruct/metamath/seed44	raw_fpr	gain_hellaswag	0.9189562119494703	7
A_all_versions	Llama-3.1-8B-Instruct/tulu/seed42	raw_fpr	gain_hellaswag	0.3243374865704013	7
A_all_versions	Llama-3.1-8B-Instruct/tulu/seed43	raw_fpr	gain_hellaswag	-0.6847124716486249	7
A_all_versions	Llama-3.1-8B-Instruct/tulu/seed44	raw_fpr	gain_hellaswag	-0.9189562119494703	7
A_all_versions	Qwen3-8B/magicoder/seed42	raw_fpr	gain_hellaswag	-0.36037498507822363	7
A_all_versions	Qwen3-8B/magicoder/seed43	raw_fpr	gain_hellaswag	-0.3243374865704013	7
A_all_versions	Qwen3-8B/magicoder/seed44	raw_fpr	gain_hellaswag	-0.18018749253911182	7
A_all_versions	Qwen3-8B/metamath/seed42	raw_fpr	gain_hellaswag	0.10811249552346709	7
A_all_versions	Qwen3-8B/metamath/seed43	raw_fpr	gain_hellaswag	0.9369749612033814	7
A_all_versions	Qwen3-8B/metamath/seed44	raw_fpr	gain_hellaswag	0.6486749731408026	7
A_all_versions	Qwen3-8B/tulu/seed42	raw_fpr	gain_hellaswag	0.06363636363636363	7
A_all_versions	Qwen3-8B/tulu/seed43	raw_fpr	gain_hellaswag	0.792824967172092	7
A_all_versions	Qwen3-8B/tulu/seed44	raw_fpr	gain_hellaswag	0.9549937104572925	7
A_all_versions	Llama-3.1-8B-Instruct/magicoder/seed42	full_moment_pr	gain_hellaswag	0.7748062179181807	7
A_all_versions	Llama-3.1-8B-Instruct/magicoder/seed43	full_moment_pr	gain_hellaswag	0.41443123283995714	7
A_all_versions	Llama-3.1-8B-Instruct/magicoder/seed44	full_moment_pr	gain_hellaswag	0.9549937104572925	7
A_all_versions	Llama-3.1-8B-Instruct/metamath/seed42	full_moment_pr	gain_hellaswag	0.9549937104572925	7
A_all_versions	Llama-3.1-8B-Instruct/metamath/seed43	full_moment_pr	gain_hellaswag	0.9910312089651149	7
A_all_versions	Llama-3.1-8B-Instruct/metamath/seed44	full_moment_pr	gain_hellaswag	0.9549937104572925	7
A_all_versions	Llama-3.1-8B-Instruct/tulu/seed42	full_moment_pr	gain_hellaswag	0.3243374865704013	7
A_all_versions	Llama-3.1-8B-Instruct/tulu/seed43	full_moment_pr	gain_hellaswag	-0.6486749731408026	7
A_all_versions	Llama-3.1-8B-Instruct/tulu/seed44	full_moment_pr	gain_hellaswag	-0.8468812149338255	7
A_all_versions	Qwen3-8B/magicoder/seed42	full_moment_pr	gain_hellaswag	-0.36037498507822363	7
A_all_versions	Qwen3-8B/magicoder/seed43	full_moment_pr	gain_hellaswag	-0.3243374865704013	7
A_all_versions	Qwen3-8B/magicoder/seed44	full_moment_pr	gain_hellaswag	-0.21622499104693418	7
A_all_versions	Qwen3-8B/metamath/seed42	full_moment_pr	gain_hellaswag	0.10811249552346709	7
A_all_versions	Qwen3-8B/metamath/seed43	full_moment_pr	gain_hellaswag	0.900937462695559	7
A_all_versions	Qwen3-8B/metamath/seed44	full_moment_pr	gain_hellaswag	0.6847124716486249	7
A_all_versions	Qwen3-8B/tulu/seed42	full_moment_pr	gain_hellaswag	0.06363636363636363	7
A_all_versions	Qwen3-8B/tulu/seed43	full_moment_pr	gain_hellaswag	0.8288624656799143	7
A_all_versions	Qwen3-8B/tulu/seed44	full_moment_pr	gain_hellaswag	0.9549937104572925	7
A_all_versions	Llama-3.1-8B-Instruct/magicoder/seed42	log_energy_ratio	gain_openbookqa	-0.9333756642553378	7
A_all_versions	Llama-3.1-8B-Instruct/magicoder/seed43	log_energy_ratio	gain_openbookqa	0.7666565318069349	7
A_all_versions	Llama-3.1-8B-Instruct/magicoder/seed44	log_energy_ratio	gain_openbookqa	-0.7171087882915774	7
A_all_versions	Llama-3.1-8B-Instruct/metamath/seed42	log_energy_ratio	gain_openbookqa	0.3335621924974956	7
A_all_versions	Llama-3.1-8B-Instruct/metamath/seed43	log_energy_ratio	gain_openbookqa	0.14824986333222026	7
A_all_versions	Llama-3.1-8B-Instruct/metamath/seed44	log_energy_ratio	gain_openbookqa	0.16984155512168939	7
A_all_versions	Llama-3.1-8B-Instruct/tulu/seed42	log_energy_ratio	gain_openbookqa	0.7047938689275	7
A_all_versions	Llama-3.1-8B-Instruct/tulu/seed43	log_energy_ratio	gain_openbookqa	0.9636241116594316	7
A_all_versions	Llama-3.1-8B-Instruct/tulu/seed44	log_energy_ratio	gain_openbookqa	0.8524367141602663	7
A_all_versions	Qwen3-8B/magicoder/seed42	log_energy_ratio	gain_openbookqa	0.9058216273156767	7
A_all_versions	Qwen3-8B/magicoder/seed43	log_energy_ratio	gain_openbookqa	0.4000181418237162	7
A_all_versions	Qwen3-8B/magicoder/seed44	log_energy_ratio	gain_openbookqa	0.14959151840135315	7
A_all_versions	Qwen3-8B/metamath/seed42	log_energy_ratio	gain_openbookqa	-0.23302069121418523	7
A_all_versions	Qwen3-8B/metamath/seed43	log_energy_ratio	gain_openbookqa	0.18698939800169145	7
A_all_versions	Qwen3-8B/metamath/seed44	log_energy_ratio	gain_openbookqa	0.1682904582015223	7
A_all_versions	Qwen3-8B/tulu/seed42	log_energy_ratio	gain_openbookqa	0.8762302154233783	7
A_all_versions	Qwen3-8B/tulu/seed43	log_energy_ratio	gain_openbookqa	0.6821910402406465	7
A_all_versions	Qwen3-8B/tulu/seed44	log_energy_ratio	gain_openbookqa	-0.07692307692307693	7
A_all_versions	Llama-3.1-8B-Instruct/magicoder/seed42	raw_fpr	gain_openbookqa	0.76865032857326	7
A_all_versions	Llama-3.1-8B-Instruct/magicoder/seed43	raw_fpr	gain_openbookqa	-0.509090909090909	7
A_all_versions	Llama-3.1-8B-Instruct/magicoder/seed44	raw_fpr	gain_openbookqa	0.8348975218874902	7
A_all_versions	Llama-3.1-8B-Instruct/metamath/seed42	raw_fpr	gain_openbookqa	-0.4504687313477795	7
A_all_versions	Llama-3.1-8B-Instruct/metamath/seed43	raw_fpr	gain_openbookqa	-0.3243374865704013	7
A_all_versions	Llama-3.1-8B-Instruct/metamath/seed44	raw_fpr	gain_openbookqa	-0.32111443149518853	7
A_all_versions	Llama-3.1-8B-Instruct/tulu/seed42	raw_fpr	gain_openbookqa	-0.36117304595611016	7
A_all_versions	Llama-3.1-8B-Instruct/tulu/seed43	raw_fpr	gain_openbookqa	-0.9189562119494703	7
A_all_versions	Llama-3.1-8B-Instruct/tulu/seed44	raw_fpr	gain_openbookqa	-0.9549937104572925	7
A_all_versions	Qwen3-8B/magicoder/seed42	raw_fpr	gain_openbookqa	-0.7798493336311721	7
A_all_versions	Qwen3-8B/magicoder/seed43	raw_fpr	gain_openbookqa	-0.42599897728156577	7
A_all_versions	Qwen3-8B/magicoder/seed44	raw_fpr	gain_openbookqa	-0.22727272727272727	7
A_all_versions	Qwen3-8B/metamath/seed42	raw_fpr	gain_openbookqa	0.1510509824098722	7
A_all_versions	Qwen3-8B/metamath/seed43	raw_fpr	gain_openbookqa	-0.34545454545454546	7
A_all_versions	Qwen3-8B/metamath/seed44	raw_fpr	gain_openbookqa	-0.34545454545454546	7
A_all_versions	Qwen3-8B/tulu/seed42	raw_fpr	gain_openbookqa	-0.9260847332207952	7
A_all_versions	Qwen3-8B/tulu/seed43	raw_fpr	gain_openbookqa	-0.4824181513244218	7
A_all_versions	Qwen3-8B/tulu/seed44	raw_fpr	gain_openbookqa	0.0	7
A_all_versions	Llama-3.1-8B-Instruct/magicoder/seed42	full_moment_pr	gain_openbookqa	0.76865032857326	7
A_all_versions	Llama-3.1-8B-Instruct/magicoder/seed43	full_moment_pr	gain_openbookqa	-0.509090909090909	7
A_all_versions	Llama-3.1-8B-Instruct/magicoder/seed44	full_moment_pr	gain_openbookqa	0.8348975218874902	7
A_all_versions	Llama-3.1-8B-Instruct/metamath/seed42	full_moment_pr	gain_openbookqa	-0.4504687313477795	7
A_all_versions	Llama-3.1-8B-Instruct/metamath/seed43	full_moment_pr	gain_openbookqa	-0.2882999880625789	7
A_all_versions	Llama-3.1-8B-Instruct/metamath/seed44	full_moment_pr	gain_openbookqa	-0.32111443149518853	7
A_all_versions	Llama-3.1-8B-Instruct/tulu/seed42	full_moment_pr	gain_openbookqa	-0.36117304595611016	7
A_all_versions	Llama-3.1-8B-Instruct/tulu/seed43	full_moment_pr	gain_openbookqa	-0.9549937104572925	7
A_all_versions	Llama-3.1-8B-Instruct/tulu/seed44	full_moment_pr	gain_openbookqa	-0.8829187134416479	7
A_all_versions	Qwen3-8B/magicoder/seed42	full_moment_pr	gain_openbookqa	-0.7798493336311721	7
A_all_versions	Qwen3-8B/magicoder/seed43	full_moment_pr	gain_openbookqa	-0.42599897728156577	7
A_all_versions	Qwen3-8B/magicoder/seed44	full_moment_pr	gain_openbookqa	-0.17272727272727273	7
A_all_versions	Qwen3-8B/metamath/seed42	full_moment_pr	gain_openbookqa	0.1510509824098722	7
A_all_versions	Qwen3-8B/metamath/seed43	full_moment_pr	gain_openbookqa	-0.3090909090909091	7
A_all_versions	Qwen3-8B/metamath/seed44	full_moment_pr	gain_openbookqa	-0.34545454545454546	7
A_all_versions	Qwen3-8B/tulu/seed42	full_moment_pr	gain_openbookqa	-0.9260847332207952	7
A_all_versions	Qwen3-8B/tulu/seed43	full_moment_pr	gain_openbookqa	-0.42211588240886905	7
A_all_versions	Qwen3-8B/tulu/seed44	full_moment_pr	gain_openbookqa	0.0	7
A_all_versions	Llama-3.1-8B-Instruct/magicoder/seed42	log_energy_ratio	gain_piqa	-0.42307692307692313	7
A_all_versions	Llama-3.1-8B-Instruct/magicoder/seed43	log_energy_ratio	gain_piqa	0.9265616458263766	7
A_all_versions	Llama-3.1-8B-Instruct/magicoder/seed44	log_energy_ratio	gain_piqa	0.9265616458263766	7
A_all_versions	Llama-3.1-8B-Instruct/metamath/seed42	log_energy_ratio	gain_piqa	-0.22237479499833038	7
A_all_versions	Llama-3.1-8B-Instruct/metamath/seed43	log_energy_ratio	gain_piqa	-0.9636241116594316	7
A_all_versions	Llama-3.1-8B-Instruct/metamath/seed44	log_energy_ratio	gain_piqa	-0.9265616458263766	7
A_all_versions	Llama-3.1-8B-Instruct/tulu/seed42	log_energy_ratio	gain_piqa	0.9058216273156767	7
A_all_versions	Llama-3.1-8B-Instruct/tulu/seed43	log_energy_ratio	gain_piqa	0.4113766756037212	7
A_all_versions	Llama-3.1-8B-Instruct/tulu/seed44	log_energy_ratio	gain_piqa	0.9636241116594316	7
A_all_versions	Qwen3-8B/magicoder/seed42	log_energy_ratio	gain_piqa	0.14959151840135315	7
A_all_versions	Qwen3-8B/magicoder/seed43	log_energy_ratio	gain_piqa	0.6731618328060892	7
A_all_versions	Qwen3-8B/magicoder/seed44	log_energy_ratio	gain_piqa	0.18531232916527532	7
A_all_versions	Qwen3-8B/metamath/seed42	log_energy_ratio	gain_piqa	-0.9536459298086264	7
A_all_versions	Qwen3-8B/metamath/seed43	log_energy_ratio	gain_piqa	-0.6918607726062583	7
A_all_versions	Qwen3-8B/metamath/seed44	log_energy_ratio	gain_piqa	-0.8155724192496483	7
A_all_versions	Qwen3-8B/tulu/seed42	log_energy_ratio	gain_piqa	0.07767356373806174	7
A_all_versions	Qwen3-8B/tulu/seed43	log_energy_ratio	gain_piqa	0.1320989873168695	7
A_all_versions	Qwen3-8B/tulu/seed44	log_energy_ratio	gain_piqa	0.03739787960033829	7
A_all_versions	Llama-3.1-8B-Instruct/magicoder/seed42	raw_fpr	gain_piqa	0.5048713746045669	7
A_all_versions	Llama-3.1-8B-Instruct/magicoder/seed43	raw_fpr	gain_piqa	-0.8108437164260032	7
A_all_versions	Llama-3.1-8B-Instruct/magicoder/seed44	raw_fpr	gain_piqa	-0.900937462695559	7
A_all_versions	Llama-3.1-8B-Instruct/metamath/seed42	raw_fpr	gain_piqa	0.03603749850782236	7
A_all_versions	Llama-3.1-8B-Instruct/metamath/seed43	raw_fpr	gain_piqa	0.9189562119494703	7
A_all_versions	Llama-3.1-8B-Instruct/metamath/seed44	raw_fpr	gain_piqa	0.9549937104572925	7
A_all_versions	Llama-3.1-8B-Instruct/tulu/seed42	raw_fpr	gain_piqa	-0.8899457101438082	7
A_all_versions	Llama-3.1-8B-Instruct/tulu/seed43	raw_fpr	gain_piqa	-0.37272727272727274	7
A_all_versions	Llama-3.1-8B-Instruct/tulu/seed44	raw_fpr	gain_piqa	-0.9189562119494703	7
A_all_versions	Qwen3-8B/magicoder/seed42	raw_fpr	gain_piqa	-0.22727272727272727	7
A_all_versions	Qwen3-8B/magicoder/seed43	raw_fpr	gain_piqa	-0.6363636363636364	7
A_all_versions	Qwen3-8B/magicoder/seed44	raw_fpr	gain_piqa	-0.23424374030084535	7
A_all_versions	Qwen3-8B/metamath/seed42	raw_fpr	gain_piqa	0.8363636363636363	7
A_all_versions	Qwen3-8B/metamath/seed43	raw_fpr	gain_piqa	0.6909090909090909	7
A_all_versions	Qwen3-8B/metamath/seed44	raw_fpr	gain_piqa	0.6230853024407228	7
A_all_versions	Qwen3-8B/tulu/seed42	raw_fpr	gain_piqa	-0.03776274560246805	7
A_all_versions	Qwen3-8B/tulu/seed43	raw_fpr	gain_piqa	-0.19266865889711313	7
A_all_versions	Qwen3-8B/tulu/seed44	raw_fpr	gain_piqa	-0.03636363636363636	7
A_all_versions	Llama-3.1-8B-Instruct/magicoder/seed42	full_moment_pr	gain_piqa	0.5048713746045669	7
A_all_versions	Llama-3.1-8B-Instruct/magicoder/seed43	full_moment_pr	gain_piqa	-0.8108437164260032	7
A_all_versions	Llama-3.1-8B-Instruct/magicoder/seed44	full_moment_pr	gain_piqa	-0.900937462695559	7
A_all_versions	Llama-3.1-8B-Instruct/metamath/seed42	full_moment_pr	gain_piqa	0.03603749850782236	7
A_all_versions	Llama-3.1-8B-Instruct/metamath/seed43	full_moment_pr	gain_piqa	0.9549937104572925	7
A_all_versions	Llama-3.1-8B-Instruct/metamath/seed44	full_moment_pr	gain_piqa	0.9189562119494703	7
A_all_versions	Llama-3.1-8B-Instruct/tulu/seed42	full_moment_pr	gain_piqa	-0.8899457101438082	7
A_all_versions	Llama-3.1-8B-Instruct/tulu/seed43	full_moment_pr	gain_piqa	-0.33636363636363636	7
A_all_versions	Llama-3.1-8B-Instruct/tulu/seed44	full_moment_pr	gain_piqa	-0.9549937104572925	7
A_all_versions	Qwen3-8B/magicoder/seed42	full_moment_pr	gain_piqa	-0.22727272727272727	7
A_all_versions	Qwen3-8B/magicoder/seed43	full_moment_pr	gain_piqa	-0.6363636363636364	7
A_all_versions	Qwen3-8B/magicoder/seed44	full_moment_pr	gain_piqa	-0.30631873731649006	7
A_all_versions	Qwen3-8B/metamath/seed42	full_moment_pr	gain_piqa	0.8363636363636363	7
A_all_versions	Qwen3-8B/metamath/seed43	full_moment_pr	gain_piqa	0.7818181818181817	7
A_all_versions	Qwen3-8B/metamath/seed44	full_moment_pr	gain_piqa	0.6986107936456589	7
A_all_versions	Qwen3-8B/tulu/seed42	full_moment_pr	gain_piqa	-0.03776274560246805	7
A_all_versions	Qwen3-8B/tulu/seed43	full_moment_pr	gain_piqa	-0.1009216784699164	7
A_all_versions	Qwen3-8B/tulu/seed44	full_moment_pr	gain_piqa	-0.03636363636363636	7
A_all_versions	Llama-3.1-8B-Instruct/magicoder/seed42	log_energy_ratio	gain_siqa	0.9536459298086264	7
A_all_versions	Llama-3.1-8B-Instruct/magicoder/seed43	log_energy_ratio	gain_siqa	0.9624354790229065	7
A_all_versions	Llama-3.1-8B-Instruct/magicoder/seed44	log_energy_ratio	gain_siqa	0.9349469900084572	7
A_all_versions	Llama-3.1-8B-Instruct/metamath/seed42	log_energy_ratio	gain_siqa	0.7041868508280462	7
A_all_versions	Llama-3.1-8B-Instruct/metamath/seed43	log_energy_ratio	gain_siqa	-0.9636241116594316	7
A_all_versions	Llama-3.1-8B-Instruct/metamath/seed44	log_energy_ratio	gain_siqa	-0.3178819766028754	7
A_all_versions	Llama-3.1-8B-Instruct/tulu/seed42	log_energy_ratio	gain_siqa	0.5188745216627708	7
A_all_versions	Llama-3.1-8B-Instruct/tulu/seed43	log_energy_ratio	gain_siqa	0.07479575920067658	7
A_all_versions	Llama-3.1-8B-Instruct/tulu/seed44	log_energy_ratio	gain_siqa	-0.5661385170722979	7
A_all_versions	Qwen3-8B/magicoder/seed42	log_energy_ratio	gain_siqa	-0.018698939800169144	7
A_all_versions	Qwen3-8B/magicoder/seed43	log_energy_ratio	gain_siqa	0.5609681940050744	7
A_all_versions	Qwen3-8B/magicoder/seed44	log_energy_ratio	gain_siqa	0.7767356373806173	7
A_all_versions	Qwen3-8B/metamath/seed42	log_energy_ratio	gain_siqa	0.11322770341445959	7
A_all_versions	Qwen3-8B/metamath/seed43	log_energy_ratio	gain_siqa	-0.8601512308077806	7
A_all_versions	Qwen3-8B/metamath/seed44	log_energy_ratio	gain_siqa	-0.9624354790229065	7
A_all_versions	Qwen3-8B/tulu/seed42	log_energy_ratio	gain_siqa	0.18698939800169145	7
A_all_versions	Qwen3-8B/tulu/seed43	log_energy_ratio	gain_siqa	0.4487745552040595	7
A_all_versions	Qwen3-8B/tulu/seed44	log_energy_ratio	gain_siqa	0.6604949365843475	7
A_all_versions	Llama-3.1-8B-Instruct/magicoder/seed42	raw_fpr	gain_siqa	-0.9818181818181818	7
A_all_versions	Llama-3.1-8B-Instruct/magicoder/seed43	raw_fpr	gain_siqa	-0.9725179925282852	7
A_all_versions	Llama-3.1-8B-Instruct/magicoder/seed44	raw_fpr	gain_siqa	-0.9818181818181818	7
A_all_versions	Llama-3.1-8B-Instruct/metamath/seed42	raw_fpr	gain_siqa	-0.7748062179181807	7
A_all_versions	Llama-3.1-8B-Instruct/metamath/seed43	raw_fpr	gain_siqa	0.9549937104572925	7
A_all_versions	Llama-3.1-8B-Instruct/metamath/seed44	raw_fpr	gain_siqa	0.4	7
A_all_versions	Llama-3.1-8B-Instruct/tulu/seed42	raw_fpr	gain_siqa	-0.18018749253911182	7
A_all_versions	Llama-3.1-8B-Instruct/tulu/seed43	raw_fpr	gain_siqa	-0.2636363636363636	7
A_all_versions	Llama-3.1-8B-Instruct/tulu/seed44	raw_fpr	gain_siqa	0.27524094128159016	7
A_all_versions	Qwen3-8B/magicoder/seed42	raw_fpr	gain_siqa	-0.16363636363636364	7
A_all_versions	Qwen3-8B/magicoder/seed43	raw_fpr	gain_siqa	-0.7090909090909091	7
A_all_versions	Qwen3-8B/magicoder/seed44	raw_fpr	gain_siqa	-0.8874245216579992	7
A_all_versions	Qwen3-8B/metamath/seed42	raw_fpr	gain_siqa	-0.1009216784699164	7
A_all_versions	Qwen3-8B/metamath/seed43	raw_fpr	gain_siqa	0.8636363636363636	7
A_all_versions	Qwen3-8B/metamath/seed44	raw_fpr	gain_siqa	0.8899457101438082	7
A_all_versions	Qwen3-8B/tulu/seed42	raw_fpr	gain_siqa	-0.32727272727272727	7
A_all_versions	Qwen3-8B/tulu/seed43	raw_fpr	gain_siqa	-0.44545454545454544	7
A_all_versions	Qwen3-8B/tulu/seed44	raw_fpr	gain_siqa	-0.7523252395030132	7
A_all_versions	Llama-3.1-8B-Instruct/magicoder/seed42	full_moment_pr	gain_siqa	-0.9818181818181818	7
A_all_versions	Llama-3.1-8B-Instruct/magicoder/seed43	full_moment_pr	gain_siqa	-0.9725179925282852	7
A_all_versions	Llama-3.1-8B-Instruct/magicoder/seed44	full_moment_pr	gain_siqa	-0.9818181818181818	7
A_all_versions	Llama-3.1-8B-Instruct/metamath/seed42	full_moment_pr	gain_siqa	-0.7748062179181807	7
A_all_versions	Llama-3.1-8B-Instruct/metamath/seed43	full_moment_pr	gain_siqa	0.9910312089651149	7
A_all_versions	Llama-3.1-8B-Instruct/metamath/seed44	full_moment_pr	gain_siqa	0.4	7
A_all_versions	Llama-3.1-8B-Instruct/tulu/seed42	full_moment_pr	gain_siqa	-0.18018749253911182	7
A_all_versions	Llama-3.1-8B-Instruct/tulu/seed43	full_moment_pr	gain_siqa	-0.20909090909090908	7
A_all_versions	Llama-3.1-8B-Instruct/tulu/seed44	full_moment_pr	gain_siqa	0.33028912953790823	7
A_all_versions	Qwen3-8B/magicoder/seed42	full_moment_pr	gain_siqa	-0.16363636363636364	7
A_all_versions	Qwen3-8B/magicoder/seed43	full_moment_pr	gain_siqa	-0.7090909090909091	7
A_all_versions	Qwen3-8B/magicoder/seed44	full_moment_pr	gain_siqa	-0.811899030453063	7
A_all_versions	Qwen3-8B/metamath/seed42	full_moment_pr	gain_siqa	-0.1009216784699164	7
A_all_versions	Qwen3-8B/metamath/seed43	full_moment_pr	gain_siqa	0.8272727272727274	7
A_all_versions	Qwen3-8B/metamath/seed44	full_moment_pr	gain_siqa	0.8899457101438082	7
A_all_versions	Qwen3-8B/tulu/seed42	full_moment_pr	gain_siqa	-0.32727272727272727	7
A_all_versions	Qwen3-8B/tulu/seed43	full_moment_pr	gain_siqa	-0.5	7
A_all_versions	Qwen3-8B/tulu/seed44	full_moment_pr	gain_siqa	-0.7523252395030132	7
A_all_versions	Llama-3.1-8B-Instruct/magicoder/seed42	log_energy_ratio	gain_winogrande	-0.9265616458263766	7
A_all_versions	Llama-3.1-8B-Instruct/magicoder/seed43	log_energy_ratio	gain_winogrande	-0.056613851707229795	7
A_all_versions	Llama-3.1-8B-Instruct/magicoder/seed44	log_energy_ratio	gain_winogrande	-0.523570314404736	7
A_all_versions	Llama-3.1-8B-Instruct/metamath/seed42	log_energy_ratio	gain_winogrande	-0.8076923076923077	7
A_all_versions	Llama-3.1-8B-Instruct/metamath/seed43	log_energy_ratio	gain_winogrande	-0.6918607726062583	7
A_all_versions	Llama-3.1-8B-Instruct/metamath/seed44	log_energy_ratio	gain_winogrande	-0.5983660736054126	7
A_all_versions	Llama-3.1-8B-Instruct/tulu/seed42	log_energy_ratio	gain_winogrande	-0.9265616458263766	7
A_all_versions	Llama-3.1-8B-Instruct/tulu/seed43	log_energy_ratio	gain_winogrande	-0.7783117824941563	7
A_all_versions	Llama-3.1-8B-Instruct/tulu/seed44	log_energy_ratio	gain_winogrande	-0.18698939800169145	7
A_all_versions	Qwen3-8B/magicoder/seed42	log_energy_ratio	gain_winogrande	0.1682904582015223	7
A_all_versions	Qwen3-8B/magicoder/seed43	log_energy_ratio	gain_winogrande	0.4113766756037212	7
A_all_versions	Qwen3-8B/magicoder/seed44	log_energy_ratio	gain_winogrande	0.07412493166611013	7
A_all_versions	Qwen3-8B/metamath/seed42	log_energy_ratio	gain_winogrande	0.05609681940050744	7
A_all_versions	Qwen3-8B/metamath/seed43	log_energy_ratio	gain_winogrande	0.5983660736054126	7
A_all_versions	Qwen3-8B/metamath/seed44	log_energy_ratio	gain_winogrande	0.056613851707229795	7
A_all_versions	Qwen3-8B/tulu/seed42	log_energy_ratio	gain_winogrande	-0.11538461538461539	7
A_all_versions	Qwen3-8B/tulu/seed43	log_energy_ratio	gain_winogrande	0.9349469900084572	7
A_all_versions	Qwen3-8B/tulu/seed44	log_energy_ratio	gain_winogrande	0.8414522910076115	7
A_all_versions	Llama-3.1-8B-Instruct/magicoder/seed42	raw_fpr	gain_winogrande	0.9189562119494703	7
A_all_versions	Llama-3.1-8B-Instruct/magicoder/seed43	raw_fpr	gain_winogrande	-0.11009637651263608	7
A_all_versions	Llama-3.1-8B-Instruct/magicoder/seed44	raw_fpr	gain_winogrande	0.5363636363636364	7
A_all_versions	Llama-3.1-8B-Instruct/metamath/seed42	raw_fpr	gain_winogrande	0.8040544114072732	7
A_all_versions	Llama-3.1-8B-Instruct/metamath/seed43	raw_fpr	gain_winogrande	0.6181818181818182	7
A_all_versions	Llama-3.1-8B-Instruct/metamath/seed44	raw_fpr	gain_winogrande	0.509090909090909	7
A_all_versions	Llama-3.1-8B-Instruct/tulu/seed42	raw_fpr	gain_winogrande	0.8468812149338255	7
A_all_versions	Llama-3.1-8B-Instruct/tulu/seed43	raw_fpr	gain_winogrande	0.6126374746329801	7
A_all_versions	Llama-3.1-8B-Instruct/tulu/seed44	raw_fpr	gain_winogrande	-0.00909090909090909	7
A_all_versions	Qwen3-8B/magicoder/seed42	raw_fpr	gain_winogrande	-0.34545454545454546	7
A_all_versions	Qwen3-8B/magicoder/seed43	raw_fpr	gain_winogrande	-0.5454545454545454	7
A_all_versions	Qwen3-8B/magicoder/seed44	raw_fpr	gain_winogrande	-0.25226248955475655	7
A_all_versions	Qwen3-8B/metamath/seed42	raw_fpr	gain_winogrande	-0.00909090909090909	7
A_all_versions	Qwen3-8B/metamath/seed43	raw_fpr	gain_winogrande	-0.5636363636363636	7
A_all_versions	Qwen3-8B/metamath/seed44	raw_fpr	gain_winogrande	-0.22019275302527216	7
A_all_versions	Qwen3-8B/tulu/seed42	raw_fpr	gain_winogrande	0.2991830368027063	7
A_all_versions	Qwen3-8B/tulu/seed43	raw_fpr	gain_winogrande	-0.9454545454545454	7
A_all_versions	Qwen3-8B/tulu/seed44	raw_fpr	gain_winogrande	-0.8363636363636363	7
A_all_versions	Llama-3.1-8B-Instruct/magicoder/seed42	full_moment_pr	gain_winogrande	0.9189562119494703	7
A_all_versions	Llama-3.1-8B-Instruct/magicoder/seed43	full_moment_pr	gain_winogrande	-0.11009637651263608	7
A_all_versions	Llama-3.1-8B-Instruct/magicoder/seed44	full_moment_pr	gain_winogrande	0.5363636363636364	7
A_all_versions	Llama-3.1-8B-Instruct/metamath/seed42	full_moment_pr	gain_winogrande	0.8040544114072732	7
A_all_versions	Llama-3.1-8B-Instruct/metamath/seed43	full_moment_pr	gain_winogrande	0.7090909090909091	7
A_all_versions	Llama-3.1-8B-Instruct/metamath/seed44	full_moment_pr	gain_winogrande	0.6545454545454545	7
A_all_versions	Llama-3.1-8B-Instruct/tulu/seed42	full_moment_pr	gain_winogrande	0.8468812149338255	7
A_all_versions	Llama-3.1-8B-Instruct/tulu/seed43	full_moment_pr	gain_winogrande	0.5765999761251578	7
A_all_versions	Llama-3.1-8B-Instruct/tulu/seed44	full_moment_pr	gain_winogrande	-0.08181818181818182	7
A_all_versions	Qwen3-8B/magicoder/seed42	full_moment_pr	gain_winogrande	-0.34545454545454546	7
A_all_versions	Qwen3-8B/magicoder/seed43	full_moment_pr	gain_winogrande	-0.5454545454545454	7
A_all_versions	Qwen3-8B/magicoder/seed44	full_moment_pr	gain_winogrande	-0.21622499104693418	7
A_all_versions	Qwen3-8B/metamath/seed42	full_moment_pr	gain_winogrande	-0.00909090909090909	7
A_all_versions	Qwen3-8B/metamath/seed43	full_moment_pr	gain_winogrande	-0.5272727272727272	7
A_all_versions	Qwen3-8B/metamath/seed44	full_moment_pr	gain_winogrande	-0.27524094128159016	7
A_all_versions	Qwen3-8B/tulu/seed42	full_moment_pr	gain_winogrande	0.2991830368027063	7
A_all_versions	Qwen3-8B/tulu/seed43	full_moment_pr	gain_winogrande	-0.9818181818181818	7
A_all_versions	Qwen3-8B/tulu/seed44	full_moment_pr	gain_winogrande	-0.8363636363636363	7
B_edited_only	Llama-3.1-8B-Instruct/magicoder/seed42	log_energy_ratio	target_gain	-0.03225806451612903	6
B_edited_only	Llama-3.1-8B-Instruct/magicoder/seed43	log_energy_ratio	target_gain	0.8128970193249391	6
B_edited_only	Llama-3.1-8B-Instruct/magicoder/seed44	log_energy_ratio	target_gain	0.18481233109010925	6
B_edited_only	Llama-3.1-8B-Instruct/metamath/seed42	log_energy_ratio	target_gain	-0.7589709258986453	6
B_edited_only	Llama-3.1-8B-Instruct/metamath/seed43	log_energy_ratio	target_gain	-0.9411239481143202	6
B_edited_only	Llama-3.1-8B-Instruct/metamath/seed44	log_energy_ratio	target_gain	-0.9411239481143202	6
B_edited_only	Llama-3.1-8B-Instruct/tulu/seed42	log_energy_ratio	target_gain	-0.03080205518168487	6
B_edited_only	Llama-3.1-8B-Instruct/tulu/seed43	log_energy_ratio	target_gain	-0.22580645161290325	6
B_edited_only	Llama-3.1-8B-Instruct/tulu/seed44	log_energy_ratio	target_gain	0.03080205518168487	6
B_edited_only	Qwen3-8B/magicoder/seed42	log_energy_ratio	target_gain	0.954863710632231	6
B_edited_only	Qwen3-8B/magicoder/seed43	log_energy_ratio	target_gain	0.9240616554505461	6
B_edited_only	Qwen3-8B/magicoder/seed44	log_energy_ratio	target_gain	0.8804062740424288	6
B_edited_only	Qwen3-8B/metamath/seed42	log_energy_ratio	target_gain	0.2156143862717941	6
B_edited_only	Qwen3-8B/metamath/seed43	log_energy_ratio	target_gain	-0.06160411036336974	6
B_edited_only	Qwen3-8B/metamath/seed44	log_energy_ratio	target_gain	-0.6776452139970671	6
B_edited_only	Qwen3-8B/tulu/seed42	log_energy_ratio	target_gain	-0.8196885999705371	6
B_edited_only	Qwen3-8B/tulu/seed43	log_energy_ratio	target_gain	0.15401027590842434	6
B_edited_only	Qwen3-8B/tulu/seed44	log_energy_ratio	target_gain	-0.739249324360437	6
B_edited_only	Llama-3.1-8B-Instruct/magicoder/seed42	raw_fpr	target_gain	-0.09107651110783746	6
B_edited_only	Llama-3.1-8B-Instruct/magicoder/seed43	raw_fpr	target_gain	-0.8827348295047495	6
B_edited_only	Llama-3.1-8B-Instruct/magicoder/seed44	raw_fpr	target_gain	-0.4638168285219587	6
B_edited_only	Llama-3.1-8B-Instruct/metamath/seed42	raw_fpr	target_gain	0.7714285714285715	6
B_edited_only	Llama-3.1-8B-Instruct/metamath/seed43	raw_fpr	target_gain	0.7714285714285715	6
B_edited_only	Llama-3.1-8B-Instruct/metamath/seed44	raw_fpr	target_gain	0.942857142857143	6
B_edited_only	Llama-3.1-8B-Instruct/tulu/seed42	raw_fpr	target_gain	-0.08696565534786727	6
B_edited_only	Llama-3.1-8B-Instruct/tulu/seed43	raw_fpr	target_gain	0.5161002296110789	6
B_edited_only	Llama-3.1-8B-Instruct/tulu/seed44	raw_fpr	target_gain	-0.17393131069573453	6
B_edited_only	Qwen3-8B/magicoder/seed42	raw_fpr	target_gain	-0.9856107606091624	6
B_edited_only	Qwen3-8B/magicoder/seed43	raw_fpr	target_gain	-0.9856107606091624	6
B_edited_only	Qwen3-8B/magicoder/seed44	raw_fpr	target_gain	-0.942857142857143	6
B_edited_only	Qwen3-8B/metamath/seed42	raw_fpr	target_gain	-0.02898855178262242	6
B_edited_only	Qwen3-8B/metamath/seed43	raw_fpr	target_gain	0.23190841426097936	6
B_edited_only	Qwen3-8B/metamath/seed44	raw_fpr	target_gain	0.6957252427829381	6
B_edited_only	Qwen3-8B/tulu/seed42	raw_fpr	target_gain	0.6571428571428573	6
B_edited_only	Qwen3-8B/tulu/seed43	raw_fpr	target_gain	-0.05797710356524484	6
B_edited_only	Qwen3-8B/tulu/seed44	raw_fpr	target_gain	0.5797710356524485	6
B_edited_only	Llama-3.1-8B-Instruct/magicoder/seed42	full_moment_pr	target_gain	-0.09107651110783746	6
B_edited_only	Llama-3.1-8B-Instruct/magicoder/seed43	full_moment_pr	target_gain	-0.8827348295047495	6
B_edited_only	Llama-3.1-8B-Instruct/magicoder/seed44	full_moment_pr	target_gain	-0.4638168285219587	6
B_edited_only	Llama-3.1-8B-Instruct/metamath/seed42	full_moment_pr	target_gain	0.7714285714285715	6
B_edited_only	Llama-3.1-8B-Instruct/metamath/seed43	full_moment_pr	target_gain	0.8285714285714287	6
B_edited_only	Llama-3.1-8B-Instruct/metamath/seed44	full_moment_pr	target_gain	1.0	6
B_edited_only	Llama-3.1-8B-Instruct/tulu/seed42	full_moment_pr	target_gain	-0.08696565534786727	6
B_edited_only	Llama-3.1-8B-Instruct/tulu/seed43	full_moment_pr	target_gain	0.4553825555391872	6
B_edited_only	Llama-3.1-8B-Instruct/tulu/seed44	full_moment_pr	target_gain	0.08696565534786727	6
B_edited_only	Qwen3-8B/magicoder/seed42	full_moment_pr	target_gain	-0.9856107606091624	6
B_edited_only	Qwen3-8B/magicoder/seed43	full_moment_pr	target_gain	-0.9856107606091624	6
B_edited_only	Qwen3-8B/magicoder/seed44	full_moment_pr	target_gain	-0.8857142857142858	6
B_edited_only	Qwen3-8B/metamath/seed42	full_moment_pr	target_gain	-0.02898855178262242	6
B_edited_only	Qwen3-8B/metamath/seed43	full_moment_pr	target_gain	0.08696565534786727	6
B_edited_only	Qwen3-8B/metamath/seed44	full_moment_pr	target_gain	0.6087595874350709	6
B_edited_only	Qwen3-8B/tulu/seed42	full_moment_pr	target_gain	0.6571428571428573	6
B_edited_only	Qwen3-8B/tulu/seed43	full_moment_pr	target_gain	0.14494275891311212	6
B_edited_only	Qwen3-8B/tulu/seed44	full_moment_pr	target_gain	0.5797710356524485	6
B_edited_only	Llama-3.1-8B-Instruct/magicoder/seed42	log_energy_ratio	off_gain	-0.2732295333235123	6
B_edited_only	Llama-3.1-8B-Instruct/magicoder/seed43	log_energy_ratio	off_gain	0.5161002296110789	6
B_edited_only	Llama-3.1-8B-Instruct/magicoder/seed44	log_energy_ratio	off_gain	0.8804062740424288	6
B_edited_only	Llama-3.1-8B-Instruct/metamath/seed42	log_energy_ratio	off_gain	0.2732295333235123	6
B_edited_only	Llama-3.1-8B-Instruct/metamath/seed43	log_energy_ratio	off_gain	-0.030358837035945815	6
B_edited_only	Llama-3.1-8B-Instruct/metamath/seed44	log_energy_ratio	off_gain	-0.030358837035945815	6
B_edited_only	Llama-3.1-8B-Instruct/tulu/seed42	log_energy_ratio	off_gain	0.9411239481143202	6
B_edited_only	Llama-3.1-8B-Instruct/tulu/seed43	log_energy_ratio	off_gain	0.7589709258986453	6
B_edited_only	Llama-3.1-8B-Instruct/tulu/seed44	log_energy_ratio	off_gain	0.9411239481143202	6
B_edited_only	Qwen3-8B/magicoder/seed42	log_energy_ratio	off_gain	0.9411239481143202	6
B_edited_only	Qwen3-8B/magicoder/seed43	log_energy_ratio	off_gain	0.8804062740424288	6
B_edited_only	Qwen3-8B/magicoder/seed44	log_energy_ratio	off_gain	0.7589709258986453	6
B_edited_only	Qwen3-8B/metamath/seed42	log_energy_ratio	off_gain	-0.8804062740424288	6
B_edited_only	Qwen3-8B/metamath/seed43	log_energy_ratio	off_gain	-0.8804062740424288	6
B_edited_only	Qwen3-8B/metamath/seed44	log_energy_ratio	off_gain	-0.5161002296110789	6
B_edited_only	Qwen3-8B/tulu/seed42	log_energy_ratio	off_gain	0.15179418517972906	6
B_edited_only	Qwen3-8B/tulu/seed43	log_energy_ratio	off_gain	0.8804062740424288	6
B_edited_only	Qwen3-8B/tulu/seed44	log_energy_ratio	off_gain	0.5161002296110789	6
B_edited_only	Llama-3.1-8B-Instruct/magicoder/seed42	raw_fpr	off_gain	0.14285714285714288	6
B_edited_only	Llama-3.1-8B-Instruct/magicoder/seed43	raw_fpr	off_gain	-0.6	6
B_edited_only	Llama-3.1-8B-Instruct/magicoder/seed44	raw_fpr	off_gain	-0.8857142857142858	6
B_edited_only	Llama-3.1-8B-Instruct/metamath/seed42	raw_fpr	off_gain	0.028571428571428574	6
B_edited_only	Llama-3.1-8B-Instruct/metamath/seed43	raw_fpr	off_gain	0.028571428571428574	6
B_edited_only	Llama-3.1-8B-Instruct/metamath/seed44	raw_fpr	off_gain	-0.2571428571428572	6
B_edited_only	Llama-3.1-8B-Instruct/tulu/seed42	raw_fpr	off_gain	-0.8857142857142858	6
B_edited_only	Llama-3.1-8B-Instruct/tulu/seed43	raw_fpr	off_gain	-0.6	6
B_edited_only	Llama-3.1-8B-Instruct/tulu/seed44	raw_fpr	off_gain	-0.8857142857142858	6
B_edited_only	Qwen3-8B/magicoder/seed42	raw_fpr	off_gain	-1.0	6
B_edited_only	Qwen3-8B/magicoder/seed43	raw_fpr	off_gain	-0.7142857142857143	6
B_edited_only	Qwen3-8B/magicoder/seed44	raw_fpr	off_gain	-0.8285714285714287	6
B_edited_only	Qwen3-8B/metamath/seed42	raw_fpr	off_gain	0.942857142857143	6
B_edited_only	Qwen3-8B/metamath/seed43	raw_fpr	off_gain	0.942857142857143	6
B_edited_only	Qwen3-8B/metamath/seed44	raw_fpr	off_gain	0.6	6
B_edited_only	Qwen3-8B/tulu/seed42	raw_fpr	off_gain	0.08571428571428573	6
B_edited_only	Qwen3-8B/tulu/seed43	raw_fpr	off_gain	-0.8857142857142858	6
B_edited_only	Qwen3-8B/tulu/seed44	raw_fpr	off_gain	-0.3714285714285715	6
B_edited_only	Llama-3.1-8B-Instruct/magicoder/seed42	full_moment_pr	off_gain	0.14285714285714288	6
B_edited_only	Llama-3.1-8B-Instruct/magicoder/seed43	full_moment_pr	off_gain	-0.6	6
B_edited_only	Llama-3.1-8B-Instruct/magicoder/seed44	full_moment_pr	off_gain	-0.8857142857142858	6
B_edited_only	Llama-3.1-8B-Instruct/metamath/seed42	full_moment_pr	off_gain	0.028571428571428574	6
B_edited_only	Llama-3.1-8B-Instruct/metamath/seed43	full_moment_pr	off_gain	-0.08571428571428573	6
B_edited_only	Llama-3.1-8B-Instruct/metamath/seed44	full_moment_pr	off_gain	-0.14285714285714288	6
B_edited_only	Llama-3.1-8B-Instruct/tulu/seed42	full_moment_pr	off_gain	-0.8857142857142858	6
B_edited_only	Llama-3.1-8B-Instruct/tulu/seed43	full_moment_pr	off_gain	-0.6571428571428573	6
B_edited_only	Llama-3.1-8B-Instruct/tulu/seed44	full_moment_pr	off_gain	-0.942857142857143	6
B_edited_only	Qwen3-8B/magicoder/seed42	full_moment_pr	off_gain	-1.0	6
B_edited_only	Qwen3-8B/magicoder/seed43	full_moment_pr	off_gain	-0.7142857142857143	6
B_edited_only	Qwen3-8B/magicoder/seed44	full_moment_pr	off_gain	-0.7714285714285715	6
B_edited_only	Qwen3-8B/metamath/seed42	full_moment_pr	off_gain	0.942857142857143	6
B_edited_only	Qwen3-8B/metamath/seed43	full_moment_pr	off_gain	1.0	6
B_edited_only	Qwen3-8B/metamath/seed44	full_moment_pr	off_gain	0.48571428571428577	6
B_edited_only	Qwen3-8B/tulu/seed42	full_moment_pr	off_gain	0.08571428571428573	6
B_edited_only	Qwen3-8B/tulu/seed43	full_moment_pr	off_gain	-0.7714285714285715	6
B_edited_only	Qwen3-8B/tulu/seed44	full_moment_pr	off_gain	-0.3714285714285715	6
B_edited_only	Llama-3.1-8B-Instruct/magicoder/seed42	log_energy_ratio	fg_reduction	0.21251185925162072	6
B_edited_only	Llama-3.1-8B-Instruct/magicoder/seed43	log_energy_ratio	fg_reduction	-0.8804062740424288	6
B_edited_only	Llama-3.1-8B-Instruct/magicoder/seed44	log_energy_ratio	fg_reduction	-0.8932596002688613	6
B_edited_only	Llama-3.1-8B-Instruct/metamath/seed42	log_energy_ratio	fg_reduction	-0.45538255553918716	6
B_edited_only	Llama-3.1-8B-Instruct/metamath/seed43	log_energy_ratio	fg_reduction	-0.21251185925162072	6
B_edited_only	Llama-3.1-8B-Instruct/metamath/seed44	log_energy_ratio	fg_reduction	-0.27721849663516385	6
B_edited_only	Llama-3.1-8B-Instruct/tulu/seed42	log_energy_ratio	fg_reduction	0.15179418517972906	6
B_edited_only	Llama-3.1-8B-Instruct/tulu/seed43	log_energy_ratio	fg_reduction	0.8261843893231646	6
B_edited_only	Llama-3.1-8B-Instruct/tulu/seed44	log_energy_ratio	fg_reduction	0.9354838709677421	6
B_edited_only	Qwen3-8B/magicoder/seed42	log_energy_ratio	fg_reduction		6
B_edited_only	Qwen3-8B/magicoder/seed43	log_energy_ratio	fg_reduction		6
B_edited_only	Qwen3-8B/magicoder/seed44	log_energy_ratio	fg_reduction		6
B_edited_only	Qwen3-8B/metamath/seed42	log_energy_ratio	fg_reduction	-0.41736500618415145	6
B_edited_only	Qwen3-8B/metamath/seed43	log_energy_ratio	fg_reduction		6
B_edited_only	Qwen3-8B/metamath/seed44	log_energy_ratio	fg_reduction	-0.41736500618415145	6
B_edited_only	Qwen3-8B/tulu/seed42	log_energy_ratio	fg_reduction		6
B_edited_only	Qwen3-8B/tulu/seed43	log_energy_ratio	fg_reduction		6
B_edited_only	Qwen3-8B/tulu/seed44	log_energy_ratio	fg_reduction		6
B_edited_only	Llama-3.1-8B-Instruct/magicoder/seed42	raw_fpr	fg_reduction	-0.2571428571428572	6
B_edited_only	Llama-3.1-8B-Instruct/magicoder/seed43	raw_fpr	fg_reduction	0.7714285714285715	6
B_edited_only	Llama-3.1-8B-Instruct/magicoder/seed44	raw_fpr	fg_reduction	0.753702346348183	6
B_edited_only	Llama-3.1-8B-Instruct/metamath/seed42	raw_fpr	fg_reduction	0.6	6
B_edited_only	Llama-3.1-8B-Instruct/metamath/seed43	raw_fpr	fg_reduction	0.5428571428571429	6
B_edited_only	Llama-3.1-8B-Instruct/metamath/seed44	raw_fpr	fg_reduction	0.4638168285219587	6
B_edited_only	Llama-3.1-8B-Instruct/tulu/seed42	raw_fpr	fg_reduction	0.028571428571428574	6
B_edited_only	Llama-3.1-8B-Instruct/tulu/seed43	raw_fpr	fg_reduction	-0.8451542547285165	6
B_edited_only	Llama-3.1-8B-Instruct/tulu/seed44	raw_fpr	fg_reduction	-0.9411239481143202	6
B_edited_only	Qwen3-8B/magicoder/seed42	raw_fpr	fg_reduction		6
B_edited_only	Qwen3-8B/magicoder/seed43	raw_fpr	fg_reduction		6
B_edited_only	Qwen3-8B/magicoder/seed44	raw_fpr	fg_reduction		6
B_edited_only	Qwen3-8B/metamath/seed42	raw_fpr	fg_reduction	0.6546536707079772	6
B_edited_only	Qwen3-8B/metamath/seed43	raw_fpr	fg_reduction		6
B_edited_only	Qwen3-8B/metamath/seed44	raw_fpr	fg_reduction	0.6546536707079772	6
B_edited_only	Qwen3-8B/tulu/seed42	raw_fpr	fg_reduction		6
B_edited_only	Qwen3-8B/tulu/seed43	raw_fpr	fg_reduction		6
B_edited_only	Qwen3-8B/tulu/seed44	raw_fpr	fg_reduction		6
B_edited_only	Llama-3.1-8B-Instruct/magicoder/seed42	full_moment_pr	fg_reduction	-0.2571428571428572	6
B_edited_only	Llama-3.1-8B-Instruct/magicoder/seed43	full_moment_pr	fg_reduction	0.7714285714285715	6
B_edited_only	Llama-3.1-8B-Instruct/magicoder/seed44	full_moment_pr	fg_reduction	0.753702346348183	6
B_edited_only	Llama-3.1-8B-Instruct/metamath/seed42	full_moment_pr	fg_reduction	0.6	6
B_edited_only	Llama-3.1-8B-Instruct/metamath/seed43	full_moment_pr	fg_reduction	0.3714285714285715	6
B_edited_only	Llama-3.1-8B-Instruct/metamath/seed44	full_moment_pr	fg_reduction	0.5217939320872036	6
B_edited_only	Llama-3.1-8B-Instruct/tulu/seed42	full_moment_pr	fg_reduction	0.028571428571428574	6
B_edited_only	Llama-3.1-8B-Instruct/tulu/seed43	full_moment_pr	fg_reduction	-0.7775419143502353	6
B_edited_only	Llama-3.1-8B-Instruct/tulu/seed44	full_moment_pr	fg_reduction	-0.8804062740424288	6
B_edited_only	Qwen3-8B/magicoder/seed42	full_moment_pr	fg_reduction		6
B_edited_only	Qwen3-8B/magicoder/seed43	full_moment_pr	fg_reduction		6
B_edited_only	Qwen3-8B/magicoder/seed44	full_moment_pr	fg_reduction		6
B_edited_only	Qwen3-8B/metamath/seed42	full_moment_pr	fg_reduction	0.6546536707079772	6
B_edited_only	Qwen3-8B/metamath/seed43	full_moment_pr	fg_reduction		6
B_edited_only	Qwen3-8B/metamath/seed44	full_moment_pr	fg_reduction	0.6546536707079772	6
B_edited_only	Qwen3-8B/tulu/seed42	full_moment_pr	fg_reduction		6
B_edited_only	Qwen3-8B/tulu/seed43	full_moment_pr	fg_reduction		6
B_edited_only	Qwen3-8B/tulu/seed44	full_moment_pr	fg_reduction		6
B_edited_only	Llama-3.1-8B-Instruct/magicoder/seed42	log_energy_ratio	gain_magicoder	-0.03225806451612903	6
B_edited_only	Llama-3.1-8B-Instruct/magicoder/seed43	log_energy_ratio	gain_magicoder	0.8128970193249391	6
B_edited_only	Llama-3.1-8B-Instruct/magicoder/seed44	log_energy_ratio	gain_magicoder	0.18481233109010925	6
B_edited_only	Llama-3.1-8B-Instruct/metamath/seed42	log_energy_ratio	gain_magicoder	0.33394720739540396	6
B_edited_only	Llama-3.1-8B-Instruct/metamath/seed43	log_energy_ratio	gain_magicoder	0.7700513795421217	6
B_edited_only	Llama-3.1-8B-Instruct/metamath/seed44	log_energy_ratio	gain_magicoder	0.18759161984421674	6
B_edited_only	Llama-3.1-8B-Instruct/tulu/seed42	log_energy_ratio	gain_magicoder	0.8196885999705371	6
B_edited_only	Llama-3.1-8B-Instruct/tulu/seed43	log_energy_ratio	gain_magicoder	0.8316554899054915	6
B_edited_only	Llama-3.1-8B-Instruct/tulu/seed44	log_energy_ratio	gain_magicoder	0.4918693768379647	6
B_edited_only	Qwen3-8B/magicoder/seed42	log_energy_ratio	gain_magicoder	0.954863710632231	6
B_edited_only	Qwen3-8B/magicoder/seed43	log_energy_ratio	gain_magicoder	0.9240616554505461	6
B_edited_only	Qwen3-8B/magicoder/seed44	log_energy_ratio	gain_magicoder	0.8804062740424288	6
B_edited_only	Qwen3-8B/metamath/seed42	log_energy_ratio	gain_magicoder	-0.8316554899054915	6
B_edited_only	Qwen3-8B/metamath/seed43	log_energy_ratio	gain_magicoder	-0.8932596002688613	6
B_edited_only	Qwen3-8B/metamath/seed44	log_energy_ratio	gain_magicoder	-0.4312287725435882	6
B_edited_only	Qwen3-8B/tulu/seed42	log_energy_ratio	gain_magicoder	0.15401027590842434	6
B_edited_only	Qwen3-8B/tulu/seed43	log_energy_ratio	gain_magicoder	0.6886171275731507	6
B_edited_only	Qwen3-8B/tulu/seed44	log_energy_ratio	gain_magicoder	0.5852390484520126	6
B_edited_only	Llama-3.1-8B-Instruct/magicoder/seed42	raw_fpr	gain_magicoder	-0.09107651110783746	6
B_edited_only	Llama-3.1-8B-Instruct/magicoder/seed43	raw_fpr	gain_magicoder	-0.8827348295047495	6
B_edited_only	Llama-3.1-8B-Instruct/magicoder/seed44	raw_fpr	gain_magicoder	-0.4638168285219587	6
B_edited_only	Llama-3.1-8B-Instruct/metamath/seed42	raw_fpr	gain_magicoder	-0.028571428571428574	6
B_edited_only	Llama-3.1-8B-Instruct/metamath/seed43	raw_fpr	gain_magicoder	-0.753702346348183	6
B_edited_only	Llama-3.1-8B-Instruct/metamath/seed44	raw_fpr	gain_magicoder	-0.44136741475237473	6
B_edited_only	Llama-3.1-8B-Instruct/tulu/seed42	raw_fpr	gain_magicoder	-0.6571428571428573	6
B_edited_only	Llama-3.1-8B-Instruct/tulu/seed43	raw_fpr	gain_magicoder	-0.6377481392176932	6
B_edited_only	Llama-3.1-8B-Instruct/tulu/seed44	raw_fpr	gain_magicoder	-0.49377071987869414	6
B_edited_only	Qwen3-8B/magicoder/seed42	raw_fpr	gain_magicoder	-0.9856107606091624	6
B_edited_only	Qwen3-8B/magicoder/seed43	raw_fpr	gain_magicoder	-0.9856107606091624	6
B_edited_only	Qwen3-8B/magicoder/seed44	raw_fpr	gain_magicoder	-0.942857142857143	6
B_edited_only	Qwen3-8B/metamath/seed42	raw_fpr	gain_magicoder	0.898645105261295	6
B_edited_only	Qwen3-8B/metamath/seed43	raw_fpr	gain_magicoder	0.9276336570439174	6
B_edited_only	Qwen3-8B/metamath/seed44	raw_fpr	gain_magicoder	0.6377481392176932	6
B_edited_only	Qwen3-8B/tulu/seed42	raw_fpr	gain_magicoder	0.05797710356524484	6
B_edited_only	Qwen3-8B/tulu/seed43	raw_fpr	gain_magicoder	-0.7715167498104596	6
B_edited_only	Qwen3-8B/tulu/seed44	raw_fpr	gain_magicoder	-0.4058397249567139	6
B_edited_only	Llama-3.1-8B-Instruct/magicoder/seed42	full_moment_pr	gain_magicoder	-0.09107651110783746	6
B_edited_only	Llama-3.1-8B-Instruct/magicoder/seed43	full_moment_pr	gain_magicoder	-0.8827348295047495	6
B_edited_only	Llama-3.1-8B-Instruct/magicoder/seed44	full_moment_pr	gain_magicoder	-0.4638168285219587	6
B_edited_only	Llama-3.1-8B-Instruct/metamath/seed42	full_moment_pr	gain_magicoder	-0.028571428571428574	6
B_edited_only	Llama-3.1-8B-Instruct/metamath/seed43	full_moment_pr	gain_magicoder	-0.8116794499134278	6
B_edited_only	Llama-3.1-8B-Instruct/metamath/seed44	full_moment_pr	gain_magicoder	-0.3236694374850748	6
B_edited_only	Llama-3.1-8B-Instruct/tulu/seed42	full_moment_pr	gain_magicoder	-0.6571428571428573	6
B_edited_only	Llama-3.1-8B-Instruct/tulu/seed43	full_moment_pr	gain_magicoder	-0.7247137945655605	6
B_edited_only	Llama-3.1-8B-Instruct/tulu/seed44	full_moment_pr	gain_magicoder	-0.6172133998483676	6
B_edited_only	Qwen3-8B/magicoder/seed42	full_moment_pr	gain_magicoder	-0.9856107606091624	6
B_edited_only	Qwen3-8B/magicoder/seed43	full_moment_pr	gain_magicoder	-0.9856107606091624	6
B_edited_only	Qwen3-8B/magicoder/seed44	full_moment_pr	gain_magicoder	-0.8857142857142858	6
B_edited_only	Qwen3-8B/metamath/seed42	full_moment_pr	gain_magicoder	0.898645105261295	6
B_edited_only	Qwen3-8B/metamath/seed43	full_moment_pr	gain_magicoder	0.9856107606091624	6
B_edited_only	Qwen3-8B/metamath/seed44	full_moment_pr	gain_magicoder	0.4928053803045812	6
B_edited_only	Qwen3-8B/tulu/seed42	full_moment_pr	gain_magicoder	0.05797710356524484	6
B_edited_only	Qwen3-8B/tulu/seed43	full_moment_pr	gain_magicoder	-0.6172133998483676	6
B_edited_only	Qwen3-8B/tulu/seed44	full_moment_pr	gain_magicoder	-0.4058397249567139	6
B_edited_only	Llama-3.1-8B-Instruct/magicoder/seed42	log_energy_ratio	gain_metamath	-0.2732295333235123	6
B_edited_only	Llama-3.1-8B-Instruct/magicoder/seed43	log_energy_ratio	gain_metamath	0.8804062740424288	6
B_edited_only	Llama-3.1-8B-Instruct/magicoder/seed44	log_energy_ratio	gain_metamath	0.8804062740424288	6
B_edited_only	Llama-3.1-8B-Instruct/metamath/seed42	log_energy_ratio	gain_metamath	-0.7589709258986453	6
B_edited_only	Llama-3.1-8B-Instruct/metamath/seed43	log_energy_ratio	gain_metamath	-0.9411239481143202	6
B_edited_only	Llama-3.1-8B-Instruct/metamath/seed44	log_energy_ratio	gain_metamath	-0.9411239481143202	6
B_edited_only	Llama-3.1-8B-Instruct/tulu/seed42	log_energy_ratio	gain_metamath	0.9411239481143202	6
B_edited_only	Llama-3.1-8B-Instruct/tulu/seed43	log_energy_ratio	gain_metamath	-0.7589709258986453	6
B_edited_only	Llama-3.1-8B-Instruct/tulu/seed44	log_energy_ratio	gain_metamath	0.9240616554505461	6
B_edited_only	Qwen3-8B/magicoder/seed42	log_energy_ratio	gain_metamath	0.9411239481143202	6
B_edited_only	Qwen3-8B/magicoder/seed43	log_energy_ratio	gain_metamath	0.8932596002688613	6
B_edited_only	Qwen3-8B/magicoder/seed44	log_energy_ratio	gain_metamath	0.9411239481143202	6
B_edited_only	Qwen3-8B/metamath/seed42	log_energy_ratio	gain_metamath	0.2156143862717941	6
B_edited_only	Qwen3-8B/metamath/seed43	log_energy_ratio	gain_metamath	-0.06160411036336974	6
B_edited_only	Qwen3-8B/metamath/seed44	log_energy_ratio	gain_metamath	-0.6776452139970671	6
B_edited_only	Qwen3-8B/tulu/seed42	log_energy_ratio	gain_metamath	-0.5161002296110789	6
B_edited_only	Qwen3-8B/tulu/seed43	log_energy_ratio	gain_metamath	0.8196885999705371	6
B_edited_only	Qwen3-8B/tulu/seed44	log_energy_ratio	gain_metamath	-0.3696246621802185	6
B_edited_only	Llama-3.1-8B-Instruct/magicoder/seed42	raw_fpr	gain_metamath	0.14285714285714288	6
B_edited_only	Llama-3.1-8B-Instruct/magicoder/seed43	raw_fpr	gain_metamath	-0.8857142857142858	6
B_edited_only	Llama-3.1-8B-Instruct/magicoder/seed44	raw_fpr	gain_metamath	-0.8857142857142858	6
B_edited_only	Llama-3.1-8B-Instruct/metamath/seed42	raw_fpr	gain_metamath	0.7714285714285715	6
B_edited_only	Llama-3.1-8B-Instruct/metamath/seed43	raw_fpr	gain_metamath	0.7714285714285715	6
B_edited_only	Llama-3.1-8B-Instruct/metamath/seed44	raw_fpr	gain_metamath	0.942857142857143	6
B_edited_only	Llama-3.1-8B-Instruct/tulu/seed42	raw_fpr	gain_metamath	-0.942857142857143	6
B_edited_only	Llama-3.1-8B-Instruct/tulu/seed43	raw_fpr	gain_metamath	0.942857142857143	6
B_edited_only	Llama-3.1-8B-Instruct/tulu/seed44	raw_fpr	gain_metamath	-0.8406680016960504	6
B_edited_only	Qwen3-8B/magicoder/seed42	raw_fpr	gain_metamath	-1.0	6
B_edited_only	Qwen3-8B/magicoder/seed43	raw_fpr	gain_metamath	-0.8406680016960504	6
B_edited_only	Qwen3-8B/magicoder/seed44	raw_fpr	gain_metamath	-0.7714285714285715	6
B_edited_only	Qwen3-8B/metamath/seed42	raw_fpr	gain_metamath	-0.02898855178262242	6
B_edited_only	Qwen3-8B/metamath/seed43	raw_fpr	gain_metamath	0.23190841426097936	6
B_edited_only	Qwen3-8B/metamath/seed44	raw_fpr	gain_metamath	0.6957252427829381	6
B_edited_only	Qwen3-8B/tulu/seed42	raw_fpr	gain_metamath	0.5428571428571429	6
B_edited_only	Qwen3-8B/tulu/seed43	raw_fpr	gain_metamath	-0.6	6
B_edited_only	Qwen3-8B/tulu/seed44	raw_fpr	gain_metamath	0.05797710356524484	6
B_edited_only	Llama-3.1-8B-Instruct/magicoder/seed42	full_moment_pr	gain_metamath	0.14285714285714288	6
B_edited_only	Llama-3.1-8B-Instruct/magicoder/seed43	full_moment_pr	gain_metamath	-0.8857142857142858	6
B_edited_only	Llama-3.1-8B-Instruct/magicoder/seed44	full_moment_pr	gain_metamath	-0.8857142857142858	6
B_edited_only	Llama-3.1-8B-Instruct/metamath/seed42	full_moment_pr	gain_metamath	0.7714285714285715	6
B_edited_only	Llama-3.1-8B-Instruct/metamath/seed43	full_moment_pr	gain_metamath	0.8285714285714287	6
B_edited_only	Llama-3.1-8B-Instruct/metamath/seed44	full_moment_pr	gain_metamath	1.0	6
B_edited_only	Llama-3.1-8B-Instruct/tulu/seed42	full_moment_pr	gain_metamath	-0.942857142857143	6
B_edited_only	Llama-3.1-8B-Instruct/tulu/seed43	full_moment_pr	gain_metamath	0.8857142857142858	6
B_edited_only	Llama-3.1-8B-Instruct/tulu/seed44	full_moment_pr	gain_metamath	-0.9276336570439174	6
B_edited_only	Qwen3-8B/magicoder/seed42	full_moment_pr	gain_metamath	-1.0	6
B_edited_only	Qwen3-8B/magicoder/seed43	full_moment_pr	gain_metamath	-0.8406680016960504	6
B_edited_only	Qwen3-8B/magicoder/seed44	full_moment_pr	gain_metamath	-0.8285714285714287	6
B_edited_only	Qwen3-8B/metamath/seed42	full_moment_pr	gain_metamath	-0.02898855178262242	6
B_edited_only	Qwen3-8B/metamath/seed43	full_moment_pr	gain_metamath	0.08696565534786727	6
B_edited_only	Qwen3-8B/metamath/seed44	full_moment_pr	gain_metamath	0.6087595874350709	6
B_edited_only	Qwen3-8B/tulu/seed42	full_moment_pr	gain_metamath	0.5428571428571429	6
B_edited_only	Qwen3-8B/tulu/seed43	full_moment_pr	gain_metamath	-0.5428571428571429	6
B_edited_only	Qwen3-8B/tulu/seed44	full_moment_pr	gain_metamath	0.05797710356524484	6
B_edited_only	Llama-3.1-8B-Instruct/magicoder/seed42	log_energy_ratio	gain_tulu	0.5852390484520126	6
B_edited_only	Llama-3.1-8B-Instruct/magicoder/seed43	log_energy_ratio	gain_tulu	-0.8804062740424288	6
B_edited_only	Llama-3.1-8B-Instruct/magicoder/seed44	log_energy_ratio	gain_tulu	-0.8932596002688613	6
B_edited_only	Llama-3.1-8B-Instruct/metamath/seed42	log_energy_ratio	gain_tulu	-0.45538255553918716	6
B_edited_only	Llama-3.1-8B-Instruct/metamath/seed43	log_energy_ratio	gain_tulu	-0.45538255553918716	6
B_edited_only	Llama-3.1-8B-Instruct/metamath/seed44	log_energy_ratio	gain_tulu	-0.27721849663516385	6
B_edited_only	Llama-3.1-8B-Instruct/tulu/seed42	log_energy_ratio	gain_tulu	-0.03080205518168487	6
B_edited_only	Llama-3.1-8B-Instruct/tulu/seed43	log_energy_ratio	gain_tulu	-0.22580645161290325	6
B_edited_only	Llama-3.1-8B-Instruct/tulu/seed44	log_energy_ratio	gain_tulu	0.03080205518168487	6
B_edited_only	Qwen3-8B/magicoder/seed42	log_energy_ratio	gain_tulu	0.7084472691787521	6
B_edited_only	Qwen3-8B/magicoder/seed43	log_energy_ratio	gain_tulu	0.03225806451612903	6
B_edited_only	Qwen3-8B/magicoder/seed44	log_energy_ratio	gain_tulu	0.15401027590842434	6
B_edited_only	Qwen3-8B/metamath/seed42	log_energy_ratio	gain_tulu	-0.6375355777548621	6
B_edited_only	Qwen3-8B/metamath/seed43	log_energy_ratio	gain_tulu	0.3751832396884335	6
B_edited_only	Qwen3-8B/metamath/seed44	log_energy_ratio	gain_tulu	-0.43771377963650565	6
B_edited_only	Qwen3-8B/tulu/seed42	log_energy_ratio	gain_tulu	-0.8196885999705371	6
B_edited_only	Qwen3-8B/tulu/seed43	log_energy_ratio	gain_tulu	0.15401027590842434	6
B_edited_only	Qwen3-8B/tulu/seed44	log_energy_ratio	gain_tulu	-0.739249324360437	6
B_edited_only	Llama-3.1-8B-Instruct/magicoder/seed42	raw_fpr	gain_tulu	-0.4638168285219587	6
B_edited_only	Llama-3.1-8B-Instruct/magicoder/seed43	raw_fpr	gain_tulu	0.7714285714285715	6
B_edited_only	Llama-3.1-8B-Instruct/magicoder/seed44	raw_fpr	gain_tulu	0.753702346348183	6
B_edited_only	Llama-3.1-8B-Instruct/metamath/seed42	raw_fpr	gain_tulu	0.5428571428571429	6
B_edited_only	Llama-3.1-8B-Instruct/metamath/seed43	raw_fpr	gain_tulu	0.6571428571428573	6
B_edited_only	Llama-3.1-8B-Instruct/metamath/seed44	raw_fpr	gain_tulu	0.4638168285219587	6
B_edited_only	Llama-3.1-8B-Instruct/tulu/seed42	raw_fpr	gain_tulu	-0.08696565534786727	6
B_edited_only	Llama-3.1-8B-Instruct/tulu/seed43	raw_fpr	gain_tulu	0.5161002296110789	6
B_edited_only	Llama-3.1-8B-Instruct/tulu/seed44	raw_fpr	gain_tulu	-0.17393131069573453	6
B_edited_only	Qwen3-8B/magicoder/seed42	raw_fpr	gain_tulu	-0.6667366910003157	6
B_edited_only	Qwen3-8B/magicoder/seed43	raw_fpr	gain_tulu	0.27322953332351235	6
B_edited_only	Qwen3-8B/magicoder/seed44	raw_fpr	gain_tulu	-0.3768511731740915	6
B_edited_only	Qwen3-8B/metamath/seed42	raw_fpr	gain_tulu	0.8285714285714287	6
B_edited_only	Qwen3-8B/metamath/seed43	raw_fpr	gain_tulu	-0.08827348295047496	6
B_edited_only	Qwen3-8B/metamath/seed44	raw_fpr	gain_tulu	0.41194292043554975	6
B_edited_only	Qwen3-8B/tulu/seed42	raw_fpr	gain_tulu	0.6571428571428573	6
B_edited_only	Qwen3-8B/tulu/seed43	raw_fpr	gain_tulu	-0.05797710356524484	6
B_edited_only	Qwen3-8B/tulu/seed44	raw_fpr	gain_tulu	0.5797710356524485	6
B_edited_only	Llama-3.1-8B-Instruct/magicoder/seed42	full_moment_pr	gain_tulu	-0.4638168285219587	6
B_edited_only	Llama-3.1-8B-Instruct/magicoder/seed43	full_moment_pr	gain_tulu	0.7714285714285715	6
B_edited_only	Llama-3.1-8B-Instruct/magicoder/seed44	full_moment_pr	gain_tulu	0.753702346348183	6
B_edited_only	Llama-3.1-8B-Instruct/metamath/seed42	full_moment_pr	gain_tulu	0.5428571428571429	6
B_edited_only	Llama-3.1-8B-Instruct/metamath/seed43	full_moment_pr	gain_tulu	0.5428571428571429	6
B_edited_only	Llama-3.1-8B-Instruct/metamath/seed44	full_moment_pr	gain_tulu	0.5217939320872036	6
B_edited_only	Llama-3.1-8B-Instruct/tulu/seed42	full_moment_pr	gain_tulu	-0.08696565534786727	6
B_edited_only	Llama-3.1-8B-Instruct/tulu/seed43	full_moment_pr	gain_tulu	0.4553825555391872	6
B_edited_only	Llama-3.1-8B-Instruct/tulu/seed44	full_moment_pr	gain_tulu	0.08696565534786727	6
B_edited_only	Qwen3-8B/magicoder/seed42	full_moment_pr	gain_tulu	-0.6667366910003157	6
B_edited_only	Qwen3-8B/magicoder/seed43	full_moment_pr	gain_tulu	0.27322953332351235	6
B_edited_only	Qwen3-8B/magicoder/seed44	full_moment_pr	gain_tulu	-0.23190841426097936	6
B_edited_only	Qwen3-8B/metamath/seed42	full_moment_pr	gain_tulu	0.8285714285714287	6
B_edited_only	Qwen3-8B/metamath/seed43	full_moment_pr	gain_tulu	-0.20597146021777488	6
B_edited_only	Qwen3-8B/metamath/seed44	full_moment_pr	gain_tulu	0.5002164033860248	6
B_edited_only	Qwen3-8B/tulu/seed42	full_moment_pr	gain_tulu	0.6571428571428573	6
B_edited_only	Qwen3-8B/tulu/seed43	full_moment_pr	gain_tulu	0.14494275891311212	6
B_edited_only	Qwen3-8B/tulu/seed44	full_moment_pr	gain_tulu	0.5797710356524485	6
B_edited_only	Llama-3.1-8B-Instruct/magicoder/seed42	log_energy_ratio	gain_commonsense	-0.8804062740424288	6
B_edited_only	Llama-3.1-8B-Instruct/magicoder/seed43	log_energy_ratio	gain_commonsense	0.8196885999705371	6
B_edited_only	Llama-3.1-8B-Instruct/magicoder/seed44	log_energy_ratio	gain_commonsense	-0.21251185925162072	6
B_edited_only	Llama-3.1-8B-Instruct/metamath/seed42	log_energy_ratio	gain_commonsense	-0.8196885999705371	6
B_edited_only	Llama-3.1-8B-Instruct/metamath/seed43	log_energy_ratio	gain_commonsense	-0.8804062740424288	6
B_edited_only	Llama-3.1-8B-Instruct/metamath/seed44	log_energy_ratio	gain_commonsense	-0.9411239481143202	6
B_edited_only	Llama-3.1-8B-Instruct/tulu/seed42	log_energy_ratio	gain_commonsense	0.15179418517972906	6
B_edited_only	Llama-3.1-8B-Instruct/tulu/seed43	log_energy_ratio	gain_commonsense	0.8804062740424288	6
B_edited_only	Llama-3.1-8B-Instruct/tulu/seed44	log_energy_ratio	gain_commonsense	0.8804062740424288	6
B_edited_only	Qwen3-8B/magicoder/seed42	log_energy_ratio	gain_commonsense	0.8804062740424288	6
B_edited_only	Qwen3-8B/magicoder/seed43	log_energy_ratio	gain_commonsense	0.9411239481143202	6
B_edited_only	Qwen3-8B/magicoder/seed44	log_energy_ratio	gain_commonsense	0.8804062740424288	6
B_edited_only	Qwen3-8B/metamath/seed42	log_energy_ratio	gain_commonsense	0.8196885999705371	6
B_edited_only	Qwen3-8B/metamath/seed43	log_energy_ratio	gain_commonsense	0.9411239481143202	6
B_edited_only	Qwen3-8B/metamath/seed44	log_energy_ratio	gain_commonsense	0.8804062740424288	6
B_edited_only	Qwen3-8B/tulu/seed42	log_energy_ratio	gain_commonsense	0.8804062740424288	6
B_edited_only	Qwen3-8B/tulu/seed43	log_energy_ratio	gain_commonsense	0.9411239481143202	6
B_edited_only	Qwen3-8B/tulu/seed44	log_energy_ratio	gain_commonsense	0.6982532518267538	6
B_edited_only	Llama-3.1-8B-Instruct/magicoder/seed42	raw_fpr	gain_commonsense	0.7142857142857143	6
B_edited_only	Llama-3.1-8B-Instruct/magicoder/seed43	raw_fpr	gain_commonsense	-0.6571428571428573	6
B_edited_only	Llama-3.1-8B-Instruct/magicoder/seed44	raw_fpr	gain_commonsense	0.2571428571428572	6
B_edited_only	Llama-3.1-8B-Instruct/metamath/seed42	raw_fpr	gain_commonsense	0.8285714285714287	6
B_edited_only	Llama-3.1-8B-Instruct/metamath/seed43	raw_fpr	gain_commonsense	0.7714285714285715	6
B_edited_only	Llama-3.1-8B-Instruct/metamath/seed44	raw_fpr	gain_commonsense	0.8857142857142858	6
B_edited_only	Llama-3.1-8B-Instruct/tulu/seed42	raw_fpr	gain_commonsense	0.028571428571428574	6
B_edited_only	Llama-3.1-8B-Instruct/tulu/seed43	raw_fpr	gain_commonsense	-0.942857142857143	6
B_edited_only	Llama-3.1-8B-Instruct/tulu/seed44	raw_fpr	gain_commonsense	-1.0	6
B_edited_only	Qwen3-8B/magicoder/seed42	raw_fpr	gain_commonsense	-0.8857142857142858	6
B_edited_only	Qwen3-8B/magicoder/seed43	raw_fpr	gain_commonsense	-1.0	6
B_edited_only	Qwen3-8B/magicoder/seed44	raw_fpr	gain_commonsense	-0.942857142857143	6
B_edited_only	Qwen3-8B/metamath/seed42	raw_fpr	gain_commonsense	-0.6571428571428573	6
B_edited_only	Qwen3-8B/metamath/seed43	raw_fpr	gain_commonsense	-0.8285714285714287	6
B_edited_only	Qwen3-8B/metamath/seed44	raw_fpr	gain_commonsense	-0.8857142857142858	6
B_edited_only	Qwen3-8B/tulu/seed42	raw_fpr	gain_commonsense	-0.8857142857142858	6
B_edited_only	Qwen3-8B/tulu/seed43	raw_fpr	gain_commonsense	-0.7714285714285715	6
B_edited_only	Qwen3-8B/tulu/seed44	raw_fpr	gain_commonsense	-0.7714285714285715	6
B_edited_only	Llama-3.1-8B-Instruct/magicoder/seed42	full_moment_pr	gain_commonsense	0.7142857142857143	6
B_edited_only	Llama-3.1-8B-Instruct/magicoder/seed43	full_moment_pr	gain_commonsense	-0.6571428571428573	6
B_edited_only	Llama-3.1-8B-Instruct/magicoder/seed44	full_moment_pr	gain_commonsense	0.2571428571428572	6
B_edited_only	Llama-3.1-8B-Instruct/metamath/seed42	full_moment_pr	gain_commonsense	0.8285714285714287	6
B_edited_only	Llama-3.1-8B-Instruct/metamath/seed43	full_moment_pr	gain_commonsense	0.8857142857142858	6
B_edited_only	Llama-3.1-8B-Instruct/metamath/seed44	full_moment_pr	gain_commonsense	0.942857142857143	6
B_edited_only	Llama-3.1-8B-Instruct/tulu/seed42	full_moment_pr	gain_commonsense	0.028571428571428574	6
B_edited_only	Llama-3.1-8B-Instruct/tulu/seed43	full_moment_pr	gain_commonsense	-0.8857142857142858	6
B_edited_only	Llama-3.1-8B-Instruct/tulu/seed44	full_moment_pr	gain_commonsense	-0.942857142857143	6
B_edited_only	Qwen3-8B/magicoder/seed42	full_moment_pr	gain_commonsense	-0.8857142857142858	6
B_edited_only	Qwen3-8B/magicoder/seed43	full_moment_pr	gain_commonsense	-1.0	6
B_edited_only	Qwen3-8B/magicoder/seed44	full_moment_pr	gain_commonsense	-0.8857142857142858	6
B_edited_only	Qwen3-8B/metamath/seed42	full_moment_pr	gain_commonsense	-0.6571428571428573	6
B_edited_only	Qwen3-8B/metamath/seed43	full_moment_pr	gain_commonsense	-0.7714285714285715	6
B_edited_only	Qwen3-8B/metamath/seed44	full_moment_pr	gain_commonsense	-0.942857142857143	6
B_edited_only	Qwen3-8B/tulu/seed42	full_moment_pr	gain_commonsense	-0.8857142857142858	6
B_edited_only	Qwen3-8B/tulu/seed43	full_moment_pr	gain_commonsense	-0.7142857142857143	6
B_edited_only	Qwen3-8B/tulu/seed44	full_moment_pr	gain_commonsense	-0.7714285714285715	6
B_edited_only	Llama-3.1-8B-Instruct/magicoder/seed42	log_energy_ratio	gain_arc_challenge	0.4312287725435882	6
B_edited_only	Llama-3.1-8B-Instruct/magicoder/seed43	log_energy_ratio	gain_arc_challenge	-0.2732295333235123	6
B_edited_only	Llama-3.1-8B-Instruct/magicoder/seed44	log_energy_ratio	gain_arc_challenge	0.03080205518168487	6
B_edited_only	Llama-3.1-8B-Instruct/metamath/seed42	log_energy_ratio	gain_arc_challenge	-0.9411239481143202	6
B_edited_only	Llama-3.1-8B-Instruct/metamath/seed43	log_energy_ratio	gain_arc_challenge	-0.6982532518267538	6
B_edited_only	Llama-3.1-8B-Instruct/metamath/seed44	log_energy_ratio	gain_arc_challenge	-0.7084472691787521	6
B_edited_only	Llama-3.1-8B-Instruct/tulu/seed42	log_energy_ratio	gain_arc_challenge	0.3696246621802185	6
B_edited_only	Llama-3.1-8B-Instruct/tulu/seed43	log_energy_ratio	gain_arc_challenge	0.8804062740424288	6
B_edited_only	Llama-3.1-8B-Instruct/tulu/seed44	log_energy_ratio	gain_arc_challenge	0.9411239481143202	6
B_edited_only	Qwen3-8B/magicoder/seed42	log_energy_ratio	gain_arc_challenge	0.9240616554505461	6
B_edited_only	Qwen3-8B/magicoder/seed43	log_energy_ratio	gain_arc_challenge	0.8932596002688613	6
B_edited_only	Qwen3-8B/magicoder/seed44	log_energy_ratio	gain_arc_challenge	0.8804062740424288	6
B_edited_only	Qwen3-8B/metamath/seed42	log_energy_ratio	gain_arc_challenge	0.6375355777548621	6
B_edited_only	Qwen3-8B/metamath/seed43	log_energy_ratio	gain_arc_challenge	0.8128970193249391	6
B_edited_only	Qwen3-8B/metamath/seed44	log_energy_ratio	gain_arc_challenge	0.6468431588153823	6
B_edited_only	Qwen3-8B/tulu/seed42	log_energy_ratio	gain_arc_challenge	0.0	6
B_edited_only	Qwen3-8B/tulu/seed43	log_energy_ratio	gain_arc_challenge	-0.852573586519139	6
B_edited_only	Qwen3-8B/tulu/seed44	log_energy_ratio	gain_arc_challenge	0.35921060405354976	6
B_edited_only	Llama-3.1-8B-Instruct/magicoder/seed42	raw_fpr	gain_arc_challenge	-0.6377481392176932	6
B_edited_only	Llama-3.1-8B-Instruct/magicoder/seed43	raw_fpr	gain_arc_challenge	0.3142857142857143	6
B_edited_only	Llama-3.1-8B-Instruct/magicoder/seed44	raw_fpr	gain_arc_challenge	0.05797710356524484	6
B_edited_only	Llama-3.1-8B-Instruct/metamath/seed42	raw_fpr	gain_arc_challenge	0.942857142857143	6
B_edited_only	Llama-3.1-8B-Instruct/metamath/seed43	raw_fpr	gain_arc_challenge	0.7714285714285715	6
B_edited_only	Llama-3.1-8B-Instruct/metamath/seed44	raw_fpr	gain_arc_challenge	0.8116794499134278	6
B_edited_only	Llama-3.1-8B-Instruct/tulu/seed42	raw_fpr	gain_arc_challenge	-0.11595420713048968	6
B_edited_only	Llama-3.1-8B-Instruct/tulu/seed43	raw_fpr	gain_arc_challenge	-0.942857142857143	6
B_edited_only	Llama-3.1-8B-Instruct/tulu/seed44	raw_fpr	gain_arc_challenge	-0.8857142857142858	6
B_edited_only	Qwen3-8B/magicoder/seed42	raw_fpr	gain_arc_challenge	-0.8116794499134278	6
B_edited_only	Qwen3-8B/magicoder/seed43	raw_fpr	gain_arc_challenge	-0.9276336570439174	6
B_edited_only	Qwen3-8B/magicoder/seed44	raw_fpr	gain_arc_challenge	-0.942857142857143	6
B_edited_only	Qwen3-8B/metamath/seed42	raw_fpr	gain_arc_challenge	-0.4285714285714286	6
B_edited_only	Qwen3-8B/metamath/seed43	raw_fpr	gain_arc_challenge	-0.6179143806533246	6
B_edited_only	Qwen3-8B/metamath/seed44	raw_fpr	gain_arc_challenge	-0.4058397249567139	6
B_edited_only	Qwen3-8B/tulu/seed42	raw_fpr	gain_arc_challenge	-0.20701966780270628	6
B_edited_only	Qwen3-8B/tulu/seed43	raw_fpr	gain_arc_challenge	0.9258200997725515	6
B_edited_only	Qwen3-8B/tulu/seed44	raw_fpr	gain_arc_challenge	-0.3380617018914066	6
B_edited_only	Llama-3.1-8B-Instruct/magicoder/seed42	full_moment_pr	gain_arc_challenge	-0.6377481392176932	6
B_edited_only	Llama-3.1-8B-Instruct/magicoder/seed43	full_moment_pr	gain_arc_challenge	0.3142857142857143	6
B_edited_only	Llama-3.1-8B-Instruct/magicoder/seed44	full_moment_pr	gain_arc_challenge	0.05797710356524484	6
B_edited_only	Llama-3.1-8B-Instruct/metamath/seed42	full_moment_pr	gain_arc_challenge	0.942857142857143	6
B_edited_only	Llama-3.1-8B-Instruct/metamath/seed43	full_moment_pr	gain_arc_challenge	0.7142857142857143	6
B_edited_only	Llama-3.1-8B-Instruct/metamath/seed44	full_moment_pr	gain_arc_challenge	0.753702346348183	6
B_edited_only	Llama-3.1-8B-Instruct/tulu/seed42	full_moment_pr	gain_arc_challenge	-0.11595420713048968	6
B_edited_only	Llama-3.1-8B-Instruct/tulu/seed43	full_moment_pr	gain_arc_challenge	-0.8857142857142858	6
B_edited_only	Llama-3.1-8B-Instruct/tulu/seed44	full_moment_pr	gain_arc_challenge	-0.942857142857143	6
B_edited_only	Qwen3-8B/magicoder/seed42	full_moment_pr	gain_arc_challenge	-0.8116794499134278	6
B_edited_only	Qwen3-8B/magicoder/seed43	full_moment_pr	gain_arc_challenge	-0.9276336570439174	6
B_edited_only	Qwen3-8B/magicoder/seed44	full_moment_pr	gain_arc_challenge	-0.8857142857142858	6
B_edited_only	Qwen3-8B/metamath/seed42	full_moment_pr	gain_arc_challenge	-0.4285714285714286	6
B_edited_only	Qwen3-8B/metamath/seed43	full_moment_pr	gain_arc_challenge	-0.6179143806533246	6
B_edited_only	Qwen3-8B/metamath/seed44	full_moment_pr	gain_arc_challenge	-0.4928053803045812	6
B_edited_only	Qwen3-8B/tulu/seed42	full_moment_pr	gain_arc_challenge	-0.20701966780270628	6
B_edited_only	Qwen3-8B/tulu/seed43	full_moment_pr	gain_arc_challenge	0.9258200997725515	6
B_edited_only	Qwen3-8B/tulu/seed44	full_moment_pr	gain_arc_challenge	-0.3380617018914066	6
B_edited_only	Llama-3.1-8B-Instruct/magicoder/seed42	log_energy_ratio	gain_arc_easy	-0.09107651110783746	6
B_edited_only	Llama-3.1-8B-Instruct/magicoder/seed43	log_energy_ratio	gain_arc_easy	0.8316554899054915	6
B_edited_only	Llama-3.1-8B-Instruct/magicoder/seed44	log_energy_ratio	gain_arc_easy	0.8804062740424288	6
B_edited_only	Llama-3.1-8B-Instruct/metamath/seed42	log_energy_ratio	gain_arc_easy	-0.8804062740424288	6
B_edited_only	Llama-3.1-8B-Instruct/metamath/seed43	log_energy_ratio	gain_arc_easy	-0.8804062740424288	6
B_edited_only	Llama-3.1-8B-Instruct/metamath/seed44	log_energy_ratio	gain_arc_easy	-0.7589709258986453	6
B_edited_only	Llama-3.1-8B-Instruct/tulu/seed42	log_energy_ratio	gain_arc_easy	-0.870967741935484	6
B_edited_only	Llama-3.1-8B-Instruct/tulu/seed43	log_energy_ratio	gain_arc_easy	0.8932596002688613	6
B_edited_only	Llama-3.1-8B-Instruct/tulu/seed44	log_energy_ratio	gain_arc_easy	0.8932596002688613	6
B_edited_only	Qwen3-8B/magicoder/seed42	log_energy_ratio	gain_arc_easy	0.9411239481143202	6
B_edited_only	Qwen3-8B/magicoder/seed43	log_energy_ratio	gain_arc_easy	0.9240616554505461	6
B_edited_only	Qwen3-8B/magicoder/seed44	log_energy_ratio	gain_arc_easy	0.8316554899054915	6
B_edited_only	Qwen3-8B/metamath/seed42	log_energy_ratio	gain_arc_easy	0.8932596002688613	6
B_edited_only	Qwen3-8B/metamath/seed43	log_energy_ratio	gain_arc_easy	0.8932596002688613	6
B_edited_only	Qwen3-8B/metamath/seed44	log_energy_ratio	gain_arc_easy	0.8316554899054915	6
B_edited_only	Qwen3-8B/tulu/seed42	log_energy_ratio	gain_arc_easy	0.5236349380886428	6
B_edited_only	Qwen3-8B/tulu/seed43	log_energy_ratio	gain_arc_easy	0.7589709258986453	6
B_edited_only	Qwen3-8B/tulu/seed44	log_energy_ratio	gain_arc_easy	0.48387096774193544	6
B_edited_only	Llama-3.1-8B-Instruct/magicoder/seed42	raw_fpr	gain_arc_easy	-0.028571428571428574	6
B_edited_only	Llama-3.1-8B-Instruct/magicoder/seed43	raw_fpr	gain_arc_easy	-0.7247137945655605	6
B_edited_only	Llama-3.1-8B-Instruct/magicoder/seed44	raw_fpr	gain_arc_easy	-0.7714285714285715	6
B_edited_only	Llama-3.1-8B-Instruct/metamath/seed42	raw_fpr	gain_arc_easy	0.942857142857143	6
B_edited_only	Llama-3.1-8B-Instruct/metamath/seed43	raw_fpr	gain_arc_easy	1.0	6
B_edited_only	Llama-3.1-8B-Instruct/metamath/seed44	raw_fpr	gain_arc_easy	0.942857142857143	6
B_edited_only	Llama-3.1-8B-Instruct/tulu/seed42	raw_fpr	gain_arc_easy	0.9411239481143202	6
B_edited_only	Llama-3.1-8B-Instruct/tulu/seed43	raw_fpr	gain_arc_easy	-0.898645105261295	6
B_edited_only	Llama-3.1-8B-Instruct/tulu/seed44	raw_fpr	gain_arc_easy	-0.9856107606091624	6
B_edited_only	Qwen3-8B/magicoder/seed42	raw_fpr	gain_arc_easy	-0.8285714285714287	6
B_edited_only	Qwen3-8B/magicoder/seed43	raw_fpr	gain_arc_easy	-0.9856107606091624	6
B_edited_only	Qwen3-8B/magicoder/seed44	raw_fpr	gain_arc_easy	-0.7247137945655605	6
B_edited_only	Qwen3-8B/metamath/seed42	raw_fpr	gain_arc_easy	-0.9276336570439174	6
B_edited_only	Qwen3-8B/metamath/seed43	raw_fpr	gain_arc_easy	-0.753702346348183	6
B_edited_only	Qwen3-8B/metamath/seed44	raw_fpr	gain_arc_easy	-0.8406680016960504	6
B_edited_only	Qwen3-8B/tulu/seed42	raw_fpr	gain_arc_easy	-0.4058397249567139	6
B_edited_only	Qwen3-8B/tulu/seed43	raw_fpr	gain_arc_easy	-0.6	6
B_edited_only	Qwen3-8B/tulu/seed44	raw_fpr	gain_arc_easy	-0.33394720739540396	6
B_edited_only	Llama-3.1-8B-Instruct/magicoder/seed42	full_moment_pr	gain_arc_easy	-0.028571428571428574	6
B_edited_only	Llama-3.1-8B-Instruct/magicoder/seed43	full_moment_pr	gain_arc_easy	-0.7247137945655605	6
B_edited_only	Llama-3.1-8B-Instruct/magicoder/seed44	full_moment_pr	gain_arc_easy	-0.7714285714285715	6
B_edited_only	Llama-3.1-8B-Instruct/metamath/seed42	full_moment_pr	gain_arc_easy	0.942857142857143	6
B_edited_only	Llama-3.1-8B-Instruct/metamath/seed43	full_moment_pr	gain_arc_easy	0.942857142857143	6
B_edited_only	Llama-3.1-8B-Instruct/metamath/seed44	full_moment_pr	gain_arc_easy	0.8285714285714287	6
B_edited_only	Llama-3.1-8B-Instruct/tulu/seed42	full_moment_pr	gain_arc_easy	0.9411239481143202	6
B_edited_only	Llama-3.1-8B-Instruct/tulu/seed43	full_moment_pr	gain_arc_easy	-0.8406680016960504	6
B_edited_only	Llama-3.1-8B-Instruct/tulu/seed44	full_moment_pr	gain_arc_easy	-0.9276336570439174	6
B_edited_only	Qwen3-8B/magicoder/seed42	full_moment_pr	gain_arc_easy	-0.8285714285714287	6
B_edited_only	Qwen3-8B/magicoder/seed43	full_moment_pr	gain_arc_easy	-0.9856107606091624	6
B_edited_only	Qwen3-8B/magicoder/seed44	full_moment_pr	gain_arc_easy	-0.6667366910003157	6
B_edited_only	Qwen3-8B/metamath/seed42	full_moment_pr	gain_arc_easy	-0.9276336570439174	6
B_edited_only	Qwen3-8B/metamath/seed43	full_moment_pr	gain_arc_easy	-0.8116794499134278	6
B_edited_only	Qwen3-8B/metamath/seed44	full_moment_pr	gain_arc_easy	-0.898645105261295	6
B_edited_only	Qwen3-8B/tulu/seed42	full_moment_pr	gain_arc_easy	-0.4058397249567139	6
B_edited_only	Qwen3-8B/tulu/seed43	full_moment_pr	gain_arc_easy	-0.6571428571428573	6
B_edited_only	Qwen3-8B/tulu/seed44	full_moment_pr	gain_arc_easy	-0.33394720739540396	6
B_edited_only	Llama-3.1-8B-Instruct/magicoder/seed42	log_energy_ratio	gain_boolq	-0.3946648814672956	6
B_edited_only	Llama-3.1-8B-Instruct/magicoder/seed43	log_energy_ratio	gain_boolq	-0.8804062740424288	6
B_edited_only	Llama-3.1-8B-Instruct/magicoder/seed44	log_energy_ratio	gain_boolq	-0.9379580992210835	6
B_edited_only	Llama-3.1-8B-Instruct/metamath/seed42	log_energy_ratio	gain_boolq	-0.8316554899054915	6
B_edited_only	Llama-3.1-8B-Instruct/metamath/seed43	log_energy_ratio	gain_boolq	-0.9240616554505461	6
B_edited_only	Llama-3.1-8B-Instruct/metamath/seed44	log_energy_ratio	gain_boolq	-0.7589709258986453	6
B_edited_only	Llama-3.1-8B-Instruct/tulu/seed42	log_energy_ratio	gain_boolq	-0.27721849663516385	6
B_edited_only	Llama-3.1-8B-Instruct/tulu/seed43	log_energy_ratio	gain_boolq	-0.09677419354838712	6
B_edited_only	Llama-3.1-8B-Instruct/tulu/seed44	log_energy_ratio	gain_boolq	0.9240616554505461	6
B_edited_only	Qwen3-8B/magicoder/seed42	log_energy_ratio	gain_boolq	0.9379580992210835	6
B_edited_only	Qwen3-8B/magicoder/seed43	log_energy_ratio	gain_boolq	0.9379580992210835	6
B_edited_only	Qwen3-8B/magicoder/seed44	log_energy_ratio	gain_boolq	0.8804062740424288	6
B_edited_only	Qwen3-8B/metamath/seed42	log_energy_ratio	gain_boolq	0.8804062740424288	6
B_edited_only	Qwen3-8B/metamath/seed43	log_energy_ratio	gain_boolq	0.9411239481143202	6
B_edited_only	Qwen3-8B/metamath/seed44	log_energy_ratio	gain_boolq	0.8932596002688613	6
B_edited_only	Qwen3-8B/tulu/seed42	log_energy_ratio	gain_boolq	0.8932596002688613	6
B_edited_only	Qwen3-8B/tulu/seed43	log_energy_ratio	gain_boolq	-0.7620007620011432	6
B_edited_only	Qwen3-8B/tulu/seed44	log_energy_ratio	gain_boolq	0.9411239481143202	6
B_edited_only	Llama-3.1-8B-Instruct/magicoder/seed42	raw_fpr	gain_boolq	0.4285714285714286	6
B_edited_only	Llama-3.1-8B-Instruct/magicoder/seed43	raw_fpr	gain_boolq	0.8857142857142858	6
B_edited_only	Llama-3.1-8B-Instruct/magicoder/seed44	raw_fpr	gain_boolq	0.9710083124552246	6
B_edited_only	Llama-3.1-8B-Instruct/metamath/seed42	raw_fpr	gain_boolq	0.8406680016960504	6
B_edited_only	Llama-3.1-8B-Instruct/metamath/seed43	raw_fpr	gain_boolq	0.9276336570439174	6
B_edited_only	Llama-3.1-8B-Instruct/metamath/seed44	raw_fpr	gain_boolq	0.942857142857143	6
B_edited_only	Llama-3.1-8B-Instruct/tulu/seed42	raw_fpr	gain_boolq	-0.08696565534786727	6
B_edited_only	Llama-3.1-8B-Instruct/tulu/seed43	raw_fpr	gain_boolq	0.21251185925162072	6
B_edited_only	Llama-3.1-8B-Instruct/tulu/seed44	raw_fpr	gain_boolq	-0.9276336570439174	6
B_edited_only	Qwen3-8B/magicoder/seed42	raw_fpr	gain_boolq	-0.7944613465542746	6
B_edited_only	Qwen3-8B/magicoder/seed43	raw_fpr	gain_boolq	-0.9710083124552246	6
B_edited_only	Qwen3-8B/magicoder/seed44	raw_fpr	gain_boolq	-0.942857142857143	6
B_edited_only	Qwen3-8B/metamath/seed42	raw_fpr	gain_boolq	-0.942857142857143	6
B_edited_only	Qwen3-8B/metamath/seed43	raw_fpr	gain_boolq	-0.942857142857143	6
B_edited_only	Qwen3-8B/metamath/seed44	raw_fpr	gain_boolq	-0.898645105261295	6
B_edited_only	Qwen3-8B/tulu/seed42	raw_fpr	gain_boolq	-0.9276336570439174	6
B_edited_only	Qwen3-8B/tulu/seed43	raw_fpr	gain_boolq	0.8366600265340757	6
B_edited_only	Qwen3-8B/tulu/seed44	raw_fpr	gain_boolq	-1.0	6
B_edited_only	Llama-3.1-8B-Instruct/magicoder/seed42	full_moment_pr	gain_boolq	0.4285714285714286	6
B_edited_only	Llama-3.1-8B-Instruct/magicoder/seed43	full_moment_pr	gain_boolq	0.8857142857142858	6
B_edited_only	Llama-3.1-8B-Instruct/magicoder/seed44	full_moment_pr	gain_boolq	0.9710083124552246	6
B_edited_only	Llama-3.1-8B-Instruct/metamath/seed42	full_moment_pr	gain_boolq	0.8406680016960504	6
B_edited_only	Llama-3.1-8B-Instruct/metamath/seed43	full_moment_pr	gain_boolq	0.9276336570439174	6
B_edited_only	Llama-3.1-8B-Instruct/metamath/seed44	full_moment_pr	gain_boolq	0.8285714285714287	6
B_edited_only	Llama-3.1-8B-Instruct/tulu/seed42	full_moment_pr	gain_boolq	-0.08696565534786727	6
B_edited_only	Llama-3.1-8B-Instruct/tulu/seed43	full_moment_pr	gain_boolq	0.21251185925162072	6
B_edited_only	Llama-3.1-8B-Instruct/tulu/seed44	full_moment_pr	gain_boolq	-0.9276336570439174	6
B_edited_only	Qwen3-8B/magicoder/seed42	full_moment_pr	gain_boolq	-0.7944613465542746	6
B_edited_only	Qwen3-8B/magicoder/seed43	full_moment_pr	gain_boolq	-0.9710083124552246	6
B_edited_only	Qwen3-8B/magicoder/seed44	full_moment_pr	gain_boolq	-0.8857142857142858	6
B_edited_only	Qwen3-8B/metamath/seed42	full_moment_pr	gain_boolq	-0.942857142857143	6
B_edited_only	Qwen3-8B/metamath/seed43	full_moment_pr	gain_boolq	-0.8857142857142858	6
B_edited_only	Qwen3-8B/metamath/seed44	full_moment_pr	gain_boolq	-0.8406680016960504	6
B_edited_only	Qwen3-8B/tulu/seed42	full_moment_pr	gain_boolq	-0.9276336570439174	6
B_edited_only	Qwen3-8B/tulu/seed43	full_moment_pr	gain_boolq	0.7171371656006363	6
B_edited_only	Qwen3-8B/tulu/seed44	full_moment_pr	gain_boolq	-1.0	6
B_edited_only	Llama-3.1-8B-Instruct/magicoder/seed42	log_energy_ratio	gain_hellaswag	-0.8804062740424288	6
B_edited_only	Llama-3.1-8B-Instruct/magicoder/seed43	log_energy_ratio	gain_hellaswag	0.09107651110783746	6
B_edited_only	Llama-3.1-8B-Instruct/magicoder/seed44	log_energy_ratio	gain_hellaswag	-0.8804062740424288	6
B_edited_only	Llama-3.1-8B-Instruct/metamath/seed42	log_energy_ratio	gain_hellaswag	-0.9411239481143202	6
B_edited_only	Llama-3.1-8B-Instruct/metamath/seed43	log_energy_ratio	gain_hellaswag	-0.9411239481143202	6
B_edited_only	Llama-3.1-8B-Instruct/metamath/seed44	log_energy_ratio	gain_hellaswag	-0.9411239481143202	6
B_edited_only	Llama-3.1-8B-Instruct/tulu/seed42	log_energy_ratio	gain_hellaswag	-0.9411239481143202	6
B_edited_only	Llama-3.1-8B-Instruct/tulu/seed43	log_energy_ratio	gain_hellaswag	0.7589709258986453	6
B_edited_only	Llama-3.1-8B-Instruct/tulu/seed44	log_energy_ratio	gain_hellaswag	0.7589709258986453	6
B_edited_only	Qwen3-8B/magicoder/seed42	log_energy_ratio	gain_hellaswag	0.9411239481143202	6
B_edited_only	Qwen3-8B/magicoder/seed43	log_energy_ratio	gain_hellaswag	0.9411239481143202	6
B_edited_only	Qwen3-8B/magicoder/seed44	log_energy_ratio	gain_hellaswag	0.9411239481143202	6
B_edited_only	Qwen3-8B/metamath/seed42	log_energy_ratio	gain_hellaswag	0.09107651110783746	6
B_edited_only	Qwen3-8B/metamath/seed43	log_energy_ratio	gain_hellaswag	-0.9411239481143202	6
B_edited_only	Qwen3-8B/metamath/seed44	log_energy_ratio	gain_hellaswag	-0.7589709258986453	6
B_edited_only	Qwen3-8B/tulu/seed42	log_energy_ratio	gain_hellaswag	0.5236349380886428	6
B_edited_only	Qwen3-8B/tulu/seed43	log_energy_ratio	gain_hellaswag	-0.6982532518267538	6
B_edited_only	Qwen3-8B/tulu/seed44	log_energy_ratio	gain_hellaswag	-0.8804062740424288	6
B_edited_only	Llama-3.1-8B-Instruct/magicoder/seed42	raw_fpr	gain_hellaswag	0.7142857142857143	6
B_edited_only	Llama-3.1-8B-Instruct/magicoder/seed43	raw_fpr	gain_hellaswag	0.08571428571428573	6
B_edited_only	Llama-3.1-8B-Instruct/magicoder/seed44	raw_fpr	gain_hellaswag	0.942857142857143	6
B_edited_only	Llama-3.1-8B-Instruct/metamath/seed42	raw_fpr	gain_hellaswag	0.942857142857143	6
B_edited_only	Llama-3.1-8B-Instruct/metamath/seed43	raw_fpr	gain_hellaswag	0.942857142857143	6
B_edited_only	Llama-3.1-8B-Instruct/metamath/seed44	raw_fpr	gain_hellaswag	0.8857142857142858	6
B_edited_only	Llama-3.1-8B-Instruct/tulu/seed42	raw_fpr	gain_hellaswag	0.942857142857143	6
B_edited_only	Llama-3.1-8B-Instruct/tulu/seed43	raw_fpr	gain_hellaswag	-0.6	6
B_edited_only	Llama-3.1-8B-Instruct/tulu/seed44	raw_fpr	gain_hellaswag	-0.8857142857142858	6
B_edited_only	Qwen3-8B/magicoder/seed42	raw_fpr	gain_hellaswag	-1.0	6
B_edited_only	Qwen3-8B/magicoder/seed43	raw_fpr	gain_hellaswag	-0.942857142857143	6
B_edited_only	Qwen3-8B/magicoder/seed44	raw_fpr	gain_hellaswag	-0.7714285714285715	6
B_edited_only	Qwen3-8B/metamath/seed42	raw_fpr	gain_hellaswag	-0.2571428571428572	6
B_edited_only	Qwen3-8B/metamath/seed43	raw_fpr	gain_hellaswag	0.942857142857143	6
B_edited_only	Qwen3-8B/metamath/seed44	raw_fpr	gain_hellaswag	0.5428571428571429	6
B_edited_only	Qwen3-8B/tulu/seed42	raw_fpr	gain_hellaswag	-0.4058397249567139	6
B_edited_only	Qwen3-8B/tulu/seed43	raw_fpr	gain_hellaswag	0.7142857142857143	6
B_edited_only	Qwen3-8B/tulu/seed44	raw_fpr	gain_hellaswag	0.942857142857143	6
B_edited_only	Llama-3.1-8B-Instruct/magicoder/seed42	full_moment_pr	gain_hellaswag	0.7142857142857143	6
B_edited_only	Llama-3.1-8B-Instruct/magicoder/seed43	full_moment_pr	gain_hellaswag	0.08571428571428573	6
B_edited_only	Llama-3.1-8B-Instruct/magicoder/seed44	full_moment_pr	gain_hellaswag	0.942857142857143	6
B_edited_only	Llama-3.1-8B-Instruct/metamath/seed42	full_moment_pr	gain_hellaswag	0.942857142857143	6
B_edited_only	Llama-3.1-8B-Instruct/metamath/seed43	full_moment_pr	gain_hellaswag	1.0	6
B_edited_only	Llama-3.1-8B-Instruct/metamath/seed44	full_moment_pr	gain_hellaswag	0.942857142857143	6
B_edited_only	Llama-3.1-8B-Instruct/tulu/seed42	full_moment_pr	gain_hellaswag	0.942857142857143	6
B_edited_only	Llama-3.1-8B-Instruct/tulu/seed43	full_moment_pr	gain_hellaswag	-0.5428571428571429	6
B_edited_only	Llama-3.1-8B-Instruct/tulu/seed44	full_moment_pr	gain_hellaswag	-0.7714285714285715	6
B_edited_only	Qwen3-8B/magicoder/seed42	full_moment_pr	gain_hellaswag	-1.0	6
B_edited_only	Qwen3-8B/magicoder/seed43	full_moment_pr	gain_hellaswag	-0.942857142857143	6
B_edited_only	Qwen3-8B/magicoder/seed44	full_moment_pr	gain_hellaswag	-0.8285714285714287	6
B_edited_only	Qwen3-8B/metamath/seed42	full_moment_pr	gain_hellaswag	-0.2571428571428572	6
B_edited_only	Qwen3-8B/metamath/seed43	full_moment_pr	gain_hellaswag	0.8857142857142858	6
B_edited_only	Qwen3-8B/metamath/seed44	full_moment_pr	gain_hellaswag	0.6	6
B_edited_only	Qwen3-8B/tulu/seed42	full_moment_pr	gain_hellaswag	-0.4058397249567139	6
B_edited_only	Qwen3-8B/tulu/seed43	full_moment_pr	gain_hellaswag	0.7714285714285715	6
B_edited_only	Qwen3-8B/tulu/seed44	full_moment_pr	gain_hellaswag	0.942857142857143	6
B_edited_only	Llama-3.1-8B-Instruct/magicoder/seed42	log_energy_ratio	gain_openbookqa	-0.8890008890013336	6
B_edited_only	Llama-3.1-8B-Instruct/magicoder/seed43	log_energy_ratio	gain_openbookqa	0.6160411036336974	6
B_edited_only	Llama-3.1-8B-Instruct/magicoder/seed44	log_energy_ratio	gain_openbookqa	-0.8316554899054915	6
B_edited_only	Llama-3.1-8B-Instruct/metamath/seed42	log_energy_ratio	gain_openbookqa	0.8804062740424288	6
B_edited_only	Llama-3.1-8B-Instruct/metamath/seed43	log_energy_ratio	gain_openbookqa	0.8804062740424288	6
B_edited_only	Llama-3.1-8B-Instruct/metamath/seed44	log_energy_ratio	gain_openbookqa	0.9379580992210835	6
B_edited_only	Llama-3.1-8B-Instruct/tulu/seed42	log_energy_ratio	gain_openbookqa	0.508000508000762	6
B_edited_only	Llama-3.1-8B-Instruct/tulu/seed43	log_energy_ratio	gain_openbookqa	0.9411239481143202	6
B_edited_only	Llama-3.1-8B-Instruct/tulu/seed44	log_energy_ratio	gain_openbookqa	0.7589709258986453	6
B_edited_only	Qwen3-8B/magicoder/seed42	log_energy_ratio	gain_openbookqa	0.8441622892989753	6
B_edited_only	Qwen3-8B/magicoder/seed43	log_energy_ratio	gain_openbookqa	0.5627748595326502	6
B_edited_only	Qwen3-8B/magicoder/seed44	log_energy_ratio	gain_openbookqa	0.8932596002688613	6
B_edited_only	Qwen3-8B/metamath/seed42	log_energy_ratio	gain_openbookqa	0.29512162610277887	6
B_edited_only	Qwen3-8B/metamath/seed43	log_energy_ratio	gain_openbookqa	0.954863710632231	6
B_edited_only	Qwen3-8B/metamath/seed44	log_energy_ratio	gain_openbookqa	0.9240616554505461	6
B_edited_only	Qwen3-8B/tulu/seed42	log_energy_ratio	gain_openbookqa	0.8441622892989753	6
B_edited_only	Qwen3-8B/tulu/seed43	log_energy_ratio	gain_openbookqa	0.655825835783953	6
B_edited_only	Qwen3-8B/tulu/seed44	log_energy_ratio	gain_openbookqa	-0.06160411036336974	6
B_edited_only	Llama-3.1-8B-Instruct/magicoder/seed42	raw_fpr	gain_openbookqa	0.7171371656006363	6
B_edited_only	Llama-3.1-8B-Instruct/magicoder/seed43	raw_fpr	gain_openbookqa	-0.34786262139146906	6
B_edited_only	Llama-3.1-8B-Instruct/magicoder/seed44	raw_fpr	gain_openbookqa	0.898645105261295	6
B_edited_only	Llama-3.1-8B-Instruct/metamath/seed42	raw_fpr	gain_openbookqa	-0.8857142857142858	6
B_edited_only	Llama-3.1-8B-Instruct/metamath/seed43	raw_fpr	gain_openbookqa	-0.942857142857143	6
B_edited_only	Llama-3.1-8B-Instruct/metamath/seed44	raw_fpr	gain_openbookqa	-0.9710083124552246	6
B_edited_only	Llama-3.1-8B-Instruct/tulu/seed42	raw_fpr	gain_openbookqa	-0.11952286093343938	6
B_edited_only	Llama-3.1-8B-Instruct/tulu/seed43	raw_fpr	gain_openbookqa	-0.8857142857142858	6
B_edited_only	Llama-3.1-8B-Instruct/tulu/seed44	raw_fpr	gain_openbookqa	-0.942857142857143	6
B_edited_only	Qwen3-8B/magicoder/seed42	raw_fpr	gain_openbookqa	-0.7061878636037997	6
B_edited_only	Qwen3-8B/magicoder/seed43	raw_fpr	gain_openbookqa	-0.5296408977028497	6
B_edited_only	Qwen3-8B/magicoder/seed44	raw_fpr	gain_openbookqa	-0.8406680016960504	6
B_edited_only	Qwen3-8B/metamath/seed42	raw_fpr	gain_openbookqa	-0.2777460299317655	6
B_edited_only	Qwen3-8B/metamath/seed43	raw_fpr	gain_openbookqa	-0.9856107606091624	6
B_edited_only	Qwen3-8B/metamath/seed44	raw_fpr	gain_openbookqa	-0.9856107606091624	6
B_edited_only	Qwen3-8B/tulu/seed42	raw_fpr	gain_openbookqa	-0.8827348295047495	6
B_edited_only	Qwen3-8B/tulu/seed43	raw_fpr	gain_openbookqa	-0.46291004988627577	6
B_edited_only	Qwen3-8B/tulu/seed44	raw_fpr	gain_openbookqa	-0.02898855178262242	6
B_edited_only	Llama-3.1-8B-Instruct/magicoder/seed42	full_moment_pr	gain_openbookqa	0.7171371656006363	6
B_edited_only	Llama-3.1-8B-Instruct/magicoder/seed43	full_moment_pr	gain_openbookqa	-0.34786262139146906	6
B_edited_only	Llama-3.1-8B-Instruct/magicoder/seed44	full_moment_pr	gain_openbookqa	0.898645105261295	6
B_edited_only	Llama-3.1-8B-Instruct/metamath/seed42	full_moment_pr	gain_openbookqa	-0.8857142857142858	6
B_edited_only	Llama-3.1-8B-Instruct/metamath/seed43	full_moment_pr	gain_openbookqa	-0.8857142857142858	6
B_edited_only	Llama-3.1-8B-Instruct/metamath/seed44	full_moment_pr	gain_openbookqa	-0.9710083124552246	6
B_edited_only	Llama-3.1-8B-Instruct/tulu/seed42	full_moment_pr	gain_openbookqa	-0.11952286093343938	6
B_edited_only	Llama-3.1-8B-Instruct/tulu/seed43	full_moment_pr	gain_openbookqa	-0.942857142857143	6
B_edited_only	Llama-3.1-8B-Instruct/tulu/seed44	full_moment_pr	gain_openbookqa	-0.8285714285714287	6
B_edited_only	Qwen3-8B/magicoder/seed42	full_moment_pr	gain_openbookqa	-0.7061878636037997	6
B_edited_only	Qwen3-8B/magicoder/seed43	full_moment_pr	gain_openbookqa	-0.5296408977028497	6
B_edited_only	Qwen3-8B/magicoder/seed44	full_moment_pr	gain_openbookqa	-0.753702346348183	6
B_edited_only	Qwen3-8B/metamath/seed42	full_moment_pr	gain_openbookqa	-0.2777460299317655	6
B_edited_only	Qwen3-8B/metamath/seed43	full_moment_pr	gain_openbookqa	-0.9276336570439174	6
B_edited_only	Qwen3-8B/metamath/seed44	full_moment_pr	gain_openbookqa	-0.9856107606091624	6
B_edited_only	Qwen3-8B/tulu/seed42	full_moment_pr	gain_openbookqa	-0.8827348295047495	6
B_edited_only	Qwen3-8B/tulu/seed43	full_moment_pr	gain_openbookqa	-0.37032803990902063	6
B_edited_only	Qwen3-8B/tulu/seed44	full_moment_pr	gain_openbookqa	-0.02898855178262242	6
B_edited_only	Llama-3.1-8B-Instruct/magicoder/seed42	log_energy_ratio	gain_piqa	-0.03225806451612903	6
B_edited_only	Llama-3.1-8B-Instruct/magicoder/seed43	log_energy_ratio	gain_piqa	0.8804062740424288	6
B_edited_only	Llama-3.1-8B-Instruct/magicoder/seed44	log_energy_ratio	gain_piqa	0.8804062740424288	6
B_edited_only	Llama-3.1-8B-Instruct/metamath/seed42	log_energy_ratio	gain_piqa	0.2732295333235123	6
B_edited_only	Llama-3.1-8B-Instruct/metamath/seed43	log_energy_ratio	gain_piqa	-0.9411239481143202	6
B_edited_only	Llama-3.1-8B-Instruct/metamath/seed44	log_energy_ratio	gain_piqa	-0.8804062740424288	6
B_edited_only	Llama-3.1-8B-Instruct/tulu/seed42	log_energy_ratio	gain_piqa	0.8441622892989753	6
B_edited_only	Llama-3.1-8B-Instruct/tulu/seed43	log_energy_ratio	gain_piqa	0.6468431588153823	6
B_edited_only	Llama-3.1-8B-Instruct/tulu/seed44	log_energy_ratio	gain_piqa	0.9411239481143202	6
B_edited_only	Qwen3-8B/magicoder/seed42	log_energy_ratio	gain_piqa	0.8932596002688613	6
B_edited_only	Qwen3-8B/magicoder/seed43	log_energy_ratio	gain_piqa	0.8316554899054915	6
B_edited_only	Qwen3-8B/magicoder/seed44	log_energy_ratio	gain_piqa	0.9411239481143202	6
B_edited_only	Qwen3-8B/metamath/seed42	log_energy_ratio	gain_piqa	-0.9240616554505461	6
B_edited_only	Qwen3-8B/metamath/seed43	log_energy_ratio	gain_piqa	-0.4928328829069579	6
B_edited_only	Qwen3-8B/metamath/seed44	log_energy_ratio	gain_piqa	-0.6886171275731507	6
B_edited_only	Qwen3-8B/tulu/seed42	log_energy_ratio	gain_piqa	0.8197822947299412	6
B_edited_only	Qwen3-8B/tulu/seed43	log_energy_ratio	gain_piqa	0.5002443195845779	6
B_edited_only	Qwen3-8B/tulu/seed44	log_energy_ratio	gain_piqa	0.7084472691787521	6
B_edited_only	Llama-3.1-8B-Instruct/magicoder/seed42	raw_fpr	gain_piqa	0.21251185925162072	6
B_edited_only	Llama-3.1-8B-Instruct/magicoder/seed43	raw_fpr	gain_piqa	-0.7714285714285715	6
B_edited_only	Llama-3.1-8B-Instruct/magicoder/seed44	raw_fpr	gain_piqa	-0.8857142857142858	6
B_edited_only	Llama-3.1-8B-Instruct/metamath/seed42	raw_fpr	gain_piqa	-0.3714285714285715	6
B_edited_only	Llama-3.1-8B-Instruct/metamath/seed43	raw_fpr	gain_piqa	0.8857142857142858	6
B_edited_only	Llama-3.1-8B-Instruct/metamath/seed44	raw_fpr	gain_piqa	0.942857142857143	6
B_edited_only	Llama-3.1-8B-Instruct/tulu/seed42	raw_fpr	gain_piqa	-0.8827348295047495	6
B_edited_only	Llama-3.1-8B-Instruct/tulu/seed43	raw_fpr	gain_piqa	-0.5217939320872036	6
B_edited_only	Llama-3.1-8B-Instruct/tulu/seed44	raw_fpr	gain_piqa	-0.8857142857142858	6
B_edited_only	Qwen3-8B/magicoder/seed42	raw_fpr	gain_piqa	-0.8406680016960504	6
B_edited_only	Qwen3-8B/magicoder/seed43	raw_fpr	gain_piqa	-0.7247137945655605	6
B_edited_only	Qwen3-8B/magicoder/seed44	raw_fpr	gain_piqa	-0.8285714285714287	6
B_edited_only	Qwen3-8B/metamath/seed42	raw_fpr	gain_piqa	0.8116794499134278	6
B_edited_only	Qwen3-8B/metamath/seed43	raw_fpr	gain_piqa	0.5217939320872036	6
B_edited_only	Qwen3-8B/metamath/seed44	raw_fpr	gain_piqa	0.49377071987869414	6
B_edited_only	Qwen3-8B/tulu/seed42	raw_fpr	gain_piqa	-0.6172133998483676	6
B_edited_only	Qwen3-8B/tulu/seed43	raw_fpr	gain_piqa	-0.4707919090691997	6
B_edited_only	Qwen3-8B/tulu/seed44	raw_fpr	gain_piqa	-0.5797710356524485	6
B_edited_only	Llama-3.1-8B-Instruct/magicoder/seed42	full_moment_pr	gain_piqa	0.21251185925162072	6
B_edited_only	Llama-3.1-8B-Instruct/magicoder/seed43	full_moment_pr	gain_piqa	-0.7714285714285715	6
B_edited_only	Llama-3.1-8B-Instruct/magicoder/seed44	full_moment_pr	gain_piqa	-0.8857142857142858	6
B_edited_only	Llama-3.1-8B-Instruct/metamath/seed42	full_moment_pr	gain_piqa	-0.3714285714285715	6
B_edited_only	Llama-3.1-8B-Instruct/metamath/seed43	full_moment_pr	gain_piqa	0.942857142857143	6
B_edited_only	Llama-3.1-8B-Instruct/metamath/seed44	full_moment_pr	gain_piqa	0.8857142857142858	6
B_edited_only	Llama-3.1-8B-Instruct/tulu/seed42	full_moment_pr	gain_piqa	-0.8827348295047495	6
B_edited_only	Llama-3.1-8B-Instruct/tulu/seed43	full_moment_pr	gain_piqa	-0.4638168285219587	6
B_edited_only	Llama-3.1-8B-Instruct/tulu/seed44	full_moment_pr	gain_piqa	-0.942857142857143	6
B_edited_only	Qwen3-8B/magicoder/seed42	full_moment_pr	gain_piqa	-0.8406680016960504	6
B_edited_only	Qwen3-8B/magicoder/seed43	full_moment_pr	gain_piqa	-0.7247137945655605	6
B_edited_only	Qwen3-8B/magicoder/seed44	full_moment_pr	gain_piqa	-0.942857142857143	6
B_edited_only	Qwen3-8B/metamath/seed42	full_moment_pr	gain_piqa	0.8116794499134278	6
B_edited_only	Qwen3-8B/metamath/seed43	full_moment_pr	gain_piqa	0.6667366910003157	6
B_edited_only	Qwen3-8B/metamath/seed44	full_moment_pr	gain_piqa	0.6172133998483676	6
B_edited_only	Qwen3-8B/tulu/seed42	full_moment_pr	gain_piqa	-0.6172133998483676	6
B_edited_only	Qwen3-8B/tulu/seed43	full_moment_pr	gain_piqa	-0.3825184261187248	6
B_edited_only	Qwen3-8B/tulu/seed44	full_moment_pr	gain_piqa	-0.5797710356524485	6
B_edited_only	Llama-3.1-8B-Instruct/magicoder/seed42	log_energy_ratio	gain_siqa	0.9240616554505461	6
B_edited_only	Llama-3.1-8B-Instruct/magicoder/seed43	log_energy_ratio	gain_siqa	0.9379580992210835	6
B_edited_only	Llama-3.1-8B-Instruct/magicoder/seed44	log_energy_ratio	gain_siqa	0.8932596002688613	6
B_edited_only	Llama-3.1-8B-Instruct/metamath/seed42	log_energy_ratio	gain_siqa	0.8804062740424288	6
B_edited_only	Llama-3.1-8B-Instruct/metamath/seed43	log_energy_ratio	gain_siqa	-0.9411239481143202	6
B_edited_only	Llama-3.1-8B-Instruct/metamath/seed44	log_energy_ratio	gain_siqa	0.12320822072673948	6
B_edited_only	Llama-3.1-8B-Instruct/tulu/seed42	log_energy_ratio	gain_siqa	0.21251185925162072	6
B_edited_only	Llama-3.1-8B-Instruct/tulu/seed43	log_energy_ratio	gain_siqa	-0.5236349380886428	6
B_edited_only	Llama-3.1-8B-Instruct/tulu/seed44	log_energy_ratio	gain_siqa	-0.46203082772527304	6
B_edited_only	Qwen3-8B/magicoder/seed42	log_energy_ratio	gain_siqa	0.6160411036336974	6
B_edited_only	Qwen3-8B/magicoder/seed43	log_energy_ratio	gain_siqa	0.27721849663516385	6
B_edited_only	Qwen3-8B/magicoder/seed44	log_energy_ratio	gain_siqa	0.6774193548387097	6
B_edited_only	Qwen3-8B/metamath/seed42	log_energy_ratio	gain_siqa	0.8441622892989753	6
B_edited_only	Qwen3-8B/metamath/seed43	log_energy_ratio	gain_siqa	-0.7700513795421217	6
B_edited_only	Qwen3-8B/metamath/seed44	log_energy_ratio	gain_siqa	-0.9379580992210835	6
B_edited_only	Qwen3-8B/tulu/seed42	log_energy_ratio	gain_siqa	-0.33882260699853356	6
B_edited_only	Qwen3-8B/tulu/seed43	log_energy_ratio	gain_siqa	0.8804062740424288	6
B_edited_only	Qwen3-8B/tulu/seed44	log_energy_ratio	gain_siqa	0.5627748595326502	6
B_edited_only	Llama-3.1-8B-Instruct/magicoder/seed42	raw_fpr	gain_siqa	-0.9856107606091624	6
B_edited_only	Llama-3.1-8B-Instruct/magicoder/seed43	raw_fpr	gain_siqa	-0.9710083124552246	6
B_edited_only	Llama-3.1-8B-Instruct/magicoder/seed44	raw_fpr	gain_siqa	-0.9856107606091624	6
B_edited_only	Llama-3.1-8B-Instruct/metamath/seed42	raw_fpr	gain_siqa	-0.8857142857142858	6
B_edited_only	Llama-3.1-8B-Instruct/metamath/seed43	raw_fpr	gain_siqa	0.942857142857143	6
B_edited_only	Llama-3.1-8B-Instruct/metamath/seed44	raw_fpr	gain_siqa	0.05797710356524484	6
B_edited_only	Llama-3.1-8B-Instruct/tulu/seed42	raw_fpr	gain_siqa	0.14285714285714288	6
B_edited_only	Llama-3.1-8B-Instruct/tulu/seed43	raw_fpr	gain_siqa	0.14494275891311212	6
B_edited_only	Llama-3.1-8B-Instruct/tulu/seed44	raw_fpr	gain_siqa	0.14494275891311212	6
B_edited_only	Qwen3-8B/magicoder/seed42	raw_fpr	gain_siqa	-0.6957252427829381	6
B_edited_only	Qwen3-8B/magicoder/seed43	raw_fpr	gain_siqa	-0.550782483869826	6
B_edited_only	Qwen3-8B/magicoder/seed44	raw_fpr	gain_siqa	-0.819688599970537	6
B_edited_only	Qwen3-8B/metamath/seed42	raw_fpr	gain_siqa	-0.6767633692869747	6
B_edited_only	Qwen3-8B/metamath/seed43	raw_fpr	gain_siqa	0.8116794499134278	6
B_edited_only	Qwen3-8B/metamath/seed44	raw_fpr	gain_siqa	0.8827348295047495	6
B_edited_only	Qwen3-8B/tulu/seed42	raw_fpr	gain_siqa	0.05797710356524484	6
B_edited_only	Qwen3-8B/tulu/seed43	raw_fpr	gain_siqa	-0.7714285714285715	6
B_edited_only	Qwen3-8B/tulu/seed44	raw_fpr	gain_siqa	-0.6179143806533246	6
B_edited_only	Llama-3.1-8B-Instruct/magicoder/seed42	full_moment_pr	gain_siqa	-0.9856107606091624	6
B_edited_only	Llama-3.1-8B-Instruct/magicoder/seed43	full_moment_pr	gain_siqa	-0.9710083124552246	6
B_edited_only	Llama-3.1-8B-Instruct/magicoder/seed44	full_moment_pr	gain_siqa	-0.9856107606091624	6
B_edited_only	Llama-3.1-8B-Instruct/metamath/seed42	full_moment_pr	gain_siqa	-0.8857142857142858	6
B_edited_only	Llama-3.1-8B-Instruct/metamath/seed43	full_moment_pr	gain_siqa	1.0	6
B_edited_only	Llama-3.1-8B-Instruct/metamath/seed44	full_moment_pr	gain_siqa	0.05797710356524484	6
B_edited_only	Llama-3.1-8B-Instruct/tulu/seed42	full_moment_pr	gain_siqa	0.14285714285714288	6
B_edited_only	Llama-3.1-8B-Instruct/tulu/seed43	full_moment_pr	gain_siqa	0.23190841426097936	6
B_edited_only	Llama-3.1-8B-Instruct/tulu/seed44	full_moment_pr	gain_siqa	0.23190841426097936	6
B_edited_only	Qwen3-8B/magicoder/seed42	full_moment_pr	gain_siqa	-0.6957252427829381	6
B_edited_only	Qwen3-8B/magicoder/seed43	full_moment_pr	gain_siqa	-0.550782483869826	6
B_edited_only	Qwen3-8B/magicoder/seed44	full_moment_pr	gain_siqa	-0.6982532518267538	6
B_edited_only	Qwen3-8B/metamath/seed42	full_moment_pr	gain_siqa	-0.6767633692869747	6
B_edited_only	Qwen3-8B/metamath/seed43	full_moment_pr	gain_siqa	0.753702346348183	6
B_edited_only	Qwen3-8B/metamath/seed44	full_moment_pr	gain_siqa	0.8827348295047495	6
B_edited_only	Qwen3-8B/tulu/seed42	full_moment_pr	gain_siqa	0.05797710356524484	6
B_edited_only	Qwen3-8B/tulu/seed43	full_moment_pr	gain_siqa	-0.8285714285714287	6
B_edited_only	Qwen3-8B/tulu/seed44	full_moment_pr	gain_siqa	-0.6179143806533246	6
B_edited_only	Llama-3.1-8B-Instruct/magicoder/seed42	log_energy_ratio	gain_winogrande	-0.8804062740424288	6
B_edited_only	Llama-3.1-8B-Instruct/magicoder/seed43	log_energy_ratio	gain_winogrande	0.5627748595326502	6
B_edited_only	Llama-3.1-8B-Instruct/magicoder/seed44	log_energy_ratio	gain_winogrande	-0.2156143862717941	6
B_edited_only	Llama-3.1-8B-Instruct/metamath/seed42	log_energy_ratio	gain_winogrande	-0.6774193548387097	6
B_edited_only	Llama-3.1-8B-Instruct/metamath/seed43	log_energy_ratio	gain_winogrande	-0.4928328829069579	6
B_edited_only	Llama-3.1-8B-Instruct/metamath/seed44	log_energy_ratio	gain_winogrande	-0.33882260699853356	6
B_edited_only	Llama-3.1-8B-Instruct/tulu/seed42	log_energy_ratio	gain_winogrande	-0.8804062740424288	6
B_edited_only	Llama-3.1-8B-Instruct/tulu/seed43	log_energy_ratio	gain_winogrande	-0.6375355777548621	6
B_edited_only	Llama-3.1-8B-Instruct/tulu/seed44	log_energy_ratio	gain_winogrande	0.33882260699853356	6
B_edited_only	Qwen3-8B/magicoder/seed42	log_energy_ratio	gain_winogrande	0.9240616554505461	6
B_edited_only	Qwen3-8B/magicoder/seed43	log_energy_ratio	gain_winogrande	0.954863710632231	6
B_edited_only	Qwen3-8B/magicoder/seed44	log_energy_ratio	gain_winogrande	0.7589709258986453	6
B_edited_only	Qwen3-8B/metamath/seed42	log_energy_ratio	gain_winogrande	0.739249324360437	6
B_edited_only	Qwen3-8B/metamath/seed43	log_energy_ratio	gain_winogrande	0.954863710632231	6
B_edited_only	Qwen3-8B/metamath/seed44	log_energy_ratio	gain_winogrande	0.750366479376867	6
B_edited_only	Qwen3-8B/tulu/seed42	log_energy_ratio	gain_winogrande	-0.09677419354838712	6
B_edited_only	Qwen3-8B/tulu/seed43	log_energy_ratio	gain_winogrande	0.8932596002688613	6
B_edited_only	Qwen3-8B/tulu/seed44	log_energy_ratio	gain_winogrande	0.739249324360437	6
B_edited_only	Llama-3.1-8B-Instruct/magicoder/seed42	raw_fpr	gain_winogrande	0.8857142857142858	6
B_edited_only	Llama-3.1-8B-Instruct/magicoder/seed43	raw_fpr	gain_winogrande	-0.6179143806533246	6
B_edited_only	Llama-3.1-8B-Instruct/magicoder/seed44	raw_fpr	gain_winogrande	0.28988551782622424	6
B_edited_only	Llama-3.1-8B-Instruct/metamath/seed42	raw_fpr	gain_winogrande	0.6982532518267538	6
B_edited_only	Llama-3.1-8B-Instruct/metamath/seed43	raw_fpr	gain_winogrande	0.4058397249567139	6
B_edited_only	Llama-3.1-8B-Instruct/metamath/seed44	raw_fpr	gain_winogrande	0.23190841426097936	6
B_edited_only	Llama-3.1-8B-Instruct/tulu/seed42	raw_fpr	gain_winogrande	0.8285714285714287	6
B_edited_only	Llama-3.1-8B-Instruct/tulu/seed43	raw_fpr	gain_winogrande	0.48571428571428577	6
B_edited_only	Llama-3.1-8B-Instruct/tulu/seed44	raw_fpr	gain_winogrande	-0.4638168285219587	6
B_edited_only	Qwen3-8B/magicoder/seed42	raw_fpr	gain_winogrande	-0.9856107606091624	6
B_edited_only	Qwen3-8B/magicoder/seed43	raw_fpr	gain_winogrande	-0.9856107606091624	6
B_edited_only	Qwen3-8B/magicoder/seed44	raw_fpr	gain_winogrande	-0.8285714285714287	6
B_edited_only	Qwen3-8B/metamath/seed42	raw_fpr	gain_winogrande	-0.550782483869826	6
B_edited_only	Qwen3-8B/metamath/seed43	raw_fpr	gain_winogrande	-0.8116794499134278	6
B_edited_only	Qwen3-8B/metamath/seed44	raw_fpr	gain_winogrande	-0.7944613465542746	6
B_edited_only	Qwen3-8B/tulu/seed42	raw_fpr	gain_winogrande	0.27322953332351235	6
B_edited_only	Qwen3-8B/tulu/seed43	raw_fpr	gain_winogrande	-0.9276336570439174	6
B_edited_only	Qwen3-8B/tulu/seed44	raw_fpr	gain_winogrande	-0.753702346348183	6
B_edited_only	Llama-3.1-8B-Instruct/magicoder/seed42	full_moment_pr	gain_winogrande	0.8857142857142858	6
B_edited_only	Llama-3.1-8B-Instruct/magicoder/seed43	full_moment_pr	gain_winogrande	-0.6179143806533246	6
B_edited_only	Llama-3.1-8B-Instruct/magicoder/seed44	full_moment_pr	gain_winogrande	0.28988551782622424	6
B_edited_only	Llama-3.1-8B-Instruct/metamath/seed42	full_moment_pr	gain_winogrande	0.6982532518267538	6
B_edited_only	Llama-3.1-8B-Instruct/metamath/seed43	full_moment_pr	gain_winogrande	0.550782483869826	6
B_edited_only	Llama-3.1-8B-Instruct/metamath/seed44	full_moment_pr	gain_winogrande	0.4638168285219587	6
B_edited_only	Llama-3.1-8B-Instruct/tulu/seed42	full_moment_pr	gain_winogrande	0.8285714285714287	6
B_edited_only	Llama-3.1-8B-Instruct/tulu/seed43	full_moment_pr	gain_winogrande	0.4285714285714286	6
B_edited_only	Llama-3.1-8B-Instruct/tulu/seed44	full_moment_pr	gain_winogrande	-0.5797710356524485	6
B_edited_only	Qwen3-8B/magicoder/seed42	full_moment_pr	gain_winogrande	-0.9856107606091624	6
B_edited_only	Qwen3-8B/magicoder/seed43	full_moment_pr	gain_winogrande	-0.9856107606091624	6
B_edited_only	Qwen3-8B/magicoder/seed44	full_moment_pr	gain_winogrande	-0.7714285714285715	6
B_edited_only	Qwen3-8B/metamath/seed42	full_moment_pr	gain_winogrande	-0.550782483869826	6
B_edited_only	Qwen3-8B/metamath/seed43	full_moment_pr	gain_winogrande	-0.753702346348183	6
B_edited_only	Qwen3-8B/metamath/seed44	full_moment_pr	gain_winogrande	-0.8827348295047495	6
B_edited_only	Qwen3-8B/tulu/seed42	full_moment_pr	gain_winogrande	0.27322953332351235	6
B_edited_only	Qwen3-8B/tulu/seed43	full_moment_pr	gain_winogrande	-0.9856107606091624	6
B_edited_only	Qwen3-8B/tulu/seed44	full_moment_pr	gain_winogrande	-0.753702346348183	6
C_energy_matched	Llama-3.1-8B-Instruct/magicoder/seed42	log_energy_ratio	target_gain		3
C_energy_matched	Llama-3.1-8B-Instruct/magicoder/seed43	log_energy_ratio	target_gain		3
C_energy_matched	Llama-3.1-8B-Instruct/magicoder/seed44	log_energy_ratio	target_gain		3
C_energy_matched	Llama-3.1-8B-Instruct/metamath/seed42	log_energy_ratio	target_gain		3
C_energy_matched	Llama-3.1-8B-Instruct/metamath/seed43	log_energy_ratio	target_gain		3
C_energy_matched	Llama-3.1-8B-Instruct/metamath/seed44	log_energy_ratio	target_gain		3
C_energy_matched	Llama-3.1-8B-Instruct/tulu/seed42	log_energy_ratio	target_gain		3
C_energy_matched	Llama-3.1-8B-Instruct/tulu/seed43	log_energy_ratio	target_gain		3
C_energy_matched	Llama-3.1-8B-Instruct/tulu/seed44	log_energy_ratio	target_gain		3
C_energy_matched	Qwen3-8B/magicoder/seed42	log_energy_ratio	target_gain		3
C_energy_matched	Qwen3-8B/magicoder/seed43	log_energy_ratio	target_gain		3
C_energy_matched	Qwen3-8B/magicoder/seed44	log_energy_ratio	target_gain		3
C_energy_matched	Qwen3-8B/metamath/seed42	log_energy_ratio	target_gain		3
C_energy_matched	Qwen3-8B/metamath/seed43	log_energy_ratio	target_gain		3
C_energy_matched	Qwen3-8B/metamath/seed44	log_energy_ratio	target_gain		3
C_energy_matched	Qwen3-8B/tulu/seed42	log_energy_ratio	target_gain		3
C_energy_matched	Qwen3-8B/tulu/seed43	log_energy_ratio	target_gain		3
C_energy_matched	Qwen3-8B/tulu/seed44	log_energy_ratio	target_gain		3
C_energy_matched	Llama-3.1-8B-Instruct/magicoder/seed42	raw_fpr	target_gain	-0.5	3
C_energy_matched	Llama-3.1-8B-Instruct/magicoder/seed43	raw_fpr	target_gain	-0.8660254037844387	3
C_energy_matched	Llama-3.1-8B-Instruct/magicoder/seed44	raw_fpr	target_gain	-1.0	3
C_energy_matched	Llama-3.1-8B-Instruct/metamath/seed42	raw_fpr	target_gain	0.5	3
C_energy_matched	Llama-3.1-8B-Instruct/metamath/seed43	raw_fpr	target_gain	-0.5	3
C_energy_matched	Llama-3.1-8B-Instruct/metamath/seed44	raw_fpr	target_gain	1.0	3
C_energy_matched	Llama-3.1-8B-Instruct/tulu/seed42	raw_fpr	target_gain	-0.5	3
C_energy_matched	Llama-3.1-8B-Instruct/tulu/seed43	raw_fpr	target_gain	0.8660254037844387	3
C_energy_matched	Llama-3.1-8B-Instruct/tulu/seed44	raw_fpr	target_gain	0.5	3
C_energy_matched	Qwen3-8B/magicoder/seed42	raw_fpr	target_gain	-0.8660254037844387	3
C_energy_matched	Qwen3-8B/magicoder/seed43	raw_fpr	target_gain	-1.0	3
C_energy_matched	Qwen3-8B/magicoder/seed44	raw_fpr	target_gain	-1.0	3
C_energy_matched	Qwen3-8B/metamath/seed42	raw_fpr	target_gain	0.5	3
C_energy_matched	Qwen3-8B/metamath/seed43	raw_fpr	target_gain	0.5	3
C_energy_matched	Qwen3-8B/metamath/seed44	raw_fpr	target_gain	0.5	3
C_energy_matched	Qwen3-8B/tulu/seed42	raw_fpr	target_gain	-0.5	3
C_energy_matched	Qwen3-8B/tulu/seed43	raw_fpr	target_gain	0.5	3
C_energy_matched	Qwen3-8B/tulu/seed44	raw_fpr	target_gain	-1.0	3
C_energy_matched	Llama-3.1-8B-Instruct/magicoder/seed42	full_moment_pr	target_gain	-0.5	3
C_energy_matched	Llama-3.1-8B-Instruct/magicoder/seed43	full_moment_pr	target_gain	-0.8660254037844387	3
C_energy_matched	Llama-3.1-8B-Instruct/magicoder/seed44	full_moment_pr	target_gain	-1.0	3
C_energy_matched	Llama-3.1-8B-Instruct/metamath/seed42	full_moment_pr	target_gain	0.5	3
C_energy_matched	Llama-3.1-8B-Instruct/metamath/seed43	full_moment_pr	target_gain	-0.5	3
C_energy_matched	Llama-3.1-8B-Instruct/metamath/seed44	full_moment_pr	target_gain	1.0	3
C_energy_matched	Llama-3.1-8B-Instruct/tulu/seed42	full_moment_pr	target_gain	-0.5	3
C_energy_matched	Llama-3.1-8B-Instruct/tulu/seed43	full_moment_pr	target_gain	0.8660254037844387	3
C_energy_matched	Llama-3.1-8B-Instruct/tulu/seed44	full_moment_pr	target_gain	0.5	3
C_energy_matched	Qwen3-8B/magicoder/seed42	full_moment_pr	target_gain	-0.8660254037844387	3
C_energy_matched	Qwen3-8B/magicoder/seed43	full_moment_pr	target_gain	-1.0	3
C_energy_matched	Qwen3-8B/magicoder/seed44	full_moment_pr	target_gain	-0.5	3
C_energy_matched	Qwen3-8B/metamath/seed42	full_moment_pr	target_gain	0.5	3
C_energy_matched	Qwen3-8B/metamath/seed43	full_moment_pr	target_gain	0.5	3
C_energy_matched	Qwen3-8B/metamath/seed44	full_moment_pr	target_gain	0.5	3
C_energy_matched	Qwen3-8B/tulu/seed42	full_moment_pr	target_gain	-0.5	3
C_energy_matched	Qwen3-8B/tulu/seed43	full_moment_pr	target_gain	0.5	3
C_energy_matched	Qwen3-8B/tulu/seed44	full_moment_pr	target_gain	-1.0	3
C_energy_matched	Llama-3.1-8B-Instruct/magicoder/seed42	log_energy_ratio	off_gain		3
C_energy_matched	Llama-3.1-8B-Instruct/magicoder/seed43	log_energy_ratio	off_gain		3
C_energy_matched	Llama-3.1-8B-Instruct/magicoder/seed44	log_energy_ratio	off_gain		3
C_energy_matched	Llama-3.1-8B-Instruct/metamath/seed42	log_energy_ratio	off_gain		3
C_energy_matched	Llama-3.1-8B-Instruct/metamath/seed43	log_energy_ratio	off_gain		3
C_energy_matched	Llama-3.1-8B-Instruct/metamath/seed44	log_energy_ratio	off_gain		3
C_energy_matched	Llama-3.1-8B-Instruct/tulu/seed42	log_energy_ratio	off_gain		3
C_energy_matched	Llama-3.1-8B-Instruct/tulu/seed43	log_energy_ratio	off_gain		3
C_energy_matched	Llama-3.1-8B-Instruct/tulu/seed44	log_energy_ratio	off_gain		3
C_energy_matched	Qwen3-8B/magicoder/seed42	log_energy_ratio	off_gain		3
C_energy_matched	Qwen3-8B/magicoder/seed43	log_energy_ratio	off_gain		3
C_energy_matched	Qwen3-8B/magicoder/seed44	log_energy_ratio	off_gain		3
C_energy_matched	Qwen3-8B/metamath/seed42	log_energy_ratio	off_gain		3
C_energy_matched	Qwen3-8B/metamath/seed43	log_energy_ratio	off_gain		3
C_energy_matched	Qwen3-8B/metamath/seed44	log_energy_ratio	off_gain		3
C_energy_matched	Qwen3-8B/tulu/seed42	log_energy_ratio	off_gain		3
C_energy_matched	Qwen3-8B/tulu/seed43	log_energy_ratio	off_gain		3
C_energy_matched	Qwen3-8B/tulu/seed44	log_energy_ratio	off_gain		3
C_energy_matched	Llama-3.1-8B-Instruct/magicoder/seed42	raw_fpr	off_gain	-0.5	3
C_energy_matched	Llama-3.1-8B-Instruct/magicoder/seed43	raw_fpr	off_gain	-1.0	3
C_energy_matched	Llama-3.1-8B-Instruct/magicoder/seed44	raw_fpr	off_gain	-0.5	3
C_energy_matched	Llama-3.1-8B-Instruct/metamath/seed42	raw_fpr	off_gain	1.0	3
C_energy_matched	Llama-3.1-8B-Instruct/metamath/seed43	raw_fpr	off_gain	-0.5	3
C_energy_matched	Llama-3.1-8B-Instruct/metamath/seed44	raw_fpr	off_gain	-0.5	3
C_energy_matched	Llama-3.1-8B-Instruct/tulu/seed42	raw_fpr	off_gain	-0.5	3
C_energy_matched	Llama-3.1-8B-Instruct/tulu/seed43	raw_fpr	off_gain	0.5	3
C_energy_matched	Llama-3.1-8B-Instruct/tulu/seed44	raw_fpr	off_gain	-0.5	3
C_energy_matched	Qwen3-8B/magicoder/seed42	raw_fpr	off_gain	-1.0	3
C_energy_matched	Qwen3-8B/magicoder/seed43	raw_fpr	off_gain	1.0	3
C_energy_matched	Qwen3-8B/magicoder/seed44	raw_fpr	off_gain	-1.0	3
C_energy_matched	Qwen3-8B/metamath/seed42	raw_fpr	off_gain	1.0	3
C_energy_matched	Qwen3-8B/metamath/seed43	raw_fpr	off_gain	1.0	3
C_energy_matched	Qwen3-8B/metamath/seed44	raw_fpr	off_gain	0.5	3
C_energy_matched	Qwen3-8B/tulu/seed42	raw_fpr	off_gain	1.0	3
C_energy_matched	Qwen3-8B/tulu/seed43	raw_fpr	off_gain	-0.5	3
C_energy_matched	Qwen3-8B/tulu/seed44	raw_fpr	off_gain	1.0	3
C_energy_matched	Llama-3.1-8B-Instruct/magicoder/seed42	full_moment_pr	off_gain	-0.5	3
C_energy_matched	Llama-3.1-8B-Instruct/magicoder/seed43	full_moment_pr	off_gain	-1.0	3
C_energy_matched	Llama-3.1-8B-Instruct/magicoder/seed44	full_moment_pr	off_gain	-0.5	3
C_energy_matched	Llama-3.1-8B-Instruct/metamath/seed42	full_moment_pr	off_gain	1.0	3
C_energy_matched	Llama-3.1-8B-Instruct/metamath/seed43	full_moment_pr	off_gain	-0.5	3
C_energy_matched	Llama-3.1-8B-Instruct/metamath/seed44	full_moment_pr	off_gain	-0.5	3
C_energy_matched	Llama-3.1-8B-Instruct/tulu/seed42	full_moment_pr	off_gain	-0.5	3
C_energy_matched	Llama-3.1-8B-Instruct/tulu/seed43	full_moment_pr	off_gain	0.5	3
C_energy_matched	Llama-3.1-8B-Instruct/tulu/seed44	full_moment_pr	off_gain	-0.5	3
C_energy_matched	Qwen3-8B/magicoder/seed42	full_moment_pr	off_gain	-1.0	3
C_energy_matched	Qwen3-8B/magicoder/seed43	full_moment_pr	off_gain	1.0	3
C_energy_matched	Qwen3-8B/magicoder/seed44	full_moment_pr	off_gain	-0.5	3
C_energy_matched	Qwen3-8B/metamath/seed42	full_moment_pr	off_gain	1.0	3
C_energy_matched	Qwen3-8B/metamath/seed43	full_moment_pr	off_gain	1.0	3
C_energy_matched	Qwen3-8B/metamath/seed44	full_moment_pr	off_gain	0.5	3
C_energy_matched	Qwen3-8B/tulu/seed42	full_moment_pr	off_gain	1.0	3
C_energy_matched	Qwen3-8B/tulu/seed43	full_moment_pr	off_gain	-0.5	3
C_energy_matched	Qwen3-8B/tulu/seed44	full_moment_pr	off_gain	1.0	3
C_energy_matched	Llama-3.1-8B-Instruct/magicoder/seed42	log_energy_ratio	fg_reduction		3
C_energy_matched	Llama-3.1-8B-Instruct/magicoder/seed43	log_energy_ratio	fg_reduction		3
C_energy_matched	Llama-3.1-8B-Instruct/magicoder/seed44	log_energy_ratio	fg_reduction		3
C_energy_matched	Llama-3.1-8B-Instruct/metamath/seed42	log_energy_ratio	fg_reduction		3
C_energy_matched	Llama-3.1-8B-Instruct/metamath/seed43	log_energy_ratio	fg_reduction		3
C_energy_matched	Llama-3.1-8B-Instruct/metamath/seed44	log_energy_ratio	fg_reduction		3
C_energy_matched	Llama-3.1-8B-Instruct/tulu/seed42	log_energy_ratio	fg_reduction		3
C_energy_matched	Llama-3.1-8B-Instruct/tulu/seed43	log_energy_ratio	fg_reduction		3
C_energy_matched	Llama-3.1-8B-Instruct/tulu/seed44	log_energy_ratio	fg_reduction		3
C_energy_matched	Qwen3-8B/magicoder/seed42	log_energy_ratio	fg_reduction		3
C_energy_matched	Qwen3-8B/magicoder/seed43	log_energy_ratio	fg_reduction		3
C_energy_matched	Qwen3-8B/magicoder/seed44	log_energy_ratio	fg_reduction		3
C_energy_matched	Qwen3-8B/metamath/seed42	log_energy_ratio	fg_reduction		3
C_energy_matched	Qwen3-8B/metamath/seed43	log_energy_ratio	fg_reduction		3
C_energy_matched	Qwen3-8B/metamath/seed44	log_energy_ratio	fg_reduction		3
C_energy_matched	Qwen3-8B/tulu/seed42	log_energy_ratio	fg_reduction		3
C_energy_matched	Qwen3-8B/tulu/seed43	log_energy_ratio	fg_reduction		3
C_energy_matched	Qwen3-8B/tulu/seed44	log_energy_ratio	fg_reduction		3
C_energy_matched	Llama-3.1-8B-Instruct/magicoder/seed42	raw_fpr	fg_reduction	-0.5	3
C_energy_matched	Llama-3.1-8B-Instruct/magicoder/seed43	raw_fpr	fg_reduction	-0.5	3
C_energy_matched	Llama-3.1-8B-Instruct/magicoder/seed44	raw_fpr	fg_reduction	-0.8660254037844387	3
C_energy_matched	Llama-3.1-8B-Instruct/metamath/seed42	raw_fpr	fg_reduction	1.0	3
C_energy_matched	Llama-3.1-8B-Instruct/metamath/seed43	raw_fpr	fg_reduction	1.0	3
C_energy_matched	Llama-3.1-8B-Instruct/metamath/seed44	raw_fpr	fg_reduction	1.0	3
C_energy_matched	Llama-3.1-8B-Instruct/tulu/seed42	raw_fpr	fg_reduction	0.5	3
C_energy_matched	Llama-3.1-8B-Instruct/tulu/seed43	raw_fpr	fg_reduction		3
C_energy_matched	Llama-3.1-8B-Instruct/tulu/seed44	raw_fpr	fg_reduction		3
C_energy_matched	Qwen3-8B/magicoder/seed42	raw_fpr	fg_reduction		3
C_energy_matched	Qwen3-8B/magicoder/seed43	raw_fpr	fg_reduction		3
C_energy_matched	Qwen3-8B/magicoder/seed44	raw_fpr	fg_reduction		3
C_energy_matched	Qwen3-8B/metamath/seed42	raw_fpr	fg_reduction	0.8660254037844387	3
C_energy_matched	Qwen3-8B/metamath/seed43	raw_fpr	fg_reduction		3
C_energy_matched	Qwen3-8B/metamath/seed44	raw_fpr	fg_reduction	0.8660254037844387	3
C_energy_matched	Qwen3-8B/tulu/seed42	raw_fpr	fg_reduction		3
C_energy_matched	Qwen3-8B/tulu/seed43	raw_fpr	fg_reduction		3
C_energy_matched	Qwen3-8B/tulu/seed44	raw_fpr	fg_reduction		3
C_energy_matched	Llama-3.1-8B-Instruct/magicoder/seed42	full_moment_pr	fg_reduction	-0.5	3
C_energy_matched	Llama-3.1-8B-Instruct/magicoder/seed43	full_moment_pr	fg_reduction	-0.5	3
C_energy_matched	Llama-3.1-8B-Instruct/magicoder/seed44	full_moment_pr	fg_reduction	-0.8660254037844387	3
C_energy_matched	Llama-3.1-8B-Instruct/metamath/seed42	full_moment_pr	fg_reduction	1.0	3
C_energy_matched	Llama-3.1-8B-Instruct/metamath/seed43	full_moment_pr	fg_reduction	1.0	3
C_energy_matched	Llama-3.1-8B-Instruct/metamath/seed44	full_moment_pr	fg_reduction	1.0	3
C_energy_matched	Llama-3.1-8B-Instruct/tulu/seed42	full_moment_pr	fg_reduction	0.5	3
C_energy_matched	Llama-3.1-8B-Instruct/tulu/seed43	full_moment_pr	fg_reduction		3
C_energy_matched	Llama-3.1-8B-Instruct/tulu/seed44	full_moment_pr	fg_reduction		3
C_energy_matched	Qwen3-8B/magicoder/seed42	full_moment_pr	fg_reduction		3
C_energy_matched	Qwen3-8B/magicoder/seed43	full_moment_pr	fg_reduction		3
C_energy_matched	Qwen3-8B/magicoder/seed44	full_moment_pr	fg_reduction		3
C_energy_matched	Qwen3-8B/metamath/seed42	full_moment_pr	fg_reduction	0.8660254037844387	3
C_energy_matched	Qwen3-8B/metamath/seed43	full_moment_pr	fg_reduction		3
C_energy_matched	Qwen3-8B/metamath/seed44	full_moment_pr	fg_reduction	0.8660254037844387	3
C_energy_matched	Qwen3-8B/tulu/seed42	full_moment_pr	fg_reduction		3
C_energy_matched	Qwen3-8B/tulu/seed43	full_moment_pr	fg_reduction		3
C_energy_matched	Qwen3-8B/tulu/seed44	full_moment_pr	fg_reduction		3
C_energy_matched	Llama-3.1-8B-Instruct/magicoder/seed42	log_energy_ratio	gain_magicoder		3
C_energy_matched	Llama-3.1-8B-Instruct/magicoder/seed43	log_energy_ratio	gain_magicoder		3
C_energy_matched	Llama-3.1-8B-Instruct/magicoder/seed44	log_energy_ratio	gain_magicoder		3
C_energy_matched	Llama-3.1-8B-Instruct/metamath/seed42	log_energy_ratio	gain_magicoder		3
C_energy_matched	Llama-3.1-8B-Instruct/metamath/seed43	log_energy_ratio	gain_magicoder		3
C_energy_matched	Llama-3.1-8B-Instruct/metamath/seed44	log_energy_ratio	gain_magicoder		3
C_energy_matched	Llama-3.1-8B-Instruct/tulu/seed42	log_energy_ratio	gain_magicoder		3
C_energy_matched	Llama-3.1-8B-Instruct/tulu/seed43	log_energy_ratio	gain_magicoder		3
C_energy_matched	Llama-3.1-8B-Instruct/tulu/seed44	log_energy_ratio	gain_magicoder		3
C_energy_matched	Qwen3-8B/magicoder/seed42	log_energy_ratio	gain_magicoder		3
C_energy_matched	Qwen3-8B/magicoder/seed43	log_energy_ratio	gain_magicoder		3
C_energy_matched	Qwen3-8B/magicoder/seed44	log_energy_ratio	gain_magicoder		3
C_energy_matched	Qwen3-8B/metamath/seed42	log_energy_ratio	gain_magicoder		3
C_energy_matched	Qwen3-8B/metamath/seed43	log_energy_ratio	gain_magicoder		3
C_energy_matched	Qwen3-8B/metamath/seed44	log_energy_ratio	gain_magicoder		3
C_energy_matched	Qwen3-8B/tulu/seed42	log_energy_ratio	gain_magicoder		3
C_energy_matched	Qwen3-8B/tulu/seed43	log_energy_ratio	gain_magicoder		3
C_energy_matched	Qwen3-8B/tulu/seed44	log_energy_ratio	gain_magicoder		3
C_energy_matched	Llama-3.1-8B-Instruct/magicoder/seed42	raw_fpr	gain_magicoder	-0.5	3
C_energy_matched	Llama-3.1-8B-Instruct/magicoder/seed43	raw_fpr	gain_magicoder	-0.8660254037844387	3
C_energy_matched	Llama-3.1-8B-Instruct/magicoder/seed44	raw_fpr	gain_magicoder	-1.0	3
C_energy_matched	Llama-3.1-8B-Instruct/metamath/seed42	raw_fpr	gain_magicoder	1.0	3
C_energy_matched	Llama-3.1-8B-Instruct/metamath/seed43	raw_fpr	gain_magicoder	-0.5	3
C_energy_matched	Llama-3.1-8B-Instruct/metamath/seed44	raw_fpr	gain_magicoder	-0.5	3
C_energy_matched	Llama-3.1-8B-Instruct/tulu/seed42	raw_fpr	gain_magicoder	0.5	3
C_energy_matched	Llama-3.1-8B-Instruct/tulu/seed43	raw_fpr	gain_magicoder	0.5	3
C_energy_matched	Llama-3.1-8B-Instruct/tulu/seed44	raw_fpr	gain_magicoder	-0.8660254037844387	3
C_energy_matched	Qwen3-8B/magicoder/seed42	raw_fpr	gain_magicoder	-0.8660254037844387	3
C_energy_matched	Qwen3-8B/magicoder/seed43	raw_fpr	gain_magicoder	-1.0	3
C_energy_matched	Qwen3-8B/magicoder/seed44	raw_fpr	gain_magicoder	-1.0	3
C_energy_matched	Qwen3-8B/metamath/seed42	raw_fpr	gain_magicoder	1.0	3
C_energy_matched	Qwen3-8B/metamath/seed43	raw_fpr	gain_magicoder	0.8660254037844387	3
C_energy_matched	Qwen3-8B/metamath/seed44	raw_fpr	gain_magicoder	1.0	3
C_energy_matched	Qwen3-8B/tulu/seed42	raw_fpr	gain_magicoder	0.8660254037844387	3
C_energy_matched	Qwen3-8B/tulu/seed43	raw_fpr	gain_magicoder	-0.8660254037844387	3
C_energy_matched	Qwen3-8B/tulu/seed44	raw_fpr	gain_magicoder	1.0	3
C_energy_matched	Llama-3.1-8B-Instruct/magicoder/seed42	full_moment_pr	gain_magicoder	-0.5	3
C_energy_matched	Llama-3.1-8B-Instruct/magicoder/seed43	full_moment_pr	gain_magicoder	-0.8660254037844387	3
C_energy_matched	Llama-3.1-8B-Instruct/magicoder/seed44	full_moment_pr	gain_magicoder	-1.0	3
C_energy_matched	Llama-3.1-8B-Instruct/metamath/seed42	full_moment_pr	gain_magicoder	1.0	3
C_energy_matched	Llama-3.1-8B-Instruct/metamath/seed43	full_moment_pr	gain_magicoder	-0.5	3
C_energy_matched	Llama-3.1-8B-Instruct/metamath/seed44	full_moment_pr	gain_magicoder	-0.5	3
C_energy_matched	Llama-3.1-8B-Instruct/tulu/seed42	full_moment_pr	gain_magicoder	0.5	3
C_energy_matched	Llama-3.1-8B-Instruct/tulu/seed43	full_moment_pr	gain_magicoder	0.5	3
C_energy_matched	Llama-3.1-8B-Instruct/tulu/seed44	full_moment_pr	gain_magicoder	-0.8660254037844387	3
C_energy_matched	Qwen3-8B/magicoder/seed42	full_moment_pr	gain_magicoder	-0.8660254037844387	3
C_energy_matched	Qwen3-8B/magicoder/seed43	full_moment_pr	gain_magicoder	-1.0	3
C_energy_matched	Qwen3-8B/magicoder/seed44	full_moment_pr	gain_magicoder	-0.5	3
C_energy_matched	Qwen3-8B/metamath/seed42	full_moment_pr	gain_magicoder	1.0	3
C_energy_matched	Qwen3-8B/metamath/seed43	full_moment_pr	gain_magicoder	0.8660254037844387	3
C_energy_matched	Qwen3-8B/metamath/seed44	full_moment_pr	gain_magicoder	1.0	3
C_energy_matched	Qwen3-8B/tulu/seed42	full_moment_pr	gain_magicoder	0.8660254037844387	3
C_energy_matched	Qwen3-8B/tulu/seed43	full_moment_pr	gain_magicoder	-0.8660254037844387	3
C_energy_matched	Qwen3-8B/tulu/seed44	full_moment_pr	gain_magicoder	1.0	3
C_energy_matched	Llama-3.1-8B-Instruct/magicoder/seed42	log_energy_ratio	gain_metamath		3
C_energy_matched	Llama-3.1-8B-Instruct/magicoder/seed43	log_energy_ratio	gain_metamath		3
C_energy_matched	Llama-3.1-8B-Instruct/magicoder/seed44	log_energy_ratio	gain_metamath		3
C_energy_matched	Llama-3.1-8B-Instruct/metamath/seed42	log_energy_ratio	gain_metamath		3
C_energy_matched	Llama-3.1-8B-Instruct/metamath/seed43	log_energy_ratio	gain_metamath		3
C_energy_matched	Llama-3.1-8B-Instruct/metamath/seed44	log_energy_ratio	gain_metamath		3
C_energy_matched	Llama-3.1-8B-Instruct/tulu/seed42	log_energy_ratio	gain_metamath		3
C_energy_matched	Llama-3.1-8B-Instruct/tulu/seed43	log_energy_ratio	gain_metamath		3
C_energy_matched	Llama-3.1-8B-Instruct/tulu/seed44	log_energy_ratio	gain_metamath		3
C_energy_matched	Qwen3-8B/magicoder/seed42	log_energy_ratio	gain_metamath		3
C_energy_matched	Qwen3-8B/magicoder/seed43	log_energy_ratio	gain_metamath		3
C_energy_matched	Qwen3-8B/magicoder/seed44	log_energy_ratio	gain_metamath		3
C_energy_matched	Qwen3-8B/metamath/seed42	log_energy_ratio	gain_metamath		3
C_energy_matched	Qwen3-8B/metamath/seed43	log_energy_ratio	gain_metamath		3
C_energy_matched	Qwen3-8B/metamath/seed44	log_energy_ratio	gain_metamath		3
C_energy_matched	Qwen3-8B/tulu/seed42	log_energy_ratio	gain_metamath		3
C_energy_matched	Qwen3-8B/tulu/seed43	log_energy_ratio	gain_metamath		3
C_energy_matched	Qwen3-8B/tulu/seed44	log_energy_ratio	gain_metamath		3
C_energy_matched	Llama-3.1-8B-Instruct/magicoder/seed42	raw_fpr	gain_metamath	-0.5	3
C_energy_matched	Llama-3.1-8B-Instruct/magicoder/seed43	raw_fpr	gain_metamath	-0.5	3
C_energy_matched	Llama-3.1-8B-Instruct/magicoder/seed44	raw_fpr	gain_metamath	-0.5	3
C_energy_matched	Llama-3.1-8B-Instruct/metamath/seed42	raw_fpr	gain_metamath	0.5	3
C_energy_matched	Llama-3.1-8B-Instruct/metamath/seed43	raw_fpr	gain_metamath	-0.5	3
C_energy_matched	Llama-3.1-8B-Instruct/metamath/seed44	raw_fpr	gain_metamath	1.0	3
C_energy_matched	Llama-3.1-8B-Instruct/tulu/seed42	raw_fpr	gain_metamath	-1.0	3
C_energy_matched	Llama-3.1-8B-Instruct/tulu/seed43	raw_fpr	gain_metamath	1.0	3
C_energy_matched	Llama-3.1-8B-Instruct/tulu/seed44	raw_fpr	gain_metamath	-0.5	3
C_energy_matched	Qwen3-8B/magicoder/seed42	raw_fpr	gain_metamath	-1.0	3
C_energy_matched	Qwen3-8B/magicoder/seed43	raw_fpr	gain_metamath	0.0	3
C_energy_matched	Qwen3-8B/magicoder/seed44	raw_fpr	gain_metamath	1.0	3
C_energy_matched	Qwen3-8B/metamath/seed42	raw_fpr	gain_metamath	0.5	3
C_energy_matched	Qwen3-8B/metamath/seed43	raw_fpr	gain_metamath	0.5	3
C_energy_matched	Qwen3-8B/metamath/seed44	raw_fpr	gain_metamath	0.5	3
C_energy_matched	Qwen3-8B/tulu/seed42	raw_fpr	gain_metamath	0.5	3
C_energy_matched	Qwen3-8B/tulu/seed43	raw_fpr	gain_metamath	1.0	3
C_energy_matched	Qwen3-8B/tulu/seed44	raw_fpr	gain_metamath	-1.0	3
C_energy_matched	Llama-3.1-8B-Instruct/magicoder/seed42	full_moment_pr	gain_metamath	-0.5	3
C_energy_matched	Llama-3.1-8B-Instruct/magicoder/seed43	full_moment_pr	gain_metamath	-0.5	3
C_energy_matched	Llama-3.1-8B-Instruct/magicoder/seed44	full_moment_pr	gain_metamath	-0.5	3
C_energy_matched	Llama-3.1-8B-Instruct/metamath/seed42	full_moment_pr	gain_metamath	0.5	3
C_energy_matched	Llama-3.1-8B-Instruct/metamath/seed43	full_moment_pr	gain_metamath	-0.5	3
C_energy_matched	Llama-3.1-8B-Instruct/metamath/seed44	full_moment_pr	gain_metamath	1.0	3
C_energy_matched	Llama-3.1-8B-Instruct/tulu/seed42	full_moment_pr	gain_metamath	-1.0	3
C_energy_matched	Llama-3.1-8B-Instruct/tulu/seed43	full_moment_pr	gain_metamath	1.0	3
C_energy_matched	Llama-3.1-8B-Instruct/tulu/seed44	full_moment_pr	gain_metamath	-0.5	3
C_energy_matched	Qwen3-8B/magicoder/seed42	full_moment_pr	gain_metamath	-1.0	3
C_energy_matched	Qwen3-8B/magicoder/seed43	full_moment_pr	gain_metamath	0.0	3
C_energy_matched	Qwen3-8B/magicoder/seed44	full_moment_pr	gain_metamath	0.5	3
C_energy_matched	Qwen3-8B/metamath/seed42	full_moment_pr	gain_metamath	0.5	3
C_energy_matched	Qwen3-8B/metamath/seed43	full_moment_pr	gain_metamath	0.5	3
C_energy_matched	Qwen3-8B/metamath/seed44	full_moment_pr	gain_metamath	0.5	3
C_energy_matched	Qwen3-8B/tulu/seed42	full_moment_pr	gain_metamath	0.5	3
C_energy_matched	Qwen3-8B/tulu/seed43	full_moment_pr	gain_metamath	1.0	3
C_energy_matched	Qwen3-8B/tulu/seed44	full_moment_pr	gain_metamath	-1.0	3
C_energy_matched	Llama-3.1-8B-Instruct/magicoder/seed42	log_energy_ratio	gain_tulu		3
C_energy_matched	Llama-3.1-8B-Instruct/magicoder/seed43	log_energy_ratio	gain_tulu		3
C_energy_matched	Llama-3.1-8B-Instruct/magicoder/seed44	log_energy_ratio	gain_tulu		3
C_energy_matched	Llama-3.1-8B-Instruct/metamath/seed42	log_energy_ratio	gain_tulu		3
C_energy_matched	Llama-3.1-8B-Instruct/metamath/seed43	log_energy_ratio	gain_tulu		3
C_energy_matched	Llama-3.1-8B-Instruct/metamath/seed44	log_energy_ratio	gain_tulu		3
C_energy_matched	Llama-3.1-8B-Instruct/tulu/seed42	log_energy_ratio	gain_tulu		3
C_energy_matched	Llama-3.1-8B-Instruct/tulu/seed43	log_energy_ratio	gain_tulu		3
C_energy_matched	Llama-3.1-8B-Instruct/tulu/seed44	log_energy_ratio	gain_tulu		3
C_energy_matched	Qwen3-8B/magicoder/seed42	log_energy_ratio	gain_tulu		3
C_energy_matched	Qwen3-8B/magicoder/seed43	log_energy_ratio	gain_tulu		3
C_energy_matched	Qwen3-8B/magicoder/seed44	log_energy_ratio	gain_tulu		3
C_energy_matched	Qwen3-8B/metamath/seed42	log_energy_ratio	gain_tulu		3
C_energy_matched	Qwen3-8B/metamath/seed43	log_energy_ratio	gain_tulu		3
C_energy_matched	Qwen3-8B/metamath/seed44	log_energy_ratio	gain_tulu		3
C_energy_matched	Qwen3-8B/tulu/seed42	log_energy_ratio	gain_tulu		3
C_energy_matched	Qwen3-8B/tulu/seed43	log_energy_ratio	gain_tulu		3
C_energy_matched	Qwen3-8B/tulu/seed44	log_energy_ratio	gain_tulu		3
C_energy_matched	Llama-3.1-8B-Instruct/magicoder/seed42	raw_fpr	gain_tulu	0.5	3
C_energy_matched	Llama-3.1-8B-Instruct/magicoder/seed43	raw_fpr	gain_tulu	-0.5	3
C_energy_matched	Llama-3.1-8B-Instruct/magicoder/seed44	raw_fpr	gain_tulu	-0.8660254037844387	3
C_energy_matched	Llama-3.1-8B-Instruct/metamath/seed42	raw_fpr	gain_tulu	0.5	3
C_energy_matched	Llama-3.1-8B-Instruct/metamath/seed43	raw_fpr	gain_tulu	0.5	3
C_energy_matched	Llama-3.1-8B-Instruct/metamath/seed44	raw_fpr	gain_tulu	1.0	3
C_energy_matched	Llama-3.1-8B-Instruct/tulu/seed42	raw_fpr	gain_tulu	-0.5	3
C_energy_matched	Llama-3.1-8B-Instruct/tulu/seed43	raw_fpr	gain_tulu	0.8660254037844387	3
C_energy_matched	Llama-3.1-8B-Instruct/tulu/seed44	raw_fpr	gain_tulu	0.5	3
C_energy_matched	Qwen3-8B/magicoder/seed42	raw_fpr	gain_tulu	0.0	3
C_energy_matched	Qwen3-8B/magicoder/seed43	raw_fpr	gain_tulu	1.0	3
C_energy_matched	Qwen3-8B/magicoder/seed44	raw_fpr	gain_tulu	-1.0	3
C_energy_matched	Qwen3-8B/metamath/seed42	raw_fpr	gain_tulu	1.0	3
C_energy_matched	Qwen3-8B/metamath/seed43	raw_fpr	gain_tulu	1.0	3
C_energy_matched	Qwen3-8B/metamath/seed44	raw_fpr	gain_tulu	0.0	3
C_energy_matched	Qwen3-8B/tulu/seed42	raw_fpr	gain_tulu	-0.5	3
C_energy_matched	Qwen3-8B/tulu/seed43	raw_fpr	gain_tulu	0.5	3
C_energy_matched	Qwen3-8B/tulu/seed44	raw_fpr	gain_tulu	-1.0	3
C_energy_matched	Llama-3.1-8B-Instruct/magicoder/seed42	full_moment_pr	gain_tulu	0.5	3
C_energy_matched	Llama-3.1-8B-Instruct/magicoder/seed43	full_moment_pr	gain_tulu	-0.5	3
C_energy_matched	Llama-3.1-8B-Instruct/magicoder/seed44	full_moment_pr	gain_tulu	-0.8660254037844387	3
C_energy_matched	Llama-3.1-8B-Instruct/metamath/seed42	full_moment_pr	gain_tulu	0.5	3
C_energy_matched	Llama-3.1-8B-Instruct/metamath/seed43	full_moment_pr	gain_tulu	0.5	3
C_energy_matched	Llama-3.1-8B-Instruct/metamath/seed44	full_moment_pr	gain_tulu	1.0	3
C_energy_matched	Llama-3.1-8B-Instruct/tulu/seed42	full_moment_pr	gain_tulu	-0.5	3
C_energy_matched	Llama-3.1-8B-Instruct/tulu/seed43	full_moment_pr	gain_tulu	0.8660254037844387	3
C_energy_matched	Llama-3.1-8B-Instruct/tulu/seed44	full_moment_pr	gain_tulu	0.5	3
C_energy_matched	Qwen3-8B/magicoder/seed42	full_moment_pr	gain_tulu	0.0	3
C_energy_matched	Qwen3-8B/magicoder/seed43	full_moment_pr	gain_tulu	1.0	3
C_energy_matched	Qwen3-8B/magicoder/seed44	full_moment_pr	gain_tulu	-0.5	3
C_energy_matched	Qwen3-8B/metamath/seed42	full_moment_pr	gain_tulu	1.0	3
C_energy_matched	Qwen3-8B/metamath/seed43	full_moment_pr	gain_tulu	1.0	3
C_energy_matched	Qwen3-8B/metamath/seed44	full_moment_pr	gain_tulu	0.0	3
C_energy_matched	Qwen3-8B/tulu/seed42	full_moment_pr	gain_tulu	-0.5	3
C_energy_matched	Qwen3-8B/tulu/seed43	full_moment_pr	gain_tulu	0.5	3
C_energy_matched	Qwen3-8B/tulu/seed44	full_moment_pr	gain_tulu	-1.0	3
C_energy_matched	Llama-3.1-8B-Instruct/magicoder/seed42	log_energy_ratio	gain_commonsense		3
C_energy_matched	Llama-3.1-8B-Instruct/magicoder/seed43	log_energy_ratio	gain_commonsense		3
C_energy_matched	Llama-3.1-8B-Instruct/magicoder/seed44	log_energy_ratio	gain_commonsense		3
C_energy_matched	Llama-3.1-8B-Instruct/metamath/seed42	log_energy_ratio	gain_commonsense		3
C_energy_matched	Llama-3.1-8B-Instruct/metamath/seed43	log_energy_ratio	gain_commonsense		3
C_energy_matched	Llama-3.1-8B-Instruct/metamath/seed44	log_energy_ratio	gain_commonsense		3
C_energy_matched	Llama-3.1-8B-Instruct/tulu/seed42	log_energy_ratio	gain_commonsense		3
C_energy_matched	Llama-3.1-8B-Instruct/tulu/seed43	log_energy_ratio	gain_commonsense		3
C_energy_matched	Llama-3.1-8B-Instruct/tulu/seed44	log_energy_ratio	gain_commonsense		3
C_energy_matched	Qwen3-8B/magicoder/seed42	log_energy_ratio	gain_commonsense		3
C_energy_matched	Qwen3-8B/magicoder/seed43	log_energy_ratio	gain_commonsense		3
C_energy_matched	Qwen3-8B/magicoder/seed44	log_energy_ratio	gain_commonsense		3
C_energy_matched	Qwen3-8B/metamath/seed42	log_energy_ratio	gain_commonsense		3
C_energy_matched	Qwen3-8B/metamath/seed43	log_energy_ratio	gain_commonsense		3
C_energy_matched	Qwen3-8B/metamath/seed44	log_energy_ratio	gain_commonsense		3
C_energy_matched	Qwen3-8B/tulu/seed42	log_energy_ratio	gain_commonsense		3
C_energy_matched	Qwen3-8B/tulu/seed43	log_energy_ratio	gain_commonsense		3
C_energy_matched	Qwen3-8B/tulu/seed44	log_energy_ratio	gain_commonsense		3
C_energy_matched	Llama-3.1-8B-Instruct/magicoder/seed42	raw_fpr	gain_commonsense	-1.0	3
C_energy_matched	Llama-3.1-8B-Instruct/magicoder/seed43	raw_fpr	gain_commonsense	0.5	3
C_energy_matched	Llama-3.1-8B-Instruct/magicoder/seed44	raw_fpr	gain_commonsense	0.5	3
C_energy_matched	Llama-3.1-8B-Instruct/metamath/seed42	raw_fpr	gain_commonsense	0.5	3
C_energy_matched	Llama-3.1-8B-Instruct/metamath/seed43	raw_fpr	gain_commonsense	0.5	3
C_energy_matched	Llama-3.1-8B-Instruct/metamath/seed44	raw_fpr	gain_commonsense	0.5	3
C_energy_matched	Llama-3.1-8B-Instruct/tulu/seed42	raw_fpr	gain_commonsense	0.5	3
C_energy_matched	Llama-3.1-8B-Instruct/tulu/seed43	raw_fpr	gain_commonsense	-0.5	3
C_energy_matched	Llama-3.1-8B-Instruct/tulu/seed44	raw_fpr	gain_commonsense	-1.0	3
C_energy_matched	Qwen3-8B/magicoder/seed42	raw_fpr	gain_commonsense	-0.5	3
C_energy_matched	Qwen3-8B/magicoder/seed43	raw_fpr	gain_commonsense	-1.0	3
C_energy_matched	Qwen3-8B/magicoder/seed44	raw_fpr	gain_commonsense	-1.0	3
C_energy_matched	Qwen3-8B/metamath/seed42	raw_fpr	gain_commonsense	0.5	3
C_energy_matched	Qwen3-8B/metamath/seed43	raw_fpr	gain_commonsense	0.5	3
C_energy_matched	Qwen3-8B/metamath/seed44	raw_fpr	gain_commonsense	-0.5	3
C_energy_matched	Qwen3-8B/tulu/seed42	raw_fpr	gain_commonsense	-0.5	3
C_energy_matched	Qwen3-8B/tulu/seed43	raw_fpr	gain_commonsense	1.0	3
C_energy_matched	Qwen3-8B/tulu/seed44	raw_fpr	gain_commonsense	-1.0	3
C_energy_matched	Llama-3.1-8B-Instruct/magicoder/seed42	full_moment_pr	gain_commonsense	-1.0	3
C_energy_matched	Llama-3.1-8B-Instruct/magicoder/seed43	full_moment_pr	gain_commonsense	0.5	3
C_energy_matched	Llama-3.1-8B-Instruct/magicoder/seed44	full_moment_pr	gain_commonsense	0.5	3
C_energy_matched	Llama-3.1-8B-Instruct/metamath/seed42	full_moment_pr	gain_commonsense	0.5	3
C_energy_matched	Llama-3.1-8B-Instruct/metamath/seed43	full_moment_pr	gain_commonsense	0.5	3
C_energy_matched	Llama-3.1-8B-Instruct/metamath/seed44	full_moment_pr	gain_commonsense	0.5	3
C_energy_matched	Llama-3.1-8B-Instruct/tulu/seed42	full_moment_pr	gain_commonsense	0.5	3
C_energy_matched	Llama-3.1-8B-Instruct/tulu/seed43	full_moment_pr	gain_commonsense	-0.5	3
C_energy_matched	Llama-3.1-8B-Instruct/tulu/seed44	full_moment_pr	gain_commonsense	-1.0	3
C_energy_matched	Qwen3-8B/magicoder/seed42	full_moment_pr	gain_commonsense	-0.5	3
C_energy_matched	Qwen3-8B/magicoder/seed43	full_moment_pr	gain_commonsense	-1.0	3
C_energy_matched	Qwen3-8B/magicoder/seed44	full_moment_pr	gain_commonsense	-0.5	3
C_energy_matched	Qwen3-8B/metamath/seed42	full_moment_pr	gain_commonsense	0.5	3
C_energy_matched	Qwen3-8B/metamath/seed43	full_moment_pr	gain_commonsense	0.5	3
C_energy_matched	Qwen3-8B/metamath/seed44	full_moment_pr	gain_commonsense	-0.5	3
C_energy_matched	Qwen3-8B/tulu/seed42	full_moment_pr	gain_commonsense	-0.5	3
C_energy_matched	Qwen3-8B/tulu/seed43	full_moment_pr	gain_commonsense	1.0	3
C_energy_matched	Qwen3-8B/tulu/seed44	full_moment_pr	gain_commonsense	-1.0	3
C_energy_matched	Llama-3.1-8B-Instruct/magicoder/seed42	log_energy_ratio	gain_arc_challenge		3
C_energy_matched	Llama-3.1-8B-Instruct/magicoder/seed43	log_energy_ratio	gain_arc_challenge		3
C_energy_matched	Llama-3.1-8B-Instruct/magicoder/seed44	log_energy_ratio	gain_arc_challenge		3
C_energy_matched	Llama-3.1-8B-Instruct/metamath/seed42	log_energy_ratio	gain_arc_challenge		3
C_energy_matched	Llama-3.1-8B-Instruct/metamath/seed43	log_energy_ratio	gain_arc_challenge		3
C_energy_matched	Llama-3.1-8B-Instruct/metamath/seed44	log_energy_ratio	gain_arc_challenge		3
C_energy_matched	Llama-3.1-8B-Instruct/tulu/seed42	log_energy_ratio	gain_arc_challenge		3
C_energy_matched	Llama-3.1-8B-Instruct/tulu/seed43	log_energy_ratio	gain_arc_challenge		3
C_energy_matched	Llama-3.1-8B-Instruct/tulu/seed44	log_energy_ratio	gain_arc_challenge		3
C_energy_matched	Qwen3-8B/magicoder/seed42	log_energy_ratio	gain_arc_challenge		3
C_energy_matched	Qwen3-8B/magicoder/seed43	log_energy_ratio	gain_arc_challenge		3
C_energy_matched	Qwen3-8B/magicoder/seed44	log_energy_ratio	gain_arc_challenge		3
C_energy_matched	Qwen3-8B/metamath/seed42	log_energy_ratio	gain_arc_challenge		3
C_energy_matched	Qwen3-8B/metamath/seed43	log_energy_ratio	gain_arc_challenge		3
C_energy_matched	Qwen3-8B/metamath/seed44	log_energy_ratio	gain_arc_challenge		3
C_energy_matched	Qwen3-8B/tulu/seed42	log_energy_ratio	gain_arc_challenge		3
C_energy_matched	Qwen3-8B/tulu/seed43	log_energy_ratio	gain_arc_challenge		3
C_energy_matched	Qwen3-8B/tulu/seed44	log_energy_ratio	gain_arc_challenge		3
C_energy_matched	Llama-3.1-8B-Instruct/magicoder/seed42	raw_fpr	gain_arc_challenge	-1.0	3
C_energy_matched	Llama-3.1-8B-Instruct/magicoder/seed43	raw_fpr	gain_arc_challenge	0.5	3
C_energy_matched	Llama-3.1-8B-Instruct/magicoder/seed44	raw_fpr	gain_arc_challenge	0.8660254037844387	3
C_energy_matched	Llama-3.1-8B-Instruct/metamath/seed42	raw_fpr	gain_arc_challenge	0.5	3
C_energy_matched	Llama-3.1-8B-Instruct/metamath/seed43	raw_fpr	gain_arc_challenge	0.5	3
C_energy_matched	Llama-3.1-8B-Instruct/metamath/seed44	raw_fpr	gain_arc_challenge	0.8660254037844387	3
C_energy_matched	Llama-3.1-8B-Instruct/tulu/seed42	raw_fpr	gain_arc_challenge	0.5	3
C_energy_matched	Llama-3.1-8B-Instruct/tulu/seed43	raw_fpr	gain_arc_challenge	-0.5	3
C_energy_matched	Llama-3.1-8B-Instruct/tulu/seed44	raw_fpr	gain_arc_challenge	-0.5	3
C_energy_matched	Qwen3-8B/magicoder/seed42	raw_fpr	gain_arc_challenge	0.5	3
C_energy_matched	Qwen3-8B/magicoder/seed43	raw_fpr	gain_arc_challenge	-0.8660254037844387	3
C_energy_matched	Qwen3-8B/magicoder/seed44	raw_fpr	gain_arc_challenge	-1.0	3
C_energy_matched	Qwen3-8B/metamath/seed42	raw_fpr	gain_arc_challenge	0.5	3
C_energy_matched	Qwen3-8B/metamath/seed43	raw_fpr	gain_arc_challenge	0.8660254037844387	3
C_energy_matched	Qwen3-8B/metamath/seed44	raw_fpr	gain_arc_challenge	1.0	3
C_energy_matched	Qwen3-8B/tulu/seed42	raw_fpr	gain_arc_challenge	-0.8660254037844387	3
C_energy_matched	Qwen3-8B/tulu/seed43	raw_fpr	gain_arc_challenge	0.8660254037844387	3
C_energy_matched	Qwen3-8B/tulu/seed44	raw_fpr	gain_arc_challenge		3
C_energy_matched	Llama-3.1-8B-Instruct/magicoder/seed42	full_moment_pr	gain_arc_challenge	-1.0	3
C_energy_matched	Llama-3.1-8B-Instruct/magicoder/seed43	full_moment_pr	gain_arc_challenge	0.5	3
C_energy_matched	Llama-3.1-8B-Instruct/magicoder/seed44	full_moment_pr	gain_arc_challenge	0.8660254037844387	3
C_energy_matched	Llama-3.1-8B-Instruct/metamath/seed42	full_moment_pr	gain_arc_challenge	0.5	3
C_energy_matched	Llama-3.1-8B-Instruct/metamath/seed43	full_moment_pr	gain_arc_challenge	0.5	3
C_energy_matched	Llama-3.1-8B-Instruct/metamath/seed44	full_moment_pr	gain_arc_challenge	0.8660254037844387	3
C_energy_matched	Llama-3.1-8B-Instruct/tulu/seed42	full_moment_pr	gain_arc_challenge	0.5	3
C_energy_matched	Llama-3.1-8B-Instruct/tulu/seed43	full_moment_pr	gain_arc_challenge	-0.5	3
C_energy_matched	Llama-3.1-8B-Instruct/tulu/seed44	full_moment_pr	gain_arc_challenge	-0.5	3
C_energy_matched	Qwen3-8B/magicoder/seed42	full_moment_pr	gain_arc_challenge	0.5	3
C_energy_matched	Qwen3-8B/magicoder/seed43	full_moment_pr	gain_arc_challenge	-0.8660254037844387	3
C_energy_matched	Qwen3-8B/magicoder/seed44	full_moment_pr	gain_arc_challenge	-0.5	3
C_energy_matched	Qwen3-8B/metamath/seed42	full_moment_pr	gain_arc_challenge	0.5	3
C_energy_matched	Qwen3-8B/metamath/seed43	full_moment_pr	gain_arc_challenge	0.8660254037844387	3
C_energy_matched	Qwen3-8B/metamath/seed44	full_moment_pr	gain_arc_challenge	1.0	3
C_energy_matched	Qwen3-8B/tulu/seed42	full_moment_pr	gain_arc_challenge	-0.8660254037844387	3
C_energy_matched	Qwen3-8B/tulu/seed43	full_moment_pr	gain_arc_challenge	0.8660254037844387	3
C_energy_matched	Qwen3-8B/tulu/seed44	full_moment_pr	gain_arc_challenge		3
C_energy_matched	Llama-3.1-8B-Instruct/magicoder/seed42	log_energy_ratio	gain_arc_easy		3
C_energy_matched	Llama-3.1-8B-Instruct/magicoder/seed43	log_energy_ratio	gain_arc_easy		3
C_energy_matched	Llama-3.1-8B-Instruct/magicoder/seed44	log_energy_ratio	gain_arc_easy		3
C_energy_matched	Llama-3.1-8B-Instruct/metamath/seed42	log_energy_ratio	gain_arc_easy		3
C_energy_matched	Llama-3.1-8B-Instruct/metamath/seed43	log_energy_ratio	gain_arc_easy		3
C_energy_matched	Llama-3.1-8B-Instruct/metamath/seed44	log_energy_ratio	gain_arc_easy		3
C_energy_matched	Llama-3.1-8B-Instruct/tulu/seed42	log_energy_ratio	gain_arc_easy		3
C_energy_matched	Llama-3.1-8B-Instruct/tulu/seed43	log_energy_ratio	gain_arc_easy		3
C_energy_matched	Llama-3.1-8B-Instruct/tulu/seed44	log_energy_ratio	gain_arc_easy		3
C_energy_matched	Qwen3-8B/magicoder/seed42	log_energy_ratio	gain_arc_easy		3
C_energy_matched	Qwen3-8B/magicoder/seed43	log_energy_ratio	gain_arc_easy		3
C_energy_matched	Qwen3-8B/magicoder/seed44	log_energy_ratio	gain_arc_easy		3
C_energy_matched	Qwen3-8B/metamath/seed42	log_energy_ratio	gain_arc_easy		3
C_energy_matched	Qwen3-8B/metamath/seed43	log_energy_ratio	gain_arc_easy		3
C_energy_matched	Qwen3-8B/metamath/seed44	log_energy_ratio	gain_arc_easy		3
C_energy_matched	Qwen3-8B/tulu/seed42	log_energy_ratio	gain_arc_easy		3
C_energy_matched	Qwen3-8B/tulu/seed43	log_energy_ratio	gain_arc_easy		3
C_energy_matched	Qwen3-8B/tulu/seed44	log_energy_ratio	gain_arc_easy		3
C_energy_matched	Llama-3.1-8B-Instruct/magicoder/seed42	raw_fpr	gain_arc_easy	-0.5	3
C_energy_matched	Llama-3.1-8B-Instruct/magicoder/seed43	raw_fpr	gain_arc_easy	0.5	3
C_energy_matched	Llama-3.1-8B-Instruct/magicoder/seed44	raw_fpr	gain_arc_easy	0.5	3
C_energy_matched	Llama-3.1-8B-Instruct/metamath/seed42	raw_fpr	gain_arc_easy	1.0	3
C_energy_matched	Llama-3.1-8B-Instruct/metamath/seed43	raw_fpr	gain_arc_easy	1.0	3
C_energy_matched	Llama-3.1-8B-Instruct/metamath/seed44	raw_fpr	gain_arc_easy	1.0	3
C_energy_matched	Llama-3.1-8B-Instruct/tulu/seed42	raw_fpr	gain_arc_easy	1.0	3
C_energy_matched	Llama-3.1-8B-Instruct/tulu/seed43	raw_fpr	gain_arc_easy	0.0	3
C_energy_matched	Llama-3.1-8B-Instruct/tulu/seed44	raw_fpr	gain_arc_easy	-0.8660254037844387	3
C_energy_matched	Qwen3-8B/magicoder/seed42	raw_fpr	gain_arc_easy	0.5	3
C_energy_matched	Qwen3-8B/magicoder/seed43	raw_fpr	gain_arc_easy	-1.0	3
C_energy_matched	Qwen3-8B/magicoder/seed44	raw_fpr	gain_arc_easy	0.5	3
C_energy_matched	Qwen3-8B/metamath/seed42	raw_fpr	gain_arc_easy	-0.8660254037844387	3
C_energy_matched	Qwen3-8B/metamath/seed43	raw_fpr	gain_arc_easy	0.8660254037844387	3
C_energy_matched	Qwen3-8B/metamath/seed44	raw_fpr	gain_arc_easy	-0.5	3
C_energy_matched	Qwen3-8B/tulu/seed42	raw_fpr	gain_arc_easy	0.8660254037844387	3
C_energy_matched	Qwen3-8B/tulu/seed43	raw_fpr	gain_arc_easy	0.5	3
C_energy_matched	Qwen3-8B/tulu/seed44	raw_fpr	gain_arc_easy	0.8660254037844387	3
C_energy_matched	Llama-3.1-8B-Instruct/magicoder/seed42	full_moment_pr	gain_arc_easy	-0.5	3
C_energy_matched	Llama-3.1-8B-Instruct/magicoder/seed43	full_moment_pr	gain_arc_easy	0.5	3
C_energy_matched	Llama-3.1-8B-Instruct/magicoder/seed44	full_moment_pr	gain_arc_easy	0.5	3
C_energy_matched	Llama-3.1-8B-Instruct/metamath/seed42	full_moment_pr	gain_arc_easy	1.0	3
C_energy_matched	Llama-3.1-8B-Instruct/metamath/seed43	full_moment_pr	gain_arc_easy	1.0	3
C_energy_matched	Llama-3.1-8B-Instruct/metamath/seed44	full_moment_pr	gain_arc_easy	1.0	3
C_energy_matched	Llama-3.1-8B-Instruct/tulu/seed42	full_moment_pr	gain_arc_easy	1.0	3
C_energy_matched	Llama-3.1-8B-Instruct/tulu/seed43	full_moment_pr	gain_arc_easy	0.0	3
C_energy_matched	Llama-3.1-8B-Instruct/tulu/seed44	full_moment_pr	gain_arc_easy	-0.8660254037844387	3
C_energy_matched	Qwen3-8B/magicoder/seed42	full_moment_pr	gain_arc_easy	0.5	3
C_energy_matched	Qwen3-8B/magicoder/seed43	full_moment_pr	gain_arc_easy	-1.0	3
C_energy_matched	Qwen3-8B/magicoder/seed44	full_moment_pr	gain_arc_easy	1.0	3
C_energy_matched	Qwen3-8B/metamath/seed42	full_moment_pr	gain_arc_easy	-0.8660254037844387	3
C_energy_matched	Qwen3-8B/metamath/seed43	full_moment_pr	gain_arc_easy	0.8660254037844387	3
C_energy_matched	Qwen3-8B/metamath/seed44	full_moment_pr	gain_arc_easy	-0.5	3
C_energy_matched	Qwen3-8B/tulu/seed42	full_moment_pr	gain_arc_easy	0.8660254037844387	3
C_energy_matched	Qwen3-8B/tulu/seed43	full_moment_pr	gain_arc_easy	0.5	3
C_energy_matched	Qwen3-8B/tulu/seed44	full_moment_pr	gain_arc_easy	0.8660254037844387	3
C_energy_matched	Llama-3.1-8B-Instruct/magicoder/seed42	log_energy_ratio	gain_boolq		3
C_energy_matched	Llama-3.1-8B-Instruct/magicoder/seed43	log_energy_ratio	gain_boolq		3
C_energy_matched	Llama-3.1-8B-Instruct/magicoder/seed44	log_energy_ratio	gain_boolq		3
C_energy_matched	Llama-3.1-8B-Instruct/metamath/seed42	log_energy_ratio	gain_boolq		3
C_energy_matched	Llama-3.1-8B-Instruct/metamath/seed43	log_energy_ratio	gain_boolq		3
C_energy_matched	Llama-3.1-8B-Instruct/metamath/seed44	log_energy_ratio	gain_boolq		3
C_energy_matched	Llama-3.1-8B-Instruct/tulu/seed42	log_energy_ratio	gain_boolq		3
C_energy_matched	Llama-3.1-8B-Instruct/tulu/seed43	log_energy_ratio	gain_boolq		3
C_energy_matched	Llama-3.1-8B-Instruct/tulu/seed44	log_energy_ratio	gain_boolq		3
C_energy_matched	Qwen3-8B/magicoder/seed42	log_energy_ratio	gain_boolq		3
C_energy_matched	Qwen3-8B/magicoder/seed43	log_energy_ratio	gain_boolq		3
C_energy_matched	Qwen3-8B/magicoder/seed44	log_energy_ratio	gain_boolq		3
C_energy_matched	Qwen3-8B/metamath/seed42	log_energy_ratio	gain_boolq		3
C_energy_matched	Qwen3-8B/metamath/seed43	log_energy_ratio	gain_boolq		3
C_energy_matched	Qwen3-8B/metamath/seed44	log_energy_ratio	gain_boolq		3
C_energy_matched	Qwen3-8B/tulu/seed42	log_energy_ratio	gain_boolq		3
C_energy_matched	Qwen3-8B/tulu/seed43	log_energy_ratio	gain_boolq		3
C_energy_matched	Qwen3-8B/tulu/seed44	log_energy_ratio	gain_boolq		3
C_energy_matched	Llama-3.1-8B-Instruct/magicoder/seed42	raw_fpr	gain_boolq	0.5	3
C_energy_matched	Llama-3.1-8B-Instruct/magicoder/seed43	raw_fpr	gain_boolq	0.5	3
C_energy_matched	Llama-3.1-8B-Instruct/magicoder/seed44	raw_fpr	gain_boolq	0.8660254037844387	3
C_energy_matched	Llama-3.1-8B-Instruct/metamath/seed42	raw_fpr	gain_boolq	0.5	3
C_energy_matched	Llama-3.1-8B-Instruct/metamath/seed43	raw_fpr	gain_boolq	0.5	3
C_energy_matched	Llama-3.1-8B-Instruct/metamath/seed44	raw_fpr	gain_boolq	1.0	3
C_energy_matched	Llama-3.1-8B-Instruct/tulu/seed42	raw_fpr	gain_boolq	-0.5	3
C_energy_matched	Llama-3.1-8B-Instruct/tulu/seed43	raw_fpr	gain_boolq	0.5	3
C_energy_matched	Llama-3.1-8B-Instruct/tulu/seed44	raw_fpr	gain_boolq	-0.5	3
C_energy_matched	Qwen3-8B/magicoder/seed42	raw_fpr	gain_boolq	0.8660254037844387	3
C_energy_matched	Qwen3-8B/magicoder/seed43	raw_fpr	gain_boolq	-0.8660254037844387	3
C_energy_matched	Qwen3-8B/magicoder/seed44	raw_fpr	gain_boolq	-1.0	3
C_energy_matched	Qwen3-8B/metamath/seed42	raw_fpr	gain_boolq	-1.0	3
C_energy_matched	Qwen3-8B/metamath/seed43	raw_fpr	gain_boolq	-0.5	3
C_energy_matched	Qwen3-8B/metamath/seed44	raw_fpr	gain_boolq	-0.5	3
C_energy_matched	Qwen3-8B/tulu/seed42	raw_fpr	gain_boolq	-0.8660254037844387	3
C_energy_matched	Qwen3-8B/tulu/seed43	raw_fpr	gain_boolq	0.8660254037844387	3
C_energy_matched	Qwen3-8B/tulu/seed44	raw_fpr	gain_boolq	-1.0	3
C_energy_matched	Llama-3.1-8B-Instruct/magicoder/seed42	full_moment_pr	gain_boolq	0.5	3
C_energy_matched	Llama-3.1-8B-Instruct/magicoder/seed43	full_moment_pr	gain_boolq	0.5	3
C_energy_matched	Llama-3.1-8B-Instruct/magicoder/seed44	full_moment_pr	gain_boolq	0.8660254037844387	3
C_energy_matched	Llama-3.1-8B-Instruct/metamath/seed42	full_moment_pr	gain_boolq	0.5	3
C_energy_matched	Llama-3.1-8B-Instruct/metamath/seed43	full_moment_pr	gain_boolq	0.5	3
C_energy_matched	Llama-3.1-8B-Instruct/metamath/seed44	full_moment_pr	gain_boolq	1.0	3
C_energy_matched	Llama-3.1-8B-Instruct/tulu/seed42	full_moment_pr	gain_boolq	-0.5	3
C_energy_matched	Llama-3.1-8B-Instruct/tulu/seed43	full_moment_pr	gain_boolq	0.5	3
C_energy_matched	Llama-3.1-8B-Instruct/tulu/seed44	full_moment_pr	gain_boolq	-0.5	3
C_energy_matched	Qwen3-8B/magicoder/seed42	full_moment_pr	gain_boolq	0.8660254037844387	3
C_energy_matched	Qwen3-8B/magicoder/seed43	full_moment_pr	gain_boolq	-0.8660254037844387	3
C_energy_matched	Qwen3-8B/magicoder/seed44	full_moment_pr	gain_boolq	-0.5	3
C_energy_matched	Qwen3-8B/metamath/seed42	full_moment_pr	gain_boolq	-1.0	3
C_energy_matched	Qwen3-8B/metamath/seed43	full_moment_pr	gain_boolq	-0.5	3
C_energy_matched	Qwen3-8B/metamath/seed44	full_moment_pr	gain_boolq	-0.5	3
C_energy_matched	Qwen3-8B/tulu/seed42	full_moment_pr	gain_boolq	-0.8660254037844387	3
C_energy_matched	Qwen3-8B/tulu/seed43	full_moment_pr	gain_boolq	0.8660254037844387	3
C_energy_matched	Qwen3-8B/tulu/seed44	full_moment_pr	gain_boolq	-1.0	3
C_energy_matched	Llama-3.1-8B-Instruct/magicoder/seed42	log_energy_ratio	gain_hellaswag		3
C_energy_matched	Llama-3.1-8B-Instruct/magicoder/seed43	log_energy_ratio	gain_hellaswag		3
C_energy_matched	Llama-3.1-8B-Instruct/magicoder/seed44	log_energy_ratio	gain_hellaswag		3
C_energy_matched	Llama-3.1-8B-Instruct/metamath/seed42	log_energy_ratio	gain_hellaswag		3
C_energy_matched	Llama-3.1-8B-Instruct/metamath/seed43	log_energy_ratio	gain_hellaswag		3
C_energy_matched	Llama-3.1-8B-Instruct/metamath/seed44	log_energy_ratio	gain_hellaswag		3
C_energy_matched	Llama-3.1-8B-Instruct/tulu/seed42	log_energy_ratio	gain_hellaswag		3
C_energy_matched	Llama-3.1-8B-Instruct/tulu/seed43	log_energy_ratio	gain_hellaswag		3
C_energy_matched	Llama-3.1-8B-Instruct/tulu/seed44	log_energy_ratio	gain_hellaswag		3
C_energy_matched	Qwen3-8B/magicoder/seed42	log_energy_ratio	gain_hellaswag		3
C_energy_matched	Qwen3-8B/magicoder/seed43	log_energy_ratio	gain_hellaswag		3
C_energy_matched	Qwen3-8B/magicoder/seed44	log_energy_ratio	gain_hellaswag		3
C_energy_matched	Qwen3-8B/metamath/seed42	log_energy_ratio	gain_hellaswag		3
C_energy_matched	Qwen3-8B/metamath/seed43	log_energy_ratio	gain_hellaswag		3
C_energy_matched	Qwen3-8B/metamath/seed44	log_energy_ratio	gain_hellaswag		3
C_energy_matched	Qwen3-8B/tulu/seed42	log_energy_ratio	gain_hellaswag		3
C_energy_matched	Qwen3-8B/tulu/seed43	log_energy_ratio	gain_hellaswag		3
C_energy_matched	Qwen3-8B/tulu/seed44	log_energy_ratio	gain_hellaswag		3
C_energy_matched	Llama-3.1-8B-Instruct/magicoder/seed42	raw_fpr	gain_hellaswag	-1.0	3
C_energy_matched	Llama-3.1-8B-Instruct/magicoder/seed43	raw_fpr	gain_hellaswag	0.5	3
C_energy_matched	Llama-3.1-8B-Instruct/magicoder/seed44	raw_fpr	gain_hellaswag	1.0	3
C_energy_matched	Llama-3.1-8B-Instruct/metamath/seed42	raw_fpr	gain_hellaswag	0.5	3
C_energy_matched	Llama-3.1-8B-Instruct/metamath/seed43	raw_fpr	gain_hellaswag	1.0	3
C_energy_matched	Llama-3.1-8B-Instruct/metamath/seed44	raw_fpr	gain_hellaswag	0.5	3
C_energy_matched	Llama-3.1-8B-Instruct/tulu/seed42	raw_fpr	gain_hellaswag	1.0	3
C_energy_matched	Llama-3.1-8B-Instruct/tulu/seed43	raw_fpr	gain_hellaswag	1.0	3
C_energy_matched	Llama-3.1-8B-Instruct/tulu/seed44	raw_fpr	gain_hellaswag	-0.5	3
C_energy_matched	Qwen3-8B/magicoder/seed42	raw_fpr	gain_hellaswag	-1.0	3
C_energy_matched	Qwen3-8B/magicoder/seed43	raw_fpr	gain_hellaswag	-0.5	3
C_energy_matched	Qwen3-8B/magicoder/seed44	raw_fpr	gain_hellaswag	1.0	3
C_energy_matched	Qwen3-8B/metamath/seed42	raw_fpr	gain_hellaswag	-0.5	3
C_energy_matched	Qwen3-8B/metamath/seed43	raw_fpr	gain_hellaswag	0.5	3
C_energy_matched	Qwen3-8B/metamath/seed44	raw_fpr	gain_hellaswag	-1.0	3
C_energy_matched	Qwen3-8B/tulu/seed42	raw_fpr	gain_hellaswag	0.8660254037844387	3
C_energy_matched	Qwen3-8B/tulu/seed43	raw_fpr	gain_hellaswag	0.5	3
C_energy_matched	Qwen3-8B/tulu/seed44	raw_fpr	gain_hellaswag	1.0	3
C_energy_matched	Llama-3.1-8B-Instruct/magicoder/seed42	full_moment_pr	gain_hellaswag	-1.0	3
C_energy_matched	Llama-3.1-8B-Instruct/magicoder/seed43	full_moment_pr	gain_hellaswag	0.5	3
C_energy_matched	Llama-3.1-8B-Instruct/magicoder/seed44	full_moment_pr	gain_hellaswag	1.0	3
C_energy_matched	Llama-3.1-8B-Instruct/metamath/seed42	full_moment_pr	gain_hellaswag	0.5	3
C_energy_matched	Llama-3.1-8B-Instruct/metamath/seed43	full_moment_pr	gain_hellaswag	1.0	3
C_energy_matched	Llama-3.1-8B-Instruct/metamath/seed44	full_moment_pr	gain_hellaswag	0.5	3
C_energy_matched	Llama-3.1-8B-Instruct/tulu/seed42	full_moment_pr	gain_hellaswag	1.0	3
C_energy_matched	Llama-3.1-8B-Instruct/tulu/seed43	full_moment_pr	gain_hellaswag	1.0	3
C_energy_matched	Llama-3.1-8B-Instruct/tulu/seed44	full_moment_pr	gain_hellaswag	-0.5	3
C_energy_matched	Qwen3-8B/magicoder/seed42	full_moment_pr	gain_hellaswag	-1.0	3
C_energy_matched	Qwen3-8B/magicoder/seed43	full_moment_pr	gain_hellaswag	-0.5	3
C_energy_matched	Qwen3-8B/magicoder/seed44	full_moment_pr	gain_hellaswag	0.5	3
C_energy_matched	Qwen3-8B/metamath/seed42	full_moment_pr	gain_hellaswag	-0.5	3
C_energy_matched	Qwen3-8B/metamath/seed43	full_moment_pr	gain_hellaswag	0.5	3
C_energy_matched	Qwen3-8B/metamath/seed44	full_moment_pr	gain_hellaswag	-1.0	3
C_energy_matched	Qwen3-8B/tulu/seed42	full_moment_pr	gain_hellaswag	0.8660254037844387	3
C_energy_matched	Qwen3-8B/tulu/seed43	full_moment_pr	gain_hellaswag	0.5	3
C_energy_matched	Qwen3-8B/tulu/seed44	full_moment_pr	gain_hellaswag	1.0	3
C_energy_matched	Llama-3.1-8B-Instruct/magicoder/seed42	log_energy_ratio	gain_openbookqa		3
C_energy_matched	Llama-3.1-8B-Instruct/magicoder/seed43	log_energy_ratio	gain_openbookqa		3
C_energy_matched	Llama-3.1-8B-Instruct/magicoder/seed44	log_energy_ratio	gain_openbookqa		3
C_energy_matched	Llama-3.1-8B-Instruct/metamath/seed42	log_energy_ratio	gain_openbookqa		3
C_energy_matched	Llama-3.1-8B-Instruct/metamath/seed43	log_energy_ratio	gain_openbookqa		3
C_energy_matched	Llama-3.1-8B-Instruct/metamath/seed44	log_energy_ratio	gain_openbookqa		3
C_energy_matched	Llama-3.1-8B-Instruct/tulu/seed42	log_energy_ratio	gain_openbookqa		3
C_energy_matched	Llama-3.1-8B-Instruct/tulu/seed43	log_energy_ratio	gain_openbookqa		3
C_energy_matched	Llama-3.1-8B-Instruct/tulu/seed44	log_energy_ratio	gain_openbookqa		3
C_energy_matched	Qwen3-8B/magicoder/seed42	log_energy_ratio	gain_openbookqa		3
C_energy_matched	Qwen3-8B/magicoder/seed43	log_energy_ratio	gain_openbookqa		3
C_energy_matched	Qwen3-8B/magicoder/seed44	log_energy_ratio	gain_openbookqa		3
C_energy_matched	Qwen3-8B/metamath/seed42	log_energy_ratio	gain_openbookqa		3
C_energy_matched	Qwen3-8B/metamath/seed43	log_energy_ratio	gain_openbookqa		3
C_energy_matched	Qwen3-8B/metamath/seed44	log_energy_ratio	gain_openbookqa		3
C_energy_matched	Qwen3-8B/tulu/seed42	log_energy_ratio	gain_openbookqa		3
C_energy_matched	Qwen3-8B/tulu/seed43	log_energy_ratio	gain_openbookqa		3
C_energy_matched	Qwen3-8B/tulu/seed44	log_energy_ratio	gain_openbookqa		3
C_energy_matched	Llama-3.1-8B-Instruct/magicoder/seed42	raw_fpr	gain_openbookqa	-0.8660254037844387	3
C_energy_matched	Llama-3.1-8B-Instruct/magicoder/seed43	raw_fpr	gain_openbookqa	1.0	3
C_energy_matched	Llama-3.1-8B-Instruct/magicoder/seed44	raw_fpr	gain_openbookqa	1.0	3
C_energy_matched	Llama-3.1-8B-Instruct/metamath/seed42	raw_fpr	gain_openbookqa	-0.5	3
C_energy_matched	Llama-3.1-8B-Instruct/metamath/seed43	raw_fpr	gain_openbookqa	-0.5	3
C_energy_matched	Llama-3.1-8B-Instruct/metamath/seed44	raw_fpr	gain_openbookqa	-0.8660254037844387	3
C_energy_matched	Llama-3.1-8B-Instruct/tulu/seed42	raw_fpr	gain_openbookqa	0.8660254037844387	3
C_energy_matched	Llama-3.1-8B-Instruct/tulu/seed43	raw_fpr	gain_openbookqa	-0.5	3
C_energy_matched	Llama-3.1-8B-Instruct/tulu/seed44	raw_fpr	gain_openbookqa	-1.0	3
C_energy_matched	Qwen3-8B/magicoder/seed42	raw_fpr	gain_openbookqa	0.8660254037844387	3
C_energy_matched	Qwen3-8B/magicoder/seed43	raw_fpr	gain_openbookqa	0.0	3
C_energy_matched	Qwen3-8B/magicoder/seed44	raw_fpr	gain_openbookqa	0.0	3
C_energy_matched	Qwen3-8B/metamath/seed42	raw_fpr	gain_openbookqa		3
C_energy_matched	Qwen3-8B/metamath/seed43	raw_fpr	gain_openbookqa	-0.8660254037844387	3
C_energy_matched	Qwen3-8B/metamath/seed44	raw_fpr	gain_openbookqa	-1.0	3
C_energy_matched	Qwen3-8B/tulu/seed42	raw_fpr	gain_openbookqa	-0.8660254037844387	3
C_energy_matched	Qwen3-8B/tulu/seed43	raw_fpr	gain_openbookqa	0.8660254037844387	3
C_energy_matched	Qwen3-8B/tulu/seed44	raw_fpr	gain_openbookqa	-0.5	3
C_energy_matched	Llama-3.1-8B-Instruct/magicoder/seed42	full_moment_pr	gain_openbookqa	-0.8660254037844387	3
C_energy_matched	Llama-3.1-8B-Instruct/magicoder/seed43	full_moment_pr	gain_openbookqa	1.0	3
C_energy_matched	Llama-3.1-8B-Instruct/magicoder/seed44	full_moment_pr	gain_openbookqa	1.0	3
C_energy_matched	Llama-3.1-8B-Instruct/metamath/seed42	full_moment_pr	gain_openbookqa	-0.5	3
C_energy_matched	Llama-3.1-8B-Instruct/metamath/seed43	full_moment_pr	gain_openbookqa	-0.5	3
C_energy_matched	Llama-3.1-8B-Instruct/metamath/seed44	full_moment_pr	gain_openbookqa	-0.8660254037844387	3
C_energy_matched	Llama-3.1-8B-Instruct/tulu/seed42	full_moment_pr	gain_openbookqa	0.8660254037844387	3
C_energy_matched	Llama-3.1-8B-Instruct/tulu/seed43	full_moment_pr	gain_openbookqa	-0.5	3
C_energy_matched	Llama-3.1-8B-Instruct/tulu/seed44	full_moment_pr	gain_openbookqa	-1.0	3
C_energy_matched	Qwen3-8B/magicoder/seed42	full_moment_pr	gain_openbookqa	0.8660254037844387	3
C_energy_matched	Qwen3-8B/magicoder/seed43	full_moment_pr	gain_openbookqa	0.0	3
C_energy_matched	Qwen3-8B/magicoder/seed44	full_moment_pr	gain_openbookqa	0.8660254037844387	3
C_energy_matched	Qwen3-8B/metamath/seed42	full_moment_pr	gain_openbookqa		3
C_energy_matched	Qwen3-8B/metamath/seed43	full_moment_pr	gain_openbookqa	-0.8660254037844387	3
C_energy_matched	Qwen3-8B/metamath/seed44	full_moment_pr	gain_openbookqa	-1.0	3
C_energy_matched	Qwen3-8B/tulu/seed42	full_moment_pr	gain_openbookqa	-0.8660254037844387	3
C_energy_matched	Qwen3-8B/tulu/seed43	full_moment_pr	gain_openbookqa	0.8660254037844387	3
C_energy_matched	Qwen3-8B/tulu/seed44	full_moment_pr	gain_openbookqa	-0.5	3
C_energy_matched	Llama-3.1-8B-Instruct/magicoder/seed42	log_energy_ratio	gain_piqa		3
C_energy_matched	Llama-3.1-8B-Instruct/magicoder/seed43	log_energy_ratio	gain_piqa		3
C_energy_matched	Llama-3.1-8B-Instruct/magicoder/seed44	log_energy_ratio	gain_piqa		3
C_energy_matched	Llama-3.1-8B-Instruct/metamath/seed42	log_energy_ratio	gain_piqa		3
C_energy_matched	Llama-3.1-8B-Instruct/metamath/seed43	log_energy_ratio	gain_piqa		3
C_energy_matched	Llama-3.1-8B-Instruct/metamath/seed44	log_energy_ratio	gain_piqa		3
C_energy_matched	Llama-3.1-8B-Instruct/tulu/seed42	log_energy_ratio	gain_piqa		3
C_energy_matched	Llama-3.1-8B-Instruct/tulu/seed43	log_energy_ratio	gain_piqa		3
C_energy_matched	Llama-3.1-8B-Instruct/tulu/seed44	log_energy_ratio	gain_piqa		3
C_energy_matched	Qwen3-8B/magicoder/seed42	log_energy_ratio	gain_piqa		3
C_energy_matched	Qwen3-8B/magicoder/seed43	log_energy_ratio	gain_piqa		3
C_energy_matched	Qwen3-8B/magicoder/seed44	log_energy_ratio	gain_piqa		3
C_energy_matched	Qwen3-8B/metamath/seed42	log_energy_ratio	gain_piqa		3
C_energy_matched	Qwen3-8B/metamath/seed43	log_energy_ratio	gain_piqa		3
C_energy_matched	Qwen3-8B/metamath/seed44	log_energy_ratio	gain_piqa		3
C_energy_matched	Qwen3-8B/tulu/seed42	log_energy_ratio	gain_piqa		3
C_energy_matched	Qwen3-8B/tulu/seed43	log_energy_ratio	gain_piqa		3
C_energy_matched	Qwen3-8B/tulu/seed44	log_energy_ratio	gain_piqa		3
C_energy_matched	Llama-3.1-8B-Instruct/magicoder/seed42	raw_fpr	gain_piqa	0.8660254037844387	3
C_energy_matched	Llama-3.1-8B-Instruct/magicoder/seed43	raw_fpr	gain_piqa	0.5	3
C_energy_matched	Llama-3.1-8B-Instruct/magicoder/seed44	raw_fpr	gain_piqa	-0.5	3
C_energy_matched	Llama-3.1-8B-Instruct/metamath/seed42	raw_fpr	gain_piqa	-0.5	3
C_energy_matched	Llama-3.1-8B-Instruct/metamath/seed43	raw_fpr	gain_piqa	0.5	3
C_energy_matched	Llama-3.1-8B-Instruct/metamath/seed44	raw_fpr	gain_piqa	0.5	3
C_energy_matched	Llama-3.1-8B-Instruct/tulu/seed42	raw_fpr	gain_piqa	0.0	3
C_energy_matched	Llama-3.1-8B-Instruct/tulu/seed43	raw_fpr	gain_piqa	0.8660254037844387	3
C_energy_matched	Llama-3.1-8B-Instruct/tulu/seed44	raw_fpr	gain_piqa	-0.5	3
C_energy_matched	Qwen3-8B/magicoder/seed42	raw_fpr	gain_piqa	0.0	3
C_energy_matched	Qwen3-8B/magicoder/seed43	raw_fpr	gain_piqa	0.5	3
C_energy_matched	Qwen3-8B/magicoder/seed44	raw_fpr	gain_piqa	0.5	3
C_energy_matched	Qwen3-8B/metamath/seed42	raw_fpr	gain_piqa	-0.5	3
C_energy_matched	Qwen3-8B/metamath/seed43	raw_fpr	gain_piqa	0.5	3
C_energy_matched	Qwen3-8B/metamath/seed44	raw_fpr	gain_piqa	-0.8660254037844387	3
C_energy_matched	Qwen3-8B/tulu/seed42	raw_fpr	gain_piqa	0.8660254037844387	3
C_energy_matched	Qwen3-8B/tulu/seed43	raw_fpr	gain_piqa	0.0	3
C_energy_matched	Qwen3-8B/tulu/seed44	raw_fpr	gain_piqa	0.5	3
C_energy_matched	Llama-3.1-8B-Instruct/magicoder/seed42	full_moment_pr	gain_piqa	0.8660254037844387	3
C_energy_matched	Llama-3.1-8B-Instruct/magicoder/seed43	full_moment_pr	gain_piqa	0.5	3
C_energy_matched	Llama-3.1-8B-Instruct/magicoder/seed44	full_moment_pr	gain_piqa	-0.5	3
C_energy_matched	Llama-3.1-8B-Instruct/metamath/seed42	full_moment_pr	gain_piqa	-0.5	3
C_energy_matched	Llama-3.1-8B-Instruct/metamath/seed43	full_moment_pr	gain_piqa	0.5	3
C_energy_matched	Llama-3.1-8B-Instruct/metamath/seed44	full_moment_pr	gain_piqa	0.5	3
C_energy_matched	Llama-3.1-8B-Instruct/tulu/seed42	full_moment_pr	gain_piqa	0.0	3
C_energy_matched	Llama-3.1-8B-Instruct/tulu/seed43	full_moment_pr	gain_piqa	0.8660254037844387	3
C_energy_matched	Llama-3.1-8B-Instruct/tulu/seed44	full_moment_pr	gain_piqa	-0.5	3
C_energy_matched	Qwen3-8B/magicoder/seed42	full_moment_pr	gain_piqa	0.0	3
C_energy_matched	Qwen3-8B/magicoder/seed43	full_moment_pr	gain_piqa	0.5	3
C_energy_matched	Qwen3-8B/magicoder/seed44	full_moment_pr	gain_piqa	-0.5	3
C_energy_matched	Qwen3-8B/metamath/seed42	full_moment_pr	gain_piqa	-0.5	3
C_energy_matched	Qwen3-8B/metamath/seed43	full_moment_pr	gain_piqa	0.5	3
C_energy_matched	Qwen3-8B/metamath/seed44	full_moment_pr	gain_piqa	-0.8660254037844387	3
C_energy_matched	Qwen3-8B/tulu/seed42	full_moment_pr	gain_piqa	0.8660254037844387	3
C_energy_matched	Qwen3-8B/tulu/seed43	full_moment_pr	gain_piqa	0.0	3
C_energy_matched	Qwen3-8B/tulu/seed44	full_moment_pr	gain_piqa	0.5	3
C_energy_matched	Llama-3.1-8B-Instruct/magicoder/seed42	log_energy_ratio	gain_siqa		3
C_energy_matched	Llama-3.1-8B-Instruct/magicoder/seed43	log_energy_ratio	gain_siqa		3
C_energy_matched	Llama-3.1-8B-Instruct/magicoder/seed44	log_energy_ratio	gain_siqa		3
C_energy_matched	Llama-3.1-8B-Instruct/metamath/seed42	log_energy_ratio	gain_siqa		3
C_energy_matched	Llama-3.1-8B-Instruct/metamath/seed43	log_energy_ratio	gain_siqa		3
C_energy_matched	Llama-3.1-8B-Instruct/metamath/seed44	log_energy_ratio	gain_siqa		3
C_energy_matched	Llama-3.1-8B-Instruct/tulu/seed42	log_energy_ratio	gain_siqa		3
C_energy_matched	Llama-3.1-8B-Instruct/tulu/seed43	log_energy_ratio	gain_siqa		3
C_energy_matched	Llama-3.1-8B-Instruct/tulu/seed44	log_energy_ratio	gain_siqa		3
C_energy_matched	Qwen3-8B/magicoder/seed42	log_energy_ratio	gain_siqa		3
C_energy_matched	Qwen3-8B/magicoder/seed43	log_energy_ratio	gain_siqa		3
C_energy_matched	Qwen3-8B/magicoder/seed44	log_energy_ratio	gain_siqa		3
C_energy_matched	Qwen3-8B/metamath/seed42	log_energy_ratio	gain_siqa		3
C_energy_matched	Qwen3-8B/metamath/seed43	log_energy_ratio	gain_siqa		3
C_energy_matched	Qwen3-8B/metamath/seed44	log_energy_ratio	gain_siqa		3
C_energy_matched	Qwen3-8B/tulu/seed42	log_energy_ratio	gain_siqa		3
C_energy_matched	Qwen3-8B/tulu/seed43	log_energy_ratio	gain_siqa		3
C_energy_matched	Qwen3-8B/tulu/seed44	log_energy_ratio	gain_siqa		3
C_energy_matched	Llama-3.1-8B-Instruct/magicoder/seed42	raw_fpr	gain_siqa	-1.0	3
C_energy_matched	Llama-3.1-8B-Instruct/magicoder/seed43	raw_fpr	gain_siqa	-0.8660254037844387	3
C_energy_matched	Llama-3.1-8B-Instruct/magicoder/seed44	raw_fpr	gain_siqa	-1.0	3
C_energy_matched	Llama-3.1-8B-Instruct/metamath/seed42	raw_fpr	gain_siqa	-0.5	3
C_energy_matched	Llama-3.1-8B-Instruct/metamath/seed43	raw_fpr	gain_siqa	1.0	3
C_energy_matched	Llama-3.1-8B-Instruct/metamath/seed44	raw_fpr	gain_siqa	0.5	3
C_energy_matched	Llama-3.1-8B-Instruct/tulu/seed42	raw_fpr	gain_siqa	1.0	3
C_energy_matched	Llama-3.1-8B-Instruct/tulu/seed43	raw_fpr	gain_siqa	-1.0	3
C_energy_matched	Llama-3.1-8B-Instruct/tulu/seed44	raw_fpr	gain_siqa	-1.0	3
C_energy_matched	Qwen3-8B/magicoder/seed42	raw_fpr	gain_siqa	-0.5	3
C_energy_matched	Qwen3-8B/magicoder/seed43	raw_fpr	gain_siqa	-1.0	3
C_energy_matched	Qwen3-8B/magicoder/seed44	raw_fpr	gain_siqa	-1.0	3
C_energy_matched	Qwen3-8B/metamath/seed42	raw_fpr	gain_siqa	0.8660254037844387	3
C_energy_matched	Qwen3-8B/metamath/seed43	raw_fpr	gain_siqa	0.8660254037844387	3
C_energy_matched	Qwen3-8B/metamath/seed44	raw_fpr	gain_siqa	0.0	3
C_energy_matched	Qwen3-8B/tulu/seed42	raw_fpr	gain_siqa	-0.8660254037844387	3
C_energy_matched	Qwen3-8B/tulu/seed43	raw_fpr	gain_siqa	0.5	3
C_energy_matched	Qwen3-8B/tulu/seed44	raw_fpr	gain_siqa	-0.5	3
C_energy_matched	Llama-3.1-8B-Instruct/magicoder/seed42	full_moment_pr	gain_siqa	-1.0	3
C_energy_matched	Llama-3.1-8B-Instruct/magicoder/seed43	full_moment_pr	gain_siqa	-0.8660254037844387	3
C_energy_matched	Llama-3.1-8B-Instruct/magicoder/seed44	full_moment_pr	gain_siqa	-1.0	3
C_energy_matched	Llama-3.1-8B-Instruct/metamath/seed42	full_moment_pr	gain_siqa	-0.5	3
C_energy_matched	Llama-3.1-8B-Instruct/metamath/seed43	full_moment_pr	gain_siqa	1.0	3
C_energy_matched	Llama-3.1-8B-Instruct/metamath/seed44	full_moment_pr	gain_siqa	0.5	3
C_energy_matched	Llama-3.1-8B-Instruct/tulu/seed42	full_moment_pr	gain_siqa	1.0	3
C_energy_matched	Llama-3.1-8B-Instruct/tulu/seed43	full_moment_pr	gain_siqa	-1.0	3
C_energy_matched	Llama-3.1-8B-Instruct/tulu/seed44	full_moment_pr	gain_siqa	-1.0	3
C_energy_matched	Qwen3-8B/magicoder/seed42	full_moment_pr	gain_siqa	-0.5	3
C_energy_matched	Qwen3-8B/magicoder/seed43	full_moment_pr	gain_siqa	-1.0	3
C_energy_matched	Qwen3-8B/magicoder/seed44	full_moment_pr	gain_siqa	-0.5	3
C_energy_matched	Qwen3-8B/metamath/seed42	full_moment_pr	gain_siqa	0.8660254037844387	3
C_energy_matched	Qwen3-8B/metamath/seed43	full_moment_pr	gain_siqa	0.8660254037844387	3
C_energy_matched	Qwen3-8B/metamath/seed44	full_moment_pr	gain_siqa	0.0	3
C_energy_matched	Qwen3-8B/tulu/seed42	full_moment_pr	gain_siqa	-0.8660254037844387	3
C_energy_matched	Qwen3-8B/tulu/seed43	full_moment_pr	gain_siqa	0.5	3
C_energy_matched	Qwen3-8B/tulu/seed44	full_moment_pr	gain_siqa	-0.5	3
C_energy_matched	Llama-3.1-8B-Instruct/magicoder/seed42	log_energy_ratio	gain_winogrande		3
C_energy_matched	Llama-3.1-8B-Instruct/magicoder/seed43	log_energy_ratio	gain_winogrande		3
C_energy_matched	Llama-3.1-8B-Instruct/magicoder/seed44	log_energy_ratio	gain_winogrande		3
C_energy_matched	Llama-3.1-8B-Instruct/metamath/seed42	log_energy_ratio	gain_winogrande		3
C_energy_matched	Llama-3.1-8B-Instruct/metamath/seed43	log_energy_ratio	gain_winogrande		3
C_energy_matched	Llama-3.1-8B-Instruct/metamath/seed44	log_energy_ratio	gain_winogrande		3
C_energy_matched	Llama-3.1-8B-Instruct/tulu/seed42	log_energy_ratio	gain_winogrande		3
C_energy_matched	Llama-3.1-8B-Instruct/tulu/seed43	log_energy_ratio	gain_winogrande		3
C_energy_matched	Llama-3.1-8B-Instruct/tulu/seed44	log_energy_ratio	gain_winogrande		3
C_energy_matched	Qwen3-8B/magicoder/seed42	log_energy_ratio	gain_winogrande		3
C_energy_matched	Qwen3-8B/magicoder/seed43	log_energy_ratio	gain_winogrande		3
C_energy_matched	Qwen3-8B/magicoder/seed44	log_energy_ratio	gain_winogrande		3
C_energy_matched	Qwen3-8B/metamath/seed42	log_energy_ratio	gain_winogrande		3
C_energy_matched	Qwen3-8B/metamath/seed43	log_energy_ratio	gain_winogrande		3
C_energy_matched	Qwen3-8B/metamath/seed44	log_energy_ratio	gain_winogrande		3
C_energy_matched	Qwen3-8B/tulu/seed42	log_energy_ratio	gain_winogrande		3
C_energy_matched	Qwen3-8B/tulu/seed43	log_energy_ratio	gain_winogrande		3
C_energy_matched	Qwen3-8B/tulu/seed44	log_energy_ratio	gain_winogrande		3
C_energy_matched	Llama-3.1-8B-Instruct/magicoder/seed42	raw_fpr	gain_winogrande	0.5	3
C_energy_matched	Llama-3.1-8B-Instruct/magicoder/seed43	raw_fpr	gain_winogrande	-0.5	3
C_energy_matched	Llama-3.1-8B-Instruct/magicoder/seed44	raw_fpr	gain_winogrande	0.5	3
C_energy_matched	Llama-3.1-8B-Instruct/metamath/seed42	raw_fpr	gain_winogrande	0.5	3
C_energy_matched	Llama-3.1-8B-Instruct/metamath/seed43	raw_fpr	gain_winogrande	0.5	3
C_energy_matched	Llama-3.1-8B-Instruct/metamath/seed44	raw_fpr	gain_winogrande	0.5	3
C_energy_matched	Llama-3.1-8B-Instruct/tulu/seed42	raw_fpr	gain_winogrande	-0.5	3
C_energy_matched	Llama-3.1-8B-Instruct/tulu/seed43	raw_fpr	gain_winogrande	-1.0	3
C_energy_matched	Llama-3.1-8B-Instruct/tulu/seed44	raw_fpr	gain_winogrande	-0.8660254037844387	3
C_energy_matched	Qwen3-8B/magicoder/seed42	raw_fpr	gain_winogrande	-1.0	3
C_energy_matched	Qwen3-8B/magicoder/seed43	raw_fpr	gain_winogrande	-0.8660254037844387	3
C_energy_matched	Qwen3-8B/magicoder/seed44	raw_fpr	gain_winogrande	-1.0	3
C_energy_matched	Qwen3-8B/metamath/seed42	raw_fpr	gain_winogrande	0.5	3
C_energy_matched	Qwen3-8B/metamath/seed43	raw_fpr	gain_winogrande	0.8660254037844387	3
C_energy_matched	Qwen3-8B/metamath/seed44	raw_fpr	gain_winogrande	-0.8660254037844387	3
C_energy_matched	Qwen3-8B/tulu/seed42	raw_fpr	gain_winogrande	1.0	3
C_energy_matched	Qwen3-8B/tulu/seed43	raw_fpr	gain_winogrande	-0.8660254037844387	3
C_energy_matched	Qwen3-8B/tulu/seed44	raw_fpr	gain_winogrande	-0.5	3
C_energy_matched	Llama-3.1-8B-Instruct/magicoder/seed42	full_moment_pr	gain_winogrande	0.5	3
C_energy_matched	Llama-3.1-8B-Instruct/magicoder/seed43	full_moment_pr	gain_winogrande	-0.5	3
C_energy_matched	Llama-3.1-8B-Instruct/magicoder/seed44	full_moment_pr	gain_winogrande	0.5	3
C_energy_matched	Llama-3.1-8B-Instruct/metamath/seed42	full_moment_pr	gain_winogrande	0.5	3
C_energy_matched	Llama-3.1-8B-Instruct/metamath/seed43	full_moment_pr	gain_winogrande	0.5	3
C_energy_matched	Llama-3.1-8B-Instruct/metamath/seed44	full_moment_pr	gain_winogrande	0.5	3
C_energy_matched	Llama-3.1-8B-Instruct/tulu/seed42	full_moment_pr	gain_winogrande	-0.5	3
C_energy_matched	Llama-3.1-8B-Instruct/tulu/seed43	full_moment_pr	gain_winogrande	-1.0	3
C_energy_matched	Llama-3.1-8B-Instruct/tulu/seed44	full_moment_pr	gain_winogrande	-0.8660254037844387	3
C_energy_matched	Qwen3-8B/magicoder/seed42	full_moment_pr	gain_winogrande	-1.0	3
C_energy_matched	Qwen3-8B/magicoder/seed43	full_moment_pr	gain_winogrande	-0.8660254037844387	3
C_energy_matched	Qwen3-8B/magicoder/seed44	full_moment_pr	gain_winogrande	-0.5	3
C_energy_matched	Qwen3-8B/metamath/seed42	full_moment_pr	gain_winogrande	0.5	3
C_energy_matched	Qwen3-8B/metamath/seed43	full_moment_pr	gain_winogrande	0.8660254037844387	3
C_energy_matched	Qwen3-8B/metamath/seed44	full_moment_pr	gain_winogrande	-0.8660254037844387	3
C_energy_matched	Qwen3-8B/tulu/seed42	full_moment_pr	gain_winogrande	1.0	3
C_energy_matched	Qwen3-8B/tulu/seed43	full_moment_pr	gain_winogrande	-0.8660254037844387	3
C_energy_matched	Qwen3-8B/tulu/seed44	full_moment_pr	gain_winogrande	-0.5	3
