base	task	seed	module	fro_matching_gain	energy_matching_gain	old_fro_scalar_energy_over_hns
Qwen3-8B	magicoder	42	base_model.model.model.layers.0.mlp.down_proj	0.5314543305304689	0.16823981409684857	9.978708609638495
Qwen3-8B	magicoder	42	base_model.model.model.layers.0.mlp.gate_proj	0.8760723827793775	0.6880306773182774	1.6213037027770998
Qwen3-8B	magicoder	42	base_model.model.model.layers.0.mlp.up_proj	0.8691711130976937	0.6473972437300263	1.8024734486772713
Qwen3-8B	magicoder	42	base_model.model.model.layers.0.self_attn.k_proj	0.9341010241188571	0.6677264037457858	1.9569989691853762
Qwen3-8B	magicoder	42	base_model.model.model.layers.0.self_attn.o_proj	0.7625452430022813	0.31076814802705255	6.020855896903399
Qwen3-8B	magicoder	42	base_model.model.model.layers.0.self_attn.q_proj	0.8022332786852266	0.5646703028847905	2.018419584514421
Qwen3-8B	magicoder	42	base_model.model.model.layers.0.self_attn.v_proj	0.7350807518360916	0.32185898709986477	5.216014875478552
Qwen3-8B	magicoder	42	base_model.model.model.layers.1.mlp.down_proj	0.4472181653651886	0.13693736825848912	10.665836381690179
Qwen3-8B	magicoder	42	base_model.model.model.layers.1.mlp.gate_proj	0.4117357218614629	0.11116287594749116	13.71884493182077
Qwen3-8B	magicoder	42	base_model.model.model.layers.1.mlp.up_proj	0.44514248884707774	0.12415280493181033	12.855383224169962
Qwen3-8B	magicoder	42	base_model.model.model.layers.1.self_attn.k_proj	0.5361484000366489	0.245687014531715	4.762177980566684
Qwen3-8B	magicoder	42	base_model.model.model.layers.1.self_attn.o_proj	0.5061867665671992	0.16525518576600035	9.382344617381907
Qwen3-8B	magicoder	42	base_model.model.model.layers.1.self_attn.q_proj	0.5047381552931637	0.16987538433714275	8.828183823812784
Qwen3-8B	magicoder	42	base_model.model.model.layers.1.self_attn.v_proj	0.4231091503628987	0.12312537848741179	11.80890634641534
Qwen3-8B	magicoder	42	base_model.model.model.layers.10.mlp.down_proj	0.40324672066694467	0.12341379983238068	10.676139507196586
Qwen3-8B	magicoder	42	base_model.model.model.layers.10.mlp.gate_proj	0.6093874893158147	0.23160195866002703	6.9231319984615025
Qwen3-8B	magicoder	42	base_model.model.model.layers.10.mlp.up_proj	0.5678292820503467	0.20399345199094737	7.748240900774507
Qwen3-8B	magicoder	42	base_model.model.model.layers.10.self_attn.k_proj	0.6312604715872101	0.24854236024781973	6.450841249895904
Qwen3-8B	magicoder	42	base_model.model.model.layers.10.self_attn.o_proj	0.5433881023337631	0.19147595806008055	8.053631381980273
Qwen3-8B	magicoder	42	base_model.model.model.layers.10.self_attn.q_proj	0.5089530811537261	0.15100500324949215	11.359855883564984
Qwen3-8B	magicoder	42	base_model.model.model.layers.10.self_attn.v_proj	0.5303828804214908	0.17583841826305238	9.09811575913161
Qwen3-8B	magicoder	42	base_model.model.model.layers.11.mlp.down_proj	0.4935280905074359	0.179567390178966	7.5538579237882
Qwen3-8B	magicoder	42	base_model.model.model.layers.11.mlp.gate_proj	0.6871543876217608	0.32073013641182585	4.590173589555529
Qwen3-8B	magicoder	42	base_model.model.model.layers.11.mlp.up_proj	0.623303481111843	0.23571818257383048	6.992185426922944
Qwen3-8B	magicoder	42	base_model.model.model.layers.11.self_attn.k_proj	0.6707869011183164	0.29776594231671705	5.074801983589694
Qwen3-8B	magicoder	42	base_model.model.model.layers.11.self_attn.o_proj	0.6242001351290898	0.23505985829403758	7.051650457921567
Qwen3-8B	magicoder	42	base_model.model.model.layers.11.self_attn.q_proj	0.6217371955830387	0.20434177834464012	9.257620263400495
Qwen3-8B	magicoder	42	base_model.model.model.layers.11.self_attn.v_proj	0.5037524027527005	0.15765103257437943	10.210349823751324
Qwen3-8B	magicoder	42	base_model.model.model.layers.12.mlp.down_proj	0.5810026781540244	0.23103798954096091	6.323965254010437
Qwen3-8B	magicoder	42	base_model.model.model.layers.12.mlp.gate_proj	0.6905916884476262	0.2861777195836954	5.823325377541875
Qwen3-8B	magicoder	42	base_model.model.model.layers.12.mlp.up_proj	0.6929618326905921	0.2892012123203846	5.741408019823367
Qwen3-8B	magicoder	42	base_model.model.model.layers.12.self_attn.k_proj	0.7218458978817481	0.30355405218017856	5.654795662561567
Qwen3-8B	magicoder	42	base_model.model.model.layers.12.self_attn.o_proj	0.5828061570688332	0.20068744846709022	8.433499814019008
Qwen3-8B	magicoder	42	base_model.model.model.layers.12.self_attn.q_proj	0.6963660201516971	0.247746421138326	7.900605253849537
Qwen3-8B	magicoder	42	base_model.model.model.layers.12.self_attn.v_proj	0.42807274573844	0.12409925210689578	11.898626393321381
Qwen3-8B	magicoder	42	base_model.model.model.layers.13.mlp.down_proj	0.5563303646543843	0.23747803322886094	5.488057361831525
Qwen3-8B	magicoder	42	base_model.model.model.layers.13.mlp.gate_proj	0.7174663156250519	0.3161083704466485	5.151468403061339
Qwen3-8B	magicoder	42	base_model.model.model.layers.13.mlp.up_proj	0.6646174812281845	0.26624384858091704	6.231381714538965
Qwen3-8B	magicoder	42	base_model.model.model.layers.13.self_attn.k_proj	0.8023025258567247	0.38835030256631425	4.268045329233757
Qwen3-8B	magicoder	42	base_model.model.model.layers.13.self_attn.o_proj	0.6937066819145467	0.3100444822645014	5.0061486579973655
Qwen3-8B	magicoder	42	base_model.model.model.layers.13.self_attn.q_proj	0.731284075614688	0.28528871197967465	6.570570147624934
Qwen3-8B	magicoder	42	base_model.model.model.layers.13.self_attn.v_proj	0.5285922443578671	0.16686918554496522	10.034350827220951
Qwen3-8B	magicoder	42	base_model.model.model.layers.14.mlp.down_proj	0.5660926247663293	0.2389086924973304	5.614500057498371
Qwen3-8B	magicoder	42	base_model.model.model.layers.14.mlp.gate_proj	0.7348525087354724	0.3380987865055845	4.724035344839983
Qwen3-8B	magicoder	42	base_model.model.model.layers.14.mlp.up_proj	0.7096858987566815	0.3056370920716496	5.391631897704853
Qwen3-8B	magicoder	42	base_model.model.model.layers.14.self_attn.k_proj	0.8138663667805801	0.4616696745688886	3.107731619966584
Qwen3-8B	magicoder	42	base_model.model.model.layers.14.self_attn.o_proj	0.7230442213470483	0.3375755352200817	4.587623716965067
Qwen3-8B	magicoder	42	base_model.model.model.layers.14.self_attn.q_proj	0.7058560322921217	0.2691480905123728	6.877801778300654
Qwen3-8B	magicoder	42	base_model.model.model.layers.14.self_attn.v_proj	0.6015034947626295	0.2018724145442497	8.878147475233977
Qwen3-8B	magicoder	42	base_model.model.model.layers.15.mlp.down_proj	0.5805716027684207	0.25633510196890646	5.1297407373084605
Qwen3-8B	magicoder	42	base_model.model.model.layers.15.mlp.gate_proj	0.6770302921913193	0.2804821015207684	5.826475113992432
Qwen3-8B	magicoder	42	base_model.model.model.layers.15.mlp.up_proj	0.682806166811955	0.2802681659987012	5.93536356499622
Qwen3-8B	magicoder	42	base_model.model.model.layers.15.self_attn.k_proj	0.7547173573137702	0.33564058963491716	5.0561473927786595
Qwen3-8B	magicoder	42	base_model.model.model.layers.15.self_attn.o_proj	0.6370368775375869	0.2429342984645435	6.8762471631804685
Qwen3-8B	magicoder	42	base_model.model.model.layers.15.self_attn.q_proj	0.6688528620267112	0.24570217411570552	7.410426101432618
Qwen3-8B	magicoder	42	base_model.model.model.layers.15.self_attn.v_proj	0.6052211304879771	0.21102993307150503	8.225078327881405
Qwen3-8B	magicoder	42	base_model.model.model.layers.16.mlp.down_proj	0.4933052214085831	0.3476446826253043	2.013539911782653
Qwen3-8B	magicoder	42	base_model.model.model.layers.16.mlp.gate_proj	0.6035299762310349	0.2217613772404288	7.406719042206256
Qwen3-8B	magicoder	42	base_model.model.model.layers.16.mlp.up_proj	0.5645756777894354	0.19300073791665426	8.557095722819158
Qwen3-8B	magicoder	42	base_model.model.model.layers.16.self_attn.k_proj	0.791758962550631	0.48133032719347596	2.7058238726421457
Qwen3-8B	magicoder	42	base_model.model.model.layers.16.self_attn.o_proj	0.6283725564841065	0.24437342241090143	6.611903046147607
Qwen3-8B	magicoder	42	base_model.model.model.layers.16.self_attn.q_proj	0.6388408249732613	0.22361452339690285	8.16178800141608
Qwen3-8B	magicoder	42	base_model.model.model.layers.16.self_attn.v_proj	0.5819092027974426	0.21088098622936077	7.6143985211856124
Qwen3-8B	magicoder	42	base_model.model.model.layers.17.mlp.down_proj	0.4959036755087732	0.16562316292796775	8.965045664420064
Qwen3-8B	magicoder	42	base_model.model.model.layers.17.mlp.gate_proj	0.4566107413289795	0.14089583141027046	10.502579049730393
Qwen3-8B	magicoder	42	base_model.model.model.layers.17.mlp.up_proj	0.5041168228422768	0.16623694815651305	9.19617582902256
Qwen3-8B	magicoder	42	base_model.model.model.layers.17.self_attn.k_proj	0.7479660259435418	0.4554006757851743	2.697592851922858
Qwen3-8B	magicoder	42	base_model.model.model.layers.17.self_attn.o_proj	0.6093542274289426	0.21432271054744229	8.08357124772313
Qwen3-8B	magicoder	42	base_model.model.model.layers.17.self_attn.q_proj	0.6826607311934267	0.2605593014008373	6.864306717835237
Qwen3-8B	magicoder	42	base_model.model.model.layers.17.self_attn.v_proj	0.5697635370804018	0.21183096335311408	7.23453167241422
Qwen3-8B	magicoder	42	base_model.model.model.layers.18.mlp.down_proj	0.5268250451013297	0.182479613210101	8.334971565141023
Qwen3-8B	magicoder	42	base_model.model.model.layers.18.mlp.gate_proj	0.49003184645729697	0.15567696334417874	9.908317327724852
Qwen3-8B	magicoder	42	base_model.model.model.layers.18.mlp.up_proj	0.5431767607426021	0.18125027895581441	8.98100616180639
Qwen3-8B	magicoder	42	base_model.model.model.layers.18.self_attn.k_proj	0.7724402209042694	0.43121593555432214	3.208781574425914
Qwen3-8B	magicoder	42	base_model.model.model.layers.18.self_attn.o_proj	0.6559542679104742	0.2400235217265175	7.468605446185902
Qwen3-8B	magicoder	42	base_model.model.model.layers.18.self_attn.q_proj	0.6222410246942003	0.23502568217223568	7.0094935129010025
Qwen3-8B	magicoder	42	base_model.model.model.layers.18.self_attn.v_proj	0.6375211754989172	0.23976209806274862	7.070142523398264
Qwen3-8B	magicoder	42	base_model.model.model.layers.19.mlp.down_proj	0.6167222587187922	0.24048150873797444	6.5768187089363614
Qwen3-8B	magicoder	42	base_model.model.model.layers.19.mlp.gate_proj	0.409722335215892	0.1228144577188064	11.129618777312375
Qwen3-8B	magicoder	42	base_model.model.model.layers.19.mlp.up_proj	0.5205575125517216	0.16460806407413653	10.000811058529942
Qwen3-8B	magicoder	42	base_model.model.model.layers.19.self_attn.k_proj	0.7519031009089979	0.5205246262996359	2.086609545114861
Qwen3-8B	magicoder	42	base_model.model.model.layers.19.self_attn.o_proj	0.6679811523158737	0.2571475819008721	6.7478205998090655
Qwen3-8B	magicoder	42	base_model.model.model.layers.19.self_attn.q_proj	0.6406853383389607	0.23221000545516235	7.6125071541998635
Qwen3-8B	magicoder	42	base_model.model.model.layers.19.self_attn.v_proj	0.592635916773484	0.21449368998599727	7.633907542411322
Qwen3-8B	magicoder	42	base_model.model.model.layers.2.mlp.down_proj	0.5679745773670701	0.20255615410307665	7.8626131615628125
Qwen3-8B	magicoder	42	base_model.model.model.layers.2.mlp.gate_proj	0.46158076795436676	0.12935422353374057	12.733101000423115
Qwen3-8B	magicoder	42	base_model.model.model.layers.2.mlp.up_proj	0.4339101263109443	0.11821373998813522	13.472979716832324
Qwen3-8B	magicoder	42	base_model.model.model.layers.2.self_attn.k_proj	0.835071013839038	0.5796757229742534	2.075279488289493
Qwen3-8B	magicoder	42	base_model.model.model.layers.2.self_attn.o_proj	0.5230798597470218	0.18305822144654393	8.165025025344862
Qwen3-8B	magicoder	42	base_model.model.model.layers.2.self_attn.q_proj	0.6908097165867925	0.2784795650245527	6.1536134410798375
Qwen3-8B	magicoder	42	base_model.model.model.layers.2.self_attn.v_proj	0.41803665206250534	0.12552691877152827	11.090598534236216
Qwen3-8B	magicoder	42	base_model.model.model.layers.20.mlp.down_proj	0.6111062469506334	0.23962265180613262	6.503957676392484
Qwen3-8B	magicoder	42	base_model.model.model.layers.20.mlp.gate_proj	0.4627707352170199	0.14048245956221264	10.851444906734491
Qwen3-8B	magicoder	42	base_model.model.model.layers.20.mlp.up_proj	0.5088603411164856	0.15765604591438784	10.417798409577582
Qwen3-8B	magicoder	42	base_model.model.model.layers.20.self_attn.k_proj	0.7958402466882485	0.4887738535810556	2.6511595501681184
Qwen3-8B	magicoder	42	base_model.model.model.layers.20.self_attn.o_proj	0.7695993173295037	0.3739721186098405	4.23497546069542
Qwen3-8B	magicoder	42	base_model.model.model.layers.20.self_attn.q_proj	0.5894487359712343	0.19350893780167577	9.278761746862493
Qwen3-8B	magicoder	42	base_model.model.model.layers.20.self_attn.v_proj	0.6459802435415166	0.2634846576448837	6.010738136533617
Qwen3-8B	magicoder	42	base_model.model.model.layers.21.mlp.down_proj	0.596931070247224	0.23927766953972274	6.223633768973256
Qwen3-8B	magicoder	42	base_model.model.model.layers.21.mlp.gate_proj	0.4665750696821501	0.14488424195841942	10.370525254497101
Qwen3-8B	magicoder	42	base_model.model.model.layers.21.mlp.up_proj	0.523732955767871	0.1661755075085573	9.933122184990554
Qwen3-8B	magicoder	42	base_model.model.model.layers.21.self_attn.k_proj	0.7521125156358638	0.4008268153441562	3.5208870653377486
Qwen3-8B	magicoder	42	base_model.model.model.layers.21.self_attn.o_proj	0.7826899055150041	0.40784968979694536	3.6828089738368295
Qwen3-8B	magicoder	42	base_model.model.model.layers.21.self_attn.q_proj	0.6683069993142167	0.24970956627552365	7.162780762985487
Qwen3-8B	magicoder	42	base_model.model.model.layers.21.self_attn.v_proj	0.6173481411104819	0.22781557210407938	7.343337291607478
Qwen3-8B	magicoder	42	base_model.model.model.layers.22.mlp.down_proj	0.5687366107860128	0.1981313317630364	8.239788300737011
Qwen3-8B	magicoder	42	base_model.model.model.layers.22.mlp.gate_proj	0.40750867545918473	0.11787940782379812	11.950823345843014
Qwen3-8B	magicoder	42	base_model.model.model.layers.22.mlp.up_proj	0.4395487253714472	0.12806702097139028	11.77984118558859
Qwen3-8B	magicoder	42	base_model.model.model.layers.22.self_attn.k_proj	0.8013230096774411	0.4137187811457808	3.7514982996984143
Qwen3-8B	magicoder	42	base_model.model.model.layers.22.self_attn.o_proj	0.6403198681468955	0.2442007965176112	6.875429017336364
Qwen3-8B	magicoder	42	base_model.model.model.layers.22.self_attn.q_proj	0.6446032525372706	0.23122937633773363	7.771394746777231
Qwen3-8B	magicoder	42	base_model.model.model.layers.22.self_attn.v_proj	0.6501294372073746	0.24917946096015536	6.807304502760558
Qwen3-8B	magicoder	42	base_model.model.model.layers.23.mlp.down_proj	0.593333285031436	0.21839080325854301	7.38122991367527
Qwen3-8B	magicoder	42	base_model.model.model.layers.23.mlp.gate_proj	0.4937896376301325	0.15061261275935148	10.748831592892996
Qwen3-8B	magicoder	42	base_model.model.model.layers.23.mlp.up_proj	0.4775009844021302	0.14732217103661452	10.505393440643397
Qwen3-8B	magicoder	42	base_model.model.model.layers.23.self_attn.k_proj	0.8413141841993097	0.4602917265413344	3.340796980160938
Qwen3-8B	magicoder	42	base_model.model.model.layers.23.self_attn.o_proj	0.6896033581733619	0.27065939359787067	6.49161158310302
Qwen3-8B	magicoder	42	base_model.model.model.layers.23.self_attn.q_proj	0.6829704900676661	0.24894146744097576	7.526782863557721
Qwen3-8B	magicoder	42	base_model.model.model.layers.23.self_attn.v_proj	0.6279903236880534	0.24617836127123527	6.507379745563192
Qwen3-8B	magicoder	42	base_model.model.model.layers.24.mlp.down_proj	0.5887197888091451	0.2089589900166758	7.937708522209728
Qwen3-8B	magicoder	42	base_model.model.model.layers.24.mlp.gate_proj	0.45314812132019844	0.13088011931616997	11.987620980009337
Qwen3-8B	magicoder	42	base_model.model.model.layers.24.mlp.up_proj	0.4525269780391541	0.13165357945890058	11.814724743036066
Qwen3-8B	magicoder	42	base_model.model.model.layers.24.self_attn.k_proj	0.8238947107226624	0.4570065732726355	3.2501135635205287
Qwen3-8B	magicoder	42	base_model.model.model.layers.24.self_attn.o_proj	0.5376260272263135	0.16906177344074336	10.112760686023192
Qwen3-8B	magicoder	42	base_model.model.model.layers.24.self_attn.q_proj	0.6492719181203643	0.2271017304659962	8.17358064558506
Qwen3-8B	magicoder	42	base_model.model.model.layers.24.self_attn.v_proj	0.6147915034717741	0.23302648203368997	6.9605756228206515
Qwen3-8B	magicoder	42	base_model.model.model.layers.25.mlp.down_proj	0.6273351437229063	0.2356842814131708	7.084969704441898
Qwen3-8B	magicoder	42	base_model.model.model.layers.25.mlp.gate_proj	0.5155179982253268	0.1530968306702976	11.338491118450563
Qwen3-8B	magicoder	42	base_model.model.model.layers.25.mlp.up_proj	0.44739951796907274	0.1285566345628731	12.111614364067794
Qwen3-8B	magicoder	42	base_model.model.model.layers.25.self_attn.k_proj	0.6292171967663007	0.24620880895958505	6.531215183159977
Qwen3-8B	magicoder	42	base_model.model.model.layers.25.self_attn.o_proj	0.6607292867463934	0.2541471444520843	6.758909723191714
Qwen3-8B	magicoder	42	base_model.model.model.layers.25.self_attn.q_proj	0.5742735028540906	0.17811639150703795	10.395126539443297
Qwen3-8B	magicoder	42	base_model.model.model.layers.25.self_attn.v_proj	0.5984637590722138	0.22169303830516085	7.2873831048984545
Qwen3-8B	magicoder	42	base_model.model.model.layers.26.mlp.down_proj	0.5923802808511808	0.20790685790224556	8.118271225071064
Qwen3-8B	magicoder	42	base_model.model.model.layers.26.mlp.gate_proj	0.5479744478571802	0.16552991084472227	10.95891739039282
Qwen3-8B	magicoder	42	base_model.model.model.layers.26.mlp.up_proj	0.543511681111465	0.16882696936703392	10.364160163057846
Qwen3-8B	magicoder	42	base_model.model.model.layers.26.self_attn.k_proj	0.7268237804488616	0.3554774165644519	4.180557738793326
Qwen3-8B	magicoder	42	base_model.model.model.layers.26.self_attn.o_proj	0.6862809416606602	0.26031524023523805	6.950318192591044
Qwen3-8B	magicoder	42	base_model.model.model.layers.26.self_attn.q_proj	0.6117094427614459	0.19846557971422957	9.499920591618737
Qwen3-8B	magicoder	42	base_model.model.model.layers.26.self_attn.v_proj	0.5634123386430793	0.18898946575316	8.887457006151093
Qwen3-8B	magicoder	42	base_model.model.model.layers.27.mlp.down_proj	0.6700864147085441	0.24796541226642888	7.302631940341088
Qwen3-8B	magicoder	42	base_model.model.model.layers.27.mlp.gate_proj	0.5494979299526553	0.1664265263457302	10.901519200804676
Qwen3-8B	magicoder	42	base_model.model.model.layers.27.mlp.up_proj	0.6326922478978022	0.20155960563560665	9.853216526865136
Qwen3-8B	magicoder	42	base_model.model.model.layers.27.self_attn.k_proj	0.7370746308923075	0.39878112589234843	3.416282190101115
Qwen3-8B	magicoder	42	base_model.model.model.layers.27.self_attn.o_proj	0.6340767747238123	0.2325950555288831	7.431607001321342
Qwen3-8B	magicoder	42	base_model.model.model.layers.27.self_attn.q_proj	0.6470491334853632	0.2133244589741418	9.200114113834811
Qwen3-8B	magicoder	42	base_model.model.model.layers.27.self_attn.v_proj	0.5268735687099309	0.17732595882327476	8.828119245273314
Qwen3-8B	magicoder	42	base_model.model.model.layers.28.mlp.down_proj	0.6141045569154603	0.20570471064346277	8.91243069608469
Qwen3-8B	magicoder	42	base_model.model.model.layers.28.mlp.gate_proj	0.5541794784588447	0.16674897230123323	11.04522449226872
Qwen3-8B	magicoder	42	base_model.model.model.layers.28.mlp.up_proj	0.5526001071499249	0.17141419839593344	10.39269891025877
Qwen3-8B	magicoder	42	base_model.model.model.layers.28.self_attn.k_proj	0.7158097444540511	0.3820561786330771	3.510271899325446
Qwen3-8B	magicoder	42	base_model.model.model.layers.28.self_attn.o_proj	0.7668843471300733	0.3760673658308503	4.158420956304702
Qwen3-8B	magicoder	42	base_model.model.model.layers.28.self_attn.q_proj	0.5779630386005242	0.18407073704981328	9.858949197778871
Qwen3-8B	magicoder	42	base_model.model.model.layers.28.self_attn.v_proj	0.6119805787001242	0.21916744678205452	7.796921887793679
Qwen3-8B	magicoder	42	base_model.model.model.layers.29.mlp.down_proj	0.5851932408399467	0.19442935933870287	9.058888457884942
Qwen3-8B	magicoder	42	base_model.model.model.layers.29.mlp.gate_proj	0.654180467720309	0.20704099030464532	9.983491980024894
Qwen3-8B	magicoder	42	base_model.model.model.layers.29.mlp.up_proj	0.5461475255912295	0.16512510068706385	10.939406226562749
Qwen3-8B	magicoder	42	base_model.model.model.layers.29.self_attn.k_proj	0.7998737859841696	0.4561486369623116	3.074894113706572
Qwen3-8B	magicoder	42	base_model.model.model.layers.29.self_attn.o_proj	0.6184991553227849	0.24518765685615973	6.3632797275786475
Qwen3-8B	magicoder	42	base_model.model.model.layers.29.self_attn.q_proj	0.7318162877439625	0.2856181478325761	6.564966968676078
Qwen3-8B	magicoder	42	base_model.model.model.layers.29.self_attn.v_proj	0.6144805127302092	0.2577416917489355	5.683905900636124
Qwen3-8B	magicoder	42	base_model.model.model.layers.3.mlp.down_proj	0.6762546659804265	0.2621825433381477	6.6529307837153855
Qwen3-8B	magicoder	42	base_model.model.model.layers.3.mlp.gate_proj	0.45025046379266237	0.12367211016969729	13.254544135194235
Qwen3-8B	magicoder	42	base_model.model.model.layers.3.mlp.up_proj	0.5354569985091745	0.1590524093918946	11.333621212596668
Qwen3-8B	magicoder	42	base_model.model.model.layers.3.self_attn.k_proj	0.7559224126402867	0.5336552923806714	2.006470609531314
Qwen3-8B	magicoder	42	base_model.model.model.layers.3.self_attn.o_proj	0.5776427291585132	0.20903979567313755	7.635907837506341
Qwen3-8B	magicoder	42	base_model.model.model.layers.3.self_attn.q_proj	0.6391989912352595	0.2325729914611999	7.553593403468977
Qwen3-8B	magicoder	42	base_model.model.model.layers.3.self_attn.v_proj	0.4548984434849403	0.15164914838347174	8.998061353048737
Qwen3-8B	magicoder	42	base_model.model.model.layers.30.mlp.down_proj	0.48504990181001273	0.1422837992422498	11.62149328836469
Qwen3-8B	magicoder	42	base_model.model.model.layers.30.mlp.gate_proj	0.5419237162705953	0.1613164621230037	11.285451466553011
Qwen3-8B	magicoder	42	base_model.model.model.layers.30.mlp.up_proj	0.47634438124997436	0.13789210177702535	11.933375628359416
Qwen3-8B	magicoder	42	base_model.model.model.layers.30.self_attn.k_proj	0.6631457171781145	0.28885862496838083	5.270444679032643
Qwen3-8B	magicoder	42	base_model.model.model.layers.30.self_attn.o_proj	0.5457759616917381	0.16908229189367519	10.419156349934081
Qwen3-8B	magicoder	42	base_model.model.model.layers.30.self_attn.q_proj	0.6177510800949918	0.19666408395578655	9.866813508482005
Qwen3-8B	magicoder	42	base_model.model.model.layers.30.self_attn.v_proj	0.5918959274725428	0.22739468596945966	6.775324197781369
Qwen3-8B	magicoder	42	base_model.model.model.layers.31.mlp.down_proj	0.49944652999725053	0.14821020317028036	11.355906159077716
Qwen3-8B	magicoder	42	base_model.model.model.layers.31.mlp.gate_proj	0.6142178121621499	0.19147660041790243	10.289953142067017
Qwen3-8B	magicoder	42	base_model.model.model.layers.31.mlp.up_proj	0.47630193652919833	0.1379933806205667	11.913741861737936
Qwen3-8B	magicoder	42	base_model.model.model.layers.31.self_attn.k_proj	0.7048105273468195	0.3461175703057114	4.146650875546959
Qwen3-8B	magicoder	42	base_model.model.model.layers.31.self_attn.o_proj	0.7214383386795732	0.29478039494913894	5.98964720663749
Qwen3-8B	magicoder	42	base_model.model.model.layers.31.self_attn.q_proj	0.6502990245515886	0.21471251554908405	9.173001930574811
Qwen3-8B	magicoder	42	base_model.model.model.layers.31.self_attn.v_proj	0.5868277430709125	0.20665060956965878	8.063951250769579
Qwen3-8B	magicoder	42	base_model.model.model.layers.32.mlp.down_proj	0.5527412550239795	0.17097010065787296	10.45209686269521
Qwen3-8B	magicoder	42	base_model.model.model.layers.32.mlp.gate_proj	0.5460852141972022	0.16212253063917909	11.345772918169635
Qwen3-8B	magicoder	42	base_model.model.model.layers.32.mlp.up_proj	0.4694078187236319	0.13480035357936027	12.126028249553874
Qwen3-8B	magicoder	42	base_model.model.model.layers.32.self_attn.k_proj	0.714416086338804	0.2772241164691643	6.641106330169152
Qwen3-8B	magicoder	42	base_model.model.model.layers.32.self_attn.o_proj	0.5858565026647791	0.18878222604570993	9.630754311107863
Qwen3-8B	magicoder	42	base_model.model.model.layers.32.self_attn.q_proj	0.6503627150292083	0.21403657541985746	9.23283944662665
Qwen3-8B	magicoder	42	base_model.model.model.layers.32.self_attn.v_proj	0.5842814308709521	0.20565996767023773	8.071321412261264
Qwen3-8B	magicoder	42	base_model.model.model.layers.33.mlp.down_proj	0.42906356875541274	0.12111975654708527	12.549120888377194
Qwen3-8B	magicoder	42	base_model.model.model.layers.33.mlp.gate_proj	0.4689568263577726	0.1340065952312856	12.246539230760778
Qwen3-8B	magicoder	42	base_model.model.model.layers.33.mlp.up_proj	0.4429114353715979	0.12596443908737384	12.36339863256184
Qwen3-8B	magicoder	42	base_model.model.model.layers.33.self_attn.k_proj	0.7810896049027866	0.43683826209532417	3.1971305824871314
Qwen3-8B	magicoder	42	base_model.model.model.layers.33.self_attn.o_proj	0.6752254256465857	0.2538806333007436	7.073566302458112
Qwen3-8B	magicoder	42	base_model.model.model.layers.33.self_attn.q_proj	0.7496816264641304	0.2944484072632348	6.482392377897468
Qwen3-8B	magicoder	42	base_model.model.model.layers.33.self_attn.v_proj	0.5168217430574107	0.17789875282201742	8.43986978308251
Qwen3-8B	magicoder	42	base_model.model.model.layers.34.mlp.down_proj	0.38020793961481647	0.10135589102855845	14.071628843287664
Qwen3-8B	magicoder	42	base_model.model.model.layers.34.mlp.gate_proj	0.41454794728647215	0.11518009573421623	12.953724840635216
Qwen3-8B	magicoder	42	base_model.model.model.layers.34.mlp.up_proj	0.430575877507551	0.12108867862181799	12.644227775885925
Qwen3-8B	magicoder	42	base_model.model.model.layers.34.self_attn.k_proj	0.6267001719345358	0.21044665590705988	8.868201852412959
Qwen3-8B	magicoder	42	base_model.model.model.layers.34.self_attn.o_proj	0.5848108576406057	0.18739649967742197	9.738855121952376
Qwen3-8B	magicoder	42	base_model.model.model.layers.34.self_attn.q_proj	0.5357608074426174	0.16845486493714548	10.115206780073523
Qwen3-8B	magicoder	42	base_model.model.model.layers.34.self_attn.v_proj	0.5252254999351577	0.17083018809947473	9.45284132870314
Qwen3-8B	magicoder	42	base_model.model.model.layers.35.mlp.down_proj	0.5056543652335748	0.1603288131104809	9.946822462731499
Qwen3-8B	magicoder	42	base_model.model.model.layers.35.mlp.gate_proj	0.36436149502832677	0.09999717204605706	13.276680812146985
Qwen3-8B	magicoder	42	base_model.model.model.layers.35.mlp.up_proj	0.40157197572838077	0.11198471871818211	12.859061331805357
Qwen3-8B	magicoder	42	base_model.model.model.layers.35.self_attn.k_proj	0.6446329612352838	0.22494235898557383	8.212635071646224
Qwen3-8B	magicoder	42	base_model.model.model.layers.35.self_attn.o_proj	0.3777766303773654	0.10211060297809592	13.687637519195981
Qwen3-8B	magicoder	42	base_model.model.model.layers.35.self_attn.q_proj	0.49152853285525405	0.14495095020852022	11.498874482312946
Qwen3-8B	magicoder	42	base_model.model.model.layers.35.self_attn.v_proj	0.4617831308350918	0.1359975295217402	11.529595988165374
Qwen3-8B	magicoder	42	base_model.model.model.layers.4.mlp.down_proj	0.5401077859001043	0.16932469871764283	10.174668131695869
Qwen3-8B	magicoder	42	base_model.model.model.layers.4.mlp.gate_proj	0.5463360440996402	0.15726904194934446	12.067942301399215
Qwen3-8B	magicoder	42	base_model.model.model.layers.4.mlp.up_proj	0.553507257243907	0.16713767929688017	10.967254043287172
Qwen3-8B	magicoder	42	base_model.model.model.layers.4.self_attn.k_proj	0.7414277626912646	0.39736864031374997	3.481372605624785
Qwen3-8B	magicoder	42	base_model.model.model.layers.4.self_attn.o_proj	0.651762217976504	0.2595612074037125	6.305198899034494
Qwen3-8B	magicoder	42	base_model.model.model.layers.4.self_attn.q_proj	0.5741898735630386	0.17881711732099986	10.310812257320062
Qwen3-8B	magicoder	42	base_model.model.model.layers.4.self_attn.v_proj	0.464597467446351	0.14627755779457946	10.087842068009786
Qwen3-8B	magicoder	42	base_model.model.model.layers.5.mlp.down_proj	0.626625395922606	0.27302492677099605	5.267582976405357
Qwen3-8B	magicoder	42	base_model.model.model.layers.5.mlp.gate_proj	0.6897226675879018	0.2184738267404783	9.966672021222582
Qwen3-8B	magicoder	42	base_model.model.model.layers.5.mlp.up_proj	0.6892229252883065	0.23703182843543893	8.454853682981168
Qwen3-8B	magicoder	42	base_model.model.model.layers.5.self_attn.k_proj	0.8641005122365151	0.5415257243510913	2.5461872628326883
Qwen3-8B	magicoder	42	base_model.model.model.layers.5.self_attn.o_proj	0.6857700455824317	0.29543482896849554	5.3880750462926255
Qwen3-8B	magicoder	42	base_model.model.model.layers.5.self_attn.q_proj	0.752649293070103	0.30951716961365877	5.913108193745822
Qwen3-8B	magicoder	42	base_model.model.model.layers.5.self_attn.v_proj	0.5261550355057302	0.17108631033262442	9.457948426680655
Qwen3-8B	magicoder	42	base_model.model.model.layers.6.mlp.down_proj	0.34881752975991775	0.09988956311142615	12.194286014372443
Qwen3-8B	magicoder	42	base_model.model.model.layers.6.mlp.gate_proj	0.6574983232052993	0.21724349058947975	9.160005926799085
Qwen3-8B	magicoder	42	base_model.model.model.layers.6.mlp.up_proj	0.5679763771031838	0.19162080241211393	8.785677098308861
Qwen3-8B	magicoder	42	base_model.model.model.layers.6.self_attn.k_proj	0.9147712609679235	0.6282992820073786	2.119785403322847
Qwen3-8B	magicoder	42	base_model.model.model.layers.6.self_attn.o_proj	0.7537769797676797	0.41287772237174697	3.333057757439344
Qwen3-8B	magicoder	42	base_model.model.model.layers.6.self_attn.q_proj	0.7368621822581696	0.2931776033404289	6.317001141189762
Qwen3-8B	magicoder	42	base_model.model.model.layers.6.self_attn.v_proj	0.6670846373164147	0.26518542712923976	6.327943160290214
Qwen3-8B	magicoder	42	base_model.model.model.layers.7.mlp.down_proj	0.46266956359236533	0.207259998208972	4.983229412451145
Qwen3-8B	magicoder	42	base_model.model.model.layers.7.mlp.gate_proj	0.7255919092318489	0.2553161911475819	8.076592085218953
Qwen3-8B	magicoder	42	base_model.model.model.layers.7.mlp.up_proj	0.4867409444050074	0.14299596519629074	11.586391360589767
Qwen3-8B	magicoder	42	base_model.model.model.layers.7.self_attn.k_proj	0.7702811121408754	0.3548729831465089	4.711428697581406
Qwen3-8B	magicoder	42	base_model.model.model.layers.7.self_attn.o_proj	0.6592498851791883	0.32897898755513627	4.015723538097631
Qwen3-8B	magicoder	42	base_model.model.model.layers.7.self_attn.q_proj	0.7407063172974333	0.28385807772150007	6.809097963550379
Qwen3-8B	magicoder	42	base_model.model.model.layers.7.self_attn.v_proj	0.5450204445057191	0.1777055089625407	9.406407832218719
Qwen3-8B	magicoder	42	base_model.model.model.layers.8.mlp.down_proj	0.4959469474295052	0.23955626388943446	4.286031717338287
Qwen3-8B	magicoder	42	base_model.model.model.layers.8.mlp.gate_proj	0.6678861996651992	0.3193368849595396	4.374281929746215
Qwen3-8B	magicoder	42	base_model.model.model.layers.8.mlp.up_proj	0.6578802496812038	0.2918093900826849	5.082708129662161
Qwen3-8B	magicoder	42	base_model.model.model.layers.8.self_attn.k_proj	0.745374247174635	0.3556087869480243	4.393430898990381
Qwen3-8B	magicoder	42	base_model.model.model.layers.8.self_attn.o_proj	0.5464999361393227	0.17868741973848667	9.35389037552051
Qwen3-8B	magicoder	42	base_model.model.model.layers.8.self_attn.q_proj	0.6480141852750638	0.21415614544414127	9.15604551203319
Qwen3-8B	magicoder	42	base_model.model.model.layers.8.self_attn.v_proj	0.4856291294500056	0.15480480738176194	9.841030357330073
Qwen3-8B	magicoder	42	base_model.model.model.layers.9.mlp.down_proj	0.47035148500127566	0.1981774768766975	5.632957173657468
Qwen3-8B	magicoder	42	base_model.model.model.layers.9.mlp.gate_proj	0.6126648423875165	0.24677124871170095	6.163917266981691
Qwen3-8B	magicoder	42	base_model.model.model.layers.9.mlp.up_proj	0.6525118148976782	0.26813055039082023	5.922214866965104
Qwen3-8B	magicoder	42	base_model.model.model.layers.9.self_attn.k_proj	0.7042164853843284	0.36880480719932085	3.646021526808904
Qwen3-8B	magicoder	42	base_model.model.model.layers.9.self_attn.o_proj	0.6306892070934121	0.2398865754484295	6.912241590461033
Qwen3-8B	magicoder	42	base_model.model.model.layers.9.self_attn.q_proj	0.7146781214356432	0.2581572534921435	7.663943781433376
Qwen3-8B	magicoder	42	base_model.model.model.layers.9.self_attn.v_proj	0.6023387476682227	0.23330862122420643	6.66530502771177
Qwen3-8B	metamath	42	base_model.model.model.layers.0.mlp.down_proj	0.5426871793764037	0.33018117321419815	2.701434928742011
Qwen3-8B	metamath	42	base_model.model.model.layers.0.mlp.gate_proj	0.6814742740600551	0.24338798383269886	7.839722043957492
Qwen3-8B	metamath	42	base_model.model.model.layers.0.mlp.up_proj	0.800052568663205	0.35567119422599014	5.059873525395263
Qwen3-8B	metamath	42	base_model.model.model.layers.0.self_attn.k_proj	0.8691431931661785	0.6501396717440374	1.7871842614836142
Qwen3-8B	metamath	42	base_model.model.model.layers.0.self_attn.o_proj	0.7373805630294505	0.313847831112204	5.520076644267236
Qwen3-8B	metamath	42	base_model.model.model.layers.0.self_attn.q_proj	0.7569805557426225	0.43661308191404735	3.005909909593225
Qwen3-8B	metamath	42	base_model.model.model.layers.0.self_attn.v_proj	0.7282568577322202	0.29225644470397116	6.209276110422408
Qwen3-8B	metamath	42	base_model.model.model.layers.1.mlp.down_proj	0.5043995769432726	0.27280524897525393	3.418566109480029
Qwen3-8B	metamath	42	base_model.model.model.layers.1.mlp.gate_proj	0.3210193968921226	0.08671643107986236	13.704391526848253
Qwen3-8B	metamath	42	base_model.model.model.layers.1.mlp.up_proj	0.5646394988386421	0.20066905480976324	7.917383851431334
Qwen3-8B	metamath	42	base_model.model.model.layers.1.self_attn.k_proj	0.7061733479672764	0.48332719184542844	2.1347164021894627
Qwen3-8B	metamath	42	base_model.model.model.layers.1.self_attn.o_proj	0.6256114714099916	0.32327035856649794	3.7452226145963072
Qwen3-8B	metamath	42	base_model.model.model.layers.1.self_attn.q_proj	0.4630065995933219	0.14016188094753518	10.912255568905714
Qwen3-8B	metamath	42	base_model.model.model.layers.1.self_attn.v_proj	0.46553697695034524	0.17574539048219381	7.016822299352454
Qwen3-8B	metamath	42	base_model.model.model.layers.10.mlp.down_proj	0.5404538890041375	0.29420567899484007	3.3745447322636872
Qwen3-8B	metamath	42	base_model.model.model.layers.10.mlp.gate_proj	0.4914884079558919	0.15745921788490702	9.742947863033603
Qwen3-8B	metamath	42	base_model.model.model.layers.10.mlp.up_proj	0.6555500583272255	0.2666568371361039	6.043746968810255
Qwen3-8B	metamath	42	base_model.model.model.layers.10.self_attn.k_proj	0.6517196568644091	0.36616308473226367	3.1679077333029038
Qwen3-8B	metamath	42	base_model.model.model.layers.10.self_attn.o_proj	0.6695547856666708	0.34314368439794457	3.8073273353824804
Qwen3-8B	metamath	42	base_model.model.model.layers.10.self_attn.q_proj	0.470208478121462	0.1601092717459378	8.62477842358593
Qwen3-8B	metamath	42	base_model.model.model.layers.10.self_attn.v_proj	0.5665676763570684	0.28122212062642543	4.058865214721732
Qwen3-8B	metamath	42	base_model.model.model.layers.11.mlp.down_proj	0.6124840398042282	0.33854875010052543	3.2730084237467327
Qwen3-8B	metamath	42	base_model.model.model.layers.11.mlp.gate_proj	0.5302242453449536	0.18073665012226012	8.606502677585791
Qwen3-8B	metamath	42	base_model.model.model.layers.11.mlp.up_proj	0.7496837347095828	0.3354905833291352	4.993390231557642
Qwen3-8B	metamath	42	base_model.model.model.layers.11.self_attn.k_proj	0.5907390187919285	0.33355109042040737	3.1366537847524407
Qwen3-8B	metamath	42	base_model.model.model.layers.11.self_attn.o_proj	0.7583291258136099	0.40895328128823794	3.438492480666862
Qwen3-8B	metamath	42	base_model.model.model.layers.11.self_attn.q_proj	0.573406846313241	0.21192004340002416	7.32119002843949
Qwen3-8B	metamath	42	base_model.model.model.layers.11.self_attn.v_proj	0.4928784965401376	0.23218035413889834	4.50639030097209
Qwen3-8B	metamath	42	base_model.model.model.layers.12.mlp.down_proj	0.7364493772590516	0.4143701086275489	3.158704216292823
Qwen3-8B	metamath	42	base_model.model.model.layers.12.mlp.gate_proj	0.5293271122474847	0.17577065186042798	9.068919600756466
Qwen3-8B	metamath	42	base_model.model.model.layers.12.mlp.up_proj	0.8165095566291803	0.4528124515790888	3.2515154575425425
Qwen3-8B	metamath	42	base_model.model.model.layers.12.self_attn.k_proj	0.6751277798227904	0.38098723542250296	3.1401551493526036
Qwen3-8B	metamath	42	base_model.model.model.layers.12.self_attn.o_proj	0.6437793614925846	0.32559516676434447	3.909472843173473
Qwen3-8B	metamath	42	base_model.model.model.layers.12.self_attn.q_proj	0.6594094732125282	0.2989130573650224	4.866543287143254
Qwen3-8B	metamath	42	base_model.model.model.layers.12.self_attn.v_proj	0.42308894333700353	0.1762523711284828	5.762267498242612
Qwen3-8B	metamath	42	base_model.model.model.layers.13.mlp.down_proj	0.7454435977653966	0.470976302322899	2.50513691673152
Qwen3-8B	metamath	42	base_model.model.model.layers.13.mlp.gate_proj	0.6466225651485634	0.22941855192641666	7.944098927632307
Qwen3-8B	metamath	42	base_model.model.model.layers.13.mlp.up_proj	0.7671517287183006	0.3535508625244298	4.708241530934359
Qwen3-8B	metamath	42	base_model.model.model.layers.13.self_attn.k_proj	0.6219515418769972	0.34945576644298154	3.1675878985733843
Qwen3-8B	metamath	42	base_model.model.model.layers.13.self_attn.o_proj	0.6849363140367769	0.36472354516911476	3.5267346384841938
Qwen3-8B	metamath	42	base_model.model.model.layers.13.self_attn.q_proj	0.6690801053129695	0.3170274936211761	4.454124772926252
Qwen3-8B	metamath	42	base_model.model.model.layers.13.self_attn.v_proj	0.6548950246983262	0.40695337364972645	2.5897275436191594
Qwen3-8B	metamath	42	base_model.model.model.layers.14.mlp.down_proj	0.7285382407425887	0.39453596618268705	3.4098204060908026
Qwen3-8B	metamath	42	base_model.model.model.layers.14.mlp.gate_proj	0.6271512992597355	0.23323548141155792	7.230284969329857
Qwen3-8B	metamath	42	base_model.model.model.layers.14.mlp.up_proj	0.7782542017922929	0.3893246123182636	3.9959424846966276
Qwen3-8B	metamath	42	base_model.model.model.layers.14.self_attn.k_proj	0.7124352283147998	0.45259838130665253	2.4777916189637494
Qwen3-8B	metamath	42	base_model.model.model.layers.14.self_attn.o_proj	0.7538315746975142	0.48496214375995217	2.416200504906439
Qwen3-8B	metamath	42	base_model.model.model.layers.14.self_attn.q_proj	0.6189611058738449	0.26363994316207595	5.5119377087224875
Qwen3-8B	metamath	42	base_model.model.model.layers.14.self_attn.v_proj	0.7085214995486484	0.39887217788633483	3.1552848869446253
Qwen3-8B	metamath	42	base_model.model.model.layers.15.mlp.down_proj	0.7920536943929922	0.5516146757341994	2.0617576935652644
Qwen3-8B	metamath	42	base_model.model.model.layers.15.mlp.gate_proj	0.5562209030488341	0.2028835405845784	7.51624591994932
Qwen3-8B	metamath	42	base_model.model.model.layers.15.mlp.up_proj	0.8063442082365289	0.40528032308615614	3.958493210773231
Qwen3-8B	metamath	42	base_model.model.model.layers.15.self_attn.k_proj	0.730641633592625	0.4753684302947758	2.3623713035814915
Qwen3-8B	metamath	42	base_model.model.model.layers.15.self_attn.o_proj	0.7280121063711967	0.3890644496361428	3.501338538625482
Qwen3-8B	metamath	42	base_model.model.model.layers.15.self_attn.q_proj	0.6424757793727359	0.32256943225862483	3.9670447553890114
Qwen3-8B	metamath	42	base_model.model.model.layers.15.self_attn.v_proj	0.7017230394913928	0.4335443976501114	2.6197769372026536
Qwen3-8B	metamath	42	base_model.model.model.layers.16.mlp.down_proj	0.6203511960448195	0.8101435042322364	0.586342452841501
Qwen3-8B	metamath	42	base_model.model.model.layers.16.mlp.gate_proj	0.5980025991162082	0.23327159515766147	6.571771048897816
Qwen3-8B	metamath	42	base_model.model.model.layers.16.mlp.up_proj	0.7065851073601989	0.31886321430858366	4.910436732165264
Qwen3-8B	metamath	42	base_model.model.model.layers.16.self_attn.k_proj	0.7845893520590389	0.5582496709510155	1.9752763694123454
Qwen3-8B	metamath	42	base_model.model.model.layers.16.self_attn.o_proj	0.8155713220551066	0.48295982314499264	2.851687191150928
Qwen3-8B	metamath	42	base_model.model.model.layers.16.self_attn.q_proj	0.6517479650125921	0.314470092189976	4.2953709107724585
Qwen3-8B	metamath	42	base_model.model.model.layers.16.self_attn.v_proj	0.6312480312650094	0.35083143923520077	3.2374499503492236
Qwen3-8B	metamath	42	base_model.model.model.layers.17.mlp.down_proj	0.6563987398331711	0.3818244970378749	2.9553430526953632
Qwen3-8B	metamath	42	base_model.model.model.layers.17.mlp.gate_proj	0.5351750230649265	0.2037220541564868	6.901056447541734
Qwen3-8B	metamath	42	base_model.model.model.layers.17.mlp.up_proj	0.5756752018429947	0.25298796185464983	5.177919941545026
Qwen3-8B	metamath	42	base_model.model.model.layers.17.self_attn.k_proj	0.7460875152639644	0.500469386822489	2.2224116801014566
Qwen3-8B	metamath	42	base_model.model.model.layers.17.self_attn.o_proj	0.7536022323950804	0.5232294924583416	2.07443543110621
Qwen3-8B	metamath	42	base_model.model.model.layers.17.self_attn.q_proj	0.601271723242243	0.2804818571027777	4.595491973337067
Qwen3-8B	metamath	42	base_model.model.model.layers.17.self_attn.v_proj	0.5988896520360049	0.30361139507223084	3.89096642737749
Qwen3-8B	metamath	42	base_model.model.model.layers.18.mlp.down_proj	0.6731028833979719	0.43334026645534085	2.4127082535022604
Qwen3-8B	metamath	42	base_model.model.model.layers.18.mlp.gate_proj	0.6061666941217944	0.24759678333293628	5.993688167435346
Qwen3-8B	metamath	42	base_model.model.model.layers.18.mlp.up_proj	0.6676100950193169	0.32352703509805864	4.25818606776453
Qwen3-8B	metamath	42	base_model.model.model.layers.18.self_attn.k_proj	0.7552058898423877	0.6140224811199834	1.512732690946427
Qwen3-8B	metamath	42	base_model.model.model.layers.18.self_attn.o_proj	0.8278466570481652	0.48819395007197164	2.8755108623900094
Qwen3-8B	metamath	42	base_model.model.model.layers.18.self_attn.q_proj	0.746226762011214	0.43189903539772906	2.9852257016641124
Qwen3-8B	metamath	42	base_model.model.model.layers.18.self_attn.v_proj	0.7472875488897116	0.49644655011390326	2.265846568390107
Qwen3-8B	metamath	42	base_model.model.model.layers.19.mlp.down_proj	0.7079708924633976	0.5614809117755358	1.5898670619973772
Qwen3-8B	metamath	42	base_model.model.model.layers.19.mlp.gate_proj	0.6353690614082992	0.29991146198738017	4.488135904360677
Qwen3-8B	metamath	42	base_model.model.model.layers.19.mlp.up_proj	0.7026509983762879	0.37015723149413216	3.603353408066057
Qwen3-8B	metamath	42	base_model.model.model.layers.19.self_attn.k_proj	0.7916332747673596	0.6449347240240425	1.5066645165672417
Qwen3-8B	metamath	42	base_model.model.model.layers.19.self_attn.o_proj	0.7944101469453293	0.6223157236177169	1.6295512254329738
Qwen3-8B	metamath	42	base_model.model.model.layers.19.self_attn.q_proj	0.7199955746249788	0.3644053900190067	3.9038225640704334
Qwen3-8B	metamath	42	base_model.model.model.layers.19.self_attn.v_proj	0.6358674815101042	0.3750787357988062	2.8740104575517185
Qwen3-8B	metamath	42	base_model.model.model.layers.2.mlp.down_proj	0.6415302757553245	0.3543919165434283	3.2769264893062706
Qwen3-8B	metamath	42	base_model.model.model.layers.2.mlp.gate_proj	0.33772722639431646	0.08918902250678916	14.338685473218822
Qwen3-8B	metamath	42	base_model.model.model.layers.2.mlp.up_proj	0.39823207074201883	0.11611266746841814	11.762868976732436
Qwen3-8B	metamath	42	base_model.model.model.layers.2.self_attn.k_proj	0.7260427932407916	0.47749024562540443	2.3120404596046633
Qwen3-8B	metamath	42	base_model.model.model.layers.2.self_attn.o_proj	0.6127512145936919	0.26880953137910335	5.1961183473470385
Qwen3-8B	metamath	42	base_model.model.model.layers.2.self_attn.q_proj	0.5703075721049095	0.1939774263419139	8.644022525043619
Qwen3-8B	metamath	42	base_model.model.model.layers.2.self_attn.v_proj	0.45035094577995277	0.2392531956124707	3.5431265465272763
Qwen3-8B	metamath	42	base_model.model.model.layers.20.mlp.down_proj	0.7443031053322386	0.6161265559278738	1.4593511546030034
Qwen3-8B	metamath	42	base_model.model.model.layers.20.mlp.gate_proj	0.6003555458952129	0.29057259146230535	4.268819191941663
Qwen3-8B	metamath	42	base_model.model.model.layers.20.mlp.up_proj	0.6848346642390144	0.3296178738315008	4.316681066166072
Qwen3-8B	metamath	42	base_model.model.model.layers.20.self_attn.k_proj	0.7463586581053088	0.6300440509681081	1.4033090305687839
Qwen3-8B	metamath	42	base_model.model.model.layers.20.self_attn.o_proj	0.8688745490447465	0.6572519979100319	1.7476333443681626
Qwen3-8B	metamath	42	base_model.model.model.layers.20.self_attn.q_proj	0.7368506289883757	0.3970186016091591	3.444587382721243
Qwen3-8B	metamath	42	base_model.model.model.layers.20.self_attn.v_proj	0.7028070286082887	0.5797476743147298	1.4695831439985525
Qwen3-8B	metamath	42	base_model.model.model.layers.21.mlp.down_proj	0.7570262293015506	0.6205509746040674	1.4882192923606758
Qwen3-8B	metamath	42	base_model.model.model.layers.21.mlp.gate_proj	0.6345565499903292	0.2674248264842403	5.63037365336691
Qwen3-8B	metamath	42	base_model.model.model.layers.21.mlp.up_proj	0.8081761129772247	0.4905928880884227	2.7137480455933147
Qwen3-8B	metamath	42	base_model.model.model.layers.21.self_attn.k_proj	0.7504210189013203	0.6042307020240553	1.5424262306609917
Qwen3-8B	metamath	42	base_model.model.model.layers.21.self_attn.o_proj	0.8614054750233584	0.6425231841977368	1.7973706665464755
Qwen3-8B	metamath	42	base_model.model.model.layers.21.self_attn.q_proj	0.7945980078071925	0.5539557023819687	2.057523807377373
Qwen3-8B	metamath	42	base_model.model.model.layers.21.self_attn.v_proj	0.7729345973476651	0.5905545741784992	1.7130317758281175
Qwen3-8B	metamath	42	base_model.model.model.layers.22.mlp.down_proj	0.7150217813176896	0.5620946566681152	1.6181531747246167
Qwen3-8B	metamath	42	base_model.model.model.layers.22.mlp.gate_proj	0.5602964143326226	0.2351388714423207	5.677888077070992
Qwen3-8B	metamath	42	base_model.model.model.layers.22.mlp.up_proj	0.7554661279088035	0.4310001684252023	3.072381309108797
Qwen3-8B	metamath	42	base_model.model.model.layers.22.self_attn.k_proj	0.7574869385834448	0.4866078126292888	2.423216081898886
Qwen3-8B	metamath	42	base_model.model.model.layers.22.self_attn.o_proj	0.8502387109443059	0.7029455727649202	1.4629798634558089
Qwen3-8B	metamath	42	base_model.model.model.layers.22.self_attn.q_proj	0.7378552285253929	0.39964315049836807	3.408768988725749
Qwen3-8B	metamath	42	base_model.model.model.layers.22.self_attn.v_proj	0.7731641865075727	0.5413835131116607	2.039545536200114
Qwen3-8B	metamath	42	base_model.model.model.layers.23.mlp.down_proj	0.7130183227912519	0.5453713100490378	1.7092941464588955
Qwen3-8B	metamath	42	base_model.model.model.layers.23.mlp.gate_proj	0.5988332396153911	0.2380196748546342	6.329743078051577
Qwen3-8B	metamath	42	base_model.model.model.layers.23.mlp.up_proj	0.742064188949386	0.3486417930186343	4.530269666414856
Qwen3-8B	metamath	42	base_model.model.model.layers.23.self_attn.k_proj	0.8244167871850278	0.679666402471673	1.471302756238544
Qwen3-8B	metamath	42	base_model.model.model.layers.23.self_attn.o_proj	0.8510810388253691	0.651314254752985	1.7074998075345804
Qwen3-8B	metamath	42	base_model.model.model.layers.23.self_attn.q_proj	0.7970316005870458	0.480351369723715	2.7531699092784825
Qwen3-8B	metamath	42	base_model.model.model.layers.23.self_attn.v_proj	0.7553664384878767	0.636219291858231	1.409618860478243
Qwen3-8B	metamath	42	base_model.model.model.layers.24.mlp.down_proj	0.8145339793279509	0.6648196499569068	1.501103776920697
Qwen3-8B	metamath	42	base_model.model.model.layers.24.mlp.gate_proj	0.6724340495420531	0.30607032284648256	4.826773830993328
Qwen3-8B	metamath	42	base_model.model.model.layers.24.mlp.up_proj	0.7428126162386324	0.38933917976366633	3.640007877631588
Qwen3-8B	metamath	42	base_model.model.model.layers.24.self_attn.k_proj	0.8083018801238426	0.625593612450388	1.6694082924001716
Qwen3-8B	metamath	42	base_model.model.model.layers.24.self_attn.o_proj	0.8674113885635376	0.7124492813755916	1.4823212489584232
Qwen3-8B	metamath	42	base_model.model.model.layers.24.self_attn.q_proj	0.6271705620775385	0.3278861020492571	3.6586874705246175
Qwen3-8B	metamath	42	base_model.model.model.layers.24.self_attn.v_proj	0.664033045898115	0.4782215439400694	1.9280625140970167
Qwen3-8B	metamath	42	base_model.model.model.layers.25.mlp.down_proj	0.8191431291879664	0.6659304889785241	1.5130796400736508
Qwen3-8B	metamath	42	base_model.model.model.layers.25.mlp.gate_proj	0.6134196155095832	0.23683293536097438	6.708588036225812
Qwen3-8B	metamath	42	base_model.model.model.layers.25.mlp.up_proj	0.749081315387911	0.3801509679365207	3.8828063180963865
Qwen3-8B	metamath	42	base_model.model.model.layers.25.self_attn.k_proj	0.6455936277705172	0.5055944783585407	1.6304738037317765
Qwen3-8B	metamath	42	base_model.model.model.layers.25.self_attn.o_proj	0.8337762647565728	0.6094245634171352	1.8717987198280055
Qwen3-8B	metamath	42	base_model.model.model.layers.25.self_attn.q_proj	0.6881697022024412	0.3336427317417358	4.25429655050121
Qwen3-8B	metamath	42	base_model.model.model.layers.25.self_attn.v_proj	0.7230320915873326	0.5243708540996921	1.901244884722596
Qwen3-8B	metamath	42	base_model.model.model.layers.26.mlp.down_proj	0.7899914484260052	0.5920952029526412	1.780170890767236
Qwen3-8B	metamath	42	base_model.model.model.layers.26.mlp.gate_proj	0.5929152557596056	0.22147454294962834	7.167003583396149
Qwen3-8B	metamath	42	base_model.model.model.layers.26.mlp.up_proj	0.7522094923714825	0.38597071204512634	3.7981220558896167
Qwen3-8B	metamath	42	base_model.model.model.layers.26.self_attn.k_proj	0.7094374486092336	0.48906905830193054	2.1042040121058676
Qwen3-8B	metamath	42	base_model.model.model.layers.26.self_attn.o_proj	0.894971453860607	0.7448214005675027	1.443823390960111
Qwen3-8B	metamath	42	base_model.model.model.layers.26.self_attn.q_proj	0.6540164580339026	0.3458465436665546	3.5761067553013164
Qwen3-8B	metamath	42	base_model.model.model.layers.26.self_attn.v_proj	0.7104824948048633	0.5151412479785535	1.9021909564607464
Qwen3-8B	metamath	42	base_model.model.model.layers.27.mlp.down_proj	0.8376848120642453	0.6191387815267292	1.830565472089165
Qwen3-8B	metamath	42	base_model.model.model.layers.27.mlp.gate_proj	0.5582423555557842	0.21842263716165686	6.5320616751694
Qwen3-8B	metamath	42	base_model.model.model.layers.27.mlp.up_proj	0.7008467128962106	0.2994430487895523	5.477944270709057
Qwen3-8B	metamath	42	base_model.model.model.layers.27.self_attn.k_proj	0.6535116648035119	0.5352612649546974	1.4906478415928222
Qwen3-8B	metamath	42	base_model.model.model.layers.27.self_attn.o_proj	0.7623016830943358	0.5736426032199432	1.765919740280009
Qwen3-8B	metamath	42	base_model.model.model.layers.27.self_attn.q_proj	0.6568179199407853	0.315966718248009	4.321229252078483
Qwen3-8B	metamath	42	base_model.model.model.layers.27.self_attn.v_proj	0.6449058407832821	0.3505333040910831	3.3848080685613886
Qwen3-8B	metamath	42	base_model.model.model.layers.28.mlp.down_proj	0.845814709601657	0.7212336594917386	1.3753033280017635
Qwen3-8B	metamath	42	base_model.model.model.layers.28.mlp.gate_proj	0.6089094364476045	0.23636317130100998	6.636602287150214
Qwen3-8B	metamath	42	base_model.model.model.layers.28.mlp.up_proj	0.6781448885926331	0.29771641295462165	5.1884714325491466
Qwen3-8B	metamath	42	base_model.model.model.layers.28.self_attn.k_proj	0.7589093269483805	0.663680099431733	1.3075616959078424
Qwen3-8B	metamath	42	base_model.model.model.layers.28.self_attn.o_proj	0.8706297674171872	0.6608231855977467	1.7357871916007586
Qwen3-8B	metamath	42	base_model.model.model.layers.28.self_attn.q_proj	0.6460304610313873	0.3187897041089581	4.10674198876355
Qwen3-8B	metamath	42	base_model.model.model.layers.28.self_attn.v_proj	0.7442998214187082	0.5564360097994061	1.7892267162653137
Qwen3-8B	metamath	42	base_model.model.model.layers.29.mlp.down_proj	0.7880322295234363	0.6270013985104905	1.5796138787648244
Qwen3-8B	metamath	42	base_model.model.model.layers.29.mlp.gate_proj	0.5975357119830803	0.22836940220531662	6.846236574372994
Qwen3-8B	metamath	42	base_model.model.model.layers.29.mlp.up_proj	0.7666428478511841	0.38471411265087924	3.971091927845726
Qwen3-8B	metamath	42	base_model.model.model.layers.29.self_attn.k_proj	0.8016834639169644	0.6298933918084961	1.619838611412706
Qwen3-8B	metamath	42	base_model.model.model.layers.29.self_attn.o_proj	0.9235436577981508	0.7702906603699451	1.4374925288667546
Qwen3-8B	metamath	42	base_model.model.model.layers.29.self_attn.q_proj	0.7723021426763556	0.4220368641737235	3.3486804335207383
Qwen3-8B	metamath	42	base_model.model.model.layers.29.self_attn.v_proj	0.7367567955715463	0.45071965008088	2.671992997661921
Qwen3-8B	metamath	42	base_model.model.model.layers.3.mlp.down_proj	0.7054037618399498	0.454328189775842	2.4106611782579628
Qwen3-8B	metamath	42	base_model.model.model.layers.3.mlp.gate_proj	0.3169023485743117	0.0824497345774413	14.773125653262928
Qwen3-8B	metamath	42	base_model.model.model.layers.3.mlp.up_proj	0.48574836467765364	0.14135487764930268	11.808672994546113
Qwen3-8B	metamath	42	base_model.model.model.layers.3.self_attn.k_proj	0.734954738512338	0.46093904624924503	2.5423432803190615
Qwen3-8B	metamath	42	base_model.model.model.layers.3.self_attn.o_proj	0.6597964392813471	0.32520621293579716	4.116254958456688
Qwen3-8B	metamath	42	base_model.model.model.layers.3.self_attn.q_proj	0.6182574806331963	0.21785147257574633	8.054113766406942
Qwen3-8B	metamath	42	base_model.model.model.layers.3.self_attn.v_proj	0.453498849148077	0.2100985434550957	4.659145737883018
Qwen3-8B	metamath	42	base_model.model.model.layers.30.mlp.down_proj	0.7585314933165054	0.5122099347174046	2.19306365926603
Qwen3-8B	metamath	42	base_model.model.model.layers.30.mlp.gate_proj	0.5559352098469902	0.21370441285041125	6.767392740018671
Qwen3-8B	metamath	42	base_model.model.model.layers.30.mlp.up_proj	0.5864252660608855	0.22309797170586051	6.909300847077079
Qwen3-8B	metamath	42	base_model.model.model.layers.30.self_attn.k_proj	0.5482434118725503	0.2762256125798888	3.9392990594588375
Qwen3-8B	metamath	42	base_model.model.model.layers.30.self_attn.o_proj	0.6496610584680697	0.4366792579199761	2.213342093390839
Qwen3-8B	metamath	42	base_model.model.model.layers.30.self_attn.q_proj	0.5446660537429863	0.21058077474524503	6.6899547334546
Qwen3-8B	metamath	42	base_model.model.model.layers.30.self_attn.v_proj	0.6784542489281681	0.45439358379818595	2.22934227997558
Qwen3-8B	metamath	42	base_model.model.model.layers.31.mlp.down_proj	0.6515010615953332	0.49204096017626675	1.7531849780429447
Qwen3-8B	metamath	42	base_model.model.model.layers.31.mlp.gate_proj	0.5799530203280958	0.2370006406603196	5.988066146295343
Qwen3-8B	metamath	42	base_model.model.model.layers.31.mlp.up_proj	0.6404922300315803	0.26793818958506643	5.7142402242035235
Qwen3-8B	metamath	42	base_model.model.model.layers.31.self_attn.k_proj	0.7711687147395465	0.6746396262586456	1.3066374803434977
Qwen3-8B	metamath	42	base_model.model.model.layers.31.self_attn.o_proj	0.9170432159679776	0.7833043434985777	1.3706246412264866
Qwen3-8B	metamath	42	base_model.model.model.layers.31.self_attn.q_proj	0.8013894980813672	0.44341793238678406	3.2663354818130905
Qwen3-8B	metamath	42	base_model.model.model.layers.31.self_attn.v_proj	0.7758020126822904	0.4964943847991923	2.4415921596795434
Qwen3-8B	metamath	42	base_model.model.model.layers.32.mlp.down_proj	0.7384490570365396	0.5506016653372365	1.7987302535095893
Qwen3-8B	metamath	42	base_model.model.model.layers.32.mlp.gate_proj	0.5656341902530969	0.20885363549293257	7.33478227839827
Qwen3-8B	metamath	42	base_model.model.model.layers.32.mlp.up_proj	0.5852717338226863	0.22281317819284968	6.899749968632884
Qwen3-8B	metamath	42	base_model.model.model.layers.32.self_attn.k_proj	0.7371893601150149	0.4144617730504399	3.163655280905826
Qwen3-8B	metamath	42	base_model.model.model.layers.32.self_attn.o_proj	0.7677681485386637	0.4404530885597385	3.0385113490372655
Qwen3-8B	metamath	42	base_model.model.model.layers.32.self_attn.q_proj	0.6752737936899657	0.29099567778933305	5.38501248787847
Qwen3-8B	metamath	42	base_model.model.model.layers.32.self_attn.v_proj	0.7201798528728107	0.3789925008581362	3.6109435756243777
Qwen3-8B	metamath	42	base_model.model.model.layers.33.mlp.down_proj	0.6241983299708607	0.38553413394264313	2.6213169426677734
Qwen3-8B	metamath	42	base_model.model.model.layers.33.mlp.gate_proj	0.49361266209533966	0.16805491206425502	8.62720586399984
Qwen3-8B	metamath	42	base_model.model.model.layers.33.mlp.up_proj	0.5863434043352974	0.2338448518338201	6.287072405960071
Qwen3-8B	metamath	42	base_model.model.model.layers.33.self_attn.k_proj	0.7533272317175782	0.5608319331673853	1.8042714033091927
Qwen3-8B	metamath	42	base_model.model.model.layers.33.self_attn.o_proj	0.8883999979005633	0.7076443858748788	1.57611160450837
Qwen3-8B	metamath	42	base_model.model.model.layers.33.self_attn.q_proj	0.6964378262535365	0.387538027450833	3.2295056883632944
Qwen3-8B	metamath	42	base_model.model.model.layers.33.self_attn.v_proj	0.5293743753351633	0.2702815970583288	3.8361261245441045
Qwen3-8B	metamath	42	base_model.model.model.layers.34.mlp.down_proj	0.42453118641797977	0.22759520922089474	3.479308728277184
Qwen3-8B	metamath	42	base_model.model.model.layers.34.mlp.gate_proj	0.42630600996355844	0.14128603447637342	9.104255536824773
Qwen3-8B	metamath	42	base_model.model.model.layers.34.mlp.up_proj	0.5294710839175623	0.19017313990216694	7.751506930111777
Qwen3-8B	metamath	42	base_model.model.model.layers.34.self_attn.k_proj	0.679513398766759	0.3247867543107119	4.377230643050858
Qwen3-8B	metamath	42	base_model.model.model.layers.34.self_attn.o_proj	0.8421902811993977	0.4822562582165745	3.04975327566394
Qwen3-8B	metamath	42	base_model.model.model.layers.34.self_attn.q_proj	0.5245455679868628	0.19259575368945425	7.417764283711682
Qwen3-8B	metamath	42	base_model.model.model.layers.34.self_attn.v_proj	0.6403919703516797	0.37920495084442524	2.8519621539773414
Qwen3-8B	metamath	42	base_model.model.model.layers.35.mlp.down_proj	0.6676639242347506	0.4164001514092353	2.5709525655139447
Qwen3-8B	metamath	42	base_model.model.model.layers.35.mlp.gate_proj	0.4498996547391118	0.16440405013511342	7.488697624538175
Qwen3-8B	metamath	42	base_model.model.model.layers.35.mlp.up_proj	0.5730728272423494	0.2568613026175929	4.977626107843725
Qwen3-8B	metamath	42	base_model.model.model.layers.35.self_attn.k_proj	0.6645323262393704	0.362778071735545	3.355445335687666
Qwen3-8B	metamath	42	base_model.model.model.layers.35.self_attn.o_proj	0.7152454694947951	0.36897907853381273	3.757567122615714
Qwen3-8B	metamath	42	base_model.model.model.layers.35.self_attn.q_proj	0.5028998148683134	0.1945308946546996	6.683220394649418
Qwen3-8B	metamath	42	base_model.model.model.layers.35.self_attn.v_proj	0.5021265621363128	0.21335425683317888	5.53890309513508
Qwen3-8B	metamath	42	base_model.model.model.layers.4.mlp.down_proj	0.6280203649477202	0.3785288329683219	2.752640670044954
Qwen3-8B	metamath	42	base_model.model.model.layers.4.mlp.gate_proj	0.334566985968632	0.09661067262366316	11.992672011256747
Qwen3-8B	metamath	42	base_model.model.model.layers.4.mlp.up_proj	0.5254265690033079	0.168904215142581	9.677052201332083
Qwen3-8B	metamath	42	base_model.model.model.layers.4.self_attn.k_proj	0.7561980318669957	0.47773233437869084	2.5055427209027528
Qwen3-8B	metamath	42	base_model.model.model.layers.4.self_attn.o_proj	0.8028715025990956	0.487645791904142	2.7107104165215534
Qwen3-8B	metamath	42	base_model.model.model.layers.4.self_attn.q_proj	0.6176817848352257	0.21334795261690273	8.382095984418225
Qwen3-8B	metamath	42	base_model.model.model.layers.4.self_attn.v_proj	0.5413380559904689	0.28193057266248167	3.6868270993521706
Qwen3-8B	metamath	42	base_model.model.model.layers.5.mlp.down_proj	0.7375356390561736	0.4943323296478644	2.2260145210371984
Qwen3-8B	metamath	42	base_model.model.model.layers.5.mlp.gate_proj	0.4193029727520965	0.1276630865223759	10.787609138351232
Qwen3-8B	metamath	42	base_model.model.model.layers.5.mlp.up_proj	0.6232801711305476	0.20581349222589293	9.171047389523652
Qwen3-8B	metamath	42	base_model.model.model.layers.5.self_attn.k_proj	0.7890487990230333	0.49309292049154846	2.5606498253676944
Qwen3-8B	metamath	42	base_model.model.model.layers.5.self_attn.o_proj	0.7675598052402873	0.43063644279252783	3.176895205089684
Qwen3-8B	metamath	42	base_model.model.model.layers.5.self_attn.q_proj	0.6647908240055921	0.23775164513830463	7.818491550401291
Qwen3-8B	metamath	42	base_model.model.model.layers.5.self_attn.v_proj	0.4426754511602446	0.20236740028888472	4.78508626985819
Qwen3-8B	metamath	42	base_model.model.model.layers.6.mlp.down_proj	0.3440108475874375	0.18578983444064243	3.428470200855307
Qwen3-8B	metamath	42	base_model.model.model.layers.6.mlp.gate_proj	0.4035681637599755	0.12072720594812703	11.174381600367782
Qwen3-8B	metamath	42	base_model.model.model.layers.6.mlp.up_proj	0.5663197162423781	0.1807976072704506	9.811558694923821
Qwen3-8B	metamath	42	base_model.model.model.layers.6.self_attn.k_proj	0.8025195246654137	0.4066877477651407	3.8939380434637996
Qwen3-8B	metamath	42	base_model.model.model.layers.6.self_attn.o_proj	0.8254916827320106	0.4496370779422342	3.3705530744090875
Qwen3-8B	metamath	42	base_model.model.model.layers.6.self_attn.q_proj	0.5529366575910786	0.20478295322452542	7.290598172303979
Qwen3-8B	metamath	42	base_model.model.model.layers.6.self_attn.v_proj	0.7306720840539352	0.48250173066017626	2.2932282295601487
Qwen3-8B	metamath	42	base_model.model.model.layers.7.mlp.down_proj	0.574584099493054	0.2678792395851954	4.600754845666565
Qwen3-8B	metamath	42	base_model.model.model.layers.7.mlp.gate_proj	0.46321590946128177	0.13757139887313924	11.337325810440031
Qwen3-8B	metamath	42	base_model.model.model.layers.7.mlp.up_proj	0.48703263894858434	0.13901340904656168	12.274469927501743
Qwen3-8B	metamath	42	base_model.model.model.layers.7.self_attn.k_proj	0.6857547826251045	0.3537818407965959	3.757219915443025
Qwen3-8B	metamath	42	base_model.model.model.layers.7.self_attn.o_proj	0.8028958885064332	0.5566170967083969	2.080680440038025
Qwen3-8B	metamath	42	base_model.model.model.layers.7.self_attn.q_proj	0.6828911855895128	0.2690625026531352	6.441643105359408
Qwen3-8B	metamath	42	base_model.model.model.layers.7.self_attn.v_proj	0.6453011919108336	0.32182911022856914	4.020446482768965
Qwen3-8B	metamath	42	base_model.model.model.layers.8.mlp.down_proj	0.6292100517457114	0.3590985346643392	3.0701814119650974
Qwen3-8B	metamath	42	base_model.model.model.layers.8.mlp.gate_proj	0.6127916870640486	0.206945689294654	8.768250758785953
Qwen3-8B	metamath	42	base_model.model.model.layers.8.mlp.up_proj	0.7762023702113673	0.34976737603451474	4.92483099281888
Qwen3-8B	metamath	42	base_model.model.model.layers.8.self_attn.k_proj	0.5754890688337718	0.286267750099582	4.041376466578175
Qwen3-8B	metamath	42	base_model.model.model.layers.8.self_attn.o_proj	0.6624707927878264	0.3871323157264473	2.928293615728772
Qwen3-8B	metamath	42	base_model.model.model.layers.8.self_attn.q_proj	0.5865692725448236	0.22546785215893236	6.768140443293525
Qwen3-8B	metamath	42	base_model.model.model.layers.8.self_attn.v_proj	0.5696620317964595	0.36019938602530627	2.501201109270303
Qwen3-8B	metamath	42	base_model.model.model.layers.9.mlp.down_proj	0.5460230668809781	0.2978097775174402	3.361584833339502
Qwen3-8B	metamath	42	base_model.model.model.layers.9.mlp.gate_proj	0.5872292063372133	0.18850486682847328	9.704432871746715
Qwen3-8B	metamath	42	base_model.model.model.layers.9.mlp.up_proj	0.7634104054932658	0.3470650353092324	4.838318162744275
Qwen3-8B	metamath	42	base_model.model.model.layers.9.self_attn.k_proj	0.505481398634156	0.2659270548081627	3.6131443250148325
Qwen3-8B	metamath	42	base_model.model.model.layers.9.self_attn.o_proj	0.7726159186192424	0.5654131093919728	1.8672202841201473
Qwen3-8B	metamath	42	base_model.model.model.layers.9.self_attn.q_proj	0.5303214037088485	0.1855258078797111	8.170895350276119
Qwen3-8B	metamath	42	base_model.model.model.layers.9.self_attn.v_proj	0.6175869263328467	0.3485265305268249	3.1399627909305465
Qwen3-8B	tulu	42	base_model.model.model.layers.0.mlp.down_proj	0.6947880711687263	0.556092199509397	1.561029464988613
Qwen3-8B	tulu	42	base_model.model.model.layers.0.mlp.gate_proj	0.8118797527286098	0.5204097880530028	2.4338427149793134
Qwen3-8B	tulu	42	base_model.model.model.layers.0.mlp.up_proj	0.7860829184666378	0.38219874505110274	4.230173740285281
Qwen3-8B	tulu	42	base_model.model.model.layers.0.self_attn.k_proj	0.8291370590091512	0.6761477498348955	1.5037285291307916
Qwen3-8B	tulu	42	base_model.model.model.layers.0.self_attn.o_proj	0.7678819502102983	0.5240268507912601	2.1472461730066907
Qwen3-8B	tulu	42	base_model.model.model.layers.0.self_attn.q_proj	0.8489048084100316	0.5778112593157353	2.1584698487042173
Qwen3-8B	tulu	42	base_model.model.model.layers.0.self_attn.v_proj	0.6273297173123772	0.3851368790141827	2.6531481941375983
Qwen3-8B	tulu	42	base_model.model.model.layers.1.mlp.down_proj	0.7196063539358869	0.5946433082040836	1.464457953158051
Qwen3-8B	tulu	42	base_model.model.model.layers.1.mlp.gate_proj	0.5020796747254538	0.19862469565056326	6.389675331346736
Qwen3-8B	tulu	42	base_model.model.model.layers.1.mlp.up_proj	0.6238466298467777	0.4301989231699237	2.1028922894464155
Qwen3-8B	tulu	42	base_model.model.model.layers.1.self_attn.k_proj	0.6863658041024562	0.37105109688663995	3.421715023727303
Qwen3-8B	tulu	42	base_model.model.model.layers.1.self_attn.o_proj	0.6490782119558338	0.36381840958680867	3.182912649401091
Qwen3-8B	tulu	42	base_model.model.model.layers.1.self_attn.q_proj	0.6385015717859154	0.3740697781750484	2.913524652285748
Qwen3-8B	tulu	42	base_model.model.model.layers.1.self_attn.v_proj	0.6119307453659769	0.42227453976704127	2.09997804209943
Qwen3-8B	tulu	42	base_model.model.model.layers.10.mlp.down_proj	0.6099749873927626	0.3361407982188816	3.2929231807896024
Qwen3-8B	tulu	42	base_model.model.model.layers.10.mlp.gate_proj	0.713240325097806	0.3288014901334763	4.7054831694328945
Qwen3-8B	tulu	42	base_model.model.model.layers.10.mlp.up_proj	0.7821969244637901	0.46226516039063215	2.8631881091161304
Qwen3-8B	tulu	42	base_model.model.model.layers.10.self_attn.k_proj	0.6416907797432478	0.4570982799768365	1.9707540331922373
Qwen3-8B	tulu	42	base_model.model.model.layers.10.self_attn.o_proj	0.720345921811354	0.47136795234335177	2.335404428248882
Qwen3-8B	tulu	42	base_model.model.model.layers.10.self_attn.q_proj	0.726138538647083	0.5545683485143191	1.7144657584351337
Qwen3-8B	tulu	42	base_model.model.model.layers.10.self_attn.v_proj	0.6113482618732572	0.4453514159386919	1.8843938957274604
Qwen3-8B	tulu	42	base_model.model.model.layers.11.mlp.down_proj	0.6442964970255753	0.402653730712997	2.560401574751617
Qwen3-8B	tulu	42	base_model.model.model.layers.11.mlp.gate_proj	0.7549524930003476	0.3641238348874468	4.29873854121677
Qwen3-8B	tulu	42	base_model.model.model.layers.11.mlp.up_proj	0.8335993265756808	0.5487231755807926	2.307852793064897
Qwen3-8B	tulu	42	base_model.model.model.layers.11.self_attn.k_proj	0.6201110090937184	0.3843770480430409	2.6026992622908076
Qwen3-8B	tulu	42	base_model.model.model.layers.11.self_attn.o_proj	0.7594775353571388	0.5054584480758562	2.2576621160563315
Qwen3-8B	tulu	42	base_model.model.model.layers.11.self_attn.q_proj	0.7255379060319724	0.46741670470987756	2.4094158108824937
Qwen3-8B	tulu	42	base_model.model.model.layers.11.self_attn.v_proj	0.6953476303534059	0.4408511480390859	2.4878260200165836
Qwen3-8B	tulu	42	base_model.model.model.layers.12.mlp.down_proj	0.6969227346485238	0.49212670438572226	2.005466447312409
Qwen3-8B	tulu	42	base_model.model.model.layers.12.mlp.gate_proj	0.7330966078388383	0.43558085638501554	2.8325973927226067
Qwen3-8B	tulu	42	base_model.model.model.layers.12.mlp.up_proj	0.8305438959891824	0.565875643322683	2.1541859006516297
Qwen3-8B	tulu	42	base_model.model.model.layers.12.self_attn.k_proj	0.6010868166952578	0.4560311378644999	1.7373423694628758
Qwen3-8B	tulu	42	base_model.model.model.layers.12.self_attn.o_proj	0.8386610513206643	0.6829546891202927	1.5079577234178068
Qwen3-8B	tulu	42	base_model.model.model.layers.12.self_attn.q_proj	0.7726614735096727	0.5213515040112244	2.196429431268508
Qwen3-8B	tulu	42	base_model.model.model.layers.12.self_attn.v_proj	0.6266897667992042	0.4083288342396444	2.355510848279076
Qwen3-8B	tulu	42	base_model.model.model.layers.13.mlp.down_proj	0.6222194031230285	0.39303876604812166	2.5062034558454522
Qwen3-8B	tulu	42	base_model.model.model.layers.13.mlp.gate_proj	0.7806941398864455	0.43315885304845725	3.248384643348778
Qwen3-8B	tulu	42	base_model.model.model.layers.13.mlp.up_proj	0.8290265385743153	0.5761390076832289	2.0705337122111858
Qwen3-8B	tulu	42	base_model.model.model.layers.13.self_attn.k_proj	0.6850899281317772	0.4399523748637413	2.4248441613494016
Qwen3-8B	tulu	42	base_model.model.model.layers.13.self_attn.o_proj	0.793224937760424	0.605556989340688	1.7158632643319038
Qwen3-8B	tulu	42	base_model.model.model.layers.13.self_attn.q_proj	0.7779732070325279	0.5870713033140632	1.7560932620344616
Qwen3-8B	tulu	42	base_model.model.model.layers.13.self_attn.v_proj	0.6544677228799721	0.5152329430486321	1.6135009267586573
Qwen3-8B	tulu	42	base_model.model.model.layers.14.mlp.down_proj	0.5682208219831534	0.3338434094716272	2.897001192117547
Qwen3-8B	tulu	42	base_model.model.model.layers.14.mlp.gate_proj	0.7576406381280715	0.4082634199375026	3.443860759078723
Qwen3-8B	tulu	42	base_model.model.model.layers.14.mlp.up_proj	0.7908961804892358	0.4905700007189224	2.599183748281975
Qwen3-8B	tulu	42	base_model.model.model.layers.14.self_attn.k_proj	0.7747742464407629	0.5518411946621399	1.9711610919252263
Qwen3-8B	tulu	42	base_model.model.model.layers.14.self_attn.o_proj	0.8191602125884848	0.6527573137928969	1.5748319131506434
Qwen3-8B	tulu	42	base_model.model.model.layers.14.self_attn.q_proj	0.7446396664832169	0.5130091864242071	2.1068909130791
Qwen3-8B	tulu	42	base_model.model.model.layers.14.self_attn.v_proj	0.6806307250709848	0.4348603226810183	2.449759963814663
Qwen3-8B	tulu	42	base_model.model.model.layers.15.mlp.down_proj	0.6049810966338152	0.3557600431517014	2.8918067784249786
Qwen3-8B	tulu	42	base_model.model.model.layers.15.mlp.gate_proj	0.7702910602991037	0.44848479912148737	2.949947315933089
Qwen3-8B	tulu	42	base_model.model.model.layers.15.mlp.up_proj	0.8363841515979691	0.5534422362876374	2.283846918843136
Qwen3-8B	tulu	42	base_model.model.model.layers.15.self_attn.k_proj	0.6433839334807917	0.3560769968004488	3.264769964294987
Qwen3-8B	tulu	42	base_model.model.model.layers.15.self_attn.o_proj	0.7777253492325957	0.5561539104373737	1.9555211563397379
Qwen3-8B	tulu	42	base_model.model.model.layers.15.self_attn.q_proj	0.7537183181210915	0.5596916532650741	1.8135121941268062
Qwen3-8B	tulu	42	base_model.model.model.layers.15.self_attn.v_proj	0.6555801024586482	0.47201940338174625	1.9289982088200708
Qwen3-8B	tulu	42	base_model.model.model.layers.16.mlp.down_proj	0.6532358855091273	0.6891218093739244	0.8985620652152325
Qwen3-8B	tulu	42	base_model.model.model.layers.16.mlp.gate_proj	0.824491164978701	0.4594274890658101	3.220609418198907
Qwen3-8B	tulu	42	base_model.model.model.layers.16.mlp.up_proj	0.784675204156602	0.5087131631862628	2.379216195329915
Qwen3-8B	tulu	42	base_model.model.model.layers.16.self_attn.k_proj	0.7543604878237163	0.5807965047388911	1.686979779919393
Qwen3-8B	tulu	42	base_model.model.model.layers.16.self_attn.o_proj	0.7361902099927071	0.4573838094947556	2.5907082071144374
Qwen3-8B	tulu	42	base_model.model.model.layers.16.self_attn.q_proj	0.7742383737570536	0.603558176003123	1.6455501040242455
Qwen3-8B	tulu	42	base_model.model.model.layers.16.self_attn.v_proj	0.6671483829582999	0.46859149199354927	2.0270108686416006
Qwen3-8B	tulu	42	base_model.model.model.layers.17.mlp.down_proj	0.6093138381620126	0.40816861736743304	2.228449836933863
Qwen3-8B	tulu	42	base_model.model.model.layers.17.mlp.gate_proj	0.7436335791299122	0.3985047177992768	3.4821786633422036
Qwen3-8B	tulu	42	base_model.model.model.layers.17.mlp.up_proj	0.8123397803761047	0.5163059675007718	2.475489867516518
Qwen3-8B	tulu	42	base_model.model.model.layers.17.self_attn.k_proj	0.7644961510962608	0.5408004115343932	1.99837312139207
Qwen3-8B	tulu	42	base_model.model.model.layers.17.self_attn.o_proj	0.8250397771894995	0.5965167086216158	1.912954098008703
Qwen3-8B	tulu	42	base_model.model.model.layers.17.self_attn.q_proj	0.7351691955147547	0.47829504176521664	2.3625599905203662
Qwen3-8B	tulu	42	base_model.model.model.layers.17.self_attn.v_proj	0.6968405944045862	0.4676423734107062	2.2204406684840863
Qwen3-8B	tulu	42	base_model.model.model.layers.18.mlp.down_proj	0.7009617073110038	0.5205467322724177	1.81329781479312
Qwen3-8B	tulu	42	base_model.model.model.layers.18.mlp.gate_proj	0.8306141800464721	0.4736293304816784	3.075540877984787
Qwen3-8B	tulu	42	base_model.model.model.layers.18.mlp.up_proj	0.8551354569152217	0.6161273641293212	1.9263217718359424
Qwen3-8B	tulu	42	base_model.model.model.layers.18.self_attn.k_proj	0.7984191263406408	0.6344193463054391	1.5838316885367176
Qwen3-8B	tulu	42	base_model.model.model.layers.18.self_attn.o_proj	0.7988903949557772	0.5738954004020601	1.9377998203487643
Qwen3-8B	tulu	42	base_model.model.model.layers.18.self_attn.q_proj	0.7774062827849613	0.6072947458039512	1.6386909109981171
Qwen3-8B	tulu	42	base_model.model.model.layers.18.self_attn.v_proj	0.7287038873320177	0.571118103240512	1.627984701488892
Qwen3-8B	tulu	42	base_model.model.model.layers.19.mlp.down_proj	0.7520335284431919	0.5796903685131506	1.682992720856401
Qwen3-8B	tulu	42	base_model.model.model.layers.19.mlp.gate_proj	0.7850634235420859	0.4275786213304142	3.3711456957561583
Qwen3-8B	tulu	42	base_model.model.model.layers.19.mlp.up_proj	0.878191071068561	0.6547624045436067	1.798914674043127
Qwen3-8B	tulu	42	base_model.model.model.layers.19.self_attn.k_proj	0.7056836385082886	0.5499799451791754	1.6463660043930195
Qwen3-8B	tulu	42	base_model.model.model.layers.19.self_attn.o_proj	0.8595487878319473	0.6601416501684717	1.6953789846124252
Qwen3-8B	tulu	42	base_model.model.model.layers.19.self_attn.q_proj	0.7730432138628179	0.5572116355905535	1.9247183673374448
Qwen3-8B	tulu	42	base_model.model.model.layers.19.self_attn.v_proj	0.6537061555033085	0.45917198609783955	2.026816264764906
Qwen3-8B	tulu	42	base_model.model.model.layers.2.mlp.down_proj	0.7528050143380689	0.5753409840549736	1.7120418744060597
Qwen3-8B	tulu	42	base_model.model.model.layers.2.mlp.gate_proj	0.4381715844858475	0.16879005435156655	6.738988481385875
Qwen3-8B	tulu	42	base_model.model.model.layers.2.mlp.up_proj	0.60456586456263	0.4284569440257604	1.991007392073646
Qwen3-8B	tulu	42	base_model.model.model.layers.2.self_attn.k_proj	0.7955862302376813	0.552906276874071	2.0704820758267832
Qwen3-8B	tulu	42	base_model.model.model.layers.2.self_attn.o_proj	0.6500232693816782	0.3525833107739493	3.3988680465270784
Qwen3-8B	tulu	42	base_model.model.model.layers.2.self_attn.q_proj	0.7380802446199446	0.45814952563683387	2.595330556091669
Qwen3-8B	tulu	42	base_model.model.model.layers.2.self_attn.v_proj	0.5612432289836656	0.4493681579849666	1.5599031627187336
Qwen3-8B	tulu	42	base_model.model.model.layers.20.mlp.down_proj	0.7546052739378539	0.5911515345722181	1.6294537185984532
Qwen3-8B	tulu	42	base_model.model.model.layers.20.mlp.gate_proj	0.7708623551622411	0.41282952224345426	3.4866807269770823
Qwen3-8B	tulu	42	base_model.model.model.layers.20.mlp.up_proj	0.8820321023075427	0.622329575617508	2.00875930750946
Qwen3-8B	tulu	42	base_model.model.model.layers.20.self_attn.k_proj	0.7889394922182845	0.5548355850871932	2.021895835837377
Qwen3-8B	tulu	42	base_model.model.model.layers.20.self_attn.o_proj	0.8310537210691682	0.6154490711546626	1.8233664338212237
Qwen3-8B	tulu	42	base_model.model.model.layers.20.self_attn.q_proj	0.7928896850355466	0.6812290628584854	1.354687740408303
Qwen3-8B	tulu	42	base_model.model.model.layers.20.self_attn.v_proj	0.710471997334676	0.5633677114905167	1.5904133975241135
Qwen3-8B	tulu	42	base_model.model.model.layers.21.mlp.down_proj	0.7701028680734496	0.6312817439016596	1.4881647781177825
Qwen3-8B	tulu	42	base_model.model.model.layers.21.mlp.gate_proj	0.830391974299904	0.4942090613191413	2.8232210165466327
Qwen3-8B	tulu	42	base_model.model.model.layers.21.mlp.up_proj	0.8579033752509019	0.6089772597712405	1.984607378375317
Qwen3-8B	tulu	42	base_model.model.model.layers.21.self_attn.k_proj	0.7748704755954996	0.6701433310352621	1.3369735855206097
Qwen3-8B	tulu	42	base_model.model.model.layers.21.self_attn.o_proj	0.8616525826955894	0.6660689448961249	1.6735011588139952
Qwen3-8B	tulu	42	base_model.model.model.layers.21.self_attn.q_proj	0.8021416331882578	0.591306231683513	1.8402515993852346
Qwen3-8B	tulu	42	base_model.model.model.layers.21.self_attn.v_proj	0.6934431891075219	0.5081426682250475	1.862303444194303
Qwen3-8B	tulu	42	base_model.model.model.layers.22.mlp.down_proj	0.7589079390372947	0.6106739938645113	1.5443983929406484
Qwen3-8B	tulu	42	base_model.model.model.layers.22.mlp.gate_proj	0.7973054926595329	0.45469023845862133	3.0748097582296943
Qwen3-8B	tulu	42	base_model.model.model.layers.22.mlp.up_proj	0.8951938228822882	0.6575533200262046	1.8534129952054814
Qwen3-8B	tulu	42	base_model.model.model.layers.22.self_attn.k_proj	0.7510666753239974	0.5599881201341356	1.7988682566313603
Qwen3-8B	tulu	42	base_model.model.model.layers.22.self_attn.o_proj	0.8436187155904195	0.5320687768587312	2.513951318689974
Qwen3-8B	tulu	42	base_model.model.model.layers.22.self_attn.q_proj	0.7891335366494239	0.6306535418173106	1.5657388319506182
Qwen3-8B	tulu	42	base_model.model.model.layers.22.self_attn.v_proj	0.692653619831597	0.5164008981767142	1.7991121581661367
Qwen3-8B	tulu	42	base_model.model.model.layers.23.mlp.down_proj	0.7400504579099345	0.5960696955011089	1.5414469334736065
Qwen3-8B	tulu	42	base_model.model.model.layers.23.mlp.gate_proj	0.835138576518766	0.5194203207661646	2.5851111315449287
Qwen3-8B	tulu	42	base_model.model.model.layers.23.mlp.up_proj	0.8933096434331671	0.693196294660385	1.6607015054767902
Qwen3-8B	tulu	42	base_model.model.model.layers.23.self_attn.k_proj	0.8426752384209829	0.6432603047101956	1.7161172665163675
Qwen3-8B	tulu	42	base_model.model.model.layers.23.self_attn.o_proj	0.8991591208193563	0.7627702262992742	1.389586680932251
Qwen3-8B	tulu	42	base_model.model.model.layers.23.self_attn.q_proj	0.8328302360442222	0.5642567835365945	2.1785091584319427
Qwen3-8B	tulu	42	base_model.model.model.layers.23.self_attn.v_proj	0.7368722334555291	0.6051832139787824	1.4825543960052432
Qwen3-8B	tulu	42	base_model.model.model.layers.24.mlp.down_proj	0.7464826356561616	0.5940088618185465	1.5792597666261998
Qwen3-8B	tulu	42	base_model.model.model.layers.24.mlp.gate_proj	0.8131850552560054	0.470542378086708	2.986629091268557
Qwen3-8B	tulu	42	base_model.model.model.layers.24.mlp.up_proj	0.8789137614079053	0.6346360559216836	1.9179754514780931
Qwen3-8B	tulu	42	base_model.model.model.layers.24.self_attn.k_proj	0.8319343758195886	0.6145700360462157	1.8324636808771355
Qwen3-8B	tulu	42	base_model.model.model.layers.24.self_attn.o_proj	0.8747200652491949	0.6627447846598592	1.7419895293215006
Qwen3-8B	tulu	42	base_model.model.model.layers.24.self_attn.q_proj	0.839439681429734	0.6608508705817361	1.613511470482456
Qwen3-8B	tulu	42	base_model.model.model.layers.24.self_attn.v_proj	0.7162685557177182	0.591206190963178	1.46782346282897
Qwen3-8B	tulu	42	base_model.model.model.layers.25.mlp.down_proj	0.765066045061554	0.584569754252306	1.7128730371898229
Qwen3-8B	tulu	42	base_model.model.model.layers.25.mlp.gate_proj	0.7893407886360365	0.4392333371133525	3.2295238830125874
Qwen3-8B	tulu	42	base_model.model.model.layers.25.mlp.up_proj	0.8592448912696622	0.530399256566065	2.6243883669832826
Qwen3-8B	tulu	42	base_model.model.model.layers.25.self_attn.k_proj	0.8076371254181745	0.7410243682379924	1.1878663209368234
Qwen3-8B	tulu	42	base_model.model.model.layers.25.self_attn.o_proj	0.8946011280207986	0.7054898866436066	1.607967616399588
Qwen3-8B	tulu	42	base_model.model.model.layers.25.self_attn.q_proj	0.835172618440551	0.6335202406720002	1.7379268975610886
Qwen3-8B	tulu	42	base_model.model.model.layers.25.self_attn.v_proj	0.7045365768277696	0.5466933125065305	1.6608085315219738
Qwen3-8B	tulu	42	base_model.model.model.layers.26.mlp.down_proj	0.7389348753997199	0.5781220465735164	1.6337035994073685
Qwen3-8B	tulu	42	base_model.model.model.layers.26.mlp.gate_proj	0.7798195260040512	0.41174090576400413	3.587072707043082
Qwen3-8B	tulu	42	base_model.model.model.layers.26.mlp.up_proj	0.9016960058190682	0.6757781602266449	1.7803770506664491
Qwen3-8B	tulu	42	base_model.model.model.layers.26.self_attn.k_proj	0.8079603712097176	0.6612434604157217	1.492991517138926
Qwen3-8B	tulu	42	base_model.model.model.layers.26.self_attn.o_proj	0.8987863558253671	0.705145651342967	1.6246330278703736
Qwen3-8B	tulu	42	base_model.model.model.layers.26.self_attn.q_proj	0.8035396821037577	0.5440547909865652	2.1813702186653794
Qwen3-8B	tulu	42	base_model.model.model.layers.26.self_attn.v_proj	0.7377276994147487	0.5907779357116991	1.5593501501603393
Qwen3-8B	tulu	42	base_model.model.model.layers.27.mlp.down_proj	0.7436850236709645	0.6002773706443054	1.5348789442037687
Qwen3-8B	tulu	42	base_model.model.model.layers.27.mlp.gate_proj	0.8047208010541418	0.443058473651787	3.2988939989807426
Qwen3-8B	tulu	42	base_model.model.model.layers.27.mlp.up_proj	0.8883466033101327	0.6273413542294812	2.005197054687449
Qwen3-8B	tulu	42	base_model.model.model.layers.27.self_attn.k_proj	0.7339101007508951	0.556390655598324	1.7399071576306544
Qwen3-8B	tulu	42	base_model.model.model.layers.27.self_attn.o_proj	0.8705306713682813	0.7108997999702269	1.499516919316341
Qwen3-8B	tulu	42	base_model.model.model.layers.27.self_attn.q_proj	0.8279803453632845	0.57723894521372	2.057447709553983
Qwen3-8B	tulu	42	base_model.model.model.layers.27.self_attn.v_proj	0.6226424829847717	0.4793298452279042	1.6873631358053351
Qwen3-8B	tulu	42	base_model.model.model.layers.28.mlp.down_proj	0.7756298379005204	0.65789623871897	1.389934095591021
Qwen3-8B	tulu	42	base_model.model.model.layers.28.mlp.gate_proj	0.8444617665300438	0.5328159059543874	2.511918939682724
Qwen3-8B	tulu	42	base_model.model.model.layers.28.mlp.up_proj	0.8395600954469855	0.5978650988929799	1.971955785524692
Qwen3-8B	tulu	42	base_model.model.model.layers.28.self_attn.k_proj	0.7881778415910529	0.5333831143385392	2.1835840669456434
Qwen3-8B	tulu	42	base_model.model.model.layers.28.self_attn.o_proj	0.8601636832868171	0.644261174270941	1.7825358995052272
Qwen3-8B	tulu	42	base_model.model.model.layers.28.self_attn.q_proj	0.7460959481440347	0.5985564522528994	1.5537428011252723
Qwen3-8B	tulu	42	base_model.model.model.layers.28.self_attn.v_proj	0.6784511781769218	0.5688540344740385	1.4224451106488496
Qwen3-8B	tulu	42	base_model.model.model.layers.29.mlp.down_proj	0.7333651955225007	0.5832149149598087	1.581187404965175
Qwen3-8B	tulu	42	base_model.model.model.layers.29.mlp.gate_proj	0.8016475216665878	0.47008171712218666	2.9081726614922436
Qwen3-8B	tulu	42	base_model.model.model.layers.29.mlp.up_proj	0.896367458796721	0.7005853278952585	1.6370053092169743
Qwen3-8B	tulu	42	base_model.model.model.layers.29.self_attn.k_proj	0.7833729546130695	0.517257961929926	2.2936269290376514
Qwen3-8B	tulu	42	base_model.model.model.layers.29.self_attn.o_proj	0.8096874069094149	0.4298510183004353	3.548124494246134
Qwen3-8B	tulu	42	base_model.model.model.layers.29.self_attn.q_proj	0.8224009308297417	0.5664478290022209	2.107887134512615
Qwen3-8B	tulu	42	base_model.model.model.layers.29.self_attn.v_proj	0.6875693458158892	0.5792579041838711	1.4089288920141434
Qwen3-8B	tulu	42	base_model.model.model.layers.3.mlp.down_proj	0.7567156957515729	0.5779506095548429	1.7142889750836465
Qwen3-8B	tulu	42	base_model.model.model.layers.3.mlp.gate_proj	0.4527882242598178	0.15737203566016017	8.278184888905772
Qwen3-8B	tulu	42	base_model.model.model.layers.3.mlp.up_proj	0.572605280936526	0.3732167324977516	2.353902582967113
Qwen3-8B	tulu	42	base_model.model.model.layers.3.self_attn.k_proj	0.7724904647973393	0.5289492155325829	2.132840113242787
Qwen3-8B	tulu	42	base_model.model.model.layers.3.self_attn.o_proj	0.6642156915610588	0.40819703767009496	2.6477596841721294
Qwen3-8B	tulu	42	base_model.model.model.layers.3.self_attn.q_proj	0.779047572652085	0.5831225421888558	1.784877012619437
Qwen3-8B	tulu	42	base_model.model.model.layers.3.self_attn.v_proj	0.6450581819959195	0.3962919288807727	2.649520730263819
Qwen3-8B	tulu	42	base_model.model.model.layers.30.mlp.down_proj	0.6953641734783472	0.6326225773339771	1.208190031431809
Qwen3-8B	tulu	42	base_model.model.model.layers.30.mlp.gate_proj	0.80471150406332	0.45101700196388755	3.183424779508735
Qwen3-8B	tulu	42	base_model.model.model.layers.30.mlp.up_proj	0.8670521866354365	0.5687844524419101	2.3237801763552297
Qwen3-8B	tulu	42	base_model.model.model.layers.30.self_attn.k_proj	0.7281667065546196	0.5533205746457027	1.731840922705422
Qwen3-8B	tulu	42	base_model.model.model.layers.30.self_attn.o_proj	0.8237557647206862	0.6105623976501465	1.8202742495621727
Qwen3-8B	tulu	42	base_model.model.model.layers.30.self_attn.q_proj	0.7465673395927814	0.4577788952681777	2.659661948676254
Qwen3-8B	tulu	42	base_model.model.model.layers.30.self_attn.v_proj	0.6559618076924694	0.4880048955631666	1.8067944609903697
Qwen3-8B	tulu	42	base_model.model.model.layers.31.mlp.down_proj	0.7026564289546967	0.6456171355548541	1.1845024166546765
Qwen3-8B	tulu	42	base_model.model.model.layers.31.mlp.gate_proj	0.824001502713221	0.478208846918561	2.969072446787514
Qwen3-8B	tulu	42	base_model.model.model.layers.31.mlp.up_proj	0.8247792071834897	0.5388356133486424	2.3429489382261566
Qwen3-8B	tulu	42	base_model.model.model.layers.31.self_attn.k_proj	0.7407876619560201	0.5072559661856256	2.132716619743943
Qwen3-8B	tulu	42	base_model.model.model.layers.31.self_attn.o_proj	0.8395894183574228	0.5790658603782124	2.102219161093689
Qwen3-8B	tulu	42	base_model.model.model.layers.31.self_attn.q_proj	0.8062101096064297	0.5866134837507039	1.8888279335830112
Qwen3-8B	tulu	42	base_model.model.model.layers.31.self_attn.v_proj	0.7251734165231141	0.5508532111918212	1.7330535394330964
Qwen3-8B	tulu	42	base_model.model.model.layers.32.mlp.down_proj	0.7708278647858352	0.6859043980764717	1.2629543006055957
Qwen3-8B	tulu	42	base_model.model.model.layers.32.mlp.gate_proj	0.7914222485204138	0.42650535174470544	3.443241943534886
Qwen3-8B	tulu	42	base_model.model.model.layers.32.mlp.up_proj	0.8721269171362968	0.5710171828021245	2.332711483118036
Qwen3-8B	tulu	42	base_model.model.model.layers.32.self_attn.k_proj	0.771173006451212	0.5268351196709269	2.142664641345569
Qwen3-8B	tulu	42	base_model.model.model.layers.32.self_attn.o_proj	0.8276622467138637	0.5288417654701882	2.449372279059443
Qwen3-8B	tulu	42	base_model.model.model.layers.32.self_attn.q_proj	0.7461799496582654	0.43735154913653224	2.9108901185589446
Qwen3-8B	tulu	42	base_model.model.model.layers.32.self_attn.v_proj	0.6504426936064012	0.4848138501353455	1.7999815054420738
Qwen3-8B	tulu	42	base_model.model.model.layers.33.mlp.down_proj	0.656727303451024	0.4702061667803348	1.9507135635527846
Qwen3-8B	tulu	42	base_model.model.model.layers.33.mlp.gate_proj	0.7564536505709327	0.39882746625606724	3.5974480182376087
Qwen3-8B	tulu	42	base_model.model.model.layers.33.mlp.up_proj	0.8389511441364267	0.5199269017366425	2.603686931686935
Qwen3-8B	tulu	42	base_model.model.model.layers.33.self_attn.k_proj	0.8098443167450977	0.6869380615229536	1.389849954303591
Qwen3-8B	tulu	42	base_model.model.model.layers.33.self_attn.o_proj	0.8120350609180443	0.46476983166521296	3.0526267230368966
Qwen3-8B	tulu	42	base_model.model.model.layers.33.self_attn.q_proj	0.7737304452388363	0.49300466987172903	2.4630731277705564
Qwen3-8B	tulu	42	base_model.model.model.layers.33.self_attn.v_proj	0.6177691174547505	0.41250874001279797	2.2427769226391616
Qwen3-8B	tulu	42	base_model.model.model.layers.34.mlp.down_proj	0.5651577880108283	0.3578976562185262	2.493570920764251
Qwen3-8B	tulu	42	base_model.model.model.layers.34.mlp.gate_proj	0.7052716236002265	0.3696666231350982	3.639924205543664
Qwen3-8B	tulu	42	base_model.model.model.layers.34.mlp.up_proj	0.7030017964307994	0.37799007668147966	3.4590120311035246
Qwen3-8B	tulu	42	base_model.model.model.layers.34.self_attn.k_proj	0.7556846468734647	0.44220217783739324	2.920380523177069
Qwen3-8B	tulu	42	base_model.model.model.layers.34.self_attn.o_proj	0.7861117959448718	0.4135509013496673	3.6133554252634044
Qwen3-8B	tulu	42	base_model.model.model.layers.34.self_attn.q_proj	0.5772977324484642	0.3414755790379244	2.858119631895892
Qwen3-8B	tulu	42	base_model.model.model.layers.34.self_attn.v_proj	0.6288763333770282	0.41828778028769387	2.2603731893467947
Qwen3-8B	tulu	42	base_model.model.model.layers.35.mlp.down_proj	0.6536854446017014	0.46354978479262027	1.9885882180599666
Qwen3-8B	tulu	42	base_model.model.model.layers.35.mlp.gate_proj	0.6735093270952979	0.39591885177073016	2.8938423383589074
Qwen3-8B	tulu	42	base_model.model.model.layers.35.mlp.up_proj	0.6991833990033164	0.3490516518379828	4.012387059343084
Qwen3-8B	tulu	42	base_model.model.model.layers.35.self_attn.k_proj	0.6822316592063613	0.3138434232065567	4.725390174647692
Qwen3-8B	tulu	42	base_model.model.model.layers.35.self_attn.o_proj	0.6343714883976398	0.2072727970833415	9.367046902838325
Qwen3-8B	tulu	42	base_model.model.model.layers.35.self_attn.q_proj	0.6331455384409191	0.3182630911577	3.957624160303181
Qwen3-8B	tulu	42	base_model.model.model.layers.35.self_attn.v_proj	0.6090666060622084	0.33180686070373333	3.3694487423339416
Qwen3-8B	tulu	42	base_model.model.model.layers.4.mlp.down_proj	0.691950124970491	0.5669552366246112	1.489539561148948
Qwen3-8B	tulu	42	base_model.model.model.layers.4.mlp.gate_proj	0.5134370171623044	0.18796372420817736	7.461502190135161
Qwen3-8B	tulu	42	base_model.model.model.layers.4.mlp.up_proj	0.6954138029373461	0.4885358609810835	2.026253209869225
Qwen3-8B	tulu	42	base_model.model.model.layers.4.self_attn.k_proj	0.7239471884986398	0.34638569737809444	4.368113044687507
Qwen3-8B	tulu	42	base_model.model.model.layers.4.self_attn.o_proj	0.7259750392089701	0.5072841727581017	2.0480509314565265
Qwen3-8B	tulu	42	base_model.model.model.layers.4.self_attn.q_proj	0.6424401004131486	0.343532397410283	3.4972757957220835
Qwen3-8B	tulu	42	base_model.model.model.layers.4.self_attn.v_proj	0.6514449196499377	0.39664584633773325	2.697426263125871
Qwen3-8B	tulu	42	base_model.model.model.layers.5.mlp.down_proj	0.6150986979747276	0.4756503525654456	1.6722991516712447
Qwen3-8B	tulu	42	base_model.model.model.layers.5.mlp.gate_proj	0.6862634680600211	0.31670845064181286	4.695290397287435
Qwen3-8B	tulu	42	base_model.model.model.layers.5.mlp.up_proj	0.8077773597350295	0.571570857952089	1.9972995204786181
Qwen3-8B	tulu	42	base_model.model.model.layers.5.self_attn.k_proj	0.7113904952788198	0.4743180549385284	2.249452380996957
Qwen3-8B	tulu	42	base_model.model.model.layers.5.self_attn.o_proj	0.7422711914523408	0.5296072155453041	1.96434345314455
Qwen3-8B	tulu	42	base_model.model.model.layers.5.self_attn.q_proj	0.7568769853460853	0.4981505822988905	2.308497001221989
Qwen3-8B	tulu	42	base_model.model.model.layers.5.self_attn.v_proj	0.6332154484991056	0.4197205782815975	2.2760535640702706
Qwen3-8B	tulu	42	base_model.model.model.layers.6.mlp.down_proj	0.3165484555388287	0.44529452787135787	0.5053423334411038
Qwen3-8B	tulu	42	base_model.model.model.layers.6.mlp.gate_proj	0.6908430438122426	0.3066657103186606	5.074909961330138
Qwen3-8B	tulu	42	base_model.model.model.layers.6.mlp.up_proj	0.6002722404771669	0.3954467363500131	2.3042018903625467
Qwen3-8B	tulu	42	base_model.model.model.layers.6.self_attn.k_proj	0.7254355194499621	0.47239326157332123	2.3582521777196415
Qwen3-8B	tulu	42	base_model.model.model.layers.6.self_attn.o_proj	0.7765279204788438	0.48693716137127263	2.543128541153782
Qwen3-8B	tulu	42	base_model.model.model.layers.6.self_attn.q_proj	0.6696980081718806	0.41470106422858594	2.6078806666979193
Qwen3-8B	tulu	42	base_model.model.model.layers.6.self_attn.v_proj	0.7767600998540829	0.5610966076664289	1.9164545837131857
Qwen3-8B	tulu	42	base_model.model.model.layers.7.mlp.down_proj	0.5124605211409577	0.26210549413581125	3.8226855839894696
Qwen3-8B	tulu	42	base_model.model.model.layers.7.mlp.gate_proj	0.7487903390964546	0.3605443677103104	4.313234137922319
Qwen3-8B	tulu	42	base_model.model.model.layers.7.mlp.up_proj	0.6546290722970394	0.33822159552502884	3.7461736884412282
Qwen3-8B	tulu	42	base_model.model.model.layers.7.self_attn.k_proj	0.7711064852253329	0.651734350346465	1.3998692966876063
Qwen3-8B	tulu	42	base_model.model.model.layers.7.self_attn.o_proj	0.7186276998858465	0.49499557230928504	2.107682929694353
Qwen3-8B	tulu	42	base_model.model.model.layers.7.self_attn.q_proj	0.6962072596562517	0.47725405655043335	2.1280304506804484
Qwen3-8B	tulu	42	base_model.model.model.layers.7.self_attn.v_proj	0.6408489803296943	0.41068743535518865	2.434941675308621
Qwen3-8B	tulu	42	base_model.model.model.layers.8.mlp.down_proj	0.6235909084418989	0.40124932471059027	2.4152991061101177
Qwen3-8B	tulu	42	base_model.model.model.layers.8.mlp.gate_proj	0.6813894344349926	0.3059126949159169	4.9613034465014785
Qwen3-8B	tulu	42	base_model.model.model.layers.8.mlp.up_proj	0.7994996625555023	0.5079971038613329	2.4769320739078737
Qwen3-8B	tulu	42	base_model.model.model.layers.8.self_attn.k_proj	0.6968739971351239	0.46068234110716505	2.2882601062091745
Qwen3-8B	tulu	42	base_model.model.model.layers.8.self_attn.o_proj	0.7518526730666735	0.5514661988265114	1.8587787535813405
Qwen3-8B	tulu	42	base_model.model.model.layers.8.self_attn.q_proj	0.7182368830414153	0.5245575948874274	1.8747745435320506
Qwen3-8B	tulu	42	base_model.model.model.layers.8.self_attn.v_proj	0.548917853296327	0.41733716414795674	1.729978043477361
Qwen3-8B	tulu	42	base_model.model.model.layers.9.mlp.down_proj	0.5724719858240729	0.34148117206120465	2.8104440997575226
Qwen3-8B	tulu	42	base_model.model.model.layers.9.mlp.gate_proj	0.675961097571848	0.3349609844758656	4.072442454987174
Qwen3-8B	tulu	42	base_model.model.model.layers.9.mlp.up_proj	0.7982219706759182	0.5116390393764649	2.433996811649403
Qwen3-8B	tulu	42	base_model.model.model.layers.9.self_attn.k_proj	0.6328062145092225	0.4206834832564754	2.2627186091599643
Qwen3-8B	tulu	42	base_model.model.model.layers.9.self_attn.o_proj	0.7927973710895013	0.5908338512238284	1.8005022279209517
Qwen3-8B	tulu	42	base_model.model.model.layers.9.self_attn.q_proj	0.8116865497988089	0.6285827004226106	1.6674462761365023
Qwen3-8B	tulu	42	base_model.model.model.layers.9.self_attn.v_proj	0.650847923864653	0.4623157297523934	1.9818998626385103
Qwen3-8B	magicoder	43	base_model.model.model.layers.0.mlp.down_proj	0.6623503628937116	0.2500494567676184	7.016551649295084
Qwen3-8B	magicoder	43	base_model.model.model.layers.0.mlp.gate_proj	0.835717463626338	0.6273394480702869	1.7746542768442641
Qwen3-8B	magicoder	43	base_model.model.model.layers.0.mlp.up_proj	0.8305388340853777	0.6084334615695984	1.8633468627903467
Qwen3-8B	magicoder	43	base_model.model.model.layers.0.self_attn.k_proj	0.9132062595716407	0.6560714764126832	1.9374720502177998
Qwen3-8B	magicoder	43	base_model.model.model.layers.0.self_attn.o_proj	0.7404061566338467	0.3154811551597991	5.5079906958370755
Qwen3-8B	magicoder	43	base_model.model.model.layers.0.self_attn.q_proj	0.8262709637410793	0.6002880646706116	1.894635042774967
Qwen3-8B	magicoder	43	base_model.model.model.layers.0.self_attn.v_proj	0.7364045857804474	0.4849432557699844	2.3059565555141734
Qwen3-8B	magicoder	43	base_model.model.model.layers.1.mlp.down_proj	0.4866514491962604	0.15194740926071526	10.257686992482244
Qwen3-8B	magicoder	43	base_model.model.model.layers.1.mlp.gate_proj	0.5498259181215371	0.16727207059988125	10.804472050447625
Qwen3-8B	magicoder	43	base_model.model.model.layers.1.mlp.up_proj	0.5321130444636037	0.1656779574084383	10.315216506355412
Qwen3-8B	magicoder	43	base_model.model.model.layers.1.self_attn.k_proj	0.6345742197288287	0.3606173539883314	3.0965037050137374
Qwen3-8B	magicoder	43	base_model.model.model.layers.1.self_attn.o_proj	0.5483578181814924	0.19019921374430074	8.312097809346367
Qwen3-8B	magicoder	43	base_model.model.model.layers.1.self_attn.q_proj	0.5202247647744185	0.18078282677035223	8.28071236184761
Qwen3-8B	magicoder	43	base_model.model.model.layers.1.self_attn.v_proj	0.4484084762498823	0.13362225280051945	11.261339408815465
Qwen3-8B	magicoder	43	base_model.model.model.layers.10.mlp.down_proj	0.46324743631152693	0.1504782316480591	9.477170440731923
Qwen3-8B	magicoder	43	base_model.model.model.layers.10.mlp.gate_proj	0.6014894143889692	0.2122674593114304	8.029511671102759
Qwen3-8B	magicoder	43	base_model.model.model.layers.10.mlp.up_proj	0.5826481817960432	0.21985448078070036	7.023315021609651
Qwen3-8B	magicoder	43	base_model.model.model.layers.10.self_attn.k_proj	0.6619991365505811	0.2920359944418811	5.138567667116763
Qwen3-8B	magicoder	43	base_model.model.model.layers.10.self_attn.o_proj	0.6054481275438888	0.24779368622436784	5.969987311077002
Qwen3-8B	magicoder	43	base_model.model.model.layers.10.self_attn.q_proj	0.6146475791658138	0.20767986865900398	8.759181993982885
Qwen3-8B	magicoder	43	base_model.model.model.layers.10.self_attn.v_proj	0.5560218750052767	0.19150587769704092	8.429844045090636
Qwen3-8B	magicoder	43	base_model.model.model.layers.11.mlp.down_proj	0.5313176451761259	0.19687605414716053	7.283207534184415
Qwen3-8B	magicoder	43	base_model.model.model.layers.11.mlp.gate_proj	0.6946394222989517	0.3011670770414394	5.319904862650824
Qwen3-8B	magicoder	43	base_model.model.model.layers.11.mlp.up_proj	0.6253344962026657	0.2379664829742308	6.905469157517926
Qwen3-8B	magicoder	43	base_model.model.model.layers.11.self_attn.k_proj	0.7104375397538618	0.37325274306166445	3.622811912692754
Qwen3-8B	magicoder	43	base_model.model.model.layers.11.self_attn.o_proj	0.6198608623968598	0.23356977155828756	7.042959002515285
Qwen3-8B	magicoder	43	base_model.model.model.layers.11.self_attn.q_proj	0.67018408843365	0.2308392817184493	8.428859148464554
Qwen3-8B	magicoder	43	base_model.model.model.layers.11.self_attn.v_proj	0.5843297383995423	0.20967055597173226	7.766781463204814
Qwen3-8B	magicoder	43	base_model.model.model.layers.12.mlp.down_proj	0.613728894353792	0.2506944024067423	5.9932703227733155
Qwen3-8B	magicoder	43	base_model.model.model.layers.12.mlp.gate_proj	0.7533426434266214	0.38049696696741836	3.9199696519315044
Qwen3-8B	magicoder	43	base_model.model.model.layers.12.mlp.up_proj	0.7081376573004758	0.3246009124673335	4.759221382523616
Qwen3-8B	magicoder	43	base_model.model.model.layers.12.self_attn.k_proj	0.7425654542104694	0.3347356390957228	4.921138345068706
Qwen3-8B	magicoder	43	base_model.model.model.layers.12.self_attn.o_proj	0.6350769725663591	0.23559448794161883	7.266453203516192
Qwen3-8B	magicoder	43	base_model.model.model.layers.12.self_attn.q_proj	0.6831015344324085	0.24755229802773493	7.614415951747198
Qwen3-8B	magicoder	43	base_model.model.model.layers.12.self_attn.v_proj	0.44045270019842864	0.12747095379423992	11.939223515300423
Qwen3-8B	magicoder	43	base_model.model.model.layers.13.mlp.down_proj	0.544491005454193	0.2062219234752826	6.971267590204585
Qwen3-8B	magicoder	43	base_model.model.model.layers.13.mlp.gate_proj	0.7445284543782773	0.4068215285644781	3.349305371849836
Qwen3-8B	magicoder	43	base_model.model.model.layers.13.mlp.up_proj	0.7076587486289794	0.3222037295103947	4.823770465131002
Qwen3-8B	magicoder	43	base_model.model.model.layers.13.self_attn.k_proj	0.7207024991295259	0.3575693095885356	4.06248325782457
Qwen3-8B	magicoder	43	base_model.model.model.layers.13.self_attn.o_proj	0.7073794331135697	0.3231065111083664	4.793066313797583
Qwen3-8B	magicoder	43	base_model.model.model.layers.13.self_attn.q_proj	0.72533139684307	0.2861835182967101	6.423677314988287
Qwen3-8B	magicoder	43	base_model.model.model.layers.13.self_attn.v_proj	0.5724725140892762	0.19853454522009664	8.31451859718749
Qwen3-8B	magicoder	43	base_model.model.model.layers.14.mlp.down_proj	0.5764601901613837	0.25491722404423445	5.113759275987245
Qwen3-8B	magicoder	43	base_model.model.model.layers.14.mlp.gate_proj	0.7560767358413483	0.3686465788511071	4.206407418273903
Qwen3-8B	magicoder	43	base_model.model.model.layers.14.mlp.up_proj	0.6774417941765626	0.27540617686804286	6.050574603401559
Qwen3-8B	magicoder	43	base_model.model.model.layers.14.self_attn.k_proj	0.7866799438007475	0.4457986341032148	3.1140005803983217
Qwen3-8B	magicoder	43	base_model.model.model.layers.14.self_attn.o_proj	0.7251346493300956	0.3564942533230354	4.1374451409130915
Qwen3-8B	magicoder	43	base_model.model.model.layers.14.self_attn.q_proj	0.751223689888996	0.34967219041218356	4.615474563637344
Qwen3-8B	magicoder	43	base_model.model.model.layers.14.self_attn.v_proj	0.5970090998497422	0.2053226894558268	8.454501647809273
Qwen3-8B	magicoder	43	base_model.model.model.layers.15.mlp.down_proj	0.6275129743242331	0.2816036672247308	4.96556655116832
Qwen3-8B	magicoder	43	base_model.model.model.layers.15.mlp.gate_proj	0.7391987533407682	0.3101457450771133	5.680555361386122
Qwen3-8B	magicoder	43	base_model.model.model.layers.15.mlp.up_proj	0.7254837134669958	0.32255412030195146	5.058830715230585
Qwen3-8B	magicoder	43	base_model.model.model.layers.15.self_attn.k_proj	0.8062451734004941	0.5240967810270426	2.36652594903607
Qwen3-8B	magicoder	43	base_model.model.model.layers.15.self_attn.o_proj	0.6778531320224002	0.2931604486157462	5.346387821974032
Qwen3-8B	magicoder	43	base_model.model.model.layers.15.self_attn.q_proj	0.661042984183217	0.24850922879521006	7.075780587314602
Qwen3-8B	magicoder	43	base_model.model.model.layers.15.self_attn.v_proj	0.6437026110326638	0.2525158459361924	6.498202919927842
Qwen3-8B	magicoder	43	base_model.model.model.layers.16.mlp.down_proj	0.48661820840306597	0.3803225635289646	1.6370898936275404
Qwen3-8B	magicoder	43	base_model.model.model.layers.16.mlp.gate_proj	0.6651909033390135	0.2720282904719648	5.979494330955026
Qwen3-8B	magicoder	43	base_model.model.model.layers.16.mlp.up_proj	0.6477469733170046	0.26146198035901214	6.137530907582142
Qwen3-8B	magicoder	43	base_model.model.model.layers.16.self_attn.k_proj	0.7579530524783605	0.5313572154476068	2.0347518307792436
Qwen3-8B	magicoder	43	base_model.model.model.layers.16.self_attn.o_proj	0.6826253444407786	0.2863384763267503	5.683363032341231
Qwen3-8B	magicoder	43	base_model.model.model.layers.16.self_attn.q_proj	0.724438092530352	0.32357808158790485	5.012384346927825
Qwen3-8B	magicoder	43	base_model.model.model.layers.16.self_attn.v_proj	0.6281521297923205	0.2568770931766731	5.979693403759491
Qwen3-8B	magicoder	43	base_model.model.model.layers.17.mlp.down_proj	0.48397700580887065	0.15625429613508507	9.593686509384645
Qwen3-8B	magicoder	43	base_model.model.model.layers.17.mlp.gate_proj	0.5586702692112556	0.17959925942399863	9.6761376336195
Qwen3-8B	magicoder	43	base_model.model.model.layers.17.mlp.up_proj	0.5606290494458275	0.18336393951773103	9.34809963322477
Qwen3-8B	magicoder	43	base_model.model.model.layers.17.self_attn.k_proj	0.7508849092879893	0.6107794902084179	1.5113945863546934
Qwen3-8B	magicoder	43	base_model.model.model.layers.17.self_attn.o_proj	0.5683887942472912	0.19109113806633665	8.847283025929663
Qwen3-8B	magicoder	43	base_model.model.model.layers.17.self_attn.q_proj	0.6891323960459811	0.28221039177659807	5.9629247641485055
Qwen3-8B	magicoder	43	base_model.model.model.layers.17.self_attn.v_proj	0.5911772697959715	0.23057955631536872	6.573457458480989
Qwen3-8B	magicoder	43	base_model.model.model.layers.18.mlp.down_proj	0.5254043342546719	0.18083945171483984	8.441136806296647
Qwen3-8B	magicoder	43	base_model.model.model.layers.18.mlp.gate_proj	0.5608746382316456	0.18321128948801085	9.371889125806971
Qwen3-8B	magicoder	43	base_model.model.model.layers.18.mlp.up_proj	0.6151013069279503	0.22036931070584173	7.7909617667937425
Qwen3-8B	magicoder	43	base_model.model.model.layers.18.self_attn.k_proj	0.751153495270886	0.41446515882902374	3.2845912243603435
Qwen3-8B	magicoder	43	base_model.model.model.layers.18.self_attn.o_proj	0.6499457236723222	0.2512686975606665	6.690790075897729
Qwen3-8B	magicoder	43	base_model.model.model.layers.18.self_attn.q_proj	0.6795492510508189	0.2583916730750197	6.916475587036852
Qwen3-8B	magicoder	43	base_model.model.model.layers.18.self_attn.v_proj	0.5994700821339107	0.2198315170671307	7.436269368843998
Qwen3-8B	magicoder	43	base_model.model.model.layers.19.mlp.down_proj	0.5956044770562039	0.20900468665394198	8.120894299712116
Qwen3-8B	magicoder	43	base_model.model.model.layers.19.mlp.gate_proj	0.5107354778080825	0.1552859638859983	10.817518567954892
Qwen3-8B	magicoder	43	base_model.model.model.layers.19.mlp.up_proj	0.5801026469893099	0.18695366584357898	9.628125079579783
Qwen3-8B	magicoder	43	base_model.model.model.layers.19.self_attn.k_proj	0.7842322715641671	0.4799890760049727	2.669480253374945
Qwen3-8B	magicoder	43	base_model.model.model.layers.19.self_attn.o_proj	0.6341288747928145	0.23512650634778565	7.273641238555786
Qwen3-8B	magicoder	43	base_model.model.model.layers.19.self_attn.q_proj	0.6687282189559617	0.2552989131312527	6.861220365458804
Qwen3-8B	magicoder	43	base_model.model.model.layers.19.self_attn.v_proj	0.6350083882438314	0.2449925509358333	6.718203656626497
Qwen3-8B	magicoder	43	base_model.model.model.layers.2.mlp.down_proj	0.6126496338046066	0.22799698357354167	7.2204814065587115
Qwen3-8B	magicoder	43	base_model.model.model.layers.2.mlp.gate_proj	0.47591422004488154	0.13620732083622725	12.208335671555394
Qwen3-8B	magicoder	43	base_model.model.model.layers.2.mlp.up_proj	0.5198687507136837	0.1496623309447933	12.065974848873244
Qwen3-8B	magicoder	43	base_model.model.model.layers.2.self_attn.k_proj	0.864417745168439	0.6412233803158862	1.8173084624930136
Qwen3-8B	magicoder	43	base_model.model.model.layers.2.self_attn.o_proj	0.5482058844214364	0.182929045637334	8.980945245650165
Qwen3-8B	magicoder	43	base_model.model.model.layers.2.self_attn.q_proj	0.7347609006447297	0.3177655892067525	5.346608004005735
Qwen3-8B	magicoder	43	base_model.model.model.layers.2.self_attn.v_proj	0.4444933595589626	0.1360560614855098	10.673202877476646
Qwen3-8B	magicoder	43	base_model.model.model.layers.20.mlp.down_proj	0.6983207879350709	0.3062894176041088	5.19811588057445
Qwen3-8B	magicoder	43	base_model.model.model.layers.20.mlp.gate_proj	0.5962167953779139	0.20018518661779752	8.870427228020688
Qwen3-8B	magicoder	43	base_model.model.model.layers.20.mlp.up_proj	0.6587207961789697	0.24067198046684823	7.491205064897926
Qwen3-8B	magicoder	43	base_model.model.model.layers.20.self_attn.k_proj	0.7999055557476038	0.424700420424893	3.5474153796876036
Qwen3-8B	magicoder	43	base_model.model.model.layers.20.self_attn.o_proj	0.7396468948887338	0.36029073748285234	4.214467239869646
Qwen3-8B	magicoder	43	base_model.model.model.layers.20.self_attn.q_proj	0.6566446414990953	0.2285122565785385	8.257371255126866
Qwen3-8B	magicoder	43	base_model.model.model.layers.20.self_attn.v_proj	0.6659016906241442	0.2616715908807257	6.476003658576758
Qwen3-8B	magicoder	43	base_model.model.model.layers.21.mlp.down_proj	0.6531303848218568	0.29645581534277643	4.853777105589291
Qwen3-8B	magicoder	43	base_model.model.model.layers.21.mlp.gate_proj	0.5757785490563353	0.19349506320968335	8.854645606853675
Qwen3-8B	magicoder	43	base_model.model.model.layers.21.mlp.up_proj	0.6011795300544761	0.19893764980300843	9.132178741088529
Qwen3-8B	magicoder	43	base_model.model.model.layers.21.self_attn.k_proj	0.775446920053099	0.5858743498024871	1.7518429979397208
Qwen3-8B	magicoder	43	base_model.model.model.layers.21.self_attn.o_proj	0.773067154665683	0.383250107703818	4.068833067822909
Qwen3-8B	magicoder	43	base_model.model.model.layers.21.self_attn.q_proj	0.7231884933346603	0.3044634241619075	5.641995821039867
Qwen3-8B	magicoder	43	base_model.model.model.layers.21.self_attn.v_proj	0.6898953414601601	0.2781022007852412	6.154001153728152
Qwen3-8B	magicoder	43	base_model.model.model.layers.22.mlp.down_proj	0.5772857576918773	0.19117532068725607	9.11838723025742
Qwen3-8B	magicoder	43	base_model.model.model.layers.22.mlp.gate_proj	0.48282749208557396	0.1416396599656355	11.620216792984749
Qwen3-8B	magicoder	43	base_model.model.model.layers.22.mlp.up_proj	0.5429946274409592	0.16513837173152568	10.811726945295005
Qwen3-8B	magicoder	43	base_model.model.model.layers.22.self_attn.k_proj	0.7532964009184615	0.39623404300195486	3.6143334186459066
Qwen3-8B	magicoder	43	base_model.model.model.layers.22.self_attn.o_proj	0.7390976297756439	0.33890807731479383	4.755977373082477
Qwen3-8B	magicoder	43	base_model.model.model.layers.22.self_attn.q_proj	0.7267354057980011	0.29929965420170296	5.895765589503436
Qwen3-8B	magicoder	43	base_model.model.model.layers.22.self_attn.v_proj	0.6588909723704631	0.27406449101214875	5.779916630706712
Qwen3-8B	magicoder	43	base_model.model.model.layers.23.mlp.down_proj	0.7150550924137833	0.2988060517869933	5.726644578007332
Qwen3-8B	magicoder	43	base_model.model.model.layers.23.mlp.gate_proj	0.5491207528298385	0.1724462477922523	10.139772619979924
Qwen3-8B	magicoder	43	base_model.model.model.layers.23.mlp.up_proj	0.5663306924454015	0.1803091782600666	9.865169003050427
Qwen3-8B	magicoder	43	base_model.model.model.layers.23.self_attn.k_proj	0.8433668202973501	0.6087693615993722	1.9192318761149258
Qwen3-8B	magicoder	43	base_model.model.model.layers.23.self_attn.o_proj	0.6835179572604957	0.26650568064028324	6.577894691578269
Qwen3-8B	magicoder	43	base_model.model.model.layers.23.self_attn.q_proj	0.7033689590847018	0.2581672052248848	7.422740019984002
Qwen3-8B	magicoder	43	base_model.model.model.layers.23.self_attn.v_proj	0.6047857225399033	0.2209943186419676	7.489293355216955
Qwen3-8B	magicoder	43	base_model.model.model.layers.24.mlp.down_proj	0.6063731069642252	0.1992914603759952	9.257686810009229
Qwen3-8B	magicoder	43	base_model.model.model.layers.24.mlp.gate_proj	0.5215992033192226	0.15348177792992973	11.549420558477856
Qwen3-8B	magicoder	43	base_model.model.model.layers.24.mlp.up_proj	0.5394788138308019	0.16078844752352597	11.257426081644999
Qwen3-8B	magicoder	43	base_model.model.model.layers.24.self_attn.k_proj	0.815628906353448	0.4886343997397821	2.786231142652795
Qwen3-8B	magicoder	43	base_model.model.model.layers.24.self_attn.o_proj	0.5544445451427197	0.16915558029810038	10.743445161984948
Qwen3-8B	magicoder	43	base_model.model.model.layers.24.self_attn.q_proj	0.7184022810284154	0.29889276245228846	5.777029794157857
Qwen3-8B	magicoder	43	base_model.model.model.layers.24.self_attn.v_proj	0.6104261289804794	0.23030059265850894	7.02548189676609
Qwen3-8B	magicoder	43	base_model.model.model.layers.25.mlp.down_proj	0.6637480307166782	0.2406723910681067	7.605958400619868
Qwen3-8B	magicoder	43	base_model.model.model.layers.25.mlp.gate_proj	0.6662747694236701	0.21511156495973419	9.593547179429295
Qwen3-8B	magicoder	43	base_model.model.model.layers.25.mlp.up_proj	0.5962023653883513	0.18525362080359986	10.357477041771912
Qwen3-8B	magicoder	43	base_model.model.model.layers.25.self_attn.k_proj	0.7230317022910645	0.3640781788340673	3.9438953236367578
Qwen3-8B	magicoder	43	base_model.model.model.layers.25.self_attn.o_proj	0.7110654801134422	0.27920899552839473	6.485752604150572
Qwen3-8B	magicoder	43	base_model.model.model.layers.25.self_attn.q_proj	0.7105225828199626	0.26452565890360924	7.214731313262732
Qwen3-8B	magicoder	43	base_model.model.model.layers.25.self_attn.v_proj	0.5928246524186812	0.24839019546370827	5.696178788185381
Qwen3-8B	magicoder	43	base_model.model.model.layers.26.mlp.down_proj	0.6603238318135264	0.23006171859968866	8.238065183947501
Qwen3-8B	magicoder	43	base_model.model.model.layers.26.mlp.gate_proj	0.6024936774850512	0.18711557928739042	10.36776371019022
Qwen3-8B	magicoder	43	base_model.model.model.layers.26.mlp.up_proj	0.7139691480009513	0.24473758532746556	8.510548466722371
Qwen3-8B	magicoder	43	base_model.model.model.layers.26.self_attn.k_proj	0.7702979939783352	0.39490276561657633	3.804846873811668
Qwen3-8B	magicoder	43	base_model.model.model.layers.26.self_attn.o_proj	0.7286012676940085	0.32831158877806554	4.925013434688166
Qwen3-8B	magicoder	43	base_model.model.model.layers.26.self_attn.q_proj	0.7535259000741618	0.31359710439482164	5.773674296477717
Qwen3-8B	magicoder	43	base_model.model.model.layers.26.self_attn.v_proj	0.5972940018577586	0.21273598075437106	7.883052290794576
Qwen3-8B	magicoder	43	base_model.model.model.layers.27.mlp.down_proj	0.6027694322047783	0.19536780542436946	9.51911216363911
Qwen3-8B	magicoder	43	base_model.model.model.layers.27.mlp.gate_proj	0.7498766759164128	0.2707438694097093	7.671184501703386
Qwen3-8B	magicoder	43	base_model.model.model.layers.27.mlp.up_proj	0.6813196500278373	0.22832122184812073	8.904494491163376
Qwen3-8B	magicoder	43	base_model.model.model.layers.27.self_attn.k_proj	0.8091653162228164	0.5498128207377222	2.1659318756228148
Qwen3-8B	magicoder	43	base_model.model.model.layers.27.self_attn.o_proj	0.6500734884856663	0.23676468281938823	7.538606379563959
Qwen3-8B	magicoder	43	base_model.model.model.layers.27.self_attn.q_proj	0.7119436852269543	0.2568789649362743	7.681290663554639
Qwen3-8B	magicoder	43	base_model.model.model.layers.27.self_attn.v_proj	0.5471521547071764	0.19118315972446634	8.190623397326615
Qwen3-8B	magicoder	43	base_model.model.model.layers.28.mlp.down_proj	0.5889247328501734	0.18662053145659496	9.95865628854053
Qwen3-8B	magicoder	43	base_model.model.model.layers.28.mlp.gate_proj	0.746448455259392	0.2638103612048867	8.00600671715706
Qwen3-8B	magicoder	43	base_model.model.model.layers.28.mlp.up_proj	0.6200843807701948	0.19599104187796054	10.009886219975222
Qwen3-8B	magicoder	43	base_model.model.model.layers.28.self_attn.k_proj	0.7310946384840296	0.42503633041470795	2.9586602107426456
Qwen3-8B	magicoder	43	base_model.model.model.layers.28.self_attn.o_proj	0.7199375790954776	0.2978564544658098	5.842189710806065
Qwen3-8B	magicoder	43	base_model.model.model.layers.28.self_attn.q_proj	0.6716242686725696	0.2390687414751725	7.8923651596740285
Qwen3-8B	magicoder	43	base_model.model.model.layers.28.self_attn.v_proj	0.5380297764223654	0.17515644117255041	9.43540178074319
Qwen3-8B	magicoder	43	base_model.model.model.layers.29.mlp.down_proj	0.6632456308159775	0.22553418886159898	8.648166116929035
Qwen3-8B	magicoder	43	base_model.model.model.layers.29.mlp.gate_proj	0.7330358029921803	0.24854279524811243	8.698573096743301
Qwen3-8B	magicoder	43	base_model.model.model.layers.29.mlp.up_proj	0.7006920666131319	0.23194216185447453	9.126305429299723
Qwen3-8B	magicoder	43	base_model.model.model.layers.29.self_attn.k_proj	0.8236755259722535	0.5077948005497526	2.6310907296020565
Qwen3-8B	magicoder	43	base_model.model.model.layers.29.self_attn.o_proj	0.6325635394651276	0.2466161755842367	6.579080411088513
Qwen3-8B	magicoder	43	base_model.model.model.layers.29.self_attn.q_proj	0.793545565920905	0.46181520326747566	2.9526181591012417
Qwen3-8B	magicoder	43	base_model.model.model.layers.29.self_attn.v_proj	0.6241496468807298	0.24805234438494267	6.331269295998013
Qwen3-8B	magicoder	43	base_model.model.model.layers.3.mlp.down_proj	0.6913902840076723	0.2642847523743271	6.843879100334751
Qwen3-8B	magicoder	43	base_model.model.model.layers.3.mlp.gate_proj	0.5196150192783479	0.15070513816606734	11.887958284449224
Qwen3-8B	magicoder	43	base_model.model.model.layers.3.mlp.up_proj	0.575218053854697	0.17515812988797083	10.784609326952747
Qwen3-8B	magicoder	43	base_model.model.model.layers.3.self_attn.k_proj	0.7972344143594876	0.5644365722722876	1.9949948724560616
Qwen3-8B	magicoder	43	base_model.model.model.layers.3.self_attn.o_proj	0.6053716682594867	0.21263144189700975	8.105675535677488
Qwen3-8B	magicoder	43	base_model.model.model.layers.3.self_attn.q_proj	0.640792005657627	0.22878569559996842	7.844701718342426
Qwen3-8B	magicoder	43	base_model.model.model.layers.3.self_attn.v_proj	0.540309591958263	0.18848655945242768	8.217213686430805
Qwen3-8B	magicoder	43	base_model.model.model.layers.30.mlp.down_proj	0.5549789951410191	0.1672465871590761	11.011299210316762
Qwen3-8B	magicoder	43	base_model.model.model.layers.30.mlp.gate_proj	0.6823306682826664	0.22084426692578352	9.545914149958266
Qwen3-8B	magicoder	43	base_model.model.model.layers.30.mlp.up_proj	0.6365568691445282	0.20131041366369967	9.99866310525835
Qwen3-8B	magicoder	43	base_model.model.model.layers.30.self_attn.k_proj	0.6764436479355009	0.2843453547200481	5.6594075588568264
Qwen3-8B	magicoder	43	base_model.model.model.layers.30.self_attn.o_proj	0.550088580299986	0.16837307537125507	10.673822329270614
Qwen3-8B	magicoder	43	base_model.model.model.layers.30.self_attn.q_proj	0.67061485124995	0.2293043674122584	8.553063194932049
Qwen3-8B	magicoder	43	base_model.model.model.layers.30.self_attn.v_proj	0.5198385656021095	0.19853980457006423	6.855542242040629
Qwen3-8B	magicoder	43	base_model.model.model.layers.31.mlp.down_proj	0.4898667803915756	0.14189316327339555	11.91881386299091
Qwen3-8B	magicoder	43	base_model.model.model.layers.31.mlp.gate_proj	0.731133185976702	0.2552611339445973	8.203961345314017
Qwen3-8B	magicoder	43	base_model.model.model.layers.31.mlp.up_proj	0.5985933897466094	0.18368759657636777	10.619502457254713
Qwen3-8B	magicoder	43	base_model.model.model.layers.31.self_attn.k_proj	0.7993280807916444	0.46207108408007697	2.992488961455459
Qwen3-8B	magicoder	43	base_model.model.model.layers.31.self_attn.o_proj	0.7268753278247166	0.3101808194045004	5.491487230312239
Qwen3-8B	magicoder	43	base_model.model.model.layers.31.self_attn.q_proj	0.7052710062816102	0.25386948343227883	7.717756319765413
Qwen3-8B	magicoder	43	base_model.model.model.layers.31.self_attn.v_proj	0.5581632711930249	0.21593624869171685	6.681460505668154
Qwen3-8B	magicoder	43	base_model.model.model.layers.32.mlp.down_proj	0.5777202009454742	0.1793989766831406	10.370392272084732
Qwen3-8B	magicoder	43	base_model.model.model.layers.32.mlp.gate_proj	0.7532660486764988	0.272922016566048	7.617625948486457
Qwen3-8B	magicoder	43	base_model.model.model.layers.32.mlp.up_proj	0.5736650572451172	0.17363252178433988	10.915776845811164
Qwen3-8B	magicoder	43	base_model.model.model.layers.32.self_attn.k_proj	0.7296718430853463	0.32268916883145904	5.113124868282186
Qwen3-8B	magicoder	43	base_model.model.model.layers.32.self_attn.o_proj	0.6586471655870088	0.2256903022686808	8.516866857694824
Qwen3-8B	magicoder	43	base_model.model.model.layers.32.self_attn.q_proj	0.6933666033656659	0.24391126860444043	8.080944224791917
Qwen3-8B	magicoder	43	base_model.model.model.layers.32.self_attn.v_proj	0.5664374441627027	0.21938293723833122	6.666505096448352
Qwen3-8B	magicoder	43	base_model.model.model.layers.33.mlp.down_proj	0.4873097959523245	0.14001259659377116	12.11367907155884
Qwen3-8B	magicoder	43	base_model.model.model.layers.33.mlp.gate_proj	0.6539838800604494	0.20787817572460202	9.897289946491018
Qwen3-8B	magicoder	43	base_model.model.model.layers.33.mlp.up_proj	0.5660527703509541	0.1723654329769105	10.78483465472208
Qwen3-8B	magicoder	43	base_model.model.model.layers.33.self_attn.k_proj	0.8278693466312107	0.5306106418896608	2.434286512748958
Qwen3-8B	magicoder	43	base_model.model.model.layers.33.self_attn.o_proj	0.6842568835085377	0.26034897504288546	6.90759084992403
Qwen3-8B	magicoder	43	base_model.model.model.layers.33.self_attn.q_proj	0.7539328289532152	0.3111060999583453	5.872841173672943
Qwen3-8B	magicoder	43	base_model.model.model.layers.33.self_attn.v_proj	0.5694150896296074	0.22012324459122945	6.691540833142327
Qwen3-8B	magicoder	43	base_model.model.model.layers.34.mlp.down_proj	0.4032909566679734	0.1106904854506643	13.274445319982082
Qwen3-8B	magicoder	43	base_model.model.model.layers.34.mlp.gate_proj	0.4806151529875036	0.1352082243027456	12.635391420603352
Qwen3-8B	magicoder	43	base_model.model.model.layers.34.mlp.up_proj	0.47551188855581356	0.13357464526520754	12.672861832117144
Qwen3-8B	magicoder	43	base_model.model.model.layers.34.self_attn.k_proj	0.6838684175991475	0.3055904684676292	5.008013452007297
Qwen3-8B	magicoder	43	base_model.model.model.layers.34.self_attn.o_proj	0.5910823197206274	0.1927781384239439	9.401136831525479
Qwen3-8B	magicoder	43	base_model.model.model.layers.34.self_attn.q_proj	0.564541483022634	0.17913715148740564	9.931626792225961
Qwen3-8B	magicoder	43	base_model.model.model.layers.34.self_attn.v_proj	0.5577703628279141	0.1835820489158543	9.231035971532721
Qwen3-8B	magicoder	43	base_model.model.model.layers.35.mlp.down_proj	0.5278953995916627	0.1638959621824088	10.374310595911554
Qwen3-8B	magicoder	43	base_model.model.model.layers.35.mlp.gate_proj	0.40051383025533305	0.10967190894628977	13.336572467129093
Qwen3-8B	magicoder	43	base_model.model.model.layers.35.mlp.up_proj	0.4667119700981336	0.1370381152930976	11.598855159625456
Qwen3-8B	magicoder	43	base_model.model.model.layers.35.self_attn.k_proj	0.6930755160139345	0.26617339116371325	6.780033480968474
Qwen3-8B	magicoder	43	base_model.model.model.layers.35.self_attn.o_proj	0.4394246089680455	0.12453839547242165	12.449795499035382
Qwen3-8B	magicoder	43	base_model.model.model.layers.35.self_attn.q_proj	0.48017406199923535	0.1420115817874063	11.432727803966529
Qwen3-8B	magicoder	43	base_model.model.model.layers.35.self_attn.v_proj	0.48657694204857854	0.14968296889315122	10.567159730903976
Qwen3-8B	magicoder	43	base_model.model.model.layers.4.mlp.down_proj	0.6096851165617686	0.20418501416198975	8.915864455952931
Qwen3-8B	magicoder	43	base_model.model.model.layers.4.mlp.gate_proj	0.6798536166141499	0.2173413186292114	9.784671036661626
Qwen3-8B	magicoder	43	base_model.model.model.layers.4.mlp.up_proj	0.6299356110462868	0.19889527929057585	10.030980119170192
Qwen3-8B	magicoder	43	base_model.model.model.layers.4.self_attn.k_proj	0.8019820831697675	0.5050155515189857	2.5218533488037442
Qwen3-8B	magicoder	43	base_model.model.model.layers.4.self_attn.o_proj	0.6533482157452708	0.2860718947995583	5.216017427098794
Qwen3-8B	magicoder	43	base_model.model.model.layers.4.self_attn.q_proj	0.7438362775771856	0.30470840064951055	5.9591711076527565
Qwen3-8B	magicoder	43	base_model.model.model.layers.4.self_attn.v_proj	0.5444368886856105	0.18139032626888102	9.008797873173767
Qwen3-8B	magicoder	43	base_model.model.model.layers.5.mlp.down_proj	0.6512939860155514	0.2859265632798406	5.188539500848983
Qwen3-8B	magicoder	43	base_model.model.model.layers.5.mlp.gate_proj	0.6691031957949153	0.21246730560225477	9.917494938013748
Qwen3-8B	magicoder	43	base_model.model.model.layers.5.mlp.up_proj	0.6187902299809417	0.19677713416615603	9.888664295680945
Qwen3-8B	magicoder	43	base_model.model.model.layers.5.self_attn.k_proj	0.8485562537870572	0.6179897077791837	1.8853795516996712
Qwen3-8B	magicoder	43	base_model.model.model.layers.5.self_attn.o_proj	0.6645891080783761	0.29324384714178314	5.1362791821117355
Qwen3-8B	magicoder	43	base_model.model.model.layers.5.self_attn.q_proj	0.7967101047906016	0.43783203059655257	3.3112013499805917
Qwen3-8B	magicoder	43	base_model.model.model.layers.5.self_attn.v_proj	0.5038154291107261	0.15061087493437159	11.190004571725018
Qwen3-8B	magicoder	43	base_model.model.model.layers.6.mlp.down_proj	0.38385742546063567	0.10774242988240988	12.693060809093488
Qwen3-8B	magicoder	43	base_model.model.model.layers.6.mlp.gate_proj	0.6801371015495697	0.23044114285028508	8.711097843833906
Qwen3-8B	magicoder	43	base_model.model.model.layers.6.mlp.up_proj	0.5267095457865606	0.16650209737093197	10.006978382331445
Qwen3-8B	magicoder	43	base_model.model.model.layers.6.self_attn.k_proj	0.8907272349088705	0.6607077540951497	1.8174842480900752
Qwen3-8B	magicoder	43	base_model.model.model.layers.6.self_attn.o_proj	0.7405587631645363	0.4499429665172476	2.7089695044788242
Qwen3-8B	magicoder	43	base_model.model.model.layers.6.self_attn.q_proj	0.8410098878934285	0.44026631884518946	3.6489782853665687
Qwen3-8B	magicoder	43	base_model.model.model.layers.6.self_attn.v_proj	0.6785609693176405	0.2835718781007912	5.726001163210144
Qwen3-8B	magicoder	43	base_model.model.model.layers.7.mlp.down_proj	0.457961174839875	0.19043408940186826	5.783196307652604
Qwen3-8B	magicoder	43	base_model.model.model.layers.7.mlp.gate_proj	0.713569661329328	0.25279017823640826	7.968055707073348
Qwen3-8B	magicoder	43	base_model.model.model.layers.7.mlp.up_proj	0.5745119580859622	0.19190881646000918	8.962069163816352
Qwen3-8B	magicoder	43	base_model.model.model.layers.7.self_attn.k_proj	0.8189114096069442	0.525251441404567	2.430744648580449
Qwen3-8B	magicoder	43	base_model.model.model.layers.7.self_attn.o_proj	0.649925810461315	0.3138285922997952	4.28886672905329
Qwen3-8B	magicoder	43	base_model.model.model.layers.7.self_attn.q_proj	0.7275927747277807	0.2869102212185829	6.431091886392062
Qwen3-8B	magicoder	43	base_model.model.model.layers.7.self_attn.v_proj	0.5444141111461557	0.17660699203648497	9.502611182879454
Qwen3-8B	magicoder	43	base_model.model.model.layers.8.mlp.down_proj	0.5066456762380013	0.24181453413671927	4.389791373072227
Qwen3-8B	magicoder	43	base_model.model.model.layers.8.mlp.gate_proj	0.6683856012912174	0.29758742936536997	5.044579925400003
Qwen3-8B	magicoder	43	base_model.model.model.layers.8.mlp.up_proj	0.6756113183693881	0.3648823570531437	3.4283732973170853
Qwen3-8B	magicoder	43	base_model.model.model.layers.8.self_attn.k_proj	0.7230749012639527	0.5041566682385539	2.0570059236980165
Qwen3-8B	magicoder	43	base_model.model.model.layers.8.self_attn.o_proj	0.6072693338716751	0.2215743948925716	7.511446132781255
Qwen3-8B	magicoder	43	base_model.model.model.layers.8.self_attn.q_proj	0.6203272301578763	0.20099247514661991	9.52537526573585
Qwen3-8B	magicoder	43	base_model.model.model.layers.8.self_attn.v_proj	0.5745353932424934	0.2038190661175214	7.945915840221431
Qwen3-8B	magicoder	43	base_model.model.model.layers.9.mlp.down_proj	0.5109380260519029	0.21641494885197576	5.573935501031887
Qwen3-8B	magicoder	43	base_model.model.model.layers.9.mlp.gate_proj	0.638188295769547	0.2650488395284454	5.797568063629946
Qwen3-8B	magicoder	43	base_model.model.model.layers.9.mlp.up_proj	0.65504501752203	0.28149985310228365	5.4148440106938835
Qwen3-8B	magicoder	43	base_model.model.model.layers.9.self_attn.k_proj	0.732378423433144	0.439321772159839	2.7791093064347065
Qwen3-8B	magicoder	43	base_model.model.model.layers.9.self_attn.o_proj	0.6880328780779125	0.2786111177903406	6.09847851589718
Qwen3-8B	magicoder	43	base_model.model.model.layers.9.self_attn.q_proj	0.7548025468848659	0.3252793833814567	5.384602367027031
Qwen3-8B	magicoder	43	base_model.model.model.layers.9.self_attn.v_proj	0.5668682584224094	0.22937083274219858	6.107843439658408
Qwen3-8B	metamath	43	base_model.model.model.layers.0.mlp.down_proj	0.6979651691189455	0.5643937514928865	1.5293366868168672
Qwen3-8B	metamath	43	base_model.model.model.layers.0.mlp.gate_proj	0.7090341217845764	0.27015925420046716	6.888022771186513
Qwen3-8B	metamath	43	base_model.model.model.layers.0.mlp.up_proj	0.6930802887486547	0.2628040358207768	6.955094492307786
Qwen3-8B	metamath	43	base_model.model.model.layers.0.self_attn.k_proj	0.835367067558599	0.5742365622011568	2.11627946771798
Qwen3-8B	metamath	43	base_model.model.model.layers.0.self_attn.o_proj	0.7315163204773409	0.35682318236582616	4.202830887963933
Qwen3-8B	metamath	43	base_model.model.model.layers.0.self_attn.q_proj	0.8041615857910065	0.516790898491387	2.421346452091103
Qwen3-8B	metamath	43	base_model.model.model.layers.0.self_attn.v_proj	0.7926378032418382	0.4412130239044382	3.2274008963797494
Qwen3-8B	metamath	43	base_model.model.model.layers.1.mlp.down_proj	0.578632070174123	0.36093885628406175	2.5700272315178196
Qwen3-8B	metamath	43	base_model.model.model.layers.1.mlp.gate_proj	0.3393550745669578	0.08951996160812369	14.370402125292298
Qwen3-8B	metamath	43	base_model.model.model.layers.1.mlp.up_proj	0.562440902890948	0.1847558097867653	9.267393107944045
Qwen3-8B	metamath	43	base_model.model.model.layers.1.self_attn.k_proj	0.6983761909426812	0.4981461315235662	1.965465051238666
Qwen3-8B	metamath	43	base_model.model.model.layers.1.self_attn.o_proj	0.65512091744151	0.38950315000704205	2.8289220713524106
Qwen3-8B	metamath	43	base_model.model.model.layers.1.self_attn.q_proj	0.528843323584204	0.18140004235478038	8.499224161757384
Qwen3-8B	metamath	43	base_model.model.model.layers.1.self_attn.v_proj	0.45830646444825557	0.23459138886567393	3.816698315230023
Qwen3-8B	metamath	43	base_model.model.model.layers.10.mlp.down_proj	0.6583645401440305	0.42555148822364514	2.3934735676486616
Qwen3-8B	metamath	43	base_model.model.model.layers.10.mlp.gate_proj	0.5382055448063332	0.18880439859676051	8.125912091232475
Qwen3-8B	metamath	43	base_model.model.model.layers.10.mlp.up_proj	0.8338651703269058	0.4961393277948376	2.8247782497301697
Qwen3-8B	metamath	43	base_model.model.model.layers.10.self_attn.k_proj	0.6384326202938558	0.38537231883492445	2.7445370970219103
Qwen3-8B	metamath	43	base_model.model.model.layers.10.self_attn.o_proj	0.7743270215581913	0.4700854695546302	2.71328351086129
Qwen3-8B	metamath	43	base_model.model.model.layers.10.self_attn.q_proj	0.6440890251006217	0.2920020944788807	4.865414723409989
Qwen3-8B	metamath	43	base_model.model.model.layers.10.self_attn.v_proj	0.6167941765064798	0.3597107568274766	2.94017837412931
Qwen3-8B	metamath	43	base_model.model.model.layers.11.mlp.down_proj	0.6463407611137466	0.3996481950575339	2.6155762116671504
Qwen3-8B	metamath	43	base_model.model.model.layers.11.mlp.gate_proj	0.6538751322591781	0.2530046587670173	6.67932545465324
Qwen3-8B	metamath	43	base_model.model.model.layers.11.mlp.up_proj	0.7967387654075657	0.4109047218614481	3.7596691844859396
Qwen3-8B	metamath	43	base_model.model.model.layers.11.self_attn.k_proj	0.7077788430396135	0.4710891488776904	2.257298284677665
Qwen3-8B	metamath	43	base_model.model.model.layers.11.self_attn.o_proj	0.7777303848733396	0.4898540588503253	2.5207206047174533
Qwen3-8B	metamath	43	base_model.model.model.layers.11.self_attn.q_proj	0.5833812417583596	0.21286935937633092	7.510668861930742
Qwen3-8B	metamath	43	base_model.model.model.layers.11.self_attn.v_proj	0.6013787123836969	0.362356574331178	2.754379714769331
Qwen3-8B	metamath	43	base_model.model.model.layers.12.mlp.down_proj	0.7157939740111499	0.4934017604568796	2.1046248133664194
Qwen3-8B	metamath	43	base_model.model.model.layers.12.mlp.gate_proj	0.5797155264908607	0.2116667152234402	7.501096006394587
Qwen3-8B	metamath	43	base_model.model.model.layers.12.mlp.up_proj	0.8508395646137674	0.5256198120777935	2.620305329132875
Qwen3-8B	metamath	43	base_model.model.model.layers.12.self_attn.k_proj	0.7438446815586472	0.44242333646022175	2.826756966680618
Qwen3-8B	metamath	43	base_model.model.model.layers.12.self_attn.o_proj	0.7340665741244468	0.3842830784623903	3.6489538894773568
Qwen3-8B	metamath	43	base_model.model.model.layers.12.self_attn.q_proj	0.694784177976069	0.2951030072089243	5.543098161440775
Qwen3-8B	metamath	43	base_model.model.model.layers.12.self_attn.v_proj	0.47498385427821915	0.22549038071670027	4.437124910478942
Qwen3-8B	metamath	43	base_model.model.model.layers.13.mlp.down_proj	0.7668339239904416	0.5230321469909436	2.149541674940396
Qwen3-8B	metamath	43	base_model.model.model.layers.13.mlp.gate_proj	0.6595988695705816	0.25616186720536854	6.630264361105884
Qwen3-8B	metamath	43	base_model.model.model.layers.13.mlp.up_proj	0.778307051020811	0.4144305578867031	3.5269425774652228
Qwen3-8B	metamath	43	base_model.model.model.layers.13.self_attn.k_proj	0.657479403680867	0.4205339918415899	2.4443426964748736
Qwen3-8B	metamath	43	base_model.model.model.layers.13.self_attn.o_proj	0.7981251965207611	0.5443476197795677	2.1497570732683484
Qwen3-8B	metamath	43	base_model.model.model.layers.13.self_attn.q_proj	0.7470858646680899	0.3965760496818575	3.5488535183570273
Qwen3-8B	metamath	43	base_model.model.model.layers.13.self_attn.v_proj	0.703315415244285	0.43086709408483415	2.6644870718111924
Qwen3-8B	metamath	43	base_model.model.model.layers.14.mlp.down_proj	0.7554735654426216	0.5597282235715744	1.8217305145008582
Qwen3-8B	metamath	43	base_model.model.model.layers.14.mlp.gate_proj	0.6627354773581658	0.25793509829504263	6.601757304823972
Qwen3-8B	metamath	43	base_model.model.model.layers.14.mlp.up_proj	0.8001794542788206	0.4139269647154039	3.7370366270966224
Qwen3-8B	metamath	43	base_model.model.model.layers.14.self_attn.k_proj	0.644339571573011	0.4273030835040048	2.2738277085065928
Qwen3-8B	metamath	43	base_model.model.model.layers.14.self_attn.o_proj	0.8478600537242178	0.6048674351959212	1.9648433952836222
Qwen3-8B	metamath	43	base_model.model.model.layers.14.self_attn.q_proj	0.7055894175993449	0.3600932579773717	3.8394952706056515
Qwen3-8B	metamath	43	base_model.model.model.layers.14.self_attn.v_proj	0.7174671531184	0.500699180543068	2.053289966608184
Qwen3-8B	metamath	43	base_model.model.model.layers.15.mlp.down_proj	0.7858283051470119	0.578788221862142	1.8433846470333133
Qwen3-8B	metamath	43	base_model.model.model.layers.15.mlp.gate_proj	0.642472585105832	0.2525989936077621	6.469131353830275
Qwen3-8B	metamath	43	base_model.model.model.layers.15.mlp.up_proj	0.8438014736577141	0.47338028110784	3.1773147041143326
Qwen3-8B	metamath	43	base_model.model.model.layers.15.self_attn.k_proj	0.7713721495803907	0.5273384787579694	2.139680777833417
Qwen3-8B	metamath	43	base_model.model.model.layers.15.self_attn.o_proj	0.8284760670607029	0.5375751904455072	2.375097810283944
Qwen3-8B	metamath	43	base_model.model.model.layers.15.self_attn.q_proj	0.7282658768055387	0.41130396956374843	3.1351196553300356
Qwen3-8B	metamath	43	base_model.model.model.layers.15.self_attn.v_proj	0.7498747111816294	0.4606316533131029	2.6501463576079867
Qwen3-8B	metamath	43	base_model.model.model.layers.16.mlp.down_proj	0.6198630102118741	0.5806074325431562	1.1397937200612485
Qwen3-8B	metamath	43	base_model.model.model.layers.16.mlp.gate_proj	0.6837345169605535	0.30590818701004774	4.995659270124127
Qwen3-8B	metamath	43	base_model.model.model.layers.16.mlp.up_proj	0.7962003642805472	0.4310214881642616	3.4122975931828012
Qwen3-8B	metamath	43	base_model.model.model.layers.16.self_attn.k_proj	0.7728185749321447	0.5888209816519097	1.7226162904622129
Qwen3-8B	metamath	43	base_model.model.model.layers.16.self_attn.o_proj	0.8211123905617416	0.467602837589283	3.0835495774249004
Qwen3-8B	metamath	43	base_model.model.model.layers.16.self_attn.q_proj	0.7751836208440993	0.4456234068709837	3.0260297010019697
Qwen3-8B	metamath	43	base_model.model.model.layers.16.self_attn.v_proj	0.7440411975424821	0.49794453320219867	2.232708515178668
Qwen3-8B	metamath	43	base_model.model.model.layers.17.mlp.down_proj	0.7334795799695151	0.48380400275036367	2.2984610094432734
Qwen3-8B	metamath	43	base_model.model.model.layers.17.mlp.gate_proj	0.5312804254838516	0.20090204102692027	6.993248039819632
Qwen3-8B	metamath	43	base_model.model.model.layers.17.mlp.up_proj	0.660074515456451	0.3653641484833881	3.263879162311887
Qwen3-8B	metamath	43	base_model.model.model.layers.17.self_attn.k_proj	0.719510758242979	0.57575189047606	1.5617223969704264
Qwen3-8B	metamath	43	base_model.model.model.layers.17.self_attn.o_proj	0.8196196294768126	0.5385610928858093	2.3160863699635055
Qwen3-8B	metamath	43	base_model.model.model.layers.17.self_attn.q_proj	0.6648913507873937	0.2892356895996463	5.284423381730487
Qwen3-8B	metamath	43	base_model.model.model.layers.17.self_attn.v_proj	0.6280105605916517	0.34464616776929324	3.320373859800818
Qwen3-8B	metamath	43	base_model.model.model.layers.18.mlp.down_proj	0.7486820735690869	0.5433021356367234	1.8989435064049207
Qwen3-8B	metamath	43	base_model.model.model.layers.18.mlp.gate_proj	0.7068700583174433	0.3417503902997827	4.278200497139364
Qwen3-8B	metamath	43	base_model.model.model.layers.18.mlp.up_proj	0.7861730106238289	0.4330706226878612	3.295480999195858
Qwen3-8B	metamath	43	base_model.model.model.layers.18.self_attn.k_proj	0.732892961146393	0.5608066523950967	1.7078699138012214
Qwen3-8B	metamath	43	base_model.model.model.layers.18.self_attn.o_proj	0.841148657206148	0.5712152425709474	2.1684326422148525
Qwen3-8B	metamath	43	base_model.model.model.layers.18.self_attn.q_proj	0.8137344942593913	0.5078383557864437	2.5675236600589177
Qwen3-8B	metamath	43	base_model.model.model.layers.18.self_attn.v_proj	0.6815403509140683	0.44372685631621733	2.3591291516769766
Qwen3-8B	metamath	43	base_model.model.model.layers.19.mlp.down_proj	0.7752605507028878	0.5894841566663249	1.7296215842434852
Qwen3-8B	metamath	43	base_model.model.model.layers.19.mlp.gate_proj	0.6399508696139325	0.2858042067069962	5.013673327127859
Qwen3-8B	metamath	43	base_model.model.model.layers.19.mlp.up_proj	0.706285925324396	0.39026929810838984	3.275158550100534
Qwen3-8B	metamath	43	base_model.model.model.layers.19.self_attn.k_proj	0.7438252160534095	0.5186520553529521	2.0567882735161485
Qwen3-8B	metamath	43	base_model.model.model.layers.19.self_attn.o_proj	0.8309320627285529	0.6275568959848241	1.7531731948587472
Qwen3-8B	metamath	43	base_model.model.model.layers.19.self_attn.q_proj	0.7951799485153571	0.4676237979398764	2.8915961032941393
Qwen3-8B	metamath	43	base_model.model.model.layers.19.self_attn.v_proj	0.6874460458939674	0.444043011080628	2.3967744073333397
Qwen3-8B	metamath	43	base_model.model.model.layers.2.mlp.down_proj	0.7107745254079819	0.435413021165854	2.664777071077277
Qwen3-8B	metamath	43	base_model.model.model.layers.2.mlp.gate_proj	0.3306644835008551	0.08765141964818231	14.23171345797191
Qwen3-8B	metamath	43	base_model.model.model.layers.2.mlp.up_proj	0.45955684048656004	0.14863431620030093	9.559612554575306
Qwen3-8B	metamath	43	base_model.model.model.layers.2.self_attn.k_proj	0.7113129124693437	0.4864774782480019	2.1379419390511174
Qwen3-8B	metamath	43	base_model.model.model.layers.2.self_attn.o_proj	0.6722724015680122	0.372210035193895	3.2622287400286893
Qwen3-8B	metamath	43	base_model.model.model.layers.2.self_attn.q_proj	0.7421191133910686	0.3246520347578505	5.22529694578427
Qwen3-8B	metamath	43	base_model.model.model.layers.2.self_attn.v_proj	0.47861116802576825	0.2960226932863348	2.6140605644044004
Qwen3-8B	metamath	43	base_model.model.model.layers.20.mlp.down_proj	0.8404849911856688	0.6958661825928376	1.4588426858326624
Qwen3-8B	metamath	43	base_model.model.model.layers.20.mlp.gate_proj	0.6843025721596406	0.3420392203447258	4.002621549507477
Qwen3-8B	metamath	43	base_model.model.model.layers.20.mlp.up_proj	0.8034149069336051	0.5824111018504654	1.9029197843835
Qwen3-8B	metamath	43	base_model.model.model.layers.20.self_attn.k_proj	0.7692715163769066	0.5434420081180342	2.003793168683289
Qwen3-8B	metamath	43	base_model.model.model.layers.20.self_attn.o_proj	0.8650097561946666	0.6749139939570985	1.6426504060882505
Qwen3-8B	metamath	43	base_model.model.model.layers.20.self_attn.q_proj	0.7923310765340428	0.4276727636017532	3.432339149530998
Qwen3-8B	metamath	43	base_model.model.model.layers.20.self_attn.v_proj	0.774751275416768	0.5535427892534411	1.9589448257918198
Qwen3-8B	metamath	43	base_model.model.model.layers.21.mlp.down_proj	0.7683098602325934	0.632508156843217	1.4755045481141358
Qwen3-8B	metamath	43	base_model.model.model.layers.21.mlp.gate_proj	0.7220383089633997	0.3549453531301907	4.138066742737003
Qwen3-8B	metamath	43	base_model.model.model.layers.21.mlp.up_proj	0.7686575538658178	0.4310141759145048	3.1804069263923087
Qwen3-8B	metamath	43	base_model.model.model.layers.21.self_attn.k_proj	0.7985901122742696	0.5907558157567121	1.8273925322279272
Qwen3-8B	metamath	43	base_model.model.model.layers.21.self_attn.o_proj	0.8810564936816762	0.6721488342788126	1.7182114679388902
Qwen3-8B	metamath	43	base_model.model.model.layers.21.self_attn.q_proj	0.8115301223545718	0.6219233658323585	1.7026898291380093
Qwen3-8B	metamath	43	base_model.model.model.layers.21.self_attn.v_proj	0.823272372026698	0.6724032771116866	1.4990890771352474
Qwen3-8B	metamath	43	base_model.model.model.layers.22.mlp.down_proj	0.8190158987454251	0.6747716513499522	1.4732315383559873
Qwen3-8B	metamath	43	base_model.model.model.layers.22.mlp.gate_proj	0.6014607833782168	0.2470337546261955	5.927915888850117
Qwen3-8B	metamath	43	base_model.model.model.layers.22.mlp.up_proj	0.766572573330263	0.4645950407122183	2.722434341735131
Qwen3-8B	metamath	43	base_model.model.model.layers.22.self_attn.k_proj	0.7614782532075696	0.5117255024479364	2.2143225754346396
Qwen3-8B	metamath	43	base_model.model.model.layers.22.self_attn.o_proj	0.907483106958611	0.7327900194332235	1.5336208606946677
Qwen3-8B	metamath	43	base_model.model.model.layers.22.self_attn.q_proj	0.7691989506894207	0.46132716719394035	2.7800928768645607
Qwen3-8B	metamath	43	base_model.model.model.layers.22.self_attn.v_proj	0.8097119326243154	0.5854154501249115	1.913078182518573
Qwen3-8B	metamath	43	base_model.model.model.layers.23.mlp.down_proj	0.7745464628499238	0.5832831037393221	1.7633403992291719
Qwen3-8B	metamath	43	base_model.model.model.layers.23.mlp.gate_proj	0.5544710383725355	0.22066186360375387	6.31397953390737
Qwen3-8B	metamath	43	base_model.model.model.layers.23.mlp.up_proj	0.8502578689657706	0.5400486450983452	2.4787661579670264
Qwen3-8B	metamath	43	base_model.model.model.layers.23.self_attn.k_proj	0.8139868475128057	0.6486740760131757	1.5746414934717228
Qwen3-8B	metamath	43	base_model.model.model.layers.23.self_attn.o_proj	0.8610485743505265	0.6780411644712709	1.6126613662351403
Qwen3-8B	metamath	43	base_model.model.model.layers.23.self_attn.q_proj	0.7983900173824363	0.5107702616299871	2.443312344051384
Qwen3-8B	metamath	43	base_model.model.model.layers.23.self_attn.v_proj	0.7830789677373338	0.5735050449093798	1.8643894389746833
Qwen3-8B	metamath	43	base_model.model.model.layers.24.mlp.down_proj	0.8051042184015897	0.6422167169728943	1.571596279822069
Qwen3-8B	metamath	43	base_model.model.model.layers.24.mlp.gate_proj	0.6513224276685514	0.2804086482920873	5.395221236849562
Qwen3-8B	metamath	43	base_model.model.model.layers.24.mlp.up_proj	0.7493139948175991	0.35615792178447164	4.426316563812304
Qwen3-8B	metamath	43	base_model.model.model.layers.24.self_attn.k_proj	0.7960155671898125	0.5926246883980695	1.8041956947560935
Qwen3-8B	metamath	43	base_model.model.model.layers.24.self_attn.o_proj	0.8789921543343375	0.646219814576886	1.8501607212228985
Qwen3-8B	metamath	43	base_model.model.model.layers.24.self_attn.q_proj	0.7654195796090532	0.46210798147369814	2.7435456790240322
Qwen3-8B	metamath	43	base_model.model.model.layers.24.self_attn.v_proj	0.6794363758707852	0.42307370857124355	2.5790841603626378
Qwen3-8B	metamath	43	base_model.model.model.layers.25.mlp.down_proj	0.8263487373390246	0.6449134631622918	1.641813600619047
Qwen3-8B	metamath	43	base_model.model.model.layers.25.mlp.gate_proj	0.6720748173346615	0.28666400458091384	5.496533995256306
Qwen3-8B	metamath	43	base_model.model.model.layers.25.mlp.up_proj	0.847036105920425	0.5784055897897759	2.144563367629928
Qwen3-8B	metamath	43	base_model.model.model.layers.25.self_attn.k_proj	0.7007789221171398	0.45654579609885915	2.356098079225341
Qwen3-8B	metamath	43	base_model.model.model.layers.25.self_attn.o_proj	0.8782202128300844	0.6706828645755738	1.7146379658605229
Qwen3-8B	metamath	43	base_model.model.model.layers.25.self_attn.q_proj	0.7945630353870794	0.4764480936678356	2.7811571322105673
Qwen3-8B	metamath	43	base_model.model.model.layers.25.self_attn.v_proj	0.7206763707567763	0.4704736026800559	2.346443187803196
Qwen3-8B	metamath	43	base_model.model.model.layers.26.mlp.down_proj	0.8782283881429144	0.6968324127186162	1.588394065284587
Qwen3-8B	metamath	43	base_model.model.model.layers.26.mlp.gate_proj	0.6250468257852456	0.25158138514341283	6.172599512551295
Qwen3-8B	metamath	43	base_model.model.model.layers.26.mlp.up_proj	0.863510657352978	0.5620233524163006	2.3606232575636343
Qwen3-8B	metamath	43	base_model.model.model.layers.26.self_attn.k_proj	0.7126943889977292	0.43107903430369554	2.73333508948718
Qwen3-8B	metamath	43	base_model.model.model.layers.26.self_attn.o_proj	0.9033228149127076	0.7679963267505788	1.3834633951438804
Qwen3-8B	metamath	43	base_model.model.model.layers.26.self_attn.q_proj	0.6926151642050689	0.3851663537979755	3.233607526217399
Qwen3-8B	metamath	43	base_model.model.model.layers.26.self_attn.v_proj	0.7850331309256342	0.569706691608358	1.8987742364282034
Qwen3-8B	metamath	43	base_model.model.model.layers.27.mlp.down_proj	0.8475098072090571	0.6078957179814196	1.943709227804496
Qwen3-8B	metamath	43	base_model.model.model.layers.27.mlp.gate_proj	0.626088146026565	0.2537717630840288	6.086734640025447
Qwen3-8B	metamath	43	base_model.model.model.layers.27.mlp.up_proj	0.8178053612175498	0.4313379576184318	3.5947157239432017
Qwen3-8B	metamath	43	base_model.model.model.layers.27.self_attn.k_proj	0.7258848306000976	0.616082494547045	1.38821810351157
Qwen3-8B	metamath	43	base_model.model.model.layers.27.self_attn.o_proj	0.8702286817408842	0.7036569769222367	1.529483477379297
Qwen3-8B	metamath	43	base_model.model.model.layers.27.self_attn.q_proj	0.6869325856722585	0.35169200791046307	3.8150763878555902
Qwen3-8B	metamath	43	base_model.model.model.layers.27.self_attn.v_proj	0.6765693463349303	0.41445321807590885	2.664855115175735
Qwen3-8B	metamath	43	base_model.model.model.layers.28.mlp.down_proj	0.8268257656358935	0.6558085511715069	1.589548754196799
Qwen3-8B	metamath	43	base_model.model.model.layers.28.mlp.gate_proj	0.6280120432545949	0.24592315154057323	6.521344046856238
Qwen3-8B	metamath	43	base_model.model.model.layers.28.mlp.up_proj	0.8129388123313556	0.49387840127106886	2.7094157440095077
Qwen3-8B	metamath	43	base_model.model.model.layers.28.self_attn.k_proj	0.772704674953303	0.6582935842436214	1.3778052480659404
Qwen3-8B	metamath	43	base_model.model.model.layers.28.self_attn.o_proj	0.8481671860270394	0.6186978927841162	1.8793413055841537
Qwen3-8B	metamath	43	base_model.model.model.layers.28.self_attn.q_proj	0.755664592571153	0.43156129722581854	3.0660071763513628
Qwen3-8B	metamath	43	base_model.model.model.layers.28.self_attn.v_proj	0.714273417118553	0.49842634950203807	2.0536526411508635
Qwen3-8B	metamath	43	base_model.model.model.layers.29.mlp.down_proj	0.7736103437541468	0.6394005840851562	1.4638564094276356
Qwen3-8B	metamath	43	base_model.model.model.layers.29.mlp.gate_proj	0.6233703509922838	0.25361461505229077	6.041485404458642
Qwen3-8B	metamath	43	base_model.model.model.layers.29.mlp.up_proj	0.9082316203900688	0.6870208346543297	1.747645811450183
Qwen3-8B	metamath	43	base_model.model.model.layers.29.self_attn.k_proj	0.8200273346466019	0.6752248541423597	1.4748906389771173
Qwen3-8B	metamath	43	base_model.model.model.layers.29.self_attn.o_proj	0.9258144981029369	0.7325796018218306	1.5971228061100784
Qwen3-8B	metamath	43	base_model.model.model.layers.29.self_attn.q_proj	0.7758395656484853	0.47303856922742743	2.689990476494847
Qwen3-8B	metamath	43	base_model.model.model.layers.29.self_attn.v_proj	0.7012828926882886	0.4319209473918586	2.636197569596451
Qwen3-8B	metamath	43	base_model.model.model.layers.3.mlp.down_proj	0.7368319692845327	0.4824514692703098	2.332542977167984
Qwen3-8B	metamath	43	base_model.model.model.layers.3.mlp.gate_proj	0.3431327282612666	0.09851203220693104	12.132372340673383
Qwen3-8B	metamath	43	base_model.model.model.layers.3.mlp.up_proj	0.5103505781016568	0.16527919993089613	9.534563562669641
Qwen3-8B	metamath	43	base_model.model.model.layers.3.self_attn.k_proj	0.7988102129137077	0.5505565416556533	2.1051515346643637
Qwen3-8B	metamath	43	base_model.model.model.layers.3.self_attn.o_proj	0.6476384561218909	0.2810101078841996	5.311551225834793
Qwen3-8B	metamath	43	base_model.model.model.layers.3.self_attn.q_proj	0.7117157075769407	0.30254402838647243	5.533958922570453
Qwen3-8B	metamath	43	base_model.model.model.layers.3.self_attn.v_proj	0.4649755700431376	0.23633608197031658	3.870795328078952
Qwen3-8B	metamath	43	base_model.model.model.layers.30.mlp.down_proj	0.8611920242798061	0.660010516261793	1.702543775693445
Qwen3-8B	metamath	43	base_model.model.model.layers.30.mlp.gate_proj	0.6023942244267851	0.2291274816400128	6.9120557944259495
Qwen3-8B	metamath	43	base_model.model.model.layers.30.mlp.up_proj	0.7399214656570904	0.3339837687342645	4.908180563337714
Qwen3-8B	metamath	43	base_model.model.model.layers.30.self_attn.k_proj	0.6364311508745221	0.3399642230740346	3.504583615164783
Qwen3-8B	metamath	43	base_model.model.model.layers.30.self_attn.o_proj	0.7937323141281155	0.5593864232692707	2.0133731840305846
Qwen3-8B	metamath	43	base_model.model.model.layers.30.self_attn.q_proj	0.6125326504184688	0.24491758883368	6.254873575128076
Qwen3-8B	metamath	43	base_model.model.model.layers.30.self_attn.v_proj	0.6243597626789418	0.4556507750387658	1.8776108537506055
Qwen3-8B	metamath	43	base_model.model.model.layers.31.mlp.down_proj	0.704505723407663	0.5222596847739328	1.8196842946650014
Qwen3-8B	metamath	43	base_model.model.model.layers.31.mlp.gate_proj	0.6201356591766778	0.2611187821076152	5.640234841162234
Qwen3-8B	metamath	43	base_model.model.model.layers.31.mlp.up_proj	0.6499800843677004	0.28069706466437533	5.361969725852283
Qwen3-8B	metamath	43	base_model.model.model.layers.31.self_attn.k_proj	0.8353067054425188	0.6867927113739615	1.4792466021799335
Qwen3-8B	metamath	43	base_model.model.model.layers.31.self_attn.o_proj	0.9229959845936979	0.7198527976178117	1.6440394316011255
Qwen3-8B	metamath	43	base_model.model.model.layers.31.self_attn.q_proj	0.8824617677647564	0.6358254636013881	1.9262646935629084
Qwen3-8B	metamath	43	base_model.model.model.layers.31.self_attn.v_proj	0.7575618372871852	0.5444947705496008	1.9357476968376772
Qwen3-8B	metamath	43	base_model.model.model.layers.32.mlp.down_proj	0.7733094056222668	0.613754736854007	1.5875114670243504
Qwen3-8B	metamath	43	base_model.model.model.layers.32.mlp.gate_proj	0.5700334085377975	0.22112575924200248	6.645412514230079
Qwen3-8B	metamath	43	base_model.model.model.layers.32.mlp.up_proj	0.649293373248657	0.2653427732475963	5.987801753545537
Qwen3-8B	metamath	43	base_model.model.model.layers.32.self_attn.k_proj	0.7345948748595351	0.422013769976136	3.0299994124504583
Qwen3-8B	metamath	43	base_model.model.model.layers.32.self_attn.o_proj	0.8988844884203353	0.6800492773341361	1.747137177948082
Qwen3-8B	metamath	43	base_model.model.model.layers.32.self_attn.q_proj	0.6532868120295866	0.25974138395588964	6.325946021725293
Qwen3-8B	metamath	43	base_model.model.model.layers.32.self_attn.v_proj	0.7108290672048186	0.5003242413898281	2.0184930862817456
Qwen3-8B	metamath	43	base_model.model.model.layers.33.mlp.down_proj	0.68996419863327	0.5350790283817543	1.6627128496810606
Qwen3-8B	metamath	43	base_model.model.model.layers.33.mlp.gate_proj	0.5042205360262796	0.1771201884059621	8.104102559902769
Qwen3-8B	metamath	43	base_model.model.model.layers.33.mlp.up_proj	0.6076440703798285	0.23679965247802126	6.584706275468588
Qwen3-8B	metamath	43	base_model.model.model.layers.33.self_attn.k_proj	0.7799001243210524	0.5516795113292027	1.9985005352384306
Qwen3-8B	metamath	43	base_model.model.model.layers.33.self_attn.o_proj	0.9052060151657921	0.7340672142670088	1.520628785114408
Qwen3-8B	metamath	43	base_model.model.model.layers.33.self_attn.q_proj	0.8282389805796753	0.5771009820687968	2.0597177242872657
Qwen3-8B	metamath	43	base_model.model.model.layers.33.self_attn.v_proj	0.5968888452067305	0.37163416240346103	2.579619589875796
Qwen3-8B	metamath	43	base_model.model.model.layers.34.mlp.down_proj	0.43951171969395525	0.2663117435698181	2.723706356238833
Qwen3-8B	metamath	43	base_model.model.model.layers.34.mlp.gate_proj	0.46099517482425084	0.15797429316889042	8.515691459679413
Qwen3-8B	metamath	43	base_model.model.model.layers.34.mlp.up_proj	0.5985035977281102	0.2287810152325325	6.843740994075592
Qwen3-8B	metamath	43	base_model.model.model.layers.34.self_attn.k_proj	0.6900844620926759	0.4512920775844318	2.338239963033245
Qwen3-8B	metamath	43	base_model.model.model.layers.34.self_attn.o_proj	0.8425702005971065	0.5296397019005474	2.530760955744027
Qwen3-8B	metamath	43	base_model.model.model.layers.34.self_attn.q_proj	0.5905103357349495	0.24765734391363797	5.685289513085031
Qwen3-8B	metamath	43	base_model.model.model.layers.34.self_attn.v_proj	0.6416414110700474	0.3478446678962054	3.402624851097335
Qwen3-8B	metamath	43	base_model.model.model.layers.35.mlp.down_proj	0.7194378741310365	0.4137236209935077	3.0238898001744743
Qwen3-8B	metamath	43	base_model.model.model.layers.35.mlp.gate_proj	0.5403299730193697	0.21899216622662798	6.087808173572386
Qwen3-8B	metamath	43	base_model.model.model.layers.35.mlp.up_proj	0.6135964579646878	0.3094511399132446	3.9317103362391994
Qwen3-8B	metamath	43	base_model.model.model.layers.35.self_attn.k_proj	0.6530134607347687	0.35321993595638035	3.4178567166520453
Qwen3-8B	metamath	43	base_model.model.model.layers.35.self_attn.o_proj	0.7754853172369346	0.38561995527299664	4.044158414254501
Qwen3-8B	metamath	43	base_model.model.model.layers.35.self_attn.q_proj	0.5479860176909177	0.22612624036068293	5.872689375867065
Qwen3-8B	metamath	43	base_model.model.model.layers.35.self_attn.v_proj	0.5026041642258064	0.22179759497302381	5.134976965660172
Qwen3-8B	metamath	43	base_model.model.model.layers.4.mlp.down_proj	0.6740756926529562	0.5093949773042794	1.751088179500364
Qwen3-8B	metamath	43	base_model.model.model.layers.4.mlp.gate_proj	0.36992097432550247	0.1043454850682252	12.56812779340852
Qwen3-8B	metamath	43	base_model.model.model.layers.4.mlp.up_proj	0.5716270015095528	0.20527715598657661	7.754329045299561
Qwen3-8B	metamath	43	base_model.model.model.layers.4.self_attn.k_proj	0.826778321714945	0.5550294326814715	2.2189429359838995
Qwen3-8B	metamath	43	base_model.model.model.layers.4.self_attn.o_proj	0.835486846663396	0.5961135601502681	1.9643606776935536
Qwen3-8B	metamath	43	base_model.model.model.layers.4.self_attn.q_proj	0.6756238724567762	0.2598225462729775	6.7617063151123835
Qwen3-8B	metamath	43	base_model.model.model.layers.4.self_attn.v_proj	0.604243768816544	0.35897735015031923	2.833285024624865
Qwen3-8B	metamath	43	base_model.model.model.layers.5.mlp.down_proj	0.770573268190057	0.6340362142544675	1.4770654831512162
Qwen3-8B	metamath	43	base_model.model.model.layers.5.mlp.gate_proj	0.39511280386604747	0.12240061824532739	10.420174313194984
Qwen3-8B	metamath	43	base_model.model.model.layers.5.mlp.up_proj	0.5905888350621142	0.21347830699811227	7.653550727832961
Qwen3-8B	metamath	43	base_model.model.model.layers.5.self_attn.k_proj	0.7946254023839419	0.5544516092760594	2.0539865340924557
Qwen3-8B	metamath	43	base_model.model.model.layers.5.self_attn.o_proj	0.8083931433683934	0.4882610083967678	2.741202726153367
Qwen3-8B	metamath	43	base_model.model.model.layers.5.self_attn.q_proj	0.7225401707367608	0.3065811920568122	5.554346609999025
Qwen3-8B	metamath	43	base_model.model.model.layers.5.self_attn.v_proj	0.5275555651849052	0.27825779530767497	3.5945268990430117
Qwen3-8B	metamath	43	base_model.model.model.layers.6.mlp.down_proj	0.3647760680710073	0.2261191280247531	2.602424095912795
Qwen3-8B	metamath	43	base_model.model.model.layers.6.mlp.gate_proj	0.44703646395850194	0.14858577102200723	9.051727142547692
Qwen3-8B	metamath	43	base_model.model.model.layers.6.mlp.up_proj	0.517681927256395	0.17074192679906447	9.192754268245505
Qwen3-8B	metamath	43	base_model.model.model.layers.6.self_attn.k_proj	0.8134927597076431	0.45975779619555174	3.130755694248479
Qwen3-8B	metamath	43	base_model.model.model.layers.6.self_attn.o_proj	0.8335302491858325	0.543798388435589	2.349453738080235
Qwen3-8B	metamath	43	base_model.model.model.layers.6.self_attn.q_proj	0.6839642060711192	0.2948709381867124	5.380254328547186
Qwen3-8B	metamath	43	base_model.model.model.layers.6.self_attn.v_proj	0.6724757338001129	0.43374385678369054	2.403734857239405
Qwen3-8B	metamath	43	base_model.model.model.layers.7.mlp.down_proj	0.5358804922382349	0.2903370906586344	3.4066761807886503
Qwen3-8B	metamath	43	base_model.model.model.layers.7.mlp.gate_proj	0.5135819937812598	0.16294227114157767	9.934638007427393
Qwen3-8B	metamath	43	base_model.model.model.layers.7.mlp.up_proj	0.6182898632930484	0.21542041289352226	8.237786742881404
Qwen3-8B	metamath	43	base_model.model.model.layers.7.self_attn.k_proj	0.7553750065302184	0.5513477338612933	1.8770421897727725
Qwen3-8B	metamath	43	base_model.model.model.layers.7.self_attn.o_proj	0.7831847533535726	0.5231652169726789	2.2410457611863133
Qwen3-8B	metamath	43	base_model.model.model.layers.7.self_attn.q_proj	0.6851732149518555	0.2862339286633116	5.73005157700781
Qwen3-8B	metamath	43	base_model.model.model.layers.7.self_attn.v_proj	0.648711239914181	0.3654933803432316	3.1502412531829647
Qwen3-8B	metamath	43	base_model.model.model.layers.8.mlp.down_proj	0.6224956615828773	0.412959556077638	2.272257875488383
Qwen3-8B	metamath	43	base_model.model.model.layers.8.mlp.gate_proj	0.5892631154237566	0.21152016783677638	7.760951157320044
Qwen3-8B	metamath	43	base_model.model.model.layers.8.mlp.up_proj	0.8022458533370429	0.41372319273644576	3.7600639119801866
Qwen3-8B	metamath	43	base_model.model.model.layers.8.self_attn.k_proj	0.5328371017533502	0.3559875391366018	2.240367800009697
Qwen3-8B	metamath	43	base_model.model.model.layers.8.self_attn.o_proj	0.6971038992850926	0.5062037624552058	1.8964626171529055
Qwen3-8B	metamath	43	base_model.model.model.layers.8.self_attn.q_proj	0.6405368751203615	0.27333123187848357	5.491737321864143
Qwen3-8B	metamath	43	base_model.model.model.layers.8.self_attn.v_proj	0.6668773708969984	0.40670992032305187	2.6885766975307024
Qwen3-8B	metamath	43	base_model.model.model.layers.9.mlp.down_proj	0.695400494307072	0.4671957467382956	2.2155024229797076
Qwen3-8B	metamath	43	base_model.model.model.layers.9.mlp.gate_proj	0.5938876480278275	0.20132910994799874	8.701526321641783
Qwen3-8B	metamath	43	base_model.model.model.layers.9.mlp.up_proj	0.8224985497155021	0.468618523326684	3.080572110826177
Qwen3-8B	metamath	43	base_model.model.model.layers.9.self_attn.k_proj	0.5148187964383804	0.31268410908434763	2.7107980767823463
Qwen3-8B	metamath	43	base_model.model.model.layers.9.self_attn.o_proj	0.8115594803678265	0.5977683295914116	1.843210377792261
Qwen3-8B	metamath	43	base_model.model.model.layers.9.self_attn.q_proj	0.6347509534067338	0.26473209704171263	5.749016088195885
Qwen3-8B	metamath	43	base_model.model.model.layers.9.self_attn.v_proj	0.6201599923597393	0.39266935041222845	2.494327549187003
Qwen3-8B	tulu	43	base_model.model.model.layers.0.mlp.down_proj	0.8101809543930267	0.6973465465641712	1.3497916905838288
Qwen3-8B	tulu	43	base_model.model.model.layers.0.mlp.gate_proj	0.8326817201173444	0.49526888208496517	2.8266756479480053
Qwen3-8B	tulu	43	base_model.model.model.layers.0.mlp.up_proj	0.8188417452690795	0.5088931933214972	2.5890871334806422
Qwen3-8B	tulu	43	base_model.model.model.layers.0.self_attn.k_proj	0.8848255221936634	0.7262292567894975	1.4844576098718294
Qwen3-8B	tulu	43	base_model.model.model.layers.0.self_attn.o_proj	0.8214804804307365	0.5943233025536911	1.9105085233925863
Qwen3-8B	tulu	43	base_model.model.model.layers.0.self_attn.q_proj	0.9095165994778165	0.7245327300333133	1.5758150405145566
Qwen3-8B	tulu	43	base_model.model.model.layers.0.self_attn.v_proj	0.7113668779622478	0.46099507937140977	2.381193566987037
Qwen3-8B	tulu	43	base_model.model.model.layers.1.mlp.down_proj	0.8104906300883021	0.6860253709465849	1.3957757292681494
Qwen3-8B	tulu	43	base_model.model.model.layers.1.mlp.gate_proj	0.5642174052623657	0.29575340385187543	3.639430710011517
Qwen3-8B	tulu	43	base_model.model.model.layers.1.mlp.up_proj	0.6668351238573493	0.4854292725093148	1.8870569660706262
Qwen3-8B	tulu	43	base_model.model.model.layers.1.self_attn.k_proj	0.7274403140026553	0.43112378867888557	2.847021565229118
Qwen3-8B	tulu	43	base_model.model.model.layers.1.self_attn.o_proj	0.756861435077732	0.590030356458591	1.6454475421965225
Qwen3-8B	tulu	43	base_model.model.model.layers.1.self_attn.q_proj	0.6240117802400715	0.4400815103654371	2.010570620122976
Qwen3-8B	tulu	43	base_model.model.model.layers.1.self_attn.v_proj	0.5735784585321676	0.348651418167187	2.7064673535182404
Qwen3-8B	tulu	43	base_model.model.model.layers.10.mlp.down_proj	0.7822344536538348	0.552555334115105	2.0041135748446623
Qwen3-8B	tulu	43	base_model.model.model.layers.10.mlp.gate_proj	0.7557596292006695	0.3774031669459283	4.010110114408156
Qwen3-8B	tulu	43	base_model.model.model.layers.10.mlp.up_proj	0.8400659692412197	0.5841651744325339	2.068023449063314
Qwen3-8B	tulu	43	base_model.model.model.layers.10.self_attn.k_proj	0.734107822887965	0.4813301057925695	2.3261282270769894
Qwen3-8B	tulu	43	base_model.model.model.layers.10.self_attn.o_proj	0.8358040376147422	0.6490571743568576	1.6582233263462305
Qwen3-8B	tulu	43	base_model.model.model.layers.10.self_attn.q_proj	0.8217983434880013	0.6802546299745522	1.4594442515374153
Qwen3-8B	tulu	43	base_model.model.model.layers.10.self_attn.v_proj	0.6622784527073488	0.4731212550410618	1.9594596848958354
Qwen3-8B	tulu	43	base_model.model.model.layers.11.mlp.down_proj	0.8008687593356879	0.5854362719668091	1.8713863289398762
Qwen3-8B	tulu	43	base_model.model.model.layers.11.mlp.gate_proj	0.8019265870592337	0.3965373779790317	4.089789573903458
Qwen3-8B	tulu	43	base_model.model.model.layers.11.mlp.up_proj	0.8844567215335233	0.6523581257446618	1.8381503061097795
Qwen3-8B	tulu	43	base_model.model.model.layers.11.self_attn.k_proj	0.658201904488986	0.45071640277741265	2.1326104951766887
Qwen3-8B	tulu	43	base_model.model.model.layers.11.self_attn.o_proj	0.8359178834053674	0.6412983547559634	1.6990532157385119
Qwen3-8B	tulu	43	base_model.model.model.layers.11.self_attn.q_proj	0.7498524708498593	0.5002603346888796	2.246774649548095
Qwen3-8B	tulu	43	base_model.model.model.layers.11.self_attn.v_proj	0.6645567783788546	0.4629548351524989	2.0605679267744224
Qwen3-8B	tulu	43	base_model.model.model.layers.12.mlp.down_proj	0.7887001024214275	0.6265657715497404	1.584493499897475
Qwen3-8B	tulu	43	base_model.model.model.layers.12.mlp.gate_proj	0.8612074593289675	0.5132434996941603	2.81558504807657
Qwen3-8B	tulu	43	base_model.model.model.layers.12.mlp.up_proj	0.9095299041048213	0.699712697871708	1.689641060113009
Qwen3-8B	tulu	43	base_model.model.model.layers.12.self_attn.k_proj	0.722432819189603	0.5130684495533202	1.9826420646204872
Qwen3-8B	tulu	43	base_model.model.model.layers.12.self_attn.o_proj	0.8716971802296478	0.671847773129738	1.6834085097401612
Qwen3-8B	tulu	43	base_model.model.model.layers.12.self_attn.q_proj	0.7892392613667709	0.604581578554596	1.7041489154941274
Qwen3-8B	tulu	43	base_model.model.model.layers.12.self_attn.v_proj	0.6445164150127385	0.4840056391170883	1.7732383787378079
Qwen3-8B	tulu	43	base_model.model.model.layers.13.mlp.down_proj	0.7518289757780438	0.5160034454607776	2.1229165175885103
Qwen3-8B	tulu	43	base_model.model.model.layers.13.mlp.gate_proj	0.8606203511248075	0.47786840816259374	3.2434453347083556
Qwen3-8B	tulu	43	base_model.model.model.layers.13.mlp.up_proj	0.9126827376711681	0.7033404264244365	1.683869815813692
Qwen3-8B	tulu	43	base_model.model.model.layers.13.self_attn.k_proj	0.7012687346613252	0.4843531568381689	2.096257764382302
Qwen3-8B	tulu	43	base_model.model.model.layers.13.self_attn.o_proj	0.8539793834942818	0.6771603151690183	1.5904198061158055
Qwen3-8B	tulu	43	base_model.model.model.layers.13.self_attn.q_proj	0.7975850370971077	0.6142868063343612	1.6858216252248084
Qwen3-8B	tulu	43	base_model.model.model.layers.13.self_attn.v_proj	0.6917094344840015	0.48618497875332756	2.024157607557841
Qwen3-8B	tulu	43	base_model.model.model.layers.14.mlp.down_proj	0.716236914427729	0.508485569203496	1.9840660997768829
Qwen3-8B	tulu	43	base_model.model.model.layers.14.mlp.gate_proj	0.8524164035321675	0.5212363827130218	2.6744479654439837
Qwen3-8B	tulu	43	base_model.model.model.layers.14.mlp.up_proj	0.8465902693114709	0.6043511523487126	1.9623109880831364
Qwen3-8B	tulu	43	base_model.model.model.layers.14.self_attn.k_proj	0.7722549500809093	0.547095373675261	1.9924861758251622
Qwen3-8B	tulu	43	base_model.model.model.layers.14.self_attn.o_proj	0.8907483118332383	0.7430151512070889	1.4371916202631942
Qwen3-8B	tulu	43	base_model.model.model.layers.14.self_attn.q_proj	0.7912983942671248	0.562461711912199	1.9792225946793942
Qwen3-8B	tulu	43	base_model.model.model.layers.14.self_attn.v_proj	0.7150992716833265	0.5451082542661577	1.7209456493970527
Qwen3-8B	tulu	43	base_model.model.model.layers.15.mlp.down_proj	0.7668052229140349	0.5126812233733453	2.2370479891562
Qwen3-8B	tulu	43	base_model.model.model.layers.15.mlp.gate_proj	0.8458490005053448	0.5109744723179125	2.7402316189450664
Qwen3-8B	tulu	43	base_model.model.model.layers.15.mlp.up_proj	0.8893641114681681	0.6947713451567169	1.638609257609578
Qwen3-8B	tulu	43	base_model.model.model.layers.15.self_attn.k_proj	0.7808451245184116	0.5636099324731194	1.9194311112863924
Qwen3-8B	tulu	43	base_model.model.model.layers.15.self_attn.o_proj	0.8618322238001437	0.7114815113614172	1.4672976387823742
Qwen3-8B	tulu	43	base_model.model.model.layers.15.self_attn.q_proj	0.8209036335248354	0.6564825433067422	1.5636443921793008
Qwen3-8B	tulu	43	base_model.model.model.layers.15.self_attn.v_proj	0.7341246570595144	0.5106383475523444	2.0668681355630762
Qwen3-8B	tulu	43	base_model.model.model.layers.16.mlp.down_proj	0.772745713567451	0.6403287102131767	1.4563550303914012
Qwen3-8B	tulu	43	base_model.model.model.layers.16.mlp.gate_proj	0.8608393863292239	0.49490426530134773	3.025532795886287
Qwen3-8B	tulu	43	base_model.model.model.layers.16.mlp.up_proj	0.8878187308354828	0.6636123844638592	1.7898623886594014
Qwen3-8B	tulu	43	base_model.model.model.layers.16.self_attn.k_proj	0.7765501431333126	0.6104167100535677	1.6184011578847846
Qwen3-8B	tulu	43	base_model.model.model.layers.16.self_attn.o_proj	0.8933507084156667	0.7110723542759704	1.578397499111451
Qwen3-8B	tulu	43	base_model.model.model.layers.16.self_attn.q_proj	0.8256869199545525	0.6013082266537988	1.885543336384098
Qwen3-8B	tulu	43	base_model.model.model.layers.16.self_attn.v_proj	0.7731808686042648	0.5648150350655106	1.8739141952407583
Qwen3-8B	tulu	43	base_model.model.model.layers.17.mlp.down_proj	0.7801180600057257	0.5971366102243607	1.7067631880795002
Qwen3-8B	tulu	43	base_model.model.model.layers.17.mlp.gate_proj	0.788733761351112	0.4152113995253946	3.608463569286487
Qwen3-8B	tulu	43	base_model.model.model.layers.17.mlp.up_proj	0.8962026913568548	0.6582518235262842	1.853652604873048
Qwen3-8B	tulu	43	base_model.model.model.layers.17.self_attn.k_proj	0.804760116914732	0.6208920545474164	1.6799667473289541
Qwen3-8B	tulu	43	base_model.model.model.layers.17.self_attn.o_proj	0.885526312101783	0.6964192464163921	1.6168190237122686
Qwen3-8B	tulu	43	base_model.model.model.layers.17.self_attn.q_proj	0.7534509129850029	0.4734788275775208	2.5322629444361695
Qwen3-8B	tulu	43	base_model.model.model.layers.17.self_attn.v_proj	0.7535407652163294	0.5552037109105011	1.8420812551731138
Qwen3-8B	tulu	43	base_model.model.model.layers.18.mlp.down_proj	0.7742357217939518	0.5745537715694715	1.81587123994047
Qwen3-8B	tulu	43	base_model.model.model.layers.18.mlp.gate_proj	0.8464495020986536	0.505122251117909	2.8080776163174113
Qwen3-8B	tulu	43	base_model.model.model.layers.18.mlp.up_proj	0.912483334130521	0.7068128226929162	1.6666370911363046
Qwen3-8B	tulu	43	base_model.model.model.layers.18.self_attn.k_proj	0.8334200835818413	0.6883355594372573	1.465978199466747
Qwen3-8B	tulu	43	base_model.model.model.layers.18.self_attn.o_proj	0.8636248524811279	0.6629740236544144	1.6969038624446275
Qwen3-8B	tulu	43	base_model.model.model.layers.18.self_attn.q_proj	0.8429958377912031	0.66933008743594	1.5862446318408638
Qwen3-8B	tulu	43	base_model.model.model.layers.18.self_attn.v_proj	0.7241803325372659	0.5680682193664458	1.6251463070995846
Qwen3-8B	tulu	43	base_model.model.model.layers.19.mlp.down_proj	0.8629245651879626	0.7428341722145135	1.3494659053904468
Qwen3-8B	tulu	43	base_model.model.model.layers.19.mlp.gate_proj	0.8538164587412885	0.5166901545939004	2.7306665610043166
Qwen3-8B	tulu	43	base_model.model.model.layers.19.mlp.up_proj	0.927678239966822	0.7486584142805738	1.5354204454977791
Qwen3-8B	tulu	43	base_model.model.model.layers.19.self_attn.k_proj	0.7699779971702487	0.5750216937485552	1.7930325385130435
Qwen3-8B	tulu	43	base_model.model.model.layers.19.self_attn.o_proj	0.8717733873834149	0.6261746360620991	1.9382789099228062
Qwen3-8B	tulu	43	base_model.model.model.layers.19.self_attn.q_proj	0.8363117540338146	0.6098363040886822	1.880658113178369
Qwen3-8B	tulu	43	base_model.model.model.layers.19.self_attn.v_proj	0.7359267841733109	0.5591408553051435	1.7323146012704724
Qwen3-8B	tulu	43	base_model.model.model.layers.2.mlp.down_proj	0.8135088610410032	0.6370579520069397	1.63067229774269
Qwen3-8B	tulu	43	base_model.model.model.layers.2.mlp.gate_proj	0.43750853482889074	0.1863334881207247	5.513041113854995
Qwen3-8B	tulu	43	base_model.model.model.layers.2.mlp.up_proj	0.6668878277358306	0.5004219992084801	1.7759584218612112
Qwen3-8B	tulu	43	base_model.model.model.layers.2.self_attn.k_proj	0.7506971073442421	0.480932813780222	2.4364677389259644
Qwen3-8B	tulu	43	base_model.model.model.layers.2.self_attn.o_proj	0.7766747226734383	0.5205357520763016	2.226266825727069
Qwen3-8B	tulu	43	base_model.model.model.layers.2.self_attn.q_proj	0.7674064125170952	0.4639873353750983	2.735511813410368
Qwen3-8B	tulu	43	base_model.model.model.layers.2.self_attn.v_proj	0.6568948387300364	0.5181330795746055	1.6073448343994343
Qwen3-8B	tulu	43	base_model.model.model.layers.20.mlp.down_proj	0.8423795352153519	0.6991820144190396	1.4515604240928113
Qwen3-8B	tulu	43	base_model.model.model.layers.20.mlp.gate_proj	0.8283705219708568	0.4848225297629285	2.9193333262112247
Qwen3-8B	tulu	43	base_model.model.model.layers.20.mlp.up_proj	0.914970522094913	0.6961717682567966	1.7273541594768238
Qwen3-8B	tulu	43	base_model.model.model.layers.20.self_attn.k_proj	0.8335752114029417	0.6342024926579753	1.7275622012518699
Qwen3-8B	tulu	43	base_model.model.model.layers.20.self_attn.o_proj	0.9256502422863895	0.8083211640213096	1.3113720962951754
Qwen3-8B	tulu	43	base_model.model.model.layers.20.self_attn.q_proj	0.8265666352352496	0.6970695929329436	1.4060587398187534
Qwen3-8B	tulu	43	base_model.model.model.layers.20.self_attn.v_proj	0.8004438042994386	0.6536994210804229	1.4993585276644057
Qwen3-8B	tulu	43	base_model.model.model.layers.21.mlp.down_proj	0.863149914584751	0.7405646695553015	1.3584588440116028
Qwen3-8B	tulu	43	base_model.model.model.layers.21.mlp.gate_proj	0.8380413667590563	0.5097424900848182	2.7028954093875255
Qwen3-8B	tulu	43	base_model.model.model.layers.21.mlp.up_proj	0.8965599691529961	0.6943083620940248	1.667454132130611
Qwen3-8B	tulu	43	base_model.model.model.layers.21.self_attn.k_proj	0.7649245224177892	0.6260331827627216	1.4929403673993293
Qwen3-8B	tulu	43	base_model.model.model.layers.21.self_attn.o_proj	0.9071040603092684	0.7459673669906703	1.4786812407054402
Qwen3-8B	tulu	43	base_model.model.model.layers.21.self_attn.q_proj	0.8868083434600087	0.7390371560327389	1.4398823018679188
Qwen3-8B	tulu	43	base_model.model.model.layers.21.self_attn.v_proj	0.7828181517506756	0.6199325794559765	1.5945305842103927
Qwen3-8B	tulu	43	base_model.model.model.layers.22.mlp.down_proj	0.8333287831799703	0.7239564505361897	1.324975601374382
Qwen3-8B	tulu	43	base_model.model.model.layers.22.mlp.gate_proj	0.8147350654504611	0.4657600363440124	3.0599080258310103
Qwen3-8B	tulu	43	base_model.model.model.layers.22.mlp.up_proj	0.9168317691467122	0.7094591746199003	1.6700308300513098
Qwen3-8B	tulu	43	base_model.model.model.layers.22.self_attn.k_proj	0.7310832051247526	0.5424565518421228	1.8163673901530588
Qwen3-8B	tulu	43	base_model.model.model.layers.22.self_attn.o_proj	0.9094484377741395	0.7146919715483452	1.6192665910116786
Qwen3-8B	tulu	43	base_model.model.model.layers.22.self_attn.q_proj	0.8569539660680373	0.6730313977802538	1.6212288966676682
Qwen3-8B	tulu	43	base_model.model.model.layers.22.self_attn.v_proj	0.777618071228621	0.6194081759628454	1.5760820475743087
Qwen3-8B	tulu	43	base_model.model.model.layers.23.mlp.down_proj	0.8140131196309569	0.6648310814273485	1.499133052039729
Qwen3-8B	tulu	43	base_model.model.model.layers.23.mlp.gate_proj	0.8455885374716349	0.5137555970750936	2.708975278398578
Qwen3-8B	tulu	43	base_model.model.model.layers.23.mlp.up_proj	0.9017774314734669	0.725991670146714	1.5428917215000904
Qwen3-8B	tulu	43	base_model.model.model.layers.23.self_attn.k_proj	0.8342508474317276	0.6124945240266514	1.855192126317127
Qwen3-8B	tulu	43	base_model.model.model.layers.23.self_attn.o_proj	0.9246231501330052	0.788177012916596	1.376201403817184
Qwen3-8B	tulu	43	base_model.model.model.layers.23.self_attn.q_proj	0.8796760717159156	0.6281436786353893	1.96122567639513
Qwen3-8B	tulu	43	base_model.model.model.layers.23.self_attn.v_proj	0.7628069291272209	0.616053694291832	1.5331764025039378
Qwen3-8B	tulu	43	base_model.model.model.layers.24.mlp.down_proj	0.8464908601515432	0.7350347217903203	1.3262605044502054
Qwen3-8B	tulu	43	base_model.model.model.layers.24.mlp.gate_proj	0.8424214106460237	0.5174743732102935	2.6502149406626976
Qwen3-8B	tulu	43	base_model.model.model.layers.24.mlp.up_proj	0.8997312192777567	0.6601705631470228	1.8574334804940738
Qwen3-8B	tulu	43	base_model.model.model.layers.24.self_attn.k_proj	0.8579849469103398	0.6555269771886938	1.7130821841095305
Qwen3-8B	tulu	43	base_model.model.model.layers.24.self_attn.o_proj	0.9144031158534652	0.750179332873004	1.485748169366738
Qwen3-8B	tulu	43	base_model.model.model.layers.24.self_attn.q_proj	0.82219079905413	0.6205520213671033	1.7554515014567995
Qwen3-8B	tulu	43	base_model.model.model.layers.24.self_attn.v_proj	0.8164132271377033	0.6908515678890879	1.3965309646055886
Qwen3-8B	tulu	43	base_model.model.model.layers.25.mlp.down_proj	0.8620047059668172	0.7805175360973127	1.2197025835634863
Qwen3-8B	tulu	43	base_model.model.model.layers.25.mlp.gate_proj	0.8557735952542268	0.5066037223086808	2.853520596441562
Qwen3-8B	tulu	43	base_model.model.model.layers.25.mlp.up_proj	0.8892041517980164	0.6379448500950383	1.942838458968536
Qwen3-8B	tulu	43	base_model.model.model.layers.25.self_attn.k_proj	0.816185887820571	0.7441619808753542	1.2029378951871517
Qwen3-8B	tulu	43	base_model.model.model.layers.25.self_attn.o_proj	0.9183904311861117	0.7869004597147592	1.3621191608502845
Qwen3-8B	tulu	43	base_model.model.model.layers.25.self_attn.q_proj	0.8706179481688111	0.6680164205744544	1.6985602486466016
Qwen3-8B	tulu	43	base_model.model.model.layers.25.self_attn.v_proj	0.7125329383985222	0.6264838588961447	1.2935705468579033
Qwen3-8B	tulu	43	base_model.model.model.layers.26.mlp.down_proj	0.8202887634092442	0.692962718019047	1.4012440622840816
Qwen3-8B	tulu	43	base_model.model.model.layers.26.mlp.gate_proj	0.8213400485561225	0.4676206368108013	3.085024810782982
Qwen3-8B	tulu	43	base_model.model.model.layers.26.mlp.up_proj	0.9237386698756496	0.6990230877607608	1.7462853432205592
Qwen3-8B	tulu	43	base_model.model.model.layers.26.self_attn.k_proj	0.8237018148068973	0.6663101223587232	1.5282247317334163
Qwen3-8B	tulu	43	base_model.model.model.layers.26.self_attn.o_proj	0.9177561473865782	0.7739590771414402	1.4061077703809797
Qwen3-8B	tulu	43	base_model.model.model.layers.26.self_attn.q_proj	0.8835828655557668	0.6588916496891744	1.7983182992412603
Qwen3-8B	tulu	43	base_model.model.model.layers.26.self_attn.v_proj	0.794575376960228	0.6374138045696395	1.5539150593955742
Qwen3-8B	tulu	43	base_model.model.model.layers.27.mlp.down_proj	0.8550297503790225	0.7483005534621501	1.305600534696654
Qwen3-8B	tulu	43	base_model.model.model.layers.27.mlp.gate_proj	0.8672111141846983	0.5095640704238309	2.896356885580985
Qwen3-8B	tulu	43	base_model.model.model.layers.27.mlp.up_proj	0.9218530353358625	0.7220289200049377	1.6300997990210788
Qwen3-8B	tulu	43	base_model.model.model.layers.27.self_attn.k_proj	0.8065096403531822	0.57403147752931	1.9740025527457576
Qwen3-8B	tulu	43	base_model.model.model.layers.27.self_attn.o_proj	0.9033133777189187	0.762089948470446	1.40496147866072
Qwen3-8B	tulu	43	base_model.model.model.layers.27.self_attn.q_proj	0.8375679297922898	0.5883878715867928	2.026341578810798
Qwen3-8B	tulu	43	base_model.model.model.layers.27.self_attn.v_proj	0.6966956086757554	0.6277187890372926	1.2318445028362222
Qwen3-8B	tulu	43	base_model.model.model.layers.28.mlp.down_proj	0.8461262434013505	0.8209421228925491	1.062295276707081
Qwen3-8B	tulu	43	base_model.model.model.layers.28.mlp.gate_proj	0.8354893043689299	0.48019522075513354	3.0272349063475987
Qwen3-8B	tulu	43	base_model.model.model.layers.28.mlp.up_proj	0.9019419409450696	0.6869445674240025	1.7239067815774116
Qwen3-8B	tulu	43	base_model.model.model.layers.28.self_attn.k_proj	0.8101479064000499	0.5436366907763538	2.2208084831040313
Qwen3-8B	tulu	43	base_model.model.model.layers.28.self_attn.o_proj	0.877768178745537	0.7255207848732762	1.4637265407873967
Qwen3-8B	tulu	43	base_model.model.model.layers.28.self_attn.q_proj	0.7947011267604347	0.6036377013733547	1.7332249982863368
Qwen3-8B	tulu	43	base_model.model.model.layers.28.self_attn.v_proj	0.6810929967201286	0.5291107527817784	1.656989110837874
Qwen3-8B	tulu	43	base_model.model.model.layers.29.mlp.down_proj	0.8227340028402675	0.7616877929817666	1.1667153245983775
Qwen3-8B	tulu	43	base_model.model.model.layers.29.mlp.gate_proj	0.8522478564951061	0.48828290636553595	3.046413093813861
Qwen3-8B	tulu	43	base_model.model.model.layers.29.mlp.up_proj	0.9104185701211881	0.6923118411147944	1.7293332657900358
Qwen3-8B	tulu	43	base_model.model.model.layers.29.self_attn.k_proj	0.8399437404486897	0.5800225927901457	2.0970586417888746
Qwen3-8B	tulu	43	base_model.model.model.layers.29.self_attn.o_proj	0.8710768958981885	0.5571425090941049	2.4444457214155233
Qwen3-8B	tulu	43	base_model.model.model.layers.29.self_attn.q_proj	0.8479428869281549	0.6395136599430232	1.7580594299560819
Qwen3-8B	tulu	43	base_model.model.model.layers.29.self_attn.v_proj	0.7677516634539187	0.5961821027365736	1.6583785172534595
Qwen3-8B	tulu	43	base_model.model.model.layers.3.mlp.down_proj	0.850178369877256	0.7292328495825668	1.359213423823547
Qwen3-8B	tulu	43	base_model.model.model.layers.3.mlp.gate_proj	0.5739389073631262	0.23376191951737554	6.028146574426355
Qwen3-8B	tulu	43	base_model.model.model.layers.3.mlp.up_proj	0.7270926504324271	0.49394531780478607	2.166814651040531
Qwen3-8B	tulu	43	base_model.model.model.layers.3.self_attn.k_proj	0.8471285029464511	0.6260883118485961	1.8307430602889843
Qwen3-8B	tulu	43	base_model.model.model.layers.3.self_attn.o_proj	0.7932890157240603	0.5415379272446781	2.1458784828946214
Qwen3-8B	tulu	43	base_model.model.model.layers.3.self_attn.q_proj	0.7260945888833488	0.5814023857463713	1.5596702254586334
Qwen3-8B	tulu	43	base_model.model.model.layers.3.self_attn.v_proj	0.654654613617343	0.4413913612122094	2.1997676334366973
Qwen3-8B	tulu	43	base_model.model.model.layers.30.mlp.down_proj	0.7749221541659398	0.7608714324601967	1.0372742509507102
Qwen3-8B	tulu	43	base_model.model.model.layers.30.mlp.gate_proj	0.8369304046206106	0.4786357396959712	3.0575139174765313
Qwen3-8B	tulu	43	base_model.model.model.layers.30.mlp.up_proj	0.8850843073281597	0.6289461365142678	1.9803519213228804
Qwen3-8B	tulu	43	base_model.model.model.layers.30.self_attn.k_proj	0.7478084574197575	0.6069377701610276	1.518072159089364
Qwen3-8B	tulu	43	base_model.model.model.layers.30.self_attn.o_proj	0.8746456700750728	0.7078875379730605	1.5266369419116816
Qwen3-8B	tulu	43	base_model.model.model.layers.30.self_attn.q_proj	0.795147253873898	0.5760780426012674	1.9051645079161281
Qwen3-8B	tulu	43	base_model.model.model.layers.30.self_attn.v_proj	0.6284541228386495	0.5320837101124044	1.395041840144528
Qwen3-8B	tulu	43	base_model.model.model.layers.31.mlp.down_proj	0.6759394977083023	0.6100394268223758	1.2277214414521571
Qwen3-8B	tulu	43	base_model.model.model.layers.31.mlp.gate_proj	0.8760520121812069	0.5533428937924548	2.5065196233538716
Qwen3-8B	tulu	43	base_model.model.model.layers.31.mlp.up_proj	0.8593619318336755	0.531414804027723	2.6150796745655276
Qwen3-8B	tulu	43	base_model.model.model.layers.31.self_attn.k_proj	0.7967081888709229	0.5663681751201435	1.9787953372735476
Qwen3-8B	tulu	43	base_model.model.model.layers.31.self_attn.o_proj	0.8546036578241832	0.59449655542135	2.066478111078502
Qwen3-8B	tulu	43	base_model.model.model.layers.31.self_attn.q_proj	0.8531705106743468	0.6402088129970177	1.775940352492668
Qwen3-8B	tulu	43	base_model.model.model.layers.31.self_attn.v_proj	0.6781188593334231	0.4967889568562817	1.863235623647334
Qwen3-8B	tulu	43	base_model.model.model.layers.32.mlp.down_proj	0.8211300923207634	0.6998770930802097	1.3765131916652205
Qwen3-8B	tulu	43	base_model.model.model.layers.32.mlp.gate_proj	0.8389647177443358	0.48515133940838046	2.990425069793778
Qwen3-8B	tulu	43	base_model.model.model.layers.32.mlp.up_proj	0.8583049834202685	0.5487017063394686	2.4468685936732597
Qwen3-8B	tulu	43	base_model.model.model.layers.32.self_attn.k_proj	0.8058597397653783	0.5075109238313551	2.521320931842782
Qwen3-8B	tulu	43	base_model.model.model.layers.32.self_attn.o_proj	0.8871213442736944	0.6040671497717545	2.156729207329926
Qwen3-8B	tulu	43	base_model.model.model.layers.32.self_attn.q_proj	0.7426069037045474	0.4634456844470398	2.567558100491014
Qwen3-8B	tulu	43	base_model.model.model.layers.32.self_attn.v_proj	0.5848363161693529	0.5134770626282039	1.2972586328264233
Qwen3-8B	tulu	43	base_model.model.model.layers.33.mlp.down_proj	0.7390978969353048	0.5918998096785014	1.5592204867375048
Qwen3-8B	tulu	43	base_model.model.model.layers.33.mlp.gate_proj	0.8256838872633562	0.4718408812240541	3.062220691708133
Qwen3-8B	tulu	43	base_model.model.model.layers.33.mlp.up_proj	0.8395397676466028	0.5269376663067585	2.538423374164847
Qwen3-8B	tulu	43	base_model.model.model.layers.33.self_attn.k_proj	0.8464289808290596	0.6311386524092437	1.7985871780817497
Qwen3-8B	tulu	43	base_model.model.model.layers.33.self_attn.o_proj	0.8650333639067179	0.5949822557311224	2.113769800700127
Qwen3-8B	tulu	43	base_model.model.model.layers.33.self_attn.q_proj	0.8352534256868612	0.6437313846890617	1.6835544393375865
Qwen3-8B	tulu	43	base_model.model.model.layers.33.self_attn.v_proj	0.6965082046112867	0.5531955090009183	1.5852405823289695
Qwen3-8B	tulu	43	base_model.model.model.layers.34.mlp.down_proj	0.5475349010687405	0.37149579398826527	2.172280043039609
Qwen3-8B	tulu	43	base_model.model.model.layers.34.mlp.gate_proj	0.7276724144132628	0.36379597985081324	4.000884662440494
Qwen3-8B	tulu	43	base_model.model.model.layers.34.mlp.up_proj	0.7574566608149463	0.4124885509013356	3.372032723614806
Qwen3-8B	tulu	43	base_model.model.model.layers.34.self_attn.k_proj	0.7269438156390964	0.46031887452832165	2.4939292393276364
Qwen3-8B	tulu	43	base_model.model.model.layers.34.self_attn.o_proj	0.8107587611110183	0.4157939917952361	3.8021292983640196
Qwen3-8B	tulu	43	base_model.model.model.layers.34.self_attn.q_proj	0.6031202089382235	0.31179099521185094	3.7418004685063475
Qwen3-8B	tulu	43	base_model.model.model.layers.34.self_attn.v_proj	0.6698402696790976	0.4042175663763541	2.746073391594727
Qwen3-8B	tulu	43	base_model.model.model.layers.35.mlp.down_proj	0.7047316933464475	0.5975654308211659	1.39083840754066
Qwen3-8B	tulu	43	base_model.model.model.layers.35.mlp.gate_proj	0.7189430388683319	0.4099497060863383	3.075585518193134
Qwen3-8B	tulu	43	base_model.model.model.layers.35.mlp.up_proj	0.6815760045378608	0.33596232786448604	4.115735160986887
Qwen3-8B	tulu	43	base_model.model.model.layers.35.self_attn.k_proj	0.7229936825637456	0.3734226993094141	3.7485868477876014
Qwen3-8B	tulu	43	base_model.model.model.layers.35.self_attn.o_proj	0.7647584880587123	0.3383382104471675	5.109124856342319
Qwen3-8B	tulu	43	base_model.model.model.layers.35.self_attn.q_proj	0.668123867803301	0.34629771492488004	3.7223287060845225
Qwen3-8B	tulu	43	base_model.model.model.layers.35.self_attn.v_proj	0.5972564936992019	0.3337441729602348	3.2025386297527003
Qwen3-8B	tulu	43	base_model.model.model.layers.4.mlp.down_proj	0.7800152173920628	0.6747261478803162	1.3364449345669207
Qwen3-8B	tulu	43	base_model.model.model.layers.4.mlp.gate_proj	0.5876040298537749	0.210062997756058	7.824748965148314
Qwen3-8B	tulu	43	base_model.model.model.layers.4.mlp.up_proj	0.774133180610032	0.6275907613123801	1.5215221577464095
Qwen3-8B	tulu	43	base_model.model.model.layers.4.self_attn.k_proj	0.8621361207470505	0.6403687888296089	1.8125557319014802
Qwen3-8B	tulu	43	base_model.model.model.layers.4.self_attn.o_proj	0.8666473381470514	0.7240884450123666	1.4325229247888844
Qwen3-8B	tulu	43	base_model.model.model.layers.4.self_attn.q_proj	0.7638620091218239	0.4291059970085019	3.1688424950026044
Qwen3-8B	tulu	43	base_model.model.model.layers.4.self_attn.v_proj	0.6948304013763692	0.45454606747240645	2.3366938457320874
Qwen3-8B	tulu	43	base_model.model.model.layers.5.mlp.down_proj	0.7347038172465389	0.6108973301873094	1.4463990846784407
Qwen3-8B	tulu	43	base_model.model.model.layers.5.mlp.gate_proj	0.6960060639573514	0.33518894289560425	4.311681567108401
Qwen3-8B	tulu	43	base_model.model.model.layers.5.mlp.up_proj	0.7462568972002277	0.5147737043568239	2.1015707138592945
Qwen3-8B	tulu	43	base_model.model.model.layers.5.self_attn.k_proj	0.7998506275371802	0.5660820042830307	1.9964529601971164
Qwen3-8B	tulu	43	base_model.model.model.layers.5.self_attn.o_proj	0.7766872494137295	0.5754688755639139	1.8215817723392853
Qwen3-8B	tulu	43	base_model.model.model.layers.5.self_attn.q_proj	0.8610391412409458	0.696987965018533	1.5261430032567231
Qwen3-8B	tulu	43	base_model.model.model.layers.5.self_attn.v_proj	0.720290941436	0.5823394233128704	1.5299016814154622
Qwen3-8B	tulu	43	base_model.model.model.layers.6.mlp.down_proj	0.3799868083174706	0.42316042891839506	0.8063562237808477
Qwen3-8B	tulu	43	base_model.model.model.layers.6.mlp.gate_proj	0.7105411306964373	0.386845488279668	3.3736760128714027
Qwen3-8B	tulu	43	base_model.model.model.layers.6.mlp.up_proj	0.6239936813711906	0.455449196095764	1.8770701537948966
Qwen3-8B	tulu	43	base_model.model.model.layers.6.self_attn.k_proj	0.8496663085771563	0.6168617755856766	1.89723477427197
Qwen3-8B	tulu	43	base_model.model.model.layers.6.self_attn.o_proj	0.8538577393589418	0.6437357852994625	1.7593641325378664
Qwen3-8B	tulu	43	base_model.model.model.layers.6.self_attn.q_proj	0.6972723012276598	0.44837682175583005	2.418346454519311
Qwen3-8B	tulu	43	base_model.model.model.layers.6.self_attn.v_proj	0.7522632992235071	0.5520532930568891	1.8568539208261285
Qwen3-8B	tulu	43	base_model.model.model.layers.7.mlp.down_proj	0.6499742169696389	0.3948924242213877	2.7091599998111775
Qwen3-8B	tulu	43	base_model.model.model.layers.7.mlp.gate_proj	0.8013489778574429	0.4110118953218405	3.8013214143135334
Qwen3-8B	tulu	43	base_model.model.model.layers.7.mlp.up_proj	0.764701111394892	0.5015514825321904	2.324622332924925
Qwen3-8B	tulu	43	base_model.model.model.layers.7.self_attn.k_proj	0.8474137938742554	0.7605586369248536	1.2414397666265187
Qwen3-8B	tulu	43	base_model.model.model.layers.7.self_attn.o_proj	0.7833448880509414	0.5813826836836528	1.8154397600701468
Qwen3-8B	tulu	43	base_model.model.model.layers.7.self_attn.q_proj	0.7622621200961655	0.6020773799420907	1.6028912375471827
Qwen3-8B	tulu	43	base_model.model.model.layers.7.self_attn.v_proj	0.6325439563148003	0.4189440864571785	2.2796558693016116
Qwen3-8B	tulu	43	base_model.model.model.layers.8.mlp.down_proj	0.7222144502668016	0.5476463318212215	1.739129737445996
Qwen3-8B	tulu	43	base_model.model.model.layers.8.mlp.gate_proj	0.7603511688746717	0.40026396375638584	3.6085726416456745
Qwen3-8B	tulu	43	base_model.model.model.layers.8.mlp.up_proj	0.8724237934299091	0.6118097500564885	2.0333971727465245
Qwen3-8B	tulu	43	base_model.model.model.layers.8.self_attn.k_proj	0.6985827946360063	0.5689519585026716	1.5075946130777893
Qwen3-8B	tulu	43	base_model.model.model.layers.8.self_attn.o_proj	0.8166411956704561	0.6279745014662156	1.6911360551081445
Qwen3-8B	tulu	43	base_model.model.model.layers.8.self_attn.q_proj	0.6625766543541439	0.4454044419834669	2.2129070449926713
Qwen3-8B	tulu	43	base_model.model.model.layers.8.self_attn.v_proj	0.7183834631683977	0.5920838185427132	1.4721303583102925
Qwen3-8B	tulu	43	base_model.model.model.layers.9.mlp.down_proj	0.7648332224511808	0.5589460529446251	1.8723787402600374
Qwen3-8B	tulu	43	base_model.model.model.layers.9.mlp.gate_proj	0.7695233761455272	0.4470924722411933	2.962435606037507
Qwen3-8B	tulu	43	base_model.model.model.layers.9.mlp.up_proj	0.8293868788296521	0.5962207897018917	1.9350851936807099
Qwen3-8B	tulu	43	base_model.model.model.layers.9.self_attn.k_proj	0.6680133748559582	0.4256112445153229	2.4634521396487576
Qwen3-8B	tulu	43	base_model.model.model.layers.9.self_attn.o_proj	0.8199912368242059	0.6390573232480825	1.6464130140370536
Qwen3-8B	tulu	43	base_model.model.model.layers.9.self_attn.q_proj	0.7829978241669747	0.6299295162561829	1.54503098621952
Qwen3-8B	tulu	43	base_model.model.model.layers.9.self_attn.v_proj	0.641979283434681	0.4357250556419158	2.1707857364367276
Qwen3-8B	magicoder	44	base_model.model.model.layers.0.mlp.down_proj	0.6131442698239027	0.2099602066745934	8.528081941594305
Qwen3-8B	magicoder	44	base_model.model.model.layers.0.mlp.gate_proj	0.8684253731465309	0.7371927968705203	1.3877231770948484
Qwen3-8B	magicoder	44	base_model.model.model.layers.0.mlp.up_proj	0.8270008376365396	0.629797231324095	1.7242903778631056
Qwen3-8B	magicoder	44	base_model.model.model.layers.0.self_attn.k_proj	0.9018723412542493	0.6380224264983498	1.998104727563132
Qwen3-8B	magicoder	44	base_model.model.model.layers.0.self_attn.o_proj	0.7242163524888265	0.3091283659282067	5.488566583898594
Qwen3-8B	magicoder	44	base_model.model.model.layers.0.self_attn.q_proj	0.8142413390753613	0.5909304486107888	1.8986003605144444
Qwen3-8B	magicoder	44	base_model.model.model.layers.0.self_attn.v_proj	0.7239379936208968	0.38751594763103325	3.489985155787261
Qwen3-8B	magicoder	44	base_model.model.model.layers.1.mlp.down_proj	0.5152673061927964	0.16861142731672196	9.338801943306501
Qwen3-8B	magicoder	44	base_model.model.model.layers.1.mlp.gate_proj	0.5739313334641464	0.17534950906165164	10.712991549423897
Qwen3-8B	magicoder	44	base_model.model.model.layers.1.mlp.up_proj	0.5195736427318545	0.15348897396251168	11.458818952193997
Qwen3-8B	magicoder	44	base_model.model.model.layers.1.self_attn.k_proj	0.6136746312010343	0.35494854463554887	2.989135076851556
Qwen3-8B	magicoder	44	base_model.model.model.layers.1.self_attn.o_proj	0.5935932353730586	0.25262432437199245	5.521124697750335
Qwen3-8B	magicoder	44	base_model.model.model.layers.1.self_attn.q_proj	0.5521324540298455	0.2143569981268936	6.634546127268911
Qwen3-8B	magicoder	44	base_model.model.model.layers.1.self_attn.v_proj	0.4768404525980464	0.14421138031170302	10.933195543194303
Qwen3-8B	magicoder	44	base_model.model.model.layers.10.mlp.down_proj	0.45081899342716936	0.149571520371772	9.084616393908778
Qwen3-8B	magicoder	44	base_model.model.model.layers.10.mlp.gate_proj	0.6494866521619655	0.24233702422921477	7.182918171771192
Qwen3-8B	magicoder	44	base_model.model.model.layers.10.mlp.up_proj	0.5930915120177996	0.21238453726095508	7.7982585176237675
Qwen3-8B	magicoder	44	base_model.model.model.layers.10.self_attn.k_proj	0.692960299425817	0.3052889373297403	5.152222071301347
Qwen3-8B	magicoder	44	base_model.model.model.layers.10.self_attn.o_proj	0.5774824067733823	0.2108912833048517	7.498255875450135
Qwen3-8B	magicoder	44	base_model.model.model.layers.10.self_attn.q_proj	0.6232716599656213	0.2120190056740617	8.64181914625292
Qwen3-8B	magicoder	44	base_model.model.model.layers.10.self_attn.v_proj	0.5231249792749386	0.16792277362113425	9.704914604613226
Qwen3-8B	magicoder	44	base_model.model.model.layers.11.mlp.down_proj	0.5122303094786637	0.17977998090146788	8.117978292157556
Qwen3-8B	magicoder	44	base_model.model.model.layers.11.mlp.gate_proj	0.6683049803731164	0.2606391866508153	6.574609634043597
Qwen3-8B	magicoder	44	base_model.model.model.layers.11.mlp.up_proj	0.6513239516743262	0.25570519276499226	6.488062175078513
Qwen3-8B	magicoder	44	base_model.model.model.layers.11.self_attn.k_proj	0.6458293303854531	0.27767734398863136	5.409468996671431
Qwen3-8B	magicoder	44	base_model.model.model.layers.11.self_attn.o_proj	0.5961983932990146	0.21428683684175168	7.740884979042441
Qwen3-8B	magicoder	44	base_model.model.model.layers.11.self_attn.q_proj	0.6295457083408426	0.2126484868595276	8.764556435173377
Qwen3-8B	magicoder	44	base_model.model.model.layers.11.self_attn.v_proj	0.5026963831950629	0.1604711394373799	9.813358131787307
Qwen3-8B	magicoder	44	base_model.model.model.layers.12.mlp.down_proj	0.586447571415446	0.25654355821426594	5.225599917507015
Qwen3-8B	magicoder	44	base_model.model.model.layers.12.mlp.gate_proj	0.7283861631332845	0.3225760123353258	5.098697380898639
Qwen3-8B	magicoder	44	base_model.model.model.layers.12.mlp.up_proj	0.7169707307151251	0.29844228519560334	5.7714128180473345
Qwen3-8B	magicoder	44	base_model.model.model.layers.12.self_attn.k_proj	0.7016760547809515	0.3512726749672385	3.990107316579451
Qwen3-8B	magicoder	44	base_model.model.model.layers.12.self_attn.o_proj	0.6757524042145803	0.27094156212362913	6.220480574701764
Qwen3-8B	magicoder	44	base_model.model.model.layers.12.self_attn.q_proj	0.7341003295366579	0.2928420738973312	6.284111618030817
Qwen3-8B	magicoder	44	base_model.model.model.layers.12.self_attn.v_proj	0.4898430633667152	0.1502080260838917	10.634758859523233
Qwen3-8B	magicoder	44	base_model.model.model.layers.13.mlp.down_proj	0.5979140508773849	0.24581098744734112	5.916637148127296
Qwen3-8B	magicoder	44	base_model.model.model.layers.13.mlp.gate_proj	0.7697653863607722	0.4190927602376929	3.37362215396874
Qwen3-8B	magicoder	44	base_model.model.model.layers.13.mlp.up_proj	0.669003308285775	0.26503862043316934	6.371448926903433
Qwen3-8B	magicoder	44	base_model.model.model.layers.13.self_attn.k_proj	0.724074282597032	0.43448235961891857	2.7772945921045045
Qwen3-8B	magicoder	44	base_model.model.model.layers.13.self_attn.o_proj	0.6778613276594786	0.29340872186747785	5.337472822777222
Qwen3-8B	magicoder	44	base_model.model.model.layers.13.self_attn.q_proj	0.7875801222594326	0.40481511474390125	3.7850886348439263
Qwen3-8B	magicoder	44	base_model.model.model.layers.13.self_attn.v_proj	0.5529300829098077	0.17999054989045793	9.437153744230224
Qwen3-8B	magicoder	44	base_model.model.model.layers.14.mlp.down_proj	0.6058577326313227	0.2694672611590694	5.055094676954791
Qwen3-8B	magicoder	44	base_model.model.model.layers.14.mlp.gate_proj	0.7528173192674835	0.350046541531686	4.625169162860679
Qwen3-8B	magicoder	44	base_model.model.model.layers.14.mlp.up_proj	0.6888922824887506	0.30834105448300114	4.991601796528331
Qwen3-8B	magicoder	44	base_model.model.model.layers.14.self_attn.k_proj	0.8424901110532964	0.5704760422614852	2.18099566761552
Qwen3-8B	magicoder	44	base_model.model.model.layers.14.self_attn.o_proj	0.6849743477308313	0.30076443162657684	5.186754164293087
Qwen3-8B	magicoder	44	base_model.model.model.layers.14.self_attn.q_proj	0.7129557618179121	0.2889585138236759	6.087713092089129
Qwen3-8B	magicoder	44	base_model.model.model.layers.14.self_attn.v_proj	0.626886414237721	0.2327142133989735	7.256578493153336
Qwen3-8B	magicoder	44	base_model.model.model.layers.15.mlp.down_proj	0.5868410278096993	0.2432021982142631	5.822452390211709
Qwen3-8B	magicoder	44	base_model.model.model.layers.15.mlp.gate_proj	0.7403596710125987	0.332649720261891	4.95348876609152
Qwen3-8B	magicoder	44	base_model.model.model.layers.15.mlp.up_proj	0.739525284766023	0.3663299434118227	4.075315318464488
Qwen3-8B	magicoder	44	base_model.model.model.layers.15.self_attn.k_proj	0.7589893257851104	0.4233380357046706	3.2143765834809996
Qwen3-8B	magicoder	44	base_model.model.model.layers.15.self_attn.o_proj	0.6619727022248497	0.28829939763241824	5.272209892117423
Qwen3-8B	magicoder	44	base_model.model.model.layers.15.self_attn.q_proj	0.7028096699199893	0.30138978277220546	5.437739589766471
Qwen3-8B	magicoder	44	base_model.model.model.layers.15.self_attn.v_proj	0.5989538057617332	0.19803420452110804	9.147580523524683
Qwen3-8B	magicoder	44	base_model.model.model.layers.16.mlp.down_proj	0.4895084151205612	0.2419132031202795	4.094502875874809
Qwen3-8B	magicoder	44	base_model.model.model.layers.16.mlp.gate_proj	0.6404084320522088	0.23969273712036088	7.1384567644729495
Qwen3-8B	magicoder	44	base_model.model.model.layers.16.mlp.up_proj	0.6189284192049824	0.24358947091863828	6.456004506701932
Qwen3-8B	magicoder	44	base_model.model.model.layers.16.self_attn.k_proj	0.7708341264191281	0.49106088741563225	2.464059430857148
Qwen3-8B	magicoder	44	base_model.model.model.layers.16.self_attn.o_proj	0.6453428897631192	0.2552877762523604	6.39029663344581
Qwen3-8B	magicoder	44	base_model.model.model.layers.16.self_attn.q_proj	0.648007695438228	0.25203192738730196	6.610726737513952
Qwen3-8B	magicoder	44	base_model.model.model.layers.16.self_attn.v_proj	0.6384646099582817	0.2763997474157718	5.335785654257905
Qwen3-8B	magicoder	44	base_model.model.model.layers.17.mlp.down_proj	0.4918223854732827	0.15676631255741993	9.84262859921333
Qwen3-8B	magicoder	44	base_model.model.model.layers.17.mlp.gate_proj	0.5712993921116829	0.1879645196897213	9.237953361469048
Qwen3-8B	magicoder	44	base_model.model.model.layers.17.mlp.up_proj	0.5823056263122288	0.19404985457045407	9.004826085126503
Qwen3-8B	magicoder	44	base_model.model.model.layers.17.self_attn.k_proj	0.7584139855774626	0.5582577801307345	1.8456234409847962
Qwen3-8B	magicoder	44	base_model.model.model.layers.17.self_attn.o_proj	0.589731188066622	0.20462849584248136	8.305694798958532
Qwen3-8B	magicoder	44	base_model.model.model.layers.17.self_attn.q_proj	0.6779427621160182	0.24641845248604174	7.5690191702394785
Qwen3-8B	magicoder	44	base_model.model.model.layers.17.self_attn.v_proj	0.5693499786299779	0.21770568825963366	6.8394166975644115
Qwen3-8B	magicoder	44	base_model.model.model.layers.18.mlp.down_proj	0.5348541889167945	0.18281426254732078	8.559544481916749
Qwen3-8B	magicoder	44	base_model.model.model.layers.18.mlp.gate_proj	0.6209100979485893	0.22164576403693784	7.847631004332501
Qwen3-8B	magicoder	44	base_model.model.model.layers.18.mlp.up_proj	0.6190283776476267	0.22548771697920916	7.536597779802922
Qwen3-8B	magicoder	44	base_model.model.model.layers.18.self_attn.k_proj	0.7698432773755849	0.5054845999501861	2.319470137275179
Qwen3-8B	magicoder	44	base_model.model.model.layers.18.self_attn.o_proj	0.6674117346468709	0.26293437759461324	6.44307122800981
Qwen3-8B	magicoder	44	base_model.model.model.layers.18.self_attn.q_proj	0.6931987389729819	0.2705739552992768	6.563621779467673
Qwen3-8B	magicoder	44	base_model.model.model.layers.18.self_attn.v_proj	0.5561691320845936	0.19493423059132473	8.140246315712115
Qwen3-8B	magicoder	44	base_model.model.model.layers.19.mlp.down_proj	0.5959847010807701	0.2080708305405114	8.20441881053008
Qwen3-8B	magicoder	44	base_model.model.model.layers.19.mlp.gate_proj	0.5686726091943255	0.18209066435443685	9.75324783533238
Qwen3-8B	magicoder	44	base_model.model.model.layers.19.mlp.up_proj	0.6342923319484003	0.22216153124166985	8.151568870317606
Qwen3-8B	magicoder	44	base_model.model.model.layers.19.self_attn.k_proj	0.7959107880919812	0.49093151497316406	2.628372764248011
Qwen3-8B	magicoder	44	base_model.model.model.layers.19.self_attn.o_proj	0.643413528000833	0.23474707696774433	7.512422232891225
Qwen3-8B	magicoder	44	base_model.model.model.layers.19.self_attn.q_proj	0.7085225388989979	0.2834392060412732	6.2486686354091345
Qwen3-8B	magicoder	44	base_model.model.model.layers.19.self_attn.v_proj	0.6272161046556447	0.2420150235756625	6.716604078225213
Qwen3-8B	magicoder	44	base_model.model.model.layers.2.mlp.down_proj	0.6106295261082049	0.23434501260790921	6.789599699292655
Qwen3-8B	magicoder	44	base_model.model.model.layers.2.mlp.gate_proj	0.5692260949380128	0.18087810832140996	9.90370253608447
Qwen3-8B	magicoder	44	base_model.model.model.layers.2.mlp.up_proj	0.5198380313613524	0.15737575382617078	10.910896896246685
Qwen3-8B	magicoder	44	base_model.model.model.layers.2.self_attn.k_proj	0.8729734417387214	0.581190414067594	2.2561354927062136
Qwen3-8B	magicoder	44	base_model.model.model.layers.2.self_attn.o_proj	0.5441042554225659	0.1793960420853955	9.198955767948208
Qwen3-8B	magicoder	44	base_model.model.model.layers.2.self_attn.q_proj	0.6911266621763941	0.26771389535455437	6.66459047830547
Qwen3-8B	magicoder	44	base_model.model.model.layers.2.self_attn.v_proj	0.46261707231546656	0.14502247911148886	10.175896046432637
Qwen3-8B	magicoder	44	base_model.model.model.layers.20.mlp.down_proj	0.6577167977027706	0.25839120602017307	6.479215267258277
Qwen3-8B	magicoder	44	base_model.model.model.layers.20.mlp.gate_proj	0.6108515099314327	0.20399936049403197	8.966308791260607
Qwen3-8B	magicoder	44	base_model.model.model.layers.20.mlp.up_proj	0.6057897808104533	0.20509805342052148	8.724103488390933
Qwen3-8B	magicoder	44	base_model.model.model.layers.20.self_attn.k_proj	0.7615883163521746	0.42792735824974043	3.167381970805467
Qwen3-8B	magicoder	44	base_model.model.model.layers.20.self_attn.o_proj	0.7578078372407944	0.3761894429847835	4.057933982509711
Qwen3-8B	magicoder	44	base_model.model.model.layers.20.self_attn.q_proj	0.6819123551309445	0.25694476464648475	7.043322463023163
Qwen3-8B	magicoder	44	base_model.model.model.layers.20.self_attn.v_proj	0.6208741776357167	0.23142935751598312	7.1973114468341
Qwen3-8B	magicoder	44	base_model.model.model.layers.21.mlp.down_proj	0.6315558386833051	0.2526649175158651	6.24789353154218
Qwen3-8B	magicoder	44	base_model.model.model.layers.21.mlp.gate_proj	0.6098767425647802	0.21469751896673295	8.069192802083238
Qwen3-8B	magicoder	44	base_model.model.model.layers.21.mlp.up_proj	0.649826850483548	0.23509778601534156	7.640085624172779
Qwen3-8B	magicoder	44	base_model.model.model.layers.21.self_attn.k_proj	0.7710576902283077	0.46536662335259144	2.7452587352002675
Qwen3-8B	magicoder	44	base_model.model.model.layers.21.self_attn.o_proj	0.7296386901011173	0.34401179132788284	4.498513753827827
Qwen3-8B	magicoder	44	base_model.model.model.layers.21.self_attn.q_proj	0.6897423041376998	0.2600298648416616	7.036023260162494
Qwen3-8B	magicoder	44	base_model.model.model.layers.21.self_attn.v_proj	0.6410524081190451	0.25378107689018703	6.380704026874861
Qwen3-8B	magicoder	44	base_model.model.model.layers.22.mlp.down_proj	0.6141139535713267	0.2173062952173707	7.986441505949247
Qwen3-8B	magicoder	44	base_model.model.model.layers.22.mlp.gate_proj	0.4726846354848847	0.13953689525755675	11.475321468326936
Qwen3-8B	magicoder	44	base_model.model.model.layers.22.mlp.up_proj	0.5359565303136297	0.16396425424548497	10.68466174146295
Qwen3-8B	magicoder	44	base_model.model.model.layers.22.self_attn.k_proj	0.8271626545554498	0.6572115750557999	1.584059276077836
Qwen3-8B	magicoder	44	base_model.model.model.layers.22.self_attn.o_proj	0.6750636581609584	0.2575169569399173	6.871915232230135
Qwen3-8B	magicoder	44	base_model.model.model.layers.22.self_attn.q_proj	0.6881360361138923	0.2648426099506179	6.751074253839021
Qwen3-8B	magicoder	44	base_model.model.model.layers.22.self_attn.v_proj	0.6484355453380717	0.2506552714655023	6.692369973493035
Qwen3-8B	magicoder	44	base_model.model.model.layers.23.mlp.down_proj	0.5898657154721152	0.20387343548290013	8.371148122019433
Qwen3-8B	magicoder	44	base_model.model.model.layers.23.mlp.gate_proj	0.5947504546002099	0.1885397181503331	9.950934287016695
Qwen3-8B	magicoder	44	base_model.model.model.layers.23.mlp.up_proj	0.5737445978231982	0.18280985468810557	9.850040403608904
Qwen3-8B	magicoder	44	base_model.model.model.layers.23.self_attn.k_proj	0.8512505261183886	0.6510748180600595	1.7094365683615687
Qwen3-8B	magicoder	44	base_model.model.model.layers.23.self_attn.o_proj	0.7109748809520344	0.2863812572343645	6.163385491436829
Qwen3-8B	magicoder	44	base_model.model.model.layers.23.self_attn.q_proj	0.717528605390756	0.2773563532142098	6.692713008086443
Qwen3-8B	magicoder	44	base_model.model.model.layers.23.self_attn.v_proj	0.6282518043819616	0.23412607411218486	7.200587356164391
Qwen3-8B	magicoder	44	base_model.model.model.layers.24.mlp.down_proj	0.6460456656289775	0.22808221002231346	8.02312593783756
Qwen3-8B	magicoder	44	base_model.model.model.layers.24.mlp.gate_proj	0.5024520077819654	0.1457664165401695	11.881580565485756
Qwen3-8B	magicoder	44	base_model.model.model.layers.24.mlp.up_proj	0.553883868828786	0.1679524825360726	10.875884301438967
Qwen3-8B	magicoder	44	base_model.model.model.layers.24.self_attn.k_proj	0.8307443560587429	0.6383153713872198	1.693808052130686
Qwen3-8B	magicoder	44	base_model.model.model.layers.24.self_attn.o_proj	0.5651632670661144	0.17583318147622243	10.331090968754603
Qwen3-8B	magicoder	44	base_model.model.model.layers.24.self_attn.q_proj	0.6950915237534804	0.2614988058021092	7.06552708149105
Qwen3-8B	magicoder	44	base_model.model.model.layers.24.self_attn.v_proj	0.634418977912362	0.26439349101046705	5.757723608920532
Qwen3-8B	magicoder	44	base_model.model.model.layers.25.mlp.down_proj	0.6698012947467678	0.24250827104386566	7.628494803685527
Qwen3-8B	magicoder	44	base_model.model.model.layers.25.mlp.gate_proj	0.6853715797501563	0.23157404832423498	8.759360637091328
Qwen3-8B	magicoder	44	base_model.model.model.layers.25.mlp.up_proj	0.5880557633702853	0.18094816223171786	10.561574532906057
Qwen3-8B	magicoder	44	base_model.model.model.layers.25.self_attn.k_proj	0.7383305843177407	0.3005046145565386	6.036697680727294
Qwen3-8B	magicoder	44	base_model.model.model.layers.25.self_attn.o_proj	0.6737400276899976	0.24920939977656917	7.3089646559646715
Qwen3-8B	magicoder	44	base_model.model.model.layers.25.self_attn.q_proj	0.6958820910336295	0.24913787326715686	7.801746125194767
Qwen3-8B	magicoder	44	base_model.model.model.layers.25.self_attn.v_proj	0.5832546580497913	0.21844580500372737	7.1290065504128615
Qwen3-8B	magicoder	44	base_model.model.model.layers.26.mlp.down_proj	0.6271319521892642	0.2137536980211938	8.607768594128675
Qwen3-8B	magicoder	44	base_model.model.model.layers.26.mlp.gate_proj	0.6977692422527529	0.23359464979898006	8.922732237598908
Qwen3-8B	magicoder	44	base_model.model.model.layers.26.mlp.up_proj	0.6232012917050151	0.19710779550739685	9.996525730693847
Qwen3-8B	magicoder	44	base_model.model.model.layers.26.self_attn.k_proj	0.7889175930036407	0.4062250051554454	3.771637770833451
Qwen3-8B	magicoder	44	base_model.model.model.layers.26.self_attn.o_proj	0.7059778006721218	0.2624490977241819	7.23588942939291
Qwen3-8B	magicoder	44	base_model.model.model.layers.26.self_attn.q_proj	0.7165228142001091	0.26459757279998003	7.333112266607101
Qwen3-8B	magicoder	44	base_model.model.model.layers.26.self_attn.v_proj	0.5976117948714466	0.22114961079895248	7.302405778418055
Qwen3-8B	magicoder	44	base_model.model.model.layers.27.mlp.down_proj	0.6323050510232727	0.2104844838383474	9.024291778871055
Qwen3-8B	magicoder	44	base_model.model.model.layers.27.mlp.gate_proj	0.7604806630926353	0.27299790592810114	7.7599285019376385
Qwen3-8B	magicoder	44	base_model.model.model.layers.27.mlp.up_proj	0.67630652347016	0.21923406142456536	9.516365067871199
Qwen3-8B	magicoder	44	base_model.model.model.layers.27.self_attn.k_proj	0.8084004366471855	0.508908370213217	2.523329069703947
Qwen3-8B	magicoder	44	base_model.model.model.layers.27.self_attn.o_proj	0.6613248320407685	0.24730966154528	7.150682486958167
Qwen3-8B	magicoder	44	base_model.model.model.layers.27.self_attn.q_proj	0.6418180235305463	0.21601284711049426	8.828047381574379
Qwen3-8B	magicoder	44	base_model.model.model.layers.27.self_attn.v_proj	0.5447396563956081	0.18383636787338573	8.780416622879155
Qwen3-8B	magicoder	44	base_model.model.model.layers.28.mlp.down_proj	0.5912401508472437	0.192599016243396	9.423662182906245
Qwen3-8B	magicoder	44	base_model.model.model.layers.28.mlp.gate_proj	0.7220394139369015	0.24259546389993697	8.858423885183216
Qwen3-8B	magicoder	44	base_model.model.model.layers.28.mlp.up_proj	0.6023401667229071	0.1865547031391231	10.424884332901161
Qwen3-8B	magicoder	44	base_model.model.model.layers.28.self_attn.k_proj	0.7189908822655454	0.3742868946123119	3.690094806487262
Qwen3-8B	magicoder	44	base_model.model.model.layers.28.self_attn.o_proj	0.7522953247103703	0.34953895279754194	4.6321814608678125
Qwen3-8B	magicoder	44	base_model.model.model.layers.28.self_attn.q_proj	0.6964136046942424	0.25335503906290785	7.555712079228304
Qwen3-8B	magicoder	44	base_model.model.model.layers.28.self_attn.v_proj	0.5382243366624461	0.17775436142521484	9.168243334296633
Qwen3-8B	magicoder	44	base_model.model.model.layers.29.mlp.down_proj	0.5568850900147619	0.1716452255571248	10.526105661809119
Qwen3-8B	magicoder	44	base_model.model.model.layers.29.mlp.gate_proj	0.7809331435379666	0.2940005368778899	7.055559574082352
Qwen3-8B	magicoder	44	base_model.model.model.layers.29.mlp.up_proj	0.694685073473041	0.22942383897657137	9.168511828467752
Qwen3-8B	magicoder	44	base_model.model.model.layers.29.self_attn.k_proj	0.7622586644931272	0.4981804163419426	2.3411618404145624
Qwen3-8B	magicoder	44	base_model.model.model.layers.29.self_attn.o_proj	0.6306332491548422	0.23907061515249142	6.9582708718111315
Qwen3-8B	magicoder	44	base_model.model.model.layers.29.self_attn.q_proj	0.8117855226025824	0.42490693992119094	3.650017568894496
Qwen3-8B	magicoder	44	base_model.model.model.layers.29.self_attn.v_proj	0.599871650995835	0.23260709185299705	6.65075230242293
Qwen3-8B	magicoder	44	base_model.model.model.layers.3.mlp.down_proj	0.7293603785285683	0.3091245547693997	5.5669500766555915
Qwen3-8B	magicoder	44	base_model.model.model.layers.3.mlp.gate_proj	0.5658132008617438	0.16763626036503934	11.392268793031201
Qwen3-8B	magicoder	44	base_model.model.model.layers.3.mlp.up_proj	0.5410889046789865	0.16598868442270295	10.62625641693577
Qwen3-8B	magicoder	44	base_model.model.model.layers.3.self_attn.k_proj	0.810818523341715	0.6019962353413043	1.8140939405181518
Qwen3-8B	magicoder	44	base_model.model.model.layers.3.self_attn.o_proj	0.5739608583481707	0.18018380944956075	10.14689166814024
Qwen3-8B	magicoder	44	base_model.model.model.layers.3.self_attn.q_proj	0.6114450713504584	0.21058784101364658	8.43040255809261
Qwen3-8B	magicoder	44	base_model.model.model.layers.3.self_attn.v_proj	0.43317198402136625	0.12998819711010606	11.104854688288437
Qwen3-8B	magicoder	44	base_model.model.model.layers.30.mlp.down_proj	0.5593664810063809	0.1712532783105026	10.668788093244197
Qwen3-8B	magicoder	44	base_model.model.model.layers.30.mlp.gate_proj	0.657317609370024	0.21036423147678704	9.763527144476264
Qwen3-8B	magicoder	44	base_model.model.model.layers.30.mlp.up_proj	0.5840291163001081	0.178868209314926	10.661116267844093
Qwen3-8B	magicoder	44	base_model.model.model.layers.30.self_attn.k_proj	0.6291722954185327	0.24755900496481653	6.459244513395124
Qwen3-8B	magicoder	44	base_model.model.model.layers.30.self_attn.o_proj	0.5462956813750236	0.1662415946824	10.798816020356151
Qwen3-8B	magicoder	44	base_model.model.model.layers.30.self_attn.q_proj	0.6589520441034853	0.21794249923918813	9.141632648045885
Qwen3-8B	magicoder	44	base_model.model.model.layers.30.self_attn.v_proj	0.5783421951010261	0.23871067473861915	5.869837484951195
Qwen3-8B	magicoder	44	base_model.model.model.layers.31.mlp.down_proj	0.5743008180275909	0.1776416759571937	10.451753199427536
Qwen3-8B	magicoder	44	base_model.model.model.layers.31.mlp.gate_proj	0.6980524950479803	0.22636804975508623	9.509242198846175
Qwen3-8B	magicoder	44	base_model.model.model.layers.31.mlp.up_proj	0.6334620481737026	0.1992562741016083	10.106881900083502
Qwen3-8B	magicoder	44	base_model.model.model.layers.31.self_attn.k_proj	0.7564202707585495	0.4154327097175611	3.3153160841258713
Qwen3-8B	magicoder	44	base_model.model.model.layers.31.self_attn.o_proj	0.7283732863853848	0.29397764248295166	6.138742451180981
Qwen3-8B	magicoder	44	base_model.model.model.layers.31.self_attn.q_proj	0.7129130273000628	0.2748841990283664	6.726258423661854
Qwen3-8B	magicoder	44	base_model.model.model.layers.31.self_attn.v_proj	0.5628513133068345	0.21700384035360828	6.727481747490677
Qwen3-8B	magicoder	44	base_model.model.model.layers.32.mlp.down_proj	0.5087228076788465	0.15141670624946274	11.287943531891093
Qwen3-8B	magicoder	44	base_model.model.model.layers.32.mlp.gate_proj	0.7085272050884519	0.23052385493716668	9.44672588853835
Qwen3-8B	magicoder	44	base_model.model.model.layers.32.mlp.up_proj	0.6192906156953981	0.19516109407137613	10.069374882381918
Qwen3-8B	magicoder	44	base_model.model.model.layers.32.self_attn.k_proj	0.7165844982666131	0.31041232601750335	5.329137202338833
Qwen3-8B	magicoder	44	base_model.model.model.layers.32.self_attn.o_proj	0.6495492692431137	0.22041131559091384	8.684732045080125
Qwen3-8B	magicoder	44	base_model.model.model.layers.32.self_attn.q_proj	0.6587917222543744	0.22513637279745874	8.56258582450938
Qwen3-8B	magicoder	44	base_model.model.model.layers.32.self_attn.v_proj	0.5019116623500521	0.1698236708281435	8.734903787437208
Qwen3-8B	magicoder	44	base_model.model.model.layers.33.mlp.down_proj	0.44785444148061776	0.12499776398043382	12.837169710745275
Qwen3-8B	magicoder	44	base_model.model.model.layers.33.mlp.gate_proj	0.6633855037617007	0.21048064589378662	9.9336217424209
Qwen3-8B	magicoder	44	base_model.model.model.layers.33.mlp.up_proj	0.5312877628682565	0.1572881014296243	11.409533435262423
Qwen3-8B	magicoder	44	base_model.model.model.layers.33.self_attn.k_proj	0.7815143880771473	0.47283442859177494	2.731843229955547
Qwen3-8B	magicoder	44	base_model.model.model.layers.33.self_attn.o_proj	0.6668281267124322	0.245246719998658	7.3930118892746295
Qwen3-8B	magicoder	44	base_model.model.model.layers.33.self_attn.q_proj	0.7585039777877102	0.319323000041752	5.642288956089535
Qwen3-8B	magicoder	44	base_model.model.model.layers.33.self_attn.v_proj	0.5019284267232658	0.17478637223324123	8.246476929548326
Qwen3-8B	magicoder	44	base_model.model.model.layers.34.mlp.down_proj	0.4339533327297101	0.1232133781451039	12.404244742834942
Qwen3-8B	magicoder	44	base_model.model.model.layers.34.mlp.gate_proj	0.472737678820411	0.13226998920476538	12.773732015166543
Qwen3-8B	magicoder	44	base_model.model.model.layers.34.mlp.up_proj	0.4733625133443902	0.13301048422046555	12.665314409251584
Qwen3-8B	magicoder	44	base_model.model.model.layers.34.self_attn.k_proj	0.6625557384658773	0.2349072492266893	7.955216456358919
Qwen3-8B	magicoder	44	base_model.model.model.layers.34.self_attn.o_proj	0.6061366472849041	0.204474016922204	8.787489663367419
Qwen3-8B	magicoder	44	base_model.model.model.layers.34.self_attn.q_proj	0.5675517858185681	0.18194510511860465	9.730389758217724
Qwen3-8B	magicoder	44	base_model.model.model.layers.34.self_attn.v_proj	0.5060077410799632	0.1660760156792677	9.283259430414505
Qwen3-8B	magicoder	44	base_model.model.model.layers.35.mlp.down_proj	0.5236455864676972	0.16491856260788815	10.081747425766437
Qwen3-8B	magicoder	44	base_model.model.model.layers.35.mlp.gate_proj	0.42209482555994565	0.11812804922299798	12.767738885564968
Qwen3-8B	magicoder	44	base_model.model.model.layers.35.mlp.up_proj	0.44170816502846666	0.1267755706673064	12.1394694447537
Qwen3-8B	magicoder	44	base_model.model.model.layers.35.self_attn.k_proj	0.6684670890135098	0.25366331779493473	6.94455982437565
Qwen3-8B	magicoder	44	base_model.model.model.layers.35.self_attn.o_proj	0.4152389862697744	0.11551776139972646	12.921077039073111
Qwen3-8B	magicoder	44	base_model.model.model.layers.35.self_attn.q_proj	0.5166498246585732	0.15618632943357466	10.942247543970778
Qwen3-8B	magicoder	44	base_model.model.model.layers.35.self_attn.v_proj	0.46228017860667686	0.13790032218088333	11.237765959600415
Qwen3-8B	magicoder	44	base_model.model.model.layers.4.mlp.down_proj	0.5786847915452676	0.18644722417230455	9.63323807754157
Qwen3-8B	magicoder	44	base_model.model.model.layers.4.mlp.gate_proj	0.598394869021714	0.17540149123884022	11.63882556328522
Qwen3-8B	magicoder	44	base_model.model.model.layers.4.mlp.up_proj	0.5633893938802992	0.1715910297307386	10.78023362518116
Qwen3-8B	magicoder	44	base_model.model.model.layers.4.self_attn.k_proj	0.8156565812161768	0.5105998287450877	2.5518395244512377
Qwen3-8B	magicoder	44	base_model.model.model.layers.4.self_attn.o_proj	0.6572010053006128	0.32174380477574155	4.172305032331345
Qwen3-8B	magicoder	44	base_model.model.model.layers.4.self_attn.q_proj	0.676556417523033	0.22865194439520906	8.755042086815656
Qwen3-8B	magicoder	44	base_model.model.model.layers.4.self_attn.v_proj	0.5626423884703372	0.1835215219541773	9.399200018743171
Qwen3-8B	magicoder	44	base_model.model.model.layers.5.mlp.down_proj	0.6185351878151106	0.25128279894594835	6.059032761028438
Qwen3-8B	magicoder	44	base_model.model.model.layers.5.mlp.gate_proj	0.751888028992888	0.28547986203900183	6.936739481737568
Qwen3-8B	magicoder	44	base_model.model.model.layers.5.mlp.up_proj	0.6629230708121643	0.22645008293043656	8.570009409342022
Qwen3-8B	magicoder	44	base_model.model.model.layers.5.self_attn.k_proj	0.8340103761388444	0.5052717067464759	2.724538488877821
Qwen3-8B	magicoder	44	base_model.model.model.layers.5.self_attn.o_proj	0.7224417299899335	0.39049555626730786	3.4227364173056496
Qwen3-8B	magicoder	44	base_model.model.model.layers.5.self_attn.q_proj	0.7623050603490296	0.3804280414873151	4.0152497390874675
Qwen3-8B	magicoder	44	base_model.model.model.layers.5.self_attn.v_proj	0.5098264109540234	0.15358768086183658	11.018738953575866
Qwen3-8B	magicoder	44	base_model.model.model.layers.6.mlp.down_proj	0.35818044392297593	0.10398166212219347	11.865614384018675
Qwen3-8B	magicoder	44	base_model.model.model.layers.6.mlp.gate_proj	0.6979070927212793	0.24765463513700725	7.941495654899626
Qwen3-8B	magicoder	44	base_model.model.model.layers.6.mlp.up_proj	0.5409981673482165	0.17350947624942437	9.721766596151038
Qwen3-8B	magicoder	44	base_model.model.model.layers.6.self_attn.k_proj	0.8886616142949534	0.6136001412614521	2.097499860578122
Qwen3-8B	magicoder	44	base_model.model.model.layers.6.self_attn.o_proj	0.732390039434801	0.3522727822366179	4.322417168784592
Qwen3-8B	magicoder	44	base_model.model.model.layers.6.self_attn.q_proj	0.7776164375331795	0.37106003429363676	4.391799488719225
Qwen3-8B	magicoder	44	base_model.model.model.layers.6.self_attn.v_proj	0.6847912675345872	0.26265945511625705	6.797204702137999
Qwen3-8B	magicoder	44	base_model.model.model.layers.7.mlp.down_proj	0.47978487030192946	0.2165181827948548	4.91025843532567
Qwen3-8B	magicoder	44	base_model.model.model.layers.7.mlp.gate_proj	0.7010264005521825	0.23054479310572717	9.246089891554268
Qwen3-8B	magicoder	44	base_model.model.model.layers.7.mlp.up_proj	0.5968862033845599	0.20815884387172973	8.222300538951416
Qwen3-8B	magicoder	44	base_model.model.model.layers.7.self_attn.k_proj	0.7273772065208924	0.3496741497744154	4.327054050641273
Qwen3-8B	magicoder	44	base_model.model.model.layers.7.self_attn.o_proj	0.6845016085817742	0.3403820169654809	4.044042688518644
Qwen3-8B	magicoder	44	base_model.model.model.layers.7.self_attn.q_proj	0.7498191550773954	0.3102747129137179	5.840100176948287
Qwen3-8B	magicoder	44	base_model.model.model.layers.7.self_attn.v_proj	0.576038799059586	0.20482842289788383	7.909026493933512
Qwen3-8B	magicoder	44	base_model.model.model.layers.8.mlp.down_proj	0.5292200429341907	0.2645341644264216	4.002294385441198
Qwen3-8B	magicoder	44	base_model.model.model.layers.8.mlp.gate_proj	0.6600644509691649	0.31567022719892385	4.372254582147719
Qwen3-8B	magicoder	44	base_model.model.model.layers.8.mlp.up_proj	0.6952301264914645	0.391974204891314	3.1458802775787937
Qwen3-8B	magicoder	44	base_model.model.model.layers.8.self_attn.k_proj	0.7322567391761946	0.42976527871479264	2.9031140920574847
Qwen3-8B	magicoder	44	base_model.model.model.layers.8.self_attn.o_proj	0.651617153793664	0.23980532912041708	7.383586328851999
Qwen3-8B	magicoder	44	base_model.model.model.layers.8.self_attn.q_proj	0.7317195260418435	0.2971126722046489	6.065225302436684
Qwen3-8B	magicoder	44	base_model.model.model.layers.8.self_attn.v_proj	0.5418125341322472	0.179827322052429	9.077928158674638
Qwen3-8B	magicoder	44	base_model.model.model.layers.9.mlp.down_proj	0.480972689485928	0.18808255724122605	6.5394886762661075
Qwen3-8B	magicoder	44	base_model.model.model.layers.9.mlp.gate_proj	0.6572597974970354	0.3156573011723551	4.335532631213642
Qwen3-8B	magicoder	44	base_model.model.model.layers.9.mlp.up_proj	0.6132365957435447	0.23447438830452533	6.84014495129647
Qwen3-8B	magicoder	44	base_model.model.model.layers.9.self_attn.k_proj	0.7463155638535043	0.5014055226713612	2.2154745777855256
Qwen3-8B	magicoder	44	base_model.model.model.layers.9.self_attn.o_proj	0.6723400073267349	0.28811181443967127	5.445725848226825
Qwen3-8B	magicoder	44	base_model.model.model.layers.9.self_attn.q_proj	0.7390575843382027	0.3015536620419952	6.006581063194892
Qwen3-8B	magicoder	44	base_model.model.model.layers.9.self_attn.v_proj	0.5701576796846533	0.19773273079566267	8.314436643063102
Qwen3-8B	metamath	44	base_model.model.model.layers.0.mlp.down_proj	0.6121707879503705	0.4614837835072785	1.759674393765244
Qwen3-8B	metamath	44	base_model.model.model.layers.0.mlp.gate_proj	0.7211369303596602	0.28691049892380954	6.317461333347207
Qwen3-8B	metamath	44	base_model.model.model.layers.0.mlp.up_proj	0.7762268708772148	0.34405887965910237	5.089929931792474
Qwen3-8B	metamath	44	base_model.model.model.layers.0.self_attn.k_proj	0.8131716551463046	0.4891102018158309	2.7640826259216036
Qwen3-8B	metamath	44	base_model.model.model.layers.0.self_attn.o_proj	0.6970611945746368	0.32048727053083903	4.730643746753066
Qwen3-8B	metamath	44	base_model.model.model.layers.0.self_attn.q_proj	0.7294328151446982	0.32463985029940945	5.048553180295887
Qwen3-8B	metamath	44	base_model.model.model.layers.0.self_attn.v_proj	0.7800854584793371	0.4804127487397721	2.6366672027853184
Qwen3-8B	metamath	44	base_model.model.model.layers.1.mlp.down_proj	0.5887577628756384	0.30795019155519915	3.6552100210759826
Qwen3-8B	metamath	44	base_model.model.model.layers.1.mlp.gate_proj	0.3398496154223266	0.09005908968981745	14.240277744987107
Qwen3-8B	metamath	44	base_model.model.model.layers.1.mlp.up_proj	0.49101229589364326	0.17905372280518822	7.5200032010918765
Qwen3-8B	metamath	44	base_model.model.model.layers.1.self_attn.k_proj	0.7937547730168986	0.5292893426423617	2.248984181056283
Qwen3-8B	metamath	44	base_model.model.model.layers.1.self_attn.o_proj	0.609097903846901	0.3236429132288303	3.5419465758107345
Qwen3-8B	metamath	44	base_model.model.model.layers.1.self_attn.q_proj	0.5776755820935062	0.19878697213606633	8.444854743070461
Qwen3-8B	metamath	44	base_model.model.model.layers.1.self_attn.v_proj	0.5027804532149379	0.28664729289650454	3.076529479899393
Qwen3-8B	metamath	44	base_model.model.model.layers.10.mlp.down_proj	0.5918640024082024	0.34488265747283725	2.9451074259600034
Qwen3-8B	metamath	44	base_model.model.model.layers.10.mlp.gate_proj	0.5208378335796506	0.18437188060384063	7.980234925960701
Qwen3-8B	metamath	44	base_model.model.model.layers.10.mlp.up_proj	0.752425467768046	0.38004719701419076	3.9196916726424083
Qwen3-8B	metamath	44	base_model.model.model.layers.10.self_attn.k_proj	0.6617712085207185	0.44881140523956387	2.1741423092970598
Qwen3-8B	metamath	44	base_model.model.model.layers.10.self_attn.o_proj	0.7953079287651106	0.51297558807659	2.4036832008944127
Qwen3-8B	metamath	44	base_model.model.model.layers.10.self_attn.q_proj	0.5787580396195154	0.2331467149721112	6.162195500861899
Qwen3-8B	metamath	44	base_model.model.model.layers.10.self_attn.v_proj	0.5972070490790655	0.3766253533623076	2.5143790310437937
Qwen3-8B	metamath	44	base_model.model.model.layers.11.mlp.down_proj	0.7251902641757039	0.4900815790938756	2.1896120393512972
Qwen3-8B	metamath	44	base_model.model.model.layers.11.mlp.gate_proj	0.5986382781389514	0.2309435627853044	6.719194971897044
Qwen3-8B	metamath	44	base_model.model.model.layers.11.mlp.up_proj	0.8189981411310235	0.458888953179388	3.1853020856995746
Qwen3-8B	metamath	44	base_model.model.model.layers.11.self_attn.k_proj	0.6455572607606468	0.3743169755200894	2.9743391942095143
Qwen3-8B	metamath	44	base_model.model.model.layers.11.self_attn.o_proj	0.7561464554228347	0.4354324409593003	3.0155759923896563
Qwen3-8B	metamath	44	base_model.model.model.layers.11.self_attn.q_proj	0.6430335798308837	0.2460172246785259	6.831817804174165
Qwen3-8B	metamath	44	base_model.model.model.layers.11.self_attn.v_proj	0.5693046104008775	0.3182338479706723	3.2003439921517107
Qwen3-8B	metamath	44	base_model.model.model.layers.12.mlp.down_proj	0.7503809757758232	0.5082613307753426	2.1796636994427034
Qwen3-8B	metamath	44	base_model.model.model.layers.12.mlp.gate_proj	0.617525955636274	0.23951940838234076	6.647051020619405
Qwen3-8B	metamath	44	base_model.model.model.layers.12.mlp.up_proj	0.8355249304972531	0.47896366478306374	3.0430822413342327
Qwen3-8B	metamath	44	base_model.model.model.layers.12.self_attn.k_proj	0.6239925217674017	0.347529338650396	3.2238573889749524
Qwen3-8B	metamath	44	base_model.model.model.layers.12.self_attn.o_proj	0.721091908358827	0.3904723542613919	3.410363429455457
Qwen3-8B	metamath	44	base_model.model.model.layers.12.self_attn.q_proj	0.768706943774685	0.4169781686856207	3.3985602450334502
Qwen3-8B	metamath	44	base_model.model.model.layers.12.self_attn.v_proj	0.5198905564289935	0.24805119806358136	4.392797661833453
Qwen3-8B	metamath	44	base_model.model.model.layers.13.mlp.down_proj	0.7947093913566142	0.5912909165935981	1.8064014603074885
Qwen3-8B	metamath	44	base_model.model.model.layers.13.mlp.gate_proj	0.5974942437009476	0.22307324598506312	7.174183446819322
Qwen3-8B	metamath	44	base_model.model.model.layers.13.mlp.up_proj	0.7985088949731419	0.42039359421847694	3.6078405628156895
Qwen3-8B	metamath	44	base_model.model.model.layers.13.self_attn.k_proj	0.6158742247776796	0.39424874503907453	2.440301113600914
Qwen3-8B	metamath	44	base_model.model.model.layers.13.self_attn.o_proj	0.7336539509033909	0.4445391427945267	2.7237202890267858
Qwen3-8B	metamath	44	base_model.model.model.layers.13.self_attn.q_proj	0.7883382595144959	0.5307601903412134	2.206116922819387
Qwen3-8B	metamath	44	base_model.model.model.layers.13.self_attn.v_proj	0.699801304549553	0.46300823337053565	2.284399559643271
Qwen3-8B	metamath	44	base_model.model.model.layers.14.mlp.down_proj	0.7462563802788427	0.5112025656035609	2.131032459905066
Qwen3-8B	metamath	44	base_model.model.model.layers.14.mlp.gate_proj	0.6387292779140367	0.24609045483734648	6.736651941123429
Qwen3-8B	metamath	44	base_model.model.model.layers.14.mlp.up_proj	0.8432701308265569	0.5025279329919028	2.815872725203298
Qwen3-8B	metamath	44	base_model.model.model.layers.14.self_attn.k_proj	0.7453702122190268	0.4862512540337167	2.3497550774679254
Qwen3-8B	metamath	44	base_model.model.model.layers.14.self_attn.o_proj	0.8420638886134595	0.5783423045826361	2.1199233777828934
Qwen3-8B	metamath	44	base_model.model.model.layers.14.self_attn.q_proj	0.699608704378915	0.3529149194013591	3.929799305574701
Qwen3-8B	metamath	44	base_model.model.model.layers.14.self_attn.v_proj	0.7417270145651642	0.5059698153719121	2.149012669045407
Qwen3-8B	metamath	44	base_model.model.model.layers.15.mlp.down_proj	0.7362100271284441	0.5113306918479709	2.0730020600315155
Qwen3-8B	metamath	44	base_model.model.model.layers.15.mlp.gate_proj	0.6224516648627701	0.2402189835290554	6.7142362098978055
Qwen3-8B	metamath	44	base_model.model.model.layers.15.mlp.up_proj	0.8491370582752605	0.4894301072910025	3.010053584246609
Qwen3-8B	metamath	44	base_model.model.model.layers.15.self_attn.k_proj	0.7545674839150877	0.4728125139690489	2.5469372660451945
Qwen3-8B	metamath	44	base_model.model.model.layers.15.self_attn.o_proj	0.7788879007366863	0.4530317930588394	2.955919161046844
Qwen3-8B	metamath	44	base_model.model.model.layers.15.self_attn.q_proj	0.7836533267209818	0.5334303017257803	2.1582045236347374
Qwen3-8B	metamath	44	base_model.model.model.layers.15.self_attn.v_proj	0.7281096466676971	0.4730277979513549	2.3693010318622525
Qwen3-8B	metamath	44	base_model.model.model.layers.16.mlp.down_proj	0.6258163993902502	1.1527921604703228	0.29470794920039023
Qwen3-8B	metamath	44	base_model.model.model.layers.16.mlp.gate_proj	0.6011621773392308	0.24267903557490075	6.13647228054348
Qwen3-8B	metamath	44	base_model.model.model.layers.16.mlp.up_proj	0.853654947200204	0.5366489879695016	2.530370371463511
Qwen3-8B	metamath	44	base_model.model.model.layers.16.self_attn.k_proj	0.7705753620861963	0.5515418408219351	1.9519707677763802
Qwen3-8B	metamath	44	base_model.model.model.layers.16.self_attn.o_proj	0.8282844449766408	0.5064288832147417	2.67498947245375
Qwen3-8B	metamath	44	base_model.model.model.layers.16.self_attn.q_proj	0.708889366742814	0.3691671158473789	3.6873206610673903
Qwen3-8B	metamath	44	base_model.model.model.layers.16.self_attn.v_proj	0.7409504371538319	0.5146892850424017	2.0724690952810634
Qwen3-8B	metamath	44	base_model.model.model.layers.17.mlp.down_proj	0.7773349772930268	0.5733058871615356	1.8384152619129506
Qwen3-8B	metamath	44	base_model.model.model.layers.17.mlp.gate_proj	0.6499861156628783	0.28559883810431125	5.179588846693168
Qwen3-8B	metamath	44	base_model.model.model.layers.17.mlp.up_proj	0.6677936878138955	0.3401913210544305	3.853347356670992
Qwen3-8B	metamath	44	base_model.model.model.layers.17.self_attn.k_proj	0.7357161604844711	0.5607680119946082	1.721290323022822
Qwen3-8B	metamath	44	base_model.model.model.layers.17.self_attn.o_proj	0.7659029896137205	0.48798151087582864	2.463433226361271
Qwen3-8B	metamath	44	base_model.model.model.layers.17.self_attn.q_proj	0.6514304227605591	0.26920203651429203	5.855707725832181
Qwen3-8B	metamath	44	base_model.model.model.layers.17.self_attn.v_proj	0.6054306765110874	0.3243474205377025	3.484239082854045
Qwen3-8B	metamath	44	base_model.model.model.layers.18.mlp.down_proj	0.7498957471716519	0.5786131511331261	1.6796746990778892
Qwen3-8B	metamath	44	base_model.model.model.layers.18.mlp.gate_proj	0.6943106747257307	0.34146559552368594	4.134412255186105
Qwen3-8B	metamath	44	base_model.model.model.layers.18.mlp.up_proj	0.7465887992695706	0.3934730439576064	3.600252578326281
Qwen3-8B	metamath	44	base_model.model.model.layers.18.self_attn.k_proj	0.7324893267212992	0.5620144729894141	1.6986644677201193
Qwen3-8B	metamath	44	base_model.model.model.layers.18.self_attn.o_proj	0.8288629151362948	0.5398994653959995	2.3568916782301503
Qwen3-8B	metamath	44	base_model.model.model.layers.18.self_attn.q_proj	0.7820811669436951	0.49832859695194764	2.4630432357251753
Qwen3-8B	metamath	44	base_model.model.model.layers.18.self_attn.v_proj	0.7052452567820073	0.41535333540065617	2.8830019970966094
Qwen3-8B	metamath	44	base_model.model.model.layers.19.mlp.down_proj	0.7381922050203088	0.6078332296339717	1.4749253233103983
Qwen3-8B	metamath	44	base_model.model.model.layers.19.mlp.gate_proj	0.5976173657114568	0.24260163437488297	6.068187241255243
Qwen3-8B	metamath	44	base_model.model.model.layers.19.mlp.up_proj	0.8357034118943043	0.5362647778477411	2.4285430365828593
Qwen3-8B	metamath	44	base_model.model.model.layers.19.self_attn.k_proj	0.7680888410232513	0.5192658892794345	2.187979869894705
Qwen3-8B	metamath	44	base_model.model.model.layers.19.self_attn.o_proj	0.7822718186648461	0.6130061929739987	1.6284920622736734
Qwen3-8B	metamath	44	base_model.model.model.layers.19.self_attn.q_proj	0.7815444130764896	0.46156123767644064	2.8671384652130807
Qwen3-8B	metamath	44	base_model.model.model.layers.19.self_attn.v_proj	0.6987495547329021	0.4223690244067886	2.736900237474386
Qwen3-8B	metamath	44	base_model.model.model.layers.2.mlp.down_proj	0.6734863627728064	0.41425175080334203	2.6431931934424737
Qwen3-8B	metamath	44	base_model.model.model.layers.2.mlp.gate_proj	0.39490622991287694	0.11934234952409876	10.949613831242244
Qwen3-8B	metamath	44	base_model.model.model.layers.2.mlp.up_proj	0.43811925043100797	0.1445491747366048	9.186571063053153
Qwen3-8B	metamath	44	base_model.model.model.layers.2.self_attn.k_proj	0.7242577167895273	0.4926279335957673	2.1614649337260614
Qwen3-8B	metamath	44	base_model.model.model.layers.2.self_attn.o_proj	0.6490179310316576	0.32629299907029163	3.956378926053996
Qwen3-8B	metamath	44	base_model.model.model.layers.2.self_attn.q_proj	0.5986089603631255	0.20921930326886376	8.186210798168268
Qwen3-8B	metamath	44	base_model.model.model.layers.2.self_attn.v_proj	0.4369188184467808	0.219344550396315	3.9677820041330323
Qwen3-8B	metamath	44	base_model.model.model.layers.20.mlp.down_proj	0.8065021947816264	0.6598495677688794	1.4938989915470753
Qwen3-8B	metamath	44	base_model.model.model.layers.20.mlp.gate_proj	0.6305248202882989	0.31028279254906155	4.129419375273864
Qwen3-8B	metamath	44	base_model.model.model.layers.20.mlp.up_proj	0.7969602387506223	0.4584917247689688	3.0214144773184044
Qwen3-8B	metamath	44	base_model.model.model.layers.20.self_attn.k_proj	0.760243183584345	0.6259555559396547	1.475088484731487
Qwen3-8B	metamath	44	base_model.model.model.layers.20.self_attn.o_proj	0.8811180880434458	0.6888702752137977	1.6360378346532083
Qwen3-8B	metamath	44	base_model.model.model.layers.20.self_attn.q_proj	0.8119421980895981	0.4915063988869428	2.7289267193929274
Qwen3-8B	metamath	44	base_model.model.model.layers.20.self_attn.v_proj	0.6753417250001038	0.5406496702967831	1.5603257677233344
Qwen3-8B	metamath	44	base_model.model.model.layers.21.mlp.down_proj	0.7823555634038188	0.6035566375973882	1.6802437536934138
Qwen3-8B	metamath	44	base_model.model.model.layers.21.mlp.gate_proj	0.7348361189687542	0.3684273416303844	3.9781145511956235
Qwen3-8B	metamath	44	base_model.model.model.layers.21.mlp.up_proj	0.8355673573608885	0.5349229443557217	2.4399474774925998
Qwen3-8B	metamath	44	base_model.model.model.layers.21.self_attn.k_proj	0.8102522140407662	0.6405445533722508	1.6000802603092898
Qwen3-8B	metamath	44	base_model.model.model.layers.21.self_attn.o_proj	0.8802046938496503	0.6372510370223966	1.9078589275540625
Qwen3-8B	metamath	44	base_model.model.model.layers.21.self_attn.q_proj	0.808480373390152	0.5296942262222705	2.3296382312608315
Qwen3-8B	metamath	44	base_model.model.model.layers.21.self_attn.v_proj	0.7835298486985877	0.5679601846490362	1.903160028909834
Qwen3-8B	metamath	44	base_model.model.model.layers.22.mlp.down_proj	0.825508129593742	0.6784729639883711	1.4803950225721603
Qwen3-8B	metamath	44	base_model.model.model.layers.22.mlp.gate_proj	0.5808014347562556	0.24482678629349638	5.6277849965664695
Qwen3-8B	metamath	44	base_model.model.model.layers.22.mlp.up_proj	0.8121965002463283	0.47408959589811167	2.9349545366607215
Qwen3-8B	metamath	44	base_model.model.model.layers.22.self_attn.k_proj	0.7646760798430257	0.47825959751526764	2.5563930139360274
Qwen3-8B	metamath	44	base_model.model.model.layers.22.self_attn.o_proj	0.889688666393067	0.6722332365585909	1.7516049114780514
Qwen3-8B	metamath	44	base_model.model.model.layers.22.self_attn.q_proj	0.7760639444165547	0.44620782616809795	3.0249670410145617
Qwen3-8B	metamath	44	base_model.model.model.layers.22.self_attn.v_proj	0.8125999318143863	0.5948403666110544	1.8661764210674476
Qwen3-8B	metamath	44	base_model.model.model.layers.23.mlp.down_proj	0.803537387351295	0.628342993475032	1.6353797800826029
Qwen3-8B	metamath	44	base_model.model.model.layers.23.mlp.gate_proj	0.7039622147783577	0.32238766342344793	4.768061722746286
Qwen3-8B	metamath	44	base_model.model.model.layers.23.mlp.up_proj	0.863664011017922	0.5227017439138084	2.7301200700425734
Qwen3-8B	metamath	44	base_model.model.model.layers.23.self_attn.k_proj	0.8096920133382872	0.730815779576214	1.2275067220657865
Qwen3-8B	metamath	44	base_model.model.model.layers.23.self_attn.o_proj	0.869500265858094	0.6849902533832137	1.6112786559978616
Qwen3-8B	metamath	44	base_model.model.model.layers.23.self_attn.q_proj	0.7699768660412629	0.49795406065217523	2.3909847023011945
Qwen3-8B	metamath	44	base_model.model.model.layers.23.self_attn.v_proj	0.7958219125158411	0.5930478593046977	1.8007453454024338
Qwen3-8B	metamath	44	base_model.model.model.layers.24.mlp.down_proj	0.8218808549515112	0.6392329610037498	1.6531010697188437
Qwen3-8B	metamath	44	base_model.model.model.layers.24.mlp.gate_proj	0.6175355925456254	0.26549787249903617	5.410057700102739
Qwen3-8B	metamath	44	base_model.model.model.layers.24.mlp.up_proj	0.8099480265360522	0.47347497077855355	2.9263094603725475
Qwen3-8B	metamath	44	base_model.model.model.layers.24.self_attn.k_proj	0.7919989760853572	0.6362368694790601	1.5495713393158512
Qwen3-8B	metamath	44	base_model.model.model.layers.24.self_attn.o_proj	0.8878933802207689	0.7350820139768057	1.4589823668206992
Qwen3-8B	metamath	44	base_model.model.model.layers.24.self_attn.q_proj	0.6922686521421554	0.40701094621743533	2.892924857936291
Qwen3-8B	metamath	44	base_model.model.model.layers.24.self_attn.v_proj	0.7020557292163121	0.46171157049169637	2.312073624460717
Qwen3-8B	metamath	44	base_model.model.model.layers.25.mlp.down_proj	0.861777544354223	0.6810850626547604	1.6009863734879044
Qwen3-8B	metamath	44	base_model.model.model.layers.25.mlp.gate_proj	0.6794294458230605	0.2905807409870092	5.467075555405914
Qwen3-8B	metamath	44	base_model.model.model.layers.25.mlp.up_proj	0.818605183786636	0.4577641130617246	3.197904540363849
Qwen3-8B	metamath	44	base_model.model.model.layers.25.self_attn.k_proj	0.7237717675005426	0.45034970218975845	2.582875762901973
Qwen3-8B	metamath	44	base_model.model.model.layers.25.self_attn.o_proj	0.8905181786930946	0.6651809773875036	1.792280323682449
Qwen3-8B	metamath	44	base_model.model.model.layers.25.self_attn.q_proj	0.7823602539897719	0.4340592956528005	3.2487435878320823
Qwen3-8B	metamath	44	base_model.model.model.layers.25.self_attn.v_proj	0.7361129201274431	0.4821804314591063	2.3306106058311347
Qwen3-8B	metamath	44	base_model.model.model.layers.26.mlp.down_proj	0.8319186428251538	0.6684578640588583	1.5488652623120112
Qwen3-8B	metamath	44	base_model.model.model.layers.26.mlp.gate_proj	0.710977258646532	0.31277632463092475	5.167062028415778
Qwen3-8B	metamath	44	base_model.model.model.layers.26.mlp.up_proj	0.7723813931586984	0.3656929093420079	4.460982574072183
Qwen3-8B	metamath	44	base_model.model.model.layers.26.self_attn.k_proj	0.7647029589324618	0.546898458588879	1.9551142567829658
Qwen3-8B	metamath	44	base_model.model.model.layers.26.self_attn.o_proj	0.8850506375020748	0.7288197316781202	1.4746739023745348
Qwen3-8B	metamath	44	base_model.model.model.layers.26.self_attn.q_proj	0.7065977637091139	0.41214568602591	2.9392938126205155
Qwen3-8B	metamath	44	base_model.model.model.layers.26.self_attn.v_proj	0.6984187012575442	0.43717836806789695	2.552198155073505
Qwen3-8B	metamath	44	base_model.model.model.layers.27.mlp.down_proj	0.8451942488157212	0.6082919923964117	1.9305847334282353
Qwen3-8B	metamath	44	base_model.model.model.layers.27.mlp.gate_proj	0.6024822431399393	0.2516084199720081	5.73374219665996
Qwen3-8B	metamath	44	base_model.model.model.layers.27.mlp.up_proj	0.7946167275384346	0.4202390738583666	3.5753827871849544
Qwen3-8B	metamath	44	base_model.model.model.layers.27.self_attn.k_proj	0.7186336204904881	0.5553372430480038	1.6745628911181254
Qwen3-8B	metamath	44	base_model.model.model.layers.27.self_attn.o_proj	0.870414659195421	0.6944730663474942	1.5708748218768938
Qwen3-8B	metamath	44	base_model.model.model.layers.27.self_attn.q_proj	0.6717472758531307	0.3308737791837421	4.121801984487649
Qwen3-8B	metamath	44	base_model.model.model.layers.27.self_attn.v_proj	0.7256327169081528	0.5254804996204495	1.9068674396557626
Qwen3-8B	metamath	44	base_model.model.model.layers.28.mlp.down_proj	0.7784292284928338	0.584505640334146	1.7736211387703007
Qwen3-8B	metamath	44	base_model.model.model.layers.28.mlp.gate_proj	0.6766394910574015	0.2852901275126912	5.625241810195097
Qwen3-8B	metamath	44	base_model.model.model.layers.28.mlp.up_proj	0.7553572092339487	0.3556034657975626	4.512038398605061
Qwen3-8B	metamath	44	base_model.model.model.layers.28.self_attn.k_proj	0.7688241821746138	0.6185371140839349	1.5449788639044757
Qwen3-8B	metamath	44	base_model.model.model.layers.28.self_attn.o_proj	0.900335911917299	0.7177157455002072	1.5736356961944717
Qwen3-8B	metamath	44	base_model.model.model.layers.28.self_attn.q_proj	0.760389583552488	0.45620817092496824	2.7780892818144713
Qwen3-8B	metamath	44	base_model.model.model.layers.28.self_attn.v_proj	0.7448342903261571	0.576664444254879	1.6682954878664435
Qwen3-8B	metamath	44	base_model.model.model.layers.29.mlp.down_proj	0.8062139026494055	0.65822515212703	1.5002084900822825
Qwen3-8B	metamath	44	base_model.model.model.layers.29.mlp.gate_proj	0.6679783571421873	0.2628342913547279	6.458932275075704
Qwen3-8B	metamath	44	base_model.model.model.layers.29.mlp.up_proj	0.8221829160688702	0.49386601609584224	2.7715237965946558
Qwen3-8B	metamath	44	base_model.model.model.layers.29.self_attn.k_proj	0.7820419824440635	0.6209642929348318	1.5860865424740713
Qwen3-8B	metamath	44	base_model.model.model.layers.29.self_attn.o_proj	0.9161969395300522	0.7064138748348376	1.6821287437523238
Qwen3-8B	metamath	44	base_model.model.model.layers.29.self_attn.q_proj	0.8513435079763325	0.5207713182832769	2.6724866394482865
Qwen3-8B	metamath	44	base_model.model.model.layers.29.self_attn.v_proj	0.7751785218862861	0.5427746502084961	2.0396908604049644
Qwen3-8B	metamath	44	base_model.model.model.layers.3.mlp.down_proj	0.8226578954471772	0.5826858128410898	1.9932861642189323
Qwen3-8B	metamath	44	base_model.model.model.layers.3.mlp.gate_proj	0.34321902031745033	0.10098836583234956	11.550479281165892
Qwen3-8B	metamath	44	base_model.model.model.layers.3.mlp.up_proj	0.48834899393131315	0.15759621518214212	9.602161985276542
Qwen3-8B	metamath	44	base_model.model.model.layers.3.self_attn.k_proj	0.8055225954469981	0.5995293531443187	1.8052383544623194
Qwen3-8B	metamath	44	base_model.model.model.layers.3.self_attn.o_proj	0.6569291955924743	0.32586790665284177	4.064002302959586
Qwen3-8B	metamath	44	base_model.model.model.layers.3.self_attn.q_proj	0.7469602041395952	0.40128386346789324	3.464906635653698
Qwen3-8B	metamath	44	base_model.model.model.layers.3.self_attn.v_proj	0.4629723380431945	0.2655964201420362	3.0385448596946656
Qwen3-8B	metamath	44	base_model.model.model.layers.30.mlp.down_proj	0.790200970258389	0.5845117373554505	1.827631540108883
Qwen3-8B	metamath	44	base_model.model.model.layers.30.mlp.gate_proj	0.5597437318563597	0.20712566348530634	7.303157263533004
Qwen3-8B	metamath	44	base_model.model.model.layers.30.mlp.up_proj	0.8006781194945277	0.40380883084137703	3.931554465611103
Qwen3-8B	metamath	44	base_model.model.model.layers.30.self_attn.k_proj	0.5408802213193854	0.26743369535998257	4.090439282556088
Qwen3-8B	metamath	44	base_model.model.model.layers.30.self_attn.o_proj	0.7418561111104107	0.510212782646726	2.1141543306778123
Qwen3-8B	metamath	44	base_model.model.model.layers.30.self_attn.q_proj	0.6024858535411849	0.25474624411034663	5.593428988465432
Qwen3-8B	metamath	44	base_model.model.model.layers.30.self_attn.v_proj	0.668953425602558	0.4314035797207567	2.4044971966789994
Qwen3-8B	metamath	44	base_model.model.model.layers.31.mlp.down_proj	0.7377793399573387	0.5868116233026521	1.5807222408423147
Qwen3-8B	metamath	44	base_model.model.model.layers.31.mlp.gate_proj	0.5427052981601559	0.21713804994509156	6.2467806495857605
Qwen3-8B	metamath	44	base_model.model.model.layers.31.mlp.up_proj	0.7123109678435736	0.3353649749934933	4.511322305068352
Qwen3-8B	metamath	44	base_model.model.model.layers.31.self_attn.k_proj	0.8337202275664537	0.7408808740107913	1.266321293609224
Qwen3-8B	metamath	44	base_model.model.model.layers.31.self_attn.o_proj	0.9368338335403817	0.8068950821383923	1.3480034276623896
Qwen3-8B	metamath	44	base_model.model.model.layers.31.self_attn.q_proj	0.8580464776036193	0.5547050407527626	2.3927504178014423
Qwen3-8B	metamath	44	base_model.model.model.layers.31.self_attn.v_proj	0.7507054999262414	0.5204814877345351	2.080312701508644
Qwen3-8B	metamath	44	base_model.model.model.layers.32.mlp.down_proj	0.7546530412966986	0.558001229335048	1.8290447945160437
Qwen3-8B	metamath	44	base_model.model.model.layers.32.mlp.gate_proj	0.5437354487456283	0.20253899185717825	7.207057840071007
Qwen3-8B	metamath	44	base_model.model.model.layers.32.mlp.up_proj	0.6193338628043535	0.2788235124461882	4.9339059269890555
Qwen3-8B	metamath	44	base_model.model.model.layers.32.self_attn.k_proj	0.7371870448709622	0.450115453194317	2.6823011908911663
Qwen3-8B	metamath	44	base_model.model.model.layers.32.self_attn.o_proj	0.8738239593653163	0.5854119140854488	2.228049233783375
Qwen3-8B	metamath	44	base_model.model.model.layers.32.self_attn.q_proj	0.6711159222982439	0.2922122010137198	5.274707654252467
Qwen3-8B	metamath	44	base_model.model.model.layers.32.self_attn.v_proj	0.6323707051315677	0.41746377266380474	2.294594237285857
Qwen3-8B	metamath	44	base_model.model.model.layers.33.mlp.down_proj	0.6595231393247882	0.4452763648836955	2.1938189704300144
Qwen3-8B	metamath	44	base_model.model.model.layers.33.mlp.gate_proj	0.5310850418252726	0.19004736789207913	7.8091617946375775
Qwen3-8B	metamath	44	base_model.model.model.layers.33.mlp.up_proj	0.6154019248967382	0.24658098420724026	6.228716110598636
Qwen3-8B	metamath	44	base_model.model.model.layers.33.self_attn.k_proj	0.772172850173862	0.57243593923015	1.8195972457423124
Qwen3-8B	metamath	44	base_model.model.model.layers.33.self_attn.o_proj	0.9001758121189758	0.6727004905758358	1.7906519895411686
Qwen3-8B	metamath	44	base_model.model.model.layers.33.self_attn.q_proj	0.8524507727242107	0.6400351594796807	1.7739074330015039
Qwen3-8B	metamath	44	base_model.model.model.layers.33.self_attn.v_proj	0.6119374312042477	0.3574136092382401	2.931378295613442
Qwen3-8B	metamath	44	base_model.model.model.layers.34.mlp.down_proj	0.5000817633802512	0.36048492293250506	1.9244552818692415
Qwen3-8B	metamath	44	base_model.model.model.layers.34.mlp.gate_proj	0.4228190948299328	0.13844269918966517	9.32758183905348
Qwen3-8B	metamath	44	base_model.model.model.layers.34.mlp.up_proj	0.6123036457410417	0.2437445502877401	6.310501318241758
Qwen3-8B	metamath	44	base_model.model.model.layers.34.self_attn.k_proj	0.6695788906234668	0.43271984169618405	2.3943624217101993
Qwen3-8B	metamath	44	base_model.model.model.layers.34.self_attn.o_proj	0.8849152257845538	0.5366449758823195	2.7191251673564474
Qwen3-8B	metamath	44	base_model.model.model.layers.34.self_attn.q_proj	0.5777755358854992	0.24298848619602814	5.653884174283863
Qwen3-8B	metamath	44	base_model.model.model.layers.34.self_attn.v_proj	0.5775745458031605	0.402323950147938	2.06093510637462
Qwen3-8B	metamath	44	base_model.model.model.layers.35.mlp.down_proj	0.7222830990713285	0.3837086700305517	3.543330649748237
Qwen3-8B	metamath	44	base_model.model.model.layers.35.mlp.gate_proj	0.5581554741499126	0.21653506059062275	6.6443717846177375
Qwen3-8B	metamath	44	base_model.model.model.layers.35.mlp.up_proj	0.5768393259589324	0.24509175527071914	5.53926722907201
Qwen3-8B	metamath	44	base_model.model.model.layers.35.self_attn.k_proj	0.6571220212772197	0.3699264105834562	3.1554504565403025
Qwen3-8B	metamath	44	base_model.model.model.layers.35.self_attn.o_proj	0.7736119514191393	0.42304609957172246	3.3440360482157754
Qwen3-8B	metamath	44	base_model.model.model.layers.35.self_attn.q_proj	0.5607651937945226	0.22779793145826707	6.059859385693638
Qwen3-8B	metamath	44	base_model.model.model.layers.35.self_attn.v_proj	0.4759539273496502	0.21984957725984147	4.6868230787121385
Qwen3-8B	metamath	44	base_model.model.model.layers.4.mlp.down_proj	0.6569208885255344	0.5214996712713562	1.5867849226589097
Qwen3-8B	metamath	44	base_model.model.model.layers.4.mlp.gate_proj	0.3695415514350629	0.10439777336375208	12.52979840554331
Qwen3-8B	metamath	44	base_model.model.model.layers.4.mlp.up_proj	0.5410843546117005	0.1937755299873756	7.79708172538527
Qwen3-8B	metamath	44	base_model.model.model.layers.4.self_attn.k_proj	0.7024364268537645	0.35110422479067477	4.0025976819825715
Qwen3-8B	metamath	44	base_model.model.model.layers.4.self_attn.o_proj	0.7612007076501417	0.4874394464386622	2.438692389139698
Qwen3-8B	metamath	44	base_model.model.model.layers.4.self_attn.q_proj	0.7304407016019095	0.3222158249521375	5.13897136519604
Qwen3-8B	metamath	44	base_model.model.model.layers.4.self_attn.v_proj	0.5812259549124846	0.3852299340568871	2.276407179536754
Qwen3-8B	metamath	44	base_model.model.model.layers.5.mlp.down_proj	0.8035734602178041	0.6068281588910552	1.7535563199330735
Qwen3-8B	metamath	44	base_model.model.model.layers.5.mlp.gate_proj	0.4638083250328785	0.15425340338444601	9.040814729713134
Qwen3-8B	metamath	44	base_model.model.model.layers.5.mlp.up_proj	0.6381295340652384	0.2485349585100895	6.5923874117781915
Qwen3-8B	metamath	44	base_model.model.model.layers.5.self_attn.k_proj	0.8027264907148349	0.49318740036892506	2.649178639712364
Qwen3-8B	metamath	44	base_model.model.model.layers.5.self_attn.o_proj	0.8135054072065658	0.5064976100036209	2.579681487628576
Qwen3-8B	metamath	44	base_model.model.model.layers.5.self_attn.q_proj	0.7557908478450232	0.3371962447164462	5.023863124292602
Qwen3-8B	metamath	44	base_model.model.model.layers.5.self_attn.v_proj	0.5029227719439447	0.2606115181502286	3.7240490186408435
Qwen3-8B	metamath	44	base_model.model.model.layers.6.mlp.down_proj	0.35509429064813497	0.26533176400761416	1.791054868174271
Qwen3-8B	metamath	44	base_model.model.model.layers.6.mlp.gate_proj	0.44126226046488026	0.14319233480167606	9.496291337785221
Qwen3-8B	metamath	44	base_model.model.model.layers.6.mlp.up_proj	0.5798912730038783	0.20622680564693552	7.906839373511693
Qwen3-8B	metamath	44	base_model.model.model.layers.6.self_attn.k_proj	0.7504834431034766	0.41489479072405805	3.271947049933115
Qwen3-8B	metamath	44	base_model.model.model.layers.6.self_attn.o_proj	0.8231313816410604	0.5523309258349322	2.2209541722844013
Qwen3-8B	metamath	44	base_model.model.model.layers.6.self_attn.q_proj	0.6339821556913839	0.2563224055455351	6.117597899252822
Qwen3-8B	metamath	44	base_model.model.model.layers.6.self_attn.v_proj	0.7305148417710415	0.4846564348703151	2.2719047580580325
Qwen3-8B	metamath	44	base_model.model.model.layers.7.mlp.down_proj	0.6395361634062195	0.37151074783164467	2.9633807105797914
Qwen3-8B	metamath	44	base_model.model.model.layers.7.mlp.gate_proj	0.4546294210366195	0.13823180442951644	10.816807984889435
Qwen3-8B	metamath	44	base_model.model.model.layers.7.mlp.up_proj	0.6164694312544242	0.2166117456416786	8.099516375750966
Qwen3-8B	metamath	44	base_model.model.model.layers.7.self_attn.k_proj	0.7281245721754555	0.4457654787797802	2.6680779268418573
Qwen3-8B	metamath	44	base_model.model.model.layers.7.self_attn.o_proj	0.8224147105952334	0.5741038845980152	2.052110625150043
Qwen3-8B	metamath	44	base_model.model.model.layers.7.self_attn.q_proj	0.6978478350805205	0.2979972102747527	5.4839953041825025
Qwen3-8B	metamath	44	base_model.model.model.layers.7.self_attn.v_proj	0.6976628526461162	0.45529326311824253	2.348057622048855
Qwen3-8B	metamath	44	base_model.model.model.layers.8.mlp.down_proj	0.6552573129916205	0.38517093004290076	2.8941214275621325
Qwen3-8B	metamath	44	base_model.model.model.layers.8.mlp.gate_proj	0.5610720443416477	0.20328265480671434	7.61792360337541
Qwen3-8B	metamath	44	base_model.model.model.layers.8.mlp.up_proj	0.8290550522548417	0.4734478528023589	3.0663550359390777
Qwen3-8B	metamath	44	base_model.model.model.layers.8.self_attn.k_proj	0.598657902152215	0.38477901745581256	2.420664918963963
Qwen3-8B	metamath	44	base_model.model.model.layers.8.self_attn.o_proj	0.7365742379715889	0.5011201010098468	2.1604757853791727
Qwen3-8B	metamath	44	base_model.model.model.layers.8.self_attn.q_proj	0.7520360959502087	0.35453391184609057	4.499474627641892
Qwen3-8B	metamath	44	base_model.model.model.layers.8.self_attn.v_proj	0.674160042184779	0.5243218150017961	1.6532181378056667
Qwen3-8B	metamath	44	base_model.model.model.layers.9.mlp.down_proj	0.6268739810889512	0.3729487960323068	2.8252837395431176
Qwen3-8B	metamath	44	base_model.model.model.layers.9.mlp.gate_proj	0.6501810746730611	0.23775826081616944	7.478205881235854
Qwen3-8B	metamath	44	base_model.model.model.layers.9.mlp.up_proj	0.7711698658171839	0.3818869755765327	4.077842124728915
Qwen3-8B	metamath	44	base_model.model.model.layers.9.self_attn.k_proj	0.5566375619271633	0.3195418159223053	3.0345173194950905
Qwen3-8B	metamath	44	base_model.model.model.layers.9.self_attn.o_proj	0.800638233628519	0.5622591030203969	2.0276811331060793
Qwen3-8B	metamath	44	base_model.model.model.layers.9.self_attn.q_proj	0.6072574128761561	0.22193118375927431	7.4870199561921496
Qwen3-8B	metamath	44	base_model.model.model.layers.9.self_attn.v_proj	0.6450774734605746	0.36512061684681274	3.12141159791887
Qwen3-8B	tulu	44	base_model.model.model.layers.0.mlp.down_proj	0.7431539471129895	0.6180500149135588	1.4458070400579064
Qwen3-8B	tulu	44	base_model.model.model.layers.0.mlp.gate_proj	0.7122054337367739	0.330906853253252	4.632325219746258
Qwen3-8B	tulu	44	base_model.model.model.layers.0.mlp.up_proj	0.7902065773859558	0.5046957981147536	2.4514435807738306
Qwen3-8B	tulu	44	base_model.model.model.layers.0.self_attn.k_proj	0.8810296336670931	0.6480966580589372	1.8479978794566205
Qwen3-8B	tulu	44	base_model.model.model.layers.0.self_attn.o_proj	0.6869296368128378	0.5069488642890799	1.8360994434700757
Qwen3-8B	tulu	44	base_model.model.model.layers.0.self_attn.q_proj	0.8090599324842472	0.4625801632736915	3.059055649714881
Qwen3-8B	tulu	44	base_model.model.model.layers.0.self_attn.v_proj	0.6653664031235429	0.4141492953333422	2.581118135731317
Qwen3-8B	tulu	44	base_model.model.model.layers.1.mlp.down_proj	0.6760477070616303	0.6042133279721053	1.251912819279957
Qwen3-8B	tulu	44	base_model.model.model.layers.1.mlp.gate_proj	0.48173983463692965	0.24495525282012068	3.8676895285170665
Qwen3-8B	tulu	44	base_model.model.model.layers.1.mlp.up_proj	0.5575724974425856	0.41229005827171905	1.8289294892375292
Qwen3-8B	tulu	44	base_model.model.model.layers.1.self_attn.k_proj	0.6988402555529075	0.4372217275442137	2.5547732249748276
Qwen3-8B	tulu	44	base_model.model.model.layers.1.self_attn.o_proj	0.7000223402070367	0.41003318727524823	2.914645780335
Qwen3-8B	tulu	44	base_model.model.model.layers.1.self_attn.q_proj	0.6625912290079151	0.3700146540963305	3.206664447772253
Qwen3-8B	tulu	44	base_model.model.model.layers.1.self_attn.v_proj	0.6495434734850487	0.5558198399372489	1.3656781378847849
Qwen3-8B	tulu	44	base_model.model.model.layers.10.mlp.down_proj	0.6039062480784254	0.39017320016439344	2.395654444198728
Qwen3-8B	tulu	44	base_model.model.model.layers.10.mlp.gate_proj	0.7919328093946877	0.4182110575426831	3.585796583149149
Qwen3-8B	tulu	44	base_model.model.model.layers.10.mlp.up_proj	0.8777187551127703	0.6412300896349804	1.8736262838542725
Qwen3-8B	tulu	44	base_model.model.model.layers.10.self_attn.k_proj	0.7546191318406229	0.5269920103434299	2.0504423412209603
Qwen3-8B	tulu	44	base_model.model.model.layers.10.self_attn.o_proj	0.8005409573528826	0.6364837005854037	1.5819492229721903
Qwen3-8B	tulu	44	base_model.model.model.layers.10.self_attn.q_proj	0.7779108908767135	0.6178168944869696	1.5854047068754957
Qwen3-8B	tulu	44	base_model.model.model.layers.10.self_attn.v_proj	0.6140021868831436	0.42292539178465915	2.1077170822579605
Qwen3-8B	tulu	44	base_model.model.model.layers.11.mlp.down_proj	0.7185854372549034	0.4824349093188223	2.218601851024617
Qwen3-8B	tulu	44	base_model.model.model.layers.11.mlp.gate_proj	0.8313207299877521	0.4338949291673409	3.6708621103066323
Qwen3-8B	tulu	44	base_model.model.model.layers.11.mlp.up_proj	0.8676510060463664	0.5868531153000695	2.1859051870260213
Qwen3-8B	tulu	44	base_model.model.model.layers.11.self_attn.k_proj	0.6077340757519736	0.35270552191591437	2.968948457091241
Qwen3-8B	tulu	44	base_model.model.model.layers.11.self_attn.o_proj	0.8135967346869613	0.6440687383319466	1.5957099528817051
Qwen3-8B	tulu	44	base_model.model.model.layers.11.self_attn.q_proj	0.7246737236028317	0.520921876392083	1.9352622982828107
Qwen3-8B	tulu	44	base_model.model.model.layers.11.self_attn.v_proj	0.6467807415853071	0.4323332268734952	2.238086827118006
Qwen3-8B	tulu	44	base_model.model.model.layers.12.mlp.down_proj	0.7290980062749723	0.5478980153498361	1.770811634607956
Qwen3-8B	tulu	44	base_model.model.model.layers.12.mlp.gate_proj	0.8383260533392866	0.48912730480772276	2.9375286559233955
Qwen3-8B	tulu	44	base_model.model.model.layers.12.mlp.up_proj	0.8781121264457602	0.6224329723146393	1.990282700478768
Qwen3-8B	tulu	44	base_model.model.model.layers.12.self_attn.k_proj	0.6809112031472884	0.48842178929481395	1.9435284346677302
Qwen3-8B	tulu	44	base_model.model.model.layers.12.self_attn.o_proj	0.7945776186681172	0.6370458494048414	1.55571942635891
Qwen3-8B	tulu	44	base_model.model.model.layers.12.self_attn.q_proj	0.8427016287399207	0.6298731740898912	1.789952234352605
Qwen3-8B	tulu	44	base_model.model.model.layers.12.self_attn.v_proj	0.651075061593015	0.4107648869786531	2.512323132203781
Qwen3-8B	tulu	44	base_model.model.model.layers.13.mlp.down_proj	0.7312953298310383	0.481331723865272	2.3083232571378596
Qwen3-8B	tulu	44	base_model.model.model.layers.13.mlp.gate_proj	0.7691252414924832	0.40597377955886854	3.5892041324223447
Qwen3-8B	tulu	44	base_model.model.model.layers.13.mlp.up_proj	0.9104969023109185	0.7073359029066375	1.656935260598948
Qwen3-8B	tulu	44	base_model.model.model.layers.13.self_attn.k_proj	0.6998593451451117	0.5075501663241624	1.901356629348986
Qwen3-8B	tulu	44	base_model.model.model.layers.13.self_attn.o_proj	0.8372878766291962	0.6454166597663112	1.6829424424018973
Qwen3-8B	tulu	44	base_model.model.model.layers.13.self_attn.q_proj	0.8496584770586612	0.6553377837807696	1.6809638477920676
Qwen3-8B	tulu	44	base_model.model.model.layers.13.self_attn.v_proj	0.7003340037567726	0.536198546516116	1.705921968824696
Qwen3-8B	tulu	44	base_model.model.model.layers.14.mlp.down_proj	0.7248844785222374	0.535833415519576	1.830113455972992
Qwen3-8B	tulu	44	base_model.model.model.layers.14.mlp.gate_proj	0.794474138739358	0.45911002537486756	2.9945114431546918
Qwen3-8B	tulu	44	base_model.model.model.layers.14.mlp.up_proj	0.8525073105310621	0.5817817906791712	2.1472171918542573
Qwen3-8B	tulu	44	base_model.model.model.layers.14.self_attn.k_proj	0.7954000228514948	0.5664448498642292	1.9717685405637442
Qwen3-8B	tulu	44	base_model.model.model.layers.14.self_attn.o_proj	0.8384285357801862	0.6635439562236298	1.5965874324891052
Qwen3-8B	tulu	44	base_model.model.model.layers.14.self_attn.q_proj	0.7741353695906421	0.5648891391134139	1.8780509548903117
Qwen3-8B	tulu	44	base_model.model.model.layers.14.self_attn.v_proj	0.6573701030720367	0.38264144032854597	2.9514531380195193
Qwen3-8B	tulu	44	base_model.model.model.layers.15.mlp.down_proj	0.7422316825207723	0.4856848734385503	2.335445954886897
Qwen3-8B	tulu	44	base_model.model.model.layers.15.mlp.gate_proj	0.8134394784364238	0.43179946145742276	3.5488390186678243
Qwen3-8B	tulu	44	base_model.model.model.layers.15.mlp.up_proj	0.8876579525198182	0.6425287101744862	1.908561770423144
Qwen3-8B	tulu	44	base_model.model.model.layers.15.self_attn.k_proj	0.6813528430612277	0.34452519884025046	3.9111291831252317
Qwen3-8B	tulu	44	base_model.model.model.layers.15.self_attn.o_proj	0.8818753569306866	0.7230588070013496	1.4875349322450058
Qwen3-8B	tulu	44	base_model.model.model.layers.15.self_attn.q_proj	0.7659860352898009	0.5086088085284902	2.2681613691511084
Qwen3-8B	tulu	44	base_model.model.model.layers.15.self_attn.v_proj	0.6893546669258496	0.4714498054550666	2.1380335628962976
Qwen3-8B	tulu	44	base_model.model.model.layers.16.mlp.down_proj	0.812018350607868	0.6583104799892417	1.5214936701942217
Qwen3-8B	tulu	44	base_model.model.model.layers.16.mlp.gate_proj	0.8363959530876655	0.45426458986608687	3.3900497860037024
Qwen3-8B	tulu	44	base_model.model.model.layers.16.mlp.up_proj	0.8867056302418841	0.6757301374164238	1.7219175584237025
Qwen3-8B	tulu	44	base_model.model.model.layers.16.self_attn.k_proj	0.7726280202130998	0.5943654258669772	1.6897942626721776
Qwen3-8B	tulu	44	base_model.model.model.layers.16.self_attn.o_proj	0.8452155153763543	0.619952800479788	1.8587358227794981
Qwen3-8B	tulu	44	base_model.model.model.layers.16.self_attn.q_proj	0.7901817483705683	0.5976524472571232	1.7480610010116029
Qwen3-8B	tulu	44	base_model.model.model.layers.16.self_attn.v_proj	0.7524298856193088	0.5398129798418753	1.9428775399995906
Qwen3-8B	tulu	44	base_model.model.model.layers.17.mlp.down_proj	0.8024363810593477	0.625852987569934	1.6439044147785677
Qwen3-8B	tulu	44	base_model.model.model.layers.17.mlp.gate_proj	0.8350346033404045	0.4707527151900115	3.1464677032895545
Qwen3-8B	tulu	44	base_model.model.model.layers.17.mlp.up_proj	0.8831679427744895	0.6185961571035338	2.038319024149977
Qwen3-8B	tulu	44	base_model.model.model.layers.17.self_attn.k_proj	0.7668069132899167	0.5098891191882506	2.2616247622792978
Qwen3-8B	tulu	44	base_model.model.model.layers.17.self_attn.o_proj	0.890879736238985	0.6845028578323608	1.6938994617041632
Qwen3-8B	tulu	44	base_model.model.model.layers.17.self_attn.q_proj	0.7852046300982077	0.5138648788358018	2.334897562449136
Qwen3-8B	tulu	44	base_model.model.model.layers.17.self_attn.v_proj	0.738505336160629	0.5808890182989804	1.6162961668383449
Qwen3-8B	tulu	44	base_model.model.model.layers.18.mlp.down_proj	0.7687921973771286	0.5479994198410709	1.9681479241115274
Qwen3-8B	tulu	44	base_model.model.model.layers.18.mlp.gate_proj	0.8641507502692203	0.5377416298067202	2.582448708149448
Qwen3-8B	tulu	44	base_model.model.model.layers.18.mlp.up_proj	0.9056597498078693	0.7194172323215094	1.5847780998005125
Qwen3-8B	tulu	44	base_model.model.model.layers.18.self_attn.k_proj	0.7656531483841534	0.615359884660829	1.5481241413984146
Qwen3-8B	tulu	44	base_model.model.model.layers.18.self_attn.o_proj	0.8902847936538698	0.6907145758423205	1.661348216048634
Qwen3-8B	tulu	44	base_model.model.model.layers.18.self_attn.q_proj	0.8604496067724725	0.7212316546667619	1.423315968471684
Qwen3-8B	tulu	44	base_model.model.model.layers.18.self_attn.v_proj	0.6418185885460624	0.47725671243199796	1.8085082390954228
Qwen3-8B	tulu	44	base_model.model.model.layers.19.mlp.down_proj	0.8538242088982432	0.7344018512069088	1.3516660415451645
Qwen3-8B	tulu	44	base_model.model.model.layers.19.mlp.gate_proj	0.7996552458416765	0.45009329683193144	3.1564614600416103
Qwen3-8B	tulu	44	base_model.model.model.layers.19.mlp.up_proj	0.9248055881501824	0.7573187692529406	1.4912259403270307
Qwen3-8B	tulu	44	base_model.model.model.layers.19.self_attn.k_proj	0.8090767848240882	0.6377977806616031	1.6092127782943058
Qwen3-8B	tulu	44	base_model.model.model.layers.19.self_attn.o_proj	0.9108902467290774	0.7280529191822562	1.5653310815555652
Qwen3-8B	tulu	44	base_model.model.model.layers.19.self_attn.q_proj	0.8392107439949686	0.6528962045757567	1.6521663882924826
Qwen3-8B	tulu	44	base_model.model.model.layers.19.self_attn.v_proj	0.7454648099548907	0.5537520910751984	1.812272648377741
Qwen3-8B	tulu	44	base_model.model.model.layers.2.mlp.down_proj	0.7737177355275806	0.6000650101433903	1.6625261943445007
Qwen3-8B	tulu	44	base_model.model.model.layers.2.mlp.gate_proj	0.5721842555327104	0.24941454986174863	5.262937795645037
Qwen3-8B	tulu	44	base_model.model.model.layers.2.mlp.up_proj	0.6477015212541777	0.5371823848589635	1.4538055023511103
Qwen3-8B	tulu	44	base_model.model.model.layers.2.self_attn.k_proj	0.8178040742993367	0.5049286259058213	2.623243189882018
Qwen3-8B	tulu	44	base_model.model.model.layers.2.self_attn.o_proj	0.7706937689690454	0.521155374233817	2.186901659883419
Qwen3-8B	tulu	44	base_model.model.model.layers.2.self_attn.q_proj	0.7626266922580243	0.4721685052608458	2.6087350477803253
Qwen3-8B	tulu	44	base_model.model.model.layers.2.self_attn.v_proj	0.6275049666726588	0.4531632467848904	1.9174540960465671
Qwen3-8B	tulu	44	base_model.model.model.layers.20.mlp.down_proj	0.8245244443523053	0.6941246038310793	1.4110168299302461
Qwen3-8B	tulu	44	base_model.model.model.layers.20.mlp.gate_proj	0.8331068555485994	0.4875311843648475	2.920092550571214
Qwen3-8B	tulu	44	base_model.model.model.layers.20.mlp.up_proj	0.9307741674327819	0.7473865335309805	1.550951103107057
Qwen3-8B	tulu	44	base_model.model.model.layers.20.self_attn.k_proj	0.8118911984757846	0.6390887461441122	1.613887755517518
Qwen3-8B	tulu	44	base_model.model.model.layers.20.self_attn.o_proj	0.9210873661367879	0.8261855801073085	1.2429293102044894
Qwen3-8B	tulu	44	base_model.model.model.layers.20.self_attn.q_proj	0.8367745551926291	0.6988780734352721	1.43355414539683
Qwen3-8B	tulu	44	base_model.model.model.layers.20.self_attn.v_proj	0.7592760066062031	0.6223616004074137	1.4883798253441451
Qwen3-8B	tulu	44	base_model.model.model.layers.21.mlp.down_proj	0.8374972918015725	0.6704301217801134	1.5604856729439942
Qwen3-8B	tulu	44	base_model.model.model.layers.21.mlp.gate_proj	0.8692468209690555	0.5612935125779286	2.398314740587796
Qwen3-8B	tulu	44	base_model.model.model.layers.21.mlp.up_proj	0.9100472490540297	0.7031507143982118	1.6750625833540995
Qwen3-8B	tulu	44	base_model.model.model.layers.21.self_attn.k_proj	0.8036480515162568	0.6827008549857649	1.3857053657882878
Qwen3-8B	tulu	44	base_model.model.model.layers.21.self_attn.o_proj	0.8735311560221931	0.6576263520337298	1.764405421509622
Qwen3-8B	tulu	44	base_model.model.model.layers.21.self_attn.q_proj	0.846458950202117	0.7040116529453765	1.4456132076109593
Qwen3-8B	tulu	44	base_model.model.model.layers.21.self_attn.v_proj	0.7198772703306839	0.5703863374817286	1.5928639886193314
Qwen3-8B	tulu	44	base_model.model.model.layers.22.mlp.down_proj	0.8065501631524427	0.6458887286318593	1.5593634668512772
Qwen3-8B	tulu	44	base_model.model.model.layers.22.mlp.gate_proj	0.8263363254176708	0.501646863547316	2.713422904794375
Qwen3-8B	tulu	44	base_model.model.model.layers.22.mlp.up_proj	0.9247364388812654	0.730875950170456	1.6008424771158434
Qwen3-8B	tulu	44	base_model.model.model.layers.22.self_attn.k_proj	0.7807693202883602	0.5761382158425259	1.8365049899761305
Qwen3-8B	tulu	44	base_model.model.model.layers.22.self_attn.o_proj	0.9109578779732879	0.7140683391483245	1.6274851594062583
Qwen3-8B	tulu	44	base_model.model.model.layers.22.self_attn.q_proj	0.830694746220269	0.6405379079327503	1.6818732123770497
Qwen3-8B	tulu	44	base_model.model.model.layers.22.self_attn.v_proj	0.774072722133681	0.5793534968814382	1.7851563603895653
Qwen3-8B	tulu	44	base_model.model.model.layers.23.mlp.down_proj	0.809425097645881	0.6591494040847142	1.5079453593565237
Qwen3-8B	tulu	44	base_model.model.model.layers.23.mlp.gate_proj	0.8507933513417514	0.4991528637842092	2.9052334810936387
Qwen3-8B	tulu	44	base_model.model.model.layers.23.mlp.up_proj	0.926209882193815	0.7542754135107106	1.507852698476217
Qwen3-8B	tulu	44	base_model.model.model.layers.23.self_attn.k_proj	0.8602200219698204	0.7030788737705854	1.4969627605368825
Qwen3-8B	tulu	44	base_model.model.model.layers.23.self_attn.o_proj	0.9052391082526189	0.7571208377570993	1.4295396908259705
Qwen3-8B	tulu	44	base_model.model.model.layers.23.self_attn.q_proj	0.8567276805852172	0.6458370051581477	1.7597045091342187
Qwen3-8B	tulu	44	base_model.model.model.layers.23.self_attn.v_proj	0.7755160255606143	0.6245481150816492	1.5418770682660898
Qwen3-8B	tulu	44	base_model.model.model.layers.24.mlp.down_proj	0.8241033320873649	0.7266182796119444	1.2863249745456273
Qwen3-8B	tulu	44	base_model.model.model.layers.24.mlp.gate_proj	0.793128143567866	0.42878777202077434	3.4213849277858244
Qwen3-8B	tulu	44	base_model.model.model.layers.24.mlp.up_proj	0.8763224258854695	0.5871624275975631	2.227467298581702
Qwen3-8B	tulu	44	base_model.model.model.layers.24.self_attn.k_proj	0.8502853620127698	0.6769352667921564	1.5777388668457104
Qwen3-8B	tulu	44	base_model.model.model.layers.24.self_attn.o_proj	0.9024295472986009	0.7265141826765277	1.5429022750057009
Qwen3-8B	tulu	44	base_model.model.model.layers.24.self_attn.q_proj	0.7984661146206188	0.56875703647802	1.9708765181911316
Qwen3-8B	tulu	44	base_model.model.model.layers.24.self_attn.v_proj	0.7974075111674849	0.6315838503250917	1.5940377836787292
Qwen3-8B	tulu	44	base_model.model.model.layers.25.mlp.down_proj	0.8670511247165696	0.7661883160704385	1.2806143438466648
Qwen3-8B	tulu	44	base_model.model.model.layers.25.mlp.gate_proj	0.8610270628903207	0.516139424021899	2.7829124148786666
Qwen3-8B	tulu	44	base_model.model.model.layers.25.mlp.up_proj	0.8939416455390251	0.6132107644589193	2.1251950712056478
Qwen3-8B	tulu	44	base_model.model.model.layers.25.self_attn.k_proj	0.8686046732201734	0.7049061650064892	1.5183843033249897
Qwen3-8B	tulu	44	base_model.model.model.layers.25.self_attn.o_proj	0.9350883007197756	0.7945147616233341	1.3851643502860471
Qwen3-8B	tulu	44	base_model.model.model.layers.25.self_attn.q_proj	0.870897914028668	0.6673434098672408	1.7030827435284097
Qwen3-8B	tulu	44	base_model.model.model.layers.25.self_attn.v_proj	0.727857773740269	0.6255719966317589	1.3537499401383242
Qwen3-8B	tulu	44	base_model.model.model.layers.26.mlp.down_proj	0.856497456935211	0.7303665744430872	1.375214291717796
Qwen3-8B	tulu	44	base_model.model.model.layers.26.mlp.gate_proj	0.8389649612048621	0.4869363820445737	2.9685419954569454
Qwen3-8B	tulu	44	base_model.model.model.layers.26.mlp.up_proj	0.9022066699944451	0.6759830838182947	1.7813137117145137
Qwen3-8B	tulu	44	base_model.model.model.layers.26.self_attn.k_proj	0.8180808023543492	0.6277121572352033	1.6985225723875719
Qwen3-8B	tulu	44	base_model.model.model.layers.26.self_attn.o_proj	0.9174172275180439	0.7438509434200592	1.5211146393079686
Qwen3-8B	tulu	44	base_model.model.model.layers.26.self_attn.q_proj	0.8746013938713412	0.6793278833001228	1.6575301956176776
Qwen3-8B	tulu	44	base_model.model.model.layers.26.self_attn.v_proj	0.737228947382836	0.5832172794070288	1.5978793847820818
Qwen3-8B	tulu	44	base_model.model.model.layers.27.mlp.down_proj	0.8408226875794599	0.7479746653041565	1.2636740492911516
Qwen3-8B	tulu	44	base_model.model.model.layers.27.mlp.gate_proj	0.8429454291511873	0.4797312747730629	3.0874707795357823
Qwen3-8B	tulu	44	base_model.model.model.layers.27.mlp.up_proj	0.939990049799435	0.7749981492839054	1.4711101165586156
Qwen3-8B	tulu	44	base_model.model.model.layers.27.self_attn.k_proj	0.8037859735899807	0.6724117347274623	1.4289277769596735
Qwen3-8B	tulu	44	base_model.model.model.layers.27.self_attn.o_proj	0.9096307714568302	0.7677897076755988	1.403607612127037
Qwen3-8B	tulu	44	base_model.model.model.layers.27.self_attn.q_proj	0.8139699257467391	0.5545485575082697	2.1544556486604876
Qwen3-8B	tulu	44	base_model.model.model.layers.27.self_attn.v_proj	0.7275899353224793	0.6141235695233568	1.403659711211804
Qwen3-8B	tulu	44	base_model.model.model.layers.28.mlp.down_proj	0.8314789541367672	0.7952044430759371	1.0933140428030756
Qwen3-8B	tulu	44	base_model.model.model.layers.28.mlp.gate_proj	0.8707017071499241	0.5548937431109887	2.46217624145046
Qwen3-8B	tulu	44	base_model.model.model.layers.28.mlp.up_proj	0.9275466028400987	0.7304372501760459	1.612522015133633
Qwen3-8B	tulu	44	base_model.model.model.layers.28.self_attn.k_proj	0.7751452361055805	0.507981338888601	2.328470004781277
Qwen3-8B	tulu	44	base_model.model.model.layers.28.self_attn.o_proj	0.8788062736393263	0.7034248715700213	1.560812941292582
Qwen3-8B	tulu	44	base_model.model.model.layers.28.self_attn.q_proj	0.8167562524068174	0.5798114126954674	1.9843186603736265
Qwen3-8B	tulu	44	base_model.model.model.layers.28.self_attn.v_proj	0.6880241836918534	0.5878928258333073	1.3696546824624334
Qwen3-8B	tulu	44	base_model.model.model.layers.29.mlp.down_proj	0.7771978574499437	0.710289326150797	1.1972714117485361
Qwen3-8B	tulu	44	base_model.model.model.layers.29.mlp.gate_proj	0.8404460158778032	0.48858166384441887	2.9590023987142384
Qwen3-8B	tulu	44	base_model.model.model.layers.29.mlp.up_proj	0.9180971350276268	0.6768864877069273	1.8396939285666598
Qwen3-8B	tulu	44	base_model.model.model.layers.29.self_attn.k_proj	0.809972481920648	0.5684356028312739	2.030383082660446
Qwen3-8B	tulu	44	base_model.model.model.layers.29.self_attn.o_proj	0.8902809352049496	0.5980584394721937	2.215985427464401
Qwen3-8B	tulu	44	base_model.model.model.layers.29.self_attn.q_proj	0.8705362448587866	0.6707351068426464	1.684502418661218
Qwen3-8B	tulu	44	base_model.model.model.layers.29.self_attn.v_proj	0.7696756785228565	0.6313889956142519	1.4860092394565392
Qwen3-8B	tulu	44	base_model.model.model.layers.3.mlp.down_proj	0.8552148976066819	0.7064128437906336	1.4656603574522642
Qwen3-8B	tulu	44	base_model.model.model.layers.3.mlp.gate_proj	0.47670481050195124	0.18296248945594762	6.788517585044627
Qwen3-8B	tulu	44	base_model.model.model.layers.3.mlp.up_proj	0.6260522263742229	0.48291462769124593	1.6806621037195246
Qwen3-8B	tulu	44	base_model.model.model.layers.3.self_attn.k_proj	0.8262606885426305	0.5510542631177391	2.248254379251408
Qwen3-8B	tulu	44	base_model.model.model.layers.3.self_attn.o_proj	0.7650837383684332	0.4593343423834274	2.7743427163312195
Qwen3-8B	tulu	44	base_model.model.model.layers.3.self_attn.q_proj	0.7459049749087774	0.4339148976844089	2.955002722115418
Qwen3-8B	tulu	44	base_model.model.model.layers.3.self_attn.v_proj	0.6295525093202594	0.4969645860974009	1.6047708795681368
Qwen3-8B	tulu	44	base_model.model.model.layers.30.mlp.down_proj	0.7611936516278185	0.7657761904847804	0.9880674600330116
Qwen3-8B	tulu	44	base_model.model.model.layers.30.mlp.gate_proj	0.866132495255465	0.5000818208440401	2.999760145392393
Qwen3-8B	tulu	44	base_model.model.model.layers.30.mlp.up_proj	0.8743004028369101	0.6085088864739486	2.0643698478906862
Qwen3-8B	tulu	44	base_model.model.model.layers.30.self_attn.k_proj	0.7147723225405674	0.6093749108339874	1.3758348810663754
Qwen3-8B	tulu	44	base_model.model.model.layers.30.self_attn.o_proj	0.8870326494734867	0.728193475168592	1.4838351149572442
Qwen3-8B	tulu	44	base_model.model.model.layers.30.self_attn.q_proj	0.7589448652483045	0.5137099901909772	2.182651664054654
Qwen3-8B	tulu	44	base_model.model.model.layers.30.self_attn.v_proj	0.7117912602308496	0.5838935061377146	1.4860657056891362
Qwen3-8B	tulu	44	base_model.model.model.layers.31.mlp.down_proj	0.8207052049914728	0.7677831346750981	1.142607944642593
Qwen3-8B	tulu	44	base_model.model.model.layers.31.mlp.gate_proj	0.8534698627893571	0.5258605664231659	2.6341176636818027
Qwen3-8B	tulu	44	base_model.model.model.layers.31.mlp.up_proj	0.8771819686559653	0.6006968884499244	2.1323997689006586
Qwen3-8B	tulu	44	base_model.model.model.layers.31.self_attn.k_proj	0.777409298653923	0.5815003716443917	1.7873082855473155
Qwen3-8B	tulu	44	base_model.model.model.layers.31.self_attn.o_proj	0.9047014214921391	0.6867499201692118	1.7354548129233767
Qwen3-8B	tulu	44	base_model.model.model.layers.31.self_attn.q_proj	0.8462625450235368	0.6391526682390519	1.7530771411512742
Qwen3-8B	tulu	44	base_model.model.model.layers.31.self_attn.v_proj	0.7125857590003604	0.5622010356088883	1.6065379719605228
Qwen3-8B	tulu	44	base_model.model.model.layers.32.mlp.down_proj	0.7867674976373298	0.7420616247954682	1.1241205180563387
Qwen3-8B	tulu	44	base_model.model.model.layers.32.mlp.gate_proj	0.8493961604359617	0.5172138918773634	2.6969955183979644
Qwen3-8B	tulu	44	base_model.model.model.layers.32.mlp.up_proj	0.8799461918651249	0.582783469930788	2.279805423009854
Qwen3-8B	tulu	44	base_model.model.model.layers.32.self_attn.k_proj	0.7525898820982256	0.5181860206570672	2.1093340598255352
Qwen3-8B	tulu	44	base_model.model.model.layers.32.self_attn.o_proj	0.8830632472344734	0.6863734958046223	1.6552462399699452
Qwen3-8B	tulu	44	base_model.model.model.layers.32.self_attn.q_proj	0.7950021301103308	0.49405108585600976	2.589362584519646
Qwen3-8B	tulu	44	base_model.model.model.layers.32.self_attn.v_proj	0.5358075786206962	0.42681764413113904	1.5759156758594008
Qwen3-8B	tulu	44	base_model.model.model.layers.33.mlp.down_proj	0.6708304192914871	0.4786061494549257	1.964576508791959
Qwen3-8B	tulu	44	base_model.model.model.layers.33.mlp.gate_proj	0.7888591789067357	0.4188591777423167	3.5470139356500616
Qwen3-8B	tulu	44	base_model.model.model.layers.33.mlp.up_proj	0.8490263302206459	0.4952009619726516	2.9395398931303456
Qwen3-8B	tulu	44	base_model.model.model.layers.33.self_attn.k_proj	0.8192157791111256	0.6884707730785313	1.415877240802556
Qwen3-8B	tulu	44	base_model.model.model.layers.33.self_attn.o_proj	0.8709351890714033	0.5451116855784655	2.5527053692840553
Qwen3-8B	tulu	44	base_model.model.model.layers.33.self_attn.q_proj	0.8545532375232474	0.6039141333990395	2.0022940678664485
Qwen3-8B	tulu	44	base_model.model.model.layers.33.self_attn.v_proj	0.6601612373261894	0.4883771308475168	1.8272139504326266
Qwen3-8B	tulu	44	base_model.model.model.layers.34.mlp.down_proj	0.5633705078331618	0.39154966052679996	2.070210527516055
Qwen3-8B	tulu	44	base_model.model.model.layers.34.mlp.gate_proj	0.730235889119762	0.37005946038979914	3.893886824620231
Qwen3-8B	tulu	44	base_model.model.model.layers.34.mlp.up_proj	0.773732204370399	0.45439916963247845	2.899387677615847
Qwen3-8B	tulu	44	base_model.model.model.layers.34.self_attn.k_proj	0.7347216324188135	0.36709752549631325	4.0057398399902135
Qwen3-8B	tulu	44	base_model.model.model.layers.34.self_attn.o_proj	0.8347059919160995	0.45757604739857904	3.3276718830572247
Qwen3-8B	tulu	44	base_model.model.model.layers.34.self_attn.q_proj	0.6478305768627667	0.36501835984500014	3.1498760627066047
Qwen3-8B	tulu	44	base_model.model.model.layers.34.self_attn.v_proj	0.620951642227445	0.39862820150515693	2.4264956638088515
Qwen3-8B	tulu	44	base_model.model.model.layers.35.mlp.down_proj	0.6806386726483145	0.5098226476220381	1.782358224610948
Qwen3-8B	tulu	44	base_model.model.model.layers.35.mlp.gate_proj	0.7289187555110457	0.42564150741174667	2.9327180010798934
Qwen3-8B	tulu	44	base_model.model.model.layers.35.mlp.up_proj	0.6537874240025431	0.2960929636803716	4.875475190780074
Qwen3-8B	tulu	44	base_model.model.model.layers.35.self_attn.k_proj	0.7000636506038074	0.3670682231679319	3.637319723607951
Qwen3-8B	tulu	44	base_model.model.model.layers.35.self_attn.o_proj	0.7510128110602678	0.3089980023329264	5.907222747600657
Qwen3-8B	tulu	44	base_model.model.model.layers.35.self_attn.q_proj	0.6755129770110136	0.32887594929773034	4.218938198510095
Qwen3-8B	tulu	44	base_model.model.model.layers.35.self_attn.v_proj	0.5714481077276158	0.27127179508203236	4.437560789065766
Qwen3-8B	tulu	44	base_model.model.model.layers.4.mlp.down_proj	0.667544245293394	0.3759391451913318	3.1530075702624747
Qwen3-8B	tulu	44	base_model.model.model.layers.4.mlp.gate_proj	0.5097491566560756	0.24090885403630755	4.477210445984906
Qwen3-8B	tulu	44	base_model.model.model.layers.4.mlp.up_proj	0.723329312425837	0.5007791986755868	2.0863134991703154
Qwen3-8B	tulu	44	base_model.model.model.layers.4.self_attn.k_proj	0.8302085758690145	0.615463725375021	1.819573100758656
Qwen3-8B	tulu	44	base_model.model.model.layers.4.self_attn.o_proj	0.8033394998368354	0.5578473193294977	2.073803208978491
Qwen3-8B	tulu	44	base_model.model.model.layers.4.self_attn.q_proj	0.7062231629609632	0.3451236220936723	4.187304499051556
Qwen3-8B	tulu	44	base_model.model.model.layers.4.self_attn.v_proj	0.7560015496555207	0.5272517863872032	2.055934392914653
Qwen3-8B	tulu	44	base_model.model.model.layers.5.mlp.down_proj	0.6496877966022957	0.49546048160861017	1.7194572301095625
Qwen3-8B	tulu	44	base_model.model.model.layers.5.mlp.gate_proj	0.7324443580103996	0.3608768988740757	4.119372940336009
Qwen3-8B	tulu	44	base_model.model.model.layers.5.mlp.up_proj	0.7838895165694537	0.6571444081465603	1.4229448867998
Qwen3-8B	tulu	44	base_model.model.model.layers.5.self_attn.k_proj	0.7954484248898152	0.49324066128016325	2.600796126932294
Qwen3-8B	tulu	44	base_model.model.model.layers.5.self_attn.o_proj	0.8256233650123277	0.6823597047795232	1.463986947139765
Qwen3-8B	tulu	44	base_model.model.model.layers.5.self_attn.q_proj	0.7988971313220692	0.5720488267432075	1.9503633392549435
Qwen3-8B	tulu	44	base_model.model.model.layers.5.self_attn.v_proj	0.686836667348833	0.4762568306132572	2.079814058780377
Qwen3-8B	tulu	44	base_model.model.model.layers.6.mlp.down_proj	0.35949993851894396	0.46237964047290925	0.6045054699479662
Qwen3-8B	tulu	44	base_model.model.model.layers.6.mlp.gate_proj	0.6609935032830931	0.3605387429752723	3.361170176786776
Qwen3-8B	tulu	44	base_model.model.model.layers.6.mlp.up_proj	0.6249340166380409	0.43996873287130356	2.017551840214898
Qwen3-8B	tulu	44	base_model.model.model.layers.6.self_attn.k_proj	0.7663779789339294	0.39999155772628864	3.670999997516461
Qwen3-8B	tulu	44	base_model.model.model.layers.6.self_attn.o_proj	0.8222964449127573	0.5869378635633787	1.962784282023029
Qwen3-8B	tulu	44	base_model.model.model.layers.6.self_attn.q_proj	0.6844223257254336	0.3995503104180618	2.934305925110924
Qwen3-8B	tulu	44	base_model.model.model.layers.6.self_attn.v_proj	0.810094215070093	0.6375875854496214	1.6143264301072278
Qwen3-8B	tulu	44	base_model.model.model.layers.7.mlp.down_proj	0.6136344321972497	0.38207604512138776	2.5794066902799453
Qwen3-8B	tulu	44	base_model.model.model.layers.7.mlp.gate_proj	0.7362371465766345	0.40343569216104713	3.330326521934089
Qwen3-8B	tulu	44	base_model.model.model.layers.7.mlp.up_proj	0.7017360456863112	0.46195868415967395	2.3074978192685114
Qwen3-8B	tulu	44	base_model.model.model.layers.7.self_attn.k_proj	0.691861891245802	0.4881725705843044	2.0085935885512005
Qwen3-8B	tulu	44	base_model.model.model.layers.7.self_attn.o_proj	0.8166769114782205	0.631726232536571	1.6712550498883592
Qwen3-8B	tulu	44	base_model.model.model.layers.7.self_attn.q_proj	0.6750635103703827	0.44008194183858873	2.3530013176176228
Qwen3-8B	tulu	44	base_model.model.model.layers.7.self_attn.v_proj	0.6594624247602695	0.4973063885192577	1.7584581365092504
Qwen3-8B	tulu	44	base_model.model.model.layers.8.mlp.down_proj	0.7073376390663644	0.5193376578171136	1.8550426840960375
Qwen3-8B	tulu	44	base_model.model.model.layers.8.mlp.gate_proj	0.7449142820578895	0.3862516557415319	3.7193914954556275
Qwen3-8B	tulu	44	base_model.model.model.layers.8.mlp.up_proj	0.7680265164110365	0.5135742343960472	2.2363819281734125
Qwen3-8B	tulu	44	base_model.model.model.layers.8.self_attn.k_proj	0.658878843257581	0.5334977838110367	1.5252670402391095
Qwen3-8B	tulu	44	base_model.model.model.layers.8.self_attn.o_proj	0.764838677514458	0.5115441963515139	2.2354932360048876
Qwen3-8B	tulu	44	base_model.model.model.layers.8.self_attn.q_proj	0.7858774802318718	0.6361175739664426	1.5262824133404573
Qwen3-8B	tulu	44	base_model.model.model.layers.8.self_attn.v_proj	0.6360712875915708	0.5023429799371792	1.603285661738322
Qwen3-8B	tulu	44	base_model.model.model.layers.9.mlp.down_proj	0.6593635039634402	0.4795883770880401	1.8902206853708163
Qwen3-8B	tulu	44	base_model.model.model.layers.9.mlp.gate_proj	0.7551135151161358	0.4327122566378384	3.045272026480528
Qwen3-8B	tulu	44	base_model.model.model.layers.9.mlp.up_proj	0.8156527260142623	0.5773360334320051	1.995966536465267
Qwen3-8B	tulu	44	base_model.model.model.layers.9.self_attn.k_proj	0.6898610676264111	0.42854049839281977	2.5914302955674104
Qwen3-8B	tulu	44	base_model.model.model.layers.9.self_attn.o_proj	0.8300901057995431	0.6908432051615342	1.4437483266372342
Qwen3-8B	tulu	44	base_model.model.model.layers.9.self_attn.q_proj	0.7902870185932084	0.6329453178443583	1.5589684038009006
Qwen3-8B	tulu	44	base_model.model.model.layers.9.self_attn.v_proj	0.6825772516973809	0.46723280361823244	2.1342091048605547
Llama-3.1-8B-Instruct	magicoder	42	base_model.model.model.layers.0.mlp.down_proj	0.7247182261996787	0.36703935194012927	3.8986397684608716
Llama-3.1-8B-Instruct	magicoder	42	base_model.model.model.layers.0.mlp.gate_proj	0.9428708160398687	0.6122286231701799	2.3717948788873526
Llama-3.1-8B-Instruct	magicoder	42	base_model.model.model.layers.0.mlp.up_proj	0.9337453202545674	0.5698028753590287	2.6853914605460485
Llama-3.1-8B-Instruct	magicoder	42	base_model.model.model.layers.0.self_attn.k_proj	0.8302397904255228	0.6024068604950121	1.899447389690044
Llama-3.1-8B-Instruct	magicoder	42	base_model.model.model.layers.0.self_attn.o_proj	0.812967807164426	0.5340547920903657	2.3172615940923458
Llama-3.1-8B-Instruct	magicoder	42	base_model.model.model.layers.0.self_attn.q_proj	0.8311473546228292	0.4530740863982972	3.3652521246170815
Llama-3.1-8B-Instruct	magicoder	42	base_model.model.model.layers.0.self_attn.v_proj	0.6697998688806054	0.3204005582176954	4.370222898427164
Llama-3.1-8B-Instruct	magicoder	42	base_model.model.model.layers.1.mlp.down_proj	0.42923519667812843	0.14282555854837528	9.031893133232229
Llama-3.1-8B-Instruct	magicoder	42	base_model.model.model.layers.1.mlp.gate_proj	0.9401861780833431	0.6098443261974796	2.376784185859189
Llama-3.1-8B-Instruct	magicoder	42	base_model.model.model.layers.1.mlp.up_proj	0.915085426228277	0.5059828524603608	3.270782605721571
Llama-3.1-8B-Instruct	magicoder	42	base_model.model.model.layers.1.self_attn.k_proj	0.7412540804266645	0.32714246118618934	5.13405315483013
Llama-3.1-8B-Instruct	magicoder	42	base_model.model.model.layers.1.self_attn.o_proj	0.887515164161891	0.6439457978438426	1.8995596567739066
Llama-3.1-8B-Instruct	magicoder	42	base_model.model.model.layers.1.self_attn.q_proj	0.7174958879065877	0.2759034617607241	6.76276869418473
Llama-3.1-8B-Instruct	magicoder	42	base_model.model.model.layers.1.self_attn.v_proj	0.6088726355617264	0.22052055198435924	7.623506420398418
Llama-3.1-8B-Instruct	magicoder	42	base_model.model.model.layers.10.mlp.down_proj	0.6729951662381185	0.3438326632079271	3.8311541586469717
Llama-3.1-8B-Instruct	magicoder	42	base_model.model.model.layers.10.mlp.gate_proj	0.6084162692748919	0.20167951140298826	9.10076869321904
Llama-3.1-8B-Instruct	magicoder	42	base_model.model.model.layers.10.mlp.up_proj	0.7915652570089314	0.35996801540158263	4.835547133801595
Llama-3.1-8B-Instruct	magicoder	42	base_model.model.model.layers.10.self_attn.k_proj	0.8661087400542863	0.5336219250559241	2.63437448769593
Llama-3.1-8B-Instruct	magicoder	42	base_model.model.model.layers.10.self_attn.o_proj	0.8502480151178581	0.5653076027984141	2.2621510516255725
Llama-3.1-8B-Instruct	magicoder	42	base_model.model.model.layers.10.self_attn.q_proj	0.8419320926920192	0.44242783382855716	3.6213395341596453
Llama-3.1-8B-Instruct	magicoder	42	base_model.model.model.layers.10.self_attn.v_proj	0.7933122831792894	0.4730815518302634	2.8120065756770134
Llama-3.1-8B-Instruct	magicoder	42	base_model.model.model.layers.11.mlp.down_proj	0.6696377799104702	0.32121604585775754	4.3459570746107055
Llama-3.1-8B-Instruct	magicoder	42	base_model.model.model.layers.11.mlp.gate_proj	0.6567075017234084	0.2461009839274417	7.120610898216278
Llama-3.1-8B-Instruct	magicoder	42	base_model.model.model.layers.11.mlp.up_proj	0.7503218009625389	0.3271153046931418	5.261304079841953
Llama-3.1-8B-Instruct	magicoder	42	base_model.model.model.layers.11.self_attn.k_proj	0.888493707100349	0.6325629107811899	1.9728826971838138
Llama-3.1-8B-Instruct	magicoder	42	base_model.model.model.layers.11.self_attn.o_proj	0.8483333340690692	0.5431238005391621	2.439694208875439
Llama-3.1-8B-Instruct	magicoder	42	base_model.model.model.layers.11.self_attn.q_proj	0.8600907576292862	0.4816440899608894	3.188864681267101
Llama-3.1-8B-Instruct	magicoder	42	base_model.model.model.layers.11.self_attn.v_proj	0.7588889080467084	0.4047506142698682	3.5154536585309524
Llama-3.1-8B-Instruct	magicoder	42	base_model.model.model.layers.12.mlp.down_proj	0.7165972690045125	0.37607155771069606	3.6308584609944896
Llama-3.1-8B-Instruct	magicoder	42	base_model.model.model.layers.12.mlp.gate_proj	0.6530078747638186	0.2349092910548208	7.727454360546078
Llama-3.1-8B-Instruct	magicoder	42	base_model.model.model.layers.12.mlp.up_proj	0.822102720328873	0.4203813134911444	3.824418099995959
Llama-3.1-8B-Instruct	magicoder	42	base_model.model.model.layers.12.self_attn.k_proj	0.8561762788071015	0.45759150637560303	3.500825573943944
Llama-3.1-8B-Instruct	magicoder	42	base_model.model.model.layers.12.self_attn.o_proj	0.8968504017978614	0.6722624681138515	1.7797634467245986
Llama-3.1-8B-Instruct	magicoder	42	base_model.model.model.layers.12.self_attn.q_proj	0.8176431640753415	0.4403830361727309	3.4471998142595464
Llama-3.1-8B-Instruct	magicoder	42	base_model.model.model.layers.12.self_attn.v_proj	0.7308572864097204	0.3411928531434324	4.588442683220376
Llama-3.1-8B-Instruct	magicoder	42	base_model.model.model.layers.13.mlp.down_proj	0.6464621763529983	0.2988701239954977	4.678657268188741
Llama-3.1-8B-Instruct	magicoder	42	base_model.model.model.layers.13.mlp.gate_proj	0.6088159395366385	0.20534780154925567	8.79006149111514
Llama-3.1-8B-Instruct	magicoder	42	base_model.model.model.layers.13.mlp.up_proj	0.7547563506994049	0.307350776831319	6.030383358908584
Llama-3.1-8B-Instruct	magicoder	42	base_model.model.model.layers.13.self_attn.k_proj	0.9512290198726658	0.8148536834801342	1.3627334494359553
Llama-3.1-8B-Instruct	magicoder	42	base_model.model.model.layers.13.self_attn.o_proj	0.8623485101008757	0.6033979981279008	2.0424804332466837
Llama-3.1-8B-Instruct	magicoder	42	base_model.model.model.layers.13.self_attn.q_proj	0.8450948334623237	0.4838593528000454	3.0505111227944455
Llama-3.1-8B-Instruct	magicoder	42	base_model.model.model.layers.13.self_attn.v_proj	0.7919694724454263	0.5148715166988251	2.366024019761635
Llama-3.1-8B-Instruct	magicoder	42	base_model.model.model.layers.14.mlp.down_proj	0.7705313141943448	0.42365585381061605	3.3079136400699074
Llama-3.1-8B-Instruct	magicoder	42	base_model.model.model.layers.14.mlp.gate_proj	0.5319726666426896	0.1695099213946592	9.848915053281736
Llama-3.1-8B-Instruct	magicoder	42	base_model.model.model.layers.14.mlp.up_proj	0.7399456867292135	0.29530862903393434	6.278377299222148
Llama-3.1-8B-Instruct	magicoder	42	base_model.model.model.layers.14.self_attn.k_proj	0.8948359769596154	0.5442831261837262	2.7029445234103333
Llama-3.1-8B-Instruct	magicoder	42	base_model.model.model.layers.14.self_attn.o_proj	0.907518572492098	0.6752962719341178	1.806019100464023
Llama-3.1-8B-Instruct	magicoder	42	base_model.model.model.layers.14.self_attn.q_proj	0.8338462370746029	0.42167537161065943	3.910348583668541
Llama-3.1-8B-Instruct	magicoder	42	base_model.model.model.layers.14.self_attn.v_proj	0.8192580075723525	0.48501443259519755	2.853199016612468
Llama-3.1-8B-Instruct	magicoder	42	base_model.model.model.layers.15.mlp.down_proj	0.739487759129908	0.3897337547211861	3.6001942655089487
Llama-3.1-8B-Instruct	magicoder	42	base_model.model.model.layers.15.mlp.gate_proj	0.5368657499276467	0.16738404284567476	10.287344662145516
Llama-3.1-8B-Instruct	magicoder	42	base_model.model.model.layers.15.mlp.up_proj	0.8286184252708533	0.45363277171463245	3.336570677777879
Llama-3.1-8B-Instruct	magicoder	42	base_model.model.model.layers.15.self_attn.k_proj	0.9029214864883991	0.5831723760296943	2.3972100397682716
Llama-3.1-8B-Instruct	magicoder	42	base_model.model.model.layers.15.self_attn.o_proj	0.9087735194519401	0.702405520776492	1.6739230694695102
Llama-3.1-8B-Instruct	magicoder	42	base_model.model.model.layers.15.self_attn.q_proj	0.8777010652253816	0.49143922054316774	3.189727802961936
Llama-3.1-8B-Instruct	magicoder	42	base_model.model.model.layers.15.self_attn.v_proj	0.7822392046913609	0.39464745783846966	3.928805576367489
Llama-3.1-8B-Instruct	magicoder	42	base_model.model.model.layers.16.mlp.down_proj	0.725947630033539	0.3693660883957314	3.862749482855134
Llama-3.1-8B-Instruct	magicoder	42	base_model.model.model.layers.16.mlp.gate_proj	0.5184115460085665	0.16101984941625225	10.365505794374238
Llama-3.1-8B-Instruct	magicoder	42	base_model.model.model.layers.16.mlp.up_proj	0.7411086749727008	0.30974846681427676	5.72460417527331
Llama-3.1-8B-Instruct	magicoder	42	base_model.model.model.layers.16.self_attn.k_proj	0.8769778454092664	0.501779692830786	3.0545770308555102
Llama-3.1-8B-Instruct	magicoder	42	base_model.model.model.layers.16.self_attn.o_proj	0.8717927798348123	0.6273895850553969	1.9308650690964115
Llama-3.1-8B-Instruct	magicoder	42	base_model.model.model.layers.16.self_attn.q_proj	0.8419518073716021	0.4080807105841441	4.256791057784013
Llama-3.1-8B-Instruct	magicoder	42	base_model.model.model.layers.16.self_attn.v_proj	0.8696367076852426	0.5864719164409572	2.198777506050195
Llama-3.1-8B-Instruct	magicoder	42	base_model.model.model.layers.17.mlp.down_proj	0.694414629406036	0.37721989745319456	3.3888202842692734
Llama-3.1-8B-Instruct	magicoder	42	base_model.model.model.layers.17.mlp.gate_proj	0.5396917407105629	0.1694827825479494	10.140056442858635
Llama-3.1-8B-Instruct	magicoder	42	base_model.model.model.layers.17.mlp.up_proj	0.7325847499137796	0.2908329504303282	6.344954751691009
Llama-3.1-8B-Instruct	magicoder	42	base_model.model.model.layers.17.self_attn.k_proj	0.8959110876838603	0.5610707886734957	2.549731832586666
Llama-3.1-8B-Instruct	magicoder	42	base_model.model.model.layers.17.self_attn.o_proj	0.857152412554547	0.6128747073901634	1.9560173644024714
Llama-3.1-8B-Instruct	magicoder	42	base_model.model.model.layers.17.self_attn.q_proj	0.7210805292547631	0.2690442417208154	7.183235995884662
Llama-3.1-8B-Instruct	magicoder	42	base_model.model.model.layers.17.self_attn.v_proj	0.8066658331840154	0.4622129164173822	3.045812536878748
Llama-3.1-8B-Instruct	magicoder	42	base_model.model.model.layers.18.mlp.down_proj	0.7163978275734932	0.3684434938963293	3.7806522871452146
Llama-3.1-8B-Instruct	magicoder	42	base_model.model.model.layers.18.mlp.gate_proj	0.6147079818168509	0.2034062843945729	9.132905656712833
Llama-3.1-8B-Instruct	magicoder	42	base_model.model.model.layers.18.mlp.up_proj	0.6888361984323756	0.25726433490538475	7.169234005600727
Llama-3.1-8B-Instruct	magicoder	42	base_model.model.model.layers.18.self_attn.k_proj	0.856897105693521	0.48165133176257213	3.1651319580759143
Llama-3.1-8B-Instruct	magicoder	42	base_model.model.model.layers.18.self_attn.o_proj	0.8727913100413816	0.563715065726719	2.3971849553436004
Llama-3.1-8B-Instruct	magicoder	42	base_model.model.model.layers.18.self_attn.q_proj	0.7682716999134493	0.30396104561867693	6.388425168164148
Llama-3.1-8B-Instruct	magicoder	42	base_model.model.model.layers.18.self_attn.v_proj	0.8277870497912015	0.5561287713059377	2.215575366977933
Llama-3.1-8B-Instruct	magicoder	42	base_model.model.model.layers.19.mlp.down_proj	0.7042417801987229	0.35136839714231766	4.017151200510831
Llama-3.1-8B-Instruct	magicoder	42	base_model.model.model.layers.19.mlp.gate_proj	0.5433050826861054	0.16988336891388264	10.227884293802838
Llama-3.1-8B-Instruct	magicoder	42	base_model.model.model.layers.19.mlp.up_proj	0.6884403562411529	0.2479342294013867	7.710093832966516
Llama-3.1-8B-Instruct	magicoder	42	base_model.model.model.layers.19.self_attn.k_proj	0.8288239579423266	0.36441909580344223	5.172760132882395
Llama-3.1-8B-Instruct	magicoder	42	base_model.model.model.layers.19.self_attn.o_proj	0.844918837566669	0.5529260010797026	2.3350487926569925
Llama-3.1-8B-Instruct	magicoder	42	base_model.model.model.layers.19.self_attn.q_proj	0.7007664895273232	0.23985435558360346	8.53594155635741
Llama-3.1-8B-Instruct	magicoder	42	base_model.model.model.layers.19.self_attn.v_proj	0.7696880449328263	0.44036058075971496	3.0550098185682453
Llama-3.1-8B-Instruct	magicoder	42	base_model.model.model.layers.2.mlp.down_proj	0.7943533418338036	0.5085770296302501	2.439573864184582
Llama-3.1-8B-Instruct	magicoder	42	base_model.model.model.layers.2.mlp.gate_proj	0.8890042158173653	0.446314549843133	3.9675787068845425
Llama-3.1-8B-Instruct	magicoder	42	base_model.model.model.layers.2.mlp.up_proj	0.9116718946472692	0.5545340303590927	2.7028424245379292
Llama-3.1-8B-Instruct	magicoder	42	base_model.model.model.layers.2.self_attn.k_proj	0.8869355418334834	0.5869149799298173	2.283672008505238
Llama-3.1-8B-Instruct	magicoder	42	base_model.model.model.layers.2.self_attn.o_proj	0.8237291306757231	0.5109722165457475	2.598808487558344
Llama-3.1-8B-Instruct	magicoder	42	base_model.model.model.layers.2.self_attn.q_proj	0.8397245386080786	0.39901595070222967	4.428872469395349
Llama-3.1-8B-Instruct	magicoder	42	base_model.model.model.layers.2.self_attn.v_proj	0.6413940510976345	0.2570617113026697	6.225511881612746
Llama-3.1-8B-Instruct	magicoder	42	base_model.model.model.layers.20.mlp.down_proj	0.6776561399637896	0.30396264618316765	4.9702510070312105
Llama-3.1-8B-Instruct	magicoder	42	base_model.model.model.layers.20.mlp.gate_proj	0.5160485656498418	0.15924315946365053	10.501699313012168
Llama-3.1-8B-Instruct	magicoder	42	base_model.model.model.layers.20.mlp.up_proj	0.7032273808954219	0.26519152483748765	7.03189315395112
Llama-3.1-8B-Instruct	magicoder	42	base_model.model.model.layers.20.self_attn.k_proj	0.864946962656977	0.4594045214964463	3.544772970072636
Llama-3.1-8B-Instruct	magicoder	42	base_model.model.model.layers.20.self_attn.o_proj	0.9188466070550309	0.6646039379291044	1.9114379815977502
Llama-3.1-8B-Instruct	magicoder	42	base_model.model.model.layers.20.self_attn.q_proj	0.7109049403939105	0.24814726977615095	8.207370938834568
Llama-3.1-8B-Instruct	magicoder	42	base_model.model.model.layers.20.self_attn.v_proj	0.7423337277834363	0.309019008043412	5.770693364682531
Llama-3.1-8B-Instruct	magicoder	42	base_model.model.model.layers.21.mlp.down_proj	0.7202111304257702	0.3867511879779348	3.4678183864608396
Llama-3.1-8B-Instruct	magicoder	42	base_model.model.model.layers.21.mlp.gate_proj	0.6038275371482572	0.19509898091985836	9.578904156777178
Llama-3.1-8B-Instruct	magicoder	42	base_model.model.model.layers.21.mlp.up_proj	0.6654576030250725	0.2339462149602889	8.091121755941781
Llama-3.1-8B-Instruct	magicoder	42	base_model.model.model.layers.21.self_attn.k_proj	0.8080051802530146	0.3490711614784084	5.357970870153466
Llama-3.1-8B-Instruct	magicoder	42	base_model.model.model.layers.21.self_attn.o_proj	0.8872140866001962	0.6323088274013655	1.9687853431576328
Llama-3.1-8B-Instruct	magicoder	42	base_model.model.model.layers.21.self_attn.q_proj	0.792263145357103	0.3214205319296954	6.07563501891202
Llama-3.1-8B-Instruct	magicoder	42	base_model.model.model.layers.21.self_attn.v_proj	0.7951564202288777	0.38056817881879035	4.365562354998451
Llama-3.1-8B-Instruct	magicoder	42	base_model.model.model.layers.22.mlp.down_proj	0.7020056529237075	0.36218628000649405	3.756792680710292
Llama-3.1-8B-Instruct	magicoder	42	base_model.model.model.layers.22.mlp.gate_proj	0.5429949133142149	0.16759887527988895	10.496616317158532
Llama-3.1-8B-Instruct	magicoder	42	base_model.model.model.layers.22.mlp.up_proj	0.7222797121949585	0.27831722344848603	6.734892473447276
Llama-3.1-8B-Instruct	magicoder	42	base_model.model.model.layers.22.self_attn.k_proj	0.906471607547188	0.5804757423533757	2.4385982632768637
Llama-3.1-8B-Instruct	magicoder	42	base_model.model.model.layers.22.self_attn.o_proj	0.8622072126742775	0.5639805104870134	2.3371958717263577
Llama-3.1-8B-Instruct	magicoder	42	base_model.model.model.layers.22.self_attn.q_proj	0.7604216003602536	0.27775577087098086	7.49519105736328
Llama-3.1-8B-Instruct	magicoder	42	base_model.model.model.layers.22.self_attn.v_proj	0.8102814403067115	0.46000760087367143	3.1027141571596664
Llama-3.1-8B-Instruct	magicoder	42	base_model.model.model.layers.23.mlp.down_proj	0.6859160418799483	0.34667255278466075	3.914740718721062
Llama-3.1-8B-Instruct	magicoder	42	base_model.model.model.layers.23.mlp.gate_proj	0.5571835315380521	0.17568547326964065	10.05830585321512
Llama-3.1-8B-Instruct	magicoder	42	base_model.model.model.layers.23.mlp.up_proj	0.6830968368575996	0.24238989304965783	7.9421033549428515
Llama-3.1-8B-Instruct	magicoder	42	base_model.model.model.layers.23.self_attn.k_proj	0.8343062034602176	0.4261781870837422	3.8323795170722432
Llama-3.1-8B-Instruct	magicoder	42	base_model.model.model.layers.23.self_attn.o_proj	0.916670424680084	0.6952110378366472	1.7385737639178847
Llama-3.1-8B-Instruct	magicoder	42	base_model.model.model.layers.23.self_attn.q_proj	0.7687625023906488	0.30061983452919716	6.539568913799709
Llama-3.1-8B-Instruct	magicoder	42	base_model.model.model.layers.23.self_attn.v_proj	0.7241834536216378	0.34015201271366596	4.532638728674511
Llama-3.1-8B-Instruct	magicoder	42	base_model.model.model.layers.24.mlp.down_proj	0.6810411787975048	0.34149470338529253	3.977212538962817
Llama-3.1-8B-Instruct	magicoder	42	base_model.model.model.layers.24.mlp.gate_proj	0.539401676085277	0.16238570443847908	11.033898787646603
Llama-3.1-8B-Instruct	magicoder	42	base_model.model.model.layers.24.mlp.up_proj	0.6535499257522887	0.2244101200564961	8.481499935970254
Llama-3.1-8B-Instruct	magicoder	42	base_model.model.model.layers.24.self_attn.k_proj	0.90951747533127	0.6296453304904878	2.086556369989204
Llama-3.1-8B-Instruct	magicoder	42	base_model.model.model.layers.24.self_attn.o_proj	0.8916677249855367	0.5828887020370573	2.340102168255576
Llama-3.1-8B-Instruct	magicoder	42	base_model.model.model.layers.24.self_attn.q_proj	0.7761883587467089	0.305736421702777	6.445251863904884
Llama-3.1-8B-Instruct	magicoder	42	base_model.model.model.layers.24.self_attn.v_proj	0.7709222644970121	0.38172690773313284	4.078642387995809
Llama-3.1-8B-Instruct	magicoder	42	base_model.model.model.layers.25.mlp.down_proj	0.688966319628874	0.3905013423352142	3.1127978754886323
Llama-3.1-8B-Instruct	magicoder	42	base_model.model.model.layers.25.mlp.gate_proj	0.48749063275297283	0.14176872083165093	11.824198409285959
Llama-3.1-8B-Instruct	magicoder	42	base_model.model.model.layers.25.mlp.up_proj	0.6629184192123538	0.22227041560873145	8.895223181526644
Llama-3.1-8B-Instruct	magicoder	42	base_model.model.model.layers.25.self_attn.k_proj	0.8654232478812574	0.46629757269540373	3.444536613861682
Llama-3.1-8B-Instruct	magicoder	42	base_model.model.model.layers.25.self_attn.o_proj	0.8780742341292597	0.5734799029075524	2.3443694915791675
Llama-3.1-8B-Instruct	magicoder	42	base_model.model.model.layers.25.self_attn.q_proj	0.8940469796295315	0.5045897269579975	3.139379889494919
Llama-3.1-8B-Instruct	magicoder	42	base_model.model.model.layers.25.self_attn.v_proj	0.7563800120777303	0.3715721447325975	4.14375232144236
Llama-3.1-8B-Instruct	magicoder	42	base_model.model.model.layers.26.mlp.down_proj	0.6796836633193035	0.3228028621910431	4.433420338623767
Llama-3.1-8B-Instruct	magicoder	42	base_model.model.model.layers.26.mlp.gate_proj	0.4728198979347076	0.13532175677028505	12.20832930491497
Llama-3.1-8B-Instruct	magicoder	42	base_model.model.model.layers.26.mlp.up_proj	0.6366731922388632	0.21043318931833052	9.153868155199909
Llama-3.1-8B-Instruct	magicoder	42	base_model.model.model.layers.26.self_attn.k_proj	0.8455004724529814	0.42264908669783396	4.001914810854314
Llama-3.1-8B-Instruct	magicoder	42	base_model.model.model.layers.26.self_attn.o_proj	0.8635338257006248	0.5687438430027193	2.3052885425807528
Llama-3.1-8B-Instruct	magicoder	42	base_model.model.model.layers.26.self_attn.q_proj	0.6685341666942911	0.2221276370641182	9.058202426322861
Llama-3.1-8B-Instruct	magicoder	42	base_model.model.model.layers.26.self_attn.v_proj	0.6922930526079307	0.29019233391676375	5.691255406884972
Llama-3.1-8B-Instruct	magicoder	42	base_model.model.model.layers.27.mlp.down_proj	0.6313280056300509	0.3278344580731175	3.708522437605264
Llama-3.1-8B-Instruct	magicoder	42	base_model.model.model.layers.27.mlp.gate_proj	0.4707987061598885	0.13622368023062567	11.944426523710488
Llama-3.1-8B-Instruct	magicoder	42	base_model.model.model.layers.27.mlp.up_proj	0.6496277307742632	0.21680293212504606	8.97839706478371
Llama-3.1-8B-Instruct	magicoder	42	base_model.model.model.layers.27.self_attn.k_proj	0.7994458157269381	0.3452494539850545	5.3618179802303105
Llama-3.1-8B-Instruct	magicoder	42	base_model.model.model.layers.27.self_attn.o_proj	0.9058672493078831	0.7168190917971927	1.597018655242143
Llama-3.1-8B-Instruct	magicoder	42	base_model.model.model.layers.27.self_attn.q_proj	0.7641603895599154	0.2935897657677154	6.774655558760215
Llama-3.1-8B-Instruct	magicoder	42	base_model.model.model.layers.27.self_attn.v_proj	0.6043165379427882	0.20276657730301526	8.882520495623519
Llama-3.1-8B-Instruct	magicoder	42	base_model.model.model.layers.28.mlp.down_proj	0.7315175793107044	0.4099472472702736	3.184150490995781
Llama-3.1-8B-Instruct	magicoder	42	base_model.model.model.layers.28.mlp.gate_proj	0.4423861991678698	0.12709332535432175	12.115955070719094
Llama-3.1-8B-Instruct	magicoder	42	base_model.model.model.layers.28.mlp.up_proj	0.574310927080783	0.17808572323871222	10.400062520919532
Llama-3.1-8B-Instruct	magicoder	42	base_model.model.model.layers.28.self_attn.k_proj	0.8609423074018995	0.42439833250146314	4.115293006308161
Llama-3.1-8B-Instruct	magicoder	42	base_model.model.model.layers.28.self_attn.o_proj	0.9312600091679815	0.7770745584552898	1.4362053047489662
Llama-3.1-8B-Instruct	magicoder	42	base_model.model.model.layers.28.self_attn.q_proj	0.7870924067850621	0.30493145017588036	6.662650113855487
Llama-3.1-8B-Instruct	magicoder	42	base_model.model.model.layers.28.self_attn.v_proj	0.8449414367908504	0.4917726562665738	2.9520551265893533
Llama-3.1-8B-Instruct	magicoder	42	base_model.model.model.layers.29.mlp.down_proj	0.7167976717541757	0.30415974261236134	5.553793246057477
Llama-3.1-8B-Instruct	magicoder	42	base_model.model.model.layers.29.mlp.gate_proj	0.357604517637228	0.09672380694674129	13.669078264121849
Llama-3.1-8B-Instruct	magicoder	42	base_model.model.model.layers.29.mlp.up_proj	0.5083881434654184	0.15091562394112729	11.348080809552942
Llama-3.1-8B-Instruct	magicoder	42	base_model.model.model.layers.29.self_attn.k_proj	0.772329633081935	0.2898653932448322	7.099253101203582
Llama-3.1-8B-Instruct	magicoder	42	base_model.model.model.layers.29.self_attn.o_proj	0.8989997093051535	0.6915709856992396	1.6898399515716498
Llama-3.1-8B-Instruct	magicoder	42	base_model.model.model.layers.29.self_attn.q_proj	0.9250058717114297	0.6345322864485373	2.1251105597100044
Llama-3.1-8B-Instruct	magicoder	42	base_model.model.model.layers.29.self_attn.v_proj	0.689095351304087	0.2625258523071883	6.889924866694173
Llama-3.1-8B-Instruct	magicoder	42	base_model.model.model.layers.3.mlp.down_proj	0.7771009845595256	0.45249427461232117	2.949366489071457
Llama-3.1-8B-Instruct	magicoder	42	base_model.model.model.layers.3.mlp.gate_proj	0.8468277298423277	0.3731028354483649	5.151492151689146
Llama-3.1-8B-Instruct	magicoder	42	base_model.model.model.layers.3.mlp.up_proj	0.8030186324640598	0.362351588054481	4.911237162990059
Llama-3.1-8B-Instruct	magicoder	42	base_model.model.model.layers.3.self_attn.k_proj	0.8977949012186806	0.7873582669261072	1.3001979762333913
Llama-3.1-8B-Instruct	magicoder	42	base_model.model.model.layers.3.self_attn.o_proj	0.7974178937828073	0.46324193163319044	2.963167665617685
Llama-3.1-8B-Instruct	magicoder	42	base_model.model.model.layers.3.self_attn.q_proj	0.8090913687584791	0.3612776362166897	5.015485497612628
Llama-3.1-8B-Instruct	magicoder	42	base_model.model.model.layers.3.self_attn.v_proj	0.6069595539126272	0.2553916121972292	5.648150292444946
Llama-3.1-8B-Instruct	magicoder	42	base_model.model.model.layers.30.mlp.down_proj	0.5114154352155518	0.1599391069658471	10.224411719126097
Llama-3.1-8B-Instruct	magicoder	42	base_model.model.model.layers.30.mlp.gate_proj	0.3770758212794004	0.10383234715066399	13.18839750038083
Llama-3.1-8B-Instruct	magicoder	42	base_model.model.model.layers.30.mlp.up_proj	0.567876214383657	0.18000934590739687	9.95215770658874
Llama-3.1-8B-Instruct	magicoder	42	base_model.model.model.layers.30.self_attn.k_proj	0.8722271546098909	0.5216140438672008	2.796151219392204
Llama-3.1-8B-Instruct	magicoder	42	base_model.model.model.layers.30.self_attn.o_proj	0.8415510653225716	0.5496152148530932	2.3444633870509315
Llama-3.1-8B-Instruct	magicoder	42	base_model.model.model.layers.30.self_attn.q_proj	0.6669153506069353	0.2220689408057967	9.019153645422058
Llama-3.1-8B-Instruct	magicoder	42	base_model.model.model.layers.30.self_attn.v_proj	0.8057892710042909	0.4263192103789586	3.5725075503945227
Llama-3.1-8B-Instruct	magicoder	42	base_model.model.model.layers.31.mlp.down_proj	0.788423284435919	0.44909792222524253	3.0820295049012847
Llama-3.1-8B-Instruct	magicoder	42	base_model.model.model.layers.31.mlp.gate_proj	0.44035891935749366	0.1266615251241395	12.087157147961568
Llama-3.1-8B-Instruct	magicoder	42	base_model.model.model.layers.31.mlp.up_proj	0.6625252014867734	0.23468092032489596	7.9698333498338
Llama-3.1-8B-Instruct	magicoder	42	base_model.model.model.layers.31.self_attn.k_proj	0.6965240115385488	0.27703040954442604	6.3214585867363
Llama-3.1-8B-Instruct	magicoder	42	base_model.model.model.layers.31.self_attn.o_proj	0.7823526354429486	0.42279502165553606	3.4240915658523186
Llama-3.1-8B-Instruct	magicoder	42	base_model.model.model.layers.31.self_attn.q_proj	0.6602243490651475	0.21927730256277694	9.065582488488522
Llama-3.1-8B-Instruct	magicoder	42	base_model.model.model.layers.31.self_attn.v_proj	0.818679469831299	0.510151573755753	2.5753089539453033
Llama-3.1-8B-Instruct	magicoder	42	base_model.model.model.layers.4.mlp.down_proj	0.7584919479296284	0.44259353695270226	2.936917951872561
Llama-3.1-8B-Instruct	magicoder	42	base_model.model.model.layers.4.mlp.gate_proj	0.8414255930257574	0.3552757122900434	5.609193180086163
Llama-3.1-8B-Instruct	magicoder	42	base_model.model.model.layers.4.mlp.up_proj	0.84650609569415	0.4329406712875742	3.822992158601746
Llama-3.1-8B-Instruct	magicoder	42	base_model.model.model.layers.4.self_attn.k_proj	0.8579739984604423	0.5321552562726231	2.5993905785252878
Llama-3.1-8B-Instruct	magicoder	42	base_model.model.model.layers.4.self_attn.o_proj	0.7777532488663697	0.4226715495712572	3.385927352801215
Llama-3.1-8B-Instruct	magicoder	42	base_model.model.model.layers.4.self_attn.q_proj	0.8120622272404753	0.37319825845005483	4.734775623223824
Llama-3.1-8B-Instruct	magicoder	42	base_model.model.model.layers.4.self_attn.v_proj	0.6025009322543668	0.22835195582678647	6.961550455133588
Llama-3.1-8B-Instruct	magicoder	42	base_model.model.model.layers.5.mlp.down_proj	0.6785881100821497	0.35976913183920056	3.5576620846504357
Llama-3.1-8B-Instruct	magicoder	42	base_model.model.model.layers.5.mlp.gate_proj	0.7078160150339036	0.2424553284743451	8.522701997661693
Llama-3.1-8B-Instruct	magicoder	42	base_model.model.model.layers.5.mlp.up_proj	0.7576205906837336	0.3100531168002322	5.970783665449088
Llama-3.1-8B-Instruct	magicoder	42	base_model.model.model.layers.5.self_attn.k_proj	0.942037304006302	0.8095088963891011	1.3542316197903863
Llama-3.1-8B-Instruct	magicoder	42	base_model.model.model.layers.5.self_attn.o_proj	0.782435435654007	0.444855305958928	3.0935666132135866
Llama-3.1-8B-Instruct	magicoder	42	base_model.model.model.layers.5.self_attn.q_proj	0.8610919545069619	0.4292742824191372	4.0237345406366645
Llama-3.1-8B-Instruct	magicoder	42	base_model.model.model.layers.5.self_attn.v_proj	0.7277570955804464	0.3396251728734697	4.591696261506992
Llama-3.1-8B-Instruct	magicoder	42	base_model.model.model.layers.6.mlp.down_proj	0.6768384756793111	0.3183557465035781	4.52006510621709
Llama-3.1-8B-Instruct	magicoder	42	base_model.model.model.layers.6.mlp.gate_proj	0.7442108128454488	0.26215226903105765	8.059065941826496
Llama-3.1-8B-Instruct	magicoder	42	base_model.model.model.layers.6.mlp.up_proj	0.8783023332897826	0.5535211495515661	2.5177907513904874
Llama-3.1-8B-Instruct	magicoder	42	base_model.model.model.layers.6.self_attn.k_proj	0.889175895391028	0.6123335777271782	2.1086243240184346
Llama-3.1-8B-Instruct	magicoder	42	base_model.model.model.layers.6.self_attn.o_proj	0.8445849893321663	0.5581787067307484	2.2894975694727857
Llama-3.1-8B-Instruct	magicoder	42	base_model.model.model.layers.6.self_attn.q_proj	0.8505102732764254	0.4923453966665615	2.9841411689899666
Llama-3.1-8B-Instruct	magicoder	42	base_model.model.model.layers.6.self_attn.v_proj	0.7155779405619294	0.2964650262661599	5.825952683461612
Llama-3.1-8B-Instruct	magicoder	42	base_model.model.model.layers.7.mlp.down_proj	0.7203481271422978	0.36163683810477715	3.9677064720777864
Llama-3.1-8B-Instruct	magicoder	42	base_model.model.model.layers.7.mlp.gate_proj	0.7563945309612194	0.2799987333593731	7.297676821879386
Llama-3.1-8B-Instruct	magicoder	42	base_model.model.model.layers.7.mlp.up_proj	0.7968554374435387	0.35349493232675744	5.081508970203009
Llama-3.1-8B-Instruct	magicoder	42	base_model.model.model.layers.7.self_attn.k_proj	0.8904873910935913	0.5688227425816285	2.450764861698666
Llama-3.1-8B-Instruct	magicoder	42	base_model.model.model.layers.7.self_attn.o_proj	0.8380542576184588	0.5534770072532526	2.292688780163314
Llama-3.1-8B-Instruct	magicoder	42	base_model.model.model.layers.7.self_attn.q_proj	0.83558755387766	0.40081348829669905	4.3460955364060085
Llama-3.1-8B-Instruct	magicoder	42	base_model.model.model.layers.7.self_attn.v_proj	0.713402847873785	0.3689620434470895	3.738576705075849
Llama-3.1-8B-Instruct	magicoder	42	base_model.model.model.layers.8.mlp.down_proj	0.6729283492968339	0.34665205504883767	3.768340094663612
Llama-3.1-8B-Instruct	magicoder	42	base_model.model.model.layers.8.mlp.gate_proj	0.6353567604702081	0.21245067960224562	8.943737855127948
Llama-3.1-8B-Instruct	magicoder	42	base_model.model.model.layers.8.mlp.up_proj	0.7546203349175754	0.32911742389431714	5.257209186192224
Llama-3.1-8B-Instruct	magicoder	42	base_model.model.model.layers.8.self_attn.k_proj	0.9133368301572743	0.6790104135266688	1.809293704623621
Llama-3.1-8B-Instruct	magicoder	42	base_model.model.model.layers.8.self_attn.o_proj	0.869657152114962	0.6035124143282584	2.0764607670964885
Llama-3.1-8B-Instruct	magicoder	42	base_model.model.model.layers.8.self_attn.q_proj	0.8359639585819104	0.4296286977276802	3.7860691482264834
Llama-3.1-8B-Instruct	magicoder	42	base_model.model.model.layers.8.self_attn.v_proj	0.7830046941562251	0.4332685102109741	3.2659872104927787
Llama-3.1-8B-Instruct	magicoder	42	base_model.model.model.layers.9.mlp.down_proj	0.6536377383641644	0.341583002183467	3.6616913556815205
Llama-3.1-8B-Instruct	magicoder	42	base_model.model.model.layers.9.mlp.gate_proj	0.7083773729697288	0.2548509796077656	7.726036337026407
Llama-3.1-8B-Instruct	magicoder	42	base_model.model.model.layers.9.mlp.up_proj	0.8165872113911068	0.4265262717099936	3.665334167043373
Llama-3.1-8B-Instruct	magicoder	42	base_model.model.model.layers.9.self_attn.k_proj	0.8207710208320259	0.4468767807860167	3.373404725815859
Llama-3.1-8B-Instruct	magicoder	42	base_model.model.model.layers.9.self_attn.o_proj	0.8586686946184472	0.5866858967457103	2.1421010915690575
Llama-3.1-8B-Instruct	magicoder	42	base_model.model.model.layers.9.self_attn.q_proj	0.774114276005985	0.3308777767508002	5.4736239288030655
Llama-3.1-8B-Instruct	magicoder	42	base_model.model.model.layers.9.self_attn.v_proj	0.7972668019298077	0.5338747198917486	2.2301221328524368
Llama-3.1-8B-Instruct	metamath	42	base_model.model.model.layers.0.mlp.down_proj	0.7729857345856517	0.6423396007025288	1.4481500493438832
Llama-3.1-8B-Instruct	metamath	42	base_model.model.model.layers.0.mlp.gate_proj	0.9485855555696381	0.8112620868488818	1.3671956054539167
Llama-3.1-8B-Instruct	metamath	42	base_model.model.model.layers.0.mlp.up_proj	0.9321464897617541	0.7873397889837878	1.401664060605568
Llama-3.1-8B-Instruct	metamath	42	base_model.model.model.layers.0.self_attn.k_proj	0.848505257354515	0.6627299935337208	1.6392146350914916
Llama-3.1-8B-Instruct	metamath	42	base_model.model.model.layers.0.self_attn.o_proj	0.9025617669455355	0.7850193958462167	1.3218832234263764
Llama-3.1-8B-Instruct	metamath	42	base_model.model.model.layers.0.self_attn.q_proj	0.8603247817286276	0.6275750246782344	1.8792889590993733
Llama-3.1-8B-Instruct	metamath	42	base_model.model.model.layers.0.self_attn.v_proj	0.8265403402574291	0.6658684376276853	1.5408176689203779
Llama-3.1-8B-Instruct	metamath	42	base_model.model.model.layers.1.mlp.down_proj	0.4274910190543012	0.2876655420782645	2.2084028767521455
Llama-3.1-8B-Instruct	metamath	42	base_model.model.model.layers.1.mlp.gate_proj	0.9454690901674061	0.8013255416344215	1.3921200834584653
Llama-3.1-8B-Instruct	metamath	42	base_model.model.model.layers.1.mlp.up_proj	0.946200890138637	0.8238796414930921	1.318982890012498
Llama-3.1-8B-Instruct	metamath	42	base_model.model.model.layers.1.self_attn.k_proj	0.7518524811152457	0.4597045286084467	2.6749009830331687
Llama-3.1-8B-Instruct	metamath	42	base_model.model.model.layers.1.self_attn.o_proj	0.8950971319744115	0.7138605890374348	1.5722207334203302
Llama-3.1-8B-Instruct	metamath	42	base_model.model.model.layers.1.self_attn.q_proj	0.8424731902139966	0.6669492169101822	1.595609615243938
Llama-3.1-8B-Instruct	metamath	42	base_model.model.model.layers.1.self_attn.v_proj	0.7540748334858762	0.5636546257217022	1.7897927429875229
Llama-3.1-8B-Instruct	metamath	42	base_model.model.model.layers.10.mlp.down_proj	0.8506842140159491	0.726684978724679	1.3703906332227265
Llama-3.1-8B-Instruct	metamath	42	base_model.model.model.layers.10.mlp.gate_proj	0.9228068986381517	0.7520780925617125	1.5055520987874051
Llama-3.1-8B-Instruct	metamath	42	base_model.model.model.layers.10.mlp.up_proj	0.939860039401137	0.8006604251362378	1.3779378952255457
Llama-3.1-8B-Instruct	metamath	42	base_model.model.model.layers.10.self_attn.k_proj	0.8827508522701475	0.7244435851616166	1.4847972302497208
Llama-3.1-8B-Instruct	metamath	42	base_model.model.model.layers.10.self_attn.o_proj	0.9221936372777461	0.761148477771569	1.467930440619877
Llama-3.1-8B-Instruct	metamath	42	base_model.model.model.layers.10.self_attn.q_proj	0.8960039556443193	0.7398617599676109	1.4666236755609374
Llama-3.1-8B-Instruct	metamath	42	base_model.model.model.layers.10.self_attn.v_proj	0.8822315800959205	0.7491029176261262	1.387018398831684
Llama-3.1-8B-Instruct	metamath	42	base_model.model.model.layers.11.mlp.down_proj	0.8044509386984089	0.6469369853337675	1.5462338078014533
Llama-3.1-8B-Instruct	metamath	42	base_model.model.model.layers.11.mlp.gate_proj	0.8739750242374548	0.6121557787879334	2.038328310881339
Llama-3.1-8B-Instruct	metamath	42	base_model.model.model.layers.11.mlp.up_proj	0.9144580896322566	0.6902365191171292	1.7552207557255044
Llama-3.1-8B-Instruct	metamath	42	base_model.model.model.layers.11.self_attn.k_proj	0.8161209956649508	0.5871553448104132	1.9319819487727752
Llama-3.1-8B-Instruct	metamath	42	base_model.model.model.layers.11.self_attn.o_proj	0.9101035110112197	0.6977972133423341	1.701073653006253
Llama-3.1-8B-Instruct	metamath	42	base_model.model.model.layers.11.self_attn.q_proj	0.9214873251904298	0.7701135467857714	1.431756640455018
Llama-3.1-8B-Instruct	metamath	42	base_model.model.model.layers.11.self_attn.v_proj	0.8706094791052971	0.6246076026980149	1.9428185905349669
Llama-3.1-8B-Instruct	metamath	42	base_model.model.model.layers.12.mlp.down_proj	0.8247329922921934	0.6742884778629825	1.4960126275679841
Llama-3.1-8B-Instruct	metamath	42	base_model.model.model.layers.12.mlp.gate_proj	0.8951071710859124	0.7317910741663478	1.4961524805201056
Llama-3.1-8B-Instruct	metamath	42	base_model.model.model.layers.12.mlp.up_proj	0.9459324408869003	0.8271867478496355	1.307714995086854
Llama-3.1-8B-Instruct	metamath	42	base_model.model.model.layers.12.self_attn.k_proj	0.906446558401587	0.7513720064557051	1.455373246943265
Llama-3.1-8B-Instruct	metamath	42	base_model.model.model.layers.12.self_attn.o_proj	0.9379965063920294	0.8250171601701795	1.2926366876692243
Llama-3.1-8B-Instruct	metamath	42	base_model.model.model.layers.12.self_attn.q_proj	0.8477645890689821	0.6602148011321385	1.64884575942842
Llama-3.1-8B-Instruct	metamath	42	base_model.model.model.layers.12.self_attn.v_proj	0.9006737686765394	0.7125162109899752	1.5978850353206924
Llama-3.1-8B-Instruct	metamath	42	base_model.model.model.layers.13.mlp.down_proj	0.8079965718763784	0.6180420806778355	1.7091608821229927
Llama-3.1-8B-Instruct	metamath	42	base_model.model.model.layers.13.mlp.gate_proj	0.8876116856950328	0.710454975709269	1.5608921699697709
Llama-3.1-8B-Instruct	metamath	42	base_model.model.model.layers.13.mlp.up_proj	0.9414469214852681	0.8005245224942293	1.3830643875757687
Llama-3.1-8B-Instruct	metamath	42	base_model.model.model.layers.13.self_attn.k_proj	0.8909224371146666	0.6809487748175918	1.7117916641092463
Llama-3.1-8B-Instruct	metamath	42	base_model.model.model.layers.13.self_attn.o_proj	0.9348454914659832	0.7901871660475922	1.3996509146258587
Llama-3.1-8B-Instruct	metamath	42	base_model.model.model.layers.13.self_attn.q_proj	0.8897121372492864	0.6928888917052127	1.648814631224997
Llama-3.1-8B-Instruct	metamath	42	base_model.model.model.layers.13.self_attn.v_proj	0.8737666610764855	0.6753949475111068	1.673691170856272
Llama-3.1-8B-Instruct	metamath	42	base_model.model.model.layers.14.mlp.down_proj	0.8612755308416057	0.764973949457977	1.2676253805433044
Llama-3.1-8B-Instruct	metamath	42	base_model.model.model.layers.14.mlp.gate_proj	0.887326403579262	0.6559660541376492	1.8298019180735237
Llama-3.1-8B-Instruct	metamath	42	base_model.model.model.layers.14.mlp.up_proj	0.9633304641711953	0.899912096810584	1.1459097367444893
Llama-3.1-8B-Instruct	metamath	42	base_model.model.model.layers.14.self_attn.k_proj	0.8759206126067249	0.645518900118872	1.8412449471889811
Llama-3.1-8B-Instruct	metamath	42	base_model.model.model.layers.14.self_attn.o_proj	0.9524187010949619	0.8526889786285091	1.2475975968736481
Llama-3.1-8B-Instruct	metamath	42	base_model.model.model.layers.14.self_attn.q_proj	0.9029840159066118	0.7223533900271611	1.5626463250641676
Llama-3.1-8B-Instruct	metamath	42	base_model.model.model.layers.14.self_attn.v_proj	0.9095692970997497	0.7475013197885889	1.4806337912268512
Llama-3.1-8B-Instruct	metamath	42	base_model.model.model.layers.15.mlp.down_proj	0.8885794879914218	0.7916066591312767	1.260009123204711
Llama-3.1-8B-Instruct	metamath	42	base_model.model.model.layers.15.mlp.gate_proj	0.8677756035698125	0.6374875836948217	1.8529829008456473
Llama-3.1-8B-Instruct	metamath	42	base_model.model.model.layers.15.mlp.up_proj	0.9416074232246259	0.7833541003158291	1.4448524718788451
Llama-3.1-8B-Instruct	metamath	42	base_model.model.model.layers.15.self_attn.k_proj	0.8889836324990193	0.7145855758053727	1.5476724042734087
Llama-3.1-8B-Instruct	metamath	42	base_model.model.model.layers.15.self_attn.o_proj	0.9518860471754066	0.8529822831383505	1.2453456278654478
Llama-3.1-8B-Instruct	metamath	42	base_model.model.model.layers.15.self_attn.q_proj	0.8675060337652866	0.6760139163655078	1.6467729911155395
Llama-3.1-8B-Instruct	metamath	42	base_model.model.model.layers.15.self_attn.v_proj	0.9056099401029196	0.7586779291844272	1.4248444702399743
Llama-3.1-8B-Instruct	metamath	42	base_model.model.model.layers.16.mlp.down_proj	0.8188231464186522	0.6650971207581892	1.5156889555085722
Llama-3.1-8B-Instruct	metamath	42	base_model.model.model.layers.16.mlp.gate_proj	0.8067520459953349	0.4719399617516539	2.922177853200602
Llama-3.1-8B-Instruct	metamath	42	base_model.model.model.layers.16.mlp.up_proj	0.9391215679331466	0.778085931607886	1.4567616616455556
Llama-3.1-8B-Instruct	metamath	42	base_model.model.model.layers.16.self_attn.k_proj	0.8722669579178453	0.6628612748121707	1.7316238043520948
Llama-3.1-8B-Instruct	metamath	42	base_model.model.model.layers.16.self_attn.o_proj	0.907929584072065	0.7368204329686654	1.5183818824899546
Llama-3.1-8B-Instruct	metamath	42	base_model.model.model.layers.16.self_attn.q_proj	0.9251841477411672	0.8109709773175754	1.3015047021411368
Llama-3.1-8B-Instruct	metamath	42	base_model.model.model.layers.16.self_attn.v_proj	0.8753449187551432	0.6922516334979051	1.5989336840629869
Llama-3.1-8B-Instruct	metamath	42	base_model.model.model.layers.17.mlp.down_proj	0.852676565064837	0.6971458164290486	1.4959648974338033
Llama-3.1-8B-Instruct	metamath	42	base_model.model.model.layers.17.mlp.gate_proj	0.8514677896375535	0.5498482306628788	2.398008860136575
Llama-3.1-8B-Instruct	metamath	42	base_model.model.model.layers.17.mlp.up_proj	0.9277854709958305	0.7157874492524386	1.6800684498178733
Llama-3.1-8B-Instruct	metamath	42	base_model.model.model.layers.17.self_attn.k_proj	0.8635729611296683	0.6108758825721562	1.9984445972536788
Llama-3.1-8B-Instruct	metamath	42	base_model.model.model.layers.17.self_attn.o_proj	0.8869032160141623	0.7361890665991866	1.4513552652558936
Llama-3.1-8B-Instruct	metamath	42	base_model.model.model.layers.17.self_attn.q_proj	0.8731068571372248	0.6743269821975095	1.676462034554977
Llama-3.1-8B-Instruct	metamath	42	base_model.model.model.layers.17.self_attn.v_proj	0.8519689928128402	0.6922808599490023	1.514547606808351
Llama-3.1-8B-Instruct	metamath	42	base_model.model.model.layers.18.mlp.down_proj	0.8265962275741766	0.697082690683072	1.4061065784658437
Llama-3.1-8B-Instruct	metamath	42	base_model.model.model.layers.18.mlp.gate_proj	0.7918743292396454	0.4677440077862498	2.866131179623992
Llama-3.1-8B-Instruct	metamath	42	base_model.model.model.layers.18.mlp.up_proj	0.9372239748092402	0.7617242667668787	1.5138791105636538
Llama-3.1-8B-Instruct	metamath	42	base_model.model.model.layers.18.self_attn.k_proj	0.7949741442377967	0.477635550009944	2.770210179241807
Llama-3.1-8B-Instruct	metamath	42	base_model.model.model.layers.18.self_attn.o_proj	0.8854253657528549	0.677655266186569	1.707207396779605
Llama-3.1-8B-Instruct	metamath	42	base_model.model.model.layers.18.self_attn.q_proj	0.9080126579284142	0.7804027274861937	1.3537742473949543
Llama-3.1-8B-Instruct	metamath	42	base_model.model.model.layers.18.self_attn.v_proj	0.8713556673977237	0.6680074707550647	1.7014856139617298
Llama-3.1-8B-Instruct	metamath	42	base_model.model.model.layers.19.mlp.down_proj	0.8516457793102932	0.697278737574121	1.4917812776510295
Llama-3.1-8B-Instruct	metamath	42	base_model.model.model.layers.19.mlp.gate_proj	0.8001825976940733	0.4561152319923858	3.0777196174634063
Llama-3.1-8B-Instruct	metamath	42	base_model.model.model.layers.19.mlp.up_proj	0.9065457580578871	0.6642041867220838	1.8628429501604449
Llama-3.1-8B-Instruct	metamath	42	base_model.model.model.layers.19.self_attn.k_proj	0.7683084207750304	0.5166698047811703	2.211286547135825
Llama-3.1-8B-Instruct	metamath	42	base_model.model.model.layers.19.self_attn.o_proj	0.8871968035053802	0.7446123698207793	1.4196439748526948
Llama-3.1-8B-Instruct	metamath	42	base_model.model.model.layers.19.self_attn.q_proj	0.8995303530310105	0.6992202100255778	1.6550217280457686
Llama-3.1-8B-Instruct	metamath	42	base_model.model.model.layers.19.self_attn.v_proj	0.8029554816857654	0.583025076985032	1.8967428897697167
Llama-3.1-8B-Instruct	metamath	42	base_model.model.model.layers.2.mlp.down_proj	0.871307250883834	0.7900383570115197	1.2163156705066733
Llama-3.1-8B-Instruct	metamath	42	base_model.model.model.layers.2.mlp.gate_proj	0.9373083034303386	0.7988419910189157	1.3767121900908246
Llama-3.1-8B-Instruct	metamath	42	base_model.model.model.layers.2.mlp.up_proj	0.9407233248000654	0.8265479727169079	1.2953516854565512
Llama-3.1-8B-Instruct	metamath	42	base_model.model.model.layers.2.self_attn.k_proj	0.8680825092306484	0.669902865592357	1.679184205354171
Llama-3.1-8B-Instruct	metamath	42	base_model.model.model.layers.2.self_attn.o_proj	0.8953407692074745	0.6833266499092487	1.7168011821326954
Llama-3.1-8B-Instruct	metamath	42	base_model.model.model.layers.2.self_attn.q_proj	0.8946484627072453	0.7352113186916889	1.4807456691595102
Llama-3.1-8B-Instruct	metamath	42	base_model.model.model.layers.2.self_attn.v_proj	0.8488146781632762	0.7164036623604219	1.4038159331865003
Llama-3.1-8B-Instruct	metamath	42	base_model.model.model.layers.20.mlp.down_proj	0.8381455995276573	0.6743306177371898	1.544874412855917
Llama-3.1-8B-Instruct	metamath	42	base_model.model.model.layers.20.mlp.gate_proj	0.8541137454848573	0.563724135500718	2.295610295059492
Llama-3.1-8B-Instruct	metamath	42	base_model.model.model.layers.20.mlp.up_proj	0.914307444193999	0.6615430802884911	1.9101534153776742
Llama-3.1-8B-Instruct	metamath	42	base_model.model.model.layers.20.self_attn.k_proj	0.9023510182879705	0.7520820200614617	1.4395296457229936
Llama-3.1-8B-Instruct	metamath	42	base_model.model.model.layers.20.self_attn.o_proj	0.9202899448716639	0.7417276995220383	1.5394314618542642
Llama-3.1-8B-Instruct	metamath	42	base_model.model.model.layers.20.self_attn.q_proj	0.8294615499080529	0.6341612762068106	1.7107757258762029
Llama-3.1-8B-Instruct	metamath	42	base_model.model.model.layers.20.self_attn.v_proj	0.8652961858155601	0.6635796867765958	1.700369915820129
Llama-3.1-8B-Instruct	metamath	42	base_model.model.model.layers.21.mlp.down_proj	0.8138536551756805	0.6351372377335771	1.641940762867873
Llama-3.1-8B-Instruct	metamath	42	base_model.model.model.layers.21.mlp.gate_proj	0.8203674200592777	0.5117034336417899	2.570278282539867
Llama-3.1-8B-Instruct	metamath	42	base_model.model.model.layers.21.mlp.up_proj	0.9119252303867312	0.640578816179307	2.0266246377770973
Llama-3.1-8B-Instruct	metamath	42	base_model.model.model.layers.21.self_attn.k_proj	0.8072009524746683	0.4949509658152483	2.6597387418455907
Llama-3.1-8B-Instruct	metamath	42	base_model.model.model.layers.21.self_attn.o_proj	0.918097640316176	0.790208564749142	1.3498772476789167
Llama-3.1-8B-Instruct	metamath	42	base_model.model.model.layers.21.self_attn.q_proj	0.833205156745723	0.6613374486612674	1.5872950689754968
Llama-3.1-8B-Instruct	metamath	42	base_model.model.model.layers.21.self_attn.v_proj	0.8722380436126134	0.6795303224629606	1.6476022189708033
Llama-3.1-8B-Instruct	metamath	42	base_model.model.model.layers.22.mlp.down_proj	0.8303842742864025	0.6395294580554521	1.6859206275808627
Llama-3.1-8B-Instruct	metamath	42	base_model.model.model.layers.22.mlp.gate_proj	0.8158015390604764	0.4891852430987616	2.781136760918793
Llama-3.1-8B-Instruct	metamath	42	base_model.model.model.layers.22.mlp.up_proj	0.9108784432006768	0.6263390738210166	2.114958436027884
Llama-3.1-8B-Instruct	metamath	42	base_model.model.model.layers.22.self_attn.k_proj	0.7991197756131388	0.5636687212244483	2.0099066384115916
Llama-3.1-8B-Instruct	metamath	42	base_model.model.model.layers.22.self_attn.o_proj	0.8909982223450963	0.7485719396051796	1.4167283617839361
Llama-3.1-8B-Instruct	metamath	42	base_model.model.model.layers.22.self_attn.q_proj	0.9095677191963977	0.7793773411666458	1.3619919059313688
Llama-3.1-8B-Instruct	metamath	42	base_model.model.model.layers.22.self_attn.v_proj	0.8296158909727681	0.5634143276038175	2.1681950602621347
Llama-3.1-8B-Instruct	metamath	42	base_model.model.model.layers.23.mlp.down_proj	0.8616018934019045	0.7062556433891175	1.4882963858665679
Llama-3.1-8B-Instruct	metamath	42	base_model.model.model.layers.23.mlp.gate_proj	0.85335691295625	0.509386103626177	2.806514149324337
Llama-3.1-8B-Instruct	metamath	42	base_model.model.model.layers.23.mlp.up_proj	0.919775901735544	0.6481551639204295	2.0137524542140763
Llama-3.1-8B-Instruct	metamath	42	base_model.model.model.layers.23.self_attn.k_proj	0.8759529363546296	0.7177513700443318	1.4894073246478063
Llama-3.1-8B-Instruct	metamath	42	base_model.model.model.layers.23.self_attn.o_proj	0.9283162522140436	0.8059126483824454	1.3268320818080397
Llama-3.1-8B-Instruct	metamath	42	base_model.model.model.layers.23.self_attn.q_proj	0.8743079887709251	0.686709201450095	1.6210005415621687
Llama-3.1-8B-Instruct	metamath	42	base_model.model.model.layers.23.self_attn.v_proj	0.826301446440423	0.6351768683544284	1.6923402299731007
Llama-3.1-8B-Instruct	metamath	42	base_model.model.model.layers.24.mlp.down_proj	0.8275744480850323	0.5535736480348608	2.234926937115836
Llama-3.1-8B-Instruct	metamath	42	base_model.model.model.layers.24.mlp.gate_proj	0.8562245578472454	0.5309481951785888	2.600585053046337
Llama-3.1-8B-Instruct	metamath	42	base_model.model.model.layers.24.mlp.up_proj	0.8867800135860504	0.5359415679150019	2.7377696690401967
Llama-3.1-8B-Instruct	metamath	42	base_model.model.model.layers.24.self_attn.k_proj	0.8085488606163977	0.49388603838439293	2.6801496261518367
Llama-3.1-8B-Instruct	metamath	42	base_model.model.model.layers.24.self_attn.o_proj	0.9111449322386742	0.7578800452822637	1.4453531828958859
Llama-3.1-8B-Instruct	metamath	42	base_model.model.model.layers.24.self_attn.q_proj	0.8201944803010252	0.6272794789552504	1.7096669815396925
Llama-3.1-8B-Instruct	metamath	42	base_model.model.model.layers.24.self_attn.v_proj	0.8445536109777261	0.6404353753695594	1.739016972609272
Llama-3.1-8B-Instruct	metamath	42	base_model.model.model.layers.25.mlp.down_proj	0.8600245451000039	0.6371385460970783	1.8220233236251753
Llama-3.1-8B-Instruct	metamath	42	base_model.model.model.layers.25.mlp.gate_proj	0.7633514811341326	0.40119247860922	3.620291497129028
Llama-3.1-8B-Instruct	metamath	42	base_model.model.model.layers.25.mlp.up_proj	0.9049418224982787	0.5441197973934843	2.766000564657746
Llama-3.1-8B-Instruct	metamath	42	base_model.model.model.layers.25.self_attn.k_proj	0.7666576992455203	0.5190689293705323	2.1814885406858204
Llama-3.1-8B-Instruct	metamath	42	base_model.model.model.layers.25.self_attn.o_proj	0.9412341805475005	0.7928683724930033	1.4092667054564438
Llama-3.1-8B-Instruct	metamath	42	base_model.model.model.layers.25.self_attn.q_proj	0.8254723336114945	0.57954713442324	2.0287452622010917
Llama-3.1-8B-Instruct	metamath	42	base_model.model.model.layers.25.self_attn.v_proj	0.7348169747570401	0.39770166823481895	3.413842926635167
Llama-3.1-8B-Instruct	metamath	42	base_model.model.model.layers.26.mlp.down_proj	0.8424291168346751	0.6087928405024665	1.9148187216096144
Llama-3.1-8B-Instruct	metamath	42	base_model.model.model.layers.26.mlp.gate_proj	0.7433946851230755	0.38365248557079273	3.754593043616421
Llama-3.1-8B-Instruct	metamath	42	base_model.model.model.layers.26.mlp.up_proj	0.8975356492952267	0.6159869620203281	2.123050745054013
Llama-3.1-8B-Instruct	metamath	42	base_model.model.model.layers.26.self_attn.k_proj	0.8095335684169562	0.585799515583876	1.90972884453122
Llama-3.1-8B-Instruct	metamath	42	base_model.model.model.layers.26.self_attn.o_proj	0.9085782127513451	0.6828180764592789	1.7705761800330733
Llama-3.1-8B-Instruct	metamath	42	base_model.model.model.layers.26.self_attn.q_proj	0.8306853829542473	0.5317804320373412	2.4401045345960988
Llama-3.1-8B-Instruct	metamath	42	base_model.model.model.layers.26.self_attn.v_proj	0.7808052741035753	0.5418881275526178	2.0761857428895034
Llama-3.1-8B-Instruct	metamath	42	base_model.model.model.layers.27.mlp.down_proj	0.7959419893379378	0.6047840274403491	1.7320571068565587
Llama-3.1-8B-Instruct	metamath	42	base_model.model.model.layers.27.mlp.gate_proj	0.7263927562013404	0.3244483431865572	5.012471170252354
Llama-3.1-8B-Instruct	metamath	42	base_model.model.model.layers.27.mlp.up_proj	0.912436466797689	0.6645698063405039	1.8850551317533484
Llama-3.1-8B-Instruct	metamath	42	base_model.model.model.layers.27.self_attn.k_proj	0.8881760126977895	0.7067571816516097	1.5792744861816146
Llama-3.1-8B-Instruct	metamath	42	base_model.model.model.layers.27.self_attn.o_proj	0.9186628372140945	0.70969273788623	1.6756047154666458
Llama-3.1-8B-Instruct	metamath	42	base_model.model.model.layers.27.self_attn.q_proj	0.8482141371967798	0.6300464959038133	1.8124490717699384
Llama-3.1-8B-Instruct	metamath	42	base_model.model.model.layers.27.self_attn.v_proj	0.7788786197043062	0.5338862265780372	2.128345509041875
Llama-3.1-8B-Instruct	metamath	42	base_model.model.model.layers.28.mlp.down_proj	0.769503587123936	0.5257347692828946	2.1423375382177547
Llama-3.1-8B-Instruct	metamath	42	base_model.model.model.layers.28.mlp.gate_proj	0.8049233401853172	0.4104963004439373	3.84494867179691
Llama-3.1-8B-Instruct	metamath	42	base_model.model.model.layers.28.mlp.up_proj	0.91707931498243	0.728314821416623	1.5855337819160882
Llama-3.1-8B-Instruct	metamath	42	base_model.model.model.layers.28.self_attn.k_proj	0.9032297000389862	0.7198464181494401	1.5744059532317762
Llama-3.1-8B-Instruct	metamath	42	base_model.model.model.layers.28.self_attn.o_proj	0.9410112984461383	0.8092857997738211	1.3520284666932285
Llama-3.1-8B-Instruct	metamath	42	base_model.model.model.layers.28.self_attn.q_proj	0.8476057172538788	0.6849196307256926	1.531470117606406
Llama-3.1-8B-Instruct	metamath	42	base_model.model.model.layers.28.self_attn.v_proj	0.82781021438525	0.6342073679199068	1.7037230357189126
Llama-3.1-8B-Instruct	metamath	42	base_model.model.model.layers.29.mlp.down_proj	0.7422919613187847	0.5558610898845919	1.7832694334452246
Llama-3.1-8B-Instruct	metamath	42	base_model.model.model.layers.29.mlp.gate_proj	0.7910183522843118	0.4642740798782507	2.9028476494331485
Llama-3.1-8B-Instruct	metamath	42	base_model.model.model.layers.29.mlp.up_proj	0.9115689942717438	0.6119623860909698	2.218858620489494
Llama-3.1-8B-Instruct	metamath	42	base_model.model.model.layers.29.self_attn.k_proj	0.8298267869056467	0.6181415626311624	1.8021834960862038
Llama-3.1-8B-Instruct	metamath	42	base_model.model.model.layers.29.self_attn.o_proj	0.9088047872104063	0.7044568299426888	1.664303183432024
Llama-3.1-8B-Instruct	metamath	42	base_model.model.model.layers.29.self_attn.q_proj	0.9224889436518336	0.6493511373976615	2.0181950108895634
Llama-3.1-8B-Instruct	metamath	42	base_model.model.model.layers.29.self_attn.v_proj	0.8151017138442848	0.5871336921221767	1.9273012684195165
Llama-3.1-8B-Instruct	metamath	42	base_model.model.model.layers.3.mlp.down_proj	0.8378217349552678	0.742074586296946	1.2747004179337145
Llama-3.1-8B-Instruct	metamath	42	base_model.model.model.layers.3.mlp.gate_proj	0.8600651976186752	0.6244591678085896	1.8969446405330534
Llama-3.1-8B-Instruct	metamath	42	base_model.model.model.layers.3.mlp.up_proj	0.941319960312761	0.8454759599655262	1.239572716451586
Llama-3.1-8B-Instruct	metamath	42	base_model.model.model.layers.3.self_attn.k_proj	0.892341351573831	0.7384041721336462	1.4604064891713229
Llama-3.1-8B-Instruct	metamath	42	base_model.model.model.layers.3.self_attn.o_proj	0.8935676833431634	0.717392458870212	1.5514625372775979
Llama-3.1-8B-Instruct	metamath	42	base_model.model.model.layers.3.self_attn.q_proj	0.9255468783133548	0.8062944622246332	1.3176785817243493
Llama-3.1-8B-Instruct	metamath	42	base_model.model.model.layers.3.self_attn.v_proj	0.8348596314977176	0.6617930430442628	1.5914116347305638
Llama-3.1-8B-Instruct	metamath	42	base_model.model.model.layers.30.mlp.down_proj	0.8069508480291537	0.7162084782971196	1.26944897454439
Llama-3.1-8B-Instruct	metamath	42	base_model.model.model.layers.30.mlp.gate_proj	0.8024045535934706	0.45129088277408186	3.161357785345083
Llama-3.1-8B-Instruct	metamath	42	base_model.model.model.layers.30.mlp.up_proj	0.9456645916514502	0.8049395822226447	1.3802180043804935
Llama-3.1-8B-Instruct	metamath	42	base_model.model.model.layers.30.self_attn.k_proj	0.7848161046405228	0.5182645407494766	2.2931518863361515
Llama-3.1-8B-Instruct	metamath	42	base_model.model.model.layers.30.self_attn.o_proj	0.8667736088648843	0.5762084112972757	2.2628312716947327
Llama-3.1-8B-Instruct	metamath	42	base_model.model.model.layers.30.self_attn.q_proj	0.7216047001712149	0.4156644397909365	3.013789826206668
Llama-3.1-8B-Instruct	metamath	42	base_model.model.model.layers.30.self_attn.v_proj	0.8126509144734267	0.5564562014512133	2.13278011641976
Llama-3.1-8B-Instruct	metamath	42	base_model.model.model.layers.31.mlp.down_proj	0.9308921990613236	0.8724877899786351	1.1383611505073228
Llama-3.1-8B-Instruct	metamath	42	base_model.model.model.layers.31.mlp.gate_proj	0.9297576507286003	0.6859530998509183	1.8371756279180882
Llama-3.1-8B-Instruct	metamath	42	base_model.model.model.layers.31.mlp.up_proj	0.9572842196282357	0.8621480463354427	1.2328723222367033
Llama-3.1-8B-Instruct	metamath	42	base_model.model.model.layers.31.self_attn.k_proj	0.8350498114273431	0.6581347152236422	1.6098861552093833
Llama-3.1-8B-Instruct	metamath	42	base_model.model.model.layers.31.self_attn.o_proj	0.9013034585106195	0.7728974742053728	1.3598728371470958
Llama-3.1-8B-Instruct	metamath	42	base_model.model.model.layers.31.self_attn.q_proj	0.8186210124795568	0.537874279831267	2.316350207667644
Llama-3.1-8B-Instruct	metamath	42	base_model.model.model.layers.31.self_attn.v_proj	0.9029019610719732	0.6745836510276105	1.791470122068642
Llama-3.1-8B-Instruct	metamath	42	base_model.model.model.layers.4.mlp.down_proj	0.8216647915600721	0.7064202770479472	1.352891730478027
Llama-3.1-8B-Instruct	metamath	42	base_model.model.model.layers.4.mlp.gate_proj	0.7949227526134612	0.4615830459834923	2.9658566616513116
Llama-3.1-8B-Instruct	metamath	42	base_model.model.model.layers.4.mlp.up_proj	0.9497972714421933	0.8511808493225141	1.2451398923080097
Llama-3.1-8B-Instruct	metamath	42	base_model.model.model.layers.4.self_attn.k_proj	0.8498477029091003	0.6515424539269526	1.7013621674244959
Llama-3.1-8B-Instruct	metamath	42	base_model.model.model.layers.4.self_attn.o_proj	0.8783094788684351	0.6909046402024708	1.616065357088211
Llama-3.1-8B-Instruct	metamath	42	base_model.model.model.layers.4.self_attn.q_proj	0.9125091389969036	0.7467408706461496	1.4932571462865731
Llama-3.1-8B-Instruct	metamath	42	base_model.model.model.layers.4.self_attn.v_proj	0.7156080621016763	0.4411810602732175	2.6309750480011367
Llama-3.1-8B-Instruct	metamath	42	base_model.model.model.layers.5.mlp.down_proj	0.8094644504266681	0.661368088252722	1.4979906031894916
Llama-3.1-8B-Instruct	metamath	42	base_model.model.model.layers.5.mlp.gate_proj	0.8834371863307613	0.6266051183435611	1.9877578437147896
Llama-3.1-8B-Instruct	metamath	42	base_model.model.model.layers.5.mlp.up_proj	0.9100067672919396	0.7662595209388254	1.4103843375245246
Llama-3.1-8B-Instruct	metamath	42	base_model.model.model.layers.5.self_attn.k_proj	0.8447847968826406	0.6283150667738197	1.8077452575381943
Llama-3.1-8B-Instruct	metamath	42	base_model.model.model.layers.5.self_attn.o_proj	0.8897013425302047	0.6996768311829504	1.6169385138358152
Llama-3.1-8B-Instruct	metamath	42	base_model.model.model.layers.5.self_attn.q_proj	0.9202970405586686	0.795261602602846	1.3391709592911052
Llama-3.1-8B-Instruct	metamath	42	base_model.model.model.layers.5.self_attn.v_proj	0.8255208283817942	0.6442315870567288	1.6419957967033654
Llama-3.1-8B-Instruct	metamath	42	base_model.model.model.layers.6.mlp.down_proj	0.7894905248440589	0.6440993367253665	1.502408875126519
Llama-3.1-8B-Instruct	metamath	42	base_model.model.model.layers.6.mlp.gate_proj	0.8885596413266463	0.6472866602048529	1.8844293226479123
Llama-3.1-8B-Instruct	metamath	42	base_model.model.model.layers.6.mlp.up_proj	0.9460929191116851	0.8673241150739887	1.1898843180088234
Llama-3.1-8B-Instruct	metamath	42	base_model.model.model.layers.6.self_attn.k_proj	0.8712450191097684	0.6663957690174598	1.7092915844602954
Llama-3.1-8B-Instruct	metamath	42	base_model.model.model.layers.6.self_attn.o_proj	0.9272353720335204	0.7768323396278256	1.4247064396895996
Llama-3.1-8B-Instruct	metamath	42	base_model.model.model.layers.6.self_attn.q_proj	0.9066905682804745	0.7732866791844276	1.3747924491246697
Llama-3.1-8B-Instruct	metamath	42	base_model.model.model.layers.6.self_attn.v_proj	0.8121912938613846	0.540488663945067	2.2581016102129827
Llama-3.1-8B-Instruct	metamath	42	base_model.model.model.layers.7.mlp.down_proj	0.8271603772250931	0.6780754045377655	1.4880703443027
Llama-3.1-8B-Instruct	metamath	42	base_model.model.model.layers.7.mlp.gate_proj	0.9281164891570044	0.760746983348876	1.488416580473614
Llama-3.1-8B-Instruct	metamath	42	base_model.model.model.layers.7.mlp.up_proj	0.9532046871529675	0.8395223850693279	1.2891628357066365
Llama-3.1-8B-Instruct	metamath	42	base_model.model.model.layers.7.self_attn.k_proj	0.8325985022472602	0.5668355389315627	2.1575313142941113
Llama-3.1-8B-Instruct	metamath	42	base_model.model.model.layers.7.self_attn.o_proj	0.9217569350303609	0.8056933810087549	1.3088601220880003
Llama-3.1-8B-Instruct	metamath	42	base_model.model.model.layers.7.self_attn.q_proj	0.9025170904188664	0.7477866379224493	1.456650855202749
Llama-3.1-8B-Instruct	metamath	42	base_model.model.model.layers.7.self_attn.v_proj	0.7845883450915232	0.4829897268315848	2.6388087659440225
Llama-3.1-8B-Instruct	metamath	42	base_model.model.model.layers.8.mlp.down_proj	0.8240554262250289	0.6907320628993787	1.4232907116948896
Llama-3.1-8B-Instruct	metamath	42	base_model.model.model.layers.8.mlp.gate_proj	0.862363936723685	0.6039422248883564	2.0388739812166423
Llama-3.1-8B-Instruct	metamath	42	base_model.model.model.layers.8.mlp.up_proj	0.9423647966917247	0.784983511599584	1.4411760591863083
Llama-3.1-8B-Instruct	metamath	42	base_model.model.model.layers.8.self_attn.k_proj	0.8611639429933405	0.6361120333312571	1.8327551678430944
Llama-3.1-8B-Instruct	metamath	42	base_model.model.model.layers.8.self_attn.o_proj	0.9105724833153402	0.688790402542211	1.7476516450714528
Llama-3.1-8B-Instruct	metamath	42	base_model.model.model.layers.8.self_attn.q_proj	0.9032951291625635	0.7591970994264291	1.415631626001461
Llama-3.1-8B-Instruct	metamath	42	base_model.model.model.layers.8.self_attn.v_proj	0.8373755227446679	0.5919870394352745	2.0008573477713694
Llama-3.1-8B-Instruct	metamath	42	base_model.model.model.layers.9.mlp.down_proj	0.7936929084259313	0.6608275628494357	1.4425427818860452
Llama-3.1-8B-Instruct	metamath	42	base_model.model.model.layers.9.mlp.gate_proj	0.9179808867180781	0.7426282033632855	1.5280036801271348
Llama-3.1-8B-Instruct	metamath	42	base_model.model.model.layers.9.mlp.up_proj	0.9445500772106725	0.8332268228948335	1.2850602542385383
Llama-3.1-8B-Instruct	metamath	42	base_model.model.model.layers.9.self_attn.k_proj	0.7607204831126227	0.43919560096204746	3.0000898204392508
Llama-3.1-8B-Instruct	metamath	42	base_model.model.model.layers.9.self_attn.o_proj	0.8586805493201424	0.6635692597990853	1.6745215195782106
Llama-3.1-8B-Instruct	metamath	42	base_model.model.model.layers.9.self_attn.q_proj	0.8130825714765251	0.5427899903566282	2.2439110830788964
Llama-3.1-8B-Instruct	metamath	42	base_model.model.model.layers.9.self_attn.v_proj	0.871585705784361	0.7218406293484898	1.4579329528392015
Llama-3.1-8B-Instruct	tulu	42	base_model.model.model.layers.0.mlp.down_proj	0.9358194148244504	0.8664920588633294	1.1664199207574508
Llama-3.1-8B-Instruct	tulu	42	base_model.model.model.layers.0.mlp.gate_proj	0.966258608753253	0.7048468538347155	1.8793047928125208
Llama-3.1-8B-Instruct	tulu	42	base_model.model.model.layers.0.mlp.up_proj	0.9762286522175226	0.7991448071660745	1.492286246917192
Llama-3.1-8B-Instruct	tulu	42	base_model.model.model.layers.0.self_attn.k_proj	0.8579117353317913	0.6175537032460185	1.9299042227456886
Llama-3.1-8B-Instruct	tulu	42	base_model.model.model.layers.0.self_attn.o_proj	0.9277209881661361	0.7333624657520438	1.6002852661881102
Llama-3.1-8B-Instruct	tulu	42	base_model.model.model.layers.0.self_attn.q_proj	0.8561714064939399	0.49623723692369787	2.9767525839843922
Llama-3.1-8B-Instruct	tulu	42	base_model.model.model.layers.0.self_attn.v_proj	0.8768171155987942	0.7209391813904615	1.4791791593800832
Llama-3.1-8B-Instruct	tulu	42	base_model.model.model.layers.1.mlp.down_proj	0.5770255004936777	0.564891823902739	1.0434206678621194
Llama-3.1-8B-Instruct	tulu	42	base_model.model.model.layers.1.mlp.gate_proj	0.9675313995832345	0.7094984427435319	1.8596329954608426
Llama-3.1-8B-Instruct	tulu	42	base_model.model.model.layers.1.mlp.up_proj	0.9790362294251405	0.8262912037533551	1.403884139116747
Llama-3.1-8B-Instruct	tulu	42	base_model.model.model.layers.1.self_attn.k_proj	0.8480283550776432	0.6902871403569322	1.509249990961424
Llama-3.1-8B-Instruct	tulu	42	base_model.model.model.layers.1.self_attn.o_proj	0.9455313070599479	0.8026276599528701	1.387789450755358
Llama-3.1-8B-Instruct	tulu	42	base_model.model.model.layers.1.self_attn.q_proj	0.9138211108433363	0.753273588348695	1.4716918779304062
Llama-3.1-8B-Instruct	tulu	42	base_model.model.model.layers.1.self_attn.v_proj	0.8744875275459028	0.7349243814661353	1.415865267714506
Llama-3.1-8B-Instruct	tulu	42	base_model.model.model.layers.10.mlp.down_proj	0.8783740536553775	0.7705000246541491	1.2996119121011476
Llama-3.1-8B-Instruct	tulu	42	base_model.model.model.layers.10.mlp.gate_proj	0.814275176876989	0.3813446191283139	4.559394233233371
Llama-3.1-8B-Instruct	tulu	42	base_model.model.model.layers.10.mlp.up_proj	0.9558970782365368	0.8260880237421836	1.338966206840432
Llama-3.1-8B-Instruct	tulu	42	base_model.model.model.layers.10.self_attn.k_proj	0.8971584412837228	0.7471858938120503	1.4417201455644857
Llama-3.1-8B-Instruct	tulu	42	base_model.model.model.layers.10.self_attn.o_proj	0.9432181927194865	0.861630480197313	1.1983459987992537
Llama-3.1-8B-Instruct	tulu	42	base_model.model.model.layers.10.self_attn.q_proj	0.9341549861313942	0.7771078069794285	1.4450248925308458
Llama-3.1-8B-Instruct	tulu	42	base_model.model.model.layers.10.self_attn.v_proj	0.911230750277916	0.8071933579267625	1.2743877105065542
Llama-3.1-8B-Instruct	tulu	42	base_model.model.model.layers.11.mlp.down_proj	0.8658245728627364	0.7134564022162853	1.4727361109782222
Llama-3.1-8B-Instruct	tulu	42	base_model.model.model.layers.11.mlp.gate_proj	0.836821573311758	0.445059351314423	3.535329314850798
Llama-3.1-8B-Instruct	tulu	42	base_model.model.model.layers.11.mlp.up_proj	0.9020576453594967	0.6803325326595927	1.7580292868128151
Llama-3.1-8B-Instruct	tulu	42	base_model.model.model.layers.11.self_attn.k_proj	0.8991847341623165	0.7489616811183276	1.4413805353381028
Llama-3.1-8B-Instruct	tulu	42	base_model.model.model.layers.11.self_attn.o_proj	0.9231964457305741	0.7932244489083204	1.3545531928745482
Llama-3.1-8B-Instruct	tulu	42	base_model.model.model.layers.11.self_attn.q_proj	0.9408986393839064	0.7999608413226742	1.3834014421035457
Llama-3.1-8B-Instruct	tulu	42	base_model.model.model.layers.11.self_attn.v_proj	0.8857000845112779	0.7365883023635457	1.4458516568636581
Llama-3.1-8B-Instruct	tulu	42	base_model.model.model.layers.12.mlp.down_proj	0.8798653861042229	0.7423080252643753	1.4049606285964875
Llama-3.1-8B-Instruct	tulu	42	base_model.model.model.layers.12.mlp.gate_proj	0.8493186683117913	0.4644163755110571	3.344462192139926
Llama-3.1-8B-Instruct	tulu	42	base_model.model.model.layers.12.mlp.up_proj	0.9653063191682257	0.8847782943288717	1.190313553599086
Llama-3.1-8B-Instruct	tulu	42	base_model.model.model.layers.12.self_attn.k_proj	0.8842335524928472	0.7364963967808821	1.4414272487867825
Llama-3.1-8B-Instruct	tulu	42	base_model.model.model.layers.12.self_attn.o_proj	0.9488989779847882	0.829991547533711	1.3070512551695026
Llama-3.1-8B-Instruct	tulu	42	base_model.model.model.layers.12.self_attn.q_proj	0.903896277398218	0.6909692153849002	1.7112749695452285
Llama-3.1-8B-Instruct	tulu	42	base_model.model.model.layers.12.self_attn.v_proj	0.8996731864480653	0.7228647971456641	1.54901421488205
Llama-3.1-8B-Instruct	tulu	42	base_model.model.model.layers.13.mlp.down_proj	0.8882212186004509	0.7698125719183596	1.3312888321963448
Llama-3.1-8B-Instruct	tulu	42	base_model.model.model.layers.13.mlp.gate_proj	0.8249280910889623	0.4302445333173561	3.67621974895284
Llama-3.1-8B-Instruct	tulu	42	base_model.model.model.layers.13.mlp.up_proj	0.9226452751675741	0.7257881753242973	1.6160312233511487
Llama-3.1-8B-Instruct	tulu	42	base_model.model.model.layers.13.self_attn.k_proj	0.9201609236720617	0.669643142606908	1.8881683808729424
Llama-3.1-8B-Instruct	tulu	42	base_model.model.model.layers.13.self_attn.o_proj	0.9432350750544164	0.8239248039439665	1.3105836008715541
Llama-3.1-8B-Instruct	tulu	42	base_model.model.model.layers.13.self_attn.q_proj	0.9321395704957108	0.8073507889177026	1.3330220750081831
Llama-3.1-8B-Instruct	tulu	42	base_model.model.model.layers.13.self_attn.v_proj	0.9308410569115518	0.8248574032651912	1.273483457703152
Llama-3.1-8B-Instruct	tulu	42	base_model.model.model.layers.14.mlp.down_proj	0.9208936549407506	0.8350058337924814	1.2162978578906543
Llama-3.1-8B-Instruct	tulu	42	base_model.model.model.layers.14.mlp.gate_proj	0.831938335541828	0.41914859196049675	3.939546679275701
Llama-3.1-8B-Instruct	tulu	42	base_model.model.model.layers.14.mlp.up_proj	0.9636977043189177	0.8529422164671645	1.2765635156079451
Llama-3.1-8B-Instruct	tulu	42	base_model.model.model.layers.14.self_attn.k_proj	0.9049175340179284	0.718817569334964	1.5848225408097587
Llama-3.1-8B-Instruct	tulu	42	base_model.model.model.layers.14.self_attn.o_proj	0.9589034760023277	0.8678931725651301	1.2207233224068845
Llama-3.1-8B-Instruct	tulu	42	base_model.model.model.layers.14.self_attn.q_proj	0.9321499966697387	0.7237964052675894	1.658588924589455
Llama-3.1-8B-Instruct	tulu	42	base_model.model.model.layers.14.self_attn.v_proj	0.9339605560027682	0.8155599613515981	1.3114304909106227
Llama-3.1-8B-Instruct	tulu	42	base_model.model.model.layers.15.mlp.down_proj	0.9437537040879371	0.8645802074921525	1.1915348799215049
Llama-3.1-8B-Instruct	tulu	42	base_model.model.model.layers.15.mlp.gate_proj	0.7745037229317261	0.3519341423727646	4.843108701941173
Llama-3.1-8B-Instruct	tulu	42	base_model.model.model.layers.15.mlp.up_proj	0.9297080183530085	0.7305433474223172	1.6195754039253323
Llama-3.1-8B-Instruct	tulu	42	base_model.model.model.layers.15.self_attn.k_proj	0.9197548200557008	0.7319308165106202	1.5790798059980595
Llama-3.1-8B-Instruct	tulu	42	base_model.model.model.layers.15.self_attn.o_proj	0.9765485029156885	0.91587350907608	1.1368852762417971
Llama-3.1-8B-Instruct	tulu	42	base_model.model.model.layers.15.self_attn.q_proj	0.9105755268461346	0.6633175874312445	1.8844686745704284
Llama-3.1-8B-Instruct	tulu	42	base_model.model.model.layers.15.self_attn.v_proj	0.937084974480553	0.8154047089890275	1.3207223225827611
Llama-3.1-8B-Instruct	tulu	42	base_model.model.model.layers.16.mlp.down_proj	0.9409545322606293	0.8696293292838486	1.1707628145818307
Llama-3.1-8B-Instruct	tulu	42	base_model.model.model.layers.16.mlp.gate_proj	0.7784888044088776	0.3513510381505848	4.909330389503033
Llama-3.1-8B-Instruct	tulu	42	base_model.model.model.layers.16.mlp.up_proj	0.9209827098843687	0.6942624219267478	1.7597688910755802
Llama-3.1-8B-Instruct	tulu	42	base_model.model.model.layers.16.self_attn.k_proj	0.885603536287865	0.6182703955441883	2.051737425724391
Llama-3.1-8B-Instruct	tulu	42	base_model.model.model.layers.16.self_attn.o_proj	0.9584061314513576	0.8492809099717128	1.2734926494999932
Llama-3.1-8B-Instruct	tulu	42	base_model.model.model.layers.16.self_attn.q_proj	0.8919673990244289	0.6565880668628817	1.8454912568612447
Llama-3.1-8B-Instruct	tulu	42	base_model.model.model.layers.16.self_attn.v_proj	0.9316030338656666	0.8364843843492845	1.2403553168624497
Llama-3.1-8B-Instruct	tulu	42	base_model.model.model.layers.17.mlp.down_proj	0.9467396143657413	0.898962699044577	1.1091180055632175
Llama-3.1-8B-Instruct	tulu	42	base_model.model.model.layers.17.mlp.gate_proj	0.7698818322154457	0.34909361901323904	4.863672474443162
Llama-3.1-8B-Instruct	tulu	42	base_model.model.model.layers.17.mlp.up_proj	0.9398431211827628	0.7279607884159922	1.6668432507341984
Llama-3.1-8B-Instruct	tulu	42	base_model.model.model.layers.17.self_attn.k_proj	0.8690491671185733	0.5198413669065828	2.7947761179019595
Llama-3.1-8B-Instruct	tulu	42	base_model.model.model.layers.17.self_attn.o_proj	0.975236750446159	0.904010411850247	1.163786332442153
Llama-3.1-8B-Instruct	tulu	42	base_model.model.model.layers.17.self_attn.q_proj	0.8484110163935723	0.4765073477384161	3.170103155785741
Llama-3.1-8B-Instruct	tulu	42	base_model.model.model.layers.17.self_attn.v_proj	0.9451586173789549	0.8552382201218206	1.2213361015131514
Llama-3.1-8B-Instruct	tulu	42	base_model.model.model.layers.18.mlp.down_proj	0.9394792315923045	0.9008240390862301	1.0876631968514203
Llama-3.1-8B-Instruct	tulu	42	base_model.model.model.layers.18.mlp.gate_proj	0.7488435689205483	0.3331173498205495	5.053446862013894
Llama-3.1-8B-Instruct	tulu	42	base_model.model.model.layers.18.mlp.up_proj	0.9350750499220266	0.7064795056151223	1.7518374350209052
Llama-3.1-8B-Instruct	tulu	42	base_model.model.model.layers.18.self_attn.k_proj	0.87248927960457	0.6348703792163858	1.8886438509829413
Llama-3.1-8B-Instruct	tulu	42	base_model.model.model.layers.18.self_attn.o_proj	0.9525071176717578	0.8620120126588486	1.2209835792823982
Llama-3.1-8B-Instruct	tulu	42	base_model.model.model.layers.18.self_attn.q_proj	0.8399825196534016	0.43275192087385117	3.767580046041551
Llama-3.1-8B-Instruct	tulu	42	base_model.model.model.layers.18.self_attn.v_proj	0.9169048813412202	0.7954585165588426	1.3286588898402258
Llama-3.1-8B-Instruct	tulu	42	base_model.model.model.layers.19.mlp.down_proj	0.9402034566291497	0.8820784529527617	1.1361332241218711
Llama-3.1-8B-Instruct	tulu	42	base_model.model.model.layers.19.mlp.gate_proj	0.7506761669535758	0.3339051086793119	5.05427802785903
Llama-3.1-8B-Instruct	tulu	42	base_model.model.model.layers.19.mlp.up_proj	0.914325243377858	0.6698311944336443	1.863248080400411
Llama-3.1-8B-Instruct	tulu	42	base_model.model.model.layers.19.self_attn.k_proj	0.8937631251510896	0.651830865857169	1.8800743399905642
Llama-3.1-8B-Instruct	tulu	42	base_model.model.model.layers.19.self_attn.o_proj	0.964608219936553	0.8826435665784387	1.1943488528903805
Llama-3.1-8B-Instruct	tulu	42	base_model.model.model.layers.19.self_attn.q_proj	0.8745489134499553	0.5385371221933964	2.637162664372331
Llama-3.1-8B-Instruct	tulu	42	base_model.model.model.layers.19.self_attn.v_proj	0.9396815475609349	0.8357689127385075	1.2641219467637546
Llama-3.1-8B-Instruct	tulu	42	base_model.model.model.layers.2.mlp.down_proj	0.9113420137370747	0.8369781169747846	1.1855901362904688
Llama-3.1-8B-Instruct	tulu	42	base_model.model.model.layers.2.mlp.gate_proj	0.9505936030584093	0.630907584972459	2.27016946304936
Llama-3.1-8B-Instruct	tulu	42	base_model.model.model.layers.2.mlp.up_proj	0.9628679781588068	0.8020510970935812	1.4412171221305448
Llama-3.1-8B-Instruct	tulu	42	base_model.model.model.layers.2.self_attn.k_proj	0.9314104601013052	0.7651901378690908	1.4816427280837816
Llama-3.1-8B-Instruct	tulu	42	base_model.model.model.layers.2.self_attn.o_proj	0.924641311539981	0.7047186007108585	1.7215320680552415
Llama-3.1-8B-Instruct	tulu	42	base_model.model.model.layers.2.self_attn.q_proj	0.9482981674932831	0.8750717525695219	1.1743633595362502
Llama-3.1-8B-Instruct	tulu	42	base_model.model.model.layers.2.self_attn.v_proj	0.8477230113921176	0.6546200774761258	1.6769854790600187
Llama-3.1-8B-Instruct	tulu	42	base_model.model.model.layers.20.mlp.down_proj	0.9328749080768851	0.8565860836636958	1.1860549073588729
Llama-3.1-8B-Instruct	tulu	42	base_model.model.model.layers.20.mlp.gate_proj	0.77359328961344	0.3522207051122089	4.823870312195662
Llama-3.1-8B-Instruct	tulu	42	base_model.model.model.layers.20.mlp.up_proj	0.912833246794939	0.6376576160696166	2.049310646857197
Llama-3.1-8B-Instruct	tulu	42	base_model.model.model.layers.20.self_attn.k_proj	0.9016504181042078	0.77590242362254	1.350399162511926
Llama-3.1-8B-Instruct	tulu	42	base_model.model.model.layers.20.self_attn.o_proj	0.9588604350773594	0.8437784454597783	1.2913796663136272
Llama-3.1-8B-Instruct	tulu	42	base_model.model.model.layers.20.self_attn.q_proj	0.8713925861232875	0.5368345657333211	2.634794682786973
Llama-3.1-8B-Instruct	tulu	42	base_model.model.model.layers.20.self_attn.v_proj	0.9128130064838192	0.7532959821934292	1.4683592962592025
Llama-3.1-8B-Instruct	tulu	42	base_model.model.model.layers.21.mlp.down_proj	0.9112840412570913	0.8413752082753722	1.1730812883797106
Llama-3.1-8B-Instruct	tulu	42	base_model.model.model.layers.21.mlp.gate_proj	0.7255895250104606	0.292530723983161	6.152321707153481
Llama-3.1-8B-Instruct	tulu	42	base_model.model.model.layers.21.mlp.up_proj	0.9112007394953853	0.6464228148338456	1.986985853008762
Llama-3.1-8B-Instruct	tulu	42	base_model.model.model.layers.21.self_attn.k_proj	0.8484888401946974	0.46835267038897965	3.282058121629007
Llama-3.1-8B-Instruct	tulu	42	base_model.model.model.layers.21.self_attn.o_proj	0.9543066306072124	0.8732101893752077	1.1943683686506024
Llama-3.1-8B-Instruct	tulu	42	base_model.model.model.layers.21.self_attn.q_proj	0.9286208760922363	0.7233404995860954	1.6481294580027523
Llama-3.1-8B-Instruct	tulu	42	base_model.model.model.layers.21.self_attn.v_proj	0.9369648787738384	0.8159863159954015	1.3185022422122474
Llama-3.1-8B-Instruct	tulu	42	base_model.model.model.layers.22.mlp.down_proj	0.9119088860259388	0.8151157105775517	1.251596579812033
Llama-3.1-8B-Instruct	tulu	42	base_model.model.model.layers.22.mlp.gate_proj	0.7160136666858383	0.2947223878896282	5.902233261124176
Llama-3.1-8B-Instruct	tulu	42	base_model.model.model.layers.22.mlp.up_proj	0.9320719613389322	0.689145243268198	1.8292681032673346
Llama-3.1-8B-Instruct	tulu	42	base_model.model.model.layers.22.self_attn.k_proj	0.9237191942867363	0.763673319319667	1.463068636612634
Llama-3.1-8B-Instruct	tulu	42	base_model.model.model.layers.22.self_attn.o_proj	0.9665524000096164	0.8760633349365526	1.2172500411766167
Llama-3.1-8B-Instruct	tulu	42	base_model.model.model.layers.22.self_attn.q_proj	0.8686134049187137	0.5631051881782265	2.379435831274451
Llama-3.1-8B-Instruct	tulu	42	base_model.model.model.layers.22.self_attn.v_proj	0.895632932017558	0.7478501227758766	1.4342701812470937
Llama-3.1-8B-Instruct	tulu	42	base_model.model.model.layers.23.mlp.down_proj	0.9351636941580302	0.8700827157134687	1.1551920538470395
Llama-3.1-8B-Instruct	tulu	42	base_model.model.model.layers.23.mlp.gate_proj	0.7009971609263054	0.2753528552046288	6.481169055851383
Llama-3.1-8B-Instruct	tulu	42	base_model.model.model.layers.23.mlp.up_proj	0.8919614206312663	0.5858119140890384	2.3183325939684
Llama-3.1-8B-Instruct	tulu	42	base_model.model.model.layers.23.self_attn.k_proj	0.9074182603837411	0.774283670061856	1.3734562474969583
Llama-3.1-8B-Instruct	tulu	42	base_model.model.model.layers.23.self_attn.o_proj	0.971962356421736	0.8941185890777985	1.1817038276895437
Llama-3.1-8B-Instruct	tulu	42	base_model.model.model.layers.23.self_attn.q_proj	0.898492798372951	0.5864142753405162	2.3475785517935286
Llama-3.1-8B-Instruct	tulu	42	base_model.model.model.layers.23.self_attn.v_proj	0.8569173828308678	0.5893129826462578	2.1143938547502117
Llama-3.1-8B-Instruct	tulu	42	base_model.model.model.layers.24.mlp.down_proj	0.9463642154252745	0.8947234131701806	1.118765372711101
Llama-3.1-8B-Instruct	tulu	42	base_model.model.model.layers.24.mlp.gate_proj	0.6788462467257498	0.2496901718853649	7.391625341083198
Llama-3.1-8B-Instruct	tulu	42	base_model.model.model.layers.24.mlp.up_proj	0.8862948876895405	0.5473588064218409	2.621876728467009
Llama-3.1-8B-Instruct	tulu	42	base_model.model.model.layers.24.self_attn.k_proj	0.8789310070633087	0.5999926051490837	2.145940993767897
Llama-3.1-8B-Instruct	tulu	42	base_model.model.model.layers.24.self_attn.o_proj	0.9536634168437513	0.8170228146926902	1.3624540939364775
Llama-3.1-8B-Instruct	tulu	42	base_model.model.model.layers.24.self_attn.q_proj	0.9368426873298059	0.7358065050880311	1.621086153819705
Llama-3.1-8B-Instruct	tulu	42	base_model.model.model.layers.24.self_attn.v_proj	0.8597792129994528	0.64955521878935	1.7520307691780725
Llama-3.1-8B-Instruct	tulu	42	base_model.model.model.layers.25.mlp.down_proj	0.9508200762700957	0.8842488039525743	1.1562392931820114
Llama-3.1-8B-Instruct	tulu	42	base_model.model.model.layers.25.mlp.gate_proj	0.6729619814535629	0.23906049858411876	7.924382269749069
Llama-3.1-8B-Instruct	tulu	42	base_model.model.model.layers.25.mlp.up_proj	0.866893684830972	0.4832707327566743	3.2177380710401104
Llama-3.1-8B-Instruct	tulu	42	base_model.model.model.layers.25.self_attn.k_proj	0.7920793478249202	0.4395167862971755	3.2477788305556463
Llama-3.1-8B-Instruct	tulu	42	base_model.model.model.layers.25.self_attn.o_proj	0.9562724100467541	0.8505994166001886	1.2639010968709345
Llama-3.1-8B-Instruct	tulu	42	base_model.model.model.layers.25.self_attn.q_proj	0.9487604300753734	0.8688237890621158	1.192476197768427
Llama-3.1-8B-Instruct	tulu	42	base_model.model.model.layers.25.self_attn.v_proj	0.8945337326601053	0.7110507191683552	1.5826769766757922
Llama-3.1-8B-Instruct	tulu	42	base_model.model.model.layers.26.mlp.down_proj	0.9387265488131277	0.8427496328593049	1.2407407819183887
Llama-3.1-8B-Instruct	tulu	42	base_model.model.model.layers.26.mlp.gate_proj	0.6828096895119742	0.24835247080539685	7.558965805064539
Llama-3.1-8B-Instruct	tulu	42	base_model.model.model.layers.26.mlp.up_proj	0.8855752028898096	0.49949217047111183	3.143355672644359
Llama-3.1-8B-Instruct	tulu	42	base_model.model.model.layers.26.self_attn.k_proj	0.8126442543486894	0.37812956091253364	4.61869918268252
Llama-3.1-8B-Instruct	tulu	42	base_model.model.model.layers.26.self_attn.o_proj	0.9161239887001497	0.7133390822997726	1.6493638555575496
Llama-3.1-8B-Instruct	tulu	42	base_model.model.model.layers.26.self_attn.q_proj	0.8409173957040134	0.40774063918451176	4.253423972934157
Llama-3.1-8B-Instruct	tulu	42	base_model.model.model.layers.26.self_attn.v_proj	0.90068222508609	0.7160999713496399	1.5819613596883693
Llama-3.1-8B-Instruct	tulu	42	base_model.model.model.layers.27.mlp.down_proj	0.9328789354661285	0.8599198210059723	1.176886699037554
Llama-3.1-8B-Instruct	tulu	42	base_model.model.model.layers.27.mlp.gate_proj	0.6939370898597818	0.25308662122753706	7.517991409733972
Llama-3.1-8B-Instruct	tulu	42	base_model.model.model.layers.27.mlp.up_proj	0.8914902969373328	0.5166931828565055	2.9769242105178173
Llama-3.1-8B-Instruct	tulu	42	base_model.model.model.layers.27.self_attn.k_proj	0.8840328226602409	0.6448268102561787	1.8795358241151625
Llama-3.1-8B-Instruct	tulu	42	base_model.model.model.layers.27.self_attn.o_proj	0.9345311410818694	0.7297896378648291	1.6398048644238625
Llama-3.1-8B-Instruct	tulu	42	base_model.model.model.layers.27.self_attn.q_proj	0.9034270320464444	0.626821195338342	2.077298061863739
Llama-3.1-8B-Instruct	tulu	42	base_model.model.model.layers.27.self_attn.v_proj	0.8549754662065516	0.5317377518101774	2.5853081502199315
Llama-3.1-8B-Instruct	tulu	42	base_model.model.model.layers.28.mlp.down_proj	0.8699855638985018	0.7802023206078471	1.2433964324929658
Llama-3.1-8B-Instruct	tulu	42	base_model.model.model.layers.28.mlp.gate_proj	0.6634572368856839	0.24941183646250253	7.0760639795061735
Llama-3.1-8B-Instruct	tulu	42	base_model.model.model.layers.28.mlp.up_proj	0.8921430026593739	0.5062416355584217	3.1056551184699326
Llama-3.1-8B-Instruct	tulu	42	base_model.model.model.layers.28.self_attn.k_proj	0.9096810451017351	0.7830857850532912	1.349458738320569
Llama-3.1-8B-Instruct	tulu	42	base_model.model.model.layers.28.self_attn.o_proj	0.9676573043815585	0.8817916845549788	1.2042347642457087
Llama-3.1-8B-Instruct	tulu	42	base_model.model.model.layers.28.self_attn.q_proj	0.8957464448035177	0.5629458410620422	2.5318440772073303
Llama-3.1-8B-Instruct	tulu	42	base_model.model.model.layers.28.self_attn.v_proj	0.8828114182109973	0.7502334463275043	1.3846596606128614
Llama-3.1-8B-Instruct	tulu	42	base_model.model.model.layers.29.mlp.down_proj	0.8695834449800725	0.802873692204287	1.1730811898765774
Llama-3.1-8B-Instruct	tulu	42	base_model.model.model.layers.29.mlp.gate_proj	0.7422049874291995	0.3007040656956361	6.092129641643104
Llama-3.1-8B-Instruct	tulu	42	base_model.model.model.layers.29.mlp.up_proj	0.8345467136590702	0.41181707674500995	4.106696420097886
Llama-3.1-8B-Instruct	tulu	42	base_model.model.model.layers.29.self_attn.k_proj	0.8757662990503291	0.597251846019701	2.150113846807768
Llama-3.1-8B-Instruct	tulu	42	base_model.model.model.layers.29.self_attn.o_proj	0.9304580343480962	0.6897298216201728	1.8198499157760044
Llama-3.1-8B-Instruct	tulu	42	base_model.model.model.layers.29.self_attn.q_proj	0.9305099445160862	0.7577043858130958	1.508142697541225
Llama-3.1-8B-Instruct	tulu	42	base_model.model.model.layers.29.self_attn.v_proj	0.8466866550140034	0.4911780783715175	2.9714435082998145
Llama-3.1-8B-Instruct	tulu	42	base_model.model.model.layers.3.mlp.down_proj	0.8875868074447533	0.8043144079545231	1.2177832048727393
Llama-3.1-8B-Instruct	tulu	42	base_model.model.model.layers.3.mlp.gate_proj	0.8980715023669185	0.4861042502544835	3.413209882697024
Llama-3.1-8B-Instruct	tulu	42	base_model.model.model.layers.3.mlp.up_proj	0.9596317494116323	0.8384945416786498	1.3098113114575864
Llama-3.1-8B-Instruct	tulu	42	base_model.model.model.layers.3.self_attn.k_proj	0.9134773409456346	0.7725361821669182	1.3981633057676826
Llama-3.1-8B-Instruct	tulu	42	base_model.model.model.layers.3.self_attn.o_proj	0.9287758550417264	0.7986433940588318	1.3524338305438037
Llama-3.1-8B-Instruct	tulu	42	base_model.model.model.layers.3.self_attn.q_proj	0.9500786617799953	0.8037324756318119	1.3973207065509123
Llama-3.1-8B-Instruct	tulu	42	base_model.model.model.layers.3.self_attn.v_proj	0.8941344929775482	0.7494587004950524	1.423345348770992
Llama-3.1-8B-Instruct	tulu	42	base_model.model.model.layers.30.mlp.down_proj	0.8256626630530487	0.6238178556296258	1.7518208421993713
Llama-3.1-8B-Instruct	tulu	42	base_model.model.model.layers.30.mlp.gate_proj	0.6633474002282134	0.25384718167831855	6.8286895769638845
Llama-3.1-8B-Instruct	tulu	42	base_model.model.model.layers.30.mlp.up_proj	0.8356324584343121	0.44348117084284466	3.5504240843477683
Llama-3.1-8B-Instruct	tulu	42	base_model.model.model.layers.30.self_attn.k_proj	0.776267396896497	0.3302982132188967	5.523447670394722
Llama-3.1-8B-Instruct	tulu	42	base_model.model.model.layers.30.self_attn.o_proj	0.9459342308187438	0.7426657680239592	1.622314578422384
Llama-3.1-8B-Instruct	tulu	42	base_model.model.model.layers.30.self_attn.q_proj	0.8075029404337308	0.37369447335815936	4.66933329536625
Llama-3.1-8B-Instruct	tulu	42	base_model.model.model.layers.30.self_attn.v_proj	0.8850759424064432	0.6581100369079231	1.808689609688963
Llama-3.1-8B-Instruct	tulu	42	base_model.model.model.layers.31.mlp.down_proj	0.9327964805018392	0.8192945908167111	1.2962644852506386
Llama-3.1-8B-Instruct	tulu	42	base_model.model.model.layers.31.mlp.gate_proj	0.6653187446049972	0.2598407525304033	6.556091227068594
Llama-3.1-8B-Instruct	tulu	42	base_model.model.model.layers.31.mlp.up_proj	0.8829998941678001	0.5450130796748769	2.6248679078015855
Llama-3.1-8B-Instruct	tulu	42	base_model.model.model.layers.31.self_attn.k_proj	0.8774024095955276	0.6739918886637676	1.6946823473989447
Llama-3.1-8B-Instruct	tulu	42	base_model.model.model.layers.31.self_attn.o_proj	0.9300869401522309	0.7582398044282289	1.504644610396103
Llama-3.1-8B-Instruct	tulu	42	base_model.model.model.layers.31.self_attn.q_proj	0.9091808206599659	0.5978608028766355	2.312599190178191
Llama-3.1-8B-Instruct	tulu	42	base_model.model.model.layers.31.self_attn.v_proj	0.932407630839008	0.8305643961594931	1.2602741192718703
Llama-3.1-8B-Instruct	tulu	42	base_model.model.model.layers.4.mlp.down_proj	0.8846619810791448	0.7993231062184031	1.224926393151945
Llama-3.1-8B-Instruct	tulu	42	base_model.model.model.layers.4.mlp.gate_proj	0.9189445908722196	0.5641040290045879	2.65375147332325
Llama-3.1-8B-Instruct	tulu	42	base_model.model.model.layers.4.mlp.up_proj	0.9589737937625663	0.8267136689826249	1.3455605374884756
Llama-3.1-8B-Instruct	tulu	42	base_model.model.model.layers.4.self_attn.k_proj	0.8708731597893697	0.7214984703327507	1.456930994009328
Llama-3.1-8B-Instruct	tulu	42	base_model.model.model.layers.4.self_attn.o_proj	0.945850564239546	0.8249640181415726	1.3145437395327004
Llama-3.1-8B-Instruct	tulu	42	base_model.model.model.layers.4.self_attn.q_proj	0.9281219401296464	0.7736773612547259	1.439097770252811
Llama-3.1-8B-Instruct	tulu	42	base_model.model.model.layers.4.self_attn.v_proj	0.808240157994195	0.524102534849879	2.378199751311217
Llama-3.1-8B-Instruct	tulu	42	base_model.model.model.layers.5.mlp.down_proj	0.8733843630529844	0.793486953036857	1.2115218294538508
Llama-3.1-8B-Instruct	tulu	42	base_model.model.model.layers.5.mlp.gate_proj	0.8116781984914546	0.37016725739324846	4.808080825213584
Llama-3.1-8B-Instruct	tulu	42	base_model.model.model.layers.5.mlp.up_proj	0.9617612084662135	0.8711675269503028	1.218796379557086
Llama-3.1-8B-Instruct	tulu	42	base_model.model.model.layers.5.self_attn.k_proj	0.8980198367315964	0.7572604497999692	1.4063107934805323
Llama-3.1-8B-Instruct	tulu	42	base_model.model.model.layers.5.self_attn.o_proj	0.9427180066824754	0.8334799428011287	1.2793026472682543
Llama-3.1-8B-Instruct	tulu	42	base_model.model.model.layers.5.self_attn.q_proj	0.9450908345606305	0.8239662801248252	1.3156132074869562
Llama-3.1-8B-Instruct	tulu	42	base_model.model.model.layers.5.self_attn.v_proj	0.8752570739985055	0.6738147862140934	1.6872917582515337
Llama-3.1-8B-Instruct	tulu	42	base_model.model.model.layers.6.mlp.down_proj	0.9040698261706201	0.7890436320435502	1.312810104921057
Llama-3.1-8B-Instruct	tulu	42	base_model.model.model.layers.6.mlp.gate_proj	0.8841321461848433	0.519132619943215	2.9005324269512487
Llama-3.1-8B-Instruct	tulu	42	base_model.model.model.layers.6.mlp.up_proj	0.9654391824468148	0.883165768946199	1.1949930682415901
Llama-3.1-8B-Instruct	tulu	42	base_model.model.model.layers.6.self_attn.k_proj	0.895707887859974	0.7190149181628654	1.551875922348319
Llama-3.1-8B-Instruct	tulu	42	base_model.model.model.layers.6.self_attn.o_proj	0.9481596626649414	0.8549448689416546	1.2299479421550037
Llama-3.1-8B-Instruct	tulu	42	base_model.model.model.layers.6.self_attn.q_proj	0.9084430164657363	0.6733360756847164	1.820252408364859
Llama-3.1-8B-Instruct	tulu	42	base_model.model.model.layers.6.self_attn.v_proj	0.8630346970722252	0.6672159974298688	1.6731065960301903
Llama-3.1-8B-Instruct	tulu	42	base_model.model.model.layers.7.mlp.down_proj	0.8077696454618739	0.6736594735192415	1.4377858830828216
Llama-3.1-8B-Instruct	tulu	42	base_model.model.model.layers.7.mlp.gate_proj	0.8696725100703152	0.4743920871960305	3.360753131948013
Llama-3.1-8B-Instruct	tulu	42	base_model.model.model.layers.7.mlp.up_proj	0.9432172723401796	0.8090725568685592	1.3590910392464646
Llama-3.1-8B-Instruct	tulu	42	base_model.model.model.layers.7.self_attn.k_proj	0.8729412918621897	0.7115444832173626	1.5051021021896893
Llama-3.1-8B-Instruct	tulu	42	base_model.model.model.layers.7.self_attn.o_proj	0.9331954931449677	0.8427730851387634	1.2260945173235187
Llama-3.1-8B-Instruct	tulu	42	base_model.model.model.layers.7.self_attn.q_proj	0.9430033799470461	0.7784350809310022	1.4675121294078752
Llama-3.1-8B-Instruct	tulu	42	base_model.model.model.layers.7.self_attn.v_proj	0.8999041921038775	0.7688181908903216	1.3700778613287543
Llama-3.1-8B-Instruct	tulu	42	base_model.model.model.layers.8.mlp.down_proj	0.8806413078818807	0.7666776602707582	1.3193878733971074
Llama-3.1-8B-Instruct	tulu	42	base_model.model.model.layers.8.mlp.gate_proj	0.8569252808897909	0.43808412406088737	3.8262283154109977
Llama-3.1-8B-Instruct	tulu	42	base_model.model.model.layers.8.mlp.up_proj	0.9437810128782638	0.8152013158319759	1.340333053736854
Llama-3.1-8B-Instruct	tulu	42	base_model.model.model.layers.8.self_attn.k_proj	0.9151983480735253	0.7759813054568259	1.391002587754219
Llama-3.1-8B-Instruct	tulu	42	base_model.model.model.layers.8.self_attn.o_proj	0.9445904391223339	0.847614113007753	1.2419117397420045
Llama-3.1-8B-Instruct	tulu	42	base_model.model.model.layers.8.self_attn.q_proj	0.9416790119553249	0.826141099508501	1.2992637612933013
Llama-3.1-8B-Instruct	tulu	42	base_model.model.model.layers.8.self_attn.v_proj	0.8924706696688021	0.7853747646509982	1.2913204220807883
Llama-3.1-8B-Instruct	tulu	42	base_model.model.model.layers.9.mlp.down_proj	0.8770872685031155	0.7725773736286051	1.288847828702261
Llama-3.1-8B-Instruct	tulu	42	base_model.model.model.layers.9.mlp.gate_proj	0.8697352633006943	0.4651434048416755	3.4962334415629064
Llama-3.1-8B-Instruct	tulu	42	base_model.model.model.layers.9.mlp.up_proj	0.9546861115243819	0.827131961118873	1.332206670567072
Llama-3.1-8B-Instruct	tulu	42	base_model.model.model.layers.9.self_attn.k_proj	0.8251579683387477	0.46405518450149075	3.161803950165261
Llama-3.1-8B-Instruct	tulu	42	base_model.model.model.layers.9.self_attn.o_proj	0.9394985767125303	0.8381304792974406	1.2565187806178741
Llama-3.1-8B-Instruct	tulu	42	base_model.model.model.layers.9.self_attn.q_proj	0.9316336355454621	0.7857789526626561	1.405689937051694
Llama-3.1-8B-Instruct	tulu	42	base_model.model.model.layers.9.self_attn.v_proj	0.9098932171314702	0.8109555280745452	1.2588870843064424
Llama-3.1-8B-Instruct	magicoder	43	base_model.model.model.layers.0.mlp.down_proj	0.7789381657905879	0.41018019897125324	3.6062562594661474
Llama-3.1-8B-Instruct	magicoder	43	base_model.model.model.layers.0.mlp.gate_proj	0.8954222429559249	0.558389913078973	2.5714650609050804
Llama-3.1-8B-Instruct	magicoder	43	base_model.model.model.layers.0.mlp.up_proj	0.9245881050572027	0.6390346586799069	2.093378586506782
Llama-3.1-8B-Instruct	magicoder	43	base_model.model.model.layers.0.self_attn.k_proj	0.8014047553719652	0.5531249618490893	2.0992169000663226
Llama-3.1-8B-Instruct	magicoder	43	base_model.model.model.layers.0.self_attn.o_proj	0.7154789751606165	0.26663187968689994	7.200615214681786
Llama-3.1-8B-Instruct	magicoder	43	base_model.model.model.layers.0.self_attn.q_proj	0.8039087781238632	0.3752343003692219	4.58995555811467
Llama-3.1-8B-Instruct	magicoder	43	base_model.model.model.layers.0.self_attn.v_proj	0.6441354760858243	0.2832476106408272	5.171564285209288
Llama-3.1-8B-Instruct	magicoder	43	base_model.model.model.layers.1.mlp.down_proj	0.35424225446601815	0.10131494274429712	12.225136575073773
Llama-3.1-8B-Instruct	magicoder	43	base_model.model.model.layers.1.mlp.gate_proj	0.9398860545549989	0.6673901061989432	1.9833112871216565
Llama-3.1-8B-Instruct	magicoder	43	base_model.model.model.layers.1.mlp.up_proj	0.9351028282877689	0.6456035461334919	2.097910355720106
Llama-3.1-8B-Instruct	magicoder	43	base_model.model.model.layers.1.self_attn.k_proj	0.7984916832225591	0.3441870109153233	5.382100966289413
Llama-3.1-8B-Instruct	magicoder	43	base_model.model.model.layers.1.self_attn.o_proj	0.7792952085530093	0.40659770948756996	3.673450199033818
Llama-3.1-8B-Instruct	magicoder	43	base_model.model.model.layers.1.self_attn.q_proj	0.7600127887978092	0.28866255247288886	6.9320375325599946
Llama-3.1-8B-Instruct	magicoder	43	base_model.model.model.layers.1.self_attn.v_proj	0.6000656096647741	0.2001365383005392	8.989689838026383
Llama-3.1-8B-Instruct	magicoder	43	base_model.model.model.layers.10.mlp.down_proj	0.6951396919154706	0.35714599205987435	3.7883719524170525
Llama-3.1-8B-Instruct	magicoder	43	base_model.model.model.layers.10.mlp.gate_proj	0.7567552261598742	0.2896954828605391	6.82381761959068
Llama-3.1-8B-Instruct	magicoder	43	base_model.model.model.layers.10.mlp.up_proj	0.8430130240027508	0.44241116360135596	3.6309177746445966
Llama-3.1-8B-Instruct	magicoder	43	base_model.model.model.layers.10.self_attn.k_proj	0.8978186008352893	0.7182284484539176	1.5626150082398453
Llama-3.1-8B-Instruct	magicoder	43	base_model.model.model.layers.10.self_attn.o_proj	0.8396027725043796	0.5551538639060927	2.28728875200324
Llama-3.1-8B-Instruct	magicoder	43	base_model.model.model.layers.10.self_attn.q_proj	0.8486124481835456	0.4895598339033531	3.004742353409193
Llama-3.1-8B-Instruct	magicoder	43	base_model.model.model.layers.10.self_attn.v_proj	0.7914804095659735	0.42246705415064945	3.509899221193939
Llama-3.1-8B-Instruct	magicoder	43	base_model.model.model.layers.11.mlp.down_proj	0.6453829359169934	0.2881383377619252	5.016870188913901
Llama-3.1-8B-Instruct	magicoder	43	base_model.model.model.layers.11.mlp.gate_proj	0.6419285266631892	0.21940183781103195	8.560375773293796
Llama-3.1-8B-Instruct	magicoder	43	base_model.model.model.layers.11.mlp.up_proj	0.7675910183980941	0.3206718903034046	5.7297804996053285
Llama-3.1-8B-Instruct	magicoder	43	base_model.model.model.layers.11.self_attn.k_proj	0.8296699131033619	0.4587092222578061	3.271415742701958
Llama-3.1-8B-Instruct	magicoder	43	base_model.model.model.layers.11.self_attn.o_proj	0.8135689320070453	0.47652887285924933	2.9148101428751447
Llama-3.1-8B-Instruct	magicoder	43	base_model.model.model.layers.11.self_attn.q_proj	0.8523172568304757	0.44392561695362676	3.686227625284058
Llama-3.1-8B-Instruct	magicoder	43	base_model.model.model.layers.11.self_attn.v_proj	0.7677841026949264	0.38729496352042964	3.930017936923382
Llama-3.1-8B-Instruct	magicoder	43	base_model.model.model.layers.12.mlp.down_proj	0.7013730019806522	0.3704633365717736	3.584326980187429
Llama-3.1-8B-Instruct	magicoder	43	base_model.model.model.layers.12.mlp.gate_proj	0.6415289341738284	0.22480173584445917	8.143913956667168
Llama-3.1-8B-Instruct	magicoder	43	base_model.model.model.layers.12.mlp.up_proj	0.8012238091315033	0.3811693385121299	4.418468626814725
Llama-3.1-8B-Instruct	magicoder	43	base_model.model.model.layers.12.self_attn.k_proj	0.8924495265265014	0.5541052805669512	2.5940763185690843
Llama-3.1-8B-Instruct	magicoder	43	base_model.model.model.layers.12.self_attn.o_proj	0.8741331942072404	0.6189144087400709	1.9947755564076126
Llama-3.1-8B-Instruct	magicoder	43	base_model.model.model.layers.12.self_attn.q_proj	0.8222177338346146	0.396701732466546	4.295814156324103
Llama-3.1-8B-Instruct	magicoder	43	base_model.model.model.layers.12.self_attn.v_proj	0.7641960458361267	0.36012369671304656	4.5030438204719045
Llama-3.1-8B-Instruct	magicoder	43	base_model.model.model.layers.13.mlp.down_proj	0.7038680380179394	0.3385513123128483	4.322484915400064
Llama-3.1-8B-Instruct	magicoder	43	base_model.model.model.layers.13.mlp.gate_proj	0.697558808025725	0.24798437130880216	7.912487398956031
Llama-3.1-8B-Instruct	magicoder	43	base_model.model.model.layers.13.mlp.up_proj	0.7845745162992218	0.33424795329448376	5.509737169532031
Llama-3.1-8B-Instruct	magicoder	43	base_model.model.model.layers.13.self_attn.k_proj	0.936071641531963	0.7525334940623148	1.547271435173922
Llama-3.1-8B-Instruct	magicoder	43	base_model.model.model.layers.13.self_attn.o_proj	0.8101833428104018	0.4529240550035123	3.1997485146485087
Llama-3.1-8B-Instruct	magicoder	43	base_model.model.model.layers.13.self_attn.q_proj	0.881795328344462	0.4950001726723478	3.173400504483593
Llama-3.1-8B-Instruct	magicoder	43	base_model.model.model.layers.13.self_attn.v_proj	0.8148263933703555	0.5437646911203069	2.2454747127476
Llama-3.1-8B-Instruct	magicoder	43	base_model.model.model.layers.14.mlp.down_proj	0.7050278611136188	0.3351877690499401	4.424215098372755
Llama-3.1-8B-Instruct	magicoder	43	base_model.model.model.layers.14.mlp.gate_proj	0.5816931543060796	0.18025358148535808	10.414060600039523
Llama-3.1-8B-Instruct	magicoder	43	base_model.model.model.layers.14.mlp.up_proj	0.8056995763487824	0.36192992409830343	4.955611899280902
Llama-3.1-8B-Instruct	magicoder	43	base_model.model.model.layers.14.self_attn.k_proj	0.9041995234333386	0.5605791151903654	2.601685042316737
Llama-3.1-8B-Instruct	magicoder	43	base_model.model.model.layers.14.self_attn.o_proj	0.8929585167437784	0.6090633068137994	2.149501217148576
Llama-3.1-8B-Instruct	magicoder	43	base_model.model.model.layers.14.self_attn.q_proj	0.7865939615129268	0.34968557307745296	5.0599448821962465
Llama-3.1-8B-Instruct	magicoder	43	base_model.model.model.layers.14.self_attn.v_proj	0.787664990919282	0.41668249506042787	3.573325461250102
Llama-3.1-8B-Instruct	magicoder	43	base_model.model.model.layers.15.mlp.down_proj	0.6760943274778456	0.3313565904294844	4.163162459440656
Llama-3.1-8B-Instruct	magicoder	43	base_model.model.model.layers.15.mlp.gate_proj	0.5443688348027783	0.1656239135427537	10.80290166337283
Llama-3.1-8B-Instruct	magicoder	43	base_model.model.model.layers.15.mlp.up_proj	0.7809894089926254	0.3328805252726268	5.504444696756989
Llama-3.1-8B-Instruct	magicoder	43	base_model.model.model.layers.15.self_attn.k_proj	0.9369767846329611	0.7097459254600893	1.742817231156242
Llama-3.1-8B-Instruct	magicoder	43	base_model.model.model.layers.15.self_attn.o_proj	0.8822285145754479	0.6269421091809194	1.9801919916970165
Llama-3.1-8B-Instruct	magicoder	43	base_model.model.model.layers.15.self_attn.q_proj	0.9015483829019453	0.5606082648647792	2.5861820031173783
Llama-3.1-8B-Instruct	magicoder	43	base_model.model.model.layers.15.self_attn.v_proj	0.8690163951940632	0.5614954873616286	2.3953192220922674
Llama-3.1-8B-Instruct	magicoder	43	base_model.model.model.layers.16.mlp.down_proj	0.6749874647812248	0.29700304385238946	5.164991542922522
Llama-3.1-8B-Instruct	magicoder	43	base_model.model.model.layers.16.mlp.gate_proj	0.5711486202132714	0.17668819329770188	10.449203904539655
Llama-3.1-8B-Instruct	magicoder	43	base_model.model.model.layers.16.mlp.up_proj	0.7462916101117506	0.288102977280734	6.7099861824482465
Llama-3.1-8B-Instruct	magicoder	43	base_model.model.model.layers.16.self_attn.k_proj	0.936546966601311	0.7814794590013368	1.4362299825205063
Llama-3.1-8B-Instruct	magicoder	43	base_model.model.model.layers.16.self_attn.o_proj	0.8331327883494443	0.514585343082652	2.62128129970707
Llama-3.1-8B-Instruct	magicoder	43	base_model.model.model.layers.16.self_attn.q_proj	0.8631683869782285	0.4404306401311768	3.8409265584312773
Llama-3.1-8B-Instruct	magicoder	43	base_model.model.model.layers.16.self_attn.v_proj	0.8093658875637281	0.48379799541612223	2.7987342542635125
Llama-3.1-8B-Instruct	magicoder	43	base_model.model.model.layers.17.mlp.down_proj	0.6626208489988041	0.30949008710091114	4.58391659252557
Llama-3.1-8B-Instruct	magicoder	43	base_model.model.model.layers.17.mlp.gate_proj	0.6396946127251759	0.20899386086514243	9.368678343189659
Llama-3.1-8B-Instruct	magicoder	43	base_model.model.model.layers.17.mlp.up_proj	0.6740565511123778	0.22605536466237292	8.891254302204896
Llama-3.1-8B-Instruct	magicoder	43	base_model.model.model.layers.17.self_attn.k_proj	0.8911237893616151	0.5272308690575588	2.856764335488637
Llama-3.1-8B-Instruct	magicoder	43	base_model.model.model.layers.17.self_attn.o_proj	0.8527087677169184	0.49921778126724586	2.91757054284563
Llama-3.1-8B-Instruct	magicoder	43	base_model.model.model.layers.17.self_attn.q_proj	0.7728549521579536	0.3110085902567297	6.175202713461423
Llama-3.1-8B-Instruct	magicoder	43	base_model.model.model.layers.17.self_attn.v_proj	0.7751181151876384	0.39751776996515653	3.802092503718366
Llama-3.1-8B-Instruct	magicoder	43	base_model.model.model.layers.18.mlp.down_proj	0.6102767973048913	0.23417176637211268	6.791796316564445
Llama-3.1-8B-Instruct	magicoder	43	base_model.model.model.layers.18.mlp.gate_proj	0.527391464888497	0.16192131313994845	10.608602080896995
Llama-3.1-8B-Instruct	magicoder	43	base_model.model.model.layers.18.mlp.up_proj	0.7385332225939872	0.27181648619591486	7.382245525716382
Llama-3.1-8B-Instruct	magicoder	43	base_model.model.model.layers.18.self_attn.k_proj	0.8783258014922339	0.5114899784637736	2.948743680811926
Llama-3.1-8B-Instruct	magicoder	43	base_model.model.model.layers.18.self_attn.o_proj	0.8676219361404144	0.5626800696540701	2.3775955676144602
Llama-3.1-8B-Instruct	magicoder	43	base_model.model.model.layers.18.self_attn.q_proj	0.8267997415041066	0.3766000366156374	4.8199213158791725
Llama-3.1-8B-Instruct	magicoder	43	base_model.model.model.layers.18.self_attn.v_proj	0.797426204496581	0.4319352179681221	3.408346773157246
Llama-3.1-8B-Instruct	magicoder	43	base_model.model.model.layers.19.mlp.down_proj	0.701349681589431	0.3224473493566652	4.730985161197916
Llama-3.1-8B-Instruct	magicoder	43	base_model.model.model.layers.19.mlp.gate_proj	0.5759705468920913	0.18031216478675333	10.203531193059105
Llama-3.1-8B-Instruct	magicoder	43	base_model.model.model.layers.19.mlp.up_proj	0.7032508256637429	0.2445288746209893	8.271041562401459
Llama-3.1-8B-Instruct	magicoder	43	base_model.model.model.layers.19.self_attn.k_proj	0.8808044905151599	0.49340025886062605	3.186840253458749
Llama-3.1-8B-Instruct	magicoder	43	base_model.model.model.layers.19.self_attn.o_proj	0.8817812842423212	0.5634353022396116	2.4492529774231278
Llama-3.1-8B-Instruct	magicoder	43	base_model.model.model.layers.19.self_attn.q_proj	0.7906593296677785	0.3134215329944561	6.363867647911481
Llama-3.1-8B-Instruct	magicoder	43	base_model.model.model.layers.19.self_attn.v_proj	0.753089472220778	0.36598561209435926	4.234139165264951
Llama-3.1-8B-Instruct	magicoder	43	base_model.model.model.layers.2.mlp.down_proj	0.6627961053407848	0.26598522591420803	6.20933178939286
Llama-3.1-8B-Instruct	magicoder	43	base_model.model.model.layers.2.mlp.gate_proj	0.8605570075425767	0.4099982188327793	4.405501473546736
Llama-3.1-8B-Instruct	magicoder	43	base_model.model.model.layers.2.mlp.up_proj	0.870074530140471	0.4721075460458955	3.3964953709780032
Llama-3.1-8B-Instruct	magicoder	43	base_model.model.model.layers.2.self_attn.k_proj	0.8653213251188613	0.4803477937385975	3.2452130424366685
Llama-3.1-8B-Instruct	magicoder	43	base_model.model.model.layers.2.self_attn.o_proj	0.7806172157048359	0.4510616615532298	2.9950523600449706
Llama-3.1-8B-Instruct	magicoder	43	base_model.model.model.layers.2.self_attn.q_proj	0.8518232073051726	0.40768006114142996	4.365761362297388
Llama-3.1-8B-Instruct	magicoder	43	base_model.model.model.layers.2.self_attn.v_proj	0.6837256304542213	0.3674540494460614	3.462243791490003
Llama-3.1-8B-Instruct	magicoder	43	base_model.model.model.layers.20.mlp.down_proj	0.7245971552513861	0.34268423495851696	4.4710033845764015
Llama-3.1-8B-Instruct	magicoder	43	base_model.model.model.layers.20.mlp.gate_proj	0.6690152434763792	0.22512605440509315	8.831215990581672
Llama-3.1-8B-Instruct	magicoder	43	base_model.model.model.layers.20.mlp.up_proj	0.702777985452496	0.2404090566702432	8.545444320664002
Llama-3.1-8B-Instruct	magicoder	43	base_model.model.model.layers.20.self_attn.k_proj	0.8825736891699297	0.5094975831874119	3.000666267837154
Llama-3.1-8B-Instruct	magicoder	43	base_model.model.model.layers.20.self_attn.o_proj	0.8795114198686009	0.5697316116592849	2.38310035659775
Llama-3.1-8B-Instruct	magicoder	43	base_model.model.model.layers.20.self_attn.q_proj	0.8449767571130089	0.3792969176172575	4.962847143369946
Llama-3.1-8B-Instruct	magicoder	43	base_model.model.model.layers.20.self_attn.v_proj	0.7783757794587206	0.373472115495301	4.343724414879394
Llama-3.1-8B-Instruct	magicoder	43	base_model.model.model.layers.21.mlp.down_proj	0.6844580507236946	0.3048563855592944	5.040841937402234
Llama-3.1-8B-Instruct	magicoder	43	base_model.model.model.layers.21.mlp.gate_proj	0.5600378234187134	0.17071472731507456	10.761993879524285
Llama-3.1-8B-Instruct	magicoder	43	base_model.model.model.layers.21.mlp.up_proj	0.6894161308754696	0.23474795349304406	8.625002941837927
Llama-3.1-8B-Instruct	magicoder	43	base_model.model.model.layers.21.self_attn.k_proj	0.8191457102194362	0.37936614318951783	4.662353340122819
Llama-3.1-8B-Instruct	magicoder	43	base_model.model.model.layers.21.self_attn.o_proj	0.8606055676184488	0.5072193512766137	2.8788343383934607
Llama-3.1-8B-Instruct	magicoder	43	base_model.model.model.layers.21.self_attn.q_proj	0.8698712114424794	0.4594973511210498	3.5838010449876014
Llama-3.1-8B-Instruct	magicoder	43	base_model.model.model.layers.21.self_attn.v_proj	0.7969968864108323	0.3937563835528936	4.096925194851459
Llama-3.1-8B-Instruct	magicoder	43	base_model.model.model.layers.22.mlp.down_proj	0.6890283144692438	0.30526923935744515	5.094576038743358
Llama-3.1-8B-Instruct	magicoder	43	base_model.model.model.layers.22.mlp.gate_proj	0.5541871788151917	0.16625895148651285	11.110737153847595
Llama-3.1-8B-Instruct	magicoder	43	base_model.model.model.layers.22.mlp.up_proj	0.7096305143213424	0.243317302504369	8.50586680752685
Llama-3.1-8B-Instruct	magicoder	43	base_model.model.model.layers.22.self_attn.k_proj	0.9379768657982801	0.7327543909929941	1.6385790390111872
Llama-3.1-8B-Instruct	magicoder	43	base_model.model.model.layers.22.self_attn.o_proj	0.8952598839188193	0.6069297514295546	2.175812137135197
Llama-3.1-8B-Instruct	magicoder	43	base_model.model.model.layers.22.self_attn.q_proj	0.8760133935498343	0.4580379794769038	3.6577878419875467
Llama-3.1-8B-Instruct	magicoder	43	base_model.model.model.layers.22.self_attn.v_proj	0.7751439193911922	0.40251323035451914	3.7085519689941417
Llama-3.1-8B-Instruct	magicoder	43	base_model.model.model.layers.23.mlp.down_proj	0.6611123138949442	0.2721019558219853	5.903195496036169
Llama-3.1-8B-Instruct	magicoder	43	base_model.model.model.layers.23.mlp.gate_proj	0.6303264082401502	0.19956349550739472	9.976283929597178
Llama-3.1-8B-Instruct	magicoder	43	base_model.model.model.layers.23.mlp.up_proj	0.7265129398369868	0.2530906880056868	8.240135911293208
Llama-3.1-8B-Instruct	magicoder	43	base_model.model.model.layers.23.self_attn.k_proj	0.8457919323414781	0.43414388334206866	3.7954187898174045
Llama-3.1-8B-Instruct	magicoder	43	base_model.model.model.layers.23.self_attn.o_proj	0.8658101314672156	0.541619079659709	2.555391331626155
Llama-3.1-8B-Instruct	magicoder	43	base_model.model.model.layers.23.self_attn.q_proj	0.7925293335132924	0.34235695478989603	5.358859633479892
Llama-3.1-8B-Instruct	magicoder	43	base_model.model.model.layers.23.self_attn.v_proj	0.7039104920408144	0.31659988485982565	4.943259070953169
Llama-3.1-8B-Instruct	magicoder	43	base_model.model.model.layers.24.mlp.down_proj	0.6984842700167805	0.31511350888102246	4.913367138805531
Llama-3.1-8B-Instruct	magicoder	43	base_model.model.model.layers.24.mlp.gate_proj	0.5929462441209012	0.17967475038139416	10.890718798951935
Llama-3.1-8B-Instruct	magicoder	43	base_model.model.model.layers.24.mlp.up_proj	0.7484544209222692	0.26975440194409017	7.6982787969222715
Llama-3.1-8B-Instruct	magicoder	43	base_model.model.model.layers.24.self_attn.k_proj	0.8873326148123443	0.5758329234883406	2.374542270269961
Llama-3.1-8B-Instruct	magicoder	43	base_model.model.model.layers.24.self_attn.o_proj	0.8762049168144956	0.5242954543392487	2.79292444380161
Llama-3.1-8B-Instruct	magicoder	43	base_model.model.model.layers.24.self_attn.q_proj	0.8381472621434274	0.37477560617956807	5.001474176889738
Llama-3.1-8B-Instruct	magicoder	43	base_model.model.model.layers.24.self_attn.v_proj	0.7814080119176677	0.4330544550628222	3.2558973035985064
Llama-3.1-8B-Instruct	magicoder	43	base_model.model.model.layers.25.mlp.down_proj	0.6848072433433011	0.29004436651085524	5.574524407705027
Llama-3.1-8B-Instruct	magicoder	43	base_model.model.model.layers.25.mlp.gate_proj	0.5724551450829857	0.1716374620241464	11.123943080447779
Llama-3.1-8B-Instruct	magicoder	43	base_model.model.model.layers.25.mlp.up_proj	0.7020175354508896	0.23371892320229917	9.022111025999061
Llama-3.1-8B-Instruct	magicoder	43	base_model.model.model.layers.25.self_attn.k_proj	0.8334897198427907	0.42740592679916833	3.802939487369432
Llama-3.1-8B-Instruct	magicoder	43	base_model.model.model.layers.25.self_attn.o_proj	0.9239202141908429	0.6827672998603023	1.83114827400041
Llama-3.1-8B-Instruct	magicoder	43	base_model.model.model.layers.25.self_attn.q_proj	0.9340564619412458	0.6917895340615465	1.8230487567249072
Llama-3.1-8B-Instruct	magicoder	43	base_model.model.model.layers.25.self_attn.v_proj	0.7146426546760296	0.28218004884351466	6.413945419358768
Llama-3.1-8B-Instruct	magicoder	43	base_model.model.model.layers.26.mlp.down_proj	0.6551906289556395	0.2711858257994592	5.837157096865599
Llama-3.1-8B-Instruct	magicoder	43	base_model.model.model.layers.26.mlp.gate_proj	0.5524735076826325	0.16353503048977625	11.413039555529433
Llama-3.1-8B-Instruct	magicoder	43	base_model.model.model.layers.26.mlp.up_proj	0.6821530133634643	0.2246669510643617	9.219029840703266
Llama-3.1-8B-Instruct	magicoder	43	base_model.model.model.layers.26.self_attn.k_proj	0.8318486891897381	0.37986697936369523	4.795408254362599
Llama-3.1-8B-Instruct	magicoder	43	base_model.model.model.layers.26.self_attn.o_proj	0.8274210129727072	0.46653486544441414	3.1454651746441984
Llama-3.1-8B-Instruct	magicoder	43	base_model.model.model.layers.26.self_attn.q_proj	0.7737146580449024	0.29419862068955593	6.916404501523915
Llama-3.1-8B-Instruct	magicoder	43	base_model.model.model.layers.26.self_attn.v_proj	0.725098032510223	0.30910578397866034	5.502742494741841
Llama-3.1-8B-Instruct	magicoder	43	base_model.model.model.layers.27.mlp.down_proj	0.5841229734805522	0.21655520586748742	7.275641941783989
Llama-3.1-8B-Instruct	magicoder	43	base_model.model.model.layers.27.mlp.gate_proj	0.5422106261373449	0.156977982382921	11.930497756007195
Llama-3.1-8B-Instruct	magicoder	43	base_model.model.model.layers.27.mlp.up_proj	0.6462082373959097	0.20497054834506817	9.939443141158714
Llama-3.1-8B-Instruct	magicoder	43	base_model.model.model.layers.27.self_attn.k_proj	0.8076221998104162	0.3722194871082889	4.707803026997172
Llama-3.1-8B-Instruct	magicoder	43	base_model.model.model.layers.27.self_attn.o_proj	0.8785410561995795	0.6060516586016975	2.1013811659868566
Llama-3.1-8B-Instruct	magicoder	43	base_model.model.model.layers.27.self_attn.q_proj	0.8018535574794485	0.33300185439390134	5.798248398245278
Llama-3.1-8B-Instruct	magicoder	43	base_model.model.model.layers.27.self_attn.v_proj	0.6296503916665634	0.2259237598208981	7.767390539833718
Llama-3.1-8B-Instruct	magicoder	43	base_model.model.model.layers.28.mlp.down_proj	0.7025939252751797	0.3224164946255933	4.748695006529537
Llama-3.1-8B-Instruct	magicoder	43	base_model.model.model.layers.28.mlp.gate_proj	0.5373958258858269	0.15623112809199613	11.831871389162188
Llama-3.1-8B-Instruct	magicoder	43	base_model.model.model.layers.28.mlp.up_proj	0.6513646212083561	0.20599326290280526	9.9986714690579
Llama-3.1-8B-Instruct	magicoder	43	base_model.model.model.layers.28.self_attn.k_proj	0.9037297417272216	0.5663966526314855	2.5458674836461097
Llama-3.1-8B-Instruct	magicoder	43	base_model.model.model.layers.28.self_attn.o_proj	0.9074330342589313	0.7239225429276598	1.5712488364867687
Llama-3.1-8B-Instruct	magicoder	43	base_model.model.model.layers.28.self_attn.q_proj	0.9027645119158237	0.4883817139968136	3.416883467165343
Llama-3.1-8B-Instruct	magicoder	43	base_model.model.model.layers.28.self_attn.v_proj	0.8639832306896605	0.5803341450252392	2.2164318318200364
Llama-3.1-8B-Instruct	magicoder	43	base_model.model.model.layers.29.mlp.down_proj	0.7157885856182454	0.3296504570594056	4.7147880351165705
Llama-3.1-8B-Instruct	magicoder	43	base_model.model.model.layers.29.mlp.gate_proj	0.45895071797082265	0.12730322612895528	12.997304322427917
Llama-3.1-8B-Instruct	magicoder	43	base_model.model.model.layers.29.mlp.up_proj	0.5359199114514361	0.15462652363876314	12.012455779503506
Llama-3.1-8B-Instruct	magicoder	43	base_model.model.model.layers.29.self_attn.k_proj	0.8845865762109422	0.5292511652830444	2.7935538234588497
Llama-3.1-8B-Instruct	magicoder	43	base_model.model.model.layers.29.self_attn.o_proj	0.8891192850125832	0.6106400670063447	2.120066415620221
Llama-3.1-8B-Instruct	magicoder	43	base_model.model.model.layers.29.self_attn.q_proj	0.9234547028491833	0.670359265860998	1.8976493295829848
Llama-3.1-8B-Instruct	magicoder	43	base_model.model.model.layers.29.self_attn.v_proj	0.6910431207510315	0.26819980433976137	6.638858046928001
Llama-3.1-8B-Instruct	magicoder	43	base_model.model.model.layers.3.mlp.down_proj	0.6387977804374969	0.24631929879514397	6.725582707766045
Llama-3.1-8B-Instruct	magicoder	43	base_model.model.model.layers.3.mlp.gate_proj	0.8266113337428621	0.35469345059435464	5.431207215727103
Llama-3.1-8B-Instruct	magicoder	43	base_model.model.model.layers.3.mlp.up_proj	0.8484119123327323	0.4166447941679215	4.146499293628052
Llama-3.1-8B-Instruct	magicoder	43	base_model.model.model.layers.3.self_attn.k_proj	0.9087903199271703	0.659792092777142	1.8972002445891196
Llama-3.1-8B-Instruct	magicoder	43	base_model.model.model.layers.3.self_attn.o_proj	0.8361249377060876	0.4850372215750158	2.9716127855118875
Llama-3.1-8B-Instruct	magicoder	43	base_model.model.model.layers.3.self_attn.q_proj	0.8998885752264221	0.5008002528758233	3.2288539216540317
Llama-3.1-8B-Instruct	magicoder	43	base_model.model.model.layers.3.self_attn.v_proj	0.6927940507012263	0.3399748164615003	4.152549356888505
Llama-3.1-8B-Instruct	magicoder	43	base_model.model.model.layers.30.mlp.down_proj	0.581915243433928	0.17758935155408054	10.737066049223412
Llama-3.1-8B-Instruct	magicoder	43	base_model.model.model.layers.30.mlp.gate_proj	0.48988767491524826	0.13726531717068644	12.737124402323726
Llama-3.1-8B-Instruct	magicoder	43	base_model.model.model.layers.30.mlp.up_proj	0.6381749244693529	0.1991923286910418	10.264416204834252
Llama-3.1-8B-Instruct	magicoder	43	base_model.model.model.layers.30.self_attn.k_proj	0.8705146783264427	0.4660119607234399	3.489458759187395
Llama-3.1-8B-Instruct	magicoder	43	base_model.model.model.layers.30.self_attn.o_proj	0.8464803262528793	0.4903066773207544	2.9805617373354494
Llama-3.1-8B-Instruct	magicoder	43	base_model.model.model.layers.30.self_attn.q_proj	0.7404159642484259	0.25490123561393024	8.437381119925243
Llama-3.1-8B-Instruct	magicoder	43	base_model.model.model.layers.30.self_attn.v_proj	0.8235414787608559	0.5738235016611478	2.059748963814117
Llama-3.1-8B-Instruct	magicoder	43	base_model.model.model.layers.31.mlp.down_proj	0.7733084065985062	0.4310071140234463	3.2191156970933883
Llama-3.1-8B-Instruct	magicoder	43	base_model.model.model.layers.31.mlp.gate_proj	0.4794410460530531	0.13404122328938534	12.793626249930263
Llama-3.1-8B-Instruct	magicoder	43	base_model.model.model.layers.31.mlp.up_proj	0.7196019255486015	0.2519163723189053	8.159655930845368
Llama-3.1-8B-Instruct	magicoder	43	base_model.model.model.layers.31.self_attn.k_proj	0.760594915939476	0.43284968066420043	3.0876824785481287
Llama-3.1-8B-Instruct	magicoder	43	base_model.model.model.layers.31.self_attn.o_proj	0.7496826647245577	0.32084017775953333	5.459808880093663
Llama-3.1-8B-Instruct	magicoder	43	base_model.model.model.layers.31.self_attn.q_proj	0.7007618341640787	0.26828665013697117	6.822487610165587
Llama-3.1-8B-Instruct	magicoder	43	base_model.model.model.layers.31.self_attn.v_proj	0.8567961300384235	0.5081545834599003	2.84291122352792
Llama-3.1-8B-Instruct	magicoder	43	base_model.model.model.layers.4.mlp.down_proj	0.6256661632755124	0.2513736566708986	6.195064201052526
Llama-3.1-8B-Instruct	magicoder	43	base_model.model.model.layers.4.mlp.gate_proj	0.7780168477909433	0.2921804334411521	7.090481778378116
Llama-3.1-8B-Instruct	magicoder	43	base_model.model.model.layers.4.mlp.up_proj	0.8022197284956403	0.3634699178730964	4.871354445793326
Llama-3.1-8B-Instruct	magicoder	43	base_model.model.model.layers.4.self_attn.k_proj	0.8153958074301464	0.44679407436015317	3.3305974018587086
Llama-3.1-8B-Instruct	magicoder	43	base_model.model.model.layers.4.self_attn.o_proj	0.778306392013575	0.38509080693873887	4.084838514230825
Llama-3.1-8B-Instruct	magicoder	43	base_model.model.model.layers.4.self_attn.q_proj	0.8178124778190977	0.3589232407993433	5.19163682403602
Llama-3.1-8B-Instruct	magicoder	43	base_model.model.model.layers.4.self_attn.v_proj	0.6806276281802381	0.2841591925780162	5.737143701330269
Llama-3.1-8B-Instruct	magicoder	43	base_model.model.model.layers.5.mlp.down_proj	0.6666924457361785	0.28054017117003416	5.64756129394268
Llama-3.1-8B-Instruct	magicoder	43	base_model.model.model.layers.5.mlp.gate_proj	0.8153013034247854	0.341458159684307	5.7011344433641
Llama-3.1-8B-Instruct	magicoder	43	base_model.model.model.layers.5.mlp.up_proj	0.8085372816968116	0.345599684537733	5.473352581126317
Llama-3.1-8B-Instruct	magicoder	43	base_model.model.model.layers.5.self_attn.k_proj	0.8914625591942857	0.6548216025015938	1.853361849460484
Llama-3.1-8B-Instruct	magicoder	43	base_model.model.model.layers.5.self_attn.o_proj	0.8501396123830471	0.5483161635886021	2.4039111309842336
Llama-3.1-8B-Instruct	magicoder	43	base_model.model.model.layers.5.self_attn.q_proj	0.841393669051783	0.4074760252121281	4.263775773041922
Llama-3.1-8B-Instruct	magicoder	43	base_model.model.model.layers.5.self_attn.v_proj	0.7041918499943033	0.3396720076665032	4.297961021177454
Llama-3.1-8B-Instruct	magicoder	43	base_model.model.model.layers.6.mlp.down_proj	0.6489013180659563	0.2931103027345575	4.901117839824191
Llama-3.1-8B-Instruct	magicoder	43	base_model.model.model.layers.6.mlp.gate_proj	0.7770346450119554	0.3064419846288745	6.429604109286795
Llama-3.1-8B-Instruct	magicoder	43	base_model.model.model.layers.6.mlp.up_proj	0.8733781170400174	0.5082907361082594	2.9524341732034705
Llama-3.1-8B-Instruct	magicoder	43	base_model.model.model.layers.6.self_attn.k_proj	0.856628237442151	0.4731258493525663	3.2781696058138254
Llama-3.1-8B-Instruct	magicoder	43	base_model.model.model.layers.6.self_attn.o_proj	0.8570422490727981	0.5417608935663731	2.5025868470667727
Llama-3.1-8B-Instruct	magicoder	43	base_model.model.model.layers.6.self_attn.q_proj	0.8083726299539599	0.36902000307777355	4.798697624590933
Llama-3.1-8B-Instruct	magicoder	43	base_model.model.model.layers.6.self_attn.v_proj	0.7051110944401618	0.31964690446539157	4.866022246965676
Llama-3.1-8B-Instruct	magicoder	43	base_model.model.model.layers.7.mlp.down_proj	0.67584314545833	0.3229652530542089	4.379053249938987
Llama-3.1-8B-Instruct	magicoder	43	base_model.model.model.layers.7.mlp.gate_proj	0.7345912997550978	0.26647767385322746	7.599235500789176
Llama-3.1-8B-Instruct	magicoder	43	base_model.model.model.layers.7.mlp.up_proj	0.7996561124611745	0.36098209457773234	4.907216302180311
Llama-3.1-8B-Instruct	magicoder	43	base_model.model.model.layers.7.self_attn.k_proj	0.8509193940275515	0.4892361511594156	3.0251001873273906
Llama-3.1-8B-Instruct	magicoder	43	base_model.model.model.layers.7.self_attn.o_proj	0.842949997066644	0.5285379061565523	2.5436148231034785
Llama-3.1-8B-Instruct	magicoder	43	base_model.model.model.layers.7.self_attn.q_proj	0.9110555903330834	0.5830881943087604	2.441300599917413
Llama-3.1-8B-Instruct	magicoder	43	base_model.model.model.layers.7.self_attn.v_proj	0.6869742622604748	0.28738054083052966	5.714341843684043
Llama-3.1-8B-Instruct	magicoder	43	base_model.model.model.layers.8.mlp.down_proj	0.6030534472814603	0.25349056337410875	5.659629682009509
Llama-3.1-8B-Instruct	magicoder	43	base_model.model.model.layers.8.mlp.gate_proj	0.7198475345852781	0.2525691299200357	8.12307581923248
Llama-3.1-8B-Instruct	magicoder	43	base_model.model.model.layers.8.mlp.up_proj	0.8321736923188917	0.4416177465152475	3.55087128460649
Llama-3.1-8B-Instruct	magicoder	43	base_model.model.model.layers.8.self_attn.k_proj	0.8617067820256127	0.5227327732338914	2.717437493221141
Llama-3.1-8B-Instruct	magicoder	43	base_model.model.model.layers.8.self_attn.o_proj	0.8442444747804723	0.5510645457980555	2.347099566444243
Llama-3.1-8B-Instruct	magicoder	43	base_model.model.model.layers.8.self_attn.q_proj	0.8686184504233875	0.47294384434444675	3.3731755643125156
Llama-3.1-8B-Instruct	magicoder	43	base_model.model.model.layers.8.self_attn.v_proj	0.7567840312910517	0.36425074644213373	4.316612045145558
Llama-3.1-8B-Instruct	magicoder	43	base_model.model.model.layers.9.mlp.down_proj	0.6391815084077825	0.29700821425807933	4.631391383783496
Llama-3.1-8B-Instruct	magicoder	43	base_model.model.model.layers.9.mlp.gate_proj	0.7356892131610522	0.28045419325865323	6.881211414768584
Llama-3.1-8B-Instruct	magicoder	43	base_model.model.model.layers.9.mlp.up_proj	0.7908756978674407	0.33514422516279535	5.568689208478078
Llama-3.1-8B-Instruct	magicoder	43	base_model.model.model.layers.9.self_attn.k_proj	0.8214013618541318	0.3997470199217409	4.222215225682399
Llama-3.1-8B-Instruct	magicoder	43	base_model.model.model.layers.9.self_attn.o_proj	0.8474940361172508	0.5153603754133179	2.7042774937335756
Llama-3.1-8B-Instruct	magicoder	43	base_model.model.model.layers.9.self_attn.q_proj	0.7903816998373989	0.3416524112880245	5.351860343934004
Llama-3.1-8B-Instruct	magicoder	43	base_model.model.model.layers.9.self_attn.v_proj	0.7497801691925037	0.46770012315771153	2.569998860518203
Llama-3.1-8B-Instruct	metamath	43	base_model.model.model.layers.0.mlp.down_proj	0.8297116616546425	0.539428938299951	2.3658429205070606
Llama-3.1-8B-Instruct	metamath	43	base_model.model.model.layers.0.mlp.gate_proj	0.8914867739730282	0.501403451621158	3.1612232706311563
Llama-3.1-8B-Instruct	metamath	43	base_model.model.model.layers.0.mlp.up_proj	0.928995476841808	0.6710313174346263	1.9166447333164056
Llama-3.1-8B-Instruct	metamath	43	base_model.model.model.layers.0.self_attn.k_proj	0.8399874171551366	0.6110241436411701	1.8898564571550436
Llama-3.1-8B-Instruct	metamath	43	base_model.model.model.layers.0.self_attn.o_proj	0.7339079953877115	0.2667322294437989	7.570633952797817
Llama-3.1-8B-Instruct	metamath	43	base_model.model.model.layers.0.self_attn.q_proj	0.8163794977892511	0.40849733532115734	3.9939785041771496
Llama-3.1-8B-Instruct	metamath	43	base_model.model.model.layers.0.self_attn.v_proj	0.7303865001562904	0.32934873493942324	4.918056069525529
Llama-3.1-8B-Instruct	metamath	43	base_model.model.model.layers.1.mlp.down_proj	0.30724346018168136	0.0994123954779464	9.551777937734064
Llama-3.1-8B-Instruct	metamath	43	base_model.model.model.layers.1.mlp.gate_proj	0.8858105664997518	0.45215349257379545	3.838043859866371
Llama-3.1-8B-Instruct	metamath	43	base_model.model.model.layers.1.mlp.up_proj	0.8885639667201107	0.46239743252220566	3.692721604727433
Llama-3.1-8B-Instruct	metamath	43	base_model.model.model.layers.1.self_attn.k_proj	0.7760903022934467	0.34059311649957036	5.192216350447732
Llama-3.1-8B-Instruct	metamath	43	base_model.model.model.layers.1.self_attn.o_proj	0.8653182562995547	0.5619691352809314	2.370974076211892
Llama-3.1-8B-Instruct	metamath	43	base_model.model.model.layers.1.self_attn.q_proj	0.7544484855734919	0.33114744821112063	5.190585589408081
Llama-3.1-8B-Instruct	metamath	43	base_model.model.model.layers.1.self_attn.v_proj	0.7148529983463191	0.28030721581689316	6.503766350376037
Llama-3.1-8B-Instruct	metamath	43	base_model.model.model.layers.10.mlp.down_proj	0.7933778519186868	0.5382830541997514	2.1723946725958827
Llama-3.1-8B-Instruct	metamath	43	base_model.model.model.layers.10.mlp.gate_proj	0.7489847298016236	0.2770409725486497	7.3089993060173635
Llama-3.1-8B-Instruct	metamath	43	base_model.model.model.layers.10.mlp.up_proj	0.8221576728044239	0.42731095916978856	3.701878545629915
Llama-3.1-8B-Instruct	metamath	43	base_model.model.model.layers.10.self_attn.k_proj	0.858771977621664	0.5808161951138057	2.186141629553468
Llama-3.1-8B-Instruct	metamath	43	base_model.model.model.layers.10.self_attn.o_proj	0.8219395591192951	0.513403311427347	2.5630816133644028
Llama-3.1-8B-Instruct	metamath	43	base_model.model.model.layers.10.self_attn.q_proj	0.8042828855853801	0.36167780859113885	4.945086919072189
Llama-3.1-8B-Instruct	metamath	43	base_model.model.model.layers.10.self_attn.v_proj	0.7865178106261387	0.46738302043420366	2.8318566251502757
Llama-3.1-8B-Instruct	metamath	43	base_model.model.model.layers.11.mlp.down_proj	0.7848428762025279	0.5185510882310184	2.290774506462005
Llama-3.1-8B-Instruct	metamath	43	base_model.model.model.layers.11.mlp.gate_proj	0.7610321052955038	0.27658749337849703	7.570784427219121
Llama-3.1-8B-Instruct	metamath	43	base_model.model.model.layers.11.mlp.up_proj	0.899796062839052	0.6695233645536529	1.8061620064425346
Llama-3.1-8B-Instruct	metamath	43	base_model.model.model.layers.11.self_attn.k_proj	0.8545918252122436	0.599180102700333	2.034242400162558
Llama-3.1-8B-Instruct	metamath	43	base_model.model.model.layers.11.self_attn.o_proj	0.8370038145126121	0.5872571438036407	2.0314131402462996
Llama-3.1-8B-Instruct	metamath	43	base_model.model.model.layers.11.self_attn.q_proj	0.8729920543991462	0.5509044890953844	2.5111228467367854
Llama-3.1-8B-Instruct	metamath	43	base_model.model.model.layers.11.self_attn.v_proj	0.8087172685168852	0.5556464758950896	2.118343111641144
Llama-3.1-8B-Instruct	metamath	43	base_model.model.model.layers.12.mlp.down_proj	0.7980578457915953	0.5093907867874634	2.4545199799285498
Llama-3.1-8B-Instruct	metamath	43	base_model.model.model.layers.12.mlp.gate_proj	0.7679326075255136	0.29270511163528956	6.8831241661847
Llama-3.1-8B-Instruct	metamath	43	base_model.model.model.layers.12.mlp.up_proj	0.88020433677024	0.5367200529761389	2.6894988600253984
Llama-3.1-8B-Instruct	metamath	43	base_model.model.model.layers.12.self_attn.k_proj	0.8874134320274423	0.6380121296815823	1.934613103582555
Llama-3.1-8B-Instruct	metamath	43	base_model.model.model.layers.12.self_attn.o_proj	0.8850027243448072	0.6658822955388427	1.7664212439583238
Llama-3.1-8B-Instruct	metamath	43	base_model.model.model.layers.12.self_attn.q_proj	0.8569221279711955	0.4653897862587474	3.390385013704773
Llama-3.1-8B-Instruct	metamath	43	base_model.model.model.layers.12.self_attn.v_proj	0.8348116272858358	0.5140852173213922	2.636979460395265
Llama-3.1-8B-Instruct	metamath	43	base_model.model.model.layers.13.mlp.down_proj	0.779782682182452	0.4592293192817885	2.8832875496055954
Llama-3.1-8B-Instruct	metamath	43	base_model.model.model.layers.13.mlp.gate_proj	0.7659482238774593	0.2900179139865762	6.975079756971191
Llama-3.1-8B-Instruct	metamath	43	base_model.model.model.layers.13.mlp.up_proj	0.8638100656987633	0.5042774104540969	2.934252564867456
Llama-3.1-8B-Instruct	metamath	43	base_model.model.model.layers.13.self_attn.k_proj	0.8857325303880569	0.5869201528895821	2.277441062164418
Llama-3.1-8B-Instruct	metamath	43	base_model.model.model.layers.13.self_attn.o_proj	0.871392145254753	0.5948286461245053	2.1460682577869585
Llama-3.1-8B-Instruct	metamath	43	base_model.model.model.layers.13.self_attn.q_proj	0.7841498431007626	0.3584053618489408	4.786842335877768
Llama-3.1-8B-Instruct	metamath	43	base_model.model.model.layers.13.self_attn.v_proj	0.8327583102321381	0.5901189299193432	1.9914016292909331
Llama-3.1-8B-Instruct	metamath	43	base_model.model.model.layers.14.mlp.down_proj	0.7719693731226827	0.45476516911135934	2.8815472990201996
Llama-3.1-8B-Instruct	metamath	43	base_model.model.model.layers.14.mlp.gate_proj	0.7148611194609573	0.24063320888504722	8.82535591226688
Llama-3.1-8B-Instruct	metamath	43	base_model.model.model.layers.14.mlp.up_proj	0.8977200256484021	0.5768401694936953	2.4219815742316197
Llama-3.1-8B-Instruct	metamath	43	base_model.model.model.layers.14.self_attn.k_proj	0.8612173988378747	0.5611170462643251	2.3556928590194457
Llama-3.1-8B-Instruct	metamath	43	base_model.model.model.layers.14.self_attn.o_proj	0.8481884623714605	0.5901948417166372	2.065351156983521
Llama-3.1-8B-Instruct	metamath	43	base_model.model.model.layers.14.self_attn.q_proj	0.8245654878561962	0.4856009679412064	2.8833092116556247
Llama-3.1-8B-Instruct	metamath	43	base_model.model.model.layers.14.self_attn.v_proj	0.8441670307628979	0.6253474814166513	1.822275193196513
Llama-3.1-8B-Instruct	metamath	43	base_model.model.model.layers.15.mlp.down_proj	0.7646851198315938	0.4669490342979606	2.681799560989351
Llama-3.1-8B-Instruct	metamath	43	base_model.model.model.layers.15.mlp.gate_proj	0.7380857949298681	0.26380215589947625	7.828111685098787
Llama-3.1-8B-Instruct	metamath	43	base_model.model.model.layers.15.mlp.up_proj	0.849089724049579	0.5256422385470101	2.6093158814285866
Llama-3.1-8B-Instruct	metamath	43	base_model.model.model.layers.15.self_attn.k_proj	0.8699308418992208	0.5207156814338963	2.7910533832075135
Llama-3.1-8B-Instruct	metamath	43	base_model.model.model.layers.15.self_attn.o_proj	0.862602905067042	0.6068280258440806	2.0206475687259755
Llama-3.1-8B-Instruct	metamath	43	base_model.model.model.layers.15.self_attn.q_proj	0.8007968784692303	0.3555758519477885	5.072011442292318
Llama-3.1-8B-Instruct	metamath	43	base_model.model.model.layers.15.self_attn.v_proj	0.846189177126813	0.5349348896857699	2.5022637459336985
Llama-3.1-8B-Instruct	metamath	43	base_model.model.model.layers.16.mlp.down_proj	0.7792199263007203	0.4285016932336114	3.306853954215263
Llama-3.1-8B-Instruct	metamath	43	base_model.model.model.layers.16.mlp.gate_proj	0.7313625848811082	0.26637152559362004	7.538585792591908
Llama-3.1-8B-Instruct	metamath	43	base_model.model.model.layers.16.mlp.up_proj	0.8387781855452383	0.4607684620010304	3.313818843448218
Llama-3.1-8B-Instruct	metamath	43	base_model.model.model.layers.16.self_attn.k_proj	0.875903680156352	0.5110667912873073	2.9373613668660705
Llama-3.1-8B-Instruct	metamath	43	base_model.model.model.layers.16.self_attn.o_proj	0.8627972926647453	0.5698558466093658	2.2923848548777865
Llama-3.1-8B-Instruct	metamath	43	base_model.model.model.layers.16.self_attn.q_proj	0.8252343925453295	0.4651699501077228	3.1472506760895493
Llama-3.1-8B-Instruct	metamath	43	base_model.model.model.layers.16.self_attn.v_proj	0.7966212008600337	0.481423321596332	2.7381010428807673
Llama-3.1-8B-Instruct	metamath	43	base_model.model.model.layers.17.mlp.down_proj	0.716019525515289	0.32246039008921695	4.930568319478891
Llama-3.1-8B-Instruct	metamath	43	base_model.model.model.layers.17.mlp.gate_proj	0.764916046942962	0.2836473401248203	7.272271983619231
Llama-3.1-8B-Instruct	metamath	43	base_model.model.model.layers.17.mlp.up_proj	0.8271380796286849	0.3920352788915965	4.451493355179531
Llama-3.1-8B-Instruct	metamath	43	base_model.model.model.layers.17.self_attn.k_proj	0.8311710528354286	0.402818529325184	4.257571403638852
Llama-3.1-8B-Instruct	metamath	43	base_model.model.model.layers.17.self_attn.o_proj	0.786380342583954	0.4498665041439436	3.0556104145345278
Llama-3.1-8B-Instruct	metamath	43	base_model.model.model.layers.17.self_attn.q_proj	0.7704934176821794	0.30409976974273856	6.419566221013808
Llama-3.1-8B-Instruct	metamath	43	base_model.model.model.layers.17.self_attn.v_proj	0.7581611593253318	0.3982933398077281	3.6234057975208747
Llama-3.1-8B-Instruct	metamath	43	base_model.model.model.layers.18.mlp.down_proj	0.7494855771474851	0.4051189225169914	3.422642208650667
Llama-3.1-8B-Instruct	metamath	43	base_model.model.model.layers.18.mlp.gate_proj	0.7175208220654954	0.2530421831301333	8.040502022798371
Llama-3.1-8B-Instruct	metamath	43	base_model.model.model.layers.18.mlp.up_proj	0.8161713120482668	0.3884745651705212	4.4140522788422
Llama-3.1-8B-Instruct	metamath	43	base_model.model.model.layers.18.self_attn.k_proj	0.8303120429551255	0.48150720109561856	2.9735627043405692
Llama-3.1-8B-Instruct	metamath	43	base_model.model.model.layers.18.self_attn.o_proj	0.8286906870349204	0.48555162835487486	2.9128229421555116
Llama-3.1-8B-Instruct	metamath	43	base_model.model.model.layers.18.self_attn.q_proj	0.8637128525690613	0.45259783772105167	3.641780908397925
Llama-3.1-8B-Instruct	metamath	43	base_model.model.model.layers.18.self_attn.v_proj	0.8386056978610332	0.5137052959592064	2.6649405900137966
Llama-3.1-8B-Instruct	metamath	43	base_model.model.model.layers.19.mlp.down_proj	0.7258376982647576	0.36385716606586177	3.9793961553631054
Llama-3.1-8B-Instruct	metamath	43	base_model.model.model.layers.19.mlp.gate_proj	0.7146214805708642	0.23564913828400413	9.196454379316013
Llama-3.1-8B-Instruct	metamath	43	base_model.model.model.layers.19.mlp.up_proj	0.8207105228919064	0.3699241584012569	4.922147397254815
Llama-3.1-8B-Instruct	metamath	43	base_model.model.model.layers.19.self_attn.k_proj	0.8626842643062403	0.4545929124742127	3.6012927942233484
Llama-3.1-8B-Instruct	metamath	43	base_model.model.model.layers.19.self_attn.o_proj	0.8304755252460047	0.4565082216427707	3.3094549142275245
Llama-3.1-8B-Instruct	metamath	43	base_model.model.model.layers.19.self_attn.q_proj	0.7962007611711496	0.3425115125381632	5.403744787365744
Llama-3.1-8B-Instruct	metamath	43	base_model.model.model.layers.19.self_attn.v_proj	0.7424194325553874	0.3537857686242634	4.403702215565786
Llama-3.1-8B-Instruct	metamath	43	base_model.model.model.layers.2.mlp.down_proj	0.8257813473736657	0.5550049331687253	2.213790151143629
Llama-3.1-8B-Instruct	metamath	43	base_model.model.model.layers.2.mlp.gate_proj	0.8167652773829479	0.33091559090867934	6.092002526782197
Llama-3.1-8B-Instruct	metamath	43	base_model.model.model.layers.2.mlp.up_proj	0.8527189309004385	0.40493526463268886	4.434458651080157
Llama-3.1-8B-Instruct	metamath	43	base_model.model.model.layers.2.self_attn.k_proj	0.8484526216102983	0.5203346238091902	2.658824922455891
Llama-3.1-8B-Instruct	metamath	43	base_model.model.model.layers.2.self_attn.o_proj	0.855274645201199	0.5961976265330836	2.0579305266430237
Llama-3.1-8B-Instruct	metamath	43	base_model.model.model.layers.2.self_attn.q_proj	0.8739124970873539	0.479569664775475	3.320721789152484
Llama-3.1-8B-Instruct	metamath	43	base_model.model.model.layers.2.self_attn.v_proj	0.7182657671791365	0.48127486707023287	2.227326945795587
Llama-3.1-8B-Instruct	metamath	43	base_model.model.model.layers.20.mlp.down_proj	0.7979602688968738	0.47325697342835255	2.8429452236273973
Llama-3.1-8B-Instruct	metamath	43	base_model.model.model.layers.20.mlp.gate_proj	0.7913898622388893	0.317721329210268	6.20423477568758
Llama-3.1-8B-Instruct	metamath	43	base_model.model.model.layers.20.mlp.up_proj	0.8380446632986555	0.3899302190077272	4.619133799001688
Llama-3.1-8B-Instruct	metamath	43	base_model.model.model.layers.20.self_attn.k_proj	0.9008121225519246	0.6462924656231096	1.9427202092784175
Llama-3.1-8B-Instruct	metamath	43	base_model.model.model.layers.20.self_attn.o_proj	0.8868755568351643	0.6048837857290579	2.1497179592749416
Llama-3.1-8B-Instruct	metamath	43	base_model.model.model.layers.20.self_attn.q_proj	0.8127009465899603	0.3831680398327705	4.498657983874979
Llama-3.1-8B-Instruct	metamath	43	base_model.model.model.layers.20.self_attn.v_proj	0.7925721599825315	0.46590837047666284	2.8938538925411144
Llama-3.1-8B-Instruct	metamath	43	base_model.model.model.layers.21.mlp.down_proj	0.7886314602711614	0.4605922333064553	2.931669273452859
Llama-3.1-8B-Instruct	metamath	43	base_model.model.model.layers.21.mlp.gate_proj	0.8036923153477313	0.3209769239350355	6.269487056789445
Llama-3.1-8B-Instruct	metamath	43	base_model.model.model.layers.21.mlp.up_proj	0.8112629717512586	0.36130966888404525	5.041550719040749
Llama-3.1-8B-Instruct	metamath	43	base_model.model.model.layers.21.self_attn.k_proj	0.8545565496545366	0.550919126384198	2.406057012912069
Llama-3.1-8B-Instruct	metamath	43	base_model.model.model.layers.21.self_attn.o_proj	0.8546586751700248	0.5090409682138736	2.8189017419496203
Llama-3.1-8B-Instruct	metamath	43	base_model.model.model.layers.21.self_attn.q_proj	0.8132362861532599	0.4251620537715764	3.6586806559711
Llama-3.1-8B-Instruct	metamath	43	base_model.model.model.layers.21.self_attn.v_proj	0.8064021755485324	0.4572842359998176	3.1097889868267603
Llama-3.1-8B-Instruct	metamath	43	base_model.model.model.layers.22.mlp.down_proj	0.8077748474386099	0.5275714664896582	2.3443262700100553
Llama-3.1-8B-Instruct	metamath	43	base_model.model.model.layers.22.mlp.gate_proj	0.7450069698555825	0.2539116902675763	8.609050957776665
Llama-3.1-8B-Instruct	metamath	43	base_model.model.model.layers.22.mlp.up_proj	0.8347729267633403	0.38357851560606315	4.73617960126972
Llama-3.1-8B-Instruct	metamath	43	base_model.model.model.layers.22.self_attn.k_proj	0.8601472144480778	0.5019757146263584	2.936162996737391
Llama-3.1-8B-Instruct	metamath	43	base_model.model.model.layers.22.self_attn.o_proj	0.8381745388724015	0.5550904254957086	2.280034694079309
Llama-3.1-8B-Instruct	metamath	43	base_model.model.model.layers.22.self_attn.q_proj	0.8587740571123199	0.42722458055527135	4.040595430944163
Llama-3.1-8B-Instruct	metamath	43	base_model.model.model.layers.22.self_attn.v_proj	0.8220644414557575	0.5166684411400054	2.5315578504849885
Llama-3.1-8B-Instruct	metamath	43	base_model.model.model.layers.23.mlp.down_proj	0.790609030686454	0.46693765632095846	2.8668551020692736
Llama-3.1-8B-Instruct	metamath	43	base_model.model.model.layers.23.mlp.gate_proj	0.7592899102598516	0.27141981679770594	7.825861392560858
Llama-3.1-8B-Instruct	metamath	43	base_model.model.model.layers.23.mlp.up_proj	0.8135534322337639	0.32358930450119405	6.320971702616794
Llama-3.1-8B-Instruct	metamath	43	base_model.model.model.layers.23.self_attn.k_proj	0.8317097729005873	0.4210631960609877	3.901656610947814
Llama-3.1-8B-Instruct	metamath	43	base_model.model.model.layers.23.self_attn.o_proj	0.8594070200810865	0.5499664877784269	2.44188575120738
Llama-3.1-8B-Instruct	metamath	43	base_model.model.model.layers.23.self_attn.q_proj	0.8626377197074195	0.5398577633813477	2.5532784879303
Llama-3.1-8B-Instruct	metamath	43	base_model.model.model.layers.23.self_attn.v_proj	0.7874430526490708	0.5427265368266352	2.1051168002804457
Llama-3.1-8B-Instruct	metamath	43	base_model.model.model.layers.24.mlp.down_proj	0.7822080052432486	0.4462874724437969	3.0719569152659694
Llama-3.1-8B-Instruct	metamath	43	base_model.model.model.layers.24.mlp.gate_proj	0.7344090982868434	0.24668907149834937	8.862908716572905
Llama-3.1-8B-Instruct	metamath	43	base_model.model.model.layers.24.mlp.up_proj	0.7771441521571296	0.2878724488368299	7.2879093545094
Llama-3.1-8B-Instruct	metamath	43	base_model.model.model.layers.24.self_attn.k_proj	0.8627624594585535	0.4761796131660757	3.282773234842576
Llama-3.1-8B-Instruct	metamath	43	base_model.model.model.layers.24.self_attn.o_proj	0.8683385068642806	0.5741006220906013	2.2877158753988818
Llama-3.1-8B-Instruct	metamath	43	base_model.model.model.layers.24.self_attn.q_proj	0.8469655606522604	0.4429467354476325	3.656187775783988
Llama-3.1-8B-Instruct	metamath	43	base_model.model.model.layers.24.self_attn.v_proj	0.7970225890345902	0.43606143630999394	3.3407647810927834
Llama-3.1-8B-Instruct	metamath	43	base_model.model.model.layers.25.mlp.down_proj	0.8358613471103435	0.5239551772143267	2.544955618613229
Llama-3.1-8B-Instruct	metamath	43	base_model.model.model.layers.25.mlp.gate_proj	0.7719576716017993	0.2763111737481092	7.805308619820752
Llama-3.1-8B-Instruct	metamath	43	base_model.model.model.layers.25.mlp.up_proj	0.8099853616477893	0.32605570826278224	6.171215677560799
Llama-3.1-8B-Instruct	metamath	43	base_model.model.model.layers.25.self_attn.k_proj	0.8100962689652117	0.4322066057610982	3.513099605803945
Llama-3.1-8B-Instruct	metamath	43	base_model.model.model.layers.25.self_attn.o_proj	0.9116663612382419	0.6787313421723912	1.8041641642077952
Llama-3.1-8B-Instruct	metamath	43	base_model.model.model.layers.25.self_attn.q_proj	0.8508320363227287	0.48496288103311824	3.078014560234011
Llama-3.1-8B-Instruct	metamath	43	base_model.model.model.layers.25.self_attn.v_proj	0.6571186469946562	0.23410993432435143	7.878579040099834
Llama-3.1-8B-Instruct	metamath	43	base_model.model.model.layers.26.mlp.down_proj	0.822535044276829	0.5739898593519612	2.053526827176611
Llama-3.1-8B-Instruct	metamath	43	base_model.model.model.layers.26.mlp.gate_proj	0.7053733962383502	0.22533224865860413	9.799218698717763
Llama-3.1-8B-Instruct	metamath	43	base_model.model.model.layers.26.mlp.up_proj	0.7727636086106411	0.28517132577953386	7.343136720693156
Llama-3.1-8B-Instruct	metamath	43	base_model.model.model.layers.26.self_attn.k_proj	0.8062585297780823	0.3723888796011175	4.6876506441837025
Llama-3.1-8B-Instruct	metamath	43	base_model.model.model.layers.26.self_attn.o_proj	0.8510526122759714	0.4965970117623623	2.9370045168320145
Llama-3.1-8B-Instruct	metamath	43	base_model.model.model.layers.26.self_attn.q_proj	0.8168556114805777	0.38279189986375334	4.553707334410779
Llama-3.1-8B-Instruct	metamath	43	base_model.model.model.layers.26.self_attn.v_proj	0.81085306833689	0.5349621094426814	2.2974088173307123
Llama-3.1-8B-Instruct	metamath	43	base_model.model.model.layers.27.mlp.down_proj	0.7275436420865359	0.4590290874646442	2.5121044141053708
Llama-3.1-8B-Instruct	metamath	43	base_model.model.model.layers.27.mlp.gate_proj	0.691127351335348	0.21928067481782812	9.933800707679424
Llama-3.1-8B-Instruct	metamath	43	base_model.model.model.layers.27.mlp.up_proj	0.8354400490636529	0.41617506094447926	4.029753465039621
Llama-3.1-8B-Instruct	metamath	43	base_model.model.model.layers.27.self_attn.k_proj	0.9015250227013901	0.6862081383593802	1.726012124412199
Llama-3.1-8B-Instruct	metamath	43	base_model.model.model.layers.27.self_attn.o_proj	0.8827527929886743	0.5899369686070978	2.239066417047316
Llama-3.1-8B-Instruct	metamath	43	base_model.model.model.layers.27.self_attn.q_proj	0.8012960472509831	0.3506171482345301	5.222996017205901
Llama-3.1-8B-Instruct	metamath	43	base_model.model.model.layers.27.self_attn.v_proj	0.7375427179783297	0.40850066788142586	3.2597839491620135
Llama-3.1-8B-Instruct	metamath	43	base_model.model.model.layers.28.mlp.down_proj	0.7658297817393717	0.5453485031130634	1.9720424156279182
Llama-3.1-8B-Instruct	metamath	43	base_model.model.model.layers.28.mlp.gate_proj	0.6809760966309497	0.2147451825249503	10.055805756704665
Llama-3.1-8B-Instruct	metamath	43	base_model.model.model.layers.28.mlp.up_proj	0.782913790856577	0.3030516995329275	6.674126569762882
Llama-3.1-8B-Instruct	metamath	43	base_model.model.model.layers.28.self_attn.k_proj	0.905972446923706	0.7192056879274417	1.5868057034605092
Llama-3.1-8B-Instruct	metamath	43	base_model.model.model.layers.28.self_attn.o_proj	0.8661154464606077	0.5913452322835853	2.1452078058716832
Llama-3.1-8B-Instruct	metamath	43	base_model.model.model.layers.28.self_attn.q_proj	0.8776835733927738	0.5302450802584487	2.739823870028886
Llama-3.1-8B-Instruct	metamath	43	base_model.model.model.layers.28.self_attn.v_proj	0.8443497736157305	0.5492984327532988	2.362805987637081
Llama-3.1-8B-Instruct	metamath	43	base_model.model.model.layers.29.mlp.down_proj	0.7261916074943076	0.4766949071141403	2.3207129564753046
Llama-3.1-8B-Instruct	metamath	43	base_model.model.model.layers.29.mlp.gate_proj	0.710911005428966	0.2263841372480707	9.861398065152798
Llama-3.1-8B-Instruct	metamath	43	base_model.model.model.layers.29.mlp.up_proj	0.8268268878901982	0.3662128207842621	5.097557031277139
Llama-3.1-8B-Instruct	metamath	43	base_model.model.model.layers.29.self_attn.k_proj	0.8599061468392862	0.6004856164807267	2.050675243724677
Llama-3.1-8B-Instruct	metamath	43	base_model.model.model.layers.29.self_attn.o_proj	0.8527492237117941	0.5716430774429623	2.225321522475576
Llama-3.1-8B-Instruct	metamath	43	base_model.model.model.layers.29.self_attn.q_proj	0.9123459861052988	0.7670311115676657	1.4147938780945013
Llama-3.1-8B-Instruct	metamath	43	base_model.model.model.layers.29.self_attn.v_proj	0.7951223861006327	0.5951061504782058	1.7851679627372332
Llama-3.1-8B-Instruct	metamath	43	base_model.model.model.layers.3.mlp.down_proj	0.8109398201125164	0.5687037603921288	2.033316818703857
Llama-3.1-8B-Instruct	metamath	43	base_model.model.model.layers.3.mlp.gate_proj	0.7086191725389887	0.22581699097569874	9.847195604251285
Llama-3.1-8B-Instruct	metamath	43	base_model.model.model.layers.3.mlp.up_proj	0.8425672503987669	0.3570684209354751	5.568090216351452
Llama-3.1-8B-Instruct	metamath	43	base_model.model.model.layers.3.self_attn.k_proj	0.867727422553322	0.6396993197039893	1.8399874778174012
Llama-3.1-8B-Instruct	metamath	43	base_model.model.model.layers.3.self_attn.o_proj	0.8426833613915274	0.5282489936493109	2.5447872557994917
Llama-3.1-8B-Instruct	metamath	43	base_model.model.model.layers.3.self_attn.q_proj	0.8998278772635556	0.6654222764829447	1.828623160528317
Llama-3.1-8B-Instruct	metamath	43	base_model.model.model.layers.3.self_attn.v_proj	0.7258277265630247	0.3081601099088603	5.547716603565681
Llama-3.1-8B-Instruct	metamath	43	base_model.model.model.layers.30.mlp.down_proj	0.7562151397353223	0.49473383244008656	2.33640170447664
Llama-3.1-8B-Instruct	metamath	43	base_model.model.model.layers.30.mlp.gate_proj	0.6929126804602015	0.2186464690588831	10.043199313795387
Llama-3.1-8B-Instruct	metamath	43	base_model.model.model.layers.30.mlp.up_proj	0.8717342012945699	0.4346112302444147	4.023150527600075
Llama-3.1-8B-Instruct	metamath	43	base_model.model.model.layers.30.self_attn.k_proj	0.8434302092320551	0.4446662589370471	3.5977414600694497
Llama-3.1-8B-Instruct	metamath	43	base_model.model.model.layers.30.self_attn.o_proj	0.8522482039201411	0.47782056296601094	3.1812845623748682
Llama-3.1-8B-Instruct	metamath	43	base_model.model.model.layers.30.self_attn.q_proj	0.7220348976600892	0.2760766999982507	6.840012051569256
Llama-3.1-8B-Instruct	metamath	43	base_model.model.model.layers.30.self_attn.v_proj	0.7890919152134923	0.439896581224649	3.217762706967982
Llama-3.1-8B-Instruct	metamath	43	base_model.model.model.layers.31.mlp.down_proj	0.7880208436374586	0.46053542024036914	2.9278534462613712
Llama-3.1-8B-Instruct	metamath	43	base_model.model.model.layers.31.mlp.gate_proj	0.7767185317269726	0.2765240417724153	7.88971911699147
Llama-3.1-8B-Instruct	metamath	43	base_model.model.model.layers.31.mlp.up_proj	0.8610289333597606	0.4800263069290082	3.2174026365997714
Llama-3.1-8B-Instruct	metamath	43	base_model.model.model.layers.31.self_attn.k_proj	0.8772653662941989	0.5014441273456433	3.0606725556854157
Llama-3.1-8B-Instruct	metamath	43	base_model.model.model.layers.31.self_attn.o_proj	0.7926659956264658	0.49705108379620566	2.5431876482251767
Llama-3.1-8B-Instruct	metamath	43	base_model.model.model.layers.31.self_attn.q_proj	0.790744566983822	0.3486328354386815	5.144413357822245
Llama-3.1-8B-Instruct	metamath	43	base_model.model.model.layers.31.self_attn.v_proj	0.875118218507496	0.5853986202296098	2.2347557402736165
Llama-3.1-8B-Instruct	metamath	43	base_model.model.model.layers.4.mlp.down_proj	0.7804741974934006	0.5154886273046653	2.2923394213211443
Llama-3.1-8B-Instruct	metamath	43	base_model.model.model.layers.4.mlp.gate_proj	0.7569169914907465	0.2609335260735255	8.414663297736663
Llama-3.1-8B-Instruct	metamath	43	base_model.model.model.layers.4.mlp.up_proj	0.848465036686908	0.42364594146730883	4.011084406171866
Llama-3.1-8B-Instruct	metamath	43	base_model.model.model.layers.4.self_attn.k_proj	0.7209484907554272	0.2789962954089368	6.677464698949422
Llama-3.1-8B-Instruct	metamath	43	base_model.model.model.layers.4.self_attn.o_proj	0.8354559146713891	0.5223837538101387	2.5578068860655683
Llama-3.1-8B-Instruct	metamath	43	base_model.model.model.layers.4.self_attn.q_proj	0.8612617658412577	0.46756080268941447	3.39308035524773
Llama-3.1-8B-Instruct	metamath	43	base_model.model.model.layers.4.self_attn.v_proj	0.689856170038531	0.3619704324251004	3.632209689893558
Llama-3.1-8B-Instruct	metamath	43	base_model.model.model.layers.5.mlp.down_proj	0.7916060740523372	0.503359863903138	2.473210426974173
Llama-3.1-8B-Instruct	metamath	43	base_model.model.model.layers.5.mlp.gate_proj	0.7470606206935351	0.26419129410763176	7.996034959826686
Llama-3.1-8B-Instruct	metamath	43	base_model.model.model.layers.5.mlp.up_proj	0.8654564133606794	0.45970966362267707	3.5442400980560413
Llama-3.1-8B-Instruct	metamath	43	base_model.model.model.layers.5.self_attn.k_proj	0.8623697565756472	0.5598430792908419	2.3727632480985417
Llama-3.1-8B-Instruct	metamath	43	base_model.model.model.layers.5.self_attn.o_proj	0.8203456728971539	0.4697833296067597	3.0492889501437723
Llama-3.1-8B-Instruct	metamath	43	base_model.model.model.layers.5.self_attn.q_proj	0.8537698248262943	0.4672193770182729	3.3391806152574186
Llama-3.1-8B-Instruct	metamath	43	base_model.model.model.layers.5.self_attn.v_proj	0.7288105830773611	0.3685820842404363	3.9098572164931666
Llama-3.1-8B-Instruct	metamath	43	base_model.model.model.layers.6.mlp.down_proj	0.7978981124705872	0.4958797273689999	2.5890603147078233
Llama-3.1-8B-Instruct	metamath	43	base_model.model.model.layers.6.mlp.gate_proj	0.7999246035358324	0.32806518561771686	5.945355370581541
Llama-3.1-8B-Instruct	metamath	43	base_model.model.model.layers.6.mlp.up_proj	0.8825133696362883	0.556797372926556	2.512165411972705
Llama-3.1-8B-Instruct	metamath	43	base_model.model.model.layers.6.self_attn.k_proj	0.7955464473843561	0.3594581211651663	4.898177075550426
Llama-3.1-8B-Instruct	metamath	43	base_model.model.model.layers.6.self_attn.o_proj	0.8577580531938939	0.5580767625277181	2.362336332001882
Llama-3.1-8B-Instruct	metamath	43	base_model.model.model.layers.6.self_attn.q_proj	0.8013596769167904	0.39284924280054573	4.161051879390666
Llama-3.1-8B-Instruct	metamath	43	base_model.model.model.layers.6.self_attn.v_proj	0.7519966489060831	0.45145744776541474	2.774585845785602
Llama-3.1-8B-Instruct	metamath	43	base_model.model.model.layers.7.mlp.down_proj	0.8209212109502514	0.5124203817176107	2.5665525622855205
Llama-3.1-8B-Instruct	metamath	43	base_model.model.model.layers.7.mlp.gate_proj	0.7966458918693714	0.31678845618948553	6.324001247242884
Llama-3.1-8B-Instruct	metamath	43	base_model.model.model.layers.7.mlp.up_proj	0.834008388930658	0.4907512859520444	2.888138031957214
Llama-3.1-8B-Instruct	metamath	43	base_model.model.model.layers.7.self_attn.k_proj	0.8305054625629187	0.48668731633016726	2.9119568174205397
Llama-3.1-8B-Instruct	metamath	43	base_model.model.model.layers.7.self_attn.o_proj	0.8348133575686111	0.5718634727354488	2.1310520847323065
Llama-3.1-8B-Instruct	metamath	43	base_model.model.model.layers.7.self_attn.q_proj	0.8897366592580565	0.67089805309578	1.7587734728199285
Llama-3.1-8B-Instruct	metamath	43	base_model.model.model.layers.7.self_attn.v_proj	0.7092367155937848	0.294325231858492	5.806673811092058
Llama-3.1-8B-Instruct	metamath	43	base_model.model.model.layers.8.mlp.down_proj	0.7759094369333042	0.5018921340512195	2.3900186479171626
Llama-3.1-8B-Instruct	metamath	43	base_model.model.model.layers.8.mlp.gate_proj	0.7750288040646484	0.29343450034864527	6.976110291405034
Llama-3.1-8B-Instruct	metamath	43	base_model.model.model.layers.8.mlp.up_proj	0.8241380258732629	0.40253669226279326	4.191688092388316
Llama-3.1-8B-Instruct	metamath	43	base_model.model.model.layers.8.self_attn.k_proj	0.8212507746457806	0.4459387697458333	3.3915726285197265
Llama-3.1-8B-Instruct	metamath	43	base_model.model.model.layers.8.self_attn.o_proj	0.8079020910948966	0.4788882501366927	2.8460930942859086
Llama-3.1-8B-Instruct	metamath	43	base_model.model.model.layers.8.self_attn.q_proj	0.7617184939236517	0.35496815662306963	4.604794034298415
Llama-3.1-8B-Instruct	metamath	43	base_model.model.model.layers.8.self_attn.v_proj	0.7679935326648657	0.4312527293814822	3.1714028503933207
Llama-3.1-8B-Instruct	metamath	43	base_model.model.model.layers.9.mlp.down_proj	0.7786270603691648	0.439930363586827	3.1325002257195123
Llama-3.1-8B-Instruct	metamath	43	base_model.model.model.layers.9.mlp.gate_proj	0.7645170484815716	0.2954080969196636	6.6977596581799075
Llama-3.1-8B-Instruct	metamath	43	base_model.model.model.layers.9.mlp.up_proj	0.8438702502323213	0.46072303110720925	3.354837644550149
Llama-3.1-8B-Instruct	metamath	43	base_model.model.model.layers.9.self_attn.k_proj	0.7873428383070048	0.33957690962515386	5.375903442552184
Llama-3.1-8B-Instruct	metamath	43	base_model.model.model.layers.9.self_attn.o_proj	0.8152155196752535	0.4797771415892148	2.887126231236278
Llama-3.1-8B-Instruct	metamath	43	base_model.model.model.layers.9.self_attn.q_proj	0.8522414768041903	0.4546433477160809	3.513853503434967
Llama-3.1-8B-Instruct	metamath	43	base_model.model.model.layers.9.self_attn.v_proj	0.7131334008033924	0.3996170666547507	3.1845898053852464
Llama-3.1-8B-Instruct	tulu	43	base_model.model.model.layers.0.mlp.down_proj	0.8399767642308796	0.6695764816594623	1.57374427485885
Llama-3.1-8B-Instruct	tulu	43	base_model.model.model.layers.0.mlp.gate_proj	0.9596759901890631	0.6936183993589019	1.9142914030667708
Llama-3.1-8B-Instruct	tulu	43	base_model.model.model.layers.0.mlp.up_proj	0.9768605963978054	0.8330421795723506	1.3750902423174822
Llama-3.1-8B-Instruct	tulu	43	base_model.model.model.layers.0.self_attn.k_proj	0.8480060536690831	0.6344690501666868	1.7863930548246427
Llama-3.1-8B-Instruct	tulu	43	base_model.model.model.layers.0.self_attn.o_proj	0.8719454614093638	0.55254770802758	2.4902278126731896
Llama-3.1-8B-Instruct	tulu	43	base_model.model.model.layers.0.self_attn.q_proj	0.8961529876468892	0.5529147506632053	2.626926741785768
Llama-3.1-8B-Instruct	tulu	43	base_model.model.model.layers.0.self_attn.v_proj	0.8860037808977191	0.7540326946891636	1.3806728854730317
Llama-3.1-8B-Instruct	tulu	43	base_model.model.model.layers.1.mlp.down_proj	0.5171232245952812	0.33066839128796777	2.4456973933862933
Llama-3.1-8B-Instruct	tulu	43	base_model.model.model.layers.1.mlp.gate_proj	0.9607623732937484	0.6636256623995508	2.095972734830795
Llama-3.1-8B-Instruct	tulu	43	base_model.model.model.layers.1.mlp.up_proj	0.9735705219981726	0.8302031978780637	1.3752005192757857
Llama-3.1-8B-Instruct	tulu	43	base_model.model.model.layers.1.self_attn.k_proj	0.8815741450701722	0.7621082679755432	1.3380869735886156
Llama-3.1-8B-Instruct	tulu	43	base_model.model.model.layers.1.self_attn.o_proj	0.9084050345678446	0.6724459085710984	1.8249221984263801
Llama-3.1-8B-Instruct	tulu	43	base_model.model.model.layers.1.self_attn.q_proj	0.9128607392379752	0.7659726601946373	1.4203079596721846
Llama-3.1-8B-Instruct	tulu	43	base_model.model.model.layers.1.self_attn.v_proj	0.895963783273287	0.7446720275880605	1.447607514008846
Llama-3.1-8B-Instruct	tulu	43	base_model.model.model.layers.10.mlp.down_proj	0.8848031239848242	0.7267470953197884	1.4822678376829594
Llama-3.1-8B-Instruct	tulu	43	base_model.model.model.layers.10.mlp.gate_proj	0.8316732419717717	0.4308757888899683	3.7256433184305
Llama-3.1-8B-Instruct	tulu	43	base_model.model.model.layers.10.mlp.up_proj	0.9427812607760805	0.8045758795560342	1.373054785019172
Llama-3.1-8B-Instruct	tulu	43	base_model.model.model.layers.10.self_attn.k_proj	0.933993938020497	0.8057546604103791	1.3436385722676962
Llama-3.1-8B-Instruct	tulu	43	base_model.model.model.layers.10.self_attn.o_proj	0.9506492254306573	0.8481348076444752	1.2563505179098111
Llama-3.1-8B-Instruct	tulu	43	base_model.model.model.layers.10.self_attn.q_proj	0.9377813753768455	0.7622677333122224	1.5135198929105522
Llama-3.1-8B-Instruct	tulu	43	base_model.model.model.layers.10.self_attn.v_proj	0.8905898499228087	0.7781960213347994	1.3097170166814271
Llama-3.1-8B-Instruct	tulu	43	base_model.model.model.layers.11.mlp.down_proj	0.8370099090435987	0.6898549196828495	1.472128319460976
Llama-3.1-8B-Instruct	tulu	43	base_model.model.model.layers.11.mlp.gate_proj	0.8081435609632432	0.3997226723071983	4.087516036663935
Llama-3.1-8B-Instruct	tulu	43	base_model.model.model.layers.11.mlp.up_proj	0.9162326293173845	0.7339561378911964	1.55837256750024
Llama-3.1-8B-Instruct	tulu	43	base_model.model.model.layers.11.self_attn.k_proj	0.8690051185889412	0.6529051072238453	1.7715137903401132
Llama-3.1-8B-Instruct	tulu	43	base_model.model.model.layers.11.self_attn.o_proj	0.928552483825388	0.8116745881049493	1.3087268528973484
Llama-3.1-8B-Instruct	tulu	43	base_model.model.model.layers.11.self_attn.q_proj	0.9264448929189278	0.759319124967025	1.4886428162723206
Llama-3.1-8B-Instruct	tulu	43	base_model.model.model.layers.11.self_attn.v_proj	0.9010098329122485	0.7826772267763514	1.3252373459773943
Llama-3.1-8B-Instruct	tulu	43	base_model.model.model.layers.12.mlp.down_proj	0.8830073137571223	0.7581073096712593	1.356648169775854
Llama-3.1-8B-Instruct	tulu	43	base_model.model.model.layers.12.mlp.gate_proj	0.8725184178522634	0.5294325164563092	2.715988859246623
Llama-3.1-8B-Instruct	tulu	43	base_model.model.model.layers.12.mlp.up_proj	0.9391902811270046	0.788700697475074	1.41802121965887
Llama-3.1-8B-Instruct	tulu	43	base_model.model.model.layers.12.self_attn.k_proj	0.8962791355155451	0.7123123555345886	1.5832358604381056
Llama-3.1-8B-Instruct	tulu	43	base_model.model.model.layers.12.self_attn.o_proj	0.9420987226761991	0.8099680474994825	1.3528730844766699
Llama-3.1-8B-Instruct	tulu	43	base_model.model.model.layers.12.self_attn.q_proj	0.9172708758087308	0.7346927960733616	1.5587757687868768
Llama-3.1-8B-Instruct	tulu	43	base_model.model.model.layers.12.self_attn.v_proj	0.9160265556033469	0.7507630526757693	1.4887108206344404
Llama-3.1-8B-Instruct	tulu	43	base_model.model.model.layers.13.mlp.down_proj	0.9132934406797892	0.8076186811945182	1.2788157156732127
Llama-3.1-8B-Instruct	tulu	43	base_model.model.model.layers.13.mlp.gate_proj	0.7805461489750047	0.3797462107782099	4.224840061664888
Llama-3.1-8B-Instruct	tulu	43	base_model.model.model.layers.13.mlp.up_proj	0.9153333177150799	0.6941389833657513	1.7388642180545184
Llama-3.1-8B-Instruct	tulu	43	base_model.model.model.layers.13.self_attn.k_proj	0.90465081749954	0.6357471019273682	2.024851516921755
Llama-3.1-8B-Instruct	tulu	43	base_model.model.model.layers.13.self_attn.o_proj	0.9553025000001956	0.8306335682731898	1.322704625118081
Llama-3.1-8B-Instruct	tulu	43	base_model.model.model.layers.13.self_attn.q_proj	0.9344189910580907	0.7600075286069251	1.5116370366556888
Llama-3.1-8B-Instruct	tulu	43	base_model.model.model.layers.13.self_attn.v_proj	0.9254376342937258	0.8177705350033435	1.280652779831956
Llama-3.1-8B-Instruct	tulu	43	base_model.model.model.layers.14.mlp.down_proj	0.932097868594995	0.8504629645122183	1.2011914102263879
Llama-3.1-8B-Instruct	tulu	43	base_model.model.model.layers.14.mlp.gate_proj	0.8342871205377318	0.43553908107564826	3.669245897157552
Llama-3.1-8B-Instruct	tulu	43	base_model.model.model.layers.14.mlp.up_proj	0.9704993131109654	0.8680173315537734	1.2500680955913763
Llama-3.1-8B-Instruct	tulu	43	base_model.model.model.layers.14.self_attn.k_proj	0.9136516490615955	0.7904900890599301	1.3358830097201875
Llama-3.1-8B-Instruct	tulu	43	base_model.model.model.layers.14.self_attn.o_proj	0.964416167133746	0.8773904603363082	1.2082120088730848
Llama-3.1-8B-Instruct	tulu	43	base_model.model.model.layers.14.self_attn.q_proj	0.904420554428305	0.6744665508354012	1.7981255619530512
Llama-3.1-8B-Instruct	tulu	43	base_model.model.model.layers.14.self_attn.v_proj	0.9505201531405917	0.8621684527023716	1.2154536530168911
Llama-3.1-8B-Instruct	tulu	43	base_model.model.model.layers.15.mlp.down_proj	0.9166084604683583	0.8064079647930691	1.2919868872523348
Llama-3.1-8B-Instruct	tulu	43	base_model.model.model.layers.15.mlp.gate_proj	0.7800908746232884	0.35592759000166635	4.803602777735298
Llama-3.1-8B-Instruct	tulu	43	base_model.model.model.layers.15.mlp.up_proj	0.9234378353354791	0.7265644981084352	1.6153512895200421
Llama-3.1-8B-Instruct	tulu	43	base_model.model.model.layers.15.self_attn.k_proj	0.9129046572528521	0.7003255523537963	1.699225044377048
Llama-3.1-8B-Instruct	tulu	43	base_model.model.model.layers.15.self_attn.o_proj	0.9717928406253694	0.909343394161702	1.1420669345935415
Llama-3.1-8B-Instruct	tulu	43	base_model.model.model.layers.15.self_attn.q_proj	0.9244739032107188	0.7311018453525319	1.5989450980829165
Llama-3.1-8B-Instruct	tulu	43	base_model.model.model.layers.15.self_attn.v_proj	0.9410679211595947	0.8670401050164245	1.1780495740942805
Llama-3.1-8B-Instruct	tulu	43	base_model.model.model.layers.16.mlp.down_proj	0.9352776836477856	0.8617601176146931	1.1778998373523566
Llama-3.1-8B-Instruct	tulu	43	base_model.model.model.layers.16.mlp.gate_proj	0.7730503936500195	0.36039467745442205	4.601070358964575
Llama-3.1-8B-Instruct	tulu	43	base_model.model.model.layers.16.mlp.up_proj	0.9360241166107242	0.700453506093184	1.7857285822451228
Llama-3.1-8B-Instruct	tulu	43	base_model.model.model.layers.16.self_attn.k_proj	0.8660556358211223	0.6143604805537153	1.9872158458695572
Llama-3.1-8B-Instruct	tulu	43	base_model.model.model.layers.16.self_attn.o_proj	0.9617356068400514	0.8703559111171889	1.2210055119269922
Llama-3.1-8B-Instruct	tulu	43	base_model.model.model.layers.16.self_attn.q_proj	0.8937723617318915	0.6092822631605878	2.151873664201684
Llama-3.1-8B-Instruct	tulu	43	base_model.model.model.layers.16.self_attn.v_proj	0.931323422038707	0.8278030186762751	1.265747385409993
Llama-3.1-8B-Instruct	tulu	43	base_model.model.model.layers.17.mlp.down_proj	0.9300864087659824	0.8692567896337907	1.1448548099513371
Llama-3.1-8B-Instruct	tulu	43	base_model.model.model.layers.17.mlp.gate_proj	0.8050930769866225	0.40231228686980886	4.0046594614024
Llama-3.1-8B-Instruct	tulu	43	base_model.model.model.layers.17.mlp.up_proj	0.9416268809230642	0.7284880948903144	1.670755033693979
Llama-3.1-8B-Instruct	tulu	43	base_model.model.model.layers.17.self_attn.k_proj	0.8563850402524574	0.4540683622045457	3.557096592736156
Llama-3.1-8B-Instruct	tulu	43	base_model.model.model.layers.17.self_attn.o_proj	0.9697555725665638	0.9029325522740294	1.1534903007130397
Llama-3.1-8B-Instruct	tulu	43	base_model.model.model.layers.17.self_attn.q_proj	0.8229642069179047	0.449254378690464	3.3556546327380654
Llama-3.1-8B-Instruct	tulu	43	base_model.model.model.layers.17.self_attn.v_proj	0.9252565855497825	0.7738114590592607	1.429730086450406
Llama-3.1-8B-Instruct	tulu	43	base_model.model.model.layers.18.mlp.down_proj	0.9120598994515422	0.8647081171307366	1.1125195500617862
Llama-3.1-8B-Instruct	tulu	43	base_model.model.model.layers.18.mlp.gate_proj	0.7789663140020766	0.3625991351445051	4.615128808059628
Llama-3.1-8B-Instruct	tulu	43	base_model.model.model.layers.18.mlp.up_proj	0.9498125169235229	0.751052349744378	1.599319964834599
Llama-3.1-8B-Instruct	tulu	43	base_model.model.model.layers.18.self_attn.k_proj	0.879543509627368	0.6373611417235507	1.9043356256983655
Llama-3.1-8B-Instruct	tulu	43	base_model.model.model.layers.18.self_attn.o_proj	0.9585992001851243	0.8580095063915324	1.2482165174700381
Llama-3.1-8B-Instruct	tulu	43	base_model.model.model.layers.18.self_attn.q_proj	0.8482835306083155	0.4603534357322768	3.395465272665103
Llama-3.1-8B-Instruct	tulu	43	base_model.model.model.layers.18.self_attn.v_proj	0.9292164452314827	0.8499461188182992	1.1952286217032322
Llama-3.1-8B-Instruct	tulu	43	base_model.model.model.layers.19.mlp.down_proj	0.9395927805004871	0.8762099202455492	1.1499077754631981
Llama-3.1-8B-Instruct	tulu	43	base_model.model.model.layers.19.mlp.gate_proj	0.7415226771009924	0.3389497676647789	4.786060597703127
Llama-3.1-8B-Instruct	tulu	43	base_model.model.model.layers.19.mlp.up_proj	0.9384323184588333	0.7214270503975002	1.6920806807562652
Llama-3.1-8B-Instruct	tulu	43	base_model.model.model.layers.19.self_attn.k_proj	0.88061561699187	0.664445710596632	1.7565226804455465
Llama-3.1-8B-Instruct	tulu	43	base_model.model.model.layers.19.self_attn.o_proj	0.9522605274364543	0.8759792447876569	1.1817454332292017
Llama-3.1-8B-Instruct	tulu	43	base_model.model.model.layers.19.self_attn.q_proj	0.8667617976432325	0.5054791879496864	2.940308944128046
Llama-3.1-8B-Instruct	tulu	43	base_model.model.model.layers.19.self_attn.v_proj	0.9118735220300076	0.7895284590713305	1.3339318202667048
Llama-3.1-8B-Instruct	tulu	43	base_model.model.model.layers.2.mlp.down_proj	0.8393276499701201	0.6653323971233625	1.5914233223826308
Llama-3.1-8B-Instruct	tulu	43	base_model.model.model.layers.2.mlp.gate_proj	0.9534144430046555	0.6893702218781511	1.9127508957229629
Llama-3.1-8B-Instruct	tulu	43	base_model.model.model.layers.2.mlp.up_proj	0.9556661445640213	0.7298150055097936	1.7146947765989309
Llama-3.1-8B-Instruct	tulu	43	base_model.model.model.layers.2.self_attn.k_proj	0.9149005585135241	0.7604571306102919	1.4474324751572292
Llama-3.1-8B-Instruct	tulu	43	base_model.model.model.layers.2.self_attn.o_proj	0.9022502228826605	0.7036139193837347	1.6443155022824323
Llama-3.1-8B-Instruct	tulu	43	base_model.model.model.layers.2.self_attn.q_proj	0.9561184285888127	0.8746090243809828	1.1950758484439061
Llama-3.1-8B-Instruct	tulu	43	base_model.model.model.layers.2.self_attn.v_proj	0.8577426845077709	0.6959720457754229	1.5189044450960663
Llama-3.1-8B-Instruct	tulu	43	base_model.model.model.layers.20.mlp.down_proj	0.9513132603434385	0.8832611665228848	1.1600289494117428
Llama-3.1-8B-Instruct	tulu	43	base_model.model.model.layers.20.mlp.gate_proj	0.7273855115774495	0.31225836602651746	5.4262665943394595
Llama-3.1-8B-Instruct	tulu	43	base_model.model.model.layers.20.mlp.up_proj	0.9130816528210278	0.6733640874979412	1.8387357993231301
Llama-3.1-8B-Instruct	tulu	43	base_model.model.model.layers.20.self_attn.k_proj	0.8871141688027211	0.7280695891644311	1.4846129649355662
Llama-3.1-8B-Instruct	tulu	43	base_model.model.model.layers.20.self_attn.o_proj	0.9372296743700138	0.771604783344732	1.4753743841062283
Llama-3.1-8B-Instruct	tulu	43	base_model.model.model.layers.20.self_attn.q_proj	0.8757937806842612	0.5524374903873523	2.5132600403173107
Llama-3.1-8B-Instruct	tulu	43	base_model.model.model.layers.20.self_attn.v_proj	0.9112457142371908	0.8050082753965949	1.2813574778818562
Llama-3.1-8B-Instruct	tulu	43	base_model.model.model.layers.21.mlp.down_proj	0.9224797547224491	0.8622104281096994	1.1446880393065912
Llama-3.1-8B-Instruct	tulu	43	base_model.model.model.layers.21.mlp.gate_proj	0.7043332432833384	0.2775733309541477	6.4387401639153925
Llama-3.1-8B-Instruct	tulu	43	base_model.model.model.layers.21.mlp.up_proj	0.928615874575695	0.6753821770916484	1.890484042371332
Llama-3.1-8B-Instruct	tulu	43	base_model.model.model.layers.21.self_attn.k_proj	0.8753348946321067	0.6426091469499973	1.8554731631056254
Llama-3.1-8B-Instruct	tulu	43	base_model.model.model.layers.21.self_attn.o_proj	0.9619957792556019	0.8907675723697459	1.1663194981980207
Llama-3.1-8B-Instruct	tulu	43	base_model.model.model.layers.21.self_attn.q_proj	0.8642587052388321	0.4845093310514277	3.181875879634036
Llama-3.1-8B-Instruct	tulu	43	base_model.model.model.layers.21.self_attn.v_proj	0.9356413284583454	0.7966275094685827	1.3794570867821965
Llama-3.1-8B-Instruct	tulu	43	base_model.model.model.layers.22.mlp.down_proj	0.9100505287710763	0.8126801185716273	1.253983269129971
Llama-3.1-8B-Instruct	tulu	43	base_model.model.model.layers.22.mlp.gate_proj	0.6939739492956967	0.2789496693903433	6.189201669228635
Llama-3.1-8B-Instruct	tulu	43	base_model.model.model.layers.22.mlp.up_proj	0.9113343766983975	0.5969019967878009	2.3310384759588834
Llama-3.1-8B-Instruct	tulu	43	base_model.model.model.layers.22.self_attn.k_proj	0.911197445908464	0.7390044385174954	1.5203055952793398
Llama-3.1-8B-Instruct	tulu	43	base_model.model.model.layers.22.self_attn.o_proj	0.9707514605961314	0.8622117686215471	1.267617460177106
Llama-3.1-8B-Instruct	tulu	43	base_model.model.model.layers.22.self_attn.q_proj	0.8956779811162303	0.6253831573206127	2.051216183289279
Llama-3.1-8B-Instruct	tulu	43	base_model.model.model.layers.22.self_attn.v_proj	0.8837764581275417	0.7433642242295028	1.413453564404724
Llama-3.1-8B-Instruct	tulu	43	base_model.model.model.layers.23.mlp.down_proj	0.935344439370122	0.8569781344739862	1.1912520336374117
Llama-3.1-8B-Instruct	tulu	43	base_model.model.model.layers.23.mlp.gate_proj	0.7016342998630957	0.2743149492546279	6.542182750108638
Llama-3.1-8B-Instruct	tulu	43	base_model.model.model.layers.23.mlp.up_proj	0.8605230770153856	0.5238035749679278	2.698908285801533
Llama-3.1-8B-Instruct	tulu	43	base_model.model.model.layers.23.self_attn.k_proj	0.9026401584452559	0.8320763995507384	1.1768006360005245
Llama-3.1-8B-Instruct	tulu	43	base_model.model.model.layers.23.self_attn.o_proj	0.95885128222476	0.8386277457574887	1.307266262114045
Llama-3.1-8B-Instruct	tulu	43	base_model.model.model.layers.23.self_attn.q_proj	0.8668376052138973	0.5300027474838578	2.674972030558026
Llama-3.1-8B-Instruct	tulu	43	base_model.model.model.layers.23.self_attn.v_proj	0.8756934679747775	0.708293188063934	1.5285445127441941
Llama-3.1-8B-Instruct	tulu	43	base_model.model.model.layers.24.mlp.down_proj	0.9495927277068749	0.8724740571262538	1.184594510301584
Llama-3.1-8B-Instruct	tulu	43	base_model.model.model.layers.24.mlp.gate_proj	0.7626807689435918	0.32630735497662144	5.463008367368363
Llama-3.1-8B-Instruct	tulu	43	base_model.model.model.layers.24.mlp.up_proj	0.9102907895173182	0.5827043283610563	2.440415691844853
Llama-3.1-8B-Instruct	tulu	43	base_model.model.model.layers.24.self_attn.k_proj	0.9097361882280279	0.7501679206409674	1.470665703131592
Llama-3.1-8B-Instruct	tulu	43	base_model.model.model.layers.24.self_attn.o_proj	0.9386815030877755	0.7749947201030363	1.4670301271816784
Llama-3.1-8B-Instruct	tulu	43	base_model.model.model.layers.24.self_attn.q_proj	0.9379258831193567	0.7234021140858731	1.6810378594480693
Llama-3.1-8B-Instruct	tulu	43	base_model.model.model.layers.24.self_attn.v_proj	0.8847257616375965	0.7182953371268018	1.5170896738201536
Llama-3.1-8B-Instruct	tulu	43	base_model.model.model.layers.25.mlp.down_proj	0.9504057950819002	0.8689750615695435	1.1961992494792135
Llama-3.1-8B-Instruct	tulu	43	base_model.model.model.layers.25.mlp.gate_proj	0.6886545672881526	0.248026030051166	7.709182740869856
Llama-3.1-8B-Instruct	tulu	43	base_model.model.model.layers.25.mlp.up_proj	0.8811017831402763	0.518912930046993	2.8831230321060985
Llama-3.1-8B-Instruct	tulu	43	base_model.model.model.layers.25.self_attn.k_proj	0.7501753697152418	0.3966555276712145	3.5768323127667982
Llama-3.1-8B-Instruct	tulu	43	base_model.model.model.layers.25.self_attn.o_proj	0.9501339480774639	0.8249755491694933	1.3264397167430035
Llama-3.1-8B-Instruct	tulu	43	base_model.model.model.layers.25.self_attn.q_proj	0.9265578587775258	0.7961454494700958	1.354441504873896
Llama-3.1-8B-Instruct	tulu	43	base_model.model.model.layers.25.self_attn.v_proj	0.8623458462212007	0.6093003896577682	2.003088049005991
Llama-3.1-8B-Instruct	tulu	43	base_model.model.model.layers.26.mlp.down_proj	0.945970159629891	0.8540046195072155	1.226971384056592
Llama-3.1-8B-Instruct	tulu	43	base_model.model.model.layers.26.mlp.gate_proj	0.6807963154137476	0.24116608072028017	7.968965416636462
Llama-3.1-8B-Instruct	tulu	43	base_model.model.model.layers.26.mlp.up_proj	0.8939713072014882	0.5393985179789708	2.746803943076531
Llama-3.1-8B-Instruct	tulu	43	base_model.model.model.layers.26.self_attn.k_proj	0.7347260125567543	0.31067670784135104	5.592853497666694
Llama-3.1-8B-Instruct	tulu	43	base_model.model.model.layers.26.self_attn.o_proj	0.899059371188517	0.6682306252541059	1.810189298539022
Llama-3.1-8B-Instruct	tulu	43	base_model.model.model.layers.26.self_attn.q_proj	0.9008056932912946	0.5202616279326063	2.9979104336843703
Llama-3.1-8B-Instruct	tulu	43	base_model.model.model.layers.26.self_attn.v_proj	0.8813174293018389	0.6485222470810809	1.8467791397018303
Llama-3.1-8B-Instruct	tulu	43	base_model.model.model.layers.27.mlp.down_proj	0.8987780829814317	0.7885922528170891	1.298972432885188
Llama-3.1-8B-Instruct	tulu	43	base_model.model.model.layers.27.mlp.gate_proj	0.7221039164890736	0.26468153275705325	7.443070268110464
Llama-3.1-8B-Instruct	tulu	43	base_model.model.model.layers.27.mlp.up_proj	0.8876416592171041	0.49564005162275354	3.2073220206073336
Llama-3.1-8B-Instruct	tulu	43	base_model.model.model.layers.27.self_attn.k_proj	0.9001708852893798	0.6951333311656477	1.6769252271047173
Llama-3.1-8B-Instruct	tulu	43	base_model.model.model.layers.27.self_attn.o_proj	0.944487048741056	0.7240446918095015	1.701614846883119
Llama-3.1-8B-Instruct	tulu	43	base_model.model.model.layers.27.self_attn.q_proj	0.8787070650802662	0.5211089498133156	2.843355567230018
Llama-3.1-8B-Instruct	tulu	43	base_model.model.model.layers.27.self_attn.v_proj	0.8312818206045057	0.5084733534115231	2.6727612652896333
Llama-3.1-8B-Instruct	tulu	43	base_model.model.model.layers.28.mlp.down_proj	0.9169374640355004	0.8073096107348091	1.2900281568102054
Llama-3.1-8B-Instruct	tulu	43	base_model.model.model.layers.28.mlp.gate_proj	0.6449213690660207	0.24162316581607163	7.124204771801785
Llama-3.1-8B-Instruct	tulu	43	base_model.model.model.layers.28.mlp.up_proj	0.8741654453619428	0.48255850691621466	3.281612660703891
Llama-3.1-8B-Instruct	tulu	43	base_model.model.model.layers.28.self_attn.k_proj	0.9124827950797776	0.7675186485241369	1.4134208591591975
Llama-3.1-8B-Instruct	tulu	43	base_model.model.model.layers.28.self_attn.o_proj	0.957923744329422	0.8714763273067895	1.2082329847655064
Llama-3.1-8B-Instruct	tulu	43	base_model.model.model.layers.28.self_attn.q_proj	0.9268882029725594	0.6262669342097619	2.190462107204192
Llama-3.1-8B-Instruct	tulu	43	base_model.model.model.layers.28.self_attn.v_proj	0.9402927845431767	0.8386607121300799	1.257053060994268
Llama-3.1-8B-Instruct	tulu	43	base_model.model.model.layers.29.mlp.down_proj	0.887225495046746	0.7740703085106426	1.313733297646977
Llama-3.1-8B-Instruct	tulu	43	base_model.model.model.layers.29.mlp.gate_proj	0.6856073224314337	0.2631324797409327	6.788940111659957
Llama-3.1-8B-Instruct	tulu	43	base_model.model.model.layers.29.mlp.up_proj	0.8080053139809203	0.3848692667074981	4.40759791753678
Llama-3.1-8B-Instruct	tulu	43	base_model.model.model.layers.29.self_attn.k_proj	0.8537883342923189	0.47469736583818717	3.2349441678862383
Llama-3.1-8B-Instruct	tulu	43	base_model.model.model.layers.29.self_attn.o_proj	0.9525204014991616	0.7621065842660915	1.5621299003508158
Llama-3.1-8B-Instruct	tulu	43	base_model.model.model.layers.29.self_attn.q_proj	0.945410013252642	0.8179719775284896	1.3358679925714807
Llama-3.1-8B-Instruct	tulu	43	base_model.model.model.layers.29.self_attn.v_proj	0.8626110609713594	0.5070644904451327	2.8940341335644177
Llama-3.1-8B-Instruct	tulu	43	base_model.model.model.layers.3.mlp.down_proj	0.8385852327236063	0.6413582663016844	1.7095941670549932
Llama-3.1-8B-Instruct	tulu	43	base_model.model.model.layers.3.mlp.gate_proj	0.8403553362110179	0.3899076950663411	4.645177477341316
Llama-3.1-8B-Instruct	tulu	43	base_model.model.model.layers.3.mlp.up_proj	0.9488796697227222	0.7469582367543675	1.613725427455722
Llama-3.1-8B-Instruct	tulu	43	base_model.model.model.layers.3.self_attn.k_proj	0.9015889129851022	0.6974690495485101	1.6709645801732282
Llama-3.1-8B-Instruct	tulu	43	base_model.model.model.layers.3.self_attn.o_proj	0.945547064724347	0.7840174943095615	1.4545035801544304
Llama-3.1-8B-Instruct	tulu	43	base_model.model.model.layers.3.self_attn.q_proj	0.9634810747210526	0.8632732930014868	1.2456320269090069
Llama-3.1-8B-Instruct	tulu	43	base_model.model.model.layers.3.self_attn.v_proj	0.901825923053923	0.8064181322700035	1.2506185362343258
Llama-3.1-8B-Instruct	tulu	43	base_model.model.model.layers.30.mlp.down_proj	0.8025971606539615	0.585433015248555	1.8794934507177476
Llama-3.1-8B-Instruct	tulu	43	base_model.model.model.layers.30.mlp.gate_proj	0.6371301256850929	0.24433083764459695	6.799855959461253
Llama-3.1-8B-Instruct	tulu	43	base_model.model.model.layers.30.mlp.up_proj	0.8342719135841467	0.43114214172330123	3.7443315419153236
Llama-3.1-8B-Instruct	tulu	43	base_model.model.model.layers.30.self_attn.k_proj	0.8031822006493607	0.3410305187281329	5.546789180219705
Llama-3.1-8B-Instruct	tulu	43	base_model.model.model.layers.30.self_attn.o_proj	0.9509710579470753	0.758055166468568	1.5737399709445192
Llama-3.1-8B-Instruct	tulu	43	base_model.model.model.layers.30.self_attn.q_proj	0.8020246088464081	0.3395070839892798	5.580559041524865
Llama-3.1-8B-Instruct	tulu	43	base_model.model.model.layers.30.self_attn.v_proj	0.8964007475252288	0.7031290282376966	1.625303102234686
Llama-3.1-8B-Instruct	tulu	43	base_model.model.model.layers.31.mlp.down_proj	0.9269269790057373	0.8273288367386022	1.255262982269669
Llama-3.1-8B-Instruct	tulu	43	base_model.model.model.layers.31.mlp.gate_proj	0.6645192745427854	0.27270659184627893	5.937777134013807
Llama-3.1-8B-Instruct	tulu	43	base_model.model.model.layers.31.mlp.up_proj	0.8936095218723116	0.5428899604722227	2.7093926895831153
Llama-3.1-8B-Instruct	tulu	43	base_model.model.model.layers.31.self_attn.k_proj	0.8921683163641263	0.6528707033160353	1.8674080677832505
Llama-3.1-8B-Instruct	tulu	43	base_model.model.model.layers.31.self_attn.o_proj	0.9428360342331384	0.8009552854682691	1.3856571966320625
Llama-3.1-8B-Instruct	tulu	43	base_model.model.model.layers.31.self_attn.q_proj	0.9047402473925519	0.5827176235828768	2.410635315910469
Llama-3.1-8B-Instruct	tulu	43	base_model.model.model.layers.31.self_attn.v_proj	0.951253443881506	0.8304106785822066	1.312219942144498
Llama-3.1-8B-Instruct	tulu	43	base_model.model.model.layers.4.mlp.down_proj	0.8151379329873946	0.5836632317761422	1.9504621929994135
Llama-3.1-8B-Instruct	tulu	43	base_model.model.model.layers.4.mlp.gate_proj	0.854031603842335	0.4322739929378421	3.903279665722024
Llama-3.1-8B-Instruct	tulu	43	base_model.model.model.layers.4.mlp.up_proj	0.9496091267777081	0.7526068187841053	1.5920381202533322
Llama-3.1-8B-Instruct	tulu	43	base_model.model.model.layers.4.self_attn.k_proj	0.8635369232534043	0.6255585631594769	1.9055742561921445
Llama-3.1-8B-Instruct	tulu	43	base_model.model.model.layers.4.self_attn.o_proj	0.8902432354313637	0.6482707807460276	1.8858383802293437
Llama-3.1-8B-Instruct	tulu	43	base_model.model.model.layers.4.self_attn.q_proj	0.9437739754396753	0.8604101102310551	1.2031644330468485
Llama-3.1-8B-Instruct	tulu	43	base_model.model.model.layers.4.self_attn.v_proj	0.8498052644685874	0.6461064993630252	1.729938303995783
Llama-3.1-8B-Instruct	tulu	43	base_model.model.model.layers.5.mlp.down_proj	0.8432374073925266	0.648060823213726	1.6930437947583872
Llama-3.1-8B-Instruct	tulu	43	base_model.model.model.layers.5.mlp.gate_proj	0.9015694438609061	0.5533142194446965	2.6549399704687198
Llama-3.1-8B-Instruct	tulu	43	base_model.model.model.layers.5.mlp.up_proj	0.9477890315834467	0.7785378859332696	1.4820534067354771
Llama-3.1-8B-Instruct	tulu	43	base_model.model.model.layers.5.self_attn.k_proj	0.8988329741493067	0.7239218599824891	1.5416103259138372
Llama-3.1-8B-Instruct	tulu	43	base_model.model.model.layers.5.self_attn.o_proj	0.9360010317700523	0.8174602981535259	1.311050185417432
Llama-3.1-8B-Instruct	tulu	43	base_model.model.model.layers.5.self_attn.q_proj	0.93706521404076	0.8066358790405016	1.3495362711766603
Llama-3.1-8B-Instruct	tulu	43	base_model.model.model.layers.5.self_attn.v_proj	0.877911740396358	0.7514464291297558	1.364915179901902
Llama-3.1-8B-Instruct	tulu	43	base_model.model.model.layers.6.mlp.down_proj	0.8649498376800718	0.6880641734353514	1.580243280849247
Llama-3.1-8B-Instruct	tulu	43	base_model.model.model.layers.6.mlp.gate_proj	0.8694319815930651	0.4932556114968541	3.106899130263027
Llama-3.1-8B-Instruct	tulu	43	base_model.model.model.layers.6.mlp.up_proj	0.9590480719076417	0.8538594550135102	1.2615601712909779
Llama-3.1-8B-Instruct	tulu	43	base_model.model.model.layers.6.self_attn.k_proj	0.8918197963092117	0.6974676556859646	1.6349560095348892
Llama-3.1-8B-Instruct	tulu	43	base_model.model.model.layers.6.self_attn.o_proj	0.9418274573025529	0.8272976719391867	1.2960420438118694
Llama-3.1-8B-Instruct	tulu	43	base_model.model.model.layers.6.self_attn.q_proj	0.9168816668095876	0.6825714679404276	1.8043896078316284
Llama-3.1-8B-Instruct	tulu	43	base_model.model.model.layers.6.self_attn.v_proj	0.8598790272833412	0.6700982441142938	1.6466365576282886
Llama-3.1-8B-Instruct	tulu	43	base_model.model.model.layers.7.mlp.down_proj	0.8114294385545554	0.5908952761017442	1.885734225832706
Llama-3.1-8B-Instruct	tulu	43	base_model.model.model.layers.7.mlp.gate_proj	0.9008594158819466	0.5407015177092227	2.7758683629042267
Llama-3.1-8B-Instruct	tulu	43	base_model.model.model.layers.7.mlp.up_proj	0.9317796496669399	0.7549124923847994	1.5234675839483836
Llama-3.1-8B-Instruct	tulu	43	base_model.model.model.layers.7.self_attn.k_proj	0.8872817916627712	0.7446743053694713	1.419679791951795
Llama-3.1-8B-Instruct	tulu	43	base_model.model.model.layers.7.self_attn.o_proj	0.9346776161059789	0.8219493870919089	1.293104230474082
Llama-3.1-8B-Instruct	tulu	43	base_model.model.model.layers.7.self_attn.q_proj	0.9418828949919081	0.7773871041137149	1.4679766785365278
Llama-3.1-8B-Instruct	tulu	43	base_model.model.model.layers.7.self_attn.v_proj	0.8957057423820934	0.7938665518800367	1.273021412769484
Llama-3.1-8B-Instruct	tulu	43	base_model.model.model.layers.8.mlp.down_proj	0.8706652636749125	0.6704226172192431	1.686572915942228
Llama-3.1-8B-Instruct	tulu	43	base_model.model.model.layers.8.mlp.gate_proj	0.8770783883930583	0.48116435671081303	3.322690752350938
Llama-3.1-8B-Instruct	tulu	43	base_model.model.model.layers.8.mlp.up_proj	0.92924240833124	0.7507185509727201	1.532158686563691
Llama-3.1-8B-Instruct	tulu	43	base_model.model.model.layers.8.self_attn.k_proj	0.86604201016548	0.6339889823656232	1.8660122799734211
Llama-3.1-8B-Instruct	tulu	43	base_model.model.model.layers.8.self_attn.o_proj	0.9423685931360435	0.830101550768401	1.2887810955132275
Llama-3.1-8B-Instruct	tulu	43	base_model.model.model.layers.8.self_attn.q_proj	0.9347382414426813	0.7989309765968537	1.3688677786939532
Llama-3.1-8B-Instruct	tulu	43	base_model.model.model.layers.8.self_attn.v_proj	0.9108465380974824	0.8201892313157333	1.2332817310258992
Llama-3.1-8B-Instruct	tulu	43	base_model.model.model.layers.9.mlp.down_proj	0.8416741953715514	0.641082646235418	1.7236932586709899
Llama-3.1-8B-Instruct	tulu	43	base_model.model.model.layers.9.mlp.gate_proj	0.8521166723052038	0.4414758522377124	3.725497001298839
Llama-3.1-8B-Instruct	tulu	43	base_model.model.model.layers.9.mlp.up_proj	0.9569614303795635	0.8332151499922883	1.3190903783856909
Llama-3.1-8B-Instruct	tulu	43	base_model.model.model.layers.9.self_attn.k_proj	0.8722138808292896	0.7293030316307385	1.4303092594725682
Llama-3.1-8B-Instruct	tulu	43	base_model.model.model.layers.9.self_attn.o_proj	0.9394758008246571	0.8161857014611306	1.324930908101178
Llama-3.1-8B-Instruct	tulu	43	base_model.model.model.layers.9.self_attn.q_proj	0.8938567223681775	0.6904296329448087	1.6760886132309651
Llama-3.1-8B-Instruct	tulu	43	base_model.model.model.layers.9.self_attn.v_proj	0.875337081233782	0.7621649053129166	1.3190241842360848
Llama-3.1-8B-Instruct	magicoder	44	base_model.model.model.layers.0.mlp.down_proj	0.770619700982014	0.404840789078703	3.6233617039342896
Llama-3.1-8B-Instruct	magicoder	44	base_model.model.model.layers.0.mlp.gate_proj	0.912245365552505	0.6054538228356721	2.2701851582754364
Llama-3.1-8B-Instruct	magicoder	44	base_model.model.model.layers.0.mlp.up_proj	0.9328506805137943	0.6505499862083494	2.0561884787517712
Llama-3.1-8B-Instruct	magicoder	44	base_model.model.model.layers.0.self_attn.k_proj	0.808876666953141	0.5386230364132051	2.255250397159717
Llama-3.1-8B-Instruct	magicoder	44	base_model.model.model.layers.0.self_attn.o_proj	0.679715010558882	0.24739388601630832	7.548763107350756
Llama-3.1-8B-Instruct	magicoder	44	base_model.model.model.layers.0.self_attn.q_proj	0.8594491755224284	0.4601914976208794	3.487893515855876
Llama-3.1-8B-Instruct	magicoder	44	base_model.model.model.layers.0.self_attn.v_proj	0.6454681369014909	0.3054434758667847	4.465683199371602
Llama-3.1-8B-Instruct	magicoder	44	base_model.model.model.layers.1.mlp.down_proj	0.4068567336551509	0.13169061693555095	9.544943277220378
Llama-3.1-8B-Instruct	magicoder	44	base_model.model.model.layers.1.mlp.gate_proj	0.9119922050467596	0.5420760491676095	2.830491236663753
Llama-3.1-8B-Instruct	magicoder	44	base_model.model.model.layers.1.mlp.up_proj	0.9283168968853701	0.5834978314492297	2.53112747529972
Llama-3.1-8B-Instruct	magicoder	44	base_model.model.model.layers.1.self_attn.k_proj	0.8141692669876559	0.39652213461271585	4.215941136201524
Llama-3.1-8B-Instruct	magicoder	44	base_model.model.model.layers.1.self_attn.o_proj	0.7916769370606717	0.4369435288190786	3.2828070933767153
Llama-3.1-8B-Instruct	magicoder	44	base_model.model.model.layers.1.self_attn.q_proj	0.728776055899181	0.25950368450072275	7.8868055576662535
Llama-3.1-8B-Instruct	magicoder	44	base_model.model.model.layers.1.self_attn.v_proj	0.6201900611998254	0.20328640776515283	9.307497349594277
Llama-3.1-8B-Instruct	magicoder	44	base_model.model.model.layers.10.mlp.down_proj	0.6664479674081385	0.32806080403286275	4.12689867042234
Llama-3.1-8B-Instruct	magicoder	44	base_model.model.model.layers.10.mlp.gate_proj	0.7167272503433395	0.25313209224547095	8.017028291998875
Llama-3.1-8B-Instruct	magicoder	44	base_model.model.model.layers.10.mlp.up_proj	0.8333005466816025	0.4389337598795245	3.604170794189196
Llama-3.1-8B-Instruct	magicoder	44	base_model.model.model.layers.10.self_attn.k_proj	0.903310707862492	0.7316620343756859	1.524239725585655
Llama-3.1-8B-Instruct	magicoder	44	base_model.model.model.layers.10.self_attn.o_proj	0.8386965687650226	0.5446192479431519	2.371503447201564
Llama-3.1-8B-Instruct	magicoder	44	base_model.model.model.layers.10.self_attn.q_proj	0.806549263491361	0.38403101270046114	4.410920220157698
Llama-3.1-8B-Instruct	magicoder	44	base_model.model.model.layers.10.self_attn.v_proj	0.7781458250845679	0.4611026660189816	2.8479129927520206
Llama-3.1-8B-Instruct	magicoder	44	base_model.model.model.layers.11.mlp.down_proj	0.6434680155293407	0.3033892448730565	4.498353354274554
Llama-3.1-8B-Instruct	magicoder	44	base_model.model.model.layers.11.mlp.gate_proj	0.6884645177407497	0.2428129967482862	8.039319093531397
Llama-3.1-8B-Instruct	magicoder	44	base_model.model.model.layers.11.mlp.up_proj	0.8033971865507264	0.36976024278803427	4.720849837508871
Llama-3.1-8B-Instruct	magicoder	44	base_model.model.model.layers.11.self_attn.k_proj	0.8901426616882862	0.5817168721176119	2.3415094304181294
Llama-3.1-8B-Instruct	magicoder	44	base_model.model.model.layers.11.self_attn.o_proj	0.8077580553016164	0.43888083121875876	3.387422514724799
Llama-3.1-8B-Instruct	magicoder	44	base_model.model.model.layers.11.self_attn.q_proj	0.8433888777474013	0.44079729089357067	3.6608160380763497
Llama-3.1-8B-Instruct	magicoder	44	base_model.model.model.layers.11.self_attn.v_proj	0.7758803826508882	0.39970202717260356	3.7680515950969284
Llama-3.1-8B-Instruct	magicoder	44	base_model.model.model.layers.12.mlp.down_proj	0.6464518880704127	0.28150747523101155	5.273422319620445
Llama-3.1-8B-Instruct	magicoder	44	base_model.model.model.layers.12.mlp.gate_proj	0.6427460283150317	0.21839843676712914	8.661233608690425
Llama-3.1-8B-Instruct	magicoder	44	base_model.model.model.layers.12.mlp.up_proj	0.8101492855437504	0.41313477574482727	3.8454449622079423
Llama-3.1-8B-Instruct	magicoder	44	base_model.model.model.layers.12.self_attn.k_proj	0.8779727274095819	0.5085081257384542	2.981029383551361
Llama-3.1-8B-Instruct	magicoder	44	base_model.model.model.layers.12.self_attn.o_proj	0.8624331556446866	0.6098723611524189	1.9997374718719572
Llama-3.1-8B-Instruct	magicoder	44	base_model.model.model.layers.12.self_attn.q_proj	0.8328213815014941	0.41562524144047996	4.015132699434411
Llama-3.1-8B-Instruct	magicoder	44	base_model.model.model.layers.12.self_attn.v_proj	0.7107142614703632	0.3027490226528842	5.510925764887338
Llama-3.1-8B-Instruct	magicoder	44	base_model.model.model.layers.13.mlp.down_proj	0.6689668063395431	0.296253452450353	5.098968129378327
Llama-3.1-8B-Instruct	magicoder	44	base_model.model.model.layers.13.mlp.gate_proj	0.5723180887689124	0.18214541831272682	9.872756870149678
Llama-3.1-8B-Instruct	magicoder	44	base_model.model.model.layers.13.mlp.up_proj	0.734124135699634	0.2745580377394944	7.149417853860057
Llama-3.1-8B-Instruct	magicoder	44	base_model.model.model.layers.13.self_attn.k_proj	0.9215085023018248	0.7413273010986736	1.5451786704824255
Llama-3.1-8B-Instruct	magicoder	44	base_model.model.model.layers.13.self_attn.o_proj	0.8122584238516495	0.4910423804880544	2.736216737620476
Llama-3.1-8B-Instruct	magicoder	44	base_model.model.model.layers.13.self_attn.q_proj	0.8751639583421827	0.5232418213617851	2.797524833073495
Llama-3.1-8B-Instruct	magicoder	44	base_model.model.model.layers.13.self_attn.v_proj	0.7682843764110607	0.44806903076651716	2.94004615038277
Llama-3.1-8B-Instruct	magicoder	44	base_model.model.model.layers.14.mlp.down_proj	0.7228814178669288	0.3842777883406106	3.538698460447585
Llama-3.1-8B-Instruct	magicoder	44	base_model.model.model.layers.14.mlp.gate_proj	0.6656521131064569	0.22030471014506045	9.1295015137024
Llama-3.1-8B-Instruct	magicoder	44	base_model.model.model.layers.14.mlp.up_proj	0.7730872350760953	0.31440860900312806	6.0460000502647295
Llama-3.1-8B-Instruct	magicoder	44	base_model.model.model.layers.14.self_attn.k_proj	0.929646818640698	0.6773445651242416	1.8837214100735749
Llama-3.1-8B-Instruct	magicoder	44	base_model.model.model.layers.14.self_attn.o_proj	0.8672080692531193	0.6020562952929907	2.0747817382413247
Llama-3.1-8B-Instruct	magicoder	44	base_model.model.model.layers.14.self_attn.q_proj	0.8395059323003229	0.42949374786604494	3.8206200142041586
Llama-3.1-8B-Instruct	magicoder	44	base_model.model.model.layers.14.self_attn.v_proj	0.7839201071895352	0.3949096472937537	3.9404708715347527
Llama-3.1-8B-Instruct	magicoder	44	base_model.model.model.layers.15.mlp.down_proj	0.6697071503704355	0.31039279862589303	4.655288476803939
Llama-3.1-8B-Instruct	magicoder	44	base_model.model.model.layers.15.mlp.gate_proj	0.5864549379095683	0.18533566542047164	10.012702014808793
Llama-3.1-8B-Instruct	magicoder	44	base_model.model.model.layers.15.mlp.up_proj	0.7532293517171348	0.29469856907035646	6.532785763746552
Llama-3.1-8B-Instruct	magicoder	44	base_model.model.model.layers.15.self_attn.k_proj	0.9165577913123615	0.6178362279451927	2.200761431306282
Llama-3.1-8B-Instruct	magicoder	44	base_model.model.model.layers.15.self_attn.o_proj	0.8757341673129815	0.6143542164698175	2.031921389376014
Llama-3.1-8B-Instruct	magicoder	44	base_model.model.model.layers.15.self_attn.q_proj	0.899735186069372	0.5724374847203798	2.4704341383577413
Llama-3.1-8B-Instruct	magicoder	44	base_model.model.model.layers.15.self_attn.v_proj	0.8181674045174995	0.46453268889560395	3.1020713724899918
Llama-3.1-8B-Instruct	magicoder	44	base_model.model.model.layers.16.mlp.down_proj	0.6365004901724715	0.25998126591903736	5.993953599354622
Llama-3.1-8B-Instruct	magicoder	44	base_model.model.model.layers.16.mlp.gate_proj	0.5488998281889842	0.16904573883861096	10.543328396953163
Llama-3.1-8B-Instruct	magicoder	44	base_model.model.model.layers.16.mlp.up_proj	0.7136461061110454	0.25288883920218846	7.963545670354688
Llama-3.1-8B-Instruct	magicoder	44	base_model.model.model.layers.16.self_attn.k_proj	0.9042287254920705	0.6264396726366187	2.08352200334824
Llama-3.1-8B-Instruct	magicoder	44	base_model.model.model.layers.16.self_attn.o_proj	0.8798484221917937	0.5984371106563778	2.161616686778472
Llama-3.1-8B-Instruct	magicoder	44	base_model.model.model.layers.16.self_attn.q_proj	0.8812358143769343	0.4868701135967727	3.2761067569097646
Llama-3.1-8B-Instruct	magicoder	44	base_model.model.model.layers.16.self_attn.v_proj	0.8183472705455119	0.45149901717429763	3.285198818224974
Llama-3.1-8B-Instruct	magicoder	44	base_model.model.model.layers.17.mlp.down_proj	0.6738348719601475	0.33027453511795213	4.162524333610316
Llama-3.1-8B-Instruct	magicoder	44	base_model.model.model.layers.17.mlp.gate_proj	0.5637040843268387	0.1736572805665955	10.53698523425227
Llama-3.1-8B-Instruct	magicoder	44	base_model.model.model.layers.17.mlp.up_proj	0.669819073850348	0.2270277873164651	8.704763735630085
Llama-3.1-8B-Instruct	magicoder	44	base_model.model.model.layers.17.self_attn.k_proj	0.8847575463381727	0.5236291889368387	2.8549654425231057
Llama-3.1-8B-Instruct	magicoder	44	base_model.model.model.layers.17.self_attn.o_proj	0.8615593566494307	0.5331272098572701	2.61161232300607
Llama-3.1-8B-Instruct	magicoder	44	base_model.model.model.layers.17.self_attn.q_proj	0.7761176094877688	0.2965059217955593	6.851542116960418
Llama-3.1-8B-Instruct	magicoder	44	base_model.model.model.layers.17.self_attn.v_proj	0.8007935608842213	0.47397312501919264	2.8545240754557883
Llama-3.1-8B-Instruct	magicoder	44	base_model.model.model.layers.18.mlp.down_proj	0.6294468742041789	0.24540690191834244	6.578768688717119
Llama-3.1-8B-Instruct	magicoder	44	base_model.model.model.layers.18.mlp.gate_proj	0.5379497775831781	0.16310931935711273	10.877420395936007
Llama-3.1-8B-Instruct	magicoder	44	base_model.model.model.layers.18.mlp.up_proj	0.7436953408447609	0.29037748296462956	6.559402010260498
Llama-3.1-8B-Instruct	magicoder	44	base_model.model.model.layers.18.self_attn.k_proj	0.849055059012578	0.41666330856180733	4.152419213206892
Llama-3.1-8B-Instruct	magicoder	44	base_model.model.model.layers.18.self_attn.o_proj	0.8488952140515801	0.46105247560714696	3.3900605373933255
Llama-3.1-8B-Instruct	magicoder	44	base_model.model.model.layers.18.self_attn.q_proj	0.8049032103374708	0.34372565576489134	5.483570365766236
Llama-3.1-8B-Instruct	magicoder	44	base_model.model.model.layers.18.self_attn.v_proj	0.8230028716845254	0.4796830543892141	2.9437027126770983
Llama-3.1-8B-Instruct	magicoder	44	base_model.model.model.layers.19.mlp.down_proj	0.6910023470464594	0.3091927702738669	4.994596219558975
Llama-3.1-8B-Instruct	magicoder	44	base_model.model.model.layers.19.mlp.gate_proj	0.5838370305085128	0.1817223087155776	10.322069592521336
Llama-3.1-8B-Instruct	magicoder	44	base_model.model.model.layers.19.mlp.up_proj	0.7352164757424348	0.26284060089804656	7.824301168784235
Llama-3.1-8B-Instruct	magicoder	44	base_model.model.model.layers.19.self_attn.k_proj	0.8994611751749151	0.5981367994577292	2.261329242362642
Llama-3.1-8B-Instruct	magicoder	44	base_model.model.model.layers.19.self_attn.o_proj	0.8483644256697241	0.5063871564059272	2.8067228733967813
Llama-3.1-8B-Instruct	magicoder	44	base_model.model.model.layers.19.self_attn.q_proj	0.7691859795985349	0.292542428647364	6.9132934832497925
Llama-3.1-8B-Instruct	magicoder	44	base_model.model.model.layers.19.self_attn.v_proj	0.79083500224804	0.5123977355705674	2.3820855911793903
Llama-3.1-8B-Instruct	magicoder	44	base_model.model.model.layers.2.mlp.down_proj	0.7146722418305781	0.3133077680574987	5.203211781453405
Llama-3.1-8B-Instruct	magicoder	44	base_model.model.model.layers.2.mlp.gate_proj	0.8751222077517604	0.44023039041062284	3.951639975137204
Llama-3.1-8B-Instruct	magicoder	44	base_model.model.model.layers.2.mlp.up_proj	0.8634411327011916	0.4649178430329777	3.4491576026074653
Llama-3.1-8B-Instruct	magicoder	44	base_model.model.model.layers.2.self_attn.k_proj	0.846497355144087	0.4554244896775674	3.4547645160733107
Llama-3.1-8B-Instruct	magicoder	44	base_model.model.model.layers.2.self_attn.o_proj	0.8037818706223347	0.4473055774268418	3.2289980744017317
Llama-3.1-8B-Instruct	magicoder	44	base_model.model.model.layers.2.self_attn.q_proj	0.8742385688975114	0.4707264853138524	3.4492339798440117
Llama-3.1-8B-Instruct	magicoder	44	base_model.model.model.layers.2.self_attn.v_proj	0.6666257759877434	0.2642354754032967	6.364758886799176
Llama-3.1-8B-Instruct	magicoder	44	base_model.model.model.layers.20.mlp.down_proj	0.6239110084102556	0.23183478495460647	7.242493249687749
Llama-3.1-8B-Instruct	magicoder	44	base_model.model.model.layers.20.mlp.gate_proj	0.6721604125236512	0.224568706311674	8.958749375533657
Llama-3.1-8B-Instruct	magicoder	44	base_model.model.model.layers.20.mlp.up_proj	0.6929284919656775	0.2408778204863056	8.275289812714105
Llama-3.1-8B-Instruct	magicoder	44	base_model.model.model.layers.20.self_attn.k_proj	0.9016093192562837	0.5658219047745687	2.539085184122449
Llama-3.1-8B-Instruct	magicoder	44	base_model.model.model.layers.20.self_attn.o_proj	0.8865881232639835	0.5615008332911506	2.493118998247636
Llama-3.1-8B-Instruct	magicoder	44	base_model.model.model.layers.20.self_attn.q_proj	0.7931173802318361	0.3177309583910737	6.230972988426056
Llama-3.1-8B-Instruct	magicoder	44	base_model.model.model.layers.20.self_attn.v_proj	0.7816612213224245	0.34403201625962315	5.162254509906274
Llama-3.1-8B-Instruct	magicoder	44	base_model.model.model.layers.21.mlp.down_proj	0.6762305710161021	0.3018179686349275	5.019950298621849
Llama-3.1-8B-Instruct	magicoder	44	base_model.model.model.layers.21.mlp.gate_proj	0.5676755351405177	0.17245733514117695	10.835202046292855
Llama-3.1-8B-Instruct	magicoder	44	base_model.model.model.layers.21.mlp.up_proj	0.7132361113928644	0.2511926704517537	8.062184287193006
Llama-3.1-8B-Instruct	magicoder	44	base_model.model.model.layers.21.self_attn.k_proj	0.824543295814312	0.3960574685243778	4.3342156426893546
Llama-3.1-8B-Instruct	magicoder	44	base_model.model.model.layers.21.self_attn.o_proj	0.8689897888180056	0.5734657454953916	2.296224695491884
Llama-3.1-8B-Instruct	magicoder	44	base_model.model.model.layers.21.self_attn.q_proj	0.9002610952646519	0.5509740364908317	2.6697752144671973
Llama-3.1-8B-Instruct	magicoder	44	base_model.model.model.layers.21.self_attn.v_proj	0.79047357295651	0.4060061201381825	3.7906138934881928
Llama-3.1-8B-Instruct	magicoder	44	base_model.model.model.layers.22.mlp.down_proj	0.6951903320527643	0.3083571136257487	5.082758835320058
Llama-3.1-8B-Instruct	magicoder	44	base_model.model.model.layers.22.mlp.gate_proj	0.5976471856818604	0.18478331778411675	10.460784040250728
Llama-3.1-8B-Instruct	magicoder	44	base_model.model.model.layers.22.mlp.up_proj	0.7680193253468663	0.2969531860467065	6.689109691595608
Llama-3.1-8B-Instruct	magicoder	44	base_model.model.model.layers.22.self_attn.k_proj	0.931744593175001	0.732093316865977	1.6197980729630022
Llama-3.1-8B-Instruct	magicoder	44	base_model.model.model.layers.22.self_attn.o_proj	0.8676648167477146	0.5145313633663448	2.843677030673737
Llama-3.1-8B-Instruct	magicoder	44	base_model.model.model.layers.22.self_attn.q_proj	0.7918822873819431	0.32021013995496833	6.115769334072712
Llama-3.1-8B-Instruct	magicoder	44	base_model.model.model.layers.22.self_attn.v_proj	0.7480493182787721	0.32357223168758775	5.344634053150178
Llama-3.1-8B-Instruct	magicoder	44	base_model.model.model.layers.23.mlp.down_proj	0.6492665782536692	0.2622155940075546	6.130968204973274
Llama-3.1-8B-Instruct	magicoder	44	base_model.model.model.layers.23.mlp.gate_proj	0.6252267711102524	0.194377345630641	10.346270685940278
Llama-3.1-8B-Instruct	magicoder	44	base_model.model.model.layers.23.mlp.up_proj	0.6657431278905163	0.21963547470808653	9.187733935809955
Llama-3.1-8B-Instruct	magicoder	44	base_model.model.model.layers.23.self_attn.k_proj	0.824336811671011	0.40780089277261317	4.086138132376348
Llama-3.1-8B-Instruct	magicoder	44	base_model.model.model.layers.23.self_attn.o_proj	0.8486689515455816	0.5199398403399345	2.664222150599262
Llama-3.1-8B-Instruct	magicoder	44	base_model.model.model.layers.23.self_attn.q_proj	0.7627396665198365	0.29882469743531326	6.515079031396134
Llama-3.1-8B-Instruct	magicoder	44	base_model.model.model.layers.23.self_attn.v_proj	0.7066515337747552	0.3121758148117167	5.124035193514626
Llama-3.1-8B-Instruct	magicoder	44	base_model.model.model.layers.24.mlp.down_proj	0.6709628757536539	0.2834339501881569	5.603936993127824
Llama-3.1-8B-Instruct	magicoder	44	base_model.model.model.layers.24.mlp.gate_proj	0.6157350621245786	0.18901486519482863	10.611965938378562
Llama-3.1-8B-Instruct	magicoder	44	base_model.model.model.layers.24.mlp.up_proj	0.6999631310347858	0.23332667567604373	8.999565524446439
Llama-3.1-8B-Instruct	magicoder	44	base_model.model.model.layers.24.self_attn.k_proj	0.8923605956000749	0.5875057525418533	2.307047427429715
Llama-3.1-8B-Instruct	magicoder	44	base_model.model.model.layers.24.self_attn.o_proj	0.9125930992481834	0.6224946632909283	2.1492309986246685
Llama-3.1-8B-Instruct	magicoder	44	base_model.model.model.layers.24.self_attn.q_proj	0.8111532823112028	0.3480408202920526	5.431821535938926
Llama-3.1-8B-Instruct	magicoder	44	base_model.model.model.layers.24.self_attn.v_proj	0.736307705470579	0.303961584659643	5.867880905842413
Llama-3.1-8B-Instruct	magicoder	44	base_model.model.model.layers.25.mlp.down_proj	0.6646189590056965	0.2870609862080188	5.360398865629394
Llama-3.1-8B-Instruct	magicoder	44	base_model.model.model.layers.25.mlp.gate_proj	0.6025154727548696	0.18239682571301064	10.91193716464779
Llama-3.1-8B-Instruct	magicoder	44	base_model.model.model.layers.25.mlp.up_proj	0.6348241760203178	0.19874667029954088	10.202513835863456
Llama-3.1-8B-Instruct	magicoder	44	base_model.model.model.layers.25.self_attn.k_proj	0.8365911372825877	0.4756832789648585	3.093077115175205
Llama-3.1-8B-Instruct	magicoder	44	base_model.model.model.layers.25.self_attn.o_proj	0.9104005616172013	0.6618259832026581	1.8922451767736965
Llama-3.1-8B-Instruct	magicoder	44	base_model.model.model.layers.25.self_attn.q_proj	0.915501154930283	0.6075807042043846	2.2704390471885727
Llama-3.1-8B-Instruct	magicoder	44	base_model.model.model.layers.25.self_attn.v_proj	0.7202357967836555	0.2798374243415346	6.624266796223445
Llama-3.1-8B-Instruct	magicoder	44	base_model.model.model.layers.26.mlp.down_proj	0.6216978482628208	0.22814724538295617	7.42554389049245
Llama-3.1-8B-Instruct	magicoder	44	base_model.model.model.layers.26.mlp.gate_proj	0.5292280898312635	0.15333354337891894	11.912733617552362
Llama-3.1-8B-Instruct	magicoder	44	base_model.model.model.layers.26.mlp.up_proj	0.6643756835478812	0.21119443065864466	9.896064896442626
Llama-3.1-8B-Instruct	magicoder	44	base_model.model.model.layers.26.self_attn.k_proj	0.8592854898984016	0.4464546152303937	3.7044208746077323
Llama-3.1-8B-Instruct	magicoder	44	base_model.model.model.layers.26.self_attn.o_proj	0.8275356304279383	0.4435642086342121	3.480650465832583
Llama-3.1-8B-Instruct	magicoder	44	base_model.model.model.layers.26.self_attn.q_proj	0.8223884021781146	0.3500278062421128	5.520124359419443
Llama-3.1-8B-Instruct	magicoder	44	base_model.model.model.layers.26.self_attn.v_proj	0.7347765661758996	0.3265371035600378	5.0634382959492275
Llama-3.1-8B-Instruct	magicoder	44	base_model.model.model.layers.27.mlp.down_proj	0.6597790976030676	0.2627269640555304	6.306491438168749
Llama-3.1-8B-Instruct	magicoder	44	base_model.model.model.layers.27.mlp.gate_proj	0.5338094632948701	0.15489605528649222	11.876591573116443
Llama-3.1-8B-Instruct	magicoder	44	base_model.model.model.layers.27.mlp.up_proj	0.7461292845874037	0.2544891314982828	8.595867102867157
Llama-3.1-8B-Instruct	magicoder	44	base_model.model.model.layers.27.self_attn.k_proj	0.8017160569469003	0.36902714121144375	4.719810325119474
Llama-3.1-8B-Instruct	magicoder	44	base_model.model.model.layers.27.self_attn.o_proj	0.9003073865436116	0.6509766258900844	1.9127175233815723
Llama-3.1-8B-Instruct	magicoder	44	base_model.model.model.layers.27.self_attn.q_proj	0.829126101139981	0.35881639628191037	5.3394511054785285
Llama-3.1-8B-Instruct	magicoder	44	base_model.model.model.layers.27.self_attn.v_proj	0.6466050310989948	0.22652066081762912	8.148215736311984
Llama-3.1-8B-Instruct	magicoder	44	base_model.model.model.layers.28.mlp.down_proj	0.6992974563361544	0.30097900864677796	5.398231215978295
Llama-3.1-8B-Instruct	magicoder	44	base_model.model.model.layers.28.mlp.gate_proj	0.4745622511910747	0.13262088139847972	12.804498076702748
Llama-3.1-8B-Instruct	magicoder	44	base_model.model.model.layers.28.mlp.up_proj	0.6848001894499973	0.22063075522612455	9.633755954901787
Llama-3.1-8B-Instruct	magicoder	44	base_model.model.model.layers.28.self_attn.k_proj	0.9093939531359475	0.6093491926729481	2.227263726138196
Llama-3.1-8B-Instruct	magicoder	44	base_model.model.model.layers.28.self_attn.o_proj	0.9046479797293094	0.7325468431175899	1.525065276981072
Llama-3.1-8B-Instruct	magicoder	44	base_model.model.model.layers.28.self_attn.q_proj	0.8210477279169405	0.3509749434227801	5.472485024843815
Llama-3.1-8B-Instruct	magicoder	44	base_model.model.model.layers.28.self_attn.v_proj	0.8481940003516777	0.474551279830388	3.1946559566708785
Llama-3.1-8B-Instruct	magicoder	44	base_model.model.model.layers.29.mlp.down_proj	0.7074798071545515	0.276901931351311	6.527939604488023
Llama-3.1-8B-Instruct	magicoder	44	base_model.model.model.layers.29.mlp.gate_proj	0.44656656946992135	0.12280537315974564	13.223233838809684
Llama-3.1-8B-Instruct	magicoder	44	base_model.model.model.layers.29.mlp.up_proj	0.6065123860797262	0.18103768352939725	11.223837771944154
Llama-3.1-8B-Instruct	magicoder	44	base_model.model.model.layers.29.self_attn.k_proj	0.891458480045679	0.5915110385557978	2.271310631824722
Llama-3.1-8B-Instruct	magicoder	44	base_model.model.model.layers.29.self_attn.o_proj	0.9133950112669799	0.6823584953037511	1.7918104489233813
Llama-3.1-8B-Instruct	magicoder	44	base_model.model.model.layers.29.self_attn.q_proj	0.943054385999153	0.7426346400079357	1.6125866965434055
Llama-3.1-8B-Instruct	magicoder	44	base_model.model.model.layers.29.self_attn.v_proj	0.6913070431235947	0.2618080622809281	6.972297832442307
Llama-3.1-8B-Instruct	magicoder	44	base_model.model.model.layers.3.mlp.down_proj	0.6680592106374015	0.2738755334526254	5.950088688965832
Llama-3.1-8B-Instruct	magicoder	44	base_model.model.model.layers.3.mlp.gate_proj	0.7948154679666182	0.30629421769813764	6.733719545778958
Llama-3.1-8B-Instruct	magicoder	44	base_model.model.model.layers.3.mlp.up_proj	0.8099345632628953	0.3636830746719068	4.9596803237969596
Llama-3.1-8B-Instruct	magicoder	44	base_model.model.model.layers.3.self_attn.k_proj	0.9352158587600773	0.8050364498376564	1.349561363685392
Llama-3.1-8B-Instruct	magicoder	44	base_model.model.model.layers.3.self_attn.o_proj	0.8463466238113991	0.485051477111433	3.044534286123825
Llama-3.1-8B-Instruct	magicoder	44	base_model.model.model.layers.3.self_attn.q_proj	0.8890396913662884	0.4985887390402701	3.1794893180695993
Llama-3.1-8B-Instruct	magicoder	44	base_model.model.model.layers.3.self_attn.v_proj	0.6477356311645299	0.3110843076948428	4.33550176293673
Llama-3.1-8B-Instruct	magicoder	44	base_model.model.model.layers.30.mlp.down_proj	0.5643928820441007	0.16985610746501328	11.04080453569222
Llama-3.1-8B-Instruct	magicoder	44	base_model.model.model.layers.30.mlp.gate_proj	0.4360289137143756	0.11862857810004335	13.509893580209337
Llama-3.1-8B-Instruct	magicoder	44	base_model.model.model.layers.30.mlp.up_proj	0.6658920248012257	0.2144375010559381	9.64286644858832
Llama-3.1-8B-Instruct	magicoder	44	base_model.model.model.layers.30.self_attn.k_proj	0.8760324713462795	0.4618683228202862	3.597526932352982
Llama-3.1-8B-Instruct	magicoder	44	base_model.model.model.layers.30.self_attn.o_proj	0.7779504715319729	0.35794197163558783	4.723660156848304
Llama-3.1-8B-Instruct	magicoder	44	base_model.model.model.layers.30.self_attn.q_proj	0.7548975784051187	0.27124066043591566	7.745803549517556
Llama-3.1-8B-Instruct	magicoder	44	base_model.model.model.layers.30.self_attn.v_proj	0.8114872938769787	0.5175791548223238	2.4581585660865755
Llama-3.1-8B-Instruct	magicoder	44	base_model.model.model.layers.31.mlp.down_proj	0.7516229829609812	0.3736791579187383	4.0457808236244475
Llama-3.1-8B-Instruct	magicoder	44	base_model.model.model.layers.31.mlp.gate_proj	0.4758687286898215	0.1328102399997511	12.838409081361728
Llama-3.1-8B-Instruct	magicoder	44	base_model.model.model.layers.31.mlp.up_proj	0.6797666153919948	0.22551004806348693	9.086316669734613
Llama-3.1-8B-Instruct	magicoder	44	base_model.model.model.layers.31.self_attn.k_proj	0.7584749367654913	0.36261755290044095	4.375068159457377
Llama-3.1-8B-Instruct	magicoder	44	base_model.model.model.layers.31.self_attn.o_proj	0.8579812104173251	0.5112813181882446	2.816019809328885
Llama-3.1-8B-Instruct	magicoder	44	base_model.model.model.layers.31.self_attn.q_proj	0.7112300630735415	0.2629615083899233	7.315362415272325
Llama-3.1-8B-Instruct	magicoder	44	base_model.model.model.layers.31.self_attn.v_proj	0.8545319766909443	0.45276940722413217	3.5620703137810623
Llama-3.1-8B-Instruct	magicoder	44	base_model.model.model.layers.4.mlp.down_proj	0.6077435990392903	0.2369805748408132	6.576809910025343
Llama-3.1-8B-Instruct	magicoder	44	base_model.model.model.layers.4.mlp.gate_proj	0.7221838035761093	0.2459428244437321	8.622380341426434
Llama-3.1-8B-Instruct	magicoder	44	base_model.model.model.layers.4.mlp.up_proj	0.8267127532945605	0.40223815580741396	4.224183199724853
Llama-3.1-8B-Instruct	magicoder	44	base_model.model.model.layers.4.self_attn.k_proj	0.7564392404309842	0.3199252401490652	5.5905056470148065
Llama-3.1-8B-Instruct	magicoder	44	base_model.model.model.layers.4.self_attn.o_proj	0.7992715489500536	0.4161116404568201	3.689512430257343
Llama-3.1-8B-Instruct	magicoder	44	base_model.model.model.layers.4.self_attn.q_proj	0.7995767553755591	0.34102275590693093	5.497352693632273
Llama-3.1-8B-Instruct	magicoder	44	base_model.model.model.layers.4.self_attn.v_proj	0.6005384448925041	0.22259402331488376	7.278713603629743
Llama-3.1-8B-Instruct	magicoder	44	base_model.model.model.layers.5.mlp.down_proj	0.5887824837276526	0.22786198023670604	6.6767640338242416
Llama-3.1-8B-Instruct	magicoder	44	base_model.model.model.layers.5.mlp.gate_proj	0.8155567747314313	0.3546054959125471	5.289534752381211
Llama-3.1-8B-Instruct	magicoder	44	base_model.model.model.layers.5.mlp.up_proj	0.8115502983110618	0.3669147455258995	4.892158874890517
Llama-3.1-8B-Instruct	magicoder	44	base_model.model.model.layers.5.self_attn.k_proj	0.9039745772416299	0.6110049383358027	2.188885241112796
Llama-3.1-8B-Instruct	magicoder	44	base_model.model.model.layers.5.self_attn.o_proj	0.8433205842829115	0.5075508210817049	2.760745243512384
Llama-3.1-8B-Instruct	magicoder	44	base_model.model.model.layers.5.self_attn.q_proj	0.8816722414051396	0.48629837918821217	3.287068020305127
Llama-3.1-8B-Instruct	magicoder	44	base_model.model.model.layers.5.self_attn.v_proj	0.7043533734158182	0.32791641568301017	4.613758745296407
Llama-3.1-8B-Instruct	magicoder	44	base_model.model.model.layers.6.mlp.down_proj	0.6552859454927417	0.303067908096093	4.675002033419205
Llama-3.1-8B-Instruct	magicoder	44	base_model.model.model.layers.6.mlp.gate_proj	0.8142692937658347	0.35162372799519964	5.362653880074102
Llama-3.1-8B-Instruct	magicoder	44	base_model.model.model.layers.6.mlp.up_proj	0.8415360022884243	0.43577736022105606	3.7292034176735775
Llama-3.1-8B-Instruct	magicoder	44	base_model.model.model.layers.6.self_attn.k_proj	0.8605330408029256	0.5160712251608058	2.780454617565413
Llama-3.1-8B-Instruct	magicoder	44	base_model.model.model.layers.6.self_attn.o_proj	0.8649266730058055	0.6050470641532687	2.0435264563108215
Llama-3.1-8B-Instruct	magicoder	44	base_model.model.model.layers.6.self_attn.q_proj	0.8451593128239254	0.4305523051091081	3.8532334807808173
Llama-3.1-8B-Instruct	magicoder	44	base_model.model.model.layers.6.self_attn.v_proj	0.7015092334985835	0.271034278730631	6.699129004397544
Llama-3.1-8B-Instruct	magicoder	44	base_model.model.model.layers.7.mlp.down_proj	0.6499041003306434	0.2997605989174136	4.7005584610516635
Llama-3.1-8B-Instruct	magicoder	44	base_model.model.model.layers.7.mlp.gate_proj	0.7600523701203385	0.2836943776212601	7.177704545547131
Llama-3.1-8B-Instruct	magicoder	44	base_model.model.model.layers.7.mlp.up_proj	0.837235213464547	0.4348653821215567	3.706681743917839
Llama-3.1-8B-Instruct	magicoder	44	base_model.model.model.layers.7.self_attn.k_proj	0.8499227820187756	0.4468066161975749	3.6184264580940066
Llama-3.1-8B-Instruct	magicoder	44	base_model.model.model.layers.7.self_attn.o_proj	0.854290070116166	0.5388848366558665	2.5131521940720454
Llama-3.1-8B-Instruct	magicoder	44	base_model.model.model.layers.7.self_attn.q_proj	0.817328103384529	0.3651092484989899	5.011263002514333
Llama-3.1-8B-Instruct	magicoder	44	base_model.model.model.layers.7.self_attn.v_proj	0.7095283806844407	0.3413089657816632	4.321595848372094
Llama-3.1-8B-Instruct	magicoder	44	base_model.model.model.layers.8.mlp.down_proj	0.5920135880283905	0.2612036287108019	5.136945259001408
Llama-3.1-8B-Instruct	magicoder	44	base_model.model.model.layers.8.mlp.gate_proj	0.7296157850072506	0.26155135886086284	7.781699950214533
Llama-3.1-8B-Instruct	magicoder	44	base_model.model.model.layers.8.mlp.up_proj	0.8042706215404067	0.3900373234186054	4.25198844003379
Llama-3.1-8B-Instruct	magicoder	44	base_model.model.model.layers.8.self_attn.k_proj	0.8939408977727051	0.6685077389349057	1.7881532442343582
Llama-3.1-8B-Instruct	magicoder	44	base_model.model.model.layers.8.self_attn.o_proj	0.8376361419960785	0.5372850829826943	2.4305314747660156
Llama-3.1-8B-Instruct	magicoder	44	base_model.model.model.layers.8.self_attn.q_proj	0.8887561755269504	0.5619034557301044	2.5017381816263913
Llama-3.1-8B-Instruct	magicoder	44	base_model.model.model.layers.8.self_attn.v_proj	0.7516946793331809	0.3605507336345477	4.346605100384393
Llama-3.1-8B-Instruct	magicoder	44	base_model.model.model.layers.9.mlp.down_proj	0.638604712949713	0.2979384865537732	4.594211917018654
Llama-3.1-8B-Instruct	magicoder	44	base_model.model.model.layers.9.mlp.gate_proj	0.7830318548830172	0.30903798912414476	6.420001385976597
Llama-3.1-8B-Instruct	magicoder	44	base_model.model.model.layers.9.mlp.up_proj	0.8321462623551132	0.4558843810591941	3.331884263405364
Llama-3.1-8B-Instruct	magicoder	44	base_model.model.model.layers.9.self_attn.k_proj	0.8586677353092305	0.5311746548645814	2.613217754439999
Llama-3.1-8B-Instruct	magicoder	44	base_model.model.model.layers.9.self_attn.o_proj	0.8405653018970382	0.5061466568596718	2.7579740267562713
Llama-3.1-8B-Instruct	magicoder	44	base_model.model.model.layers.9.self_attn.q_proj	0.8192522140671412	0.38877130345165034	4.440653083575771
Llama-3.1-8B-Instruct	magicoder	44	base_model.model.model.layers.9.self_attn.v_proj	0.7810657290366322	0.47255398770086504	2.7319471934159565
Llama-3.1-8B-Instruct	metamath	44	base_model.model.model.layers.0.mlp.down_proj	0.8089966147722707	0.515349268097981	2.4642801652193316
Llama-3.1-8B-Instruct	metamath	44	base_model.model.model.layers.0.mlp.gate_proj	0.9094957465572799	0.5386184581937351	2.8512735142192285
Llama-3.1-8B-Instruct	metamath	44	base_model.model.model.layers.0.mlp.up_proj	0.9085954053962815	0.5875760825894522	2.3911832167541998
Llama-3.1-8B-Instruct	metamath	44	base_model.model.model.layers.0.self_attn.k_proj	0.8389516821731401	0.60441147827259	1.9266751309757157
Llama-3.1-8B-Instruct	metamath	44	base_model.model.model.layers.0.self_attn.o_proj	0.7731550124718801	0.3036319153874097	6.48392993430028
Llama-3.1-8B-Instruct	metamath	44	base_model.model.model.layers.0.self_attn.q_proj	0.8319059738457711	0.4265472983785508	3.8037686493618943
Llama-3.1-8B-Instruct	metamath	44	base_model.model.model.layers.0.self_attn.v_proj	0.6978603996352053	0.32662567133531445	4.564954770245813
Llama-3.1-8B-Instruct	metamath	44	base_model.model.model.layers.1.mlp.down_proj	0.3820024602448571	0.14290442460940195	7.145637303732881
Llama-3.1-8B-Instruct	metamath	44	base_model.model.model.layers.1.mlp.gate_proj	0.837720819302293	0.3390218774508924	6.105808348813531
Llama-3.1-8B-Instruct	metamath	44	base_model.model.model.layers.1.mlp.up_proj	0.8756619553666538	0.42244168412300354	4.29674353550633
Llama-3.1-8B-Instruct	metamath	44	base_model.model.model.layers.1.self_attn.k_proj	0.7498862928001777	0.3196625252220666	5.503099668775186
Llama-3.1-8B-Instruct	metamath	44	base_model.model.model.layers.1.self_attn.o_proj	0.826844106601153	0.4504835057739159	3.368910568414686
Llama-3.1-8B-Instruct	metamath	44	base_model.model.model.layers.1.self_attn.q_proj	0.7645407335412419	0.3322938565115438	5.293667186407982
Llama-3.1-8B-Instruct	metamath	44	base_model.model.model.layers.1.self_attn.v_proj	0.7726073160721126	0.3543651893293976	4.7535222039337475
Llama-3.1-8B-Instruct	metamath	44	base_model.model.model.layers.10.mlp.down_proj	0.7561184373852863	0.46295836243288413	2.6674469435716244
Llama-3.1-8B-Instruct	metamath	44	base_model.model.model.layers.10.mlp.gate_proj	0.7789099505747248	0.31901237462704524	5.961553479769565
Llama-3.1-8B-Instruct	metamath	44	base_model.model.model.layers.10.mlp.up_proj	0.8200245575006192	0.4443190388618637	3.406150796981561
Llama-3.1-8B-Instruct	metamath	44	base_model.model.model.layers.10.self_attn.k_proj	0.8552189204831485	0.5503291278349491	2.4149581071902912
Llama-3.1-8B-Instruct	metamath	44	base_model.model.model.layers.10.self_attn.o_proj	0.8426489791832884	0.5722741201496006	2.168129334078002
Llama-3.1-8B-Instruct	metamath	44	base_model.model.model.layers.10.self_attn.q_proj	0.7831618171864244	0.3260325900520329	5.770068681842895
Llama-3.1-8B-Instruct	metamath	44	base_model.model.model.layers.10.self_attn.v_proj	0.8010628234427684	0.5329805164553503	2.25897012496456
Llama-3.1-8B-Instruct	metamath	44	base_model.model.model.layers.11.mlp.down_proj	0.7904163444571102	0.5480848878133122	2.0797741174390145
Llama-3.1-8B-Instruct	metamath	44	base_model.model.model.layers.11.mlp.gate_proj	0.7957309367527889	0.3170752784388439	6.298073449058472
Llama-3.1-8B-Instruct	metamath	44	base_model.model.model.layers.11.mlp.up_proj	0.8935299063522308	0.6009244801086041	2.2109473104397654
Llama-3.1-8B-Instruct	metamath	44	base_model.model.model.layers.11.self_attn.k_proj	0.8827754184635594	0.6129652854302213	2.0740952834560944
Llama-3.1-8B-Instruct	metamath	44	base_model.model.model.layers.11.self_attn.o_proj	0.8174814389153447	0.5165634427134882	2.504427510434461
Llama-3.1-8B-Instruct	metamath	44	base_model.model.model.layers.11.self_attn.q_proj	0.8987388237740399	0.6275239637218883	2.051192288777346
Llama-3.1-8B-Instruct	metamath	44	base_model.model.model.layers.11.self_attn.v_proj	0.8023724593510231	0.5138442529829698	2.4383105620218273
Llama-3.1-8B-Instruct	metamath	44	base_model.model.model.layers.12.mlp.down_proj	0.8265104669795693	0.5699567315867313	2.1028724972607598
Llama-3.1-8B-Instruct	metamath	44	base_model.model.model.layers.12.mlp.gate_proj	0.7395839900027747	0.25842314019564877	8.19053373961152
Llama-3.1-8B-Instruct	metamath	44	base_model.model.model.layers.12.mlp.up_proj	0.8697319462531958	0.49751815549892	3.0559973802063483
Llama-3.1-8B-Instruct	metamath	44	base_model.model.model.layers.12.self_attn.k_proj	0.8921050583285253	0.64071760651735	1.9386467755212293
Llama-3.1-8B-Instruct	metamath	44	base_model.model.model.layers.12.self_attn.o_proj	0.888481459272187	0.7006185675751768	1.6081755444797912
Llama-3.1-8B-Instruct	metamath	44	base_model.model.model.layers.12.self_attn.q_proj	0.8870014855090582	0.5625397373586538	2.486235608110782
Llama-3.1-8B-Instruct	metamath	44	base_model.model.model.layers.12.self_attn.v_proj	0.801904039270494	0.4349591155613027	3.3989746715080202
Llama-3.1-8B-Instruct	metamath	44	base_model.model.model.layers.13.mlp.down_proj	0.7510515620116848	0.4053265345067914	3.4334397932579077
Llama-3.1-8B-Instruct	metamath	44	base_model.model.model.layers.13.mlp.gate_proj	0.74872114473267	0.26974664433696705	7.704209695852116
Llama-3.1-8B-Instruct	metamath	44	base_model.model.model.layers.13.mlp.up_proj	0.8413169358575676	0.45022620614212466	3.491867230869395
Llama-3.1-8B-Instruct	metamath	44	base_model.model.model.layers.13.self_attn.k_proj	0.8995733695254405	0.675253079913731	1.7747616399038437
Llama-3.1-8B-Instruct	metamath	44	base_model.model.model.layers.13.self_attn.o_proj	0.841704061865221	0.6061553629993914	1.9281949541839154
Llama-3.1-8B-Instruct	metamath	44	base_model.model.model.layers.13.self_attn.q_proj	0.7225262711763383	0.3003946261401627	5.785261138208843
Llama-3.1-8B-Instruct	metamath	44	base_model.model.model.layers.13.self_attn.v_proj	0.7862741105427636	0.5323501563552261	2.1814897667069477
Llama-3.1-8B-Instruct	metamath	44	base_model.model.model.layers.14.mlp.down_proj	0.7367885664015283	0.4056647337849676	3.298764005769879
Llama-3.1-8B-Instruct	metamath	44	base_model.model.model.layers.14.mlp.gate_proj	0.8486931070326831	0.404385870924185	4.4046297073475245
Llama-3.1-8B-Instruct	metamath	44	base_model.model.model.layers.14.mlp.up_proj	0.8297700007433193	0.43889216672190445	3.5743724121249576
Llama-3.1-8B-Instruct	metamath	44	base_model.model.model.layers.14.self_attn.k_proj	0.8798400088719165	0.6068319752972081	2.102182905403348
Llama-3.1-8B-Instruct	metamath	44	base_model.model.model.layers.14.self_attn.o_proj	0.8573300995358768	0.5871527026486079	2.13203345052943
Llama-3.1-8B-Instruct	metamath	44	base_model.model.model.layers.14.self_attn.q_proj	0.8743810244655478	0.5284489087271017	2.7377604003246243
Llama-3.1-8B-Instruct	metamath	44	base_model.model.model.layers.14.self_attn.v_proj	0.824587368377137	0.5674014163234582	2.111993242509083
Llama-3.1-8B-Instruct	metamath	44	base_model.model.model.layers.15.mlp.down_proj	0.746380268548036	0.41762521555827586	3.194087976522853
Llama-3.1-8B-Instruct	metamath	44	base_model.model.model.layers.15.mlp.gate_proj	0.804091910978858	0.3442130686497753	5.457034209363369
Llama-3.1-8B-Instruct	metamath	44	base_model.model.model.layers.15.mlp.up_proj	0.8663712335795152	0.5033530583129885	2.9625290953941623
Llama-3.1-8B-Instruct	metamath	44	base_model.model.model.layers.15.self_attn.k_proj	0.8794356977932618	0.5222220128654641	2.8359451833348874
Llama-3.1-8B-Instruct	metamath	44	base_model.model.model.layers.15.self_attn.o_proj	0.8782449919843132	0.6340135585706429	1.9188201612194866
Llama-3.1-8B-Instruct	metamath	44	base_model.model.model.layers.15.self_attn.q_proj	0.7617334145303283	0.3193976024885264	5.6877789580545715
Llama-3.1-8B-Instruct	metamath	44	base_model.model.model.layers.15.self_attn.v_proj	0.8468616609885251	0.5729362948152721	2.1848029507577853
Llama-3.1-8B-Instruct	metamath	44	base_model.model.model.layers.16.mlp.down_proj	0.7595403001872957	0.4897032136215312	2.4056682460949195
Llama-3.1-8B-Instruct	metamath	44	base_model.model.model.layers.16.mlp.gate_proj	0.7199264637699697	0.25262972959361113	8.120959819779339
Llama-3.1-8B-Instruct	metamath	44	base_model.model.model.layers.16.mlp.up_proj	0.8206785548284717	0.3980958465398442	4.249823337466644
Llama-3.1-8B-Instruct	metamath	44	base_model.model.model.layers.16.self_attn.k_proj	0.8630189161826015	0.5747878432603271	2.2543714792806324
Llama-3.1-8B-Instruct	metamath	44	base_model.model.model.layers.16.self_attn.o_proj	0.8503798902730024	0.531520751447771	2.55967904697744
Llama-3.1-8B-Instruct	metamath	44	base_model.model.model.layers.16.self_attn.q_proj	0.8463721674581849	0.5465170034203053	2.3983656192131866
Llama-3.1-8B-Instruct	metamath	44	base_model.model.model.layers.16.self_attn.v_proj	0.8191886104099657	0.48572521365580246	2.8443727870036652
Llama-3.1-8B-Instruct	metamath	44	base_model.model.model.layers.17.mlp.down_proj	0.7701594275299486	0.4170908277749894	3.4095729993754946
Llama-3.1-8B-Instruct	metamath	44	base_model.model.model.layers.17.mlp.gate_proj	0.6889881094439241	0.22722087369982097	9.194476411698163
Llama-3.1-8B-Instruct	metamath	44	base_model.model.model.layers.17.mlp.up_proj	0.8291977212969945	0.4244693108703484	3.816133923513495
Llama-3.1-8B-Instruct	metamath	44	base_model.model.model.layers.17.self_attn.k_proj	0.8314442614382692	0.39128846238204257	4.515150133225728
Llama-3.1-8B-Instruct	metamath	44	base_model.model.model.layers.17.self_attn.o_proj	0.8608209183386494	0.5910871315680665	2.120911832220885
Llama-3.1-8B-Instruct	metamath	44	base_model.model.model.layers.17.self_attn.q_proj	0.7735926144830978	0.32444183825305023	5.685267752008635
Llama-3.1-8B-Instruct	metamath	44	base_model.model.model.layers.17.self_attn.v_proj	0.7985398632435016	0.4782085657821223	2.788421996870902
Llama-3.1-8B-Instruct	metamath	44	base_model.model.model.layers.18.mlp.down_proj	0.7859540982931394	0.46288710055825244	2.882997123993987
Llama-3.1-8B-Instruct	metamath	44	base_model.model.model.layers.18.mlp.gate_proj	0.7312137171621601	0.2671074191375077	7.494052956006365
Llama-3.1-8B-Instruct	metamath	44	base_model.model.model.layers.18.mlp.up_proj	0.810892894799487	0.4015607354937302	4.077786728676221
Llama-3.1-8B-Instruct	metamath	44	base_model.model.model.layers.18.self_attn.k_proj	0.8060183502591111	0.37729015703328145	4.5639293004804
Llama-3.1-8B-Instruct	metamath	44	base_model.model.model.layers.18.self_attn.o_proj	0.8369360991812945	0.5226011007398749	2.564743635107168
Llama-3.1-8B-Instruct	metamath	44	base_model.model.model.layers.18.self_attn.q_proj	0.8518240514127039	0.43046106613106355	3.915904056701525
Llama-3.1-8B-Instruct	metamath	44	base_model.model.model.layers.18.self_attn.v_proj	0.8140320568859849	0.44574093635769835	3.335169985254689
Llama-3.1-8B-Instruct	metamath	44	base_model.model.model.layers.19.mlp.down_proj	0.7614585824550655	0.41937684537649805	3.2967322375756645
Llama-3.1-8B-Instruct	metamath	44	base_model.model.model.layers.19.mlp.gate_proj	0.6944660633327807	0.22727663297263503	9.336680164080297
Llama-3.1-8B-Instruct	metamath	44	base_model.model.model.layers.19.mlp.up_proj	0.8299307419598261	0.35315493544873217	5.522721506077006
Llama-3.1-8B-Instruct	metamath	44	base_model.model.model.layers.19.self_attn.k_proj	0.8875207576168243	0.6059736836277778	2.145109719472533
Llama-3.1-8B-Instruct	metamath	44	base_model.model.model.layers.19.self_attn.o_proj	0.8840034504523546	0.6315801751698092	1.9590744542081229
Llama-3.1-8B-Instruct	metamath	44	base_model.model.model.layers.19.self_attn.q_proj	0.7635346791054677	0.29474567939869767	6.710619879363283
Llama-3.1-8B-Instruct	metamath	44	base_model.model.model.layers.19.self_attn.v_proj	0.7537592173180836	0.4401874466517617	2.9321755338763795
Llama-3.1-8B-Instruct	metamath	44	base_model.model.model.layers.2.mlp.down_proj	0.8478689859072295	0.5830966134897245	2.1143479589515812
Llama-3.1-8B-Instruct	metamath	44	base_model.model.model.layers.2.mlp.gate_proj	0.8321156897333168	0.3495867542658137	5.665750993868906
Llama-3.1-8B-Instruct	metamath	44	base_model.model.model.layers.2.mlp.up_proj	0.8643167354601629	0.4272984687749137	4.091505801315486
Llama-3.1-8B-Instruct	metamath	44	base_model.model.model.layers.2.self_attn.k_proj	0.8211814061818032	0.45766405966388585	3.219471590261188
Llama-3.1-8B-Instruct	metamath	44	base_model.model.model.layers.2.self_attn.o_proj	0.7938039873980139	0.551467330855384	2.071986744486593
Llama-3.1-8B-Instruct	metamath	44	base_model.model.model.layers.2.self_attn.q_proj	0.88152292227404	0.4976741116715574	3.137452212496415
Llama-3.1-8B-Instruct	metamath	44	base_model.model.model.layers.2.self_attn.v_proj	0.7372263127789637	0.3860697566579912	3.6464485586989297
Llama-3.1-8B-Instruct	metamath	44	base_model.model.model.layers.20.mlp.down_proj	0.7551065125407439	0.43602300533228394	2.9991461097261363
Llama-3.1-8B-Instruct	metamath	44	base_model.model.model.layers.20.mlp.gate_proj	0.730631000054615	0.2547792243686924	8.223717209446617
Llama-3.1-8B-Instruct	metamath	44	base_model.model.model.layers.20.mlp.up_proj	0.7966784355792669	0.33095108544908775	5.794800702815652
Llama-3.1-8B-Instruct	metamath	44	base_model.model.model.layers.20.self_attn.k_proj	0.8750383033179105	0.6278165343755696	1.942623461134734
Llama-3.1-8B-Instruct	metamath	44	base_model.model.model.layers.20.self_attn.o_proj	0.8692936693824541	0.5797789212120414	2.248061510882501
Llama-3.1-8B-Instruct	metamath	44	base_model.model.model.layers.20.self_attn.q_proj	0.7502071071709894	0.29708703775387113	6.376684669707475
Llama-3.1-8B-Instruct	metamath	44	base_model.model.model.layers.20.self_attn.v_proj	0.798480280075303	0.4101473905087659	3.790080935921976
Llama-3.1-8B-Instruct	metamath	44	base_model.model.model.layers.21.mlp.down_proj	0.7995988256048225	0.47807579082518176	2.79737565478797
Llama-3.1-8B-Instruct	metamath	44	base_model.model.model.layers.21.mlp.gate_proj	0.8040765590448802	0.3141704707422795	6.550343536470773
Llama-3.1-8B-Instruct	metamath	44	base_model.model.model.layers.21.mlp.up_proj	0.8639532081749063	0.4475042157399918	3.7272299001189633
Llama-3.1-8B-Instruct	metamath	44	base_model.model.model.layers.21.self_attn.k_proj	0.860029104229521	0.5812513679865191	2.189264933661571
Llama-3.1-8B-Instruct	metamath	44	base_model.model.model.layers.21.self_attn.o_proj	0.8667309838192871	0.5407079347468752	2.569467674501155
Llama-3.1-8B-Instruct	metamath	44	base_model.model.model.layers.21.self_attn.q_proj	0.8293322917327495	0.43118576876155573	3.6993746356786867
Llama-3.1-8B-Instruct	metamath	44	base_model.model.model.layers.21.self_attn.v_proj	0.8069778814251901	0.47483005859431804	2.8883302925596284
Llama-3.1-8B-Instruct	metamath	44	base_model.model.model.layers.22.mlp.down_proj	0.8137375502488724	0.5007443564080764	2.6408065449139984
Llama-3.1-8B-Instruct	metamath	44	base_model.model.model.layers.22.mlp.gate_proj	0.7098632795203369	0.23678317140252833	8.987683205599575
Llama-3.1-8B-Instruct	metamath	44	base_model.model.model.layers.22.mlp.up_proj	0.8427683090768731	0.38893289563022243	4.695339921029125
Llama-3.1-8B-Instruct	metamath	44	base_model.model.model.layers.22.self_attn.k_proj	0.8772832301530472	0.569365470845647	2.3740912291410536
Llama-3.1-8B-Instruct	metamath	44	base_model.model.model.layers.22.self_attn.o_proj	0.8482250755474886	0.5416001224821052	2.4528145085400843
Llama-3.1-8B-Instruct	metamath	44	base_model.model.model.layers.22.self_attn.q_proj	0.811687866102603	0.3502568049473685	5.370379100919101
Llama-3.1-8B-Instruct	metamath	44	base_model.model.model.layers.22.self_attn.v_proj	0.812320095499742	0.3958445576979831	4.211191950556341
Llama-3.1-8B-Instruct	metamath	44	base_model.model.model.layers.23.mlp.down_proj	0.8182979326523544	0.535177110495551	2.337910315314644
Llama-3.1-8B-Instruct	metamath	44	base_model.model.model.layers.23.mlp.gate_proj	0.7845815670791599	0.29082175960909146	7.278173523114825
Llama-3.1-8B-Instruct	metamath	44	base_model.model.model.layers.23.mlp.up_proj	0.7581629730922499	0.27614134818266295	7.53810633886286
Llama-3.1-8B-Instruct	metamath	44	base_model.model.model.layers.23.self_attn.k_proj	0.8175531023848186	0.403218137166474	4.111041150924159
Llama-3.1-8B-Instruct	metamath	44	base_model.model.model.layers.23.self_attn.o_proj	0.8015937481140956	0.40192161349877814	3.9776440845023515
Llama-3.1-8B-Instruct	metamath	44	base_model.model.model.layers.23.self_attn.q_proj	0.8416997628349697	0.4319836728151302	3.7964680069714243
Llama-3.1-8B-Instruct	metamath	44	base_model.model.model.layers.23.self_attn.v_proj	0.7809242813428577	0.4878273153006653	2.562628337629175
Llama-3.1-8B-Instruct	metamath	44	base_model.model.model.layers.24.mlp.down_proj	0.7802534772793822	0.44376600274402744	3.091458141952476
Llama-3.1-8B-Instruct	metamath	44	base_model.model.model.layers.24.mlp.gate_proj	0.7628081789333501	0.2718891691183209	7.871307282876674
Llama-3.1-8B-Instruct	metamath	44	base_model.model.model.layers.24.mlp.up_proj	0.8962319805571829	0.4898243205122668	3.347805237585082
Llama-3.1-8B-Instruct	metamath	44	base_model.model.model.layers.24.self_attn.k_proj	0.8559559596346213	0.4750199318714576	3.246976714183712
Llama-3.1-8B-Instruct	metamath	44	base_model.model.model.layers.24.self_attn.o_proj	0.8637324378739767	0.577331667917924	2.238245395520481
Llama-3.1-8B-Instruct	metamath	44	base_model.model.model.layers.24.self_attn.q_proj	0.8105035589378343	0.3430415804254983	5.582340502336289
Llama-3.1-8B-Instruct	metamath	44	base_model.model.model.layers.24.self_attn.v_proj	0.8108202524905483	0.4417750675524433	3.3685792708717064
Llama-3.1-8B-Instruct	metamath	44	base_model.model.model.layers.25.mlp.down_proj	0.8290050212385818	0.5501375432632759	2.2707627152224092
Llama-3.1-8B-Instruct	metamath	44	base_model.model.model.layers.25.mlp.gate_proj	0.7645932049733583	0.2757501560303823	7.688282529670215
Llama-3.1-8B-Instruct	metamath	44	base_model.model.model.layers.25.mlp.up_proj	0.8486432742420087	0.42466907100400014	3.9934576490934237
Llama-3.1-8B-Instruct	metamath	44	base_model.model.model.layers.25.self_attn.k_proj	0.8520476592892067	0.5530508394236318	2.3735460593447972
Llama-3.1-8B-Instruct	metamath	44	base_model.model.model.layers.25.self_attn.o_proj	0.9080263959673138	0.6906299130999133	1.728646443914064
Llama-3.1-8B-Instruct	metamath	44	base_model.model.model.layers.25.self_attn.q_proj	0.8098586511130925	0.36344579908244	4.965227416851717
Llama-3.1-8B-Instruct	metamath	44	base_model.model.model.layers.25.self_attn.v_proj	0.7009079783319392	0.2577082982453071	7.397163206187678
Llama-3.1-8B-Instruct	metamath	44	base_model.model.model.layers.26.mlp.down_proj	0.7747162216892278	0.4837824863411739	2.564395552586405
Llama-3.1-8B-Instruct	metamath	44	base_model.model.model.layers.26.mlp.gate_proj	0.6963897736107671	0.22142690713933366	9.891086093103512
Llama-3.1-8B-Instruct	metamath	44	base_model.model.model.layers.26.mlp.up_proj	0.7845085691733521	0.3087818630953166	6.454934161140534
Llama-3.1-8B-Instruct	metamath	44	base_model.model.model.layers.26.self_attn.k_proj	0.8371965195542832	0.41903881574703433	3.9915936306739437
Llama-3.1-8B-Instruct	metamath	44	base_model.model.model.layers.26.self_attn.o_proj	0.8453555737925085	0.4586076995989022	3.397787053809593
Llama-3.1-8B-Instruct	metamath	44	base_model.model.model.layers.26.self_attn.q_proj	0.8569064106191207	0.4304941957308753	3.962161585779823
Llama-3.1-8B-Instruct	metamath	44	base_model.model.model.layers.26.self_attn.v_proj	0.8138726302497191	0.4649067181642442	3.0646525455837508
Llama-3.1-8B-Instruct	metamath	44	base_model.model.model.layers.27.mlp.down_proj	0.7962139942274515	0.4584424067870781	3.01640773071411
Llama-3.1-8B-Instruct	metamath	44	base_model.model.model.layers.27.mlp.gate_proj	0.7235215829352691	0.239140018885054	9.153737692858757
Llama-3.1-8B-Instruct	metamath	44	base_model.model.model.layers.27.mlp.up_proj	0.8315186538427771	0.3788731758489898	4.81677406688365
Llama-3.1-8B-Instruct	metamath	44	base_model.model.model.layers.27.self_attn.k_proj	0.9171530791503947	0.8190070147416108	1.2540314083979558
Llama-3.1-8B-Instruct	metamath	44	base_model.model.model.layers.27.self_attn.o_proj	0.8791765848111183	0.6049521796540984	2.112078882221052
Llama-3.1-8B-Instruct	metamath	44	base_model.model.model.layers.27.self_attn.q_proj	0.8226320990765859	0.36014805476248135	5.217340205086818
Llama-3.1-8B-Instruct	metamath	44	base_model.model.model.layers.27.self_attn.v_proj	0.7467026018871498	0.3191142579745137	5.475236859919793
Llama-3.1-8B-Instruct	metamath	44	base_model.model.model.layers.28.mlp.down_proj	0.758409128212994	0.4879046316113072	2.4162241535855107
Llama-3.1-8B-Instruct	metamath	44	base_model.model.model.layers.28.mlp.gate_proj	0.7297872156080079	0.24719153396658758	8.716162473917063
Llama-3.1-8B-Instruct	metamath	44	base_model.model.model.layers.28.mlp.up_proj	0.810278234413235	0.3357501841618502	5.824193926126776
Llama-3.1-8B-Instruct	metamath	44	base_model.model.model.layers.28.self_attn.k_proj	0.899523395876686	0.6725276601082781	1.7889764560376447
Llama-3.1-8B-Instruct	metamath	44	base_model.model.model.layers.28.self_attn.o_proj	0.8411329709778763	0.6022666206362337	1.9505259198407054
Llama-3.1-8B-Instruct	metamath	44	base_model.model.model.layers.28.self_attn.q_proj	0.8322132298494386	0.44962713540495525	3.425817348396816
Llama-3.1-8B-Instruct	metamath	44	base_model.model.model.layers.28.self_attn.v_proj	0.8591504662361341	0.4986569306085174	2.968484196963834
Llama-3.1-8B-Instruct	metamath	44	base_model.model.model.layers.29.mlp.down_proj	0.6864658403113428	0.473411605233733	2.102616468751524
Llama-3.1-8B-Instruct	metamath	44	base_model.model.model.layers.29.mlp.gate_proj	0.725999913777855	0.23398137962601234	9.627433854764748
Llama-3.1-8B-Instruct	metamath	44	base_model.model.model.layers.29.mlp.up_proj	0.7626635792857093	0.28481165472097997	7.170517509157411
Llama-3.1-8B-Instruct	metamath	44	base_model.model.model.layers.29.self_attn.k_proj	0.8190046460406097	0.5412234355035717	2.289915957003084
Llama-3.1-8B-Instruct	metamath	44	base_model.model.model.layers.29.self_attn.o_proj	0.819700391546347	0.49805369041616465	2.7086816163076413
Llama-3.1-8B-Instruct	metamath	44	base_model.model.model.layers.29.self_attn.q_proj	0.9303069448378977	0.8241139836732798	1.274318415666094
Llama-3.1-8B-Instruct	metamath	44	base_model.model.model.layers.29.self_attn.v_proj	0.7938277751579295	0.5510734261901032	2.075074256733309
Llama-3.1-8B-Instruct	metamath	44	base_model.model.model.layers.3.mlp.down_proj	0.8236254886447918	0.5712120225514887	2.0790497277519138
Llama-3.1-8B-Instruct	metamath	44	base_model.model.model.layers.3.mlp.gate_proj	0.7190747568088242	0.22935563814850543	9.82945060959208
Llama-3.1-8B-Instruct	metamath	44	base_model.model.model.layers.3.mlp.up_proj	0.8277281749196528	0.35860084593743624	5.327860648394604
Llama-3.1-8B-Instruct	metamath	44	base_model.model.model.layers.3.self_attn.k_proj	0.8491696518017833	0.6147013200532007	1.9083614624519407
Llama-3.1-8B-Instruct	metamath	44	base_model.model.model.layers.3.self_attn.o_proj	0.8219091521296892	0.5099296465374081	2.597927989965654
Llama-3.1-8B-Instruct	metamath	44	base_model.model.model.layers.3.self_attn.q_proj	0.8633771388218701	0.5503762066612234	2.460830996498922
Llama-3.1-8B-Instruct	metamath	44	base_model.model.model.layers.3.self_attn.v_proj	0.669382511233267	0.30162944002142583	4.92494366735885
Llama-3.1-8B-Instruct	metamath	44	base_model.model.model.layers.30.mlp.down_proj	0.73770047455809	0.46386620193353584	2.5291504526569555
Llama-3.1-8B-Instruct	metamath	44	base_model.model.model.layers.30.mlp.gate_proj	0.6930353614875537	0.21666687685837074	10.23118041055511
Llama-3.1-8B-Instruct	metamath	44	base_model.model.model.layers.30.mlp.up_proj	0.8447918462749601	0.36915355808325384	5.237032988500426
Llama-3.1-8B-Instruct	metamath	44	base_model.model.model.layers.30.self_attn.k_proj	0.8820332367104842	0.5564848452932296	2.5122520977358285
Llama-3.1-8B-Instruct	metamath	44	base_model.model.model.layers.30.self_attn.o_proj	0.8212548119361799	0.43405310120779816	3.5798936700596227
Llama-3.1-8B-Instruct	metamath	44	base_model.model.model.layers.30.self_attn.q_proj	0.7263015036855301	0.28504503652224084	6.492424687435129
Llama-3.1-8B-Instruct	metamath	44	base_model.model.model.layers.30.self_attn.v_proj	0.8069457915794805	0.4459413793914584	3.2744108914075207
Llama-3.1-8B-Instruct	metamath	44	base_model.model.model.layers.31.mlp.down_proj	0.8310522530084761	0.6158187922060095	1.8211712564161722
Llama-3.1-8B-Instruct	metamath	44	base_model.model.model.layers.31.mlp.gate_proj	0.8100364560457258	0.31743707140654204	6.511691877335702
Llama-3.1-8B-Instruct	metamath	44	base_model.model.model.layers.31.mlp.up_proj	0.9000246126896989	0.5116384948491812	3.094441999550419
Llama-3.1-8B-Instruct	metamath	44	base_model.model.model.layers.31.self_attn.k_proj	0.872442284675167	0.5184474689893265	2.831808594369832
Llama-3.1-8B-Instruct	metamath	44	base_model.model.model.layers.31.self_attn.o_proj	0.7917577763990851	0.5013980055408234	2.4935579806272807
Llama-3.1-8B-Instruct	metamath	44	base_model.model.model.layers.31.self_attn.q_proj	0.8422447176424406	0.40747127912728665	4.272505067305394
Llama-3.1-8B-Instruct	metamath	44	base_model.model.model.layers.31.self_attn.v_proj	0.8587666940033338	0.5618814839679784	2.3359360211835467
Llama-3.1-8B-Instruct	metamath	44	base_model.model.model.layers.4.mlp.down_proj	0.8247930822987003	0.5268663280281382	2.4506942514628007
Llama-3.1-8B-Instruct	metamath	44	base_model.model.model.layers.4.mlp.gate_proj	0.7590380342834512	0.2734637383525845	7.70420062379419
Llama-3.1-8B-Instruct	metamath	44	base_model.model.model.layers.4.mlp.up_proj	0.8897218256063788	0.5573099991877921	2.548677108345899
Llama-3.1-8B-Instruct	metamath	44	base_model.model.model.layers.4.self_attn.k_proj	0.7285412007924393	0.29009833197799473	6.306926518248787
Llama-3.1-8B-Instruct	metamath	44	base_model.model.model.layers.4.self_attn.o_proj	0.8402498378642471	0.5468884886954424	2.3605831915806204
Llama-3.1-8B-Instruct	metamath	44	base_model.model.model.layers.4.self_attn.q_proj	0.8600226119070756	0.516934042466135	2.767894120514527
Llama-3.1-8B-Instruct	metamath	44	base_model.model.model.layers.4.self_attn.v_proj	0.6420095845986005	0.2920997324206849	4.830818326262112
Llama-3.1-8B-Instruct	metamath	44	base_model.model.model.layers.5.mlp.down_proj	0.7908992613794056	0.47868786086567977	2.7298420003256387
Llama-3.1-8B-Instruct	metamath	44	base_model.model.model.layers.5.mlp.gate_proj	0.7932327282984241	0.3204214703229821	6.1285542012152945
Llama-3.1-8B-Instruct	metamath	44	base_model.model.model.layers.5.mlp.up_proj	0.8430467206823995	0.4375662018130789	3.712066505891048
Llama-3.1-8B-Instruct	metamath	44	base_model.model.model.layers.5.self_attn.k_proj	0.8596740156706885	0.5577907564775952	2.3753355800277633
Llama-3.1-8B-Instruct	metamath	44	base_model.model.model.layers.5.self_attn.o_proj	0.8342672445601861	0.48914229185362634	2.9089747841011255
Llama-3.1-8B-Instruct	metamath	44	base_model.model.model.layers.5.self_attn.q_proj	0.8685163584371227	0.4901821891920525	3.139358777900587
Llama-3.1-8B-Instruct	metamath	44	base_model.model.model.layers.5.self_attn.v_proj	0.772481559750985	0.41223380831490897	3.5114705387187617
Llama-3.1-8B-Instruct	metamath	44	base_model.model.model.layers.6.mlp.down_proj	0.7305161655645656	0.4426729144785289	2.7232891884270054
Llama-3.1-8B-Instruct	metamath	44	base_model.model.model.layers.6.mlp.gate_proj	0.8081086591845035	0.32952558663440246	6.013969720136276
Llama-3.1-8B-Instruct	metamath	44	base_model.model.model.layers.6.mlp.up_proj	0.8401914792431542	0.4962859736410486	2.8661079487704164
Llama-3.1-8B-Instruct	metamath	44	base_model.model.model.layers.6.self_attn.k_proj	0.7944830361864533	0.38264605219257636	4.310967841128939
Llama-3.1-8B-Instruct	metamath	44	base_model.model.model.layers.6.self_attn.o_proj	0.8317924409530677	0.5725217042933345	2.1107948592634243
Llama-3.1-8B-Instruct	metamath	44	base_model.model.model.layers.6.self_attn.q_proj	0.8484942140302351	0.4880797511864585	3.0221512041471406
Llama-3.1-8B-Instruct	metamath	44	base_model.model.model.layers.6.self_attn.v_proj	0.7646296003040695	0.39155121786656855	3.8135114488076374
Llama-3.1-8B-Instruct	metamath	44	base_model.model.model.layers.7.mlp.down_proj	0.7460944919034819	0.43281614359753356	2.971534420982813
Llama-3.1-8B-Instruct	metamath	44	base_model.model.model.layers.7.mlp.gate_proj	0.7822112777396508	0.3177316659758752	6.060760835570073
Llama-3.1-8B-Instruct	metamath	44	base_model.model.model.layers.7.mlp.up_proj	0.8643945940177937	0.5406991343246632	2.555716846502658
Llama-3.1-8B-Instruct	metamath	44	base_model.model.model.layers.7.self_attn.k_proj	0.8501261806499832	0.5366847543476819	2.50915947762279
Llama-3.1-8B-Instruct	metamath	44	base_model.model.model.layers.7.self_attn.o_proj	0.8247541448386431	0.5771150475665356	2.0423220078038087
Llama-3.1-8B-Instruct	metamath	44	base_model.model.model.layers.7.self_attn.q_proj	0.8586360096882222	0.6089363934367562	1.988265307626586
Llama-3.1-8B-Instruct	metamath	44	base_model.model.model.layers.7.self_attn.v_proj	0.7031998101405031	0.2939448679106813	5.723026085760649
Llama-3.1-8B-Instruct	metamath	44	base_model.model.model.layers.8.mlp.down_proj	0.7768720461577734	0.5174223118324037	2.254284294352257
Llama-3.1-8B-Instruct	metamath	44	base_model.model.model.layers.8.mlp.gate_proj	0.7364767658381677	0.2588461726234986	8.095330897287166
Llama-3.1-8B-Instruct	metamath	44	base_model.model.model.layers.8.mlp.up_proj	0.8484941177953124	0.450104091431923	3.5536262596953585
Llama-3.1-8B-Instruct	metamath	44	base_model.model.model.layers.8.self_attn.k_proj	0.8296445032323315	0.4848142210116269	2.9284201017278377
Llama-3.1-8B-Instruct	metamath	44	base_model.model.model.layers.8.self_attn.o_proj	0.8191261678824758	0.4767165714967532	2.9524401476972217
Llama-3.1-8B-Instruct	metamath	44	base_model.model.model.layers.8.self_attn.q_proj	0.8259304840232411	0.41739685049100694	3.915512870454127
Llama-3.1-8B-Instruct	metamath	44	base_model.model.model.layers.8.self_attn.v_proj	0.8069368984069638	0.47023182618682674	2.9447952916421714
Llama-3.1-8B-Instruct	metamath	44	base_model.model.model.layers.9.mlp.down_proj	0.7965537772767118	0.4564429370332733	3.0454902983137795
Llama-3.1-8B-Instruct	metamath	44	base_model.model.model.layers.9.mlp.gate_proj	0.7848198154045699	0.31935042098650046	6.039554900754011
Llama-3.1-8B-Instruct	metamath	44	base_model.model.model.layers.9.mlp.up_proj	0.8531111515559564	0.4744681608688424	3.2329358633777456
Llama-3.1-8B-Instruct	metamath	44	base_model.model.model.layers.9.self_attn.k_proj	0.8130876190022611	0.39147664806820115	4.313829478640272
Llama-3.1-8B-Instruct	metamath	44	base_model.model.model.layers.9.self_attn.o_proj	0.7978791449779428	0.4560898283461374	3.0603666007853247
Llama-3.1-8B-Instruct	metamath	44	base_model.model.model.layers.9.self_attn.q_proj	0.8410289560787421	0.46364474127956945	3.290419122343194
Llama-3.1-8B-Instruct	metamath	44	base_model.model.model.layers.9.self_attn.v_proj	0.7615038446384244	0.4624681482200102	2.7113185610354456
Llama-3.1-8B-Instruct	tulu	44	base_model.model.model.layers.0.mlp.down_proj	0.8493029118821456	0.7041120854409849	1.4549284252946815
Llama-3.1-8B-Instruct	tulu	44	base_model.model.model.layers.0.mlp.gate_proj	0.960910610294718	0.6890901037401942	1.944526884186542
Llama-3.1-8B-Instruct	tulu	44	base_model.model.model.layers.0.mlp.up_proj	0.9711944140817477	0.7853875929177572	1.5291295435405743
Llama-3.1-8B-Instruct	tulu	44	base_model.model.model.layers.0.self_attn.k_proj	0.8415677268081334	0.6527174457501794	1.6623700413940907
Llama-3.1-8B-Instruct	tulu	44	base_model.model.model.layers.0.self_attn.o_proj	0.899877866777076	0.6122619217258927	2.1601934239329563
Llama-3.1-8B-Instruct	tulu	44	base_model.model.model.layers.0.self_attn.q_proj	0.8829231605725656	0.5231823496955553	2.847997806419223
Llama-3.1-8B-Instruct	tulu	44	base_model.model.model.layers.0.self_attn.v_proj	0.8623904957710505	0.7183441179944506	1.4412616912178142
Llama-3.1-8B-Instruct	tulu	44	base_model.model.model.layers.1.mlp.down_proj	0.6031793408000998	0.3928410546891956	2.3575405962225315
Llama-3.1-8B-Instruct	tulu	44	base_model.model.model.layers.1.mlp.gate_proj	0.9329459779491063	0.5618967414885586	2.756766396582203
Llama-3.1-8B-Instruct	tulu	44	base_model.model.model.layers.1.mlp.up_proj	0.9720550428050586	0.7451430423736063	1.7017760759416558
Llama-3.1-8B-Instruct	tulu	44	base_model.model.model.layers.1.self_attn.k_proj	0.89333290903945	0.7601435748834571	1.3811327008888177
Llama-3.1-8B-Instruct	tulu	44	base_model.model.model.layers.1.self_attn.o_proj	0.8976406558738809	0.6242928693736379	2.0674179365748646
Llama-3.1-8B-Instruct	tulu	44	base_model.model.model.layers.1.self_attn.q_proj	0.9200082895089108	0.7079613004609623	1.6887464311961418
Llama-3.1-8B-Instruct	tulu	44	base_model.model.model.layers.1.self_attn.v_proj	0.9241323735183063	0.8358441661277013	1.2224123744015023
Llama-3.1-8B-Instruct	tulu	44	base_model.model.model.layers.10.mlp.down_proj	0.867582988503657	0.6883908017311406	1.5883709600229146
Llama-3.1-8B-Instruct	tulu	44	base_model.model.model.layers.10.mlp.gate_proj	0.8447449231241763	0.4256599825769245	3.9384518007572042
Llama-3.1-8B-Instruct	tulu	44	base_model.model.model.layers.10.mlp.up_proj	0.9461110101132613	0.7979539958907834	1.405816011033756
Llama-3.1-8B-Instruct	tulu	44	base_model.model.model.layers.10.self_attn.k_proj	0.9313693384010213	0.8235327282598078	1.2790341679129018
Llama-3.1-8B-Instruct	tulu	44	base_model.model.model.layers.10.self_attn.o_proj	0.9457601188399889	0.8442540248286545	1.2549190547169775
Llama-3.1-8B-Instruct	tulu	44	base_model.model.model.layers.10.self_attn.q_proj	0.9261666333490093	0.7586998424247018	1.4901784335541979
Llama-3.1-8B-Instruct	tulu	44	base_model.model.model.layers.10.self_attn.v_proj	0.8923211497841235	0.7617156765731043	1.372323770711054
Llama-3.1-8B-Instruct	tulu	44	base_model.model.model.layers.11.mlp.down_proj	0.8532870476280643	0.6931575410659148	1.515396925791815
Llama-3.1-8B-Instruct	tulu	44	base_model.model.model.layers.11.mlp.gate_proj	0.8469396547505915	0.45490343099719144	3.4663028982529696
Llama-3.1-8B-Instruct	tulu	44	base_model.model.model.layers.11.mlp.up_proj	0.9199394100003407	0.744711248337452	1.5259581442968704
Llama-3.1-8B-Instruct	tulu	44	base_model.model.model.layers.11.self_attn.k_proj	0.8764022828874148	0.6376892382835292	1.888812397445581
Llama-3.1-8B-Instruct	tulu	44	base_model.model.model.layers.11.self_attn.o_proj	0.9368951411784864	0.8283936151882783	1.2791117472577431
Llama-3.1-8B-Instruct	tulu	44	base_model.model.model.layers.11.self_attn.q_proj	0.9374908111609467	0.7966182183207419	1.384948329283274
Llama-3.1-8B-Instruct	tulu	44	base_model.model.model.layers.11.self_attn.v_proj	0.9070893304475935	0.7784522637476031	1.357801066392852
Llama-3.1-8B-Instruct	tulu	44	base_model.model.model.layers.12.mlp.down_proj	0.8641403193440451	0.7039869325042861	1.5067435552617099
Llama-3.1-8B-Instruct	tulu	44	base_model.model.model.layers.12.mlp.gate_proj	0.894241958541782	0.5706440803388396	2.455723431396254
Llama-3.1-8B-Instruct	tulu	44	base_model.model.model.layers.12.mlp.up_proj	0.9563146319637839	0.8363678016724864	1.3073955162879145
Llama-3.1-8B-Instruct	tulu	44	base_model.model.model.layers.12.self_attn.k_proj	0.8752668572207895	0.6922765362652835	1.5985335052660348
Llama-3.1-8B-Instruct	tulu	44	base_model.model.model.layers.12.self_attn.o_proj	0.9320189337159621	0.7792950962676052	1.4303607462440808
Llama-3.1-8B-Instruct	tulu	44	base_model.model.model.layers.12.self_attn.q_proj	0.89149156390165	0.6542607968145092	1.8566612747392368
Llama-3.1-8B-Instruct	tulu	44	base_model.model.model.layers.12.self_attn.v_proj	0.9165774558416296	0.7717600358868949	1.4105022095899136
Llama-3.1-8B-Instruct	tulu	44	base_model.model.model.layers.13.mlp.down_proj	0.9115234168663711	0.7963615315686271	1.3101321792078822
Llama-3.1-8B-Instruct	tulu	44	base_model.model.model.layers.13.mlp.gate_proj	0.7669818967525844	0.3624727106491505	4.477335055966602
Llama-3.1-8B-Instruct	tulu	44	base_model.model.model.layers.13.mlp.up_proj	0.9363335973384079	0.7515312932223096	1.5522693269382708
Llama-3.1-8B-Instruct	tulu	44	base_model.model.model.layers.13.self_attn.k_proj	0.9457873572828719	0.7978000184176379	1.4053966845392085
Llama-3.1-8B-Instruct	tulu	44	base_model.model.model.layers.13.self_attn.o_proj	0.9471930128344527	0.802904947047869	1.3917098590652217
Llama-3.1-8B-Instruct	tulu	44	base_model.model.model.layers.13.self_attn.q_proj	0.9180008567329143	0.7153337004747005	1.6469059606812153
Llama-3.1-8B-Instruct	tulu	44	base_model.model.model.layers.13.self_attn.v_proj	0.9337955025485919	0.8354095887104672	1.2494090412219176
Llama-3.1-8B-Instruct	tulu	44	base_model.model.model.layers.14.mlp.down_proj	0.9239760321803722	0.8338116698263591	1.2279635435332423
Llama-3.1-8B-Instruct	tulu	44	base_model.model.model.layers.14.mlp.gate_proj	0.8214064138310496	0.40039377769347834	4.208637687342438
Llama-3.1-8B-Instruct	tulu	44	base_model.model.model.layers.14.mlp.up_proj	0.9643231079237564	0.8459626499518313	1.2993997226465404
Llama-3.1-8B-Instruct	tulu	44	base_model.model.model.layers.14.self_attn.k_proj	0.8938266818792034	0.6813571269131546	1.720905504171895
Llama-3.1-8B-Instruct	tulu	44	base_model.model.model.layers.14.self_attn.o_proj	0.9636339260481049	0.8818631018451908	1.1940480943528664
Llama-3.1-8B-Instruct	tulu	44	base_model.model.model.layers.14.self_attn.q_proj	0.9181491206750135	0.7192549714556198	1.6295237719577793
Llama-3.1-8B-Instruct	tulu	44	base_model.model.model.layers.14.self_attn.v_proj	0.9380773401286688	0.8324770148609064	1.2697925899669193
Llama-3.1-8B-Instruct	tulu	44	base_model.model.model.layers.15.mlp.down_proj	0.9399840961650849	0.8543495044788154	1.2105141424833497
Llama-3.1-8B-Instruct	tulu	44	base_model.model.model.layers.15.mlp.gate_proj	0.7600772887822635	0.3411769936386551	4.9631344000311035
Llama-3.1-8B-Instruct	tulu	44	base_model.model.model.layers.15.mlp.up_proj	0.9373009638049297	0.7312707498446277	1.6428644137434458
Llama-3.1-8B-Instruct	tulu	44	base_model.model.model.layers.15.self_attn.k_proj	0.9186317993831721	0.7542055518276628	1.4835544814467025
Llama-3.1-8B-Instruct	tulu	44	base_model.model.model.layers.15.self_attn.o_proj	0.9750096282019078	0.9159867076842056	1.1330249301218895
Llama-3.1-8B-Instruct	tulu	44	base_model.model.model.layers.15.self_attn.q_proj	0.8942222472921008	0.6448916657273179	1.9227260580083065
Llama-3.1-8B-Instruct	tulu	44	base_model.model.model.layers.15.self_attn.v_proj	0.9285943660925536	0.803766610489845	1.3347261420708016
Llama-3.1-8B-Instruct	tulu	44	base_model.model.model.layers.16.mlp.down_proj	0.9310435230938414	0.8380022381209778	1.2343820831642338
Llama-3.1-8B-Instruct	tulu	44	base_model.model.model.layers.16.mlp.gate_proj	0.7260765228997216	0.31915016980458294	5.175765950294144
Llama-3.1-8B-Instruct	tulu	44	base_model.model.model.layers.16.mlp.up_proj	0.9078680927928111	0.6449704920848324	1.9813710558079252
Llama-3.1-8B-Instruct	tulu	44	base_model.model.model.layers.16.self_attn.k_proj	0.8517308221547096	0.524023070866845	2.6418241844438293
Llama-3.1-8B-Instruct	tulu	44	base_model.model.model.layers.16.self_attn.o_proj	0.9604870308093015	0.836750489608221	1.317622674545925
Llama-3.1-8B-Instruct	tulu	44	base_model.model.model.layers.16.self_attn.q_proj	0.9027318512465761	0.6476034763625557	1.9431180643276047
Llama-3.1-8B-Instruct	tulu	44	base_model.model.model.layers.16.self_attn.v_proj	0.9282949007773981	0.8413323032958259	1.2174098222063015
Llama-3.1-8B-Instruct	tulu	44	base_model.model.model.layers.17.mlp.down_proj	0.9356127940665679	0.8866792135809445	1.1134205920526963
Llama-3.1-8B-Instruct	tulu	44	base_model.model.model.layers.17.mlp.gate_proj	0.7793959876731512	0.37433052859897836	4.335167042697316
Llama-3.1-8B-Instruct	tulu	44	base_model.model.model.layers.17.mlp.up_proj	0.9351151005540469	0.715043332061388	1.7102729155890188
Llama-3.1-8B-Instruct	tulu	44	base_model.model.model.layers.17.self_attn.k_proj	0.8824836917727992	0.5560800902778853	2.5184810348506725
Llama-3.1-8B-Instruct	tulu	44	base_model.model.model.layers.17.self_attn.o_proj	0.9660848340442078	0.874574332602817	1.2202170083554922
Llama-3.1-8B-Instruct	tulu	44	base_model.model.model.layers.17.self_attn.q_proj	0.8152876185904421	0.4105390813713711	3.94378001126573
Llama-3.1-8B-Instruct	tulu	44	base_model.model.model.layers.17.self_attn.v_proj	0.9090672839163583	0.8104288575469212	1.2582364524801568
Llama-3.1-8B-Instruct	tulu	44	base_model.model.model.layers.18.mlp.down_proj	0.9359184774660145	0.8665435097675458	1.1665283430073337
Llama-3.1-8B-Instruct	tulu	44	base_model.model.model.layers.18.mlp.gate_proj	0.7695295553417667	0.3567840949587203	4.651999264161588
Llama-3.1-8B-Instruct	tulu	44	base_model.model.model.layers.18.mlp.up_proj	0.949615062968428	0.7504106522048701	1.6013903574115582
Llama-3.1-8B-Instruct	tulu	44	base_model.model.model.layers.18.self_attn.k_proj	0.8785105878872085	0.6365367338320126	1.9047898022402003
Llama-3.1-8B-Instruct	tulu	44	base_model.model.model.layers.18.self_attn.o_proj	0.9684286285100836	0.8874332425348646	1.19086862396336
Llama-3.1-8B-Instruct	tulu	44	base_model.model.model.layers.18.self_attn.q_proj	0.8450280573686981	0.43893070268262585	3.706383360350587
Llama-3.1-8B-Instruct	tulu	44	base_model.model.model.layers.18.self_attn.v_proj	0.9333190045831798	0.8457345857276719	1.2178450524187954
Llama-3.1-8B-Instruct	tulu	44	base_model.model.model.layers.19.mlp.down_proj	0.9274864211191314	0.8504931492603908	1.189250877805832
Llama-3.1-8B-Instruct	tulu	44	base_model.model.model.layers.19.mlp.gate_proj	0.7329129268257124	0.32900918132717477	4.962365265349896
Llama-3.1-8B-Instruct	tulu	44	base_model.model.model.layers.19.mlp.up_proj	0.9376896484638007	0.7346118494106364	1.629304979267785
Llama-3.1-8B-Instruct	tulu	44	base_model.model.model.layers.19.self_attn.k_proj	0.8840360105968524	0.5858393444309757	2.2771038723157884
Llama-3.1-8B-Instruct	tulu	44	base_model.model.model.layers.19.self_attn.o_proj	0.9617124845207967	0.8538252557526533	1.2686812283977011
Llama-3.1-8B-Instruct	tulu	44	base_model.model.model.layers.19.self_attn.q_proj	0.8601912418873627	0.4699598967711962	3.35018225065433
Llama-3.1-8B-Instruct	tulu	44	base_model.model.model.layers.19.self_attn.v_proj	0.9063210097882398	0.8125981358412151	1.2439772899549832
Llama-3.1-8B-Instruct	tulu	44	base_model.model.model.layers.2.mlp.down_proj	0.8274326818442195	0.5867288647372737	1.9887968920102241
Llama-3.1-8B-Instruct	tulu	44	base_model.model.model.layers.2.mlp.gate_proj	0.9275789845801745	0.605099549777174	2.3498932925593845
Llama-3.1-8B-Instruct	tulu	44	base_model.model.model.layers.2.mlp.up_proj	0.9640019945961628	0.7409224820225437	1.692818198313914
Llama-3.1-8B-Instruct	tulu	44	base_model.model.model.layers.2.self_attn.k_proj	0.931678190678909	0.8049667612600567	1.339602542331809
Llama-3.1-8B-Instruct	tulu	44	base_model.model.model.layers.2.self_attn.o_proj	0.8768842902386529	0.6207438041521995	1.9955370354280115
Llama-3.1-8B-Instruct	tulu	44	base_model.model.model.layers.2.self_attn.q_proj	0.9614164618442118	0.8983328483196851	1.145377236173556
Llama-3.1-8B-Instruct	tulu	44	base_model.model.model.layers.2.self_attn.v_proj	0.8670556162912931	0.6814292285502879	1.619020678617645
Llama-3.1-8B-Instruct	tulu	44	base_model.model.model.layers.20.mlp.down_proj	0.8877362563575051	0.7745413873890525	1.3136469342538946
Llama-3.1-8B-Instruct	tulu	44	base_model.model.model.layers.20.mlp.gate_proj	0.7352520510519129	0.3160463915897695	5.412162364968155
Llama-3.1-8B-Instruct	tulu	44	base_model.model.model.layers.20.mlp.up_proj	0.9009140123954081	0.6158266946042737	2.1401768516518724
Llama-3.1-8B-Instruct	tulu	44	base_model.model.model.layers.20.self_attn.k_proj	0.8888317137948057	0.7150140138632066	1.5452899365347585
Llama-3.1-8B-Instruct	tulu	44	base_model.model.model.layers.20.self_attn.o_proj	0.9596024211872761	0.8416854180976507	1.2998195468606848
Llama-3.1-8B-Instruct	tulu	44	base_model.model.model.layers.20.self_attn.q_proj	0.8515178605001242	0.49405821947910206	2.9705116881882248
Llama-3.1-8B-Instruct	tulu	44	base_model.model.model.layers.20.self_attn.v_proj	0.9073935410866829	0.7444464142196242	1.4856772818112487
Llama-3.1-8B-Instruct	tulu	44	base_model.model.model.layers.21.mlp.down_proj	0.9295783576223378	0.8515669744597486	1.1916106811248663
Llama-3.1-8B-Instruct	tulu	44	base_model.model.model.layers.21.mlp.gate_proj	0.7428111257685241	0.3110135302130175	5.704245838772497
Llama-3.1-8B-Instruct	tulu	44	base_model.model.model.layers.21.mlp.up_proj	0.9198966413721087	0.6462323053441676	2.026285967988629
Llama-3.1-8B-Instruct	tulu	44	base_model.model.model.layers.21.self_attn.k_proj	0.8166740501188977	0.45379076152697695	3.238815522090489
Llama-3.1-8B-Instruct	tulu	44	base_model.model.model.layers.21.self_attn.o_proj	0.9627256857079928	0.8849281405973899	1.1835568039229492
Llama-3.1-8B-Instruct	tulu	44	base_model.model.model.layers.21.self_attn.q_proj	0.8969906680041626	0.6082552276038097	2.174724010212834
Llama-3.1-8B-Instruct	tulu	44	base_model.model.model.layers.21.self_attn.v_proj	0.9445813248514652	0.864968423028432	1.1925544122733915
Llama-3.1-8B-Instruct	tulu	44	base_model.model.model.layers.22.mlp.down_proj	0.9171007969329444	0.844796838962237	1.178499985037348
Llama-3.1-8B-Instruct	tulu	44	base_model.model.model.layers.22.mlp.gate_proj	0.6785138506357963	0.2650214994513332	6.554736250072596
Llama-3.1-8B-Instruct	tulu	44	base_model.model.model.layers.22.mlp.up_proj	0.9235013408578574	0.6721506571781706	1.8877383793972764
Llama-3.1-8B-Instruct	tulu	44	base_model.model.model.layers.22.self_attn.k_proj	0.9091890191077646	0.7867715284458603	1.3353991421729305
Llama-3.1-8B-Instruct	tulu	44	base_model.model.model.layers.22.self_attn.o_proj	0.9705827029922901	0.8862242415069347	1.1994381107224394
Llama-3.1-8B-Instruct	tulu	44	base_model.model.model.layers.22.self_attn.q_proj	0.878317346932053	0.5885628218406244	2.226984887953105
Llama-3.1-8B-Instruct	tulu	44	base_model.model.model.layers.22.self_attn.v_proj	0.9108449164463184	0.7601167757160185	1.4359133810925893
Llama-3.1-8B-Instruct	tulu	44	base_model.model.model.layers.23.mlp.down_proj	0.9190344144599024	0.8407902717726115	1.1947806836055301
Llama-3.1-8B-Instruct	tulu	44	base_model.model.model.layers.23.mlp.gate_proj	0.690482260131378	0.2646421530804632	6.8074899346030575
Llama-3.1-8B-Instruct	tulu	44	base_model.model.model.layers.23.mlp.up_proj	0.9383147718521759	0.678471844287684	1.9126409396274857
Llama-3.1-8B-Instruct	tulu	44	base_model.model.model.layers.23.self_attn.k_proj	0.8979615132081299	0.73930609331389	1.4752542517645664
Llama-3.1-8B-Instruct	tulu	44	base_model.model.model.layers.23.self_attn.o_proj	0.9449983469393181	0.7979849996699587	1.4024023870050186
Llama-3.1-8B-Instruct	tulu	44	base_model.model.model.layers.23.self_attn.q_proj	0.8792775548021231	0.548934531286996	2.5657295229360044
Llama-3.1-8B-Instruct	tulu	44	base_model.model.model.layers.23.self_attn.v_proj	0.8990080662464626	0.6969430752114303	1.6639204607635043
Llama-3.1-8B-Instruct	tulu	44	base_model.model.model.layers.24.mlp.down_proj	0.9373388906420187	0.8735731502567373	1.1513164725129388
Llama-3.1-8B-Instruct	tulu	44	base_model.model.model.layers.24.mlp.gate_proj	0.6785557289462231	0.25961564954506255	6.8313935756682
Llama-3.1-8B-Instruct	tulu	44	base_model.model.model.layers.24.mlp.up_proj	0.857800495544064	0.49432243635141987	3.0112855502300744
Llama-3.1-8B-Instruct	tulu	44	base_model.model.model.layers.24.self_attn.k_proj	0.8665876177695319	0.5527907766330139	2.4575557706415987
Llama-3.1-8B-Instruct	tulu	44	base_model.model.model.layers.24.self_attn.o_proj	0.9578173157758981	0.8287312868959824	1.3357891091508025
Llama-3.1-8B-Instruct	tulu	44	base_model.model.model.layers.24.self_attn.q_proj	0.9307707602532652	0.6752357730995672	1.9000917757065758
Llama-3.1-8B-Instruct	tulu	44	base_model.model.model.layers.24.self_attn.v_proj	0.8612034161743806	0.648410228010761	1.764053589312353
Llama-3.1-8B-Instruct	tulu	44	base_model.model.model.layers.25.mlp.down_proj	0.9338761674958346	0.8415923687465661	1.2313315491701033
Llama-3.1-8B-Instruct	tulu	44	base_model.model.model.layers.25.mlp.gate_proj	0.6543287381314258	0.23484035953161078	7.76330263853199
Llama-3.1-8B-Instruct	tulu	44	base_model.model.model.layers.25.mlp.up_proj	0.8894994514449496	0.5299262195887998	2.8174781273059897
Llama-3.1-8B-Instruct	tulu	44	base_model.model.model.layers.25.self_attn.k_proj	0.7575590005501637	0.3976073511172179	3.630146185876032
Llama-3.1-8B-Instruct	tulu	44	base_model.model.model.layers.25.self_attn.o_proj	0.9412652284523989	0.8097272806388973	1.3512835453599181
Llama-3.1-8B-Instruct	tulu	44	base_model.model.model.layers.25.self_attn.q_proj	0.9422849993202422	0.8117682195475436	1.3474121686595133
Llama-3.1-8B-Instruct	tulu	44	base_model.model.model.layers.25.self_attn.v_proj	0.873001536847213	0.6326348082652371	1.9042494958863736
Llama-3.1-8B-Instruct	tulu	44	base_model.model.model.layers.26.mlp.down_proj	0.927862244790034	0.8217709075010974	1.2748687696605339
Llama-3.1-8B-Instruct	tulu	44	base_model.model.model.layers.26.mlp.gate_proj	0.6317858677631905	0.2210929430189855	8.165636681523921
Llama-3.1-8B-Instruct	tulu	44	base_model.model.model.layers.26.mlp.up_proj	0.8825918652205638	0.5083472036762524	3.014386684432227
Llama-3.1-8B-Instruct	tulu	44	base_model.model.model.layers.26.self_attn.k_proj	0.7781171236927716	0.35772644763878203	4.731380175143668
Llama-3.1-8B-Instruct	tulu	44	base_model.model.model.layers.26.self_attn.o_proj	0.8956949817747963	0.6035147840417634	2.2026447357469907
Llama-3.1-8B-Instruct	tulu	44	base_model.model.model.layers.26.self_attn.q_proj	0.9066591060554066	0.5362319596785934	2.8587927126108132
Llama-3.1-8B-Instruct	tulu	44	base_model.model.model.layers.26.self_attn.v_proj	0.8780497938948487	0.662562863356421	1.7562409953688973
Llama-3.1-8B-Instruct	tulu	44	base_model.model.model.layers.27.mlp.down_proj	0.9266369909296237	0.8466922692715969	1.197755233585185
Llama-3.1-8B-Instruct	tulu	44	base_model.model.model.layers.27.mlp.gate_proj	0.7395237996431935	0.2791123639319117	7.020146258847556
Llama-3.1-8B-Instruct	tulu	44	base_model.model.model.layers.27.mlp.up_proj	0.8638201495760944	0.444550392690921	3.7757624583279186
Llama-3.1-8B-Instruct	tulu	44	base_model.model.model.layers.27.self_attn.k_proj	0.8870306750133554	0.6174750058480423	2.0636617358805642
Llama-3.1-8B-Instruct	tulu	44	base_model.model.model.layers.27.self_attn.o_proj	0.9345055117653921	0.697398439339502	1.7955677318984433
Llama-3.1-8B-Instruct	tulu	44	base_model.model.model.layers.27.self_attn.q_proj	0.8922122388358834	0.5307169317082743	2.8262492882434613
Llama-3.1-8B-Instruct	tulu	44	base_model.model.model.layers.27.self_attn.v_proj	0.8552545081611952	0.5409426616237935	2.4997022264702373
Llama-3.1-8B-Instruct	tulu	44	base_model.model.model.layers.28.mlp.down_proj	0.9205911435915831	0.8547648963200626	1.1599525626794822
Llama-3.1-8B-Instruct	tulu	44	base_model.model.model.layers.28.mlp.gate_proj	0.6747901930042031	0.25833025036512436	6.823182612086219
Llama-3.1-8B-Instruct	tulu	44	base_model.model.model.layers.28.mlp.up_proj	0.8869293710936883	0.5226271241652224	2.8800112392494364
Llama-3.1-8B-Instruct	tulu	44	base_model.model.model.layers.28.self_attn.k_proj	0.9251706707769529	0.78196594615625	1.3998065855756325
Llama-3.1-8B-Instruct	tulu	44	base_model.model.model.layers.28.self_attn.o_proj	0.9780777719114365	0.9295081444703583	1.1072364628784186
Llama-3.1-8B-Instruct	tulu	44	base_model.model.model.layers.28.self_attn.q_proj	0.912704527564374	0.6356152036317291	2.061920213848989
Llama-3.1-8B-Instruct	tulu	44	base_model.model.model.layers.28.self_attn.v_proj	0.9387274953471175	0.8274910934006141	1.2869225804079623
Llama-3.1-8B-Instruct	tulu	44	base_model.model.model.layers.29.mlp.down_proj	0.8958489337167624	0.7895037573602179	1.2875412737172043
Llama-3.1-8B-Instruct	tulu	44	base_model.model.model.layers.29.mlp.gate_proj	0.6744222240655559	0.2483154184792649	7.376602350142412
Llama-3.1-8B-Instruct	tulu	44	base_model.model.model.layers.29.mlp.up_proj	0.7839535284832648	0.35170953071052014	4.9683520776798655
Llama-3.1-8B-Instruct	tulu	44	base_model.model.model.layers.29.self_attn.k_proj	0.8844728055663748	0.5395536510485577	2.6871981850568525
Llama-3.1-8B-Instruct	tulu	44	base_model.model.model.layers.29.self_attn.o_proj	0.9319497167543487	0.6769178332300785	1.8954531311294307
Llama-3.1-8B-Instruct	tulu	44	base_model.model.model.layers.29.self_attn.q_proj	0.9478270869906731	0.7910108926009239	1.4357978664177435
Llama-3.1-8B-Instruct	tulu	44	base_model.model.model.layers.29.self_attn.v_proj	0.7966085339191004	0.46312393728979045	2.9586626666767217
Llama-3.1-8B-Instruct	tulu	44	base_model.model.model.layers.3.mlp.down_proj	0.8048883197417155	0.5966774506932835	1.819667335202747
Llama-3.1-8B-Instruct	tulu	44	base_model.model.model.layers.3.mlp.gate_proj	0.8969200321946499	0.46377712233271107	3.7401481447890474
Llama-3.1-8B-Instruct	tulu	44	base_model.model.model.layers.3.mlp.up_proj	0.9579854238842407	0.7873594119109687	1.4803750457978166
Llama-3.1-8B-Instruct	tulu	44	base_model.model.model.layers.3.self_attn.k_proj	0.9235899217802368	0.8275477644525642	1.2455817341217734
Llama-3.1-8B-Instruct	tulu	44	base_model.model.model.layers.3.self_attn.o_proj	0.9291766296186698	0.7744469585711832	1.4395050704823225
Llama-3.1-8B-Instruct	tulu	44	base_model.model.model.layers.3.self_attn.q_proj	0.9446121185181455	0.8195773340276393	1.3283947403864063
Llama-3.1-8B-Instruct	tulu	44	base_model.model.model.layers.3.self_attn.v_proj	0.8503046054880695	0.7033461043044157	1.4615406199935603
Llama-3.1-8B-Instruct	tulu	44	base_model.model.model.layers.30.mlp.down_proj	0.8202601984738482	0.641019365738972	1.6374233427141958
Llama-3.1-8B-Instruct	tulu	44	base_model.model.model.layers.30.mlp.gate_proj	0.6846272002577728	0.2621961241458769	6.817980649007912
Llama-3.1-8B-Instruct	tulu	44	base_model.model.model.layers.30.mlp.up_proj	0.8778246401188121	0.5087303916644027	2.977420455460361
Llama-3.1-8B-Instruct	tulu	44	base_model.model.model.layers.30.self_attn.k_proj	0.8353157020314699	0.3715751763968113	5.05368193565257
Llama-3.1-8B-Instruct	tulu	44	base_model.model.model.layers.30.self_attn.o_proj	0.9534112891185876	0.8153650081609314	1.3672767880494867
Llama-3.1-8B-Instruct	tulu	44	base_model.model.model.layers.30.self_attn.q_proj	0.7806420708876096	0.31444045174561747	6.163495491710464
Llama-3.1-8B-Instruct	tulu	44	base_model.model.model.layers.30.self_attn.v_proj	0.8917165717918496	0.6749059523969878	1.7456901382306775
Llama-3.1-8B-Instruct	tulu	44	base_model.model.model.layers.31.mlp.down_proj	0.9429244861443117	0.9024752361516979	1.0916495499785543
Llama-3.1-8B-Instruct	tulu	44	base_model.model.model.layers.31.mlp.gate_proj	0.654203385869548	0.2606164495300807	6.301180598602595
Llama-3.1-8B-Instruct	tulu	44	base_model.model.model.layers.31.mlp.up_proj	0.9126919448589216	0.6081103549938978	2.2525977074416463
Llama-3.1-8B-Instruct	tulu	44	base_model.model.model.layers.31.self_attn.k_proj	0.884553302231044	0.662045862730438	1.78513828623004
Llama-3.1-8B-Instruct	tulu	44	base_model.model.model.layers.31.self_attn.o_proj	0.9499834141796505	0.8089128356143689	1.3792042681772625
Llama-3.1-8B-Instruct	tulu	44	base_model.model.model.layers.31.self_attn.q_proj	0.9070421212729778	0.5692618643993075	2.538813090788903
Llama-3.1-8B-Instruct	tulu	44	base_model.model.model.layers.31.self_attn.v_proj	0.9345063093171205	0.7410163664104726	1.5904091861134748
Llama-3.1-8B-Instruct	tulu	44	base_model.model.model.layers.4.mlp.down_proj	0.832054445322227	0.6391062694089968	1.69495173047236
Llama-3.1-8B-Instruct	tulu	44	base_model.model.model.layers.4.mlp.gate_proj	0.868106194817502	0.45902970251204367	3.576548625219086
Llama-3.1-8B-Instruct	tulu	44	base_model.model.model.layers.4.mlp.up_proj	0.9587562142910684	0.7980039628269242	1.4434650991138684
Llama-3.1-8B-Instruct	tulu	44	base_model.model.model.layers.4.self_attn.k_proj	0.8591505721929246	0.621614433966948	1.9102771760487363
Llama-3.1-8B-Instruct	tulu	44	base_model.model.model.layers.4.self_attn.o_proj	0.9155199591644336	0.7333553430568771	1.5584996622984744
Llama-3.1-8B-Instruct	tulu	44	base_model.model.model.layers.4.self_attn.q_proj	0.926410550730158	0.7443916479512453	1.548830889810253
Llama-3.1-8B-Instruct	tulu	44	base_model.model.model.layers.4.self_attn.v_proj	0.8286896981939128	0.6390645195492041	1.6814906897363684
Llama-3.1-8B-Instruct	tulu	44	base_model.model.model.layers.5.mlp.down_proj	0.8310498973690527	0.611991657204651	1.8440096812228353
Llama-3.1-8B-Instruct	tulu	44	base_model.model.model.layers.5.mlp.gate_proj	0.8508751190644704	0.44042906102374235	3.732327234191887
Llama-3.1-8B-Instruct	tulu	44	base_model.model.model.layers.5.mlp.up_proj	0.9421277734877513	0.7736154053377424	1.4830964475969894
Llama-3.1-8B-Instruct	tulu	44	base_model.model.model.layers.5.self_attn.k_proj	0.9172487996248927	0.7913531727791008	1.3434874327839077
Llama-3.1-8B-Instruct	tulu	44	base_model.model.model.layers.5.self_attn.o_proj	0.9216155139831002	0.7833966795842567	1.3840000337595375
Llama-3.1-8B-Instruct	tulu	44	base_model.model.model.layers.5.self_attn.q_proj	0.9454081150650102	0.8433374403063106	1.2567123666670597
Llama-3.1-8B-Instruct	tulu	44	base_model.model.model.layers.5.self_attn.v_proj	0.8927731961417081	0.777785865393763	1.317535096576298
Llama-3.1-8B-Instruct	tulu	44	base_model.model.model.layers.6.mlp.down_proj	0.8428247336281669	0.6631439124505194	1.6153214847700172
Llama-3.1-8B-Instruct	tulu	44	base_model.model.model.layers.6.mlp.gate_proj	0.8699193939027259	0.4747584297578107	3.3574739876913315
Llama-3.1-8B-Instruct	tulu	44	base_model.model.model.layers.6.mlp.up_proj	0.9508327451940096	0.8320413073447234	1.3059257462152563
Llama-3.1-8B-Instruct	tulu	44	base_model.model.model.layers.6.self_attn.k_proj	0.9057550132630632	0.7358067511426963	1.5152837174011318
Llama-3.1-8B-Instruct	tulu	44	base_model.model.model.layers.6.self_attn.o_proj	0.9373283584923424	0.8266865164103557	1.285587985090049
Llama-3.1-8B-Instruct	tulu	44	base_model.model.model.layers.6.self_attn.q_proj	0.9160457764583463	0.7160798850094079	1.6364826475172216
Llama-3.1-8B-Instruct	tulu	44	base_model.model.model.layers.6.self_attn.v_proj	0.8627425607592237	0.6835378031277366	1.593079209033968
Llama-3.1-8B-Instruct	tulu	44	base_model.model.model.layers.7.mlp.down_proj	0.8449032625128895	0.6391215092775361	1.747620404602297
Llama-3.1-8B-Instruct	tulu	44	base_model.model.model.layers.7.mlp.gate_proj	0.8698137310109497	0.48115872608952237	3.2679528783927694
Llama-3.1-8B-Instruct	tulu	44	base_model.model.model.layers.7.mlp.up_proj	0.9471301942176699	0.8168332602808664	1.344474400479208
Llama-3.1-8B-Instruct	tulu	44	base_model.model.model.layers.7.self_attn.k_proj	0.9056672315223452	0.7551146644247854	1.4385054125564691
Llama-3.1-8B-Instruct	tulu	44	base_model.model.model.layers.7.self_attn.o_proj	0.9465643712509113	0.8390941315425349	1.2725619679068072
Llama-3.1-8B-Instruct	tulu	44	base_model.model.model.layers.7.self_attn.q_proj	0.90523392087669	0.7252828044832793	1.5577827013851349
Llama-3.1-8B-Instruct	tulu	44	base_model.model.model.layers.7.self_attn.v_proj	0.8923690448996525	0.7582022237691836	1.3852204226384577
Llama-3.1-8B-Instruct	tulu	44	base_model.model.model.layers.8.mlp.down_proj	0.8537243026478194	0.640177396418539	1.7784211608116083
Llama-3.1-8B-Instruct	tulu	44	base_model.model.model.layers.8.mlp.gate_proj	0.8930785690969706	0.4906581279598879	3.3129992740884164
Llama-3.1-8B-Instruct	tulu	44	base_model.model.model.layers.8.mlp.up_proj	0.9194578959986544	0.726344904260794	1.6024257137734699
Llama-3.1-8B-Instruct	tulu	44	base_model.model.model.layers.8.self_attn.k_proj	0.8757300545199336	0.6964227225576483	1.58122853877586
Llama-3.1-8B-Instruct	tulu	44	base_model.model.model.layers.8.self_attn.o_proj	0.9487659313044741	0.8283313120981624	1.3119280137419236
Llama-3.1-8B-Instruct	tulu	44	base_model.model.model.layers.8.self_attn.q_proj	0.9299554937261189	0.7847633586013478	1.40425796002348
Llama-3.1-8B-Instruct	tulu	44	base_model.model.model.layers.8.self_attn.v_proj	0.9040096588302031	0.7913024408471726	1.305152112565409
Llama-3.1-8B-Instruct	tulu	44	base_model.model.model.layers.9.mlp.down_proj	0.8755896774217428	0.6999129040423983	1.5649961185831407
Llama-3.1-8B-Instruct	tulu	44	base_model.model.model.layers.9.mlp.gate_proj	0.8440531686617719	0.4370570523236598	3.7296093457656476
Llama-3.1-8B-Instruct	tulu	44	base_model.model.model.layers.9.mlp.up_proj	0.9680740816568205	0.8795041732598218	1.2115500969124315
Llama-3.1-8B-Instruct	tulu	44	base_model.model.model.layers.9.self_attn.k_proj	0.9037046659590704	0.762894849941008	1.4032132695927515
Llama-3.1-8B-Instruct	tulu	44	base_model.model.model.layers.9.self_attn.o_proj	0.9473782526196644	0.8234449959348555	1.3236636204678078
Llama-3.1-8B-Instruct	tulu	44	base_model.model.model.layers.9.self_attn.q_proj	0.8855134129353088	0.6284659534109471	1.985302902192653
Llama-3.1-8B-Instruct	tulu	44	base_model.model.model.layers.9.self_attn.v_proj	0.8907126112454137	0.7780456574351566	1.3105845277315533
