base	task	seed	checkpoint	method	family	benchmark	role	samples	recovery_set_size	retention_set_size	new_success_set_size	new_damage_set_size	recovered	retained	recovery_rate	retention_rate	new_success	new_damage	new_success_rate	new_damage_rate	new_success_conditional_rate	new_damage_conditional_rate
Qwen3-8B	magicoder	42	Qwen3-8B/magicoder/seed42	hns_f4_s1	magicoder	magicoder	target	164	30	28	27	79	26	16	0.8666666666666667	0.5714285714285714	2	0	0.012195121951219513	0.0	0.07407407407407407	0.0
Qwen3-8B	magicoder	42	Qwen3-8B/magicoder/seed42	scalar_e	magicoder	magicoder	target	164	30	28	27	79	26	16	0.8666666666666667	0.5714285714285714	4	1	0.024390243902439025	0.006097560975609756	0.14814814814814814	0.012658227848101266
Qwen3-8B	magicoder	42	Qwen3-8B/magicoder/seed42	flat_e	magicoder	magicoder	target	164	30	28	27	79	26	16	0.8666666666666667	0.5714285714285714	3	0	0.018292682926829267	0.0	0.1111111111111111	0.0
Qwen3-8B	magicoder	43	Qwen3-8B/magicoder/seed43	hns_f4_s1	magicoder	magicoder	target	164	31	25	30	78	24	13	0.7741935483870968	0.52	7	0	0.042682926829268296	0.0	0.23333333333333334	0.0
Qwen3-8B	magicoder	43	Qwen3-8B/magicoder/seed43	scalar_e	magicoder	magicoder	target	164	31	25	30	78	24	15	0.7741935483870968	0.6	9	0	0.054878048780487805	0.0	0.3	0.0
Qwen3-8B	magicoder	43	Qwen3-8B/magicoder/seed43	flat_e	magicoder	magicoder	target	164	31	25	30	78	25	14	0.8064516129032258	0.56	6	0	0.036585365853658534	0.0	0.2	0.0
Qwen3-8B	magicoder	44	Qwen3-8B/magicoder/seed44	hns_f4_s1	magicoder	magicoder	target	164	28	25	30	81	22	15	0.7857142857142857	0.6	4	0	0.024390243902439025	0.0	0.13333333333333333	0.0
Qwen3-8B	magicoder	44	Qwen3-8B/magicoder/seed44	scalar_e	magicoder	magicoder	target	164	28	25	30	81	23	17	0.8214285714285714	0.68	7	1	0.042682926829268296	0.006097560975609756	0.23333333333333334	0.012345679012345678
Qwen3-8B	magicoder	44	Qwen3-8B/magicoder/seed44	flat_e	magicoder	magicoder	target	164	28	25	30	81	22	14	0.7857142857142857	0.56	6	0	0.036585365853658534	0.0	0.2	0.0
Qwen3-8B	metamath	42	Qwen3-8B/metamath/seed42	hns_f4_s1	magicoder	magicoder	off_task	164	27	23	32	82	14	15	0.5185185185185185	0.6521739130434783	3	3	0.018292682926829267	0.018292682926829267	0.09375	0.036585365853658534
Qwen3-8B	metamath	42	Qwen3-8B/metamath/seed42	scalar_e	magicoder	magicoder	off_task	164	27	23	32	82	13	10	0.48148148148148145	0.43478260869565216	4	2	0.024390243902439025	0.012195121951219513	0.125	0.024390243902439025
Qwen3-8B	metamath	42	Qwen3-8B/metamath/seed42	flat_e	magicoder	magicoder	off_task	164	27	23	32	82	14	14	0.5185185185185185	0.6086956521739131	3	3	0.018292682926829267	0.018292682926829267	0.09375	0.036585365853658534
Qwen3-8B	metamath	43	Qwen3-8B/metamath/seed43	hns_f4_s1	magicoder	magicoder	off_task	164	36	22	33	73	23	19	0.6388888888888888	0.8636363636363636	7	2	0.042682926829268296	0.012195121951219513	0.21212121212121213	0.0273972602739726
Qwen3-8B	metamath	43	Qwen3-8B/metamath/seed43	scalar_e	magicoder	magicoder	off_task	164	36	22	33	73	19	14	0.5277777777777778	0.6363636363636364	6	1	0.036585365853658534	0.006097560975609756	0.18181818181818182	0.0136986301369863
Qwen3-8B	metamath	43	Qwen3-8B/metamath/seed43	flat_e	magicoder	magicoder	off_task	164	36	22	33	73	24	19	0.6666666666666666	0.8636363636363636	6	2	0.036585365853658534	0.012195121951219513	0.18181818181818182	0.0273972602739726
Qwen3-8B	metamath	44	Qwen3-8B/metamath/seed44	hns_f4_s1	magicoder	magicoder	off_task	164	56	14	41	53	43	7	0.7678571428571429	0.5	11	3	0.06707317073170732	0.018292682926829267	0.2682926829268293	0.05660377358490566
Qwen3-8B	metamath	44	Qwen3-8B/metamath/seed44	scalar_e	magicoder	magicoder	off_task	164	56	14	41	53	36	9	0.6428571428571429	0.6428571428571429	9	3	0.054878048780487805	0.018292682926829267	0.21951219512195122	0.05660377358490566
Qwen3-8B	metamath	44	Qwen3-8B/metamath/seed44	flat_e	magicoder	magicoder	off_task	164	56	14	41	53	43	6	0.7678571428571429	0.42857142857142855	11	3	0.06707317073170732	0.018292682926829267	0.2682926829268293	0.05660377358490566
Qwen3-8B	tulu	42	Qwen3-8B/tulu/seed42	hns_f4_s1	magicoder	magicoder	off_task	164	11	41	14	98	8	31	0.7272727272727273	0.7560975609756098	3	4	0.018292682926829267	0.024390243902439025	0.21428571428571427	0.04081632653061224
Qwen3-8B	tulu	42	Qwen3-8B/tulu/seed42	scalar_e	magicoder	magicoder	off_task	164	11	41	14	98	6	28	0.5454545454545454	0.6829268292682927	3	5	0.018292682926829267	0.03048780487804878	0.21428571428571427	0.05102040816326531
Qwen3-8B	tulu	42	Qwen3-8B/tulu/seed42	flat_e	magicoder	magicoder	off_task	164	11	41	14	98	7	29	0.6363636363636364	0.7073170731707317	3	1	0.018292682926829267	0.006097560975609756	0.21428571428571427	0.01020408163265306
Qwen3-8B	tulu	43	Qwen3-8B/tulu/seed43	hns_f4_s1	magicoder	magicoder	off_task	164	12	37	18	97	8	28	0.6666666666666666	0.7567567567567568	1	2	0.006097560975609756	0.012195121951219513	0.05555555555555555	0.020618556701030927
Qwen3-8B	tulu	43	Qwen3-8B/tulu/seed43	scalar_e	magicoder	magicoder	off_task	164	12	37	18	97	8	31	0.6666666666666666	0.8378378378378378	1	1	0.006097560975609756	0.006097560975609756	0.05555555555555555	0.010309278350515464
Qwen3-8B	tulu	43	Qwen3-8B/tulu/seed43	flat_e	magicoder	magicoder	off_task	164	12	37	18	97	8	28	0.6666666666666666	0.7567567567567568	1	2	0.006097560975609756	0.012195121951219513	0.05555555555555555	0.020618556701030927
Qwen3-8B	tulu	44	Qwen3-8B/tulu/seed44	hns_f4_s1	magicoder	magicoder	off_task	164	11	40	15	98	6	29	0.5454545454545454	0.725	3	4	0.018292682926829267	0.024390243902439025	0.2	0.04081632653061224
Qwen3-8B	tulu	44	Qwen3-8B/tulu/seed44	scalar_e	magicoder	magicoder	off_task	164	11	40	15	98	5	30	0.45454545454545453	0.75	1	6	0.006097560975609756	0.036585365853658534	0.06666666666666667	0.061224489795918366
Qwen3-8B	tulu	44	Qwen3-8B/tulu/seed44	flat_e	magicoder	magicoder	off_task	164	11	40	15	98	5	29	0.45454545454545453	0.725	2	4	0.012195121951219513	0.024390243902439025	0.13333333333333333	0.04081632653061224
Qwen3-8B	magicoder	42	Qwen3-8B/magicoder/seed42	hns_f4_s1	metamath	metamath	off_task	1319	103	79	109	1028	82	55	0.7961165048543689	0.6962025316455697	24	20	0.01819560272934041	0.015163002274450341	0.22018348623853212	0.019455252918287938
Qwen3-8B	magicoder	42	Qwen3-8B/magicoder/seed42	scalar_e	metamath	metamath	off_task	1319	103	79	109	1028	89	56	0.8640776699029126	0.7088607594936709	29	21	0.021986353297952996	0.01592115238817286	0.26605504587155965	0.020428015564202335
Qwen3-8B	magicoder	42	Qwen3-8B/magicoder/seed42	flat_e	metamath	metamath	off_task	1319	103	79	109	1028	84	56	0.8155339805825242	0.7088607594936709	22	15	0.016679302501895376	0.011372251705837756	0.2018348623853211	0.014591439688715954
Qwen3-8B	magicoder	43	Qwen3-8B/magicoder/seed43	hns_f4_s1	metamath	metamath	off_task	1319	118	76	112	1013	99	52	0.8389830508474576	0.6842105263157895	25	18	0.018953752843062926	0.013646702047005308	0.22321428571428573	0.017769002961500493
Qwen3-8B	magicoder	43	Qwen3-8B/magicoder/seed43	scalar_e	metamath	metamath	off_task	1319	118	76	112	1013	99	53	0.8389830508474576	0.6973684210526315	27	21	0.02047005307050796	0.01592115238817286	0.24107142857142858	0.02073050345508391
Qwen3-8B	magicoder	43	Qwen3-8B/magicoder/seed43	flat_e	metamath	metamath	off_task	1319	118	76	112	1013	95	53	0.8050847457627118	0.6973684210526315	25	22	0.018953752843062926	0.016679302501895376	0.22321428571428573	0.02171767028627838
Qwen3-8B	magicoder	44	Qwen3-8B/magicoder/seed44	hns_f4_s1	metamath	metamath	off_task	1319	107	85	103	1024	88	59	0.822429906542056	0.6941176470588235	25	18	0.018953752843062926	0.013646702047005308	0.24271844660194175	0.017578125
Qwen3-8B	magicoder	44	Qwen3-8B/magicoder/seed44	scalar_e	metamath	metamath	off_task	1319	107	85	103	1024	91	61	0.8504672897196262	0.7176470588235294	16	22	0.012130401819560273	0.016679302501895376	0.1553398058252427	0.021484375
Qwen3-8B	magicoder	44	Qwen3-8B/magicoder/seed44	flat_e	metamath	metamath	off_task	1319	107	85	103	1024	87	61	0.8130841121495327	0.7176470588235294	20	21	0.015163002274450341	0.01592115238817286	0.1941747572815534	0.0205078125
Qwen3-8B	metamath	42	Qwen3-8B/metamath/seed42	hns_f4_s1	metamath	metamath	target	1319	130	109	79	1001	85	81	0.6538461538461539	0.7431192660550459	14	18	0.01061410159211524	0.013646702047005308	0.17721518987341772	0.017982017982017984
Qwen3-8B	metamath	42	Qwen3-8B/metamath/seed42	scalar_e	metamath	metamath	target	1319	130	109	79	1001	88	70	0.676923076923077	0.6422018348623854	13	25	0.009855951478392721	0.018953752843062926	0.16455696202531644	0.024975024975024976
Qwen3-8B	metamath	42	Qwen3-8B/metamath/seed42	flat_e	metamath	metamath	target	1319	130	109	79	1001	85	80	0.6538461538461539	0.7339449541284404	15	17	0.011372251705837756	0.01288855193328279	0.189873417721519	0.016983016983016984
Qwen3-8B	metamath	43	Qwen3-8B/metamath/seed43	hns_f4_s1	metamath	metamath	target	1319	130	107	81	1001	79	77	0.6076923076923076	0.719626168224299	14	26	0.01061410159211524	0.019711902956785442	0.1728395061728395	0.025974025974025976
Qwen3-8B	metamath	43	Qwen3-8B/metamath/seed43	scalar_e	metamath	metamath	target	1319	130	107	81	1001	80	74	0.6153846153846154	0.6915887850467289	13	32	0.009855951478392721	0.024260803639120546	0.16049382716049382	0.03196803196803197
Qwen3-8B	metamath	43	Qwen3-8B/metamath/seed43	flat_e	metamath	metamath	target	1319	130	107	81	1001	76	82	0.5846153846153846	0.7663551401869159	14	21	0.01061410159211524	0.01592115238817286	0.1728395061728395	0.02097902097902098
Qwen3-8B	metamath	44	Qwen3-8B/metamath/seed44	hns_f4_s1	metamath	metamath	target	1319	128	105	83	1003	75	83	0.5859375	0.7904761904761904	16	24	0.012130401819560273	0.01819560272934041	0.1927710843373494	0.023928215353938187
Qwen3-8B	metamath	44	Qwen3-8B/metamath/seed44	scalar_e	metamath	metamath	target	1319	128	105	83	1003	80	73	0.625	0.6952380952380952	13	42	0.009855951478392721	0.03184230477634572	0.1566265060240964	0.04187437686939183
Qwen3-8B	metamath	44	Qwen3-8B/metamath/seed44	flat_e	metamath	metamath	target	1319	128	105	83	1003	74	85	0.578125	0.8095238095238095	15	21	0.011372251705837756	0.01592115238817286	0.18072289156626506	0.020937188434695914
Qwen3-8B	tulu	42	Qwen3-8B/tulu/seed42	hns_f4_s1	metamath	metamath	off_task	1319	39	82	106	1092	17	68	0.4358974358974359	0.8292682926829268	14	21	0.01061410159211524	0.01592115238817286	0.1320754716981132	0.019230769230769232
Qwen3-8B	tulu	42	Qwen3-8B/tulu/seed42	scalar_e	metamath	metamath	off_task	1319	39	82	106	1092	19	70	0.48717948717948717	0.8536585365853658	9	21	0.006823351023502654	0.01592115238817286	0.08490566037735849	0.019230769230769232
Qwen3-8B	tulu	42	Qwen3-8B/tulu/seed42	flat_e	metamath	metamath	off_task	1319	39	82	106	1092	17	70	0.4358974358974359	0.8536585365853658	12	23	0.009097801364670205	0.017437452615617893	0.11320754716981132	0.021062271062271064
Qwen3-8B	tulu	43	Qwen3-8B/tulu/seed43	hns_f4_s1	metamath	metamath	off_task	1319	41	86	102	1090	18	75	0.43902439024390244	0.872093023255814	12	11	0.009097801364670205	0.008339651250947688	0.11764705882352941	0.010091743119266056
Qwen3-8B	tulu	43	Qwen3-8B/tulu/seed43	scalar_e	metamath	metamath	off_task	1319	41	86	102	1090	13	74	0.3170731707317073	0.8604651162790697	7	11	0.00530705079605762	0.008339651250947688	0.06862745098039216	0.010091743119266056
Qwen3-8B	tulu	43	Qwen3-8B/tulu/seed43	flat_e	metamath	metamath	off_task	1319	41	86	102	1090	17	75	0.4146341463414634	0.872093023255814	8	11	0.006065200909780136	0.008339651250947688	0.0784313725490196	0.010091743119266056
Qwen3-8B	tulu	44	Qwen3-8B/tulu/seed44	hns_f4_s1	metamath	metamath	off_task	1319	42	81	107	1089	15	67	0.35714285714285715	0.8271604938271605	14	19	0.01061410159211524	0.014404852160727824	0.1308411214953271	0.017447199265381085
Qwen3-8B	tulu	44	Qwen3-8B/tulu/seed44	scalar_e	metamath	metamath	off_task	1319	42	81	107	1089	20	71	0.47619047619047616	0.8765432098765432	10	15	0.0075815011372251705	0.011372251705837756	0.09345794392523364	0.013774104683195593
Qwen3-8B	tulu	44	Qwen3-8B/tulu/seed44	flat_e	metamath	metamath	off_task	1319	42	81	107	1089	18	70	0.42857142857142855	0.8641975308641975	13	22	0.009855951478392721	0.016679302501895376	0.12149532710280374	0.020202020202020204
Qwen3-8B	magicoder	42	Qwen3-8B/magicoder/seed42	hns_f4_s1	tulu	tulu	off_task	541	53	32	132	324	45	16	0.8490566037735849	0.5	10	7	0.018484288354898338	0.012939001848428836	0.07575757575757576	0.021604938271604937
Qwen3-8B	magicoder	42	Qwen3-8B/magicoder/seed42	scalar_e	tulu	tulu	off_task	541	53	32	132	324	45	16	0.8490566037735849	0.5	13	10	0.024029574861367836	0.018484288354898338	0.09848484848484848	0.030864197530864196
Qwen3-8B	magicoder	42	Qwen3-8B/magicoder/seed42	flat_e	tulu	tulu	off_task	541	53	32	132	324	45	16	0.8490566037735849	0.5	11	9	0.02033271719038817	0.0166358595194085	0.08333333333333333	0.027777777777777776
Qwen3-8B	magicoder	43	Qwen3-8B/magicoder/seed43	hns_f4_s1	tulu	tulu	off_task	541	47	32	132	330	39	14	0.8297872340425532	0.4375	12	9	0.022181146025878003	0.0166358595194085	0.09090909090909091	0.02727272727272727
Qwen3-8B	magicoder	43	Qwen3-8B/magicoder/seed43	scalar_e	tulu	tulu	off_task	541	47	32	132	330	37	13	0.7872340425531915	0.40625	10	11	0.018484288354898338	0.02033271719038817	0.07575757575757576	0.03333333333333333
Qwen3-8B	magicoder	43	Qwen3-8B/magicoder/seed43	flat_e	tulu	tulu	off_task	541	47	32	132	330	38	14	0.8085106382978723	0.4375	11	10	0.02033271719038817	0.018484288354898338	0.08333333333333333	0.030303030303030304
Qwen3-8B	magicoder	44	Qwen3-8B/magicoder/seed44	hns_f4_s1	tulu	tulu	off_task	541	49	40	124	328	41	15	0.8367346938775511	0.375	12	12	0.022181146025878003	0.022181146025878003	0.0967741935483871	0.036585365853658534
Qwen3-8B	magicoder	44	Qwen3-8B/magicoder/seed44	scalar_e	tulu	tulu	off_task	541	49	40	124	328	46	15	0.9387755102040817	0.375	16	13	0.029574861367837338	0.024029574861367836	0.12903225806451613	0.039634146341463415
Qwen3-8B	magicoder	44	Qwen3-8B/magicoder/seed44	flat_e	tulu	tulu	off_task	541	49	40	124	328	43	15	0.8775510204081632	0.375	10	9	0.018484288354898338	0.0166358595194085	0.08064516129032258	0.027439024390243903
Qwen3-8B	metamath	42	Qwen3-8B/metamath/seed42	hns_f4_s1	tulu	tulu	off_task	541	52	36	128	325	44	19	0.8461538461538461	0.5277777777777778	10	6	0.018484288354898338	0.011090573012939002	0.078125	0.018461538461538463
Qwen3-8B	metamath	42	Qwen3-8B/metamath/seed42	scalar_e	tulu	tulu	off_task	541	52	36	128	325	45	18	0.8653846153846154	0.5	7	14	0.012939001848428836	0.025878003696857672	0.0546875	0.043076923076923075
Qwen3-8B	metamath	42	Qwen3-8B/metamath/seed42	flat_e	tulu	tulu	off_task	541	52	36	128	325	43	18	0.8269230769230769	0.5	9	12	0.0166358595194085	0.022181146025878003	0.0703125	0.036923076923076927
Qwen3-8B	metamath	43	Qwen3-8B/metamath/seed43	hns_f4_s1	tulu	tulu	off_task	541	47	36	128	330	35	22	0.7446808510638298	0.6111111111111112	13	10	0.024029574861367836	0.018484288354898338	0.1015625	0.030303030303030304
Qwen3-8B	metamath	43	Qwen3-8B/metamath/seed43	scalar_e	tulu	tulu	off_task	541	47	36	128	330	33	20	0.7021276595744681	0.5555555555555556	13	13	0.024029574861367836	0.024029574861367836	0.1015625	0.03939393939393939
Qwen3-8B	metamath	43	Qwen3-8B/metamath/seed43	flat_e	tulu	tulu	off_task	541	47	36	128	330	36	24	0.7659574468085106	0.6666666666666666	11	13	0.02033271719038817	0.024029574861367836	0.0859375	0.03939393939393939
Qwen3-8B	metamath	44	Qwen3-8B/metamath/seed44	hns_f4_s1	tulu	tulu	off_task	541	46	30	134	331	34	21	0.7391304347826086	0.7	15	19	0.027726432532347505	0.03512014787430684	0.11194029850746269	0.05740181268882175
Qwen3-8B	metamath	44	Qwen3-8B/metamath/seed44	scalar_e	tulu	tulu	off_task	541	46	30	134	331	36	19	0.782608695652174	0.6333333333333333	13	17	0.024029574861367836	0.031423290203327174	0.09701492537313433	0.0513595166163142
Qwen3-8B	metamath	44	Qwen3-8B/metamath/seed44	flat_e	tulu	tulu	off_task	541	46	30	134	331	35	20	0.7608695652173914	0.6666666666666666	19	16	0.03512014787430684	0.029574861367837338	0.1417910447761194	0.04833836858006042
Qwen3-8B	tulu	42	Qwen3-8B/tulu/seed42	hns_f4_s1	tulu	tulu	target	541	45	35	129	332	24	25	0.5333333333333333	0.7142857142857143	10	8	0.018484288354898338	0.014787430683918669	0.07751937984496124	0.024096385542168676
Qwen3-8B	tulu	42	Qwen3-8B/tulu/seed42	scalar_e	tulu	tulu	target	541	45	35	129	332	31	29	0.6888888888888889	0.8285714285714286	10	7	0.018484288354898338	0.012939001848428836	0.07751937984496124	0.02108433734939759
Qwen3-8B	tulu	42	Qwen3-8B/tulu/seed42	flat_e	tulu	tulu	target	541	45	35	129	332	25	27	0.5555555555555556	0.7714285714285715	9	15	0.0166358595194085	0.027726432532347505	0.06976744186046512	0.045180722891566265
Qwen3-8B	tulu	43	Qwen3-8B/tulu/seed43	hns_f4_s1	tulu	tulu	target	541	50	31	133	327	32	27	0.64	0.8709677419354839	12	6	0.022181146025878003	0.011090573012939002	0.09022556390977443	0.01834862385321101
Qwen3-8B	tulu	43	Qwen3-8B/tulu/seed43	scalar_e	tulu	tulu	target	541	50	31	133	327	35	23	0.7	0.7419354838709677	11	8	0.02033271719038817	0.014787430683918669	0.08270676691729323	0.024464831804281346
Qwen3-8B	tulu	43	Qwen3-8B/tulu/seed43	flat_e	tulu	tulu	target	541	50	31	133	327	36	26	0.72	0.8387096774193549	16	6	0.029574861367837338	0.011090573012939002	0.12030075187969924	0.01834862385321101
Qwen3-8B	tulu	44	Qwen3-8B/tulu/seed44	hns_f4_s1	tulu	tulu	target	541	51	36	128	326	31	27	0.6078431372549019	0.75	12	12	0.022181146025878003	0.022181146025878003	0.09375	0.03680981595092025
Qwen3-8B	tulu	44	Qwen3-8B/tulu/seed44	scalar_e	tulu	tulu	target	541	51	36	128	326	34	26	0.6666666666666666	0.7222222222222222	11	10	0.02033271719038817	0.018484288354898338	0.0859375	0.03067484662576687
Qwen3-8B	tulu	44	Qwen3-8B/tulu/seed44	flat_e	tulu	tulu	target	541	51	36	128	326	34	26	0.6666666666666666	0.7222222222222222	14	14	0.025878003696857672	0.025878003696857672	0.109375	0.04294478527607362
Qwen3-8B	magicoder	42	Qwen3-8B/magicoder/seed42	hns_f4_s1	commonsense	arc_challenge	off_task	1172	16	64	96	996	11	25	0.6875	0.390625	6	1	0.005119453924914676	0.0008532423208191126	0.0625	0.001004016064257028
Qwen3-8B	magicoder	42	Qwen3-8B/magicoder/seed42	hns_f4_s1	commonsense	arc_easy	off_task	2376	8	61	66	2241	5	32	0.625	0.5245901639344263	0	1	0.0	0.00042087542087542086	0.0	0.0004462293618920125
Qwen3-8B	magicoder	42	Qwen3-8B/magicoder/seed42	hns_f4_s1	commonsense	boolq	off_task	3270	35	52	372	2811	31	15	0.8857142857142857	0.28846153846153844	7	3	0.0021406727828746177	0.0009174311926605505	0.01881720430107527	0.0010672358591248667
Qwen3-8B	magicoder	42	Qwen3-8B/magicoder/seed42	hns_f4_s1	commonsense	hellaswag	off_task	10042	255	241	1359	8187	215	62	0.8431372549019608	0.2572614107883817	40	17	0.003983270264887473	0.0016928898625771759	0.029433406916850625	0.0020764626847441063
Qwen3-8B	magicoder	42	Qwen3-8B/magicoder/seed42	hns_f4_s1	commonsense	openbookqa	off_task	500	6	19	69	406	4	10	0.6666666666666666	0.5263157894736842	2	0	0.004	0.0	0.028985507246376812	0.0
Qwen3-8B	magicoder	42	Qwen3-8B/magicoder/seed42	hns_f4_s1	commonsense	piqa	off_task	1838	68	55	181	1534	59	20	0.8676470588235294	0.36363636363636365	2	0	0.001088139281828074	0.0	0.011049723756906077	0.0
Qwen3-8B	magicoder	42	Qwen3-8B/magicoder/seed42	hns_f4_s1	commonsense	siqa	off_task	1954	57	51	431	1415	45	8	0.7894736842105263	0.1568627450980392	5	2	0.00255885363357216	0.0010235414534288639	0.01160092807424594	0.0014134275618374558
Qwen3-8B	magicoder	42	Qwen3-8B/magicoder/seed42	hns_f4_s1	commonsense	winogrande	off_task	1267	49	44	407	767	41	13	0.8367346938775511	0.29545454545454547	10	3	0.007892659826361484	0.0023677979479084454	0.02457002457002457	0.003911342894393742
Qwen3-8B	magicoder	42	Qwen3-8B/magicoder/seed42	scalar_e	commonsense	arc_challenge	off_task	1172	16	64	96	996	10	26	0.625	0.40625	5	1	0.004266211604095563	0.0008532423208191126	0.052083333333333336	0.001004016064257028
Qwen3-8B	magicoder	42	Qwen3-8B/magicoder/seed42	scalar_e	commonsense	arc_easy	off_task	2376	8	61	66	2241	4	31	0.5	0.5081967213114754	0	1	0.0	0.00042087542087542086	0.0	0.0004462293618920125
Qwen3-8B	magicoder	42	Qwen3-8B/magicoder/seed42	scalar_e	commonsense	boolq	off_task	3270	35	52	372	2811	32	14	0.9142857142857143	0.2692307692307692	4	4	0.0012232415902140672	0.0012232415902140672	0.010752688172043012	0.001422981145499822
Qwen3-8B	magicoder	42	Qwen3-8B/magicoder/seed42	scalar_e	commonsense	hellaswag	off_task	10042	255	241	1359	8187	211	73	0.8274509803921568	0.3029045643153527	49	23	0.004879506074487154	0.002290380402310297	0.036055923473142015	0.0028093318675949676
Qwen3-8B	magicoder	42	Qwen3-8B/magicoder/seed42	scalar_e	commonsense	openbookqa	off_task	500	6	19	69	406	4	9	0.6666666666666666	0.47368421052631576	2	0	0.004	0.0	0.028985507246376812	0.0
Qwen3-8B	magicoder	42	Qwen3-8B/magicoder/seed42	scalar_e	commonsense	piqa	off_task	1838	68	55	181	1534	54	26	0.7941176470588235	0.4727272727272727	3	2	0.001632208922742111	0.001088139281828074	0.016574585635359115	0.001303780964797914
Qwen3-8B	magicoder	42	Qwen3-8B/magicoder/seed42	scalar_e	commonsense	siqa	off_task	1954	57	51	431	1415	48	13	0.8421052631578947	0.2549019607843137	7	5	0.0035823950870010235	0.00255885363357216	0.016241299303944315	0.0035335689045936395
Qwen3-8B	magicoder	42	Qwen3-8B/magicoder/seed42	scalar_e	commonsense	winogrande	off_task	1267	49	44	407	767	39	18	0.7959183673469388	0.4090909090909091	16	8	0.012628255722178374	0.006314127861089187	0.03931203931203931	0.010430247718383311
Qwen3-8B	magicoder	42	Qwen3-8B/magicoder/seed42	flat_e	commonsense	arc_challenge	off_task	1172	16	64	96	996	11	23	0.6875	0.359375	6	2	0.005119453924914676	0.0017064846416382253	0.0625	0.002008032128514056
Qwen3-8B	magicoder	42	Qwen3-8B/magicoder/seed42	flat_e	commonsense	arc_easy	off_task	2376	8	61	66	2241	5	33	0.625	0.5409836065573771	0	1	0.0	0.00042087542087542086	0.0	0.0004462293618920125
Qwen3-8B	magicoder	42	Qwen3-8B/magicoder/seed42	flat_e	commonsense	boolq	off_task	3270	35	52	372	2811	32	14	0.9142857142857143	0.2692307692307692	5	5	0.0015290519877675841	0.0015290519877675841	0.013440860215053764	0.0017787264318747777
Qwen3-8B	magicoder	42	Qwen3-8B/magicoder/seed42	flat_e	commonsense	hellaswag	off_task	10042	255	241	1359	8187	213	63	0.8352941176470589	0.26141078838174275	41	16	0.004082852021509659	0.001593308105954989	0.03016924208977189	0.0019543178209356295
Qwen3-8B	magicoder	42	Qwen3-8B/magicoder/seed42	flat_e	commonsense	openbookqa	off_task	500	6	19	69	406	4	10	0.6666666666666666	0.5263157894736842	1	0	0.002	0.0	0.014492753623188406	0.0
Qwen3-8B	magicoder	42	Qwen3-8B/magicoder/seed42	flat_e	commonsense	piqa	off_task	1838	68	55	181	1534	59	21	0.8676470588235294	0.38181818181818183	2	0	0.001088139281828074	0.0	0.011049723756906077	0.0
Qwen3-8B	magicoder	42	Qwen3-8B/magicoder/seed42	flat_e	commonsense	siqa	off_task	1954	57	51	431	1415	47	8	0.8245614035087719	0.1568627450980392	4	4	0.0020470829068577278	0.0020470829068577278	0.009280742459396751	0.0028268551236749115
Qwen3-8B	magicoder	42	Qwen3-8B/magicoder/seed42	flat_e	commonsense	winogrande	off_task	1267	49	44	407	767	41	15	0.8367346938775511	0.3409090909090909	9	3	0.007103393843725336	0.0023677979479084454	0.022113022113022112	0.003911342894393742
Qwen3-8B	magicoder	43	Qwen3-8B/magicoder/seed43	hns_f4_s1	commonsense	arc_challenge	off_task	1172	15	64	96	997	9	22	0.6	0.34375	5	1	0.004266211604095563	0.0008532423208191126	0.052083333333333336	0.0010030090270812437
Qwen3-8B	magicoder	43	Qwen3-8B/magicoder/seed43	hns_f4_s1	commonsense	arc_easy	off_task	2376	7	60	67	2242	5	30	0.7142857142857143	0.5	0	3	0.0	0.0012626262626262627	0.0	0.0013380909901873326
Qwen3-8B	magicoder	43	Qwen3-8B/magicoder/seed43	hns_f4_s1	commonsense	boolq	off_task	3270	36	46	378	2810	29	14	0.8055555555555556	0.30434782608695654	2	2	0.0006116207951070336	0.0006116207951070336	0.005291005291005291	0.0007117437722419929
Qwen3-8B	magicoder	43	Qwen3-8B/magicoder/seed43	hns_f4_s1	commonsense	hellaswag	off_task	10042	236	256	1344	8206	190	82	0.8050847457627118	0.3203125	35	18	0.0034853614817765386	0.0017924716191993627	0.026041666666666668	0.0021935169388252497
Qwen3-8B	magicoder	43	Qwen3-8B/magicoder/seed43	hns_f4_s1	commonsense	openbookqa	off_task	500	9	17	71	403	7	9	0.7777777777777778	0.5294117647058824	2	0	0.004	0.0	0.028169014084507043	0.0
Qwen3-8B	magicoder	43	Qwen3-8B/magicoder/seed43	hns_f4_s1	commonsense	piqa	off_task	1838	47	53	183	1555	36	18	0.7659574468085106	0.33962264150943394	3	2	0.001632208922742111	0.001088139281828074	0.01639344262295082	0.0012861736334405145
Qwen3-8B	magicoder	43	Qwen3-8B/magicoder/seed43	hns_f4_s1	commonsense	siqa	off_task	1954	49	54	428	1423	35	12	0.7142857142857143	0.2222222222222222	2	4	0.0010235414534288639	0.0020470829068577278	0.004672897196261682	0.0028109627547434997
Qwen3-8B	magicoder	43	Qwen3-8B/magicoder/seed43	hns_f4_s1	commonsense	winogrande	off_task	1267	57	56	395	759	50	12	0.8771929824561403	0.21428571428571427	4	1	0.0031570639305445935	0.0007892659826361484	0.010126582278481013	0.0013175230566534915
Qwen3-8B	magicoder	43	Qwen3-8B/magicoder/seed43	scalar_e	commonsense	arc_challenge	off_task	1172	15	64	96	997	9	29	0.6	0.453125	4	2	0.0034129692832764505	0.0017064846416382253	0.041666666666666664	0.0020060180541624875
Qwen3-8B	magicoder	43	Qwen3-8B/magicoder/seed43	scalar_e	commonsense	arc_easy	off_task	2376	7	60	67	2242	5	32	0.7142857142857143	0.5333333333333333	1	2	0.00042087542087542086	0.0008417508417508417	0.014925373134328358	0.0008920606601248885
Qwen3-8B	magicoder	43	Qwen3-8B/magicoder/seed43	scalar_e	commonsense	boolq	off_task	3270	36	46	378	2810	29	19	0.8055555555555556	0.41304347826086957	3	4	0.0009174311926605505	0.0012232415902140672	0.007936507936507936	0.0014234875444839859
Qwen3-8B	magicoder	43	Qwen3-8B/magicoder/seed43	scalar_e	commonsense	hellaswag	off_task	10042	236	256	1344	8206	185	91	0.7838983050847458	0.35546875	55	34	0.005476996614220275	0.0033857797251543517	0.04092261904761905	0.004143309773336583
Qwen3-8B	magicoder	43	Qwen3-8B/magicoder/seed43	scalar_e	commonsense	openbookqa	off_task	500	9	17	71	403	6	9	0.6666666666666666	0.5294117647058824	3	0	0.006	0.0	0.04225352112676056	0.0
Qwen3-8B	magicoder	43	Qwen3-8B/magicoder/seed43	scalar_e	commonsense	piqa	off_task	1838	47	53	183	1555	28	22	0.5957446808510638	0.41509433962264153	6	2	0.003264417845484222	0.001088139281828074	0.03278688524590164	0.0012861736334405145
Qwen3-8B	magicoder	43	Qwen3-8B/magicoder/seed43	scalar_e	commonsense	siqa	off_task	1954	49	54	428	1423	38	17	0.7755102040816326	0.3148148148148148	2	4	0.0010235414534288639	0.0020470829068577278	0.004672897196261682	0.0028109627547434997
Qwen3-8B	magicoder	43	Qwen3-8B/magicoder/seed43	scalar_e	commonsense	winogrande	off_task	1267	57	56	395	759	42	23	0.7368421052631579	0.4107142857142857	9	2	0.007103393843725336	0.0015785319652722968	0.02278481012658228	0.002635046113306983
Qwen3-8B	magicoder	43	Qwen3-8B/magicoder/seed43	flat_e	commonsense	arc_challenge	off_task	1172	15	64	96	997	9	23	0.6	0.359375	5	2	0.004266211604095563	0.0017064846416382253	0.052083333333333336	0.0020060180541624875
Qwen3-8B	magicoder	43	Qwen3-8B/magicoder/seed43	flat_e	commonsense	arc_easy	off_task	2376	7	60	67	2242	5	30	0.7142857142857143	0.5	0	1	0.0	0.00042087542087542086	0.0	0.00044603033006244426
Qwen3-8B	magicoder	43	Qwen3-8B/magicoder/seed43	flat_e	commonsense	boolq	off_task	3270	36	46	378	2810	29	15	0.8055555555555556	0.32608695652173914	2	3	0.0006116207951070336	0.0009174311926605505	0.005291005291005291	0.0010676156583629894
Qwen3-8B	magicoder	43	Qwen3-8B/magicoder/seed43	flat_e	commonsense	hellaswag	off_task	10042	236	256	1344	8206	192	81	0.8135593220338984	0.31640625	36	21	0.0035849432383987254	0.0020912168890659232	0.026785714285714284	0.002559103095296125
Qwen3-8B	magicoder	43	Qwen3-8B/magicoder/seed43	flat_e	commonsense	openbookqa	off_task	500	9	17	71	403	7	9	0.7777777777777778	0.5294117647058824	1	0	0.002	0.0	0.014084507042253521	0.0
Qwen3-8B	magicoder	43	Qwen3-8B/magicoder/seed43	flat_e	commonsense	piqa	off_task	1838	47	53	183	1555	37	17	0.7872340425531915	0.32075471698113206	3	1	0.001632208922742111	0.000544069640914037	0.01639344262295082	0.0006430868167202572
Qwen3-8B	magicoder	43	Qwen3-8B/magicoder/seed43	flat_e	commonsense	siqa	off_task	1954	49	54	428	1423	36	14	0.7346938775510204	0.25925925925925924	2	3	0.0010235414534288639	0.0015353121801432957	0.004672897196261682	0.0021082220660576245
Qwen3-8B	magicoder	43	Qwen3-8B/magicoder/seed43	flat_e	commonsense	winogrande	off_task	1267	57	56	395	759	47	15	0.8245614035087719	0.26785714285714285	4	1	0.0031570639305445935	0.0007892659826361484	0.010126582278481013	0.0013175230566534915
Qwen3-8B	magicoder	44	Qwen3-8B/magicoder/seed44	hns_f4_s1	commonsense	arc_challenge	off_task	1172	16	67	93	996	11	25	0.6875	0.373134328358209	4	2	0.0034129692832764505	0.0017064846416382253	0.043010752688172046	0.002008032128514056
Qwen3-8B	magicoder	44	Qwen3-8B/magicoder/seed44	hns_f4_s1	commonsense	arc_easy	off_task	2376	7	60	67	2242	6	31	0.8571428571428571	0.5166666666666667	1	4	0.00042087542087542086	0.0016835016835016834	0.014925373134328358	0.001784121320249777
Qwen3-8B	magicoder	44	Qwen3-8B/magicoder/seed44	hns_f4_s1	commonsense	boolq	off_task	3270	36	40	384	2810	29	12	0.8055555555555556	0.3	5	5	0.0015290519877675841	0.0015290519877675841	0.013020833333333334	0.0017793594306049821
Qwen3-8B	magicoder	44	Qwen3-8B/magicoder/seed44	hns_f4_s1	commonsense	hellaswag	off_task	10042	242	258	1342	8200	198	82	0.8181818181818182	0.3178294573643411	36	14	0.0035849432383987254	0.0013941445927106153	0.026825633383010434	0.0017073170731707317
Qwen3-8B	magicoder	44	Qwen3-8B/magicoder/seed44	hns_f4_s1	commonsense	openbookqa	off_task	500	10	13	75	402	7	9	0.7	0.6923076923076923	3	0	0.006	0.0	0.04	0.0
Qwen3-8B	magicoder	44	Qwen3-8B/magicoder/seed44	hns_f4_s1	commonsense	piqa	off_task	1838	56	56	180	1546	46	20	0.8214285714285714	0.35714285714285715	2	1	0.001088139281828074	0.000544069640914037	0.011111111111111112	0.000646830530401035
Qwen3-8B	magicoder	44	Qwen3-8B/magicoder/seed44	hns_f4_s1	commonsense	siqa	off_task	1954	49	52	430	1423	37	12	0.7551020408163265	0.23076923076923078	3	5	0.0015353121801432957	0.00255885363357216	0.0069767441860465115	0.0035137034434293743
Qwen3-8B	magicoder	44	Qwen3-8B/magicoder/seed44	hns_f4_s1	commonsense	winogrande	off_task	1267	60	53	398	756	51	12	0.85	0.22641509433962265	4	2	0.0031570639305445935	0.0015785319652722968	0.010050251256281407	0.0026455026455026454
Qwen3-8B	magicoder	44	Qwen3-8B/magicoder/seed44	scalar_e	commonsense	arc_challenge	off_task	1172	16	67	93	996	11	31	0.6875	0.4626865671641791	3	2	0.002559726962457338	0.0017064846416382253	0.03225806451612903	0.002008032128514056
Qwen3-8B	magicoder	44	Qwen3-8B/magicoder/seed44	scalar_e	commonsense	arc_easy	off_task	2376	7	60	67	2242	5	31	0.7142857142857143	0.5166666666666667	0	3	0.0	0.0012626262626262627	0.0	0.0013380909901873326
Qwen3-8B	magicoder	44	Qwen3-8B/magicoder/seed44	scalar_e	commonsense	boolq	off_task	3270	36	40	384	2810	32	15	0.8888888888888888	0.375	6	3	0.001834862385321101	0.0009174311926605505	0.015625	0.0010676156583629894
Qwen3-8B	magicoder	44	Qwen3-8B/magicoder/seed44	scalar_e	commonsense	hellaswag	off_task	10042	242	258	1342	8200	183	95	0.756198347107438	0.3682170542635659	48	32	0.0047799243178649675	0.003186616211909978	0.03576751117734724	0.003902439024390244
Qwen3-8B	magicoder	44	Qwen3-8B/magicoder/seed44	scalar_e	commonsense	openbookqa	off_task	500	10	13	75	402	8	10	0.8	0.7692307692307693	3	2	0.006	0.004	0.04	0.004975124378109453
Qwen3-8B	magicoder	44	Qwen3-8B/magicoder/seed44	scalar_e	commonsense	piqa	off_task	1838	56	56	180	1546	39	25	0.6964285714285714	0.44642857142857145	3	1	0.001632208922742111	0.000544069640914037	0.016666666666666666	0.000646830530401035
Qwen3-8B	magicoder	44	Qwen3-8B/magicoder/seed44	scalar_e	commonsense	siqa	off_task	1954	49	52	430	1423	37	18	0.7551020408163265	0.34615384615384615	3	6	0.0015353121801432957	0.0030706243602865915	0.0069767441860465115	0.004216444132115249
Qwen3-8B	magicoder	44	Qwen3-8B/magicoder/seed44	scalar_e	commonsense	winogrande	off_task	1267	60	53	398	756	45	23	0.75	0.4339622641509434	10	3	0.007892659826361484	0.0023677979479084454	0.02512562814070352	0.003968253968253968
Qwen3-8B	magicoder	44	Qwen3-8B/magicoder/seed44	flat_e	commonsense	arc_challenge	off_task	1172	16	67	93	996	11	26	0.6875	0.3880597014925373	4	2	0.0034129692832764505	0.0017064846416382253	0.043010752688172046	0.002008032128514056
Qwen3-8B	magicoder	44	Qwen3-8B/magicoder/seed44	flat_e	commonsense	arc_easy	off_task	2376	7	60	67	2242	6	32	0.8571428571428571	0.5333333333333333	1	4	0.00042087542087542086	0.0016835016835016834	0.014925373134328358	0.001784121320249777
Qwen3-8B	magicoder	44	Qwen3-8B/magicoder/seed44	flat_e	commonsense	boolq	off_task	3270	36	40	384	2810	29	13	0.8055555555555556	0.325	5	5	0.0015290519877675841	0.0015290519877675841	0.013020833333333334	0.0017793594306049821
Qwen3-8B	magicoder	44	Qwen3-8B/magicoder/seed44	flat_e	commonsense	hellaswag	off_task	10042	242	258	1342	8200	193	82	0.7975206611570248	0.3178294573643411	40	15	0.003983270264887473	0.0014937263493328022	0.029806259314456036	0.001829268292682927
Qwen3-8B	magicoder	44	Qwen3-8B/magicoder/seed44	flat_e	commonsense	openbookqa	off_task	500	10	13	75	402	8	10	0.8	0.7692307692307693	2	0	0.004	0.0	0.02666666666666667	0.0
Qwen3-8B	magicoder	44	Qwen3-8B/magicoder/seed44	flat_e	commonsense	piqa	off_task	1838	56	56	180	1546	45	18	0.8035714285714286	0.32142857142857145	2	2	0.001088139281828074	0.001088139281828074	0.011111111111111112	0.00129366106080207
Qwen3-8B	magicoder	44	Qwen3-8B/magicoder/seed44	flat_e	commonsense	siqa	off_task	1954	49	52	430	1423	38	11	0.7755102040816326	0.21153846153846154	4	5	0.0020470829068577278	0.00255885363357216	0.009302325581395349	0.0035137034434293743
Qwen3-8B	magicoder	44	Qwen3-8B/magicoder/seed44	flat_e	commonsense	winogrande	off_task	1267	60	53	398	756	52	14	0.8666666666666667	0.2641509433962264	7	2	0.0055248618784530384	0.0015785319652722968	0.017587939698492462	0.0026455026455026454
Qwen3-8B	metamath	42	Qwen3-8B/metamath/seed42	hns_f4_s1	commonsense	arc_challenge	off_task	1172	33	54	106	979	27	41	0.8181818181818182	0.7592592592592593	22	0	0.01877133105802048	0.0	0.20754716981132076	0.0
Qwen3-8B	metamath	42	Qwen3-8B/metamath/seed42	hns_f4_s1	commonsense	arc_easy	off_task	2376	32	66	61	2217	28	48	0.875	0.7272727272727273	4	1	0.0016835016835016834	0.00042087542087542086	0.06557377049180328	0.0004510599909788002
Qwen3-8B	metamath	42	Qwen3-8B/metamath/seed42	hns_f4_s1	commonsense	boolq	off_task	3270	54	103	321	2792	37	47	0.6851851851851852	0.4563106796116505	10	5	0.0030581039755351682	0.0015290519877675841	0.03115264797507788	0.0017908309455587394
Qwen3-8B	metamath	42	Qwen3-8B/metamath/seed42	hns_f4_s1	commonsense	hellaswag	off_task	10042	469	371	1229	7973	317	185	0.67590618336887	0.49865229110512127	66	37	0.00657239593706433	0.0036845249950209122	0.05370219690805533	0.004640662235043271
Qwen3-8B	metamath	42	Qwen3-8B/metamath/seed42	hns_f4_s1	commonsense	openbookqa	off_task	500	15	25	63	397	11	16	0.7333333333333333	0.64	6	1	0.012	0.002	0.09523809523809523	0.0025188916876574307
Qwen3-8B	metamath	42	Qwen3-8B/metamath/seed42	hns_f4_s1	commonsense	piqa	off_task	1838	97	65	171	1505	64	34	0.6597938144329897	0.5230769230769231	7	3	0.003808487486398259	0.001632208922742111	0.04093567251461988	0.0019933554817275745
Qwen3-8B	metamath	42	Qwen3-8B/metamath/seed42	hns_f4_s1	commonsense	siqa	off_task	1954	107	87	395	1365	78	33	0.7289719626168224	0.3793103448275862	12	9	0.006141248720573183	0.004605936540429887	0.030379746835443037	0.006593406593406593
Qwen3-8B	metamath	42	Qwen3-8B/metamath/seed42	hns_f4_s1	commonsense	winogrande	off_task	1267	111	119	332	705	59	85	0.5315315315315315	0.7142857142857143	18	13	0.014206787687450671	0.010260457774269928	0.05421686746987952	0.018439716312056736
Qwen3-8B	metamath	42	Qwen3-8B/metamath/seed42	scalar_e	commonsense	arc_challenge	off_task	1172	33	54	106	979	25	41	0.7575757575757576	0.7592592592592593	16	1	0.013651877133105802	0.0008532423208191126	0.1509433962264151	0.0010214504596527069
Qwen3-8B	metamath	42	Qwen3-8B/metamath/seed42	scalar_e	commonsense	arc_easy	off_task	2376	32	66	61	2217	30	47	0.9375	0.7121212121212122	5	2	0.0021043771043771043	0.0008417508417508417	0.08196721311475409	0.0009021199819576004
Qwen3-8B	metamath	42	Qwen3-8B/metamath/seed42	scalar_e	commonsense	boolq	off_task	3270	54	103	321	2792	36	51	0.6666666666666666	0.49514563106796117	10	4	0.0030581039755351682	0.0012232415902140672	0.03115264797507788	0.0014326647564469914
Qwen3-8B	metamath	42	Qwen3-8B/metamath/seed42	scalar_e	commonsense	hellaswag	off_task	10042	469	371	1229	7973	332	188	0.7078891257995735	0.5067385444743935	49	24	0.004879506074487154	0.0023899621589324837	0.03986981285598047	0.0030101592875956353
Qwen3-8B	metamath	42	Qwen3-8B/metamath/seed42	scalar_e	commonsense	openbookqa	off_task	500	15	25	63	397	11	17	0.7333333333333333	0.68	5	1	0.01	0.002	0.07936507936507936	0.0025188916876574307
Qwen3-8B	metamath	42	Qwen3-8B/metamath/seed42	scalar_e	commonsense	piqa	off_task	1838	97	65	171	1505	64	37	0.6597938144329897	0.5692307692307692	6	2	0.003264417845484222	0.001088139281828074	0.03508771929824561	0.00132890365448505
Qwen3-8B	metamath	42	Qwen3-8B/metamath/seed42	scalar_e	commonsense	siqa	off_task	1954	107	87	395	1365	80	29	0.7476635514018691	0.3333333333333333	11	8	0.005629477993858751	0.0040941658137154556	0.027848101265822784	0.005860805860805861
Qwen3-8B	metamath	42	Qwen3-8B/metamath/seed42	scalar_e	commonsense	winogrande	off_task	1267	111	119	332	705	54	86	0.4864864864864865	0.7226890756302521	18	19	0.014206787687450671	0.01499605367008682	0.05421686746987952	0.02695035460992908
Qwen3-8B	metamath	42	Qwen3-8B/metamath/seed42	flat_e	commonsense	arc_challenge	off_task	1172	33	54	106	979	27	41	0.8181818181818182	0.7592592592592593	24	0	0.020477815699658702	0.0	0.22641509433962265	0.0
Qwen3-8B	metamath	42	Qwen3-8B/metamath/seed42	flat_e	commonsense	arc_easy	off_task	2376	32	66	61	2217	28	48	0.875	0.7272727272727273	6	2	0.0025252525252525255	0.0008417508417508417	0.09836065573770492	0.0009021199819576004
Qwen3-8B	metamath	42	Qwen3-8B/metamath/seed42	flat_e	commonsense	boolq	off_task	3270	54	103	321	2792	36	49	0.6666666666666666	0.47572815533980584	12	6	0.003669724770642202	0.001834862385321101	0.037383177570093455	0.002148997134670487
Qwen3-8B	metamath	42	Qwen3-8B/metamath/seed42	flat_e	commonsense	hellaswag	off_task	10042	469	371	1229	7973	322	185	0.6865671641791045	0.49865229110512127	57	36	0.005676160127464649	0.0035849432383987254	0.046379170056956874	0.004515238931393453
Qwen3-8B	metamath	42	Qwen3-8B/metamath/seed42	flat_e	commonsense	openbookqa	off_task	500	15	25	63	397	10	17	0.6666666666666666	0.68	6	1	0.012	0.002	0.09523809523809523	0.0025188916876574307
Qwen3-8B	metamath	42	Qwen3-8B/metamath/seed42	flat_e	commonsense	piqa	off_task	1838	97	65	171	1505	63	34	0.6494845360824743	0.5230769230769231	7	4	0.003808487486398259	0.002176278563656148	0.04093567251461988	0.0026578073089701
Qwen3-8B	metamath	42	Qwen3-8B/metamath/seed42	flat_e	commonsense	siqa	off_task	1954	107	87	395	1365	78	31	0.7289719626168224	0.3563218390804598	14	9	0.007164790174002047	0.004605936540429887	0.035443037974683546	0.006593406593406593
Qwen3-8B	metamath	42	Qwen3-8B/metamath/seed42	flat_e	commonsense	winogrande	off_task	1267	111	119	332	705	58	85	0.5225225225225225	0.7142857142857143	20	13	0.01578531965272297	0.010260457774269928	0.060240963855421686	0.018439716312056736
Qwen3-8B	metamath	43	Qwen3-8B/metamath/seed43	hns_f4_s1	commonsense	arc_challenge	off_task	1172	27	57	103	985	21	47	0.7777777777777778	0.8245614035087719	20	0	0.017064846416382253	0.0	0.1941747572815534	0.0
Qwen3-8B	metamath	43	Qwen3-8B/metamath/seed43	hns_f4_s1	commonsense	arc_easy	off_task	2376	29	65	62	2220	24	49	0.8275862068965517	0.7538461538461538	11	2	0.004629629629629629	0.0008417508417508417	0.1774193548387097	0.0009009009009009009
Qwen3-8B	metamath	43	Qwen3-8B/metamath/seed43	hns_f4_s1	commonsense	boolq	off_task	3270	65	107	317	2781	50	49	0.7692307692307693	0.45794392523364486	6	11	0.001834862385321101	0.003363914373088685	0.01892744479495268	0.003955411722402014
Qwen3-8B	metamath	43	Qwen3-8B/metamath/seed43	hns_f4_s1	commonsense	hellaswag	off_task	10042	502	337	1263	7940	336	182	0.6693227091633466	0.5400593471810089	74	42	0.0073690499900418245	0.0041824337781318464	0.05859065716547902	0.005289672544080605
Qwen3-8B	metamath	43	Qwen3-8B/metamath/seed43	hns_f4_s1	commonsense	openbookqa	off_task	500	16	27	61	396	13	18	0.8125	0.6666666666666666	6	1	0.012	0.002	0.09836065573770492	0.0025252525252525255
Qwen3-8B	metamath	43	Qwen3-8B/metamath/seed43	hns_f4_s1	commonsense	piqa	off_task	1838	89	63	173	1513	57	30	0.6404494382022472	0.47619047619047616	10	8	0.00544069640914037	0.004352557127312296	0.057803468208092484	0.005287508261731659
Qwen3-8B	metamath	43	Qwen3-8B/metamath/seed43	hns_f4_s1	commonsense	siqa	off_task	1954	102	90	392	1370	71	33	0.696078431372549	0.36666666666666664	9	6	0.004605936540429887	0.0030706243602865915	0.02295918367346939	0.004379562043795621
Qwen3-8B	metamath	43	Qwen3-8B/metamath/seed43	hns_f4_s1	commonsense	winogrande	off_task	1267	98	124	327	718	48	86	0.4897959183673469	0.6935483870967742	15	12	0.011838989739542225	0.009471191791633781	0.045871559633027525	0.016713091922005572
Qwen3-8B	metamath	43	Qwen3-8B/metamath/seed43	scalar_e	commonsense	arc_challenge	off_task	1172	27	57	103	985	19	48	0.7037037037037037	0.8421052631578947	16	0	0.013651877133105802	0.0	0.1553398058252427	0.0
Qwen3-8B	metamath	43	Qwen3-8B/metamath/seed43	scalar_e	commonsense	arc_easy	off_task	2376	29	65	62	2220	24	48	0.8275862068965517	0.7384615384615385	9	1	0.003787878787878788	0.00042087542087542086	0.14516129032258066	0.00045045045045045046
Qwen3-8B	metamath	43	Qwen3-8B/metamath/seed43	scalar_e	commonsense	boolq	off_task	3270	65	107	317	2781	49	49	0.7538461538461538	0.45794392523364486	6	7	0.001834862385321101	0.0021406727828746177	0.01892744479495268	0.0025170801869830997
Qwen3-8B	metamath	43	Qwen3-8B/metamath/seed43	scalar_e	commonsense	hellaswag	off_task	10042	502	337	1263	7940	319	203	0.6354581673306773	0.6023738872403561	66	41	0.00657239593706433	0.004082852021509659	0.052256532066508314	0.005163727959697733
Qwen3-8B	metamath	43	Qwen3-8B/metamath/seed43	scalar_e	commonsense	openbookqa	off_task	500	16	27	61	396	14	20	0.875	0.7407407407407407	8	1	0.016	0.002	0.13114754098360656	0.0025252525252525255
Qwen3-8B	metamath	43	Qwen3-8B/metamath/seed43	scalar_e	commonsense	piqa	off_task	1838	89	63	173	1513	57	30	0.6404494382022472	0.47619047619047616	9	8	0.004896626768226333	0.004352557127312296	0.05202312138728324	0.005287508261731659
Qwen3-8B	metamath	43	Qwen3-8B/metamath/seed43	scalar_e	commonsense	siqa	off_task	1954	102	90	392	1370	68	33	0.6666666666666666	0.36666666666666664	10	5	0.00511770726714432	0.00255885363357216	0.025510204081632654	0.0036496350364963502
Qwen3-8B	metamath	43	Qwen3-8B/metamath/seed43	scalar_e	commonsense	winogrande	off_task	1267	98	124	327	718	48	83	0.4897959183673469	0.6693548387096774	8	8	0.006314127861089187	0.006314127861089187	0.024464831804281346	0.011142061281337047
Qwen3-8B	metamath	43	Qwen3-8B/metamath/seed43	flat_e	commonsense	arc_challenge	off_task	1172	27	57	103	985	21	47	0.7777777777777778	0.8245614035087719	20	0	0.017064846416382253	0.0	0.1941747572815534	0.0
Qwen3-8B	metamath	43	Qwen3-8B/metamath/seed43	flat_e	commonsense	arc_easy	off_task	2376	29	65	62	2220	24	49	0.8275862068965517	0.7538461538461538	11	2	0.004629629629629629	0.0008417508417508417	0.1774193548387097	0.0009009009009009009
Qwen3-8B	metamath	43	Qwen3-8B/metamath/seed43	flat_e	commonsense	boolq	off_task	3270	65	107	317	2781	49	48	0.7538461538461538	0.4485981308411215	5	11	0.0015290519877675841	0.003363914373088685	0.015772870662460567	0.003955411722402014
Qwen3-8B	metamath	43	Qwen3-8B/metamath/seed43	flat_e	commonsense	hellaswag	off_task	10042	502	337	1263	7940	331	179	0.6593625498007968	0.5311572700296736	75	39	0.007468631746664011	0.003883688508265286	0.05938242280285035	0.00491183879093199
Qwen3-8B	metamath	43	Qwen3-8B/metamath/seed43	flat_e	commonsense	openbookqa	off_task	500	16	27	61	396	13	18	0.8125	0.6666666666666666	6	1	0.012	0.002	0.09836065573770492	0.0025252525252525255
Qwen3-8B	metamath	43	Qwen3-8B/metamath/seed43	flat_e	commonsense	piqa	off_task	1838	89	63	173	1513	61	31	0.6853932584269663	0.49206349206349204	12	9	0.006528835690968444	0.004896626768226333	0.06936416184971098	0.005948446794448116
Qwen3-8B	metamath	43	Qwen3-8B/metamath/seed43	flat_e	commonsense	siqa	off_task	1954	102	90	392	1370	70	31	0.6862745098039216	0.34444444444444444	11	6	0.005629477993858751	0.0030706243602865915	0.02806122448979592	0.004379562043795621
Qwen3-8B	metamath	43	Qwen3-8B/metamath/seed43	flat_e	commonsense	winogrande	off_task	1267	98	124	327	718	48	86	0.4897959183673469	0.6935483870967742	14	11	0.011049723756906077	0.008681925808997633	0.04281345565749235	0.01532033426183844
Qwen3-8B	metamath	44	Qwen3-8B/metamath/seed44	hns_f4_s1	commonsense	arc_challenge	off_task	1172	28	53	107	984	22	42	0.7857142857142857	0.7924528301886793	27	0	0.02303754266211604	0.0	0.2523364485981308	0.0
Qwen3-8B	metamath	44	Qwen3-8B/metamath/seed44	hns_f4_s1	commonsense	arc_easy	off_task	2376	30	61	66	2219	26	47	0.8666666666666667	0.7704918032786885	8	2	0.003367003367003367	0.0008417508417508417	0.12121212121212122	0.0009013068949977468
Qwen3-8B	metamath	44	Qwen3-8B/metamath/seed44	hns_f4_s1	commonsense	boolq	off_task	3270	57	94	330	2789	41	35	0.7192982456140351	0.3723404255319149	3	11	0.0009174311926605505	0.003363914373088685	0.00909090909090909	0.003944065973467192
Qwen3-8B	metamath	44	Qwen3-8B/metamath/seed44	hns_f4_s1	commonsense	hellaswag	off_task	10042	524	353	1247	7918	342	194	0.6526717557251909	0.5495750708215298	54	37	0.005377414857598088	0.0036845249950209122	0.04330392943063352	0.004672897196261682
Qwen3-8B	metamath	44	Qwen3-8B/metamath/seed44	hns_f4_s1	commonsense	openbookqa	off_task	500	13	25	63	399	10	19	0.7692307692307693	0.76	6	2	0.012	0.004	0.09523809523809523	0.005012531328320802
Qwen3-8B	metamath	44	Qwen3-8B/metamath/seed44	hns_f4_s1	commonsense	piqa	off_task	1838	107	65	171	1495	70	35	0.6542056074766355	0.5384615384615384	5	5	0.002720348204570185	0.002720348204570185	0.029239766081871343	0.0033444816053511705
Qwen3-8B	metamath	44	Qwen3-8B/metamath/seed44	hns_f4_s1	commonsense	siqa	off_task	1954	98	83	399	1374	68	27	0.6938775510204082	0.3253012048192771	12	9	0.006141248720573183	0.004605936540429887	0.03007518796992481	0.006550218340611353
Qwen3-8B	metamath	44	Qwen3-8B/metamath/seed44	hns_f4_s1	commonsense	winogrande	off_task	1267	107	108	343	709	59	69	0.5514018691588785	0.6388888888888888	14	3	0.011049723756906077	0.0023677979479084454	0.04081632653061224	0.004231311706629055
Qwen3-8B	metamath	44	Qwen3-8B/metamath/seed44	scalar_e	commonsense	arc_challenge	off_task	1172	28	53	107	984	20	41	0.7142857142857143	0.7735849056603774	25	2	0.021331058020477817	0.0017064846416382253	0.2336448598130841	0.0020325203252032522
Qwen3-8B	metamath	44	Qwen3-8B/metamath/seed44	scalar_e	commonsense	arc_easy	off_task	2376	30	61	66	2219	26	47	0.8666666666666667	0.7704918032786885	10	0	0.004208754208754209	0.0	0.15151515151515152	0.0
Qwen3-8B	metamath	44	Qwen3-8B/metamath/seed44	scalar_e	commonsense	boolq	off_task	3270	57	94	330	2789	41	34	0.7192982456140351	0.3617021276595745	5	7	0.0015290519877675841	0.0021406727828746177	0.015151515151515152	0.002509860164933668
Qwen3-8B	metamath	44	Qwen3-8B/metamath/seed44	scalar_e	commonsense	hellaswag	off_task	10042	524	353	1247	7918	345	211	0.6583969465648855	0.5977337110481586	54	32	0.005377414857598088	0.003186616211909978	0.04330392943063352	0.004041424602172266
Qwen3-8B	metamath	44	Qwen3-8B/metamath/seed44	scalar_e	commonsense	openbookqa	off_task	500	13	25	63	399	10	19	0.7692307692307693	0.76	7	1	0.014	0.002	0.1111111111111111	0.002506265664160401
Qwen3-8B	metamath	44	Qwen3-8B/metamath/seed44	scalar_e	commonsense	piqa	off_task	1838	107	65	171	1495	73	36	0.6822429906542056	0.5538461538461539	3	3	0.001632208922742111	0.001632208922742111	0.017543859649122806	0.002006688963210702
Qwen3-8B	metamath	44	Qwen3-8B/metamath/seed44	scalar_e	commonsense	siqa	off_task	1954	98	83	399	1374	64	33	0.6530612244897959	0.39759036144578314	8	7	0.0040941658137154556	0.0035823950870010235	0.020050125313283207	0.005094614264919942
Qwen3-8B	metamath	44	Qwen3-8B/metamath/seed44	scalar_e	commonsense	winogrande	off_task	1267	107	108	343	709	64	69	0.5981308411214953	0.6388888888888888	9	1	0.007103393843725336	0.0007892659826361484	0.026239067055393587	0.0014104372355430183
Qwen3-8B	metamath	44	Qwen3-8B/metamath/seed44	flat_e	commonsense	arc_challenge	off_task	1172	28	53	107	984	22	42	0.7857142857142857	0.7924528301886793	27	1	0.02303754266211604	0.0008532423208191126	0.2523364485981308	0.0010162601626016261
Qwen3-8B	metamath	44	Qwen3-8B/metamath/seed44	flat_e	commonsense	arc_easy	off_task	2376	30	61	66	2219	25	46	0.8333333333333334	0.7540983606557377	9	2	0.003787878787878788	0.0008417508417508417	0.13636363636363635	0.0009013068949977468
Qwen3-8B	metamath	44	Qwen3-8B/metamath/seed44	flat_e	commonsense	boolq	off_task	3270	57	94	330	2789	38	37	0.6666666666666666	0.39361702127659576	3	11	0.0009174311926605505	0.003363914373088685	0.00909090909090909	0.003944065973467192
Qwen3-8B	metamath	44	Qwen3-8B/metamath/seed44	flat_e	commonsense	hellaswag	off_task	10042	524	353	1247	7918	342	197	0.6526717557251909	0.5580736543909348	55	40	0.005476996614220275	0.003983270264887473	0.044105854049719326	0.005051780752715332
Qwen3-8B	metamath	44	Qwen3-8B/metamath/seed44	flat_e	commonsense	openbookqa	off_task	500	13	25	63	399	10	19	0.7692307692307693	0.76	7	2	0.014	0.004	0.1111111111111111	0.005012531328320802
Qwen3-8B	metamath	44	Qwen3-8B/metamath/seed44	flat_e	commonsense	piqa	off_task	1838	107	65	171	1495	70	36	0.6542056074766355	0.5538461538461539	4	5	0.002176278563656148	0.002720348204570185	0.023391812865497075	0.0033444816053511705
Qwen3-8B	metamath	44	Qwen3-8B/metamath/seed44	flat_e	commonsense	siqa	off_task	1954	98	83	399	1374	65	26	0.6632653061224489	0.3132530120481928	11	10	0.005629477993858751	0.00511770726714432	0.02756892230576441	0.00727802037845706
Qwen3-8B	metamath	44	Qwen3-8B/metamath/seed44	flat_e	commonsense	winogrande	off_task	1267	107	108	343	709	60	68	0.5607476635514018	0.6296296296296297	14	3	0.011049723756906077	0.0023677979479084454	0.04081632653061224	0.004231311706629055
Qwen3-8B	tulu	42	Qwen3-8B/tulu/seed42	hns_f4_s1	commonsense	arc_challenge	off_task	1172	19	56	104	993	10	51	0.5263157894736842	0.9107142857142857	9	5	0.007679180887372013	0.004266211604095563	0.08653846153846154	0.005035246727089627
Qwen3-8B	tulu	42	Qwen3-8B/tulu/seed42	hns_f4_s1	commonsense	arc_easy	off_task	2376	12	64	63	2237	5	55	0.4166666666666667	0.859375	5	1	0.0021043771043771043	0.00042087542087542086	0.07936507936507936	0.0004470272686633885
Qwen3-8B	tulu	42	Qwen3-8B/tulu/seed42	hns_f4_s1	commonsense	boolq	off_task	3270	46	56	368	2800	29	26	0.6304347826086957	0.4642857142857143	5	9	0.0015290519877675841	0.0027522935779816515	0.01358695652173913	0.0032142857142857142
Qwen3-8B	tulu	42	Qwen3-8B/tulu/seed42	hns_f4_s1	commonsense	hellaswag	off_task	10042	324	296	1304	8118	151	188	0.4660493827160494	0.6351351351351351	51	22	0.005078669587731528	0.00219079864568811	0.039110429447852764	0.0027100271002710027
Qwen3-8B	tulu	42	Qwen3-8B/tulu/seed42	hns_f4_s1	commonsense	openbookqa	off_task	500	7	27	61	405	5	21	0.7142857142857143	0.7777777777777778	1	2	0.002	0.004	0.01639344262295082	0.0049382716049382715
Qwen3-8B	tulu	42	Qwen3-8B/tulu/seed42	hns_f4_s1	commonsense	piqa	off_task	1838	92	72	164	1510	43	48	0.4673913043478261	0.6666666666666666	5	4	0.002720348204570185	0.002176278563656148	0.03048780487804878	0.0026490066225165563
Qwen3-8B	tulu	42	Qwen3-8B/tulu/seed42	hns_f4_s1	commonsense	siqa	off_task	1954	66	92	390	1406	36	42	0.5454545454545454	0.45652173913043476	8	9	0.0040941658137154556	0.004605936540429887	0.020512820512820513	0.006401137980085348
Qwen3-8B	tulu	42	Qwen3-8B/tulu/seed42	hns_f4_s1	commonsense	winogrande	off_task	1267	110	152	299	706	46	103	0.41818181818181815	0.6776315789473685	5	1	0.003946329913180742	0.0007892659826361484	0.016722408026755852	0.00141643059490085
Qwen3-8B	tulu	42	Qwen3-8B/tulu/seed42	scalar_e	commonsense	arc_challenge	off_task	1172	19	56	104	993	11	50	0.5789473684210527	0.8928571428571429	8	3	0.006825938566552901	0.002559726962457338	0.07692307692307693	0.0030211480362537764
Qwen3-8B	tulu	42	Qwen3-8B/tulu/seed42	scalar_e	commonsense	arc_easy	off_task	2376	12	64	63	2237	7	52	0.5833333333333334	0.8125	3	2	0.0012626262626262627	0.0008417508417508417	0.047619047619047616	0.000894054537326777
Qwen3-8B	tulu	42	Qwen3-8B/tulu/seed42	scalar_e	commonsense	boolq	off_task	3270	46	56	368	2800	27	29	0.5869565217391305	0.5178571428571429	2	5	0.0006116207951070336	0.0015290519877675841	0.005434782608695652	0.0017857142857142857
Qwen3-8B	tulu	42	Qwen3-8B/tulu/seed42	scalar_e	commonsense	hellaswag	off_task	10042	324	296	1304	8118	152	184	0.4691358024691358	0.6216216216216216	45	14	0.0044811790479984065	0.0013941445927106153	0.03450920245398773	0.0017245627001724563
Qwen3-8B	tulu	42	Qwen3-8B/tulu/seed42	scalar_e	commonsense	openbookqa	off_task	500	7	27	61	405	5	23	0.7142857142857143	0.8518518518518519	1	2	0.002	0.004	0.01639344262295082	0.0049382716049382715
Qwen3-8B	tulu	42	Qwen3-8B/tulu/seed42	scalar_e	commonsense	piqa	off_task	1838	92	72	164	1510	38	51	0.41304347826086957	0.7083333333333334	2	1	0.001088139281828074	0.000544069640914037	0.012195121951219513	0.0006622516556291391
Qwen3-8B	tulu	42	Qwen3-8B/tulu/seed42	scalar_e	commonsense	siqa	off_task	1954	66	92	390	1406	34	50	0.5151515151515151	0.5434782608695652	2	2	0.0010235414534288639	0.0010235414534288639	0.005128205128205128	0.001422475106685633
Qwen3-8B	tulu	42	Qwen3-8B/tulu/seed42	scalar_e	commonsense	winogrande	off_task	1267	110	152	299	706	40	109	0.36363636363636365	0.7171052631578947	3	3	0.0023677979479084454	0.0023677979479084454	0.010033444816053512	0.00424929178470255
Qwen3-8B	tulu	42	Qwen3-8B/tulu/seed42	flat_e	commonsense	arc_challenge	off_task	1172	19	56	104	993	9	51	0.47368421052631576	0.9107142857142857	10	5	0.008532423208191127	0.004266211604095563	0.09615384615384616	0.005035246727089627
Qwen3-8B	tulu	42	Qwen3-8B/tulu/seed42	flat_e	commonsense	arc_easy	off_task	2376	12	64	63	2237	5	55	0.4166666666666667	0.859375	5	1	0.0021043771043771043	0.00042087542087542086	0.07936507936507936	0.0004470272686633885
Qwen3-8B	tulu	42	Qwen3-8B/tulu/seed42	flat_e	commonsense	boolq	off_task	3270	46	56	368	2800	28	28	0.6086956521739131	0.5	5	8	0.0015290519877675841	0.0024464831804281344	0.01358695652173913	0.002857142857142857
Qwen3-8B	tulu	42	Qwen3-8B/tulu/seed42	flat_e	commonsense	hellaswag	off_task	10042	324	296	1304	8118	152	188	0.4691358024691358	0.6351351351351351	49	22	0.004879506074487154	0.00219079864568811	0.037576687116564415	0.0027100271002710027
Qwen3-8B	tulu	42	Qwen3-8B/tulu/seed42	flat_e	commonsense	openbookqa	off_task	500	7	27	61	405	5	21	0.7142857142857143	0.7777777777777778	1	2	0.002	0.004	0.01639344262295082	0.0049382716049382715
Qwen3-8B	tulu	42	Qwen3-8B/tulu/seed42	flat_e	commonsense	piqa	off_task	1838	92	72	164	1510	44	49	0.4782608695652174	0.6805555555555556	4	5	0.002176278563656148	0.002720348204570185	0.024390243902439025	0.0033112582781456954
Qwen3-8B	tulu	42	Qwen3-8B/tulu/seed42	flat_e	commonsense	siqa	off_task	1954	66	92	390	1406	35	42	0.5303030303030303	0.45652173913043476	7	7	0.0035823950870010235	0.0035823950870010235	0.017948717948717947	0.004978662873399715
Qwen3-8B	tulu	42	Qwen3-8B/tulu/seed42	flat_e	commonsense	winogrande	off_task	1267	110	152	299	706	45	103	0.4090909090909091	0.6776315789473685	3	0	0.0023677979479084454	0.0	0.010033444816053512	0.0
Qwen3-8B	tulu	43	Qwen3-8B/tulu/seed43	hns_f4_s1	commonsense	arc_challenge	off_task	1172	16	61	99	996	9	57	0.5625	0.9344262295081968	8	1	0.006825938566552901	0.0008532423208191126	0.08080808080808081	0.001004016064257028
Qwen3-8B	tulu	43	Qwen3-8B/tulu/seed43	hns_f4_s1	commonsense	arc_easy	off_task	2376	9	63	64	2240	2	58	0.2222222222222222	0.9206349206349206	5	1	0.0021043771043771043	0.00042087542087542086	0.078125	0.0004464285714285714
Qwen3-8B	tulu	43	Qwen3-8B/tulu/seed43	hns_f4_s1	commonsense	boolq	off_task	3270	60	58	366	2786	32	30	0.5333333333333333	0.5172413793103449	4	9	0.0012232415902140672	0.0027522935779816515	0.01092896174863388	0.003230437903804738
Qwen3-8B	tulu	43	Qwen3-8B/tulu/seed43	hns_f4_s1	commonsense	hellaswag	off_task	10042	304	303	1297	8138	128	214	0.42105263157894735	0.7062706270627063	32	23	0.003186616211909978	0.002290380402310297	0.02467232074016962	0.002826247235192922
Qwen3-8B	tulu	43	Qwen3-8B/tulu/seed43	hns_f4_s1	commonsense	openbookqa	off_task	500	6	22	66	406	3	19	0.5	0.8636363636363636	2	2	0.004	0.004	0.030303030303030304	0.0049261083743842365
Qwen3-8B	tulu	43	Qwen3-8B/tulu/seed43	hns_f4_s1	commonsense	piqa	off_task	1838	52	50	186	1550	15	40	0.28846153846153844	0.8	5	6	0.002720348204570185	0.003264417845484222	0.026881720430107527	0.003870967741935484
Qwen3-8B	tulu	43	Qwen3-8B/tulu/seed43	hns_f4_s1	commonsense	siqa	off_task	1954	65	76	406	1407	25	54	0.38461538461538464	0.7105263157894737	10	5	0.00511770726714432	0.00255885363357216	0.024630541871921183	0.0035536602700781805
Qwen3-8B	tulu	43	Qwen3-8B/tulu/seed43	hns_f4_s1	commonsense	winogrande	off_task	1267	73	136	315	743	23	101	0.3150684931506849	0.7426470588235294	2	7	0.0015785319652722968	0.0055248618784530384	0.006349206349206349	0.009421265141318977
Qwen3-8B	tulu	43	Qwen3-8B/tulu/seed43	scalar_e	commonsense	arc_challenge	off_task	1172	16	61	99	996	8	57	0.5	0.9344262295081968	5	0	0.004266211604095563	0.0	0.050505050505050504	0.0
Qwen3-8B	tulu	43	Qwen3-8B/tulu/seed43	scalar_e	commonsense	arc_easy	off_task	2376	9	63	64	2240	3	57	0.3333333333333333	0.9047619047619048	3	1	0.0012626262626262627	0.00042087542087542086	0.046875	0.0004464285714285714
Qwen3-8B	tulu	43	Qwen3-8B/tulu/seed43	scalar_e	commonsense	boolq	off_task	3270	60	58	366	2786	23	33	0.38333333333333336	0.5689655172413793	5	5	0.0015290519877675841	0.0015290519877675841	0.01366120218579235	0.0017946877243359654
Qwen3-8B	tulu	43	Qwen3-8B/tulu/seed43	scalar_e	commonsense	hellaswag	off_task	10042	304	303	1297	8138	125	216	0.41118421052631576	0.7128712871287128	27	18	0.002688707428799044	0.0017924716191993627	0.02081727062451812	0.0022118456623248955
Qwen3-8B	tulu	43	Qwen3-8B/tulu/seed43	scalar_e	commonsense	openbookqa	off_task	500	6	22	66	406	3	20	0.5	0.9090909090909091	1	3	0.002	0.006	0.015151515151515152	0.007389162561576354
Qwen3-8B	tulu	43	Qwen3-8B/tulu/seed43	scalar_e	commonsense	piqa	off_task	1838	52	50	186	1550	16	39	0.3076923076923077	0.78	2	3	0.001088139281828074	0.001632208922742111	0.010752688172043012	0.001935483870967742
Qwen3-8B	tulu	43	Qwen3-8B/tulu/seed43	scalar_e	commonsense	siqa	off_task	1954	65	76	406	1407	23	54	0.35384615384615387	0.7105263157894737	7	2	0.0035823950870010235	0.0010235414534288639	0.017241379310344827	0.0014214641080312722
Qwen3-8B	tulu	43	Qwen3-8B/tulu/seed43	scalar_e	commonsense	winogrande	off_task	1267	73	136	315	743	19	107	0.2602739726027397	0.7867647058823529	6	7	0.004735595895816891	0.0055248618784530384	0.01904761904761905	0.009421265141318977
Qwen3-8B	tulu	43	Qwen3-8B/tulu/seed43	flat_e	commonsense	arc_challenge	off_task	1172	16	61	99	996	9	57	0.5625	0.9344262295081968	8	1	0.006825938566552901	0.0008532423208191126	0.08080808080808081	0.001004016064257028
Qwen3-8B	tulu	43	Qwen3-8B/tulu/seed43	flat_e	commonsense	arc_easy	off_task	2376	9	63	64	2240	2	57	0.2222222222222222	0.9047619047619048	7	1	0.002946127946127946	0.00042087542087542086	0.109375	0.0004464285714285714
Qwen3-8B	tulu	43	Qwen3-8B/tulu/seed43	flat_e	commonsense	boolq	off_task	3270	60	58	366	2786	29	32	0.48333333333333334	0.5517241379310345	4	9	0.0012232415902140672	0.0027522935779816515	0.01092896174863388	0.003230437903804738
Qwen3-8B	tulu	43	Qwen3-8B/tulu/seed43	flat_e	commonsense	hellaswag	off_task	10042	304	303	1297	8138	123	213	0.40460526315789475	0.7029702970297029	35	24	0.0034853614817765386	0.0023899621589324837	0.026985350809560524	0.0029491275497665276
Qwen3-8B	tulu	43	Qwen3-8B/tulu/seed43	flat_e	commonsense	openbookqa	off_task	500	6	22	66	406	3	20	0.5	0.9090909090909091	1	2	0.002	0.004	0.015151515151515152	0.0049261083743842365
Qwen3-8B	tulu	43	Qwen3-8B/tulu/seed43	flat_e	commonsense	piqa	off_task	1838	52	50	186	1550	14	39	0.2692307692307692	0.78	5	6	0.002720348204570185	0.003264417845484222	0.026881720430107527	0.003870967741935484
Qwen3-8B	tulu	43	Qwen3-8B/tulu/seed43	flat_e	commonsense	siqa	off_task	1954	65	76	406	1407	26	55	0.4	0.7236842105263158	11	7	0.005629477993858751	0.0035823950870010235	0.027093596059113302	0.004975124378109453
Qwen3-8B	tulu	43	Qwen3-8B/tulu/seed43	flat_e	commonsense	winogrande	off_task	1267	73	136	315	743	24	100	0.3287671232876712	0.7352941176470589	2	7	0.0015785319652722968	0.0055248618784530384	0.006349206349206349	0.009421265141318977
Qwen3-8B	tulu	44	Qwen3-8B/tulu/seed44	hns_f4_s1	commonsense	arc_challenge	off_task	1172	16	63	97	996	9	58	0.5625	0.9206349206349206	3	0	0.002559726962457338	0.0	0.030927835051546393	0.0
Qwen3-8B	tulu	44	Qwen3-8B/tulu/seed44	hns_f4_s1	commonsense	arc_easy	off_task	2376	12	60	67	2237	5	53	0.4166666666666667	0.8833333333333333	8	1	0.003367003367003367	0.00042087542087542086	0.11940298507462686	0.0004470272686633885
Qwen3-8B	tulu	44	Qwen3-8B/tulu/seed44	hns_f4_s1	commonsense	boolq	off_task	3270	44	71	353	2802	20	35	0.45454545454545453	0.49295774647887325	4	4	0.0012232415902140672	0.0012232415902140672	0.0113314447592068	0.0014275517487508922
Qwen3-8B	tulu	44	Qwen3-8B/tulu/seed44	hns_f4_s1	commonsense	hellaswag	off_task	10042	359	301	1299	8083	179	200	0.4986072423398329	0.6644518272425249	37	26	0.0036845249950209122	0.002589125672176857	0.02848344880677444	0.0032166274897933935
Qwen3-8B	tulu	44	Qwen3-8B/tulu/seed44	hns_f4_s1	commonsense	openbookqa	off_task	500	8	26	62	404	5	21	0.625	0.8076923076923077	2	3	0.004	0.006	0.03225806451612903	0.007425742574257425
Qwen3-8B	tulu	44	Qwen3-8B/tulu/seed44	hns_f4_s1	commonsense	piqa	off_task	1838	71	55	181	1531	32	42	0.4507042253521127	0.7636363636363637	1	2	0.000544069640914037	0.001088139281828074	0.0055248618784530384	0.0013063357282821686
Qwen3-8B	tulu	44	Qwen3-8B/tulu/seed44	hns_f4_s1	commonsense	siqa	off_task	1954	68	85	397	1404	30	52	0.4411764705882353	0.611764705882353	6	5	0.0030706243602865915	0.00255885363357216	0.015113350125944584	0.0035612535612535613
Qwen3-8B	tulu	44	Qwen3-8B/tulu/seed44	hns_f4_s1	commonsense	winogrande	off_task	1267	114	160	291	702	32	123	0.2807017543859649	0.76875	1	2	0.0007892659826361484	0.0015785319652722968	0.003436426116838488	0.002849002849002849
Qwen3-8B	tulu	44	Qwen3-8B/tulu/seed44	scalar_e	commonsense	arc_challenge	off_task	1172	16	63	97	996	11	56	0.6875	0.8888888888888888	3	0	0.002559726962457338	0.0	0.030927835051546393	0.0
Qwen3-8B	tulu	44	Qwen3-8B/tulu/seed44	scalar_e	commonsense	arc_easy	off_task	2376	12	60	67	2237	5	53	0.4166666666666667	0.8833333333333333	6	2	0.0025252525252525255	0.0008417508417508417	0.08955223880597014	0.000894054537326777
Qwen3-8B	tulu	44	Qwen3-8B/tulu/seed44	scalar_e	commonsense	boolq	off_task	3270	44	71	353	2802	20	41	0.45454545454545453	0.5774647887323944	3	1	0.0009174311926605505	0.0003058103975535168	0.0084985835694051	0.00035688793718772306
Qwen3-8B	tulu	44	Qwen3-8B/tulu/seed44	scalar_e	commonsense	hellaswag	off_task	10042	359	301	1299	8083	165	210	0.4596100278551532	0.6976744186046512	27	16	0.002688707428799044	0.001593308105954989	0.020785219399538105	0.0019794630706420884
Qwen3-8B	tulu	44	Qwen3-8B/tulu/seed44	scalar_e	commonsense	openbookqa	off_task	500	8	26	62	404	5	20	0.625	0.7692307692307693	2	1	0.004	0.002	0.03225806451612903	0.0024752475247524753
Qwen3-8B	tulu	44	Qwen3-8B/tulu/seed44	scalar_e	commonsense	piqa	off_task	1838	71	55	181	1531	28	46	0.39436619718309857	0.8363636363636363	1	3	0.000544069640914037	0.001632208922742111	0.0055248618784530384	0.001959503592423253
Qwen3-8B	tulu	44	Qwen3-8B/tulu/seed44	scalar_e	commonsense	siqa	off_task	1954	68	85	397	1404	35	52	0.5147058823529411	0.611764705882353	3	1	0.0015353121801432957	0.0005117707267144319	0.007556675062972292	0.0007122507122507123
Qwen3-8B	tulu	44	Qwen3-8B/tulu/seed44	scalar_e	commonsense	winogrande	off_task	1267	114	160	291	702	29	128	0.2543859649122807	0.8	1	3	0.0007892659826361484	0.0023677979479084454	0.003436426116838488	0.004273504273504274
Qwen3-8B	tulu	44	Qwen3-8B/tulu/seed44	flat_e	commonsense	arc_challenge	off_task	1172	16	63	97	996	9	58	0.5625	0.9206349206349206	3	0	0.002559726962457338	0.0	0.030927835051546393	0.0
Qwen3-8B	tulu	44	Qwen3-8B/tulu/seed44	flat_e	commonsense	arc_easy	off_task	2376	12	60	67	2237	5	52	0.4166666666666667	0.8666666666666667	7	2	0.002946127946127946	0.0008417508417508417	0.1044776119402985	0.000894054537326777
Qwen3-8B	tulu	44	Qwen3-8B/tulu/seed44	flat_e	commonsense	boolq	off_task	3270	44	71	353	2802	21	34	0.4772727272727273	0.4788732394366197	5	3	0.0015290519877675841	0.0009174311926605505	0.014164305949008499	0.0010706638115631692
Qwen3-8B	tulu	44	Qwen3-8B/tulu/seed44	flat_e	commonsense	hellaswag	off_task	10042	359	301	1299	8083	176	203	0.49025069637883006	0.6744186046511628	38	30	0.003784106751643099	0.0029874526986656044	0.029253271747498075	0.0037114932574539156
Qwen3-8B	tulu	44	Qwen3-8B/tulu/seed44	flat_e	commonsense	openbookqa	off_task	500	8	26	62	404	6	21	0.75	0.8076923076923077	4	3	0.008	0.006	0.06451612903225806	0.007425742574257425
Qwen3-8B	tulu	44	Qwen3-8B/tulu/seed44	flat_e	commonsense	piqa	off_task	1838	71	55	181	1531	31	43	0.43661971830985913	0.7818181818181819	2	2	0.001088139281828074	0.001088139281828074	0.011049723756906077	0.0013063357282821686
Qwen3-8B	tulu	44	Qwen3-8B/tulu/seed44	flat_e	commonsense	siqa	off_task	1954	68	85	397	1404	29	51	0.4264705882352941	0.6	8	6	0.0040941658137154556	0.0030706243602865915	0.020151133501259445	0.004273504273504274
Qwen3-8B	tulu	44	Qwen3-8B/tulu/seed44	flat_e	commonsense	winogrande	off_task	1267	114	160	291	702	33	121	0.2894736842105263	0.75625	1	4	0.0007892659826361484	0.0031570639305445935	0.003436426116838488	0.005698005698005698
Llama-3.1-8B-Instruct	magicoder	42	Llama-3.1-8B-Instruct/magicoder/seed42	hns_f4_s1	magicoder	magicoder	target	164	18	20	58	68	10	13	0.5555555555555556	0.65	2	3	0.012195121951219513	0.018292682926829267	0.034482758620689655	0.04411764705882353
Llama-3.1-8B-Instruct	magicoder	42	Llama-3.1-8B-Instruct/magicoder/seed42	scalar_e	magicoder	magicoder	target	164	18	20	58	68	14	12	0.7777777777777778	0.6	0	2	0.0	0.012195121951219513	0.0	0.029411764705882353
Llama-3.1-8B-Instruct	magicoder	42	Llama-3.1-8B-Instruct/magicoder/seed42	flat_e	magicoder	magicoder	target	164	18	20	58	68	10	12	0.5555555555555556	0.6	0	3	0.0	0.018292682926829267	0.0	0.04411764705882353
Llama-3.1-8B-Instruct	magicoder	43	Llama-3.1-8B-Instruct/magicoder/seed43	hns_f4_s1	magicoder	magicoder	target	164	18	24	54	68	8	16	0.4444444444444444	0.6666666666666666	2	3	0.012195121951219513	0.018292682926829267	0.037037037037037035	0.04411764705882353
Llama-3.1-8B-Instruct	magicoder	43	Llama-3.1-8B-Instruct/magicoder/seed43	scalar_e	magicoder	magicoder	target	164	18	24	54	68	12	15	0.6666666666666666	0.625	1	1	0.006097560975609756	0.006097560975609756	0.018518518518518517	0.014705882352941176
Llama-3.1-8B-Instruct	magicoder	43	Llama-3.1-8B-Instruct/magicoder/seed43	flat_e	magicoder	magicoder	target	164	18	24	54	68	9	17	0.5	0.7083333333333334	4	3	0.024390243902439025	0.018292682926829267	0.07407407407407407	0.04411764705882353
Llama-3.1-8B-Instruct	magicoder	44	Llama-3.1-8B-Instruct/magicoder/seed44	hns_f4_s1	magicoder	magicoder	target	164	20	22	56	66	8	15	0.4	0.6818181818181818	2	3	0.012195121951219513	0.018292682926829267	0.03571428571428571	0.045454545454545456
Llama-3.1-8B-Instruct	magicoder	44	Llama-3.1-8B-Instruct/magicoder/seed44	scalar_e	magicoder	magicoder	target	164	20	22	56	66	15	16	0.75	0.7272727272727273	2	1	0.012195121951219513	0.006097560975609756	0.03571428571428571	0.015151515151515152
Llama-3.1-8B-Instruct	magicoder	44	Llama-3.1-8B-Instruct/magicoder/seed44	flat_e	magicoder	magicoder	target	164	20	22	56	66	9	16	0.45	0.7272727272727273	2	3	0.012195121951219513	0.018292682926829267	0.03571428571428571	0.045454545454545456
Llama-3.1-8B-Instruct	metamath	42	Llama-3.1-8B-Instruct/metamath/seed42	hns_f4_s1	magicoder	magicoder	off_task	164	21	24	54	65	10	20	0.47619047619047616	0.8333333333333334	6	0	0.036585365853658534	0.0	0.1111111111111111	0.0
Llama-3.1-8B-Instruct	metamath	42	Llama-3.1-8B-Instruct/metamath/seed42	scalar_e	magicoder	magicoder	off_task	164	21	24	54	65	4	22	0.19047619047619047	0.9166666666666666	2	0	0.012195121951219513	0.0	0.037037037037037035	0.0
Llama-3.1-8B-Instruct	metamath	42	Llama-3.1-8B-Instruct/metamath/seed42	flat_e	magicoder	magicoder	off_task	164	21	24	54	65	10	19	0.47619047619047616	0.7916666666666666	6	0	0.036585365853658534	0.0	0.1111111111111111	0.0
Llama-3.1-8B-Instruct	metamath	43	Llama-3.1-8B-Instruct/metamath/seed43	hns_f4_s1	magicoder	magicoder	off_task	164	20	22	56	66	11	11	0.55	0.5	6	6	0.036585365853658534	0.036585365853658534	0.10714285714285714	0.09090909090909091
Llama-3.1-8B-Instruct	metamath	43	Llama-3.1-8B-Instruct/metamath/seed43	scalar_e	magicoder	magicoder	off_task	164	20	22	56	66	10	14	0.5	0.6363636363636364	6	3	0.036585365853658534	0.018292682926829267	0.10714285714285714	0.045454545454545456
Llama-3.1-8B-Instruct	metamath	43	Llama-3.1-8B-Instruct/metamath/seed43	flat_e	magicoder	magicoder	off_task	164	20	22	56	66	11	11	0.55	0.5	6	7	0.036585365853658534	0.042682926829268296	0.10714285714285714	0.10606060606060606
Llama-3.1-8B-Instruct	metamath	44	Llama-3.1-8B-Instruct/metamath/seed44	hns_f4_s1	magicoder	magicoder	off_task	164	17	22	56	69	7	12	0.4117647058823529	0.5454545454545454	4	4	0.024390243902439025	0.024390243902439025	0.07142857142857142	0.057971014492753624
Llama-3.1-8B-Instruct	metamath	44	Llama-3.1-8B-Instruct/metamath/seed44	scalar_e	magicoder	magicoder	off_task	164	17	22	56	69	9	15	0.5294117647058824	0.6818181818181818	5	4	0.03048780487804878	0.024390243902439025	0.08928571428571429	0.057971014492753624
Llama-3.1-8B-Instruct	metamath	44	Llama-3.1-8B-Instruct/metamath/seed44	flat_e	magicoder	magicoder	off_task	164	17	22	56	69	7	13	0.4117647058823529	0.5909090909090909	4	6	0.024390243902439025	0.036585365853658534	0.07142857142857142	0.08695652173913043
Llama-3.1-8B-Instruct	tulu	42	Llama-3.1-8B-Instruct/tulu/seed42	hns_f4_s1	magicoder	magicoder	off_task	164	7	25	53	79	3	21	0.42857142857142855	0.84	2	2	0.012195121951219513	0.012195121951219513	0.03773584905660377	0.02531645569620253
Llama-3.1-8B-Instruct	tulu	42	Llama-3.1-8B-Instruct/tulu/seed42	scalar_e	magicoder	magicoder	off_task	164	7	25	53	79	3	21	0.42857142857142855	0.84	2	3	0.012195121951219513	0.018292682926829267	0.03773584905660377	0.0379746835443038
Llama-3.1-8B-Instruct	tulu	42	Llama-3.1-8B-Instruct/tulu/seed42	flat_e	magicoder	magicoder	off_task	164	7	25	53	79	3	20	0.42857142857142855	0.8	2	4	0.012195121951219513	0.024390243902439025	0.03773584905660377	0.05063291139240506
Llama-3.1-8B-Instruct	tulu	43	Llama-3.1-8B-Instruct/tulu/seed43	hns_f4_s1	magicoder	magicoder	off_task	164	9	28	50	77	4	24	0.4444444444444444	0.8571428571428571	1	2	0.006097560975609756	0.012195121951219513	0.02	0.025974025974025976
Llama-3.1-8B-Instruct	tulu	43	Llama-3.1-8B-Instruct/tulu/seed43	scalar_e	magicoder	magicoder	off_task	164	9	28	50	77	5	22	0.5555555555555556	0.7857142857142857	2	3	0.012195121951219513	0.018292682926829267	0.04	0.03896103896103896
Llama-3.1-8B-Instruct	tulu	43	Llama-3.1-8B-Instruct/tulu/seed43	flat_e	magicoder	magicoder	off_task	164	9	28	50	77	5	23	0.5555555555555556	0.8214285714285714	2	2	0.012195121951219513	0.012195121951219513	0.04	0.025974025974025976
Llama-3.1-8B-Instruct	tulu	44	Llama-3.1-8B-Instruct/tulu/seed44	hns_f4_s1	magicoder	magicoder	off_task	164	7	26	52	79	3	20	0.42857142857142855	0.7692307692307693	4	3	0.024390243902439025	0.018292682926829267	0.07692307692307693	0.0379746835443038
Llama-3.1-8B-Instruct	tulu	44	Llama-3.1-8B-Instruct/tulu/seed44	scalar_e	magicoder	magicoder	off_task	164	7	26	52	79	2	23	0.2857142857142857	0.8846153846153846	3	3	0.018292682926829267	0.018292682926829267	0.057692307692307696	0.0379746835443038
Llama-3.1-8B-Instruct	tulu	44	Llama-3.1-8B-Instruct/tulu/seed44	flat_e	magicoder	magicoder	off_task	164	7	26	52	79	3	20	0.42857142857142855	0.7692307692307693	4	3	0.024390243902439025	0.018292682926829267	0.07692307692307693	0.0379746835443038
Llama-3.1-8B-Instruct	magicoder	42	Llama-3.1-8B-Instruct/magicoder/seed42	hns_f4_s1	metamath	metamath	off_task	1319	195	116	380	628	140	47	0.717948717948718	0.4051724137931034	55	31	0.04169825625473844	0.02350265352539803	0.14473684210526316	0.04936305732484077
Llama-3.1-8B-Instruct	magicoder	42	Llama-3.1-8B-Instruct/magicoder/seed42	scalar_e	metamath	metamath	off_task	1319	195	116	380	628	144	52	0.7384615384615385	0.4482758620689655	55	26	0.04169825625473844	0.019711902956785442	0.14473684210526316	0.041401273885350316
Llama-3.1-8B-Instruct	magicoder	42	Llama-3.1-8B-Instruct/magicoder/seed42	flat_e	metamath	metamath	off_task	1319	195	116	380	628	138	43	0.7076923076923077	0.3706896551724138	50	31	0.03790750568612585	0.02350265352539803	0.13157894736842105	0.04936305732484077
Llama-3.1-8B-Instruct	magicoder	43	Llama-3.1-8B-Instruct/magicoder/seed43	hns_f4_s1	metamath	metamath	off_task	1319	148	166	330	675	107	81	0.722972972972973	0.4879518072289157	76	34	0.0576194086429113	0.02577710386656558	0.23030303030303031	0.05037037037037037
Llama-3.1-8B-Instruct	magicoder	43	Llama-3.1-8B-Instruct/magicoder/seed43	scalar_e	metamath	metamath	off_task	1319	148	166	330	675	113	85	0.7635135135135135	0.5120481927710844	80	44	0.060652009097801364	0.03335860500379075	0.24242424242424243	0.06518518518518518
Llama-3.1-8B-Instruct	magicoder	43	Llama-3.1-8B-Instruct/magicoder/seed43	flat_e	metamath	metamath	off_task	1319	148	166	330	675	106	80	0.7162162162162162	0.4819277108433735	67	35	0.05079605761940864	0.026535253980288095	0.20303030303030303	0.05185185185185185
Llama-3.1-8B-Instruct	magicoder	44	Llama-3.1-8B-Instruct/magicoder/seed44	hns_f4_s1	metamath	metamath	off_task	1319	158	199	297	665	125	96	0.7911392405063291	0.4824120603015075	68	34	0.05155420773313116	0.02577710386656558	0.22895622895622897	0.05112781954887218
Llama-3.1-8B-Instruct	magicoder	44	Llama-3.1-8B-Instruct/magicoder/seed44	scalar_e	metamath	metamath	off_task	1319	158	199	297	665	128	108	0.810126582278481	0.542713567839196	72	39	0.05458680818802123	0.029567854435178165	0.24242424242424243	0.058646616541353384
Llama-3.1-8B-Instruct	magicoder	44	Llama-3.1-8B-Instruct/magicoder/seed44	flat_e	metamath	metamath	off_task	1319	158	199	297	665	123	98	0.7784810126582279	0.49246231155778897	62	33	0.04700530705079606	0.025018953752843062	0.20875420875420875	0.04962406015037594
Llama-3.1-8B-Instruct	metamath	42	Llama-3.1-8B-Instruct/metamath/seed42	hns_f4_s1	metamath	metamath	target	1319	103	297	199	720	45	269	0.4368932038834951	0.9057239057239057	51	21	0.03866565579984837	0.01592115238817286	0.2562814070351759	0.029166666666666667
Llama-3.1-8B-Instruct	metamath	42	Llama-3.1-8B-Instruct/metamath/seed42	scalar_e	metamath	metamath	target	1319	103	297	199	720	44	267	0.42718446601941745	0.898989898989899	38	32	0.02880970432145565	0.024260803639120546	0.19095477386934673	0.044444444444444446
Llama-3.1-8B-Instruct	metamath	42	Llama-3.1-8B-Instruct/metamath/seed42	flat_e	metamath	metamath	target	1319	103	297	199	720	43	276	0.4174757281553398	0.9292929292929293	48	19	0.03639120545868082	0.014404852160727824	0.24120603015075376	0.02638888888888889
Llama-3.1-8B-Instruct	metamath	43	Llama-3.1-8B-Instruct/metamath/seed43	hns_f4_s1	metamath	metamath	target	1319	123	290	206	700	70	247	0.5691056910569106	0.8517241379310345	53	36	0.0401819560272934	0.027293404094010616	0.25728155339805825	0.05142857142857143
Llama-3.1-8B-Instruct	metamath	43	Llama-3.1-8B-Instruct/metamath/seed43	scalar_e	metamath	metamath	target	1319	123	290	206	700	77	241	0.6260162601626016	0.8310344827586207	53	32	0.0401819560272934	0.024260803639120546	0.25728155339805825	0.045714285714285714
Llama-3.1-8B-Instruct	metamath	43	Llama-3.1-8B-Instruct/metamath/seed43	flat_e	metamath	metamath	target	1319	123	290	206	700	66	245	0.5365853658536586	0.8448275862068966	56	38	0.04245640636846096	0.02880970432145565	0.27184466019417475	0.054285714285714284
Llama-3.1-8B-Instruct	metamath	44	Llama-3.1-8B-Instruct/metamath/seed44	hns_f4_s1	metamath	metamath	target	1319	126	285	211	697	82	243	0.6507936507936508	0.8526315789473684	57	37	0.043214556482183475	0.028051554207733132	0.27014218009478674	0.05308464849354376
Llama-3.1-8B-Instruct	metamath	44	Llama-3.1-8B-Instruct/metamath/seed44	scalar_e	metamath	metamath	target	1319	126	285	211	697	81	238	0.6428571428571429	0.8350877192982457	58	34	0.04397270659590599	0.02577710386656558	0.27488151658767773	0.04878048780487805
Llama-3.1-8B-Instruct	metamath	44	Llama-3.1-8B-Instruct/metamath/seed44	flat_e	metamath	metamath	target	1319	126	285	211	697	80	241	0.6349206349206349	0.8456140350877193	56	33	0.04245640636846096	0.025018953752843062	0.26540284360189575	0.047345767575322814
Llama-3.1-8B-Instruct	tulu	42	Llama-3.1-8B-Instruct/tulu/seed42	hns_f4_s1	metamath	metamath	off_task	1319	195	121	375	628	141	75	0.7230769230769231	0.6198347107438017	65	38	0.04927975739196361	0.02880970432145565	0.17333333333333334	0.06050955414012739
Llama-3.1-8B-Instruct	tulu	42	Llama-3.1-8B-Instruct/tulu/seed42	scalar_e	metamath	metamath	off_task	1319	195	121	375	628	144	85	0.7384615384615385	0.7024793388429752	77	39	0.058377558756633814	0.029567854435178165	0.20533333333333334	0.06210191082802548
Llama-3.1-8B-Instruct	tulu	42	Llama-3.1-8B-Instruct/tulu/seed42	flat_e	metamath	metamath	off_task	1319	195	121	375	628	142	79	0.7282051282051282	0.6528925619834711	63	34	0.047763457164518575	0.02577710386656558	0.168	0.054140127388535034
Llama-3.1-8B-Instruct	tulu	43	Llama-3.1-8B-Instruct/tulu/seed43	hns_f4_s1	metamath	metamath	off_task	1319	98	131	365	725	54	87	0.5510204081632653	0.6641221374045801	68	47	0.05155420773313116	0.0356330553449583	0.1863013698630137	0.06482758620689655
Llama-3.1-8B-Instruct	tulu	43	Llama-3.1-8B-Instruct/tulu/seed43	scalar_e	metamath	metamath	off_task	1319	98	131	365	725	55	85	0.5612244897959183	0.648854961832061	53	41	0.0401819560272934	0.0310841546626232	0.14520547945205478	0.05655172413793103
Llama-3.1-8B-Instruct	tulu	43	Llama-3.1-8B-Instruct/tulu/seed43	flat_e	metamath	metamath	off_task	1319	98	131	365	725	53	84	0.5408163265306123	0.6412213740458015	68	45	0.05155420773313116	0.03411675511751327	0.1863013698630137	0.06206896551724138
Llama-3.1-8B-Instruct	tulu	44	Llama-3.1-8B-Instruct/tulu/seed44	hns_f4_s1	metamath	metamath	off_task	1319	157	117	379	666	100	71	0.6369426751592356	0.6068376068376068	42	34	0.03184230477634572	0.02577710386656558	0.11081794195250659	0.05105105105105105
Llama-3.1-8B-Instruct	tulu	44	Llama-3.1-8B-Instruct/tulu/seed44	scalar_e	metamath	metamath	off_task	1319	157	117	379	666	100	79	0.6369426751592356	0.6752136752136753	68	32	0.05155420773313116	0.024260803639120546	0.17941952506596306	0.04804804804804805
Llama-3.1-8B-Instruct	tulu	44	Llama-3.1-8B-Instruct/tulu/seed44	flat_e	metamath	metamath	off_task	1319	157	117	379	666	96	74	0.6114649681528662	0.6324786324786325	39	37	0.029567854435178165	0.028051554207733132	0.10290237467018469	0.05555555555555555
Llama-3.1-8B-Instruct	magicoder	42	Llama-3.1-8B-Instruct/magicoder/seed42	hns_f4_s1	tulu	tulu	off_task	541	69	33	172	267	48	14	0.6956521739130435	0.42424242424242425	10	12	0.018484288354898338	0.022181146025878003	0.05813953488372093	0.0449438202247191
Llama-3.1-8B-Instruct	magicoder	42	Llama-3.1-8B-Instruct/magicoder/seed42	scalar_e	tulu	tulu	off_task	541	69	33	172	267	45	14	0.6521739130434783	0.42424242424242425	11	11	0.02033271719038817	0.02033271719038817	0.06395348837209303	0.04119850187265917
Llama-3.1-8B-Instruct	magicoder	42	Llama-3.1-8B-Instruct/magicoder/seed42	flat_e	tulu	tulu	off_task	541	69	33	172	267	47	14	0.6811594202898551	0.42424242424242425	8	12	0.014787430683918669	0.022181146025878003	0.046511627906976744	0.0449438202247191
Llama-3.1-8B-Instruct	magicoder	43	Llama-3.1-8B-Instruct/magicoder/seed43	hns_f4_s1	tulu	tulu	off_task	541	111	35	170	225	85	9	0.7657657657657657	0.2571428571428571	12	21	0.022181146025878003	0.038817005545286505	0.07058823529411765	0.09333333333333334
Llama-3.1-8B-Instruct	magicoder	43	Llama-3.1-8B-Instruct/magicoder/seed43	scalar_e	tulu	tulu	off_task	541	111	35	170	225	82	13	0.7387387387387387	0.37142857142857144	12	20	0.022181146025878003	0.036968576709796676	0.07058823529411765	0.08888888888888889
Llama-3.1-8B-Instruct	magicoder	43	Llama-3.1-8B-Instruct/magicoder/seed43	flat_e	tulu	tulu	off_task	541	111	35	170	225	88	11	0.7927927927927928	0.3142857142857143	15	23	0.027726432532347505	0.04251386321626617	0.08823529411764706	0.10222222222222223
Llama-3.1-8B-Instruct	magicoder	44	Llama-3.1-8B-Instruct/magicoder/seed44	hns_f4_s1	tulu	tulu	off_task	541	99	35	170	237	77	13	0.7777777777777778	0.37142857142857144	13	26	0.024029574861367836	0.04805914972273567	0.07647058823529412	0.10970464135021098
Llama-3.1-8B-Instruct	magicoder	44	Llama-3.1-8B-Instruct/magicoder/seed44	scalar_e	tulu	tulu	off_task	541	99	35	170	237	77	14	0.7777777777777778	0.4	13	24	0.024029574861367836	0.04436229205175601	0.07647058823529412	0.10126582278481013
Llama-3.1-8B-Instruct	magicoder	44	Llama-3.1-8B-Instruct/magicoder/seed44	flat_e	tulu	tulu	off_task	541	99	35	170	237	71	13	0.7171717171717171	0.37142857142857144	14	21	0.025878003696857672	0.038817005545286505	0.08235294117647059	0.08860759493670886
Llama-3.1-8B-Instruct	metamath	42	Llama-3.1-8B-Instruct/metamath/seed42	hns_f4_s1	tulu	tulu	off_task	541	77	35	170	259	46	19	0.5974025974025974	0.5428571428571428	10	16	0.018484288354898338	0.029574861367837338	0.058823529411764705	0.06177606177606178
Llama-3.1-8B-Instruct	metamath	42	Llama-3.1-8B-Instruct/metamath/seed42	scalar_e	tulu	tulu	off_task	541	77	35	170	259	40	23	0.5194805194805194	0.6571428571428571	9	20	0.0166358595194085	0.036968576709796676	0.052941176470588235	0.07722007722007722
Llama-3.1-8B-Instruct	metamath	42	Llama-3.1-8B-Instruct/metamath/seed42	flat_e	tulu	tulu	off_task	541	77	35	170	259	41	21	0.5324675324675324	0.6	10	22	0.018484288354898338	0.04066543438077634	0.058823529411764705	0.08494208494208494
Llama-3.1-8B-Instruct	metamath	43	Llama-3.1-8B-Instruct/metamath/seed43	hns_f4_s1	tulu	tulu	off_task	541	64	38	167	272	41	13	0.640625	0.34210526315789475	16	10	0.029574861367837338	0.018484288354898338	0.09580838323353294	0.03676470588235294
Llama-3.1-8B-Instruct	metamath	43	Llama-3.1-8B-Instruct/metamath/seed43	scalar_e	tulu	tulu	off_task	541	64	38	167	272	44	15	0.6875	0.39473684210526316	14	16	0.025878003696857672	0.029574861367837338	0.08383233532934131	0.058823529411764705
Llama-3.1-8B-Instruct	metamath	43	Llama-3.1-8B-Instruct/metamath/seed43	flat_e	tulu	tulu	off_task	541	64	38	167	272	41	13	0.640625	0.34210526315789475	11	9	0.02033271719038817	0.0166358595194085	0.0658682634730539	0.03308823529411765
Llama-3.1-8B-Instruct	metamath	44	Llama-3.1-8B-Instruct/metamath/seed44	hns_f4_s1	tulu	tulu	off_task	541	58	43	162	278	38	17	0.6551724137931034	0.3953488372093023	11	9	0.02033271719038817	0.0166358595194085	0.06790123456790123	0.03237410071942446
Llama-3.1-8B-Instruct	metamath	44	Llama-3.1-8B-Instruct/metamath/seed44	scalar_e	tulu	tulu	off_task	541	58	43	162	278	37	16	0.6379310344827587	0.37209302325581395	10	13	0.018484288354898338	0.024029574861367836	0.06172839506172839	0.046762589928057555
Llama-3.1-8B-Instruct	metamath	44	Llama-3.1-8B-Instruct/metamath/seed44	flat_e	tulu	tulu	off_task	541	58	43	162	278	36	16	0.6206896551724138	0.37209302325581395	12	13	0.022181146025878003	0.024029574861367836	0.07407407407407407	0.046762589928057555
Llama-3.1-8B-Instruct	tulu	42	Llama-3.1-8B-Instruct/tulu/seed42	hns_f4_s1	tulu	tulu	target	541	54	60	145	282	27	41	0.5	0.6833333333333333	16	15	0.029574861367837338	0.027726432532347505	0.1103448275862069	0.05319148936170213
Llama-3.1-8B-Instruct	tulu	42	Llama-3.1-8B-Instruct/tulu/seed42	scalar_e	tulu	tulu	target	541	54	60	145	282	34	43	0.6296296296296297	0.7166666666666667	14	14	0.025878003696857672	0.025878003696857672	0.09655172413793103	0.04964539007092199
Llama-3.1-8B-Instruct	tulu	42	Llama-3.1-8B-Instruct/tulu/seed42	flat_e	tulu	tulu	target	541	54	60	145	282	27	40	0.5	0.6666666666666666	14	13	0.025878003696857672	0.024029574861367836	0.09655172413793103	0.04609929078014184
Llama-3.1-8B-Instruct	tulu	43	Llama-3.1-8B-Instruct/tulu/seed43	hns_f4_s1	tulu	tulu	target	541	57	61	144	279	25	45	0.43859649122807015	0.7377049180327869	14	10	0.025878003696857672	0.018484288354898338	0.09722222222222222	0.035842293906810034
Llama-3.1-8B-Instruct	tulu	43	Llama-3.1-8B-Instruct/tulu/seed43	scalar_e	tulu	tulu	target	541	57	61	144	279	22	41	0.38596491228070173	0.6721311475409836	14	12	0.025878003696857672	0.022181146025878003	0.09722222222222222	0.043010752688172046
Llama-3.1-8B-Instruct	tulu	43	Llama-3.1-8B-Instruct/tulu/seed43	flat_e	tulu	tulu	target	541	57	61	144	279	23	45	0.40350877192982454	0.7377049180327869	13	16	0.024029574861367836	0.029574861367837338	0.09027777777777778	0.05734767025089606
Llama-3.1-8B-Instruct	tulu	44	Llama-3.1-8B-Instruct/tulu/seed44	hns_f4_s1	tulu	tulu	target	541	60	60	145	276	24	43	0.4	0.7166666666666667	18	10	0.033271719038817	0.018484288354898338	0.12413793103448276	0.036231884057971016
Llama-3.1-8B-Instruct	tulu	44	Llama-3.1-8B-Instruct/tulu/seed44	scalar_e	tulu	tulu	target	541	60	60	145	276	26	40	0.43333333333333335	0.6666666666666666	15	11	0.027726432532347505	0.02033271719038817	0.10344827586206896	0.03985507246376811
Llama-3.1-8B-Instruct	tulu	44	Llama-3.1-8B-Instruct/tulu/seed44	flat_e	tulu	tulu	target	541	60	60	145	276	29	43	0.48333333333333334	0.7166666666666667	17	13	0.031423290203327174	0.024029574861367836	0.11724137931034483	0.04710144927536232
Llama-3.1-8B-Instruct	magicoder	42	Llama-3.1-8B-Instruct/magicoder/seed42	hns_f4_s1	commonsense	arc_challenge	off_task	1172	83	59	253	777	52	30	0.6265060240963856	0.5084745762711864	5	11	0.004266211604095563	0.00938566552901024	0.019762845849802372	0.014157014157014158
Llama-3.1-8B-Instruct	magicoder	42	Llama-3.1-8B-Instruct/magicoder/seed42	hns_f4_s1	commonsense	arc_easy	off_task	2376	68	70	212	2026	46	35	0.6764705882352942	0.5	2	6	0.0008417508417508417	0.0025252525252525255	0.009433962264150943	0.0029615004935834156
Llama-3.1-8B-Instruct	magicoder	42	Llama-3.1-8B-Instruct/magicoder/seed42	hns_f4_s1	commonsense	boolq	off_task	3270	42	42	426	2760	37	10	0.8809523809523809	0.23809523809523808	3	6	0.0009174311926605505	0.001834862385321101	0.007042253521126761	0.002173913043478261
Llama-3.1-8B-Instruct	magicoder	42	Llama-3.1-8B-Instruct/magicoder/seed42	hns_f4_s1	commonsense	hellaswag	off_task	10042	1153	212	4314	4363	580	95	0.5030355594102341	0.4481132075471698	23	31	0.002290380402310297	0.003087034455287791	0.005331478905887807	0.007105202842081137
Llama-3.1-8B-Instruct	magicoder	42	Llama-3.1-8B-Instruct/magicoder/seed42	hns_f4_s1	commonsense	openbookqa	off_task	500	22	11	159	308	11	2	0.5	0.18181818181818182	2	1	0.004	0.002	0.012578616352201259	0.003246753246753247
Llama-3.1-8B-Instruct	magicoder	42	Llama-3.1-8B-Instruct/magicoder/seed42	hns_f4_s1	commonsense	piqa	off_task	1838	70	33	383	1352	42	14	0.6	0.42424242424242425	2	2	0.001088139281828074	0.001088139281828074	0.005221932114882507	0.0014792899408284023
Llama-3.1-8B-Instruct	magicoder	42	Llama-3.1-8B-Instruct/magicoder/seed42	hns_f4_s1	commonsense	siqa	off_task	1954	85	100	531	1238	50	39	0.5882352941176471	0.39	3	2	0.0015353121801432957	0.0010235414534288639	0.005649717514124294	0.0016155088852988692
Llama-3.1-8B-Instruct	magicoder	42	Llama-3.1-8B-Instruct/magicoder/seed42	hns_f4_s1	commonsense	winogrande	off_task	1267	192	147	386	542	70	105	0.3645833333333333	0.7142857142857143	0	1	0.0	0.0007892659826361484	0.0	0.0018450184501845018
Llama-3.1-8B-Instruct	magicoder	42	Llama-3.1-8B-Instruct/magicoder/seed42	scalar_e	commonsense	arc_challenge	off_task	1172	83	59	253	777	55	31	0.6626506024096386	0.5254237288135594	5	8	0.004266211604095563	0.006825938566552901	0.019762845849802372	0.010296010296010296
Llama-3.1-8B-Instruct	magicoder	42	Llama-3.1-8B-Instruct/magicoder/seed42	scalar_e	commonsense	arc_easy	off_task	2376	68	70	212	2026	51	35	0.75	0.5	1	7	0.00042087542087542086	0.002946127946127946	0.0047169811320754715	0.0034550839091806516
Llama-3.1-8B-Instruct	magicoder	42	Llama-3.1-8B-Instruct/magicoder/seed42	scalar_e	commonsense	boolq	off_task	3270	42	42	426	2760	34	11	0.8095238095238095	0.2619047619047619	1	3	0.0003058103975535168	0.0009174311926605505	0.002347417840375587	0.0010869565217391304
Llama-3.1-8B-Instruct	magicoder	42	Llama-3.1-8B-Instruct/magicoder/seed42	scalar_e	commonsense	hellaswag	off_task	10042	1153	212	4314	4363	620	101	0.5377276669557676	0.47641509433962265	28	11	0.0027882891854212307	0.001095399322844055	0.006490496059341678	0.0025212010084804033
Llama-3.1-8B-Instruct	magicoder	42	Llama-3.1-8B-Instruct/magicoder/seed42	scalar_e	commonsense	openbookqa	off_task	500	22	11	159	308	12	4	0.5454545454545454	0.36363636363636365	1	2	0.002	0.004	0.006289308176100629	0.006493506493506494
Llama-3.1-8B-Instruct	magicoder	42	Llama-3.1-8B-Instruct/magicoder/seed42	scalar_e	commonsense	piqa	off_task	1838	70	33	383	1352	39	15	0.5571428571428572	0.45454545454545453	2	3	0.001088139281828074	0.001632208922742111	0.005221932114882507	0.0022189349112426036
Llama-3.1-8B-Instruct	magicoder	42	Llama-3.1-8B-Instruct/magicoder/seed42	scalar_e	commonsense	siqa	off_task	1954	85	100	531	1238	52	45	0.611764705882353	0.45	4	4	0.0020470829068577278	0.0020470829068577278	0.007532956685499058	0.0032310177705977385
Llama-3.1-8B-Instruct	magicoder	42	Llama-3.1-8B-Instruct/magicoder/seed42	scalar_e	commonsense	winogrande	off_task	1267	192	147	386	542	61	110	0.3177083333333333	0.7482993197278912	1	0	0.0007892659826361484	0.0	0.0025906735751295338	0.0
Llama-3.1-8B-Instruct	magicoder	42	Llama-3.1-8B-Instruct/magicoder/seed42	flat_e	commonsense	arc_challenge	off_task	1172	83	59	253	777	53	30	0.6385542168674698	0.5084745762711864	5	9	0.004266211604095563	0.007679180887372013	0.019762845849802372	0.011583011583011582
Llama-3.1-8B-Instruct	magicoder	42	Llama-3.1-8B-Instruct/magicoder/seed42	flat_e	commonsense	arc_easy	off_task	2376	68	70	212	2026	46	34	0.6764705882352942	0.4857142857142857	2	10	0.0008417508417508417	0.004208754208754209	0.009433962264150943	0.004935834155972359
Llama-3.1-8B-Instruct	magicoder	42	Llama-3.1-8B-Instruct/magicoder/seed42	flat_e	commonsense	boolq	off_task	3270	42	42	426	2760	36	11	0.8571428571428571	0.2619047619047619	3	1	0.0009174311926605505	0.0003058103975535168	0.007042253521126761	0.00036231884057971015
Llama-3.1-8B-Instruct	magicoder	42	Llama-3.1-8B-Instruct/magicoder/seed42	flat_e	commonsense	hellaswag	off_task	10042	1153	212	4314	4363	587	93	0.5091066782307025	0.4386792452830189	25	35	0.0024895439155546706	0.0034853614817765386	0.005795085767269356	0.008022003208801283
Llama-3.1-8B-Instruct	magicoder	42	Llama-3.1-8B-Instruct/magicoder/seed42	flat_e	commonsense	openbookqa	off_task	500	22	11	159	308	12	3	0.5454545454545454	0.2727272727272727	0	1	0.0	0.002	0.0	0.003246753246753247
Llama-3.1-8B-Instruct	magicoder	42	Llama-3.1-8B-Instruct/magicoder/seed42	flat_e	commonsense	piqa	off_task	1838	70	33	383	1352	42	15	0.6	0.45454545454545453	3	4	0.001632208922742111	0.002176278563656148	0.007832898172323759	0.0029585798816568047
Llama-3.1-8B-Instruct	magicoder	42	Llama-3.1-8B-Instruct/magicoder/seed42	flat_e	commonsense	siqa	off_task	1954	85	100	531	1238	52	39	0.611764705882353	0.39	6	3	0.0030706243602865915	0.0015353121801432957	0.011299435028248588	0.0024232633279483036
Llama-3.1-8B-Instruct	magicoder	42	Llama-3.1-8B-Instruct/magicoder/seed42	flat_e	commonsense	winogrande	off_task	1267	192	147	386	542	75	105	0.390625	0.7142857142857143	0	0	0.0	0.0	0.0	0.0
Llama-3.1-8B-Instruct	magicoder	43	Llama-3.1-8B-Instruct/magicoder/seed43	hns_f4_s1	commonsense	arc_challenge	off_task	1172	96	66	246	764	70	31	0.7291666666666666	0.4696969696969697	13	20	0.011092150170648464	0.017064846416382253	0.052845528455284556	0.02617801047120419
Llama-3.1-8B-Instruct	magicoder	43	Llama-3.1-8B-Instruct/magicoder/seed43	hns_f4_s1	commonsense	arc_easy	off_task	2376	83	102	180	2011	71	44	0.8554216867469879	0.43137254901960786	6	11	0.0025252525252525255	0.004629629629629629	0.03333333333333333	0.005469915464942815
Llama-3.1-8B-Instruct	magicoder	43	Llama-3.1-8B-Instruct/magicoder/seed43	hns_f4_s1	commonsense	boolq	off_task	3270	281	155	313	2521	260	20	0.9252669039145908	0.12903225806451613	2	3	0.0006116207951070336	0.0009174311926605505	0.006389776357827476	0.001190003966679889
Llama-3.1-8B-Instruct	magicoder	43	Llama-3.1-8B-Instruct/magicoder/seed43	hns_f4_s1	commonsense	hellaswag	off_task	10042	591	755	3771	4925	443	239	0.7495769881556683	0.3165562913907285	378	126	0.037641904003186615	0.01254730133439554	0.10023866348448687	0.025583756345177663
Llama-3.1-8B-Instruct	magicoder	43	Llama-3.1-8B-Instruct/magicoder/seed43	hns_f4_s1	commonsense	openbookqa	off_task	500	26	34	136	304	20	9	0.7692307692307693	0.2647058823529412	5	6	0.01	0.012	0.03676470588235294	0.019736842105263157
Llama-3.1-8B-Instruct	magicoder	43	Llama-3.1-8B-Instruct/magicoder/seed43	hns_f4_s1	commonsense	piqa	off_task	1838	168	223	193	1254	161	34	0.9583333333333334	0.15246636771300448	7	14	0.003808487486398259	0.007616974972796518	0.03626943005181347	0.011164274322169059
Llama-3.1-8B-Instruct	magicoder	43	Llama-3.1-8B-Instruct/magicoder/seed43	hns_f4_s1	commonsense	siqa	off_task	1954	77	127	504	1246	46	37	0.5974025974025974	0.29133858267716534	11	15	0.005629477993858751	0.007676560900716479	0.021825396825396824	0.012038523274478331
Llama-3.1-8B-Instruct	magicoder	43	Llama-3.1-8B-Instruct/magicoder/seed43	hns_f4_s1	commonsense	winogrande	off_task	1267	408	329	204	326	366	47	0.8970588235294118	0.14285714285714285	22	23	0.017363851617995266	0.018153117600631413	0.10784313725490197	0.0705521472392638
Llama-3.1-8B-Instruct	magicoder	43	Llama-3.1-8B-Instruct/magicoder/seed43	scalar_e	commonsense	arc_challenge	off_task	1172	96	66	246	764	67	32	0.6979166666666666	0.48484848484848486	17	25	0.014505119453924915	0.021331058020477817	0.06910569105691057	0.032722513089005235
Llama-3.1-8B-Instruct	magicoder	43	Llama-3.1-8B-Instruct/magicoder/seed43	scalar_e	commonsense	arc_easy	off_task	2376	83	102	180	2011	67	50	0.8072289156626506	0.49019607843137253	6	14	0.0025252525252525255	0.005892255892255892	0.03333333333333333	0.0069617105917454
Llama-3.1-8B-Instruct	magicoder	43	Llama-3.1-8B-Instruct/magicoder/seed43	scalar_e	commonsense	boolq	off_task	3270	281	155	313	2521	254	23	0.9039145907473309	0.14838709677419354	1	3	0.0003058103975535168	0.0009174311926605505	0.003194888178913738	0.001190003966679889
Llama-3.1-8B-Instruct	magicoder	43	Llama-3.1-8B-Instruct/magicoder/seed43	scalar_e	commonsense	hellaswag	off_task	10042	591	755	3771	4925	443	231	0.7495769881556683	0.30596026490066225	234	102	0.023302131049591716	0.010157339175463055	0.06205250596658711	0.020710659898477157
Llama-3.1-8B-Instruct	magicoder	43	Llama-3.1-8B-Instruct/magicoder/seed43	scalar_e	commonsense	openbookqa	off_task	500	26	34	136	304	17	8	0.6538461538461539	0.23529411764705882	2	4	0.004	0.008	0.014705882352941176	0.013157894736842105
Llama-3.1-8B-Instruct	magicoder	43	Llama-3.1-8B-Instruct/magicoder/seed43	scalar_e	commonsense	piqa	off_task	1838	168	223	193	1254	159	32	0.9464285714285714	0.14349775784753363	3	18	0.001632208922742111	0.009793253536452665	0.015544041450777202	0.014354066985645933
Llama-3.1-8B-Instruct	magicoder	43	Llama-3.1-8B-Instruct/magicoder/seed43	scalar_e	commonsense	siqa	off_task	1954	77	127	504	1246	44	41	0.5714285714285714	0.3228346456692913	9	13	0.004605936540429887	0.006653019447287615	0.017857142857142856	0.01043338683788122
Llama-3.1-8B-Instruct	magicoder	43	Llama-3.1-8B-Instruct/magicoder/seed43	scalar_e	commonsense	winogrande	off_task	1267	408	329	204	326	391	26	0.9583333333333334	0.0790273556231003	44	43	0.03472770323599053	0.03393843725335438	0.21568627450980393	0.13190184049079753
Llama-3.1-8B-Instruct	magicoder	43	Llama-3.1-8B-Instruct/magicoder/seed43	flat_e	commonsense	arc_challenge	off_task	1172	96	66	246	764	71	32	0.7395833333333334	0.48484848484848486	15	20	0.012798634812286689	0.017064846416382253	0.06097560975609756	0.02617801047120419
Llama-3.1-8B-Instruct	magicoder	43	Llama-3.1-8B-Instruct/magicoder/seed43	flat_e	commonsense	arc_easy	off_task	2376	83	102	180	2011	70	46	0.8433734939759037	0.45098039215686275	5	10	0.0021043771043771043	0.004208754208754209	0.027777777777777776	0.004972650422675286
Llama-3.1-8B-Instruct	magicoder	43	Llama-3.1-8B-Instruct/magicoder/seed43	flat_e	commonsense	boolq	off_task	3270	281	155	313	2521	257	23	0.9145907473309609	0.14838709677419354	1	1	0.0003058103975535168	0.0003058103975535168	0.003194888178913738	0.0003966679888932963
Llama-3.1-8B-Instruct	magicoder	43	Llama-3.1-8B-Instruct/magicoder/seed43	flat_e	commonsense	hellaswag	off_task	10042	591	755	3771	4925	447	249	0.7563451776649747	0.32980132450331123	375	121	0.03734315873332006	0.012049392551284604	0.09944311853619729	0.024568527918781728
Llama-3.1-8B-Instruct	magicoder	43	Llama-3.1-8B-Instruct/magicoder/seed43	flat_e	commonsense	openbookqa	off_task	500	26	34	136	304	18	10	0.6923076923076923	0.29411764705882354	5	6	0.01	0.012	0.03676470588235294	0.019736842105263157
Llama-3.1-8B-Instruct	magicoder	43	Llama-3.1-8B-Instruct/magicoder/seed43	flat_e	commonsense	piqa	off_task	1838	168	223	193	1254	162	35	0.9642857142857143	0.15695067264573992	7	15	0.003808487486398259	0.008161044613710556	0.03626943005181347	0.011961722488038277
Llama-3.1-8B-Instruct	magicoder	43	Llama-3.1-8B-Instruct/magicoder/seed43	flat_e	commonsense	siqa	off_task	1954	77	127	504	1246	46	38	0.5974025974025974	0.2992125984251969	10	15	0.00511770726714432	0.007676560900716479	0.01984126984126984	0.012038523274478331
Llama-3.1-8B-Instruct	magicoder	43	Llama-3.1-8B-Instruct/magicoder/seed43	flat_e	commonsense	winogrande	off_task	1267	408	329	204	326	369	42	0.9044117647058824	0.1276595744680851	23	24	0.018153117600631413	0.018942383583267563	0.11274509803921569	0.0736196319018405
Llama-3.1-8B-Instruct	magicoder	44	Llama-3.1-8B-Instruct/magicoder/seed44	hns_f4_s1	commonsense	arc_challenge	off_task	1172	91	64	248	769	66	31	0.7252747252747253	0.484375	11	14	0.00938566552901024	0.011945392491467578	0.04435483870967742	0.018205461638491547
Llama-3.1-8B-Instruct	magicoder	44	Llama-3.1-8B-Instruct/magicoder/seed44	hns_f4_s1	commonsense	arc_easy	off_task	2376	84	97	185	2010	68	46	0.8095238095238095	0.4742268041237113	6	10	0.0025252525252525255	0.004208754208754209	0.032432432432432434	0.004975124378109453
Llama-3.1-8B-Instruct	magicoder	44	Llama-3.1-8B-Instruct/magicoder/seed44	hns_f4_s1	commonsense	boolq	off_task	3270	248	148	320	2554	231	18	0.9314516129032258	0.12162162162162163	5	3	0.0015290519877675841	0.0009174311926605505	0.015625	0.0011746280344557558
Llama-3.1-8B-Instruct	magicoder	44	Llama-3.1-8B-Instruct/magicoder/seed44	hns_f4_s1	commonsense	hellaswag	off_task	10042	671	542	3984	4845	491	181	0.7317436661698957	0.3339483394833948	415	141	0.04132642899820753	0.01404102768372834	0.10416666666666667	0.02910216718266254
Llama-3.1-8B-Instruct	magicoder	44	Llama-3.1-8B-Instruct/magicoder/seed44	hns_f4_s1	commonsense	openbookqa	off_task	500	27	28	142	303	18	11	0.6666666666666666	0.39285714285714285	3	4	0.006	0.008	0.02112676056338028	0.013201320132013201
Llama-3.1-8B-Instruct	magicoder	44	Llama-3.1-8B-Instruct/magicoder/seed44	hns_f4_s1	commonsense	piqa	off_task	1838	75	150	266	1347	65	32	0.8666666666666667	0.21333333333333335	7	17	0.003808487486398259	0.009249183895538629	0.02631578947368421	0.012620638455827766
Llama-3.1-8B-Instruct	magicoder	44	Llama-3.1-8B-Instruct/magicoder/seed44	hns_f4_s1	commonsense	siqa	off_task	1954	75	114	517	1248	46	31	0.6133333333333333	0.2719298245614035	7	26	0.0035823950870010235	0.01330603889457523	0.013539651837524178	0.020833333333333332
Llama-3.1-8B-Instruct	magicoder	44	Llama-3.1-8B-Instruct/magicoder/seed44	hns_f4_s1	commonsense	winogrande	off_task	1267	284	264	269	450	242	47	0.852112676056338	0.17803030303030304	20	20	0.01578531965272297	0.01578531965272297	0.07434944237918216	0.044444444444444446
Llama-3.1-8B-Instruct	magicoder	44	Llama-3.1-8B-Instruct/magicoder/seed44	scalar_e	commonsense	arc_challenge	off_task	1172	91	64	248	769	60	38	0.6593406593406593	0.59375	13	18	0.011092150170648464	0.015358361774744027	0.05241935483870968	0.02340702210663199
Llama-3.1-8B-Instruct	magicoder	44	Llama-3.1-8B-Instruct/magicoder/seed44	scalar_e	commonsense	arc_easy	off_task	2376	84	97	185	2010	64	51	0.7619047619047619	0.5257731958762887	4	12	0.0016835016835016834	0.005050505050505051	0.021621621621621623	0.005970149253731343
Llama-3.1-8B-Instruct	magicoder	44	Llama-3.1-8B-Instruct/magicoder/seed44	scalar_e	commonsense	boolq	off_task	3270	248	148	320	2554	227	22	0.9153225806451613	0.14864864864864866	3	2	0.0009174311926605505	0.0006116207951070336	0.009375	0.0007830853563038371
Llama-3.1-8B-Instruct	magicoder	44	Llama-3.1-8B-Instruct/magicoder/seed44	scalar_e	commonsense	hellaswag	off_task	10042	671	542	3984	4845	486	173	0.7242921013412816	0.3191881918819188	270	95	0.02688707428799044	0.009460266879107747	0.0677710843373494	0.0196078431372549
Llama-3.1-8B-Instruct	magicoder	44	Llama-3.1-8B-Instruct/magicoder/seed44	scalar_e	commonsense	openbookqa	off_task	500	27	28	142	303	16	9	0.5925925925925926	0.32142857142857145	2	3	0.004	0.006	0.014084507042253521	0.009900990099009901
Llama-3.1-8B-Instruct	magicoder	44	Llama-3.1-8B-Instruct/magicoder/seed44	scalar_e	commonsense	piqa	off_task	1838	75	150	266	1347	64	32	0.8533333333333334	0.21333333333333335	5	13	0.002720348204570185	0.007072905331882481	0.018796992481203006	0.009651076466221232
Llama-3.1-8B-Instruct	magicoder	44	Llama-3.1-8B-Instruct/magicoder/seed44	scalar_e	commonsense	siqa	off_task	1954	75	114	517	1248	43	37	0.5733333333333334	0.32456140350877194	6	13	0.0030706243602865915	0.006653019447287615	0.01160541586073501	0.010416666666666666
Llama-3.1-8B-Instruct	magicoder	44	Llama-3.1-8B-Instruct/magicoder/seed44	scalar_e	commonsense	winogrande	off_task	1267	284	264	269	450	263	26	0.926056338028169	0.09848484848484848	37	41	0.02920284135753749	0.03235990528808208	0.137546468401487	0.09111111111111111
Llama-3.1-8B-Instruct	magicoder	44	Llama-3.1-8B-Instruct/magicoder/seed44	flat_e	commonsense	arc_challenge	off_task	1172	91	64	248	769	66	34	0.7252747252747253	0.53125	10	16	0.008532423208191127	0.013651877133105802	0.04032258064516129	0.02080624187256177
Llama-3.1-8B-Instruct	magicoder	44	Llama-3.1-8B-Instruct/magicoder/seed44	flat_e	commonsense	arc_easy	off_task	2376	84	97	185	2010	66	45	0.7857142857142857	0.4639175257731959	6	11	0.0025252525252525255	0.004629629629629629	0.032432432432432434	0.005472636815920398
Llama-3.1-8B-Instruct	magicoder	44	Llama-3.1-8B-Instruct/magicoder/seed44	flat_e	commonsense	boolq	off_task	3270	248	148	320	2554	231	16	0.9314516129032258	0.10810810810810811	6	2	0.001834862385321101	0.0006116207951070336	0.01875	0.0007830853563038371
Llama-3.1-8B-Instruct	magicoder	44	Llama-3.1-8B-Instruct/magicoder/seed44	flat_e	commonsense	hellaswag	off_task	10042	671	542	3984	4845	488	180	0.7272727272727273	0.33210332103321033	403	134	0.040131447918741285	0.013343955387373034	0.10115461847389558	0.027657378740970073
Llama-3.1-8B-Instruct	magicoder	44	Llama-3.1-8B-Instruct/magicoder/seed44	flat_e	commonsense	openbookqa	off_task	500	27	28	142	303	18	11	0.6666666666666666	0.39285714285714285	2	4	0.004	0.008	0.014084507042253521	0.013201320132013201
Llama-3.1-8B-Instruct	magicoder	44	Llama-3.1-8B-Instruct/magicoder/seed44	flat_e	commonsense	piqa	off_task	1838	75	150	266	1347	64	31	0.8533333333333334	0.20666666666666667	7	13	0.003808487486398259	0.007072905331882481	0.02631578947368421	0.009651076466221232
Llama-3.1-8B-Instruct	magicoder	44	Llama-3.1-8B-Instruct/magicoder/seed44	flat_e	commonsense	siqa	off_task	1954	75	114	517	1248	43	34	0.5733333333333334	0.2982456140350877	7	21	0.0035823950870010235	0.010747185261003071	0.013539651837524178	0.016826923076923076
Llama-3.1-8B-Instruct	magicoder	44	Llama-3.1-8B-Instruct/magicoder/seed44	flat_e	commonsense	winogrande	off_task	1267	284	264	269	450	248	52	0.8732394366197183	0.19696969696969696	22	19	0.017363851617995266	0.01499605367008682	0.08178438661710037	0.042222222222222223
Llama-3.1-8B-Instruct	metamath	42	Llama-3.1-8B-Instruct/metamath/seed42	hns_f4_s1	commonsense	arc_challenge	off_task	1172	222	47	265	638	135	40	0.6081081081081081	0.851063829787234	20	3	0.017064846416382253	0.002559726962457338	0.07547169811320754	0.004702194357366771
Llama-3.1-8B-Instruct	metamath	42	Llama-3.1-8B-Instruct/metamath/seed42	hns_f4_s1	commonsense	arc_easy	off_task	2376	331	67	215	1763	221	62	0.6676737160120846	0.9253731343283582	30	5	0.012626262626262626	0.0021043771043771043	0.13953488372093023	0.0028360748723766306
Llama-3.1-8B-Instruct	metamath	42	Llama-3.1-8B-Instruct/metamath/seed42	hns_f4_s1	commonsense	boolq	off_task	3270	159	86	382	2643	119	38	0.7484276729559748	0.4418604651162791	29	63	0.008868501529051987	0.01926605504587156	0.07591623036649214	0.02383654937570942
Llama-3.1-8B-Instruct	metamath	42	Llama-3.1-8B-Instruct/metamath/seed42	hns_f4_s1	commonsense	hellaswag	off_task	10042	1403	436	4090	4113	653	244	0.4654312188168211	0.5596330275229358	143	79	0.014240191196972715	0.007866958773152759	0.03496332518337408	0.019207391198638464
Llama-3.1-8B-Instruct	metamath	42	Llama-3.1-8B-Instruct/metamath/seed42	hns_f4_s1	commonsense	openbookqa	off_task	500	28	28	142	302	17	24	0.6071428571428571	0.8571428571428571	12	5	0.024	0.01	0.08450704225352113	0.016556291390728478
Llama-3.1-8B-Instruct	metamath	42	Llama-3.1-8B-Instruct/metamath/seed42	hns_f4_s1	commonsense	piqa	off_task	1838	199	55	361	1223	90	38	0.45226130653266333	0.6909090909090909	7	32	0.003808487486398259	0.017410228509249184	0.019390581717451522	0.02616516762060507
Llama-3.1-8B-Instruct	metamath	42	Llama-3.1-8B-Instruct/metamath/seed42	hns_f4_s1	commonsense	siqa	off_task	1954	147	131	500	1176	66	87	0.4489795918367347	0.6641221374045801	22	40	0.011258955987717503	0.02047082906857728	0.044	0.034013605442176874
Llama-3.1-8B-Instruct	metamath	42	Llama-3.1-8B-Instruct/metamath/seed42	hns_f4_s1	commonsense	winogrande	off_task	1267	199	145	388	535	35	127	0.17587939698492464	0.8758620689655172	8	10	0.006314127861089187	0.007892659826361484	0.020618556701030927	0.018691588785046728
Llama-3.1-8B-Instruct	metamath	42	Llama-3.1-8B-Instruct/metamath/seed42	scalar_e	commonsense	arc_challenge	off_task	1172	222	47	265	638	83	40	0.3738738738738739	0.851063829787234	9	18	0.007679180887372013	0.015358361774744027	0.033962264150943396	0.02821316614420063
Llama-3.1-8B-Instruct	metamath	42	Llama-3.1-8B-Instruct/metamath/seed42	scalar_e	commonsense	arc_easy	off_task	2376	331	67	215	1763	134	59	0.40483383685800606	0.8805970149253731	22	17	0.009259259259259259	0.007154882154882155	0.10232558139534884	0.009642654566080544
Llama-3.1-8B-Instruct	metamath	42	Llama-3.1-8B-Instruct/metamath/seed42	scalar_e	commonsense	boolq	off_task	3270	159	86	382	2643	85	55	0.5345911949685535	0.6395348837209303	29	59	0.008868501529051987	0.018042813455657492	0.07591623036649214	0.022323117669315173
Llama-3.1-8B-Instruct	metamath	42	Llama-3.1-8B-Instruct/metamath/seed42	scalar_e	commonsense	hellaswag	off_task	10042	1403	436	4090	4113	449	269	0.32002851033499646	0.6169724770642202	89	92	0.008862776339374627	0.009161521609241188	0.02176039119804401	0.02236810114271821
Llama-3.1-8B-Instruct	metamath	42	Llama-3.1-8B-Instruct/metamath/seed42	scalar_e	commonsense	openbookqa	off_task	500	28	28	142	302	13	27	0.4642857142857143	0.9642857142857143	16	4	0.032	0.008	0.11267605633802817	0.013245033112582781
Llama-3.1-8B-Instruct	metamath	42	Llama-3.1-8B-Instruct/metamath/seed42	scalar_e	commonsense	piqa	off_task	1838	199	55	361	1223	76	45	0.38190954773869346	0.8181818181818182	7	12	0.003808487486398259	0.006528835690968444	0.019390581717451522	0.009811937857726901
Llama-3.1-8B-Instruct	metamath	42	Llama-3.1-8B-Instruct/metamath/seed42	scalar_e	commonsense	siqa	off_task	1954	147	131	500	1176	51	103	0.3469387755102041	0.7862595419847328	20	23	0.01023541453428864	0.011770726714431934	0.04	0.0195578231292517
Llama-3.1-8B-Instruct	metamath	42	Llama-3.1-8B-Instruct/metamath/seed42	scalar_e	commonsense	winogrande	off_task	1267	199	145	388	535	25	128	0.12562814070351758	0.8827586206896552	10	10	0.007892659826361484	0.007892659826361484	0.02577319587628866	0.018691588785046728
Llama-3.1-8B-Instruct	metamath	42	Llama-3.1-8B-Instruct/metamath/seed42	flat_e	commonsense	arc_challenge	off_task	1172	222	47	265	638	136	41	0.6126126126126126	0.8723404255319149	21	3	0.017918088737201365	0.002559726962457338	0.07924528301886792	0.004702194357366771
Llama-3.1-8B-Instruct	metamath	42	Llama-3.1-8B-Instruct/metamath/seed42	flat_e	commonsense	arc_easy	off_task	2376	331	67	215	1763	222	61	0.6706948640483383	0.9104477611940298	29	6	0.012205387205387205	0.0025252525252525255	0.13488372093023257	0.003403289846851957
Llama-3.1-8B-Instruct	metamath	42	Llama-3.1-8B-Instruct/metamath/seed42	flat_e	commonsense	boolq	off_task	3270	159	86	382	2643	120	38	0.7547169811320755	0.4418604651162791	29	61	0.008868501529051987	0.018654434250764525	0.07591623036649214	0.0230798335225123
Llama-3.1-8B-Instruct	metamath	42	Llama-3.1-8B-Instruct/metamath/seed42	flat_e	commonsense	hellaswag	off_task	10042	1403	436	4090	4113	658	246	0.4689950106913756	0.5642201834862385	132	73	0.01314479187412866	0.007269468233419637	0.03227383863080684	0.01774860199367858
Llama-3.1-8B-Instruct	metamath	42	Llama-3.1-8B-Instruct/metamath/seed42	flat_e	commonsense	openbookqa	off_task	500	28	28	142	302	16	24	0.5714285714285714	0.8571428571428571	12	5	0.024	0.01	0.08450704225352113	0.016556291390728478
Llama-3.1-8B-Instruct	metamath	42	Llama-3.1-8B-Instruct/metamath/seed42	flat_e	commonsense	piqa	off_task	1838	199	55	361	1223	90	38	0.45226130653266333	0.6909090909090909	8	35	0.004352557127312296	0.019042437431991296	0.0221606648199446	0.028618152085036794
Llama-3.1-8B-Instruct	metamath	42	Llama-3.1-8B-Instruct/metamath/seed42	flat_e	commonsense	siqa	off_task	1954	147	131	500	1176	63	88	0.42857142857142855	0.6717557251908397	24	42	0.012282497441146366	0.021494370522006142	0.048	0.03571428571428571
Llama-3.1-8B-Instruct	metamath	42	Llama-3.1-8B-Instruct/metamath/seed42	flat_e	commonsense	winogrande	off_task	1267	199	145	388	535	38	127	0.19095477386934673	0.8758620689655172	9	9	0.007103393843725336	0.007103393843725336	0.023195876288659795	0.016822429906542057
Llama-3.1-8B-Instruct	metamath	43	Llama-3.1-8B-Instruct/metamath/seed43	hns_f4_s1	commonsense	arc_challenge	off_task	1172	222	50	262	638	155	37	0.6981981981981982	0.74	14	3	0.011945392491467578	0.002559726962457338	0.05343511450381679	0.004702194357366771
Llama-3.1-8B-Instruct	metamath	43	Llama-3.1-8B-Instruct/metamath/seed43	hns_f4_s1	commonsense	arc_easy	off_task	2376	309	72	210	1785	227	54	0.7346278317152104	0.75	24	3	0.010101010101010102	0.0012626262626262627	0.11428571428571428	0.0016806722689075631
Llama-3.1-8B-Instruct	metamath	43	Llama-3.1-8B-Instruct/metamath/seed43	hns_f4_s1	commonsense	boolq	off_task	3270	191	94	374	2611	155	34	0.8115183246073299	0.3617021276595745	30	64	0.009174311926605505	0.019571865443425075	0.08021390374331551	0.024511681348142474
Llama-3.1-8B-Instruct	metamath	43	Llama-3.1-8B-Instruct/metamath/seed43	hns_f4_s1	commonsense	hellaswag	off_task	10042	1570	268	4258	3946	1227	184	0.7815286624203822	0.6865671641791045	519	48	0.05168293168691496	0.0047799243178649675	0.12188821042743071	0.012164216928535226
Llama-3.1-8B-Instruct	metamath	43	Llama-3.1-8B-Instruct/metamath/seed43	hns_f4_s1	commonsense	openbookqa	off_task	500	42	25	145	288	31	18	0.7380952380952381	0.72	19	2	0.038	0.004	0.1310344827586207	0.006944444444444444
Llama-3.1-8B-Instruct	metamath	43	Llama-3.1-8B-Instruct/metamath/seed43	hns_f4_s1	commonsense	piqa	off_task	1838	214	52	364	1208	139	29	0.6495327102803738	0.5576923076923077	12	6	0.006528835690968444	0.003264417845484222	0.03296703296703297	0.004966887417218543
Llama-3.1-8B-Instruct	metamath	43	Llama-3.1-8B-Instruct/metamath/seed43	hns_f4_s1	commonsense	siqa	off_task	1954	202	123	508	1121	139	69	0.6881188118811881	0.5609756097560976	15	13	0.007676560900716479	0.006653019447287615	0.02952755905511811	0.01159678858162355
Llama-3.1-8B-Instruct	metamath	43	Llama-3.1-8B-Instruct/metamath/seed43	hns_f4_s1	commonsense	winogrande	off_task	1267	194	142	391	540	95	93	0.4896907216494845	0.6549295774647887	28	15	0.022099447513812154	0.011838989739542225	0.07161125319693094	0.027777777777777776
Llama-3.1-8B-Instruct	metamath	43	Llama-3.1-8B-Instruct/metamath/seed43	scalar_e	commonsense	arc_challenge	off_task	1172	222	50	262	638	151	29	0.6801801801801802	0.58	11	8	0.00938566552901024	0.006825938566552901	0.04198473282442748	0.012539184952978056
Llama-3.1-8B-Instruct	metamath	43	Llama-3.1-8B-Instruct/metamath/seed43	scalar_e	commonsense	arc_easy	off_task	2376	309	72	210	1785	221	52	0.7152103559870551	0.7222222222222222	23	14	0.00968013468013468	0.005892255892255892	0.10952380952380952	0.00784313725490196
Llama-3.1-8B-Instruct	metamath	43	Llama-3.1-8B-Instruct/metamath/seed43	scalar_e	commonsense	boolq	off_task	3270	191	94	374	2611	139	39	0.7277486910994765	0.4148936170212766	33	63	0.010091743119266056	0.01926605504587156	0.08823529411764706	0.024128686327077747
Llama-3.1-8B-Instruct	metamath	43	Llama-3.1-8B-Instruct/metamath/seed43	scalar_e	commonsense	hellaswag	off_task	10042	1570	268	4258	3946	1133	176	0.721656050955414	0.6567164179104478	382	41	0.03804023102967536	0.004082852021509659	0.08971348050728041	0.010390268626457172
Llama-3.1-8B-Instruct	metamath	43	Llama-3.1-8B-Instruct/metamath/seed43	scalar_e	commonsense	openbookqa	off_task	500	42	25	145	288	31	19	0.7380952380952381	0.76	22	2	0.044	0.004	0.15172413793103448	0.006944444444444444
Llama-3.1-8B-Instruct	metamath	43	Llama-3.1-8B-Instruct/metamath/seed43	scalar_e	commonsense	piqa	off_task	1838	214	52	364	1208	132	28	0.616822429906542	0.5384615384615384	14	8	0.007616974972796518	0.004352557127312296	0.038461538461538464	0.006622516556291391
Llama-3.1-8B-Instruct	metamath	43	Llama-3.1-8B-Instruct/metamath/seed43	scalar_e	commonsense	siqa	off_task	1954	202	123	508	1121	134	68	0.6633663366336634	0.5528455284552846	13	18	0.006653019447287615	0.009211873080859774	0.025590551181102362	0.016057091882247992
Llama-3.1-8B-Instruct	metamath	43	Llama-3.1-8B-Instruct/metamath/seed43	scalar_e	commonsense	winogrande	off_task	1267	194	142	391	540	74	99	0.38144329896907214	0.6971830985915493	27	27	0.021310181531176007	0.021310181531176007	0.06905370843989769	0.05
Llama-3.1-8B-Instruct	metamath	43	Llama-3.1-8B-Instruct/metamath/seed43	flat_e	commonsense	arc_challenge	off_task	1172	222	50	262	638	156	36	0.7027027027027027	0.72	16	3	0.013651877133105802	0.002559726962457338	0.061068702290076333	0.004702194357366771
Llama-3.1-8B-Instruct	metamath	43	Llama-3.1-8B-Instruct/metamath/seed43	flat_e	commonsense	arc_easy	off_task	2376	309	72	210	1785	228	54	0.7378640776699029	0.75	22	4	0.009259259259259259	0.0016835016835016834	0.10476190476190476	0.002240896358543417
Llama-3.1-8B-Instruct	metamath	43	Llama-3.1-8B-Instruct/metamath/seed43	flat_e	commonsense	boolq	off_task	3270	191	94	374	2611	151	35	0.7905759162303665	0.3723404255319149	31	58	0.009480122324159021	0.017737003058103974	0.08288770053475936	0.022213711221754116
Llama-3.1-8B-Instruct	metamath	43	Llama-3.1-8B-Instruct/metamath/seed43	flat_e	commonsense	hellaswag	off_task	10042	1570	268	4258	3946	1216	184	0.7745222929936306	0.6865671641791045	511	45	0.050886277633937466	0.0044811790479984065	0.1200093940817285	0.011403953370501775
Llama-3.1-8B-Instruct	metamath	43	Llama-3.1-8B-Instruct/metamath/seed43	flat_e	commonsense	openbookqa	off_task	500	42	25	145	288	31	18	0.7380952380952381	0.72	18	2	0.036	0.004	0.12413793103448276	0.006944444444444444
Llama-3.1-8B-Instruct	metamath	43	Llama-3.1-8B-Instruct/metamath/seed43	flat_e	commonsense	piqa	off_task	1838	214	52	364	1208	141	29	0.6588785046728972	0.5576923076923077	15	9	0.008161044613710556	0.004896626768226333	0.04120879120879121	0.0074503311258278145
Llama-3.1-8B-Instruct	metamath	43	Llama-3.1-8B-Instruct/metamath/seed43	flat_e	commonsense	siqa	off_task	1954	202	123	508	1121	139	69	0.6881188118811881	0.5609756097560976	15	15	0.007676560900716479	0.007676560900716479	0.02952755905511811	0.013380909901873328
Llama-3.1-8B-Instruct	metamath	43	Llama-3.1-8B-Instruct/metamath/seed43	flat_e	commonsense	winogrande	off_task	1267	194	142	391	540	95	94	0.4896907216494845	0.6619718309859155	28	13	0.022099447513812154	0.010260457774269928	0.07161125319693094	0.024074074074074074
Llama-3.1-8B-Instruct	metamath	44	Llama-3.1-8B-Instruct/metamath/seed44	hns_f4_s1	commonsense	arc_challenge	off_task	1172	230	50	262	630	161	39	0.7	0.78	16	2	0.013651877133105802	0.0017064846416382253	0.061068702290076333	0.0031746031746031746
Llama-3.1-8B-Instruct	metamath	44	Llama-3.1-8B-Instruct/metamath/seed44	hns_f4_s1	commonsense	arc_easy	off_task	2376	345	70	212	1749	272	51	0.7884057971014493	0.7285714285714285	27	5	0.011363636363636364	0.0021043771043771043	0.12735849056603774	0.002858776443682104
Llama-3.1-8B-Instruct	metamath	44	Llama-3.1-8B-Instruct/metamath/seed44	hns_f4_s1	commonsense	boolq	off_task	3270	258	88	380	2544	219	29	0.8488372093023255	0.32954545454545453	35	50	0.010703363914373088	0.01529051987767584	0.09210526315789473	0.019654088050314465
Llama-3.1-8B-Instruct	metamath	44	Llama-3.1-8B-Instruct/metamath/seed44	hns_f4_s1	commonsense	hellaswag	off_task	10042	1469	325	4201	4047	1119	216	0.7617426820966644	0.6646153846153846	495	51	0.049292969527982476	0.005078669587731528	0.1178290883123066	0.012601927353595256
Llama-3.1-8B-Instruct	metamath	44	Llama-3.1-8B-Instruct/metamath/seed44	hns_f4_s1	commonsense	openbookqa	off_task	500	32	37	133	298	22	25	0.6875	0.6756756756756757	16	5	0.032	0.01	0.12030075187969924	0.016778523489932886
Llama-3.1-8B-Instruct	metamath	44	Llama-3.1-8B-Instruct/metamath/seed44	hns_f4_s1	commonsense	piqa	off_task	1838	223	49	367	1199	149	27	0.6681614349775785	0.5510204081632653	14	8	0.007616974972796518	0.004352557127312296	0.03814713896457766	0.006672226855713094
Llama-3.1-8B-Instruct	metamath	44	Llama-3.1-8B-Instruct/metamath/seed44	hns_f4_s1	commonsense	siqa	off_task	1954	181	141	490	1142	123	76	0.6795580110497238	0.5390070921985816	11	18	0.005629477993858751	0.009211873080859774	0.022448979591836733	0.01576182136602452
Llama-3.1-8B-Instruct	metamath	44	Llama-3.1-8B-Instruct/metamath/seed44	hns_f4_s1	commonsense	winogrande	off_task	1267	200	147	386	534	91	91	0.455	0.6190476190476191	27	13	0.021310181531176007	0.010260457774269928	0.06994818652849741	0.024344569288389514
Llama-3.1-8B-Instruct	metamath	44	Llama-3.1-8B-Instruct/metamath/seed44	scalar_e	commonsense	arc_challenge	off_task	1172	230	50	262	630	160	32	0.6956521739130435	0.64	11	6	0.00938566552901024	0.005119453924914676	0.04198473282442748	0.009523809523809525
Llama-3.1-8B-Instruct	metamath	44	Llama-3.1-8B-Instruct/metamath/seed44	scalar_e	commonsense	arc_easy	off_task	2376	345	70	212	1749	267	49	0.7739130434782608	0.7	24	11	0.010101010101010102	0.004629629629629629	0.11320754716981132	0.006289308176100629
Llama-3.1-8B-Instruct	metamath	44	Llama-3.1-8B-Instruct/metamath/seed44	scalar_e	commonsense	boolq	off_task	3270	258	88	380	2544	210	28	0.813953488372093	0.3181818181818182	38	58	0.011620795107033639	0.017737003058103974	0.1	0.02279874213836478
Llama-3.1-8B-Instruct	metamath	44	Llama-3.1-8B-Instruct/metamath/seed44	scalar_e	commonsense	hellaswag	off_task	10042	1469	325	4201	4047	1062	203	0.7229407760381211	0.6246153846153846	387	51	0.038538139812786296	0.005078669587731528	0.09212092358962153	0.012601927353595256
Llama-3.1-8B-Instruct	metamath	44	Llama-3.1-8B-Instruct/metamath/seed44	scalar_e	commonsense	openbookqa	off_task	500	32	37	133	298	23	26	0.71875	0.7027027027027027	14	4	0.028	0.008	0.10526315789473684	0.013422818791946308
Llama-3.1-8B-Instruct	metamath	44	Llama-3.1-8B-Instruct/metamath/seed44	scalar_e	commonsense	piqa	off_task	1838	223	49	367	1199	148	25	0.6636771300448431	0.5102040816326531	13	10	0.007072905331882481	0.00544069640914037	0.035422343324250684	0.008340283569641367
Llama-3.1-8B-Instruct	metamath	44	Llama-3.1-8B-Instruct/metamath/seed44	scalar_e	commonsense	siqa	off_task	1954	181	141	490	1142	118	71	0.6519337016574586	0.5035460992907801	11	20	0.005629477993858751	0.01023541453428864	0.022448979591836733	0.017513134851138354
Llama-3.1-8B-Instruct	metamath	44	Llama-3.1-8B-Instruct/metamath/seed44	scalar_e	commonsense	winogrande	off_task	1267	200	147	386	534	77	105	0.385	0.7142857142857143	27	20	0.021310181531176007	0.01578531965272297	0.06994818652849741	0.03745318352059925
Llama-3.1-8B-Instruct	metamath	44	Llama-3.1-8B-Instruct/metamath/seed44	flat_e	commonsense	arc_challenge	off_task	1172	230	50	262	630	161	40	0.7	0.8	16	3	0.013651877133105802	0.002559726962457338	0.061068702290076333	0.004761904761904762
Llama-3.1-8B-Instruct	metamath	44	Llama-3.1-8B-Instruct/metamath/seed44	flat_e	commonsense	arc_easy	off_task	2376	345	70	212	1749	268	51	0.7768115942028986	0.7285714285714285	25	5	0.010521885521885523	0.0021043771043771043	0.1179245283018868	0.002858776443682104
Llama-3.1-8B-Instruct	metamath	44	Llama-3.1-8B-Instruct/metamath/seed44	flat_e	commonsense	boolq	off_task	3270	258	88	380	2544	218	29	0.8449612403100775	0.32954545454545453	33	53	0.010091743119266056	0.01620795107033639	0.0868421052631579	0.020833333333333332
Llama-3.1-8B-Instruct	metamath	44	Llama-3.1-8B-Instruct/metamath/seed44	flat_e	commonsense	hellaswag	off_task	10042	1469	325	4201	4047	1122	219	0.763784887678693	0.6738461538461539	495	51	0.049292969527982476	0.005078669587731528	0.1178290883123066	0.012601927353595256
Llama-3.1-8B-Instruct	metamath	44	Llama-3.1-8B-Instruct/metamath/seed44	flat_e	commonsense	openbookqa	off_task	500	32	37	133	298	22	25	0.6875	0.6756756756756757	16	4	0.032	0.008	0.12030075187969924	0.013422818791946308
Llama-3.1-8B-Instruct	metamath	44	Llama-3.1-8B-Instruct/metamath/seed44	flat_e	commonsense	piqa	off_task	1838	223	49	367	1199	151	27	0.6771300448430493	0.5510204081632653	16	6	0.008705114254624592	0.003264417845484222	0.043596730245231606	0.0050041701417848205
Llama-3.1-8B-Instruct	metamath	44	Llama-3.1-8B-Instruct/metamath/seed44	flat_e	commonsense	siqa	off_task	1954	181	141	490	1142	126	76	0.6961325966850829	0.5390070921985816	12	21	0.006141248720573183	0.010747185261003071	0.024489795918367346	0.01838879159369527
Llama-3.1-8B-Instruct	metamath	44	Llama-3.1-8B-Instruct/metamath/seed44	flat_e	commonsense	winogrande	off_task	1267	200	147	386	534	93	93	0.465	0.6326530612244898	26	14	0.020520915548539857	0.011049723756906077	0.06735751295336788	0.026217228464419477
Llama-3.1-8B-Instruct	tulu	42	Llama-3.1-8B-Instruct/tulu/seed42	hns_f4_s1	commonsense	arc_challenge	off_task	1172	89	71	241	771	18	57	0.20224719101123595	0.8028169014084507	9	25	0.007679180887372013	0.021331058020477817	0.03734439834024896	0.0324254215304799
Llama-3.1-8B-Instruct	tulu	42	Llama-3.1-8B-Instruct/tulu/seed42	hns_f4_s1	commonsense	arc_easy	off_task	2376	80	76	206	2014	11	57	0.1375	0.75	3	20	0.0012626262626262627	0.008417508417508417	0.014563106796116505	0.009930486593843098
Llama-3.1-8B-Instruct	tulu	42	Llama-3.1-8B-Instruct/tulu/seed42	hns_f4_s1	commonsense	boolq	off_task	3270	74	76	392	2728	30	49	0.40540540540540543	0.6447368421052632	0	4	0.0	0.0012232415902140672	0.0	0.001466275659824047
Llama-3.1-8B-Instruct	tulu	42	Llama-3.1-8B-Instruct/tulu/seed42	hns_f4_s1	commonsense	hellaswag	off_task	10042	970	519	4007	4546	191	292	0.19690721649484536	0.5626204238921002	23	125	0.002290380402310297	0.012447719577773351	0.005739955078612428	0.027496700395952485
Llama-3.1-8B-Instruct	tulu	42	Llama-3.1-8B-Instruct/tulu/seed42	hns_f4_s1	commonsense	openbookqa	off_task	500	14	32	138	316	1	17	0.07142857142857142	0.53125	0	4	0.0	0.008	0.0	0.012658227848101266
Llama-3.1-8B-Instruct	tulu	42	Llama-3.1-8B-Instruct/tulu/seed42	hns_f4_s1	commonsense	piqa	off_task	1838	123	186	230	1299	76	96	0.6178861788617886	0.5161290322580645	3	8	0.001632208922742111	0.004352557127312296	0.013043478260869565	0.006158583525789068
Llama-3.1-8B-Instruct	tulu	42	Llama-3.1-8B-Instruct/tulu/seed42	hns_f4_s1	commonsense	siqa	off_task	1954	81	126	505	1242	26	99	0.32098765432098764	0.7857142857142857	5	11	0.00255885363357216	0.005629477993858751	0.009900990099009901	0.008856682769726247
Llama-3.1-8B-Instruct	tulu	42	Llama-3.1-8B-Instruct/tulu/seed42	hns_f4_s1	commonsense	winogrande	off_task	1267	350	298	235	384	45	271	0.12857142857142856	0.9093959731543624	2	1	0.0015785319652722968	0.0007892659826361484	0.00851063829787234	0.0026041666666666665
Llama-3.1-8B-Instruct	tulu	42	Llama-3.1-8B-Instruct/tulu/seed42	scalar_e	commonsense	arc_challenge	off_task	1172	89	71	241	771	27	50	0.30337078651685395	0.704225352112676	5	35	0.004266211604095563	0.029863481228668942	0.02074688796680498	0.04539559014267185
Llama-3.1-8B-Instruct	tulu	42	Llama-3.1-8B-Instruct/tulu/seed42	scalar_e	commonsense	arc_easy	off_task	2376	80	76	206	2014	17	54	0.2125	0.7105263157894737	3	31	0.0012626262626262627	0.013047138047138047	0.014563106796116505	0.015392254220456803
Llama-3.1-8B-Instruct	tulu	42	Llama-3.1-8B-Instruct/tulu/seed42	scalar_e	commonsense	boolq	off_task	3270	74	76	392	2728	50	33	0.6756756756756757	0.4342105263157895	6	12	0.001834862385321101	0.003669724770642202	0.015306122448979591	0.004398826979472141
Llama-3.1-8B-Instruct	tulu	42	Llama-3.1-8B-Instruct/tulu/seed42	scalar_e	commonsense	hellaswag	off_task	10042	970	519	4007	4546	57	198	0.058762886597938144	0.3815028901734104	21	398	0.0020912168890659232	0.03963353913563035	0.005240828550037434	0.08754949406071272
Llama-3.1-8B-Instruct	tulu	42	Llama-3.1-8B-Instruct/tulu/seed42	scalar_e	commonsense	openbookqa	off_task	500	14	32	138	316	1	10	0.07142857142857142	0.3125	1	6	0.002	0.012	0.007246376811594203	0.0189873417721519
Llama-3.1-8B-Instruct	tulu	42	Llama-3.1-8B-Instruct/tulu/seed42	scalar_e	commonsense	piqa	off_task	1838	123	186	230	1299	77	90	0.6260162601626016	0.4838709677419355	5	5	0.002720348204570185	0.002720348204570185	0.021739130434782608	0.003849114703618168
Llama-3.1-8B-Instruct	tulu	42	Llama-3.1-8B-Instruct/tulu/seed42	scalar_e	commonsense	siqa	off_task	1954	81	126	505	1242	25	86	0.30864197530864196	0.6825396825396826	9	18	0.004605936540429887	0.009211873080859774	0.01782178217821782	0.014492753623188406
Llama-3.1-8B-Instruct	tulu	42	Llama-3.1-8B-Instruct/tulu/seed42	scalar_e	commonsense	winogrande	off_task	1267	350	298	235	384	73	246	0.20857142857142857	0.825503355704698	1	0	0.0007892659826361484	0.0	0.00425531914893617	0.0
Llama-3.1-8B-Instruct	tulu	42	Llama-3.1-8B-Instruct/tulu/seed42	flat_e	commonsense	arc_challenge	off_task	1172	89	71	241	771	18	56	0.20224719101123595	0.7887323943661971	9	22	0.007679180887372013	0.01877133105802048	0.03734439834024896	0.028534370946822308
Llama-3.1-8B-Instruct	tulu	42	Llama-3.1-8B-Instruct/tulu/seed42	flat_e	commonsense	arc_easy	off_task	2376	80	76	206	2014	11	58	0.1375	0.7631578947368421	3	22	0.0012626262626262627	0.009259259259259259	0.014563106796116505	0.010923535253227408
Llama-3.1-8B-Instruct	tulu	42	Llama-3.1-8B-Instruct/tulu/seed42	flat_e	commonsense	boolq	off_task	3270	74	76	392	2728	29	49	0.3918918918918919	0.6447368421052632	1	6	0.0003058103975535168	0.001834862385321101	0.002551020408163265	0.0021994134897360706
Llama-3.1-8B-Instruct	tulu	42	Llama-3.1-8B-Instruct/tulu/seed42	flat_e	commonsense	hellaswag	off_task	10042	970	519	4007	4546	188	278	0.19381443298969073	0.535645472061657	20	135	0.0019916351324437364	0.01344353714399522	0.0049912652857499375	0.029696436427628686
Llama-3.1-8B-Instruct	tulu	42	Llama-3.1-8B-Instruct/tulu/seed42	flat_e	commonsense	openbookqa	off_task	500	14	32	138	316	1	16	0.07142857142857142	0.5	0	3	0.0	0.006	0.0	0.00949367088607595
Llama-3.1-8B-Instruct	tulu	42	Llama-3.1-8B-Instruct/tulu/seed42	flat_e	commonsense	piqa	off_task	1838	123	186	230	1299	78	104	0.6341463414634146	0.5591397849462365	2	5	0.001088139281828074	0.002720348204570185	0.008695652173913044	0.003849114703618168
Llama-3.1-8B-Instruct	tulu	42	Llama-3.1-8B-Instruct/tulu/seed42	flat_e	commonsense	siqa	off_task	1954	81	126	505	1242	25	99	0.30864197530864196	0.7857142857142857	5	13	0.00255885363357216	0.006653019447287615	0.009900990099009901	0.010466988727858293
Llama-3.1-8B-Instruct	tulu	42	Llama-3.1-8B-Instruct/tulu/seed42	flat_e	commonsense	winogrande	off_task	1267	350	298	235	384	46	269	0.13142857142857142	0.9026845637583892	2	1	0.0015785319652722968	0.0007892659826361484	0.00851063829787234	0.0026041666666666665
Llama-3.1-8B-Instruct	tulu	43	Llama-3.1-8B-Instruct/tulu/seed43	hns_f4_s1	commonsense	arc_challenge	off_task	1172	59	97	215	801	18	63	0.3050847457627119	0.6494845360824743	6	27	0.005119453924914676	0.02303754266211604	0.027906976744186046	0.033707865168539325
Llama-3.1-8B-Instruct	tulu	43	Llama-3.1-8B-Instruct/tulu/seed43	hns_f4_s1	commonsense	arc_easy	off_task	2376	47	105	177	2047	12	78	0.2553191489361702	0.7428571428571429	10	22	0.004208754208754209	0.009259259259259259	0.05649717514124294	0.01074743527112848
Llama-3.1-8B-Instruct	tulu	43	Llama-3.1-8B-Instruct/tulu/seed43	hns_f4_s1	commonsense	boolq	off_task	3270	132	125	343	2670	100	43	0.7575757575757576	0.344	10	5	0.0030581039755351682	0.0015290519877675841	0.029154518950437316	0.0018726591760299626
Llama-3.1-8B-Instruct	tulu	43	Llama-3.1-8B-Instruct/tulu/seed43	hns_f4_s1	commonsense	hellaswag	off_task	10042	572	930	3596	4944	120	493	0.2097902097902098	0.5301075268817205	34	162	0.0033857797251543517	0.016132244572794264	0.009454949944382647	0.032766990291262135
Llama-3.1-8B-Instruct	tulu	43	Llama-3.1-8B-Instruct/tulu/seed43	hns_f4_s1	commonsense	openbookqa	off_task	500	15	49	121	315	7	26	0.4666666666666667	0.5306122448979592	2	5	0.004	0.01	0.01652892561983471	0.015873015873015872
Llama-3.1-8B-Instruct	tulu	43	Llama-3.1-8B-Instruct/tulu/seed43	hns_f4_s1	commonsense	piqa	off_task	1838	173	236	180	1249	99	143	0.5722543352601156	0.6059322033898306	6	2	0.003264417845484222	0.001088139281828074	0.03333333333333333	0.0016012810248198558
Llama-3.1-8B-Instruct	tulu	43	Llama-3.1-8B-Instruct/tulu/seed43	hns_f4_s1	commonsense	siqa	off_task	1954	98	153	478	1225	38	102	0.3877551020408163	0.6666666666666666	6	4	0.0030706243602865915	0.0020470829068577278	0.012552301255230125	0.0032653061224489797
Llama-3.1-8B-Instruct	tulu	43	Llama-3.1-8B-Instruct/tulu/seed43	hns_f4_s1	commonsense	winogrande	off_task	1267	306	268	265	428	90	190	0.29411764705882354	0.7089552238805971	0	2	0.0	0.0015785319652722968	0.0	0.004672897196261682
Llama-3.1-8B-Instruct	tulu	43	Llama-3.1-8B-Instruct/tulu/seed43	scalar_e	commonsense	arc_challenge	off_task	1172	59	97	215	801	16	67	0.2711864406779661	0.6907216494845361	5	22	0.004266211604095563	0.01877133105802048	0.023255813953488372	0.02746566791510612
Llama-3.1-8B-Instruct	tulu	43	Llama-3.1-8B-Instruct/tulu/seed43	scalar_e	commonsense	arc_easy	off_task	2376	47	105	177	2047	12	76	0.2553191489361702	0.7238095238095238	7	17	0.002946127946127946	0.007154882154882155	0.03954802259887006	0.008304836345872008
Llama-3.1-8B-Instruct	tulu	43	Llama-3.1-8B-Instruct/tulu/seed43	scalar_e	commonsense	boolq	off_task	3270	132	125	343	2670	94	48	0.7121212121212122	0.384	9	5	0.0027522935779816515	0.0015290519877675841	0.026239067055393587	0.0018726591760299626
Llama-3.1-8B-Instruct	tulu	43	Llama-3.1-8B-Instruct/tulu/seed43	scalar_e	commonsense	hellaswag	off_task	10042	572	930	3596	4944	91	483	0.1590909090909091	0.5193548387096775	21	205	0.0020912168890659232	0.020414260107548297	0.005839822024471635	0.04146440129449838
Llama-3.1-8B-Instruct	tulu	43	Llama-3.1-8B-Instruct/tulu/seed43	scalar_e	commonsense	openbookqa	off_task	500	15	49	121	315	8	31	0.5333333333333333	0.6326530612244898	1	4	0.002	0.008	0.008264462809917356	0.012698412698412698
Llama-3.1-8B-Instruct	tulu	43	Llama-3.1-8B-Instruct/tulu/seed43	scalar_e	commonsense	piqa	off_task	1838	173	236	180	1249	95	146	0.5491329479768786	0.6186440677966102	4	5	0.002176278563656148	0.002720348204570185	0.022222222222222223	0.0040032025620496394
Llama-3.1-8B-Instruct	tulu	43	Llama-3.1-8B-Instruct/tulu/seed43	scalar_e	commonsense	siqa	off_task	1954	98	153	478	1225	43	104	0.4387755102040816	0.6797385620915033	8	4	0.0040941658137154556	0.0020470829068577278	0.016736401673640166	0.0032653061224489797
Llama-3.1-8B-Instruct	tulu	43	Llama-3.1-8B-Instruct/tulu/seed43	scalar_e	commonsense	winogrande	off_task	1267	306	268	265	428	111	176	0.3627450980392157	0.6567164179104478	2	3	0.0015785319652722968	0.0023677979479084454	0.007547169811320755	0.007009345794392523
Llama-3.1-8B-Instruct	tulu	43	Llama-3.1-8B-Instruct/tulu/seed43	flat_e	commonsense	arc_challenge	off_task	1172	59	97	215	801	19	63	0.3220338983050847	0.6494845360824743	3	28	0.002559726962457338	0.023890784982935155	0.013953488372093023	0.03495630461922597
Llama-3.1-8B-Instruct	tulu	43	Llama-3.1-8B-Instruct/tulu/seed43	flat_e	commonsense	arc_easy	off_task	2376	47	105	177	2047	12	75	0.2553191489361702	0.7142857142857143	10	21	0.004208754208754209	0.008838383838383838	0.05649717514124294	0.010258915486077186
Llama-3.1-8B-Instruct	tulu	43	Llama-3.1-8B-Instruct/tulu/seed43	flat_e	commonsense	boolq	off_task	3270	132	125	343	2670	102	40	0.7727272727272727	0.32	11	4	0.003363914373088685	0.0012232415902140672	0.03206997084548105	0.00149812734082397
Llama-3.1-8B-Instruct	tulu	43	Llama-3.1-8B-Instruct/tulu/seed43	flat_e	commonsense	hellaswag	off_task	10042	572	930	3596	4944	115	498	0.20104895104895104	0.535483870967742	27	164	0.002688707428799044	0.016331408086038637	0.007508342602892102	0.03317152103559871
Llama-3.1-8B-Instruct	tulu	43	Llama-3.1-8B-Instruct/tulu/seed43	flat_e	commonsense	openbookqa	off_task	500	15	49	121	315	7	23	0.4666666666666667	0.46938775510204084	2	4	0.004	0.008	0.01652892561983471	0.012698412698412698
Llama-3.1-8B-Instruct	tulu	43	Llama-3.1-8B-Instruct/tulu/seed43	flat_e	commonsense	piqa	off_task	1838	173	236	180	1249	96	143	0.5549132947976878	0.6059322033898306	5	4	0.002720348204570185	0.002176278563656148	0.027777777777777776	0.0032025620496397116
Llama-3.1-8B-Instruct	tulu	43	Llama-3.1-8B-Instruct/tulu/seed43	flat_e	commonsense	siqa	off_task	1954	98	153	478	1225	41	105	0.41836734693877553	0.6862745098039216	6	6	0.0030706243602865915	0.0030706243602865915	0.012552301255230125	0.004897959183673469
Llama-3.1-8B-Instruct	tulu	43	Llama-3.1-8B-Instruct/tulu/seed43	flat_e	commonsense	winogrande	off_task	1267	306	268	265	428	97	190	0.31699346405228757	0.7089552238805971	0	2	0.0	0.0015785319652722968	0.0	0.004672897196261682
Llama-3.1-8B-Instruct	tulu	44	Llama-3.1-8B-Instruct/tulu/seed44	hns_f4_s1	commonsense	arc_challenge	off_task	1172	55	90	222	805	15	64	0.2727272727272727	0.7111111111111111	6	36	0.005119453924914676	0.030716723549488054	0.02702702702702703	0.04472049689440994
Llama-3.1-8B-Instruct	tulu	44	Llama-3.1-8B-Instruct/tulu/seed44	hns_f4_s1	commonsense	arc_easy	off_task	2376	52	108	174	2042	17	74	0.3269230769230769	0.6851851851851852	5	25	0.0021043771043771043	0.010521885521885523	0.028735632183908046	0.012242899118511263
Llama-3.1-8B-Instruct	tulu	44	Llama-3.1-8B-Instruct/tulu/seed44	hns_f4_s1	commonsense	boolq	off_task	3270	56	83	385	2746	34	33	0.6071428571428571	0.39759036144578314	38	46	0.011620795107033639	0.014067278287461774	0.0987012987012987	0.016751638747268753
Llama-3.1-8B-Instruct	tulu	44	Llama-3.1-8B-Instruct/tulu/seed44	hns_f4_s1	commonsense	hellaswag	off_task	10042	620	867	3659	4896	100	396	0.16129032258064516	0.45674740484429066	19	338	0.0018920533758215495	0.033658633738299144	0.005192675594424706	0.0690359477124183
Llama-3.1-8B-Instruct	tulu	44	Llama-3.1-8B-Instruct/tulu/seed44	hns_f4_s1	commonsense	openbookqa	off_task	500	16	55	115	314	6	26	0.375	0.4727272727272727	4	4	0.008	0.008	0.034782608695652174	0.012738853503184714
Llama-3.1-8B-Instruct	tulu	44	Llama-3.1-8B-Instruct/tulu/seed44	hns_f4_s1	commonsense	piqa	off_task	1838	151	228	188	1271	95	131	0.6291390728476821	0.5745614035087719	3	9	0.001632208922742111	0.004896626768226333	0.015957446808510637	0.007081038552321007
Llama-3.1-8B-Instruct	tulu	44	Llama-3.1-8B-Instruct/tulu/seed44	hns_f4_s1	commonsense	siqa	off_task	1954	129	172	459	1194	63	100	0.4883720930232558	0.5813953488372093	10	4	0.00511770726714432	0.0020470829068577278	0.02178649237472767	0.0033500837520938024
Llama-3.1-8B-Instruct	tulu	44	Llama-3.1-8B-Instruct/tulu/seed44	hns_f4_s1	commonsense	winogrande	off_task	1267	343	288	245	391	163	160	0.4752186588921283	0.5555555555555556	2	8	0.0015785319652722968	0.006314127861089187	0.00816326530612245	0.020460358056265986
Llama-3.1-8B-Instruct	tulu	44	Llama-3.1-8B-Instruct/tulu/seed44	scalar_e	commonsense	arc_challenge	off_task	1172	55	90	222	805	12	66	0.21818181818181817	0.7333333333333333	6	31	0.005119453924914676	0.026450511945392493	0.02702702702702703	0.03850931677018633
Llama-3.1-8B-Instruct	tulu	44	Llama-3.1-8B-Instruct/tulu/seed44	scalar_e	commonsense	arc_easy	off_task	2376	52	108	174	2042	14	79	0.2692307692307692	0.7314814814814815	5	19	0.0021043771043771043	0.007996632996632997	0.028735632183908046	0.00930460333006856
Llama-3.1-8B-Instruct	tulu	44	Llama-3.1-8B-Instruct/tulu/seed44	scalar_e	commonsense	boolq	off_task	3270	56	83	385	2746	31	38	0.5535714285714286	0.4578313253012048	30	33	0.009174311926605505	0.010091743119266056	0.07792207792207792	0.012017479970866714
Llama-3.1-8B-Instruct	tulu	44	Llama-3.1-8B-Instruct/tulu/seed44	scalar_e	commonsense	hellaswag	off_task	10042	620	867	3659	4896	84	413	0.13548387096774195	0.47635524798154555	18	293	0.0017924716191993627	0.029177454690300735	0.004919376878928669	0.05984477124183007
Llama-3.1-8B-Instruct	tulu	44	Llama-3.1-8B-Instruct/tulu/seed44	scalar_e	commonsense	openbookqa	off_task	500	16	55	115	314	7	30	0.4375	0.5454545454545454	3	2	0.006	0.004	0.02608695652173913	0.006369426751592357
Llama-3.1-8B-Instruct	tulu	44	Llama-3.1-8B-Instruct/tulu/seed44	scalar_e	commonsense	piqa	off_task	1838	151	228	188	1271	92	137	0.609271523178808	0.6008771929824561	4	9	0.002176278563656148	0.004896626768226333	0.02127659574468085	0.007081038552321007
Llama-3.1-8B-Instruct	tulu	44	Llama-3.1-8B-Instruct/tulu/seed44	scalar_e	commonsense	siqa	off_task	1954	129	172	459	1194	64	109	0.49612403100775193	0.6337209302325582	7	5	0.0035823950870010235	0.00255885363357216	0.015250544662309368	0.0041876046901172526
Llama-3.1-8B-Instruct	tulu	44	Llama-3.1-8B-Instruct/tulu/seed44	scalar_e	commonsense	winogrande	off_task	1267	343	288	245	391	147	182	0.42857142857142855	0.6319444444444444	1	5	0.0007892659826361484	0.003946329913180742	0.004081632653061225	0.01278772378516624
Llama-3.1-8B-Instruct	tulu	44	Llama-3.1-8B-Instruct/tulu/seed44	flat_e	commonsense	arc_challenge	off_task	1172	55	90	222	805	14	64	0.2545454545454545	0.7111111111111111	6	36	0.005119453924914676	0.030716723549488054	0.02702702702702703	0.04472049689440994
Llama-3.1-8B-Instruct	tulu	44	Llama-3.1-8B-Instruct/tulu/seed44	flat_e	commonsense	arc_easy	off_task	2376	52	108	174	2042	15	74	0.28846153846153844	0.6851851851851852	6	24	0.0025252525252525255	0.010101010101010102	0.034482758620689655	0.011753183153770812
Llama-3.1-8B-Instruct	tulu	44	Llama-3.1-8B-Instruct/tulu/seed44	flat_e	commonsense	boolq	off_task	3270	56	83	385	2746	34	33	0.6071428571428571	0.39759036144578314	34	51	0.010397553516819572	0.015596330275229359	0.08831168831168831	0.018572469045884922
Llama-3.1-8B-Instruct	tulu	44	Llama-3.1-8B-Instruct/tulu/seed44	flat_e	commonsense	hellaswag	off_task	10042	620	867	3659	4896	92	392	0.14838709677419354	0.45213379469434833	20	334	0.0019916351324437364	0.0332603067118104	0.005465974309920744	0.068218954248366
Llama-3.1-8B-Instruct	tulu	44	Llama-3.1-8B-Instruct/tulu/seed44	flat_e	commonsense	openbookqa	off_task	500	16	55	115	314	7	27	0.4375	0.4909090909090909	3	3	0.006	0.006	0.02608695652173913	0.009554140127388535
Llama-3.1-8B-Instruct	tulu	44	Llama-3.1-8B-Instruct/tulu/seed44	flat_e	commonsense	piqa	off_task	1838	151	228	188	1271	93	132	0.6158940397350994	0.5789473684210527	3	14	0.001632208922742111	0.007616974972796518	0.015957446808510637	0.011014948859166011
Llama-3.1-8B-Instruct	tulu	44	Llama-3.1-8B-Instruct/tulu/seed44	flat_e	commonsense	siqa	off_task	1954	129	172	459	1194	65	102	0.5038759689922481	0.5930232558139535	10	5	0.00511770726714432	0.00255885363357216	0.02178649237472767	0.0041876046901172526
Llama-3.1-8B-Instruct	tulu	44	Llama-3.1-8B-Instruct/tulu/seed44	flat_e	commonsense	winogrande	off_task	1267	343	288	245	391	166	165	0.4839650145772595	0.5729166666666666	3	9	0.0023677979479084454	0.007103393843725336	0.012244897959183673	0.023017902813299233
