checkpoint	benchmark	level	comparison	metric	mean_difference	ci_low	ci_high	bootstrap_defined	bootstrap_resamples	uncertainty
Llama-3.1-8B-Instruct/magicoder/seed42	arc_challenge	atomic_benchmark	hns_f4_s1 minus scalar_e	recovery_rate	-0.03614457831325302	-0.10715245775729652	0.03411072938689204	2000	2000	paired test samples conditional on one fixed source checkpoint
Llama-3.1-8B-Instruct/magicoder/seed42	arc_challenge	atomic_benchmark	hns_f4_s1 minus scalar_e	retention_rate	-0.016949152542372947	-0.078125	0.037072649572649434	2000	2000	paired test samples conditional on one fixed source checkpoint
Llama-3.1-8B-Instruct/magicoder/seed42	arc_challenge	atomic_benchmark	hns_f4_s1 minus scalar_e	new_success_rate	0.0	-0.0034129692832764505	0.003412969283276451	2000	2000	paired test samples conditional on one fixed source checkpoint
Llama-3.1-8B-Instruct/magicoder/seed42	arc_challenge	atomic_benchmark	hns_f4_s1 minus scalar_e	new_damage_rate	0.0025597269624573387	-0.0008532423208191127	0.0068259385665529	2000	2000	paired test samples conditional on one fixed source checkpoint
Llama-3.1-8B-Instruct/magicoder/seed42	arc_challenge	atomic_benchmark	hns_f4_s1 minus flat_e	recovery_rate	-0.012048192771084265	-0.06666666666666665	0.040013513513513475	2000	2000	paired test samples conditional on one fixed source checkpoint
Llama-3.1-8B-Instruct/magicoder/seed42	arc_challenge	atomic_benchmark	hns_f4_s1 minus flat_e	retention_rate	0.0	-0.06451612903225801	0.06666666666666671	2000	2000	paired test samples conditional on one fixed source checkpoint
Llama-3.1-8B-Instruct/magicoder/seed42	arc_challenge	atomic_benchmark	hns_f4_s1 minus flat_e	new_success_rate	0.0	-0.002559726962457338	0.002559726962457338	2000	2000	paired test samples conditional on one fixed source checkpoint
Llama-3.1-8B-Instruct/magicoder/seed42	arc_challenge	atomic_benchmark	hns_f4_s1 minus flat_e	new_damage_rate	0.0017064846416382264	0.0	0.004266211604095563	2000	2000	paired test samples conditional on one fixed source checkpoint
Llama-3.1-8B-Instruct/magicoder/seed42	arc_challenge	atomic_benchmark	scalar_e minus flat_e	recovery_rate	0.024096385542168752	-0.05128205128205132	0.09574832410375979	2000	2000	paired test samples conditional on one fixed source checkpoint
Llama-3.1-8B-Instruct/magicoder/seed42	arc_challenge	atomic_benchmark	scalar_e minus flat_e	retention_rate	0.016949152542372947	-0.06977764177886578	0.1052830940988835	2000	2000	paired test samples conditional on one fixed source checkpoint
Llama-3.1-8B-Instruct/magicoder/seed42	arc_challenge	atomic_benchmark	scalar_e minus flat_e	new_success_rate	0.0	-0.003412969283276451	0.0034129692832764505	2000	2000	paired test samples conditional on one fixed source checkpoint
Llama-3.1-8B-Instruct/magicoder/seed42	arc_challenge	atomic_benchmark	scalar_e minus flat_e	new_damage_rate	-0.0008532423208191123	-0.004266211604095564	0.002559726962457338	2000	2000	paired test samples conditional on one fixed source checkpoint
Llama-3.1-8B-Instruct/magicoder/seed42	arc_easy	atomic_benchmark	hns_f4_s1 minus scalar_e	recovery_rate	-0.07352941176470584	-0.14084507042253513	-0.015625	2000	2000	paired test samples conditional on one fixed source checkpoint
Llama-3.1-8B-Instruct/magicoder/seed42	arc_easy	atomic_benchmark	hns_f4_s1 minus scalar_e	retention_rate	0.0	-0.07246376811594202	0.07148109243697458	2000	2000	paired test samples conditional on one fixed source checkpoint
Llama-3.1-8B-Instruct/magicoder/seed42	arc_easy	atomic_benchmark	hns_f4_s1 minus scalar_e	new_success_rate	0.00042087542087542086	0.0	0.0012626262626262627	2000	2000	paired test samples conditional on one fixed source checkpoint
Llama-3.1-8B-Instruct/magicoder/seed42	arc_easy	atomic_benchmark	hns_f4_s1 minus scalar_e	new_damage_rate	-0.0004208754208754207	-0.0025252525252525255	0.0016835016835016834	2000	2000	paired test samples conditional on one fixed source checkpoint
Llama-3.1-8B-Instruct/magicoder/seed42	arc_easy	atomic_benchmark	hns_f4_s1 minus flat_e	recovery_rate	0.0	-0.07408789386401327	0.07352941176470584	2000	2000	paired test samples conditional on one fixed source checkpoint
Llama-3.1-8B-Instruct/magicoder/seed42	arc_easy	atomic_benchmark	hns_f4_s1 minus flat_e	retention_rate	0.01428571428571429	0.0	0.048387096774193505	2000	2000	paired test samples conditional on one fixed source checkpoint
Llama-3.1-8B-Instruct/magicoder/seed42	arc_easy	atomic_benchmark	hns_f4_s1 minus flat_e	new_success_rate	0.0	0.0	0.0	2000	2000	paired test samples conditional on one fixed source checkpoint
Llama-3.1-8B-Instruct/magicoder/seed42	arc_easy	atomic_benchmark	hns_f4_s1 minus flat_e	new_damage_rate	-0.0016835016835016832	-0.0033670033670033673	-0.0004208754208754207	2000	2000	paired test samples conditional on one fixed source checkpoint
Llama-3.1-8B-Instruct/magicoder/seed42	arc_easy	atomic_benchmark	scalar_e minus flat_e	recovery_rate	0.07352941176470584	0.0	0.1518987341772151	2000	2000	paired test samples conditional on one fixed source checkpoint
Llama-3.1-8B-Instruct/magicoder/seed42	arc_easy	atomic_benchmark	scalar_e minus flat_e	retention_rate	0.01428571428571429	-0.0491803278688524	0.078125	2000	2000	paired test samples conditional on one fixed source checkpoint
Llama-3.1-8B-Instruct/magicoder/seed42	arc_easy	atomic_benchmark	scalar_e minus flat_e	new_success_rate	-0.00042087542087542086	-0.0012626262626262627	0.0	2000	2000	paired test samples conditional on one fixed source checkpoint
Llama-3.1-8B-Instruct/magicoder/seed42	arc_easy	atomic_benchmark	scalar_e minus flat_e	new_damage_rate	-0.0012626262626262625	-0.003787878787878788	0.0012626262626262625	2000	2000	paired test samples conditional on one fixed source checkpoint
Llama-3.1-8B-Instruct/magicoder/seed42	boolq	atomic_benchmark	hns_f4_s1 minus scalar_e	recovery_rate	0.0714285714285714	0.0	0.1578947368421052	2000	2000	paired test samples conditional on one fixed source checkpoint
Llama-3.1-8B-Instruct/magicoder/seed42	boolq	atomic_benchmark	hns_f4_s1 minus scalar_e	retention_rate	-0.023809523809523836	-0.10640197568389062	0.057142857142857106	2000	2000	paired test samples conditional on one fixed source checkpoint
Llama-3.1-8B-Instruct/magicoder/seed42	boolq	atomic_benchmark	hns_f4_s1 minus scalar_e	new_success_rate	0.0006116207951070337	0.0	0.0015290519877675843	2000	2000	paired test samples conditional on one fixed source checkpoint
Llama-3.1-8B-Instruct/magicoder/seed42	boolq	atomic_benchmark	hns_f4_s1 minus scalar_e	new_damage_rate	0.0009174311926605505	-0.0003058103975535169	0.002140672782874618	2000	2000	paired test samples conditional on one fixed source checkpoint
Llama-3.1-8B-Instruct/magicoder/seed42	boolq	atomic_benchmark	hns_f4_s1 minus flat_e	recovery_rate	0.023809523809523836	-0.05263157894736836	0.10810810810810811	2000	2000	paired test samples conditional on one fixed source checkpoint
Llama-3.1-8B-Instruct/magicoder/seed42	boolq	atomic_benchmark	hns_f4_s1 minus flat_e	retention_rate	-0.023809523809523836	-0.08167517006802724	0.0	2000	2000	paired test samples conditional on one fixed source checkpoint
Llama-3.1-8B-Instruct/magicoder/seed42	boolq	atomic_benchmark	hns_f4_s1 minus flat_e	new_success_rate	0.0	0.0	0.0	2000	2000	paired test samples conditional on one fixed source checkpoint
Llama-3.1-8B-Instruct/magicoder/seed42	boolq	atomic_benchmark	hns_f4_s1 minus flat_e	new_damage_rate	0.0015290519877675843	0.0003058103975535168	0.003058103975535168	2000	2000	paired test samples conditional on one fixed source checkpoint
Llama-3.1-8B-Instruct/magicoder/seed42	boolq	atomic_benchmark	scalar_e minus flat_e	recovery_rate	-0.04761904761904756	-0.1428571428571428	0.045454545454545414	2000	2000	paired test samples conditional on one fixed source checkpoint
Llama-3.1-8B-Instruct/magicoder/seed42	boolq	atomic_benchmark	scalar_e minus flat_e	retention_rate	0.0	-0.06980897009966779	0.06666666666666665	2000	2000	paired test samples conditional on one fixed source checkpoint
Llama-3.1-8B-Instruct/magicoder/seed42	boolq	atomic_benchmark	scalar_e minus flat_e	new_success_rate	-0.0006116207951070337	-0.0015290519877675843	0.0	2000	2000	paired test samples conditional on one fixed source checkpoint
Llama-3.1-8B-Instruct/magicoder/seed42	boolq	atomic_benchmark	scalar_e minus flat_e	new_damage_rate	0.0006116207951070337	0.0	0.0015290519877675843	2000	2000	paired test samples conditional on one fixed source checkpoint
Llama-3.1-8B-Instruct/magicoder/seed42	hellaswag	atomic_benchmark	hns_f4_s1 minus scalar_e	recovery_rate	-0.034692107545533424	-0.05282548356318845	-0.016947364657083568	2000	2000	paired test samples conditional on one fixed source checkpoint
Llama-3.1-8B-Instruct/magicoder/seed42	hellaswag	atomic_benchmark	hns_f4_s1 minus scalar_e	retention_rate	-0.028301886792452824	-0.06807694281901244	0.009134524335584863	2000	2000	paired test samples conditional on one fixed source checkpoint
Llama-3.1-8B-Instruct/magicoder/seed42	hellaswag	atomic_benchmark	hns_f4_s1 minus scalar_e	new_success_rate	-0.0004979087831109338	-0.0012945628360884285	0.0002987452698665601	2000	2000	paired test samples conditional on one fixed source checkpoint
Llama-3.1-8B-Instruct/magicoder/seed42	hellaswag	atomic_benchmark	hns_f4_s1 minus scalar_e	new_damage_rate	0.001991635132443736	0.0010953993228440548	0.0029874526986656044	2000	2000	paired test samples conditional on one fixed source checkpoint
Llama-3.1-8B-Instruct/magicoder/seed42	hellaswag	atomic_benchmark	hns_f4_s1 minus flat_e	recovery_rate	-0.006071118820468402	-0.020601994899099287	0.008842714521957484	2000	2000	paired test samples conditional on one fixed source checkpoint
Llama-3.1-8B-Instruct/magicoder/seed42	hellaswag	atomic_benchmark	hns_f4_s1 minus flat_e	retention_rate	0.009433962264150941	-0.019514586322333827	0.03828211262421789	2000	2000	paired test samples conditional on one fixed source checkpoint
Llama-3.1-8B-Instruct/magicoder/seed42	hellaswag	atomic_benchmark	hns_f4_s1 minus flat_e	new_success_rate	-0.00019916351324437368	-0.0008962358095996811	0.0004979087831109338	2000	2000	paired test samples conditional on one fixed source checkpoint
Llama-3.1-8B-Instruct/magicoder/seed42	hellaswag	atomic_benchmark	hns_f4_s1 minus flat_e	new_damage_rate	-0.00039832702648874736	-0.0011949810794662417	0.00039832702648874736	2000	2000	paired test samples conditional on one fixed source checkpoint
Llama-3.1-8B-Instruct/magicoder/seed42	hellaswag	atomic_benchmark	scalar_e minus flat_e	recovery_rate	0.028620988725065022	0.012420171286288802	0.04619631642512081	2000	2000	paired test samples conditional on one fixed source checkpoint
Llama-3.1-8B-Instruct/magicoder/seed42	hellaswag	atomic_benchmark	scalar_e minus flat_e	retention_rate	0.037735849056603765	0.0046077664566862905	0.0730593607305936	2000	2000	paired test samples conditional on one fixed source checkpoint
Llama-3.1-8B-Instruct/magicoder/seed42	hellaswag	atomic_benchmark	scalar_e minus flat_e	new_success_rate	0.0002987452698665601	-0.0005974905397331206	0.001194981079466242	2000	2000	paired test samples conditional on one fixed source checkpoint
Llama-3.1-8B-Instruct/magicoder/seed42	hellaswag	atomic_benchmark	scalar_e minus flat_e	new_damage_rate	-0.0023899621589324833	-0.0033857797251543517	-0.0014937263493328022	2000	2000	paired test samples conditional on one fixed source checkpoint
Llama-3.1-8B-Instruct/magicoder/seed42	magicoder	atomic_benchmark	hns_f4_s1 minus scalar_e	recovery_rate	-0.2222222222222222	-0.4444444444444444	-0.05555555555555547	2000	2000	paired test samples conditional on one fixed source checkpoint
Llama-3.1-8B-Instruct/magicoder/seed42	magicoder	atomic_benchmark	hns_f4_s1 minus scalar_e	retention_rate	0.050000000000000044	-0.11544117647058827	0.23088235294117593	2000	2000	paired test samples conditional on one fixed source checkpoint
Llama-3.1-8B-Instruct/magicoder/seed42	magicoder	atomic_benchmark	hns_f4_s1 minus scalar_e	new_success_rate	0.012195121951219513	0.0	0.03048780487804878	2000	2000	paired test samples conditional on one fixed source checkpoint
Llama-3.1-8B-Instruct/magicoder/seed42	magicoder	atomic_benchmark	hns_f4_s1 minus scalar_e	new_damage_rate	0.006097560975609755	0.0	0.01829268292682927	2000	2000	paired test samples conditional on one fixed source checkpoint
Llama-3.1-8B-Instruct/magicoder/seed42	magicoder	atomic_benchmark	hns_f4_s1 minus flat_e	recovery_rate	0.0	0.0	0.0	2000	2000	paired test samples conditional on one fixed source checkpoint
Llama-3.1-8B-Instruct/magicoder/seed42	magicoder	atomic_benchmark	hns_f4_s1 minus flat_e	retention_rate	0.050000000000000044	0.0	0.16666666666666663	2000	2000	paired test samples conditional on one fixed source checkpoint
Llama-3.1-8B-Instruct/magicoder/seed42	magicoder	atomic_benchmark	hns_f4_s1 minus flat_e	new_success_rate	0.012195121951219513	0.0	0.03048780487804878	2000	2000	paired test samples conditional on one fixed source checkpoint
Llama-3.1-8B-Instruct/magicoder/seed42	magicoder	atomic_benchmark	hns_f4_s1 minus flat_e	new_damage_rate	0.0	0.0	0.0	2000	2000	paired test samples conditional on one fixed source checkpoint
Llama-3.1-8B-Instruct/magicoder/seed42	magicoder	atomic_benchmark	scalar_e minus flat_e	recovery_rate	0.2222222222222222	0.05555555555555547	0.4444444444444444	2000	2000	paired test samples conditional on one fixed source checkpoint
Llama-3.1-8B-Instruct/magicoder/seed42	magicoder	atomic_benchmark	scalar_e minus flat_e	retention_rate	0.0	-0.1538461538461538	0.14285714285714285	2000	2000	paired test samples conditional on one fixed source checkpoint
Llama-3.1-8B-Instruct/magicoder/seed42	magicoder	atomic_benchmark	scalar_e minus flat_e	new_success_rate	0.0	0.0	0.0	2000	2000	paired test samples conditional on one fixed source checkpoint
Llama-3.1-8B-Instruct/magicoder/seed42	magicoder	atomic_benchmark	scalar_e minus flat_e	new_damage_rate	-0.006097560975609755	-0.01829268292682927	0.0	2000	2000	paired test samples conditional on one fixed source checkpoint
Llama-3.1-8B-Instruct/magicoder/seed42	metamath	atomic_benchmark	hns_f4_s1 minus scalar_e	recovery_rate	-0.02051282051282055	-0.06780326559588255	0.021621621621621623	2000	2000	paired test samples conditional on one fixed source checkpoint
Llama-3.1-8B-Instruct/magicoder/seed42	metamath	atomic_benchmark	hns_f4_s1 minus scalar_e	retention_rate	-0.0431034482758621	-0.09483784893267654	0.0	2000	2000	paired test samples conditional on one fixed source checkpoint
Llama-3.1-8B-Instruct/magicoder/seed42	metamath	atomic_benchmark	hns_f4_s1 minus scalar_e	new_success_rate	0.0	-0.009097801364670206	0.009097801364670206	2000	2000	paired test samples conditional on one fixed source checkpoint
Llama-3.1-8B-Instruct/magicoder/seed42	metamath	atomic_benchmark	hns_f4_s1 minus scalar_e	new_damage_rate	0.0037907505686125866	-0.003032600454890068	0.01061410159211524	2000	2000	paired test samples conditional on one fixed source checkpoint
Llama-3.1-8B-Instruct/magicoder/seed42	metamath	atomic_benchmark	hns_f4_s1 minus flat_e	recovery_rate	0.01025641025641022	-0.028089887640449396	0.0491803278688524	2000	2000	paired test samples conditional on one fixed source checkpoint
Llama-3.1-8B-Instruct/magicoder/seed42	metamath	atomic_benchmark	hns_f4_s1 minus flat_e	retention_rate	0.03448275862068961	0.0	0.07843909217230195	2000	2000	paired test samples conditional on one fixed source checkpoint
Llama-3.1-8B-Instruct/magicoder/seed42	metamath	atomic_benchmark	hns_f4_s1 minus flat_e	new_success_rate	0.00379075056861259	-0.00227445034116755	0.01061410159211524	2000	2000	paired test samples conditional on one fixed source checkpoint
Llama-3.1-8B-Instruct/magicoder/seed42	metamath	atomic_benchmark	hns_f4_s1 minus flat_e	new_damage_rate	0.0	-0.006823351023502653	0.006823351023502653	2000	2000	paired test samples conditional on one fixed source checkpoint
Llama-3.1-8B-Instruct/magicoder/seed42	metamath	atomic_benchmark	scalar_e minus flat_e	recovery_rate	0.03076923076923077	-0.015706806282722478	0.08000534759358292	2000	2000	paired test samples conditional on one fixed source checkpoint
Llama-3.1-8B-Instruct/magicoder/seed42	metamath	atomic_benchmark	scalar_e minus flat_e	retention_rate	0.07758620689655171	0.02702099420849421	0.1344708153531682	2000	2000	paired test samples conditional on one fixed source checkpoint
Llama-3.1-8B-Instruct/magicoder/seed42	metamath	atomic_benchmark	scalar_e minus flat_e	new_success_rate	0.00379075056861259	-0.005307050796057623	0.01288855193328279	2000	2000	paired test samples conditional on one fixed source checkpoint
Llama-3.1-8B-Instruct/magicoder/seed42	metamath	atomic_benchmark	scalar_e minus flat_e	new_damage_rate	-0.0037907505686125866	-0.01061410159211524	0.003790750568612583	2000	2000	paired test samples conditional on one fixed source checkpoint
Llama-3.1-8B-Instruct/magicoder/seed42	openbookqa	atomic_benchmark	hns_f4_s1 minus scalar_e	recovery_rate	-0.045454545454545414	-0.15789473684210525	0.0	2000	2000	paired test samples conditional on one fixed source checkpoint
Llama-3.1-8B-Instruct/magicoder/seed42	openbookqa	atomic_benchmark	hns_f4_s1 minus scalar_e	retention_rate	-0.18181818181818182	-0.4545454545454545	0.0	2000	2000	paired test samples conditional on one fixed source checkpoint
Llama-3.1-8B-Instruct/magicoder/seed42	openbookqa	atomic_benchmark	hns_f4_s1 minus scalar_e	new_success_rate	0.002	0.0	0.006	2000	2000	paired test samples conditional on one fixed source checkpoint
Llama-3.1-8B-Instruct/magicoder/seed42	openbookqa	atomic_benchmark	hns_f4_s1 minus scalar_e	new_damage_rate	-0.002	-0.006	0.0	2000	2000	paired test samples conditional on one fixed source checkpoint
Llama-3.1-8B-Instruct/magicoder/seed42	openbookqa	atomic_benchmark	hns_f4_s1 minus flat_e	recovery_rate	-0.045454545454545414	-0.15789473684210525	0.0	2000	2000	paired test samples conditional on one fixed source checkpoint
Llama-3.1-8B-Instruct/magicoder/seed42	openbookqa	atomic_benchmark	hns_f4_s1 minus flat_e	retention_rate	-0.09090909090909088	-0.3	0.0	2000	2000	paired test samples conditional on one fixed source checkpoint
Llama-3.1-8B-Instruct/magicoder/seed42	openbookqa	atomic_benchmark	hns_f4_s1 minus flat_e	new_success_rate	0.004	0.0	0.01	2000	2000	paired test samples conditional on one fixed source checkpoint
Llama-3.1-8B-Instruct/magicoder/seed42	openbookqa	atomic_benchmark	hns_f4_s1 minus flat_e	new_damage_rate	0.0	0.0	0.0	2000	2000	paired test samples conditional on one fixed source checkpoint
Llama-3.1-8B-Instruct/magicoder/seed42	openbookqa	atomic_benchmark	scalar_e minus flat_e	recovery_rate	0.0	0.0	0.0	2000	2000	paired test samples conditional on one fixed source checkpoint
Llama-3.1-8B-Instruct/magicoder/seed42	openbookqa	atomic_benchmark	scalar_e minus flat_e	retention_rate	0.09090909090909094	0.0	0.3076923076923077	2000	2000	paired test samples conditional on one fixed source checkpoint
Llama-3.1-8B-Instruct/magicoder/seed42	openbookqa	atomic_benchmark	scalar_e minus flat_e	new_success_rate	0.002	0.0	0.006	2000	2000	paired test samples conditional on one fixed source checkpoint
Llama-3.1-8B-Instruct/magicoder/seed42	openbookqa	atomic_benchmark	scalar_e minus flat_e	new_damage_rate	0.002	0.0	0.006	2000	2000	paired test samples conditional on one fixed source checkpoint
Llama-3.1-8B-Instruct/magicoder/seed42	piqa	atomic_benchmark	hns_f4_s1 minus scalar_e	recovery_rate	0.042857142857142816	-0.04689360119047619	0.13699914383561637	2000	2000	paired test samples conditional on one fixed source checkpoint
Llama-3.1-8B-Instruct/magicoder/seed42	piqa	atomic_benchmark	hns_f4_s1 minus scalar_e	retention_rate	-0.030303030303030276	-0.16216216216216212	0.10006410256410224	2000	2000	paired test samples conditional on one fixed source checkpoint
Llama-3.1-8B-Instruct/magicoder/seed42	piqa	atomic_benchmark	hns_f4_s1 minus scalar_e	new_success_rate	0.0	-0.001632208922742111	0.001632208922742111	2000	2000	paired test samples conditional on one fixed source checkpoint
Llama-3.1-8B-Instruct/magicoder/seed42	piqa	atomic_benchmark	hns_f4_s1 minus scalar_e	new_damage_rate	-0.000544069640914037	-0.002720348204570185	0.001088139281828074	2000	2000	paired test samples conditional on one fixed source checkpoint
Llama-3.1-8B-Instruct/magicoder/seed42	piqa	atomic_benchmark	hns_f4_s1 minus flat_e	recovery_rate	0.0	-0.069468896713615	0.0714285714285714	2000	2000	paired test samples conditional on one fixed source checkpoint
Llama-3.1-8B-Instruct/magicoder/seed42	piqa	atomic_benchmark	hns_f4_s1 minus flat_e	retention_rate	-0.030303030303030276	-0.13793103448275865	0.06666666666666665	2000	2000	paired test samples conditional on one fixed source checkpoint
Llama-3.1-8B-Instruct/magicoder/seed42	piqa	atomic_benchmark	hns_f4_s1 minus flat_e	new_success_rate	-0.000544069640914037	-0.002720348204570185	0.001088139281828074	2000	2000	paired test samples conditional on one fixed source checkpoint
Llama-3.1-8B-Instruct/magicoder/seed42	piqa	atomic_benchmark	hns_f4_s1 minus flat_e	new_damage_rate	-0.001088139281828074	-0.002720348204570185	0.0	2000	2000	paired test samples conditional on one fixed source checkpoint
Llama-3.1-8B-Instruct/magicoder/seed42	piqa	atomic_benchmark	scalar_e minus flat_e	recovery_rate	-0.042857142857142816	-0.1296356421356421	0.04166666666666663	2000	2000	paired test samples conditional on one fixed source checkpoint
Llama-3.1-8B-Instruct/magicoder/seed42	piqa	atomic_benchmark	scalar_e minus flat_e	retention_rate	0.0	-0.125	0.11436974789915924	2000	2000	paired test samples conditional on one fixed source checkpoint
Llama-3.1-8B-Instruct/magicoder/seed42	piqa	atomic_benchmark	scalar_e minus flat_e	new_success_rate	-0.000544069640914037	-0.001632208922742111	0.0	2000	2000	paired test samples conditional on one fixed source checkpoint
Llama-3.1-8B-Instruct/magicoder/seed42	piqa	atomic_benchmark	scalar_e minus flat_e	new_damage_rate	-0.000544069640914037	-0.003264417845484222	0.002176278563656148	2000	2000	paired test samples conditional on one fixed source checkpoint
Llama-3.1-8B-Instruct/magicoder/seed42	siqa	atomic_benchmark	hns_f4_s1 minus scalar_e	recovery_rate	-0.02352941176470591	-0.0898876404494382	0.038486842105263104	2000	2000	paired test samples conditional on one fixed source checkpoint
Llama-3.1-8B-Instruct/magicoder/seed42	siqa	atomic_benchmark	hns_f4_s1 minus scalar_e	retention_rate	-0.06	-0.12631578947368421	0.0	2000	2000	paired test samples conditional on one fixed source checkpoint
Llama-3.1-8B-Instruct/magicoder/seed42	siqa	atomic_benchmark	hns_f4_s1 minus scalar_e	new_success_rate	-0.000511770726714432	-0.001535312180143296	0.0	2000	2000	paired test samples conditional on one fixed source checkpoint
Llama-3.1-8B-Instruct/magicoder/seed42	siqa	atomic_benchmark	hns_f4_s1 minus scalar_e	new_damage_rate	-0.0010235414534288639	-0.00255885363357216	0.0	2000	2000	paired test samples conditional on one fixed source checkpoint
Llama-3.1-8B-Instruct/magicoder/seed42	siqa	atomic_benchmark	hns_f4_s1 minus flat_e	recovery_rate	-0.02352941176470591	-0.07407407407407407	0.023255813953488302	2000	2000	paired test samples conditional on one fixed source checkpoint
Llama-3.1-8B-Instruct/magicoder/seed42	siqa	atomic_benchmark	hns_f4_s1 minus flat_e	retention_rate	0.0	-0.047169811320754707	0.04651706150836774	2000	2000	paired test samples conditional on one fixed source checkpoint
Llama-3.1-8B-Instruct/magicoder/seed42	siqa	atomic_benchmark	hns_f4_s1 minus flat_e	new_success_rate	-0.0015353121801432957	-0.0035823950870010235	0.0	2000	2000	paired test samples conditional on one fixed source checkpoint
Llama-3.1-8B-Instruct/magicoder/seed42	siqa	atomic_benchmark	hns_f4_s1 minus flat_e	new_damage_rate	-0.0005117707267144318	-0.001535312180143296	0.0	2000	2000	paired test samples conditional on one fixed source checkpoint
Llama-3.1-8B-Instruct/magicoder/seed42	siqa	atomic_benchmark	scalar_e minus flat_e	recovery_rate	0.0	-0.07409722222222222	0.07620879120879112	2000	2000	paired test samples conditional on one fixed source checkpoint
Llama-3.1-8B-Instruct/magicoder/seed42	siqa	atomic_benchmark	scalar_e minus flat_e	retention_rate	0.06	-0.008148068206345768	0.1279271241077595	2000	2000	paired test samples conditional on one fixed source checkpoint
Llama-3.1-8B-Instruct/magicoder/seed42	siqa	atomic_benchmark	scalar_e minus flat_e	new_success_rate	-0.0010235414534288637	-0.00255885363357216	0.0	2000	2000	paired test samples conditional on one fixed source checkpoint
Llama-3.1-8B-Instruct/magicoder/seed42	siqa	atomic_benchmark	scalar_e minus flat_e	new_damage_rate	0.000511770726714432	-0.001023541453428864	0.002047082906857728	2000	2000	paired test samples conditional on one fixed source checkpoint
Llama-3.1-8B-Instruct/magicoder/seed42	tulu	atomic_benchmark	hns_f4_s1 minus scalar_e	recovery_rate	0.04347826086956519	-0.04166666666666663	0.13043478260869568	2000	2000	paired test samples conditional on one fixed source checkpoint
Llama-3.1-8B-Instruct/magicoder/seed42	tulu	atomic_benchmark	hns_f4_s1 minus scalar_e	retention_rate	0.0	-0.14814814814814814	0.1428571428571428	2000	2000	paired test samples conditional on one fixed source checkpoint
Llama-3.1-8B-Instruct/magicoder/seed42	tulu	atomic_benchmark	hns_f4_s1 minus scalar_e	new_success_rate	-0.0018484288354898327	-0.012939001848428836	0.007393715341959336	2000	2000	paired test samples conditional on one fixed source checkpoint
Llama-3.1-8B-Instruct/magicoder/seed42	tulu	atomic_benchmark	hns_f4_s1 minus scalar_e	new_damage_rate	0.0018484288354898327	-0.00924214417744917	0.014787430683918669	2000	2000	paired test samples conditional on one fixed source checkpoint
Llama-3.1-8B-Instruct/magicoder/seed42	tulu	atomic_benchmark	hns_f4_s1 minus flat_e	recovery_rate	0.01449275362318836	-0.03228494623655922	0.06779661016949146	2000	2000	paired test samples conditional on one fixed source checkpoint
Llama-3.1-8B-Instruct/magicoder/seed42	tulu	atomic_benchmark	hns_f4_s1 minus flat_e	retention_rate	0.0	-0.14814814814814814	0.14285714285714285	2000	2000	paired test samples conditional on one fixed source checkpoint
Llama-3.1-8B-Instruct/magicoder/seed42	tulu	atomic_benchmark	hns_f4_s1 minus flat_e	new_success_rate	0.003696857670979669	-0.0055452865064695	0.012939001848428836	2000	2000	paired test samples conditional on one fixed source checkpoint
Llama-3.1-8B-Instruct/magicoder/seed42	tulu	atomic_benchmark	hns_f4_s1 minus flat_e	new_damage_rate	0.0	-0.011090573012939	0.00924214417744917	2000	2000	paired test samples conditional on one fixed source checkpoint
Llama-3.1-8B-Instruct/magicoder/seed42	tulu	atomic_benchmark	scalar_e minus flat_e	recovery_rate	-0.02898550724637683	-0.11115023474178408	0.05172973578145994	2000	2000	paired test samples conditional on one fixed source checkpoint
Llama-3.1-8B-Instruct/magicoder/seed42	tulu	atomic_benchmark	scalar_e minus flat_e	retention_rate	0.0	-0.11764705882352944	0.11764705882352944	2000	2000	paired test samples conditional on one fixed source checkpoint
Llama-3.1-8B-Instruct/magicoder/seed42	tulu	atomic_benchmark	scalar_e minus flat_e	new_success_rate	0.005545286506469502	-0.005545286506469502	0.018484288354898338	2000	2000	paired test samples conditional on one fixed source checkpoint
Llama-3.1-8B-Instruct/magicoder/seed42	tulu	atomic_benchmark	scalar_e minus flat_e	new_damage_rate	-0.0018484288354898327	-0.01478743068391867	0.011090573012939002	2000	2000	paired test samples conditional on one fixed source checkpoint
Llama-3.1-8B-Instruct/magicoder/seed42	winogrande	atomic_benchmark	hns_f4_s1 minus scalar_e	recovery_rate	0.046875	0.005235602094240843	0.09278632189735789	2000	2000	paired test samples conditional on one fixed source checkpoint
Llama-3.1-8B-Instruct/magicoder/seed42	winogrande	atomic_benchmark	hns_f4_s1 minus scalar_e	retention_rate	-0.03401360544217691	-0.07875840851019447	0.012422360248447228	2000	2000	paired test samples conditional on one fixed source checkpoint
Llama-3.1-8B-Instruct/magicoder/seed42	winogrande	atomic_benchmark	hns_f4_s1 minus scalar_e	new_success_rate	-0.0007892659826361484	-0.0023677979479084454	0.0	2000	2000	paired test samples conditional on one fixed source checkpoint
Llama-3.1-8B-Instruct/magicoder/seed42	winogrande	atomic_benchmark	hns_f4_s1 minus scalar_e	new_damage_rate	0.0007892659826361484	0.0	0.0023677979479084454	2000	2000	paired test samples conditional on one fixed source checkpoint
Llama-3.1-8B-Instruct/magicoder/seed42	winogrande	atomic_benchmark	hns_f4_s1 minus flat_e	recovery_rate	-0.026041666666666685	-0.06741573033707865	0.016395694469464966	2000	2000	paired test samples conditional on one fixed source checkpoint
Llama-3.1-8B-Instruct/magicoder/seed42	winogrande	atomic_benchmark	hns_f4_s1 minus flat_e	retention_rate	0.0	-0.04195804195804187	0.03896740514387571	2000	2000	paired test samples conditional on one fixed source checkpoint
Llama-3.1-8B-Instruct/magicoder/seed42	winogrande	atomic_benchmark	hns_f4_s1 minus flat_e	new_success_rate	0.0	0.0	0.0	2000	2000	paired test samples conditional on one fixed source checkpoint
Llama-3.1-8B-Instruct/magicoder/seed42	winogrande	atomic_benchmark	hns_f4_s1 minus flat_e	new_damage_rate	0.0007892659826361484	0.0	0.0023677979479084454	2000	2000	paired test samples conditional on one fixed source checkpoint
Llama-3.1-8B-Instruct/magicoder/seed42	winogrande	atomic_benchmark	scalar_e minus flat_e	recovery_rate	-0.07291666666666669	-0.11827956989247312	-0.029757502113271373	2000	2000	paired test samples conditional on one fixed source checkpoint
Llama-3.1-8B-Instruct/magicoder/seed42	winogrande	atomic_benchmark	scalar_e minus flat_e	retention_rate	0.03401360544217691	-0.014393740482066921	0.08055051695991285	2000	2000	paired test samples conditional on one fixed source checkpoint
Llama-3.1-8B-Instruct/magicoder/seed42	winogrande	atomic_benchmark	scalar_e minus flat_e	new_success_rate	0.0007892659826361484	0.0	0.0023677979479084454	2000	2000	paired test samples conditional on one fixed source checkpoint
Llama-3.1-8B-Instruct/magicoder/seed42	winogrande	atomic_benchmark	scalar_e minus flat_e	new_damage_rate	0.0	0.0	0.0	2000	2000	paired test samples conditional on one fixed source checkpoint
Llama-3.1-8B-Instruct/magicoder/seed43	arc_challenge	atomic_benchmark	hns_f4_s1 minus scalar_e	recovery_rate	0.03125	-0.011114232209737895	0.07965486725663713	2000	2000	paired test samples conditional on one fixed source checkpoint
Llama-3.1-8B-Instruct/magicoder/seed43	arc_challenge	atomic_benchmark	hns_f4_s1 minus scalar_e	retention_rate	-0.015151515151515138	-0.09230769230769231	0.06495103257398327	2000	2000	paired test samples conditional on one fixed source checkpoint
Llama-3.1-8B-Instruct/magicoder/seed43	arc_challenge	atomic_benchmark	hns_f4_s1 minus scalar_e	new_success_rate	-0.003412969283276451	-0.007679180887372013	0.0	2000	2000	paired test samples conditional on one fixed source checkpoint
Llama-3.1-8B-Instruct/magicoder/seed43	arc_challenge	atomic_benchmark	hns_f4_s1 minus scalar_e	new_damage_rate	-0.004266211604095564	-0.010238907849829351	0.0008532423208191149	2000	2000	paired test samples conditional on one fixed source checkpoint
Llama-3.1-8B-Instruct/magicoder/seed43	arc_challenge	atomic_benchmark	hns_f4_s1 minus flat_e	recovery_rate	-0.01041666666666674	-0.05814235719123955	0.03334269662921342	2000	2000	paired test samples conditional on one fixed source checkpoint
Llama-3.1-8B-Instruct/magicoder/seed43	arc_challenge	atomic_benchmark	hns_f4_s1 minus flat_e	retention_rate	-0.015151515151515138	-0.051724137931034475	0.0	2000	2000	paired test samples conditional on one fixed source checkpoint
Llama-3.1-8B-Instruct/magicoder/seed43	arc_challenge	atomic_benchmark	hns_f4_s1 minus flat_e	new_success_rate	-0.0017064846416382246	-0.004266211604095564	0.0	2000	2000	paired test samples conditional on one fixed source checkpoint
Llama-3.1-8B-Instruct/magicoder/seed43	arc_challenge	atomic_benchmark	hns_f4_s1 minus flat_e	new_damage_rate	0.0	-0.002559726962457338	0.002559726962457338	2000	2000	paired test samples conditional on one fixed source checkpoint
Llama-3.1-8B-Instruct/magicoder/seed43	arc_challenge	atomic_benchmark	scalar_e minus flat_e	recovery_rate	-0.04166666666666674	-0.09305061559507528	0.0	2000	2000	paired test samples conditional on one fixed source checkpoint
Llama-3.1-8B-Instruct/magicoder/seed43	arc_challenge	atomic_benchmark	scalar_e minus flat_e	retention_rate	0.0	-0.07792207792207789	0.07044768611670002	2000	2000	paired test samples conditional on one fixed source checkpoint
Llama-3.1-8B-Instruct/magicoder/seed43	arc_challenge	atomic_benchmark	scalar_e minus flat_e	new_success_rate	0.0017064846416382264	-0.002559726962457338	0.005972696245733789	2000	2000	paired test samples conditional on one fixed source checkpoint
Llama-3.1-8B-Instruct/magicoder/seed43	arc_challenge	atomic_benchmark	scalar_e minus flat_e	new_damage_rate	0.004266211604095564	-0.0017064846416382229	0.010238907849829351	2000	2000	paired test samples conditional on one fixed source checkpoint
Llama-3.1-8B-Instruct/magicoder/seed43	arc_easy	atomic_benchmark	hns_f4_s1 minus scalar_e	recovery_rate	0.04819277108433728	0.0112359550561798	0.09756097560975607	2000	2000	paired test samples conditional on one fixed source checkpoint
Llama-3.1-8B-Instruct/magicoder/seed43	arc_easy	atomic_benchmark	hns_f4_s1 minus scalar_e	retention_rate	-0.05882352941176466	-0.11956521739130432	0.0	2000	2000	paired test samples conditional on one fixed source checkpoint
Llama-3.1-8B-Instruct/magicoder/seed43	arc_easy	atomic_benchmark	hns_f4_s1 minus scalar_e	new_success_rate	0.0	-0.0021043771043771043	0.0021043771043771043	2000	2000	paired test samples conditional on one fixed source checkpoint
Llama-3.1-8B-Instruct/magicoder/seed43	arc_easy	atomic_benchmark	hns_f4_s1 minus scalar_e	new_damage_rate	-0.001262626262626263	-0.004208754208754209	0.0016835016835016832	2000	2000	paired test samples conditional on one fixed source checkpoint
Llama-3.1-8B-Instruct/magicoder/seed43	arc_easy	atomic_benchmark	hns_f4_s1 minus flat_e	recovery_rate	0.012048192771084265	-0.02817907444668015	0.05797101449275355	2000	2000	paired test samples conditional on one fixed source checkpoint
Llama-3.1-8B-Instruct/magicoder/seed43	arc_easy	atomic_benchmark	hns_f4_s1 minus flat_e	retention_rate	-0.019607843137254888	-0.051746823956442874	0.0	2000	2000	paired test samples conditional on one fixed source checkpoint
Llama-3.1-8B-Instruct/magicoder/seed43	arc_easy	atomic_benchmark	hns_f4_s1 minus flat_e	new_success_rate	0.00042087542087542113	-0.000841750841750842	0.0021043771043771043	2000	2000	paired test samples conditional on one fixed source checkpoint
Llama-3.1-8B-Instruct/magicoder/seed43	arc_easy	atomic_benchmark	hns_f4_s1 minus flat_e	new_damage_rate	0.0004208754208754207	-0.001262626262626263	0.002114898989898933	2000	2000	paired test samples conditional on one fixed source checkpoint
Llama-3.1-8B-Instruct/magicoder/seed43	arc_easy	atomic_benchmark	scalar_e minus flat_e	recovery_rate	-0.03614457831325302	-0.08333333333333337	0.0	2000	2000	paired test samples conditional on one fixed source checkpoint
Llama-3.1-8B-Instruct/magicoder/seed43	arc_easy	atomic_benchmark	scalar_e minus flat_e	retention_rate	0.039215686274509776	-0.011111111111111129	0.09650613183444047	2000	2000	paired test samples conditional on one fixed source checkpoint
Llama-3.1-8B-Instruct/magicoder/seed43	arc_easy	atomic_benchmark	scalar_e minus flat_e	new_success_rate	0.00042087542087542113	-0.0008417508417508418	0.0021043771043771043	2000	2000	paired test samples conditional on one fixed source checkpoint
Llama-3.1-8B-Instruct/magicoder/seed43	arc_easy	atomic_benchmark	scalar_e minus flat_e	new_damage_rate	0.0016835016835016836	-0.0008417508417508414	0.004208754208754209	2000	2000	paired test samples conditional on one fixed source checkpoint
Llama-3.1-8B-Instruct/magicoder/seed43	boolq	atomic_benchmark	hns_f4_s1 minus scalar_e	recovery_rate	0.02135231316725983	0.003459909318697105	0.04195804195804198	2000	2000	paired test samples conditional on one fixed source checkpoint
Llama-3.1-8B-Instruct/magicoder/seed43	boolq	atomic_benchmark	hns_f4_s1 minus scalar_e	retention_rate	-0.019354838709677413	-0.04790521696333361	0.006537022703818368	2000	2000	paired test samples conditional on one fixed source checkpoint
Llama-3.1-8B-Instruct/magicoder/seed43	boolq	atomic_benchmark	hns_f4_s1 minus scalar_e	new_success_rate	0.0003058103975535168	0.0	0.0009174311926605505	2000	2000	paired test samples conditional on one fixed source checkpoint
Llama-3.1-8B-Instruct/magicoder/seed43	boolq	atomic_benchmark	hns_f4_s1 minus scalar_e	new_damage_rate	0.0	-0.0009174311926605505	0.0009174311926605505	2000	2000	paired test samples conditional on one fixed source checkpoint
Llama-3.1-8B-Instruct/magicoder/seed43	boolq	atomic_benchmark	hns_f4_s1 minus flat_e	recovery_rate	0.010676156583629859	-0.007118073207930944	0.029414477968309087	2000	2000	paired test samples conditional on one fixed source checkpoint
Llama-3.1-8B-Instruct/magicoder/seed43	boolq	atomic_benchmark	hns_f4_s1 minus flat_e	retention_rate	-0.019354838709677413	-0.049646491343993675	0.006667785234899338	2000	2000	paired test samples conditional on one fixed source checkpoint
Llama-3.1-8B-Instruct/magicoder/seed43	boolq	atomic_benchmark	hns_f4_s1 minus flat_e	new_success_rate	0.0003058103975535168	0.0	0.0009174311926605505	2000	2000	paired test samples conditional on one fixed source checkpoint
Llama-3.1-8B-Instruct/magicoder/seed43	boolq	atomic_benchmark	hns_f4_s1 minus flat_e	new_damage_rate	0.0006116207951070337	0.0	0.0015290519877675843	2000	2000	paired test samples conditional on one fixed source checkpoint
Llama-3.1-8B-Instruct/magicoder/seed43	boolq	atomic_benchmark	scalar_e minus flat_e	recovery_rate	-0.01067615658362997	-0.028993470297818142	0.00692041522491349	2000	2000	paired test samples conditional on one fixed source checkpoint
Llama-3.1-8B-Instruct/magicoder/seed43	boolq	atomic_benchmark	scalar_e minus flat_e	retention_rate	0.0	-0.018752948113207563	0.019233870967741932	2000	2000	paired test samples conditional on one fixed source checkpoint
Llama-3.1-8B-Instruct/magicoder/seed43	boolq	atomic_benchmark	scalar_e minus flat_e	new_success_rate	0.0	0.0	0.0	2000	2000	paired test samples conditional on one fixed source checkpoint
Llama-3.1-8B-Instruct/magicoder/seed43	boolq	atomic_benchmark	scalar_e minus flat_e	new_damage_rate	0.0006116207951070337	0.0	0.0015290519877675843	2000	2000	paired test samples conditional on one fixed source checkpoint
Llama-3.1-8B-Instruct/magicoder/seed43	hellaswag	atomic_benchmark	hns_f4_s1 minus scalar_e	recovery_rate	0.0	-0.029312880324543614	0.02946353583426648	2000	2000	paired test samples conditional on one fixed source checkpoint
Llama-3.1-8B-Instruct/magicoder/seed43	hellaswag	atomic_benchmark	hns_f4_s1 minus scalar_e	retention_rate	0.010596026490066246	-0.01032391950127609	0.0312075983717775	2000	2000	paired test samples conditional on one fixed source checkpoint
Llama-3.1-8B-Instruct/magicoder/seed43	hellaswag	atomic_benchmark	hns_f4_s1 minus scalar_e	new_success_rate	0.014339772953594898	0.011750647281418048	0.017028480382393945	2000	2000	paired test samples conditional on one fixed source checkpoint
Llama-3.1-8B-Instruct/magicoder/seed43	hellaswag	atomic_benchmark	hns_f4_s1 minus scalar_e	new_damage_rate	0.002389962158932484	0.0008962358095996811	0.003784106751643099	2000	2000	paired test samples conditional on one fixed source checkpoint
Llama-3.1-8B-Instruct/magicoder/seed43	hellaswag	atomic_benchmark	hns_f4_s1 minus flat_e	recovery_rate	-0.006768189509306355	-0.021391329258976292	0.0071177548987889985	2000	2000	paired test samples conditional on one fixed source checkpoint
Llama-3.1-8B-Instruct/magicoder/seed43	hellaswag	atomic_benchmark	hns_f4_s1 minus flat_e	retention_rate	-0.013245033112582738	-0.026351463490735805	0.0	2000	2000	paired test samples conditional on one fixed source checkpoint
Llama-3.1-8B-Instruct/magicoder/seed43	hellaswag	atomic_benchmark	hns_f4_s1 minus flat_e	new_success_rate	0.00029874526986655575	-0.000995817566221871	0.0014962158932483474	2000	2000	paired test samples conditional on one fixed source checkpoint
Llama-3.1-8B-Instruct/magicoder/seed43	hellaswag	atomic_benchmark	hns_f4_s1 minus flat_e	new_damage_rate	0.0004979087831109355	-0.00039832702648874736	0.0013941445927106166	2000	2000	paired test samples conditional on one fixed source checkpoint
Llama-3.1-8B-Instruct/magicoder/seed43	hellaswag	atomic_benchmark	scalar_e minus flat_e	recovery_rate	-0.006768189509306355	-0.0335696819787986	0.02249428313524898	2000	2000	paired test samples conditional on one fixed source checkpoint
Llama-3.1-8B-Instruct/magicoder/seed43	hellaswag	atomic_benchmark	scalar_e minus flat_e	retention_rate	-0.023841059602648984	-0.04445175438596487	-0.003806985968230669	2000	2000	paired test samples conditional on one fixed source checkpoint
Llama-3.1-8B-Instruct/magicoder/seed43	hellaswag	atomic_benchmark	scalar_e minus flat_e	new_success_rate	-0.014041027683728342	-0.016729735112527382	-0.011352320254929296	2000	2000	paired test samples conditional on one fixed source checkpoint
Llama-3.1-8B-Instruct/magicoder/seed43	hellaswag	atomic_benchmark	scalar_e minus flat_e	new_damage_rate	-0.0018920533758215487	-0.0032861979685321653	-0.00039832702648874736	2000	2000	paired test samples conditional on one fixed source checkpoint
Llama-3.1-8B-Instruct/magicoder/seed43	magicoder	atomic_benchmark	hns_f4_s1 minus scalar_e	recovery_rate	-0.2222222222222222	-0.4285714285714286	-0.05256578947368452	2000	2000	paired test samples conditional on one fixed source checkpoint
Llama-3.1-8B-Instruct/magicoder/seed43	magicoder	atomic_benchmark	hns_f4_s1 minus scalar_e	retention_rate	0.04166666666666663	0.0	0.1363636363636364	2000	2000	paired test samples conditional on one fixed source checkpoint
Llama-3.1-8B-Instruct/magicoder/seed43	magicoder	atomic_benchmark	hns_f4_s1 minus scalar_e	new_success_rate	0.006097560975609756	0.0	0.01829268292682927	2000	2000	paired test samples conditional on one fixed source checkpoint
Llama-3.1-8B-Instruct/magicoder/seed43	magicoder	atomic_benchmark	hns_f4_s1 minus scalar_e	new_damage_rate	0.012195121951219511	0.0	0.030487804878048783	2000	2000	paired test samples conditional on one fixed source checkpoint
Llama-3.1-8B-Instruct/magicoder/seed43	magicoder	atomic_benchmark	hns_f4_s1 minus flat_e	recovery_rate	-0.05555555555555558	-0.1875	0.0	2000	2000	paired test samples conditional on one fixed source checkpoint
Llama-3.1-8B-Instruct/magicoder/seed43	magicoder	atomic_benchmark	hns_f4_s1 minus flat_e	retention_rate	-0.04166666666666674	-0.1428571428571428	0.0	2000	2000	paired test samples conditional on one fixed source checkpoint
Llama-3.1-8B-Instruct/magicoder/seed43	magicoder	atomic_benchmark	hns_f4_s1 minus flat_e	new_success_rate	-0.012195121951219513	-0.030487804878048783	0.0	2000	2000	paired test samples conditional on one fixed source checkpoint
Llama-3.1-8B-Instruct/magicoder/seed43	magicoder	atomic_benchmark	hns_f4_s1 minus flat_e	new_damage_rate	0.0	0.0	0.0	2000	2000	paired test samples conditional on one fixed source checkpoint
Llama-3.1-8B-Instruct/magicoder/seed43	magicoder	atomic_benchmark	scalar_e minus flat_e	recovery_rate	0.16666666666666663	0.0	0.35714285714285715	2000	2000	paired test samples conditional on one fixed source checkpoint
Llama-3.1-8B-Instruct/magicoder/seed43	magicoder	atomic_benchmark	scalar_e minus flat_e	retention_rate	-0.08333333333333337	-0.21739130434782605	0.0	2000	2000	paired test samples conditional on one fixed source checkpoint
Llama-3.1-8B-Instruct/magicoder/seed43	magicoder	atomic_benchmark	scalar_e minus flat_e	new_success_rate	-0.01829268292682927	-0.042682926829268296	0.0	2000	2000	paired test samples conditional on one fixed source checkpoint
Llama-3.1-8B-Instruct/magicoder/seed43	magicoder	atomic_benchmark	scalar_e minus flat_e	new_damage_rate	-0.012195121951219511	-0.030487804878048783	0.0	2000	2000	paired test samples conditional on one fixed source checkpoint
Llama-3.1-8B-Instruct/magicoder/seed43	metamath	atomic_benchmark	hns_f4_s1 minus scalar_e	recovery_rate	-0.04054054054054046	-0.09702461717387097	0.014396424037240773	2000	2000	paired test samples conditional on one fixed source checkpoint
Llama-3.1-8B-Instruct/magicoder/seed43	metamath	atomic_benchmark	hns_f4_s1 minus scalar_e	retention_rate	-0.024096385542168697	-0.08844342470716102	0.04196330777656078	2000	2000	paired test samples conditional on one fixed source checkpoint
Llama-3.1-8B-Instruct/magicoder/seed43	metamath	atomic_benchmark	hns_f4_s1 minus scalar_e	new_success_rate	-0.0030326004548900665	-0.01288855193328279	0.0068233510235026565	2000	2000	paired test samples conditional on one fixed source checkpoint
Llama-3.1-8B-Instruct/magicoder/seed43	metamath	atomic_benchmark	hns_f4_s1 minus scalar_e	new_damage_rate	-0.007581501137225173	-0.015163002274450343	0.0	2000	2000	paired test samples conditional on one fixed source checkpoint
Llama-3.1-8B-Instruct/magicoder/seed43	metamath	atomic_benchmark	hns_f4_s1 minus flat_e	recovery_rate	0.006756756756756799	-0.04054054054054057	0.05673758865248224	2000	2000	paired test samples conditional on one fixed source checkpoint
Llama-3.1-8B-Instruct/magicoder/seed43	metamath	atomic_benchmark	hns_f4_s1 minus flat_e	retention_rate	0.006024096385542188	-0.04069767441860467	0.05142857142857138	2000	2000	paired test samples conditional on one fixed source checkpoint
Llama-3.1-8B-Instruct/magicoder/seed43	metamath	atomic_benchmark	hns_f4_s1 minus flat_e	new_success_rate	0.0068233510235026565	-0.0007581501137225166	0.01440485216072783	2000	2000	paired test samples conditional on one fixed source checkpoint
Llama-3.1-8B-Instruct/magicoder/seed43	metamath	atomic_benchmark	hns_f4_s1 minus flat_e	new_damage_rate	-0.0007581501137225166	-0.006065200909780136	0.004548900682335103	2000	2000	paired test samples conditional on one fixed source checkpoint
Llama-3.1-8B-Instruct/magicoder/seed43	metamath	atomic_benchmark	scalar_e minus flat_e	recovery_rate	0.04729729729729726	0.0	0.09756556024206854	2000	2000	paired test samples conditional on one fixed source checkpoint
Llama-3.1-8B-Instruct/magicoder/seed43	metamath	atomic_benchmark	scalar_e minus flat_e	retention_rate	0.030120481927710885	-0.03448275862068961	0.08839779005524862	2000	2000	paired test samples conditional on one fixed source checkpoint
Llama-3.1-8B-Instruct/magicoder/seed43	metamath	atomic_benchmark	scalar_e minus flat_e	new_success_rate	0.009855951478392723	0.0	0.01971190295678544	2000	2000	paired test samples conditional on one fixed source checkpoint
Llama-3.1-8B-Instruct/magicoder/seed43	metamath	atomic_benchmark	scalar_e minus flat_e	new_damage_rate	0.0068233510235026565	-0.0015163002274450332	0.01516300227445034	2000	2000	paired test samples conditional on one fixed source checkpoint
Llama-3.1-8B-Instruct/magicoder/seed43	openbookqa	atomic_benchmark	hns_f4_s1 minus scalar_e	recovery_rate	0.11538461538461542	0.0	0.25645161290322555	2000	2000	paired test samples conditional on one fixed source checkpoint
Llama-3.1-8B-Instruct/magicoder/seed43	openbookqa	atomic_benchmark	hns_f4_s1 minus scalar_e	retention_rate	0.02941176470588236	-0.06820141065830723	0.13795498084291177	2000	2000	paired test samples conditional on one fixed source checkpoint
Llama-3.1-8B-Instruct/magicoder/seed43	openbookqa	atomic_benchmark	hns_f4_s1 minus scalar_e	new_success_rate	0.006	0.0	0.014	2000	2000	paired test samples conditional on one fixed source checkpoint
Llama-3.1-8B-Instruct/magicoder/seed43	openbookqa	atomic_benchmark	hns_f4_s1 minus scalar_e	new_damage_rate	0.004	0.0	0.01	2000	2000	paired test samples conditional on one fixed source checkpoint
Llama-3.1-8B-Instruct/magicoder/seed43	openbookqa	atomic_benchmark	hns_f4_s1 minus flat_e	recovery_rate	0.07692307692307698	0.0	0.19999999999999996	2000	2000	paired test samples conditional on one fixed source checkpoint
Llama-3.1-8B-Instruct/magicoder/seed43	openbookqa	atomic_benchmark	hns_f4_s1 minus flat_e	retention_rate	-0.02941176470588236	-0.09762195121951223	0.0	2000	2000	paired test samples conditional on one fixed source checkpoint
Llama-3.1-8B-Instruct/magicoder/seed43	openbookqa	atomic_benchmark	hns_f4_s1 minus flat_e	new_success_rate	0.0	0.0	0.0	2000	2000	paired test samples conditional on one fixed source checkpoint
Llama-3.1-8B-Instruct/magicoder/seed43	openbookqa	atomic_benchmark	hns_f4_s1 minus flat_e	new_damage_rate	0.0	0.0	0.0	2000	2000	paired test samples conditional on one fixed source checkpoint
Llama-3.1-8B-Instruct/magicoder/seed43	openbookqa	atomic_benchmark	scalar_e minus flat_e	recovery_rate	-0.038461538461538436	-0.17394021739130433	0.08342391304347781	2000	2000	paired test samples conditional on one fixed source checkpoint
Llama-3.1-8B-Instruct/magicoder/seed43	openbookqa	atomic_benchmark	scalar_e minus flat_e	retention_rate	-0.05882352941176472	-0.15151515151515152	0.0	2000	2000	paired test samples conditional on one fixed source checkpoint
Llama-3.1-8B-Instruct/magicoder/seed43	openbookqa	atomic_benchmark	scalar_e minus flat_e	new_success_rate	-0.006	-0.014	0.0	2000	2000	paired test samples conditional on one fixed source checkpoint
Llama-3.1-8B-Instruct/magicoder/seed43	openbookqa	atomic_benchmark	scalar_e minus flat_e	new_damage_rate	-0.004	-0.01	0.0	2000	2000	paired test samples conditional on one fixed source checkpoint
Llama-3.1-8B-Instruct/magicoder/seed43	piqa	atomic_benchmark	hns_f4_s1 minus scalar_e	recovery_rate	0.011904761904761973	-0.011428571428571455	0.036586962073809244	2000	2000	paired test samples conditional on one fixed source checkpoint
Llama-3.1-8B-Instruct/magicoder/seed43	piqa	atomic_benchmark	hns_f4_s1 minus scalar_e	retention_rate	0.00896860986547085	-0.02067654299279056	0.0403701839480186	2000	2000	paired test samples conditional on one fixed source checkpoint
Llama-3.1-8B-Instruct/magicoder/seed43	piqa	atomic_benchmark	hns_f4_s1 minus scalar_e	new_success_rate	0.002176278563656148	0.000544069640914037	0.004352557127312296	2000	2000	paired test samples conditional on one fixed source checkpoint
Llama-3.1-8B-Instruct/magicoder/seed43	piqa	atomic_benchmark	hns_f4_s1 minus scalar_e	new_damage_rate	-0.002176278563656147	-0.00544069640914037	0.0005440696409140374	2000	2000	paired test samples conditional on one fixed source checkpoint
Llama-3.1-8B-Instruct/magicoder/seed43	piqa	atomic_benchmark	hns_f4_s1 minus flat_e	recovery_rate	-0.005952380952380931	-0.019361163820366904	0.0	2000	2000	paired test samples conditional on one fixed source checkpoint
Llama-3.1-8B-Instruct/magicoder/seed43	piqa	atomic_benchmark	hns_f4_s1 minus flat_e	retention_rate	-0.004484304932735439	-0.02415752075418601	0.014150943396226412	2000	2000	paired test samples conditional on one fixed source checkpoint
Llama-3.1-8B-Instruct/magicoder/seed43	piqa	atomic_benchmark	hns_f4_s1 minus flat_e	new_success_rate	0.0	0.0	0.0	2000	2000	paired test samples conditional on one fixed source checkpoint
Llama-3.1-8B-Instruct/magicoder/seed43	piqa	atomic_benchmark	hns_f4_s1 minus flat_e	new_damage_rate	-0.0005440696409140374	-0.0027203482045701846	0.0010881392818280749	2000	2000	paired test samples conditional on one fixed source checkpoint
Llama-3.1-8B-Instruct/magicoder/seed43	piqa	atomic_benchmark	scalar_e minus flat_e	recovery_rate	-0.017857142857142905	-0.04069767441860461	0.0	2000	2000	paired test samples conditional on one fixed source checkpoint
Llama-3.1-8B-Instruct/magicoder/seed43	piqa	atomic_benchmark	scalar_e minus flat_e	retention_rate	-0.013452914798206289	-0.041479454685099844	0.012609064902556743	2000	2000	paired test samples conditional on one fixed source checkpoint
Llama-3.1-8B-Instruct/magicoder/seed43	piqa	atomic_benchmark	scalar_e minus flat_e	new_success_rate	-0.002176278563656148	-0.004352557127312296	-0.000544069640914037	2000	2000	paired test samples conditional on one fixed source checkpoint
Llama-3.1-8B-Instruct/magicoder/seed43	piqa	atomic_benchmark	scalar_e minus flat_e	new_damage_rate	0.0016322089227421097	-0.0016322089227421097	0.004896626768226333	2000	2000	paired test samples conditional on one fixed source checkpoint
Llama-3.1-8B-Instruct/magicoder/seed43	siqa	atomic_benchmark	hns_f4_s1 minus scalar_e	recovery_rate	0.025974025974025983	-0.024103732001175507	0.0781455592105262	2000	2000	paired test samples conditional on one fixed source checkpoint
Llama-3.1-8B-Instruct/magicoder/seed43	siqa	atomic_benchmark	hns_f4_s1 minus scalar_e	retention_rate	-0.031496062992125984	-0.07194388489208632	0.0	2000	2000	paired test samples conditional on one fixed source checkpoint
Llama-3.1-8B-Instruct/magicoder/seed43	siqa	atomic_benchmark	hns_f4_s1 minus scalar_e	new_success_rate	0.001023541453428864	-0.0010235414534288637	0.0030706243602865915	2000	2000	paired test samples conditional on one fixed source checkpoint
Llama-3.1-8B-Instruct/magicoder/seed43	siqa	atomic_benchmark	hns_f4_s1 minus scalar_e	new_damage_rate	0.0010235414534288632	-0.002047082906857728	0.004094165813715456	2000	2000	paired test samples conditional on one fixed source checkpoint
Llama-3.1-8B-Instruct/magicoder/seed43	siqa	atomic_benchmark	hns_f4_s1 minus flat_e	recovery_rate	0.0	-0.05128205128205121	0.05001582278481008	2000	2000	paired test samples conditional on one fixed source checkpoint
Llama-3.1-8B-Instruct/magicoder/seed43	siqa	atomic_benchmark	hns_f4_s1 minus flat_e	retention_rate	-0.007874015748031538	-0.025000000000000022	0.0	2000	2000	paired test samples conditional on one fixed source checkpoint
Llama-3.1-8B-Instruct/magicoder/seed43	siqa	atomic_benchmark	hns_f4_s1 minus flat_e	new_success_rate	0.0005117707267144316	0.0	0.0015481064483110875	2000	2000	paired test samples conditional on one fixed source checkpoint
Llama-3.1-8B-Instruct/magicoder/seed43	siqa	atomic_benchmark	hns_f4_s1 minus flat_e	new_damage_rate	0.0	-0.00255885363357216	0.00255885363357216	2000	2000	paired test samples conditional on one fixed source checkpoint
Llama-3.1-8B-Instruct/magicoder/seed43	siqa	atomic_benchmark	scalar_e minus flat_e	recovery_rate	-0.025974025974025983	-0.06666666666666665	0.0	2000	2000	paired test samples conditional on one fixed source checkpoint
Llama-3.1-8B-Instruct/magicoder/seed43	siqa	atomic_benchmark	scalar_e minus flat_e	retention_rate	0.023622047244094446	-0.008131747301079555	0.059837092731829536	2000	2000	paired test samples conditional on one fixed source checkpoint
Llama-3.1-8B-Instruct/magicoder/seed43	siqa	atomic_benchmark	scalar_e minus flat_e	new_success_rate	-0.0005117707267144325	-0.002047082906857728	0.001023541453428864	2000	2000	paired test samples conditional on one fixed source checkpoint
Llama-3.1-8B-Instruct/magicoder/seed43	siqa	atomic_benchmark	scalar_e minus flat_e	new_damage_rate	-0.0010235414534288632	-0.005117707267144319	0.00255885363357216	2000	2000	paired test samples conditional on one fixed source checkpoint
Llama-3.1-8B-Instruct/magicoder/seed43	tulu	atomic_benchmark	hns_f4_s1 minus scalar_e	recovery_rate	0.027027027027026973	-0.04033492429229753	0.09708737864077666	2000	2000	paired test samples conditional on one fixed source checkpoint
Llama-3.1-8B-Instruct/magicoder/seed43	tulu	atomic_benchmark	hns_f4_s1 minus scalar_e	retention_rate	-0.11428571428571432	-0.25	0.025657894736842032	2000	2000	paired test samples conditional on one fixed source checkpoint
Llama-3.1-8B-Instruct/magicoder/seed43	tulu	atomic_benchmark	hns_f4_s1 minus scalar_e	new_success_rate	0.0	-0.011090573012939	0.00924214417744917	2000	2000	paired test samples conditional on one fixed source checkpoint
Llama-3.1-8B-Instruct/magicoder/seed43	tulu	atomic_benchmark	hns_f4_s1 minus scalar_e	new_damage_rate	0.0018484288354898293	-0.011090573012938996	0.014787430683918669	2000	2000	paired test samples conditional on one fixed source checkpoint
Llama-3.1-8B-Instruct/magicoder/seed43	tulu	atomic_benchmark	hns_f4_s1 minus flat_e	recovery_rate	-0.027027027027027084	-0.07476635514018692	0.017699115044247815	2000	2000	paired test samples conditional on one fixed source checkpoint
Llama-3.1-8B-Instruct/magicoder/seed43	tulu	atomic_benchmark	hns_f4_s1 minus flat_e	retention_rate	-0.05714285714285716	-0.15	0.0	2000	2000	paired test samples conditional on one fixed source checkpoint
Llama-3.1-8B-Instruct/magicoder/seed43	tulu	atomic_benchmark	hns_f4_s1 minus flat_e	new_success_rate	-0.005545286506469502	-0.014787430683918672	0.003696857670979669	2000	2000	paired test samples conditional on one fixed source checkpoint
Llama-3.1-8B-Instruct/magicoder/seed43	tulu	atomic_benchmark	hns_f4_s1 minus flat_e	new_damage_rate	-0.0036968576709796655	-0.014787430683918669	0.007393715341959338	2000	2000	paired test samples conditional on one fixed source checkpoint
Llama-3.1-8B-Instruct/magicoder/seed43	tulu	atomic_benchmark	scalar_e minus flat_e	recovery_rate	-0.05405405405405406	-0.11594526397515524	0.008403361344537785	2000	2000	paired test samples conditional on one fixed source checkpoint
Llama-3.1-8B-Instruct/magicoder/seed43	tulu	atomic_benchmark	scalar_e minus flat_e	retention_rate	0.05714285714285716	-0.052667140825035555	0.1764705882352941	2000	2000	paired test samples conditional on one fixed source checkpoint
Llama-3.1-8B-Instruct/magicoder/seed43	tulu	atomic_benchmark	scalar_e minus flat_e	new_success_rate	-0.005545286506469502	-0.016635859519408505	0.005545286506469502	2000	2000	paired test samples conditional on one fixed source checkpoint
Llama-3.1-8B-Instruct/magicoder/seed43	tulu	atomic_benchmark	scalar_e minus flat_e	new_damage_rate	-0.005545286506469495	-0.018484288354898334	0.007393715341959338	2000	2000	paired test samples conditional on one fixed source checkpoint
Llama-3.1-8B-Instruct/magicoder/seed43	winogrande	atomic_benchmark	hns_f4_s1 minus scalar_e	recovery_rate	-0.06127450980392157	-0.0861317856931892	-0.039408866995073843	2000	2000	paired test samples conditional on one fixed source checkpoint
Llama-3.1-8B-Instruct/magicoder/seed43	winogrande	atomic_benchmark	hns_f4_s1 minus scalar_e	retention_rate	0.06382978723404255	0.03550034036759699	0.09439820310813728	2000	2000	paired test samples conditional on one fixed source checkpoint
Llama-3.1-8B-Instruct/magicoder/seed43	winogrande	atomic_benchmark	hns_f4_s1 minus scalar_e	new_success_rate	-0.017363851617995266	-0.025256511444356748	-0.010260457774269928	2000	2000	paired test samples conditional on one fixed source checkpoint
Llama-3.1-8B-Instruct/magicoder/seed43	winogrande	atomic_benchmark	hns_f4_s1 minus scalar_e	new_damage_rate	-0.01578531965272297	-0.02367797947908445	-0.008681925808997633	2000	2000	paired test samples conditional on one fixed source checkpoint
Llama-3.1-8B-Instruct/magicoder/seed43	winogrande	atomic_benchmark	hns_f4_s1 minus flat_e	recovery_rate	-0.007352941176470562	-0.029484194162478366	0.012346442977631145	2000	2000	paired test samples conditional on one fixed source checkpoint
Llama-3.1-8B-Instruct/magicoder/seed43	winogrande	atomic_benchmark	hns_f4_s1 minus flat_e	retention_rate	0.015197568389057753	-0.003216481456266977	0.03561095803306484	2000	2000	paired test samples conditional on one fixed source checkpoint
Llama-3.1-8B-Instruct/magicoder/seed43	winogrande	atomic_benchmark	hns_f4_s1 minus flat_e	new_success_rate	-0.0007892659826361469	-0.004735595895816892	0.0031570639305445944	2000	2000	paired test samples conditional on one fixed source checkpoint
Llama-3.1-8B-Instruct/magicoder/seed43	winogrande	atomic_benchmark	hns_f4_s1 minus flat_e	new_damage_rate	-0.0007892659826361503	-0.006314127861089185	0.004735595895816888	2000	2000	paired test samples conditional on one fixed source checkpoint
Llama-3.1-8B-Instruct/magicoder/seed43	winogrande	atomic_benchmark	scalar_e minus flat_e	recovery_rate	0.05392156862745101	0.0333313539192399	0.07654320987654317	2000	2000	paired test samples conditional on one fixed source checkpoint
Llama-3.1-8B-Instruct/magicoder/seed43	winogrande	atomic_benchmark	scalar_e minus flat_e	retention_rate	-0.048632218844984795	-0.07643360797834005	-0.021274983881366873	2000	2000	paired test samples conditional on one fixed source checkpoint
Llama-3.1-8B-Instruct/magicoder/seed43	winogrande	atomic_benchmark	scalar_e minus flat_e	new_success_rate	0.01657458563535912	0.009471191791633783	0.02367797947908445	2000	2000	paired test samples conditional on one fixed source checkpoint
Llama-3.1-8B-Instruct/magicoder/seed43	winogrande	atomic_benchmark	scalar_e minus flat_e	new_damage_rate	0.014996053670086818	0.008681925808997633	0.022099447513812154	2000	2000	paired test samples conditional on one fixed source checkpoint
Llama-3.1-8B-Instruct/magicoder/seed44	arc_challenge	atomic_benchmark	hns_f4_s1 minus scalar_e	recovery_rate	0.06593406593406592	0.011901260504201747	0.12766575952498757	2000	2000	paired test samples conditional on one fixed source checkpoint
Llama-3.1-8B-Instruct/magicoder/seed44	arc_challenge	atomic_benchmark	hns_f4_s1 minus scalar_e	retention_rate	-0.109375	-0.203125	-0.017857142857142905	2000	2000	paired test samples conditional on one fixed source checkpoint
Llama-3.1-8B-Instruct/magicoder/seed44	arc_challenge	atomic_benchmark	hns_f4_s1 minus scalar_e	new_success_rate	-0.0017064846416382246	-0.005972696245733788	0.002559726962457336	2000	2000	paired test samples conditional on one fixed source checkpoint
Llama-3.1-8B-Instruct/magicoder/seed44	arc_challenge	atomic_benchmark	hns_f4_s1 minus scalar_e	new_damage_rate	-0.0034129692832764492	-0.009385665529010238	0.0017064846416382246	2000	2000	paired test samples conditional on one fixed source checkpoint
Llama-3.1-8B-Instruct/magicoder/seed44	arc_challenge	atomic_benchmark	hns_f4_s1 minus flat_e	recovery_rate	0.0	-0.03125822368421052	0.03157894736842104	2000	2000	paired test samples conditional on one fixed source checkpoint
Llama-3.1-8B-Instruct/magicoder/seed44	arc_challenge	atomic_benchmark	hns_f4_s1 minus flat_e	retention_rate	-0.046875	-0.10714285714285715	0.0	2000	2000	paired test samples conditional on one fixed source checkpoint
Llama-3.1-8B-Instruct/magicoder/seed44	arc_challenge	atomic_benchmark	hns_f4_s1 minus flat_e	new_success_rate	0.0008532423208191132	0.0	0.002559726962457338	2000	2000	paired test samples conditional on one fixed source checkpoint
Llama-3.1-8B-Instruct/magicoder/seed44	arc_challenge	atomic_benchmark	hns_f4_s1 minus flat_e	new_damage_rate	-0.0017064846416382246	-0.005119453924914676	0.0017064846416382229	2000	2000	paired test samples conditional on one fixed source checkpoint
Llama-3.1-8B-Instruct/magicoder/seed44	arc_challenge	atomic_benchmark	scalar_e minus flat_e	recovery_rate	-0.06593406593406592	-0.1333333333333333	0.0	2000	2000	paired test samples conditional on one fixed source checkpoint
Llama-3.1-8B-Instruct/magicoder/seed44	arc_challenge	atomic_benchmark	scalar_e minus flat_e	retention_rate	0.0625	-0.0003205128205128039	0.140625	2000	2000	paired test samples conditional on one fixed source checkpoint
Llama-3.1-8B-Instruct/magicoder/seed44	arc_challenge	atomic_benchmark	scalar_e minus flat_e	new_success_rate	0.002559726962457338	-0.0008532423208191132	0.0068259385665529	2000	2000	paired test samples conditional on one fixed source checkpoint
Llama-3.1-8B-Instruct/magicoder/seed44	arc_challenge	atomic_benchmark	scalar_e minus flat_e	new_damage_rate	0.0017064846416382246	-0.004266211604095561	0.007679180887372013	2000	2000	paired test samples conditional on one fixed source checkpoint
Llama-3.1-8B-Instruct/magicoder/seed44	arc_easy	atomic_benchmark	hns_f4_s1 minus scalar_e	recovery_rate	0.04761904761904767	0.0	0.10588235294117654	2000	2000	paired test samples conditional on one fixed source checkpoint
Llama-3.1-8B-Instruct/magicoder/seed44	arc_easy	atomic_benchmark	hns_f4_s1 minus scalar_e	retention_rate	-0.05154639175257736	-0.1226618914511996	0.010416666666666631	2000	2000	paired test samples conditional on one fixed source checkpoint
Llama-3.1-8B-Instruct/magicoder/seed44	arc_easy	atomic_benchmark	hns_f4_s1 minus scalar_e	new_success_rate	0.000841750841750842	-0.000841750841750842	0.002946127946127946	2000	2000	paired test samples conditional on one fixed source checkpoint
Llama-3.1-8B-Instruct/magicoder/seed44	arc_easy	atomic_benchmark	hns_f4_s1 minus scalar_e	new_damage_rate	-0.0008417508417508423	-0.003367003367003367	0.001262626262626263	2000	2000	paired test samples conditional on one fixed source checkpoint
Llama-3.1-8B-Instruct/magicoder/seed44	arc_easy	atomic_benchmark	hns_f4_s1 minus flat_e	recovery_rate	0.023809523809523836	0.0	0.06315789473684208	2000	2000	paired test samples conditional on one fixed source checkpoint
Llama-3.1-8B-Instruct/magicoder/seed44	arc_easy	atomic_benchmark	hns_f4_s1 minus flat_e	retention_rate	0.010309278350515427	-0.02299518845228551	0.04999999999999999	2000	2000	paired test samples conditional on one fixed source checkpoint
Llama-3.1-8B-Instruct/magicoder/seed44	arc_easy	atomic_benchmark	hns_f4_s1 minus flat_e	new_success_rate	0.0	0.0	0.0	2000	2000	paired test samples conditional on one fixed source checkpoint
Llama-3.1-8B-Instruct/magicoder/seed44	arc_easy	atomic_benchmark	hns_f4_s1 minus flat_e	new_damage_rate	-0.0004208754208754207	-0.0021043771043771048	0.001262626262626263	2000	2000	paired test samples conditional on one fixed source checkpoint
Llama-3.1-8B-Instruct/magicoder/seed44	arc_easy	atomic_benchmark	scalar_e minus flat_e	recovery_rate	-0.023809523809523836	-0.07216805365793066	0.02198412698412698	2000	2000	paired test samples conditional on one fixed source checkpoint
Llama-3.1-8B-Instruct/magicoder/seed44	arc_easy	atomic_benchmark	scalar_e minus flat_e	retention_rate	0.061855670103092786	0.0	0.1325331940004918	2000	2000	paired test samples conditional on one fixed source checkpoint
Llama-3.1-8B-Instruct/magicoder/seed44	arc_easy	atomic_benchmark	scalar_e minus flat_e	new_success_rate	-0.000841750841750842	-0.002946127946127946	0.000841750841750842	2000	2000	paired test samples conditional on one fixed source checkpoint
Llama-3.1-8B-Instruct/magicoder/seed44	arc_easy	atomic_benchmark	scalar_e minus flat_e	new_damage_rate	0.00042087542087542156	-0.0021043771043771043	0.002946127946127946	2000	2000	paired test samples conditional on one fixed source checkpoint
Llama-3.1-8B-Instruct/magicoder/seed44	boolq	atomic_benchmark	hns_f4_s1 minus scalar_e	recovery_rate	0.016129032258064502	-0.003802644181929035	0.03658536585365846	2000	2000	paired test samples conditional on one fixed source checkpoint
Llama-3.1-8B-Instruct/magicoder/seed44	boolq	atomic_benchmark	hns_f4_s1 minus scalar_e	retention_rate	-0.02702702702702703	-0.06475287302625433	0.007299270072992692	2000	2000	paired test samples conditional on one fixed source checkpoint
Llama-3.1-8B-Instruct/magicoder/seed44	boolq	atomic_benchmark	hns_f4_s1 minus scalar_e	new_success_rate	0.0006116207951070336	0.0	0.0015290519877675843	2000	2000	paired test samples conditional on one fixed source checkpoint
Llama-3.1-8B-Instruct/magicoder/seed44	boolq	atomic_benchmark	hns_f4_s1 minus scalar_e	new_damage_rate	0.0003058103975535169	0.0	0.0009174311926605505	2000	2000	paired test samples conditional on one fixed source checkpoint
Llama-3.1-8B-Instruct/magicoder/seed44	boolq	atomic_benchmark	hns_f4_s1 minus flat_e	recovery_rate	0.0	-0.011904761904761862	0.011539575289575351	2000	2000	paired test samples conditional on one fixed source checkpoint
Llama-3.1-8B-Instruct/magicoder/seed44	boolq	atomic_benchmark	hns_f4_s1 minus flat_e	retention_rate	0.013513513513513514	-0.012989135047958568	0.04166666666666667	2000	2000	paired test samples conditional on one fixed source checkpoint
Llama-3.1-8B-Instruct/magicoder/seed44	boolq	atomic_benchmark	hns_f4_s1 minus flat_e	new_success_rate	-0.0003058103975535169	-0.0009174311926605505	0.0	2000	2000	paired test samples conditional on one fixed source checkpoint
Llama-3.1-8B-Instruct/magicoder/seed44	boolq	atomic_benchmark	hns_f4_s1 minus flat_e	new_damage_rate	0.0003058103975535169	0.0	0.0009174311926605505	2000	2000	paired test samples conditional on one fixed source checkpoint
Llama-3.1-8B-Instruct/magicoder/seed44	boolq	atomic_benchmark	scalar_e minus flat_e	recovery_rate	-0.016129032258064502	-0.03334388185654008	-0.003787521440823326	2000	2000	paired test samples conditional on one fixed source checkpoint
Llama-3.1-8B-Instruct/magicoder/seed44	boolq	atomic_benchmark	scalar_e minus flat_e	retention_rate	0.04054054054054054	0.0066214273265946385	0.07738191244239633	2000	2000	paired test samples conditional on one fixed source checkpoint
Llama-3.1-8B-Instruct/magicoder/seed44	boolq	atomic_benchmark	scalar_e minus flat_e	new_success_rate	-0.0009174311926605505	-0.0021406727828746177	0.0	2000	2000	paired test samples conditional on one fixed source checkpoint
Llama-3.1-8B-Instruct/magicoder/seed44	boolq	atomic_benchmark	scalar_e minus flat_e	new_damage_rate	0.0	0.0	0.0	2000	2000	paired test samples conditional on one fixed source checkpoint
Llama-3.1-8B-Instruct/magicoder/seed44	hellaswag	atomic_benchmark	hns_f4_s1 minus scalar_e	recovery_rate	0.007451564828614088	-0.01963741777452931	0.03620249047486301	2000	2000	paired test samples conditional on one fixed source checkpoint
Llama-3.1-8B-Instruct/magicoder/seed44	hellaswag	atomic_benchmark	hns_f4_s1 minus scalar_e	retention_rate	0.014760147601475981	-0.014195417947022409	0.04488532154527723	2000	2000	paired test samples conditional on one fixed source checkpoint
Llama-3.1-8B-Instruct/magicoder/seed44	hellaswag	atomic_benchmark	hns_f4_s1 minus scalar_e	new_success_rate	0.014439354710217088	0.011949810794662417	0.01712806213901613	2000	2000	paired test samples conditional on one fixed source checkpoint
Llama-3.1-8B-Instruct/magicoder/seed44	hellaswag	atomic_benchmark	hns_f4_s1 minus scalar_e	new_damage_rate	0.004580760804620594	0.0027882891854212315	0.006373232423819954	2000	2000	paired test samples conditional on one fixed source checkpoint
Llama-3.1-8B-Instruct/magicoder/seed44	hellaswag	atomic_benchmark	hns_f4_s1 minus flat_e	recovery_rate	0.0044709388971684305	-0.010591627003041832	0.019177005378026895	2000	2000	paired test samples conditional on one fixed source checkpoint
Llama-3.1-8B-Instruct/magicoder/seed44	hellaswag	atomic_benchmark	hns_f4_s1 minus flat_e	retention_rate	0.0018450184501844769	-0.013158514223411622	0.016608252513751885	2000	2000	paired test samples conditional on one fixed source checkpoint
Llama-3.1-8B-Instruct/magicoder/seed44	hellaswag	atomic_benchmark	hns_f4_s1 minus flat_e	new_success_rate	0.0011949810794662438	-9.958175662218988e-05	0.0025891256721768535	2000	2000	paired test samples conditional on one fixed source checkpoint
Llama-3.1-8B-Instruct/magicoder/seed44	hellaswag	atomic_benchmark	hns_f4_s1 minus flat_e	new_damage_rate	0.0006970722963553066	-0.00039832702648874736	0.0017924716191993623	2000	2000	paired test samples conditional on one fixed source checkpoint
Llama-3.1-8B-Instruct/magicoder/seed44	hellaswag	atomic_benchmark	scalar_e minus flat_e	recovery_rate	-0.0029806259314456574	-0.031344630848895175	0.02302208003182717	2000	2000	paired test samples conditional on one fixed source checkpoint
Llama-3.1-8B-Instruct/magicoder/seed44	hellaswag	atomic_benchmark	scalar_e minus flat_e	retention_rate	-0.012915129151291505	-0.04150609354413701	0.016263494602159097	2000	2000	paired test samples conditional on one fixed source checkpoint
Llama-3.1-8B-Instruct/magicoder/seed44	hellaswag	atomic_benchmark	scalar_e minus flat_e	new_success_rate	-0.013244373630750844	-0.015833499302927705	-0.010754829715196177	2000	2000	paired test samples conditional on one fixed source checkpoint
Llama-3.1-8B-Instruct/magicoder/seed44	hellaswag	atomic_benchmark	scalar_e minus flat_e	new_damage_rate	-0.0038836885082652872	-0.005576578370842461	-0.0021883091017725685	2000	2000	paired test samples conditional on one fixed source checkpoint
Llama-3.1-8B-Instruct/magicoder/seed44	magicoder	atomic_benchmark	hns_f4_s1 minus scalar_e	recovery_rate	-0.35	-0.5625	-0.15375000000000047	2000	2000	paired test samples conditional on one fixed source checkpoint
Llama-3.1-8B-Instruct/magicoder/seed44	magicoder	atomic_benchmark	hns_f4_s1 minus scalar_e	retention_rate	-0.045454545454545525	-0.14814814814814814	0.0	2000	2000	paired test samples conditional on one fixed source checkpoint
Llama-3.1-8B-Instruct/magicoder/seed44	magicoder	atomic_benchmark	hns_f4_s1 minus scalar_e	new_success_rate	0.0	0.0	0.0	2000	2000	paired test samples conditional on one fixed source checkpoint
Llama-3.1-8B-Instruct/magicoder/seed44	magicoder	atomic_benchmark	hns_f4_s1 minus scalar_e	new_damage_rate	0.012195121951219511	0.0	0.03048780487804878	2000	2000	paired test samples conditional on one fixed source checkpoint
Llama-3.1-8B-Instruct/magicoder/seed44	magicoder	atomic_benchmark	hns_f4_s1 minus flat_e	recovery_rate	-0.04999999999999999	-0.16666666666666663	0.0	2000	2000	paired test samples conditional on one fixed source checkpoint
Llama-3.1-8B-Instruct/magicoder/seed44	magicoder	atomic_benchmark	hns_f4_s1 minus flat_e	retention_rate	-0.045454545454545525	-0.15000000000000002	0.0	2000	2000	paired test samples conditional on one fixed source checkpoint
Llama-3.1-8B-Instruct/magicoder/seed44	magicoder	atomic_benchmark	hns_f4_s1 minus flat_e	new_success_rate	0.0	0.0	0.0	2000	2000	paired test samples conditional on one fixed source checkpoint
Llama-3.1-8B-Instruct/magicoder/seed44	magicoder	atomic_benchmark	hns_f4_s1 minus flat_e	new_damage_rate	0.0	0.0	0.0	2000	2000	paired test samples conditional on one fixed source checkpoint
Llama-3.1-8B-Instruct/magicoder/seed44	magicoder	atomic_benchmark	scalar_e minus flat_e	recovery_rate	0.3	0.11111111111111116	0.5	2000	2000	paired test samples conditional on one fixed source checkpoint
Llama-3.1-8B-Instruct/magicoder/seed44	magicoder	atomic_benchmark	scalar_e minus flat_e	retention_rate	0.0	-0.13636363636363635	0.13043478260869568	2000	2000	paired test samples conditional on one fixed source checkpoint
Llama-3.1-8B-Instruct/magicoder/seed44	magicoder	atomic_benchmark	scalar_e minus flat_e	new_success_rate	0.0	0.0	0.0	2000	2000	paired test samples conditional on one fixed source checkpoint
Llama-3.1-8B-Instruct/magicoder/seed44	magicoder	atomic_benchmark	scalar_e minus flat_e	new_damage_rate	-0.012195121951219511	-0.03048780487804878	0.0	2000	2000	paired test samples conditional on one fixed source checkpoint
Llama-3.1-8B-Instruct/magicoder/seed44	metamath	atomic_benchmark	hns_f4_s1 minus scalar_e	recovery_rate	-0.01898734177215189	-0.07433403230817026	0.035092879256965914	2000	2000	paired test samples conditional on one fixed source checkpoint
Llama-3.1-8B-Instruct/magicoder/seed44	metamath	atomic_benchmark	hns_f4_s1 minus scalar_e	retention_rate	-0.06030150753768848	-0.11111111111111105	-0.011486226160662718	2000	2000	paired test samples conditional on one fixed source checkpoint
Llama-3.1-8B-Instruct/magicoder/seed44	metamath	atomic_benchmark	hns_f4_s1 minus scalar_e	new_success_rate	-0.0030326004548900734	-0.012130401819560273	0.0068233510235026565	2000	2000	paired test samples conditional on one fixed source checkpoint
Llama-3.1-8B-Instruct/magicoder/seed44	metamath	atomic_benchmark	hns_f4_s1 minus scalar_e	new_damage_rate	-0.0037907505686125866	-0.011372251705837756	0.0037907505686125866	2000	2000	paired test samples conditional on one fixed source checkpoint
Llama-3.1-8B-Instruct/magicoder/seed44	metamath	atomic_benchmark	hns_f4_s1 minus flat_e	recovery_rate	0.012658227848101222	-0.029586894586894626	0.05369127516778516	2000	2000	paired test samples conditional on one fixed source checkpoint
Llama-3.1-8B-Instruct/magicoder/seed44	metamath	atomic_benchmark	hns_f4_s1 minus flat_e	retention_rate	-0.01005025125628145	-0.050692998666635534	0.02970297029702973	2000	2000	paired test samples conditional on one fixed source checkpoint
Llama-3.1-8B-Instruct/magicoder/seed44	metamath	atomic_benchmark	hns_f4_s1 minus flat_e	new_success_rate	0.0045489006823351	-0.00227445034116755	0.011372251705837756	2000	2000	paired test samples conditional on one fixed source checkpoint
Llama-3.1-8B-Instruct/magicoder/seed44	metamath	atomic_benchmark	hns_f4_s1 minus flat_e	new_damage_rate	0.0007581501137225166	-0.004548900682335103	0.00606520090978014	2000	2000	paired test samples conditional on one fixed source checkpoint
Llama-3.1-8B-Instruct/magicoder/seed44	metamath	atomic_benchmark	scalar_e minus flat_e	recovery_rate	0.03164556962025311	-0.023124747949993266	0.08609271523178808	2000	2000	paired test samples conditional on one fixed source checkpoint
Llama-3.1-8B-Instruct/magicoder/seed44	metamath	atomic_benchmark	scalar_e minus flat_e	retention_rate	0.05025125628140703	-0.004878048780487809	0.1039631960933649	2000	2000	paired test samples conditional on one fixed source checkpoint
Llama-3.1-8B-Instruct/magicoder/seed44	metamath	atomic_benchmark	scalar_e minus flat_e	new_success_rate	0.007581501137225173	-0.0015163002274450332	0.016679302501895373	2000	2000	paired test samples conditional on one fixed source checkpoint
Llama-3.1-8B-Instruct/magicoder/seed44	metamath	atomic_benchmark	scalar_e minus flat_e	new_damage_rate	0.004548900682335103	-0.00303260045489007	0.01288855193328279	2000	2000	paired test samples conditional on one fixed source checkpoint
Llama-3.1-8B-Instruct/magicoder/seed44	openbookqa	atomic_benchmark	hns_f4_s1 minus scalar_e	recovery_rate	0.07407407407407407	-0.0714285714285714	0.2222222222222222	2000	2000	paired test samples conditional on one fixed source checkpoint
Llama-3.1-8B-Instruct/magicoder/seed44	openbookqa	atomic_benchmark	hns_f4_s1 minus scalar_e	retention_rate	0.0714285714285714	-0.06060606060606061	0.20693247126436765	2000	2000	paired test samples conditional on one fixed source checkpoint
Llama-3.1-8B-Instruct/magicoder/seed44	openbookqa	atomic_benchmark	hns_f4_s1 minus scalar_e	new_success_rate	0.002	0.0	0.006	2000	2000	paired test samples conditional on one fixed source checkpoint
Llama-3.1-8B-Instruct/magicoder/seed44	openbookqa	atomic_benchmark	hns_f4_s1 minus scalar_e	new_damage_rate	0.002	0.0	0.006	2000	2000	paired test samples conditional on one fixed source checkpoint
Llama-3.1-8B-Instruct/magicoder/seed44	openbookqa	atomic_benchmark	hns_f4_s1 minus flat_e	recovery_rate	0.0	-0.11121794871794877	0.10349364791288551	2000	2000	paired test samples conditional on one fixed source checkpoint
Llama-3.1-8B-Instruct/magicoder/seed44	openbookqa	atomic_benchmark	hns_f4_s1 minus flat_e	retention_rate	0.0	0.0	0.0	2000	2000	paired test samples conditional on one fixed source checkpoint
Llama-3.1-8B-Instruct/magicoder/seed44	openbookqa	atomic_benchmark	hns_f4_s1 minus flat_e	new_success_rate	0.002	0.0	0.006	2000	2000	paired test samples conditional on one fixed source checkpoint
Llama-3.1-8B-Instruct/magicoder/seed44	openbookqa	atomic_benchmark	hns_f4_s1 minus flat_e	new_damage_rate	0.0	0.0	0.0	2000	2000	paired test samples conditional on one fixed source checkpoint
Llama-3.1-8B-Instruct/magicoder/seed44	openbookqa	atomic_benchmark	scalar_e minus flat_e	recovery_rate	-0.07407407407407407	-0.17647058823529416	0.0	2000	2000	paired test samples conditional on one fixed source checkpoint
Llama-3.1-8B-Instruct/magicoder/seed44	openbookqa	atomic_benchmark	scalar_e minus flat_e	retention_rate	-0.0714285714285714	-0.20693247126436784	0.06060606060606061	2000	2000	paired test samples conditional on one fixed source checkpoint
Llama-3.1-8B-Instruct/magicoder/seed44	openbookqa	atomic_benchmark	scalar_e minus flat_e	new_success_rate	0.0	0.0	0.0	2000	2000	paired test samples conditional on one fixed source checkpoint
Llama-3.1-8B-Instruct/magicoder/seed44	openbookqa	atomic_benchmark	scalar_e minus flat_e	new_damage_rate	-0.002	-0.006	0.0	2000	2000	paired test samples conditional on one fixed source checkpoint
Llama-3.1-8B-Instruct/magicoder/seed44	piqa	atomic_benchmark	hns_f4_s1 minus scalar_e	recovery_rate	0.013333333333333308	-0.030303030303030276	0.060629370629370447	2000	2000	paired test samples conditional on one fixed source checkpoint
Llama-3.1-8B-Instruct/magicoder/seed44	piqa	atomic_benchmark	hns_f4_s1 minus scalar_e	retention_rate	0.0	-0.039735099337748325	0.041916167664670656	2000	2000	paired test samples conditional on one fixed source checkpoint
Llama-3.1-8B-Instruct/magicoder/seed44	piqa	atomic_benchmark	hns_f4_s1 minus scalar_e	new_success_rate	0.001088139281828074	-0.001088139281828074	0.003264417845484222	2000	2000	paired test samples conditional on one fixed source checkpoint
Llama-3.1-8B-Instruct/magicoder/seed44	piqa	atomic_benchmark	hns_f4_s1 minus scalar_e	new_damage_rate	0.002176278563656148	-0.0010881392818280732	0.0048966267682263335	2000	2000	paired test samples conditional on one fixed source checkpoint
Llama-3.1-8B-Instruct/magicoder/seed44	piqa	atomic_benchmark	hns_f4_s1 minus flat_e	recovery_rate	0.013333333333333308	0.0	0.04477611940298498	2000	2000	paired test samples conditional on one fixed source checkpoint
Llama-3.1-8B-Instruct/magicoder/seed44	piqa	atomic_benchmark	hns_f4_s1 minus flat_e	retention_rate	0.006666666666666682	-0.018184589800443466	0.029586894586894567	2000	2000	paired test samples conditional on one fixed source checkpoint
Llama-3.1-8B-Instruct/magicoder/seed44	piqa	atomic_benchmark	hns_f4_s1 minus flat_e	new_success_rate	0.0	-0.002176278563656148	0.002176278563656148	2000	2000	paired test samples conditional on one fixed source checkpoint
Llama-3.1-8B-Instruct/magicoder/seed44	piqa	atomic_benchmark	hns_f4_s1 minus flat_e	new_damage_rate	0.002176278563656148	-0.0005440696409140366	0.004896626768226333	2000	2000	paired test samples conditional on one fixed source checkpoint
Llama-3.1-8B-Instruct/magicoder/seed44	piqa	atomic_benchmark	scalar_e minus flat_e	recovery_rate	0.0	-0.05357142857142849	0.05405405405405406	2000	2000	paired test samples conditional on one fixed source checkpoint
Llama-3.1-8B-Instruct/magicoder/seed44	piqa	atomic_benchmark	scalar_e minus flat_e	retention_rate	0.006666666666666682	-0.0357142857142857	0.049295774647887314	2000	2000	paired test samples conditional on one fixed source checkpoint
Llama-3.1-8B-Instruct/magicoder/seed44	piqa	atomic_benchmark	scalar_e minus flat_e	new_success_rate	-0.001088139281828074	-0.002720348204570185	0.0	2000	2000	paired test samples conditional on one fixed source checkpoint
Llama-3.1-8B-Instruct/magicoder/seed44	piqa	atomic_benchmark	scalar_e minus flat_e	new_damage_rate	0.0	-0.0027339499455930364	0.0032644178454842216	2000	2000	paired test samples conditional on one fixed source checkpoint
Llama-3.1-8B-Instruct/magicoder/seed44	siqa	atomic_benchmark	hns_f4_s1 minus scalar_e	recovery_rate	0.039999999999999925	-0.02857142857142858	0.11538461538461542	2000	2000	paired test samples conditional on one fixed source checkpoint
Llama-3.1-8B-Instruct/magicoder/seed44	siqa	atomic_benchmark	hns_f4_s1 minus scalar_e	retention_rate	-0.05263157894736842	-0.1153925619834711	0.00826618457300272	2000	2000	paired test samples conditional on one fixed source checkpoint
Llama-3.1-8B-Instruct/magicoder/seed44	siqa	atomic_benchmark	hns_f4_s1 minus scalar_e	new_success_rate	0.000511770726714432	0.0	0.0015353121801432962	2000	2000	paired test samples conditional on one fixed source checkpoint
Llama-3.1-8B-Instruct/magicoder/seed44	siqa	atomic_benchmark	hns_f4_s1 minus scalar_e	new_damage_rate	0.006653019447287615	0.00255885363357216	0.0112589559877175	2000	2000	paired test samples conditional on one fixed source checkpoint
Llama-3.1-8B-Instruct/magicoder/seed44	siqa	atomic_benchmark	hns_f4_s1 minus flat_e	recovery_rate	0.039999999999999925	0.0	0.09378720238095217	2000	2000	paired test samples conditional on one fixed source checkpoint
Llama-3.1-8B-Instruct/magicoder/seed44	siqa	atomic_benchmark	hns_f4_s1 minus flat_e	retention_rate	-0.02631578947368418	-0.06612947658402205	0.009433962264150941	2000	2000	paired test samples conditional on one fixed source checkpoint
Llama-3.1-8B-Instruct/magicoder/seed44	siqa	atomic_benchmark	hns_f4_s1 minus flat_e	new_success_rate	0.0	0.0	0.0	2000	2000	paired test samples conditional on one fixed source checkpoint
Llama-3.1-8B-Instruct/magicoder/seed44	siqa	atomic_benchmark	hns_f4_s1 minus flat_e	new_damage_rate	0.00255885363357216	0.0005117707267144316	0.005117707267144318	2000	2000	paired test samples conditional on one fixed source checkpoint
Llama-3.1-8B-Instruct/magicoder/seed44	siqa	atomic_benchmark	scalar_e minus flat_e	recovery_rate	0.0	-0.06578947368421051	0.06255040322580617	2000	2000	paired test samples conditional on one fixed source checkpoint
Llama-3.1-8B-Instruct/magicoder/seed44	siqa	atomic_benchmark	scalar_e minus flat_e	retention_rate	0.026315789473684237	-0.025862068965517238	0.08163265306122447	2000	2000	paired test samples conditional on one fixed source checkpoint
Llama-3.1-8B-Instruct/magicoder/seed44	siqa	atomic_benchmark	scalar_e minus flat_e	new_success_rate	-0.000511770726714432	-0.0015353121801432962	0.0	2000	2000	paired test samples conditional on one fixed source checkpoint
Llama-3.1-8B-Instruct/magicoder/seed44	siqa	atomic_benchmark	scalar_e minus flat_e	new_damage_rate	-0.0040941658137154556	-0.0076765609007164795	-0.0005117707267144316	2000	2000	paired test samples conditional on one fixed source checkpoint
Llama-3.1-8B-Instruct/magicoder/seed44	tulu	atomic_benchmark	hns_f4_s1 minus scalar_e	recovery_rate	0.0	-0.05660913379073766	0.056609133790737634	2000	2000	paired test samples conditional on one fixed source checkpoint
Llama-3.1-8B-Instruct/magicoder/seed44	tulu	atomic_benchmark	hns_f4_s1 minus scalar_e	retention_rate	-0.02857142857142858	-0.17857142857142855	0.12202743902438982	2000	2000	paired test samples conditional on one fixed source checkpoint
Llama-3.1-8B-Instruct/magicoder/seed44	tulu	atomic_benchmark	hns_f4_s1 minus scalar_e	new_success_rate	0.0	-0.009242144177449167	0.009242144177449167	2000	2000	paired test samples conditional on one fixed source checkpoint
Llama-3.1-8B-Instruct/magicoder/seed44	tulu	atomic_benchmark	hns_f4_s1 minus scalar_e	new_damage_rate	0.0036968576709796655	-0.011090573012939003	0.018484288354898334	2000	2000	paired test samples conditional on one fixed source checkpoint
Llama-3.1-8B-Instruct/magicoder/seed44	tulu	atomic_benchmark	hns_f4_s1 minus flat_e	recovery_rate	0.06060606060606066	0.0	0.1235984014826828	2000	2000	paired test samples conditional on one fixed source checkpoint
Llama-3.1-8B-Instruct/magicoder/seed44	tulu	atomic_benchmark	hns_f4_s1 minus flat_e	retention_rate	0.0	-0.11428571428571427	0.11538461538461536	2000	2000	paired test samples conditional on one fixed source checkpoint
Llama-3.1-8B-Instruct/magicoder/seed44	tulu	atomic_benchmark	hns_f4_s1 minus flat_e	new_success_rate	-0.0018484288354898362	-0.011090573012939003	0.007393715341959338	2000	2000	paired test samples conditional on one fixed source checkpoint
Llama-3.1-8B-Instruct/magicoder/seed44	tulu	atomic_benchmark	hns_f4_s1 minus flat_e	new_damage_rate	0.009242144177449167	0.0	0.02033271719038817	2000	2000	paired test samples conditional on one fixed source checkpoint
Llama-3.1-8B-Instruct/magicoder/seed44	tulu	atomic_benchmark	scalar_e minus flat_e	recovery_rate	0.06060606060606066	-0.010309278350515427	0.13001086956521735	2000	2000	paired test samples conditional on one fixed source checkpoint
Llama-3.1-8B-Instruct/magicoder/seed44	tulu	atomic_benchmark	scalar_e minus flat_e	retention_rate	0.02857142857142858	-0.12913978494623654	0.18604651162790697	2000	2000	paired test samples conditional on one fixed source checkpoint
Llama-3.1-8B-Instruct/magicoder/seed44	tulu	atomic_benchmark	scalar_e minus flat_e	new_success_rate	-0.0018484288354898362	-0.012939001848428836	0.00924214417744917	2000	2000	paired test samples conditional on one fixed source checkpoint
Llama-3.1-8B-Instruct/magicoder/seed44	tulu	atomic_benchmark	scalar_e minus flat_e	new_damage_rate	0.005545286506469502	-0.009242144177449167	0.022181146025878	2000	2000	paired test samples conditional on one fixed source checkpoint
Llama-3.1-8B-Instruct/magicoder/seed44	winogrande	atomic_benchmark	hns_f4_s1 minus scalar_e	recovery_rate	-0.073943661971831	-0.10959845596196394	-0.04246290625600978	2000	2000	paired test samples conditional on one fixed source checkpoint
Llama-3.1-8B-Instruct/magicoder/seed44	winogrande	atomic_benchmark	hns_f4_s1 minus scalar_e	retention_rate	0.07954545454545456	0.04615384615384614	0.11481900890437473	2000	2000	paired test samples conditional on one fixed source checkpoint
Llama-3.1-8B-Instruct/magicoder/seed44	winogrande	atomic_benchmark	hns_f4_s1 minus scalar_e	new_success_rate	-0.013417521704814521	-0.020520915548539853	-0.007103393843725336	2000	2000	paired test samples conditional on one fixed source checkpoint
Llama-3.1-8B-Instruct/magicoder/seed44	winogrande	atomic_benchmark	hns_f4_s1 minus scalar_e	new_damage_rate	-0.016574585635359112	-0.0244672454617206	-0.00947119179163378	2000	2000	paired test samples conditional on one fixed source checkpoint
Llama-3.1-8B-Instruct/magicoder/seed44	winogrande	atomic_benchmark	hns_f4_s1 minus flat_e	recovery_rate	-0.021126760563380254	-0.0532356602573644	0.010204952288082473	2000	2000	paired test samples conditional on one fixed source checkpoint
Llama-3.1-8B-Instruct/magicoder/seed44	winogrande	atomic_benchmark	hns_f4_s1 minus flat_e	retention_rate	-0.018939393939393923	-0.05017921146953405	0.011673151750972777	2000	2000	paired test samples conditional on one fixed source checkpoint
Llama-3.1-8B-Instruct/magicoder/seed44	winogrande	atomic_benchmark	hns_f4_s1 minus flat_e	new_success_rate	-0.0015785319652722972	-0.00552486187845304	0.002367797947908446	2000	2000	paired test samples conditional on one fixed source checkpoint
Llama-3.1-8B-Instruct/magicoder/seed44	winogrande	atomic_benchmark	hns_f4_s1 minus flat_e	new_damage_rate	0.0007892659826361486	-0.004735595895816892	0.006314127861089189	2000	2000	paired test samples conditional on one fixed source checkpoint
Llama-3.1-8B-Instruct/magicoder/seed44	winogrande	atomic_benchmark	scalar_e minus flat_e	recovery_rate	0.052816901408450745	0.02298631218741771	0.08421793921423276	2000	2000	paired test samples conditional on one fixed source checkpoint
Llama-3.1-8B-Instruct/magicoder/seed44	winogrande	atomic_benchmark	scalar_e minus flat_e	retention_rate	-0.09848484848484848	-0.1380667069789393	-0.061532567049808466	2000	2000	paired test samples conditional on one fixed source checkpoint
Llama-3.1-8B-Instruct/magicoder/seed44	winogrande	atomic_benchmark	scalar_e minus flat_e	new_success_rate	0.011838989739542224	0.00552486187845304	0.018153117600631413	2000	2000	paired test samples conditional on one fixed source checkpoint
Llama-3.1-8B-Instruct/magicoder/seed44	winogrande	atomic_benchmark	scalar_e minus flat_e	new_damage_rate	0.01736385161799526	0.01026045777426993	0.024467245461720605	2000	2000	paired test samples conditional on one fixed source checkpoint
Llama-3.1-8B-Instruct/metamath/seed42	arc_challenge	atomic_benchmark	hns_f4_s1 minus scalar_e	recovery_rate	0.23423423423423423	0.17167381974248924	0.29702970297029707	2000	2000	paired test samples conditional on one fixed source checkpoint
Llama-3.1-8B-Instruct/metamath/seed42	arc_challenge	atomic_benchmark	hns_f4_s1 minus scalar_e	retention_rate	0.0	-0.11540697674418608	0.125	2000	2000	paired test samples conditional on one fixed source checkpoint
Llama-3.1-8B-Instruct/metamath/seed42	arc_challenge	atomic_benchmark	hns_f4_s1 minus scalar_e	new_success_rate	0.00938566552901024	0.004266211604095561	0.015358361774744029	2000	2000	paired test samples conditional on one fixed source checkpoint
Llama-3.1-8B-Instruct/metamath/seed42	arc_challenge	atomic_benchmark	hns_f4_s1 minus scalar_e	new_damage_rate	-0.012798634812286689	-0.020477815699658706	-0.005119453924914676	2000	2000	paired test samples conditional on one fixed source checkpoint
Llama-3.1-8B-Instruct/metamath/seed42	arc_challenge	atomic_benchmark	hns_f4_s1 minus flat_e	recovery_rate	-0.0045045045045044585	-0.014285714285714235	0.0	2000	2000	paired test samples conditional on one fixed source checkpoint
Llama-3.1-8B-Instruct/metamath/seed42	arc_challenge	atomic_benchmark	hns_f4_s1 minus flat_e	retention_rate	-0.021276595744680882	-0.06977764177886578	0.0	2000	2000	paired test samples conditional on one fixed source checkpoint
Llama-3.1-8B-Instruct/metamath/seed42	arc_challenge	atomic_benchmark	hns_f4_s1 minus flat_e	new_success_rate	-0.0008532423208191114	-0.002559726962457338	0.0	2000	2000	paired test samples conditional on one fixed source checkpoint
Llama-3.1-8B-Instruct/metamath/seed42	arc_challenge	atomic_benchmark	hns_f4_s1 minus flat_e	new_damage_rate	0.0	0.0	0.0	2000	2000	paired test samples conditional on one fixed source checkpoint
Llama-3.1-8B-Instruct/metamath/seed42	arc_challenge	atomic_benchmark	scalar_e minus flat_e	recovery_rate	-0.2387387387387387	-0.29902443260768874	-0.1772712888377445	2000	2000	paired test samples conditional on one fixed source checkpoint
Llama-3.1-8B-Instruct/metamath/seed42	arc_challenge	atomic_benchmark	scalar_e minus flat_e	retention_rate	-0.021276595744680882	-0.13953488372093015	0.08697559115179247	2000	2000	paired test samples conditional on one fixed source checkpoint
Llama-3.1-8B-Instruct/metamath/seed42	arc_challenge	atomic_benchmark	scalar_e minus flat_e	new_success_rate	-0.010238907849829351	-0.01621160409556314	-0.004266211604095564	2000	2000	paired test samples conditional on one fixed source checkpoint
Llama-3.1-8B-Instruct/metamath/seed42	arc_challenge	atomic_benchmark	scalar_e minus flat_e	new_damage_rate	0.012798634812286689	0.005119453924914676	0.020477815699658706	2000	2000	paired test samples conditional on one fixed source checkpoint
Llama-3.1-8B-Instruct/metamath/seed42	arc_easy	atomic_benchmark	hns_f4_s1 minus scalar_e	recovery_rate	0.2628398791540785	0.21492136632274866	0.31291892898967305	2000	2000	paired test samples conditional on one fixed source checkpoint
Llama-3.1-8B-Instruct/metamath/seed42	arc_easy	atomic_benchmark	hns_f4_s1 minus scalar_e	retention_rate	0.04477611940298509	-0.015151515151515138	0.11115023474178387	2000	2000	paired test samples conditional on one fixed source checkpoint
Llama-3.1-8B-Instruct/metamath/seed42	arc_easy	atomic_benchmark	hns_f4_s1 minus scalar_e	new_success_rate	0.0033670033670033673	-0.0004208754208754207	0.006734006734006736	2000	2000	paired test samples conditional on one fixed source checkpoint
Llama-3.1-8B-Instruct/metamath/seed42	arc_easy	atomic_benchmark	hns_f4_s1 minus scalar_e	new_damage_rate	-0.005050505050505051	-0.008417508417508417	-0.0021043771043771043	2000	2000	paired test samples conditional on one fixed source checkpoint
Llama-3.1-8B-Instruct/metamath/seed42	arc_easy	atomic_benchmark	hns_f4_s1 minus flat_e	recovery_rate	-0.0030211480362537513	-0.01650301619565928	0.00961615755627006	2000	2000	paired test samples conditional on one fixed source checkpoint
Llama-3.1-8B-Instruct/metamath/seed42	arc_easy	atomic_benchmark	hns_f4_s1 minus flat_e	retention_rate	0.014925373134328401	0.0	0.051724137931034475	2000	2000	paired test samples conditional on one fixed source checkpoint
Llama-3.1-8B-Instruct/metamath/seed42	arc_easy	atomic_benchmark	hns_f4_s1 minus flat_e	new_success_rate	0.0004208754208754207	-0.0012626262626262638	0.002104377104377105	2000	2000	paired test samples conditional on one fixed source checkpoint
Llama-3.1-8B-Instruct/metamath/seed42	arc_easy	atomic_benchmark	hns_f4_s1 minus flat_e	new_damage_rate	-0.00042087542087542113	-0.0012626262626262627	0.0	2000	2000	paired test samples conditional on one fixed source checkpoint
Llama-3.1-8B-Instruct/metamath/seed42	arc_easy	atomic_benchmark	scalar_e minus flat_e	recovery_rate	-0.2658610271903323	-0.3167724433049256	-0.2164627881724023	2000	2000	paired test samples conditional on one fixed source checkpoint
Llama-3.1-8B-Instruct/metamath/seed42	arc_easy	atomic_benchmark	scalar_e minus flat_e	retention_rate	-0.02985074626865669	-0.10144927536231885	0.03847402597402588	2000	2000	paired test samples conditional on one fixed source checkpoint
Llama-3.1-8B-Instruct/metamath/seed42	arc_easy	atomic_benchmark	scalar_e minus flat_e	new_success_rate	-0.0029461279461279466	-0.005892255892255893	0.0	2000	2000	paired test samples conditional on one fixed source checkpoint
Llama-3.1-8B-Instruct/metamath/seed42	arc_easy	atomic_benchmark	scalar_e minus flat_e	new_damage_rate	0.004629629629629629	0.0016835016835016834	0.007996632996632997	2000	2000	paired test samples conditional on one fixed source checkpoint
Llama-3.1-8B-Instruct/metamath/seed42	boolq	atomic_benchmark	hns_f4_s1 minus scalar_e	recovery_rate	0.21383647798742134	0.14633256186576465	0.28662643089394685	2000	2000	paired test samples conditional on one fixed source checkpoint
Llama-3.1-8B-Instruct/metamath/seed42	boolq	atomic_benchmark	hns_f4_s1 minus scalar_e	retention_rate	-0.19767441860465118	-0.2891645529486367	-0.10957208734572096	2000	2000	paired test samples conditional on one fixed source checkpoint
Llama-3.1-8B-Instruct/metamath/seed42	boolq	atomic_benchmark	hns_f4_s1 minus scalar_e	new_success_rate	0.0	-0.0027522935779816507	0.0027522935779816515	2000	2000	paired test samples conditional on one fixed source checkpoint
Llama-3.1-8B-Instruct/metamath/seed42	boolq	atomic_benchmark	hns_f4_s1 minus scalar_e	new_damage_rate	0.0012232415902140685	-0.003669724770642202	0.006116207951070336	2000	2000	paired test samples conditional on one fixed source checkpoint
Llama-3.1-8B-Instruct/metamath/seed42	boolq	atomic_benchmark	hns_f4_s1 minus flat_e	recovery_rate	-0.0062893081761007386	-0.02777777777777779	0.013160073196235652	2000	2000	paired test samples conditional on one fixed source checkpoint
Llama-3.1-8B-Instruct/metamath/seed42	boolq	atomic_benchmark	hns_f4_s1 minus flat_e	retention_rate	0.0	-0.034090909090909116	0.03448275862068967	2000	2000	paired test samples conditional on one fixed source checkpoint
Llama-3.1-8B-Instruct/metamath/seed42	boolq	atomic_benchmark	hns_f4_s1 minus flat_e	new_success_rate	0.0	-0.001529051987767584	0.001529051987767583	2000	2000	paired test samples conditional on one fixed source checkpoint
Llama-3.1-8B-Instruct/metamath/seed42	boolq	atomic_benchmark	hns_f4_s1 minus flat_e	new_damage_rate	0.000611620795107036	-0.001529051987767583	0.0027522935779816515	2000	2000	paired test samples conditional on one fixed source checkpoint
Llama-3.1-8B-Instruct/metamath/seed42	boolq	atomic_benchmark	scalar_e minus flat_e	recovery_rate	-0.22012578616352207	-0.2896601699150424	-0.15440949527959333	2000	2000	paired test samples conditional on one fixed source checkpoint
Llama-3.1-8B-Instruct/metamath/seed42	boolq	atomic_benchmark	scalar_e minus flat_e	retention_rate	0.19767441860465118	0.11577935222672056	0.28571428571428575	2000	2000	paired test samples conditional on one fixed source checkpoint
Llama-3.1-8B-Instruct/metamath/seed42	boolq	atomic_benchmark	scalar_e minus flat_e	new_success_rate	0.0	-0.0027522935779816515	0.0027522935779816515	2000	2000	paired test samples conditional on one fixed source checkpoint
Llama-3.1-8B-Instruct/metamath/seed42	boolq	atomic_benchmark	scalar_e minus flat_e	new_damage_rate	-0.0006116207951070325	-0.005504587155963303	0.0042813455657492346	2000	2000	paired test samples conditional on one fixed source checkpoint
Llama-3.1-8B-Instruct/metamath/seed42	hellaswag	atomic_benchmark	hns_f4_s1 minus scalar_e	recovery_rate	0.14540270848182463	0.12659373562675713	0.16496494497235747	2000	2000	paired test samples conditional on one fixed source checkpoint
Llama-3.1-8B-Instruct/metamath/seed42	hellaswag	atomic_benchmark	hns_f4_s1 minus scalar_e	retention_rate	-0.05733944954128445	-0.09259369226708891	-0.02132325062726509	2000	2000	paired test samples conditional on one fixed source checkpoint
Llama-3.1-8B-Instruct/metamath/seed42	hellaswag	atomic_benchmark	hns_f4_s1 minus scalar_e	new_success_rate	0.0053774148575980885	0.0036845249950209127	0.007169886476797449	2000	2000	paired test samples conditional on one fixed source checkpoint
Llama-3.1-8B-Instruct/metamath/seed42	hellaswag	atomic_benchmark	hns_f4_s1 minus scalar_e	new_damage_rate	-0.0012945628360884285	-0.002887870942043418	0.0001991635132443737	2000	2000	paired test samples conditional on one fixed source checkpoint
Llama-3.1-8B-Instruct/metamath/seed42	hellaswag	atomic_benchmark	hns_f4_s1 minus flat_e	recovery_rate	-0.0035637918745545227	-0.012959000114915794	0.006093846308709081	2000	2000	paired test samples conditional on one fixed source checkpoint
Llama-3.1-8B-Instruct/metamath/seed42	hellaswag	atomic_benchmark	hns_f4_s1 minus flat_e	retention_rate	-0.004587155963302725	-0.021276595744680882	0.013858420451927164	2000	2000	paired test samples conditional on one fixed source checkpoint
Llama-3.1-8B-Instruct/metamath/seed42	hellaswag	atomic_benchmark	hns_f4_s1 minus flat_e	new_success_rate	0.0010953993228440557	0.0002987452698665592	0.001991635132443737	2000	2000	paired test samples conditional on one fixed source checkpoint
Llama-3.1-8B-Instruct/metamath/seed42	hellaswag	atomic_benchmark	hns_f4_s1 minus flat_e	new_damage_rate	0.0005974905397331219	-0.00019916351324437455	0.0013941445927106158	2000	2000	paired test samples conditional on one fixed source checkpoint
Llama-3.1-8B-Instruct/metamath/seed42	hellaswag	atomic_benchmark	scalar_e minus flat_e	recovery_rate	-0.14896650035637915	-0.1675338646799388	-0.12993905015159804	2000	2000	paired test samples conditional on one fixed source checkpoint
Llama-3.1-8B-Instruct/metamath/seed42	hellaswag	atomic_benchmark	scalar_e minus flat_e	retention_rate	0.052752293577981724	0.017118032420005407	0.0874052702267438	2000	2000	paired test samples conditional on one fixed source checkpoint
Llama-3.1-8B-Instruct/metamath/seed42	hellaswag	atomic_benchmark	scalar_e minus flat_e	new_success_rate	-0.004282015534754033	-0.005974905397331209	-0.0026887074287990434	2000	2000	paired test samples conditional on one fixed source checkpoint
Llama-3.1-8B-Instruct/metamath/seed42	hellaswag	atomic_benchmark	scalar_e minus flat_e	new_damage_rate	0.0018920533758215504	0.00039832702648874736	0.0033857797251543526	2000	2000	paired test samples conditional on one fixed source checkpoint
Llama-3.1-8B-Instruct/metamath/seed42	magicoder	atomic_benchmark	hns_f4_s1 minus scalar_e	recovery_rate	0.2857142857142857	0.10336206896551729	0.5	2000	2000	paired test samples conditional on one fixed source checkpoint
Llama-3.1-8B-Instruct/metamath/seed42	magicoder	atomic_benchmark	hns_f4_s1 minus scalar_e	retention_rate	-0.08333333333333326	-0.21052631578947367	0.0	2000	2000	paired test samples conditional on one fixed source checkpoint
Llama-3.1-8B-Instruct/metamath/seed42	magicoder	atomic_benchmark	hns_f4_s1 minus scalar_e	new_success_rate	0.024390243902439022	0.006097560975609755	0.04878048780487805	2000	2000	paired test samples conditional on one fixed source checkpoint
Llama-3.1-8B-Instruct/metamath/seed42	magicoder	atomic_benchmark	hns_f4_s1 minus scalar_e	new_damage_rate	0.0	0.0	0.0	2000	2000	paired test samples conditional on one fixed source checkpoint
Llama-3.1-8B-Instruct/metamath/seed42	magicoder	atomic_benchmark	hns_f4_s1 minus flat_e	recovery_rate	0.0	0.0	0.0	2000	2000	paired test samples conditional on one fixed source checkpoint
Llama-3.1-8B-Instruct/metamath/seed42	magicoder	atomic_benchmark	hns_f4_s1 minus flat_e	retention_rate	0.04166666666666674	0.0	0.13636363636363646	2000	2000	paired test samples conditional on one fixed source checkpoint
Llama-3.1-8B-Instruct/metamath/seed42	magicoder	atomic_benchmark	hns_f4_s1 minus flat_e	new_success_rate	0.0	0.0	0.0	2000	2000	paired test samples conditional on one fixed source checkpoint
Llama-3.1-8B-Instruct/metamath/seed42	magicoder	atomic_benchmark	hns_f4_s1 minus flat_e	new_damage_rate	0.0	0.0	0.0	2000	2000	paired test samples conditional on one fixed source checkpoint
Llama-3.1-8B-Instruct/metamath/seed42	magicoder	atomic_benchmark	scalar_e minus flat_e	recovery_rate	-0.2857142857142857	-0.5	-0.10336206896551775	2000	2000	paired test samples conditional on one fixed source checkpoint
Llama-3.1-8B-Instruct/metamath/seed42	magicoder	atomic_benchmark	scalar_e minus flat_e	retention_rate	0.125	0.0	0.27783333333333304	2000	2000	paired test samples conditional on one fixed source checkpoint
Llama-3.1-8B-Instruct/metamath/seed42	magicoder	atomic_benchmark	scalar_e minus flat_e	new_success_rate	-0.024390243902439022	-0.04878048780487805	-0.006097560975609755	2000	2000	paired test samples conditional on one fixed source checkpoint
Llama-3.1-8B-Instruct/metamath/seed42	magicoder	atomic_benchmark	scalar_e minus flat_e	new_damage_rate	0.0	0.0	0.0	2000	2000	paired test samples conditional on one fixed source checkpoint
Llama-3.1-8B-Instruct/metamath/seed42	metamath	atomic_benchmark	hns_f4_s1 minus scalar_e	recovery_rate	0.009708737864077666	-0.06999999999999995	0.09433962264150941	2000	2000	paired test samples conditional on one fixed source checkpoint
Llama-3.1-8B-Instruct/metamath/seed42	metamath	atomic_benchmark	hns_f4_s1 minus scalar_e	retention_rate	0.006734006734006703	-0.02048133422469298	0.03437769396551716	2000	2000	paired test samples conditional on one fixed source checkpoint
Llama-3.1-8B-Instruct/metamath/seed42	metamath	atomic_benchmark	hns_f4_s1 minus scalar_e	new_success_rate	0.00985595147839272	0.0022744503411675533	0.017437452615617893	2000	2000	paired test samples conditional on one fixed source checkpoint
Llama-3.1-8B-Instruct/metamath/seed42	metamath	atomic_benchmark	hns_f4_s1 minus scalar_e	new_damage_rate	-0.008339651250947686	-0.016679302501895376	-0.0007581501137225166	2000	2000	paired test samples conditional on one fixed source checkpoint
Llama-3.1-8B-Instruct/metamath/seed42	metamath	atomic_benchmark	hns_f4_s1 minus flat_e	recovery_rate	0.01941747572815533	-0.012198885877747676	0.06060606060606061	2000	2000	paired test samples conditional on one fixed source checkpoint
Llama-3.1-8B-Instruct/metamath/seed42	metamath	atomic_benchmark	hns_f4_s1 minus flat_e	retention_rate	-0.023569023569023573	-0.04421768707482998	-0.006286874233308031	2000	2000	paired test samples conditional on one fixed source checkpoint
Llama-3.1-8B-Instruct/metamath/seed42	metamath	atomic_benchmark	hns_f4_s1 minus flat_e	new_success_rate	0.00227445034116755	-0.0030326004548900665	0.007581501137225173	2000	2000	paired test samples conditional on one fixed source checkpoint
Llama-3.1-8B-Instruct/metamath/seed42	metamath	atomic_benchmark	hns_f4_s1 minus flat_e	new_damage_rate	0.001516300227445035	-0.0015163002274450332	0.004548900682335103	2000	2000	paired test samples conditional on one fixed source checkpoint
Llama-3.1-8B-Instruct/metamath/seed42	metamath	atomic_benchmark	scalar_e minus flat_e	recovery_rate	0.009708737864077666	-0.06796668137687557	0.0862256371814092	2000	2000	paired test samples conditional on one fixed source checkpoint
Llama-3.1-8B-Instruct/metamath/seed42	metamath	atomic_benchmark	scalar_e minus flat_e	retention_rate	-0.030303030303030276	-0.056671404682274336	-0.0035087719298245723	2000	2000	paired test samples conditional on one fixed source checkpoint
Llama-3.1-8B-Instruct/metamath/seed42	metamath	atomic_benchmark	scalar_e minus flat_e	new_success_rate	-0.00758150113722517	-0.015921152388172856	0.0	2000	2000	paired test samples conditional on one fixed source checkpoint
Llama-3.1-8B-Instruct/metamath/seed42	metamath	atomic_benchmark	scalar_e minus flat_e	new_damage_rate	0.009855951478392721	0.002255496588324488	0.018195602729340413	2000	2000	paired test samples conditional on one fixed source checkpoint
Llama-3.1-8B-Instruct/metamath/seed42	openbookqa	atomic_benchmark	hns_f4_s1 minus scalar_e	recovery_rate	0.1428571428571428	0.02941176470588236	0.28571428571428575	2000	2000	paired test samples conditional on one fixed source checkpoint
Llama-3.1-8B-Instruct/metamath/seed42	openbookqa	atomic_benchmark	hns_f4_s1 minus scalar_e	retention_rate	-0.1071428571428572	-0.24	0.0	2000	2000	paired test samples conditional on one fixed source checkpoint
Llama-3.1-8B-Instruct/metamath/seed42	openbookqa	atomic_benchmark	hns_f4_s1 minus scalar_e	new_success_rate	-0.008	-0.022	0.004	2000	2000	paired test samples conditional on one fixed source checkpoint
Llama-3.1-8B-Instruct/metamath/seed42	openbookqa	atomic_benchmark	hns_f4_s1 minus scalar_e	new_damage_rate	0.002	-0.004	0.008	2000	2000	paired test samples conditional on one fixed source checkpoint
Llama-3.1-8B-Instruct/metamath/seed42	openbookqa	atomic_benchmark	hns_f4_s1 minus flat_e	recovery_rate	0.0357142857142857	0.0	0.12	2000	2000	paired test samples conditional on one fixed source checkpoint
Llama-3.1-8B-Instruct/metamath/seed42	openbookqa	atomic_benchmark	hns_f4_s1 minus flat_e	retention_rate	0.0	0.0	0.0	2000	2000	paired test samples conditional on one fixed source checkpoint
Llama-3.1-8B-Instruct/metamath/seed42	openbookqa	atomic_benchmark	hns_f4_s1 minus flat_e	new_success_rate	0.0	-0.005999999999999998	0.005999999999999998	2000	2000	paired test samples conditional on one fixed source checkpoint
Llama-3.1-8B-Instruct/metamath/seed42	openbookqa	atomic_benchmark	hns_f4_s1 minus flat_e	new_damage_rate	0.0	0.0	0.0	2000	2000	paired test samples conditional on one fixed source checkpoint
Llama-3.1-8B-Instruct/metamath/seed42	openbookqa	atomic_benchmark	scalar_e minus flat_e	recovery_rate	-0.1071428571428571	-0.2692307692307692	0.04171195652173895	2000	2000	paired test samples conditional on one fixed source checkpoint
Llama-3.1-8B-Instruct/metamath/seed42	openbookqa	atomic_benchmark	scalar_e minus flat_e	retention_rate	0.1071428571428572	0.0	0.24	2000	2000	paired test samples conditional on one fixed source checkpoint
Llama-3.1-8B-Instruct/metamath/seed42	openbookqa	atomic_benchmark	scalar_e minus flat_e	new_success_rate	0.008	-0.0020000000000000018	0.02	2000	2000	paired test samples conditional on one fixed source checkpoint
Llama-3.1-8B-Instruct/metamath/seed42	openbookqa	atomic_benchmark	scalar_e minus flat_e	new_damage_rate	-0.002	-0.008	0.004	2000	2000	paired test samples conditional on one fixed source checkpoint
Llama-3.1-8B-Instruct/metamath/seed42	piqa	atomic_benchmark	hns_f4_s1 minus scalar_e	recovery_rate	0.07035175879396988	0.01578740699917332	0.12644845090145282	2000	2000	paired test samples conditional on one fixed source checkpoint
Llama-3.1-8B-Instruct/metamath/seed42	piqa	atomic_benchmark	hns_f4_s1 minus scalar_e	retention_rate	-0.12727272727272732	-0.23913043478260865	-0.03508771929824561	2000	2000	paired test samples conditional on one fixed source checkpoint
Llama-3.1-8B-Instruct/metamath/seed42	piqa	atomic_benchmark	hns_f4_s1 minus scalar_e	new_success_rate	0.0	-0.002720348204570185	0.002720348204570185	2000	2000	paired test samples conditional on one fixed source checkpoint
Llama-3.1-8B-Instruct/metamath/seed42	piqa	atomic_benchmark	hns_f4_s1 minus scalar_e	new_damage_rate	0.01088139281828074	0.00544069640914037	0.01632208922742111	2000	2000	paired test samples conditional on one fixed source checkpoint
Llama-3.1-8B-Instruct/metamath/seed42	piqa	atomic_benchmark	hns_f4_s1 minus flat_e	recovery_rate	0.0	-0.015228426395939076	0.01470769342219646	2000	2000	paired test samples conditional on one fixed source checkpoint
Llama-3.1-8B-Instruct/metamath/seed42	piqa	atomic_benchmark	hns_f4_s1 minus flat_e	retention_rate	0.0	-0.05129310344827579	0.04999999999999993	2000	2000	paired test samples conditional on one fixed source checkpoint
Llama-3.1-8B-Instruct/metamath/seed42	piqa	atomic_benchmark	hns_f4_s1 minus flat_e	new_success_rate	-0.000544069640914037	-0.0027203482045701846	0.001088139281828074	2000	2000	paired test samples conditional on one fixed source checkpoint
Llama-3.1-8B-Instruct/metamath/seed42	piqa	atomic_benchmark	hns_f4_s1 minus flat_e	new_damage_rate	-0.0016322089227421115	-0.004352557127312296	0.0010881392818280766	2000	2000	paired test samples conditional on one fixed source checkpoint
Llama-3.1-8B-Instruct/metamath/seed42	piqa	atomic_benchmark	scalar_e minus flat_e	recovery_rate	-0.07035175879396988	-0.1250150966183575	-0.015779352226720698	2000	2000	paired test samples conditional on one fixed source checkpoint
Llama-3.1-8B-Instruct/metamath/seed42	piqa	atomic_benchmark	scalar_e minus flat_e	retention_rate	0.12727272727272732	0.032786885245901676	0.23404255319148937	2000	2000	paired test samples conditional on one fixed source checkpoint
Llama-3.1-8B-Instruct/metamath/seed42	piqa	atomic_benchmark	scalar_e minus flat_e	new_success_rate	-0.000544069640914037	-0.0038084874863982586	0.002176278563656148	2000	2000	paired test samples conditional on one fixed source checkpoint
Llama-3.1-8B-Instruct/metamath/seed42	piqa	atomic_benchmark	scalar_e minus flat_e	new_damage_rate	-0.012513601741022852	-0.017954298150163223	-0.007072905331882481	2000	2000	paired test samples conditional on one fixed source checkpoint
Llama-3.1-8B-Instruct/metamath/seed42	siqa	atomic_benchmark	hns_f4_s1 minus scalar_e	recovery_rate	0.10204081632653061	0.03673844537815124	0.16875660211267604	2000	2000	paired test samples conditional on one fixed source checkpoint
Llama-3.1-8B-Instruct/metamath/seed42	siqa	atomic_benchmark	hns_f4_s1 minus scalar_e	retention_rate	-0.12213740458015265	-0.19834710743801653	-0.048387096774193505	2000	2000	paired test samples conditional on one fixed source checkpoint
Llama-3.1-8B-Instruct/metamath/seed42	siqa	atomic_benchmark	hns_f4_s1 minus scalar_e	new_success_rate	0.0010235414534288632	-0.003582395087001025	0.005629477993858751	2000	2000	paired test samples conditional on one fixed source checkpoint
Llama-3.1-8B-Instruct/metamath/seed42	siqa	atomic_benchmark	hns_f4_s1 minus scalar_e	new_damage_rate	0.008700102354145344	0.0030706243602865915	0.014841351074718526	2000	2000	paired test samples conditional on one fixed source checkpoint
Llama-3.1-8B-Instruct/metamath/seed42	siqa	atomic_benchmark	hns_f4_s1 minus flat_e	recovery_rate	0.020408163265306145	-0.007246376811594235	0.0518615257048092	2000	2000	paired test samples conditional on one fixed source checkpoint
Llama-3.1-8B-Instruct/metamath/seed42	siqa	atomic_benchmark	hns_f4_s1 minus flat_e	retention_rate	-0.007633587786259555	-0.024590163934426146	0.0	2000	2000	paired test samples conditional on one fixed source checkpoint
Llama-3.1-8B-Instruct/metamath/seed42	siqa	atomic_benchmark	hns_f4_s1 minus flat_e	new_success_rate	-0.0010235414534288632	-0.00255885363357216	0.0	2000	2000	paired test samples conditional on one fixed source checkpoint
Llama-3.1-8B-Instruct/metamath/seed42	siqa	atomic_benchmark	hns_f4_s1 minus flat_e	new_damage_rate	-0.0010235414534288632	-0.003582395087001023	0.0015353121801432966	2000	2000	paired test samples conditional on one fixed source checkpoint
Llama-3.1-8B-Instruct/metamath/seed42	siqa	atomic_benchmark	scalar_e minus flat_e	recovery_rate	-0.08163265306122447	-0.150328025947221	-0.014925373134328346	2000	2000	paired test samples conditional on one fixed source checkpoint
Llama-3.1-8B-Instruct/metamath/seed42	siqa	atomic_benchmark	scalar_e minus flat_e	retention_rate	0.1145038167938931	0.041936488169364905	0.1885245901639344	2000	2000	paired test samples conditional on one fixed source checkpoint
Llama-3.1-8B-Instruct/metamath/seed42	siqa	atomic_benchmark	scalar_e minus flat_e	new_success_rate	-0.0020470829068577265	-0.006653019447287615	0.00255885363357216	2000	2000	paired test samples conditional on one fixed source checkpoint
Llama-3.1-8B-Instruct/metamath/seed42	siqa	atomic_benchmark	scalar_e minus flat_e	new_damage_rate	-0.009723643807574208	-0.015353121801432959	-0.004094165813715456	2000	2000	paired test samples conditional on one fixed source checkpoint
Llama-3.1-8B-Instruct/metamath/seed42	tulu	atomic_benchmark	hns_f4_s1 minus scalar_e	recovery_rate	0.07792207792207795	-0.03704861111111105	0.19480519480519481	2000	2000	paired test samples conditional on one fixed source checkpoint
Llama-3.1-8B-Instruct/metamath/seed42	tulu	atomic_benchmark	hns_f4_s1 minus scalar_e	retention_rate	-0.11428571428571432	-0.28571428571428575	0.06255040322580617	2000	2000	paired test samples conditional on one fixed source checkpoint
Llama-3.1-8B-Instruct/metamath/seed42	tulu	atomic_benchmark	hns_f4_s1 minus scalar_e	new_success_rate	0.0018484288354898362	-0.003696857670979669	0.007393715341959336	2000	2000	paired test samples conditional on one fixed source checkpoint
Llama-3.1-8B-Instruct/metamath/seed42	tulu	atomic_benchmark	hns_f4_s1 minus scalar_e	new_damage_rate	-0.007393715341959338	-0.024029574861367836	0.007393715341959338	2000	2000	paired test samples conditional on one fixed source checkpoint
Llama-3.1-8B-Instruct/metamath/seed42	tulu	atomic_benchmark	hns_f4_s1 minus flat_e	recovery_rate	0.06493506493506496	-0.03031468531468529	0.16307186891628797	2000	2000	paired test samples conditional on one fixed source checkpoint
Llama-3.1-8B-Instruct/metamath/seed42	tulu	atomic_benchmark	hns_f4_s1 minus flat_e	retention_rate	-0.05714285714285716	-0.1470860566448802	0.0	2000	2000	paired test samples conditional on one fixed source checkpoint
Llama-3.1-8B-Instruct/metamath/seed42	tulu	atomic_benchmark	hns_f4_s1 minus flat_e	new_success_rate	0.0	-0.0055452865064695	0.005545286506469502	2000	2000	paired test samples conditional on one fixed source checkpoint
Llama-3.1-8B-Instruct/metamath/seed42	tulu	atomic_benchmark	hns_f4_s1 minus flat_e	new_damage_rate	-0.011090573012939003	-0.02587800369685767	0.003696857670979669	2000	2000	paired test samples conditional on one fixed source checkpoint
Llama-3.1-8B-Instruct/metamath/seed42	tulu	atomic_benchmark	scalar_e minus flat_e	recovery_rate	-0.012987012987012991	-0.13752403846153852	0.11392405063291133	2000	2000	paired test samples conditional on one fixed source checkpoint
Llama-3.1-8B-Instruct/metamath/seed42	tulu	atomic_benchmark	scalar_e minus flat_e	retention_rate	0.05714285714285716	-0.09762195121951228	0.21875	2000	2000	paired test samples conditional on one fixed source checkpoint
Llama-3.1-8B-Instruct/metamath/seed42	tulu	atomic_benchmark	scalar_e minus flat_e	new_success_rate	-0.0018484288354898362	-0.00924214417744917	0.005545286506469502	2000	2000	paired test samples conditional on one fixed source checkpoint
Llama-3.1-8B-Instruct/metamath/seed42	tulu	atomic_benchmark	scalar_e minus flat_e	new_damage_rate	-0.0036968576709796655	-0.020332717190388167	0.01293900184842884	2000	2000	paired test samples conditional on one fixed source checkpoint
Llama-3.1-8B-Instruct/metamath/seed42	winogrande	atomic_benchmark	hns_f4_s1 minus scalar_e	recovery_rate	0.05025125628140706	0.015957446808510634	0.08695652173913043	2000	2000	paired test samples conditional on one fixed source checkpoint
Llama-3.1-8B-Instruct/metamath/seed42	winogrande	atomic_benchmark	hns_f4_s1 minus scalar_e	retention_rate	-0.006896551724137945	-0.06061117936117931	0.046987801559949215	2000	2000	paired test samples conditional on one fixed source checkpoint
Llama-3.1-8B-Instruct/metamath/seed42	winogrande	atomic_benchmark	hns_f4_s1 minus scalar_e	new_success_rate	-0.0015785319652722972	-0.006314127861089186	0.0031570639305445927	2000	2000	paired test samples conditional on one fixed source checkpoint
Llama-3.1-8B-Instruct/metamath/seed42	winogrande	atomic_benchmark	hns_f4_s1 minus scalar_e	new_damage_rate	0.0	-0.004735595895816891	0.004735595895816891	2000	2000	paired test samples conditional on one fixed source checkpoint
Llama-3.1-8B-Instruct/metamath/seed42	winogrande	atomic_benchmark	hns_f4_s1 minus flat_e	recovery_rate	-0.015075376884422093	-0.03980154537049268	0.005128865979381448	2000	2000	paired test samples conditional on one fixed source checkpoint
Llama-3.1-8B-Instruct/metamath/seed42	winogrande	atomic_benchmark	hns_f4_s1 minus flat_e	retention_rate	0.0	-0.03546099290780136	0.03378378378378377	2000	2000	paired test samples conditional on one fixed source checkpoint
Llama-3.1-8B-Instruct/metamath/seed42	winogrande	atomic_benchmark	hns_f4_s1 minus flat_e	new_success_rate	-0.0007892659826361486	-0.003946329913180741	0.0015785319652722972	2000	2000	paired test samples conditional on one fixed source checkpoint
Llama-3.1-8B-Instruct/metamath/seed42	winogrande	atomic_benchmark	hns_f4_s1 minus flat_e	new_damage_rate	0.0007892659826361486	-0.0031570639305445944	0.005524861878453038	2000	2000	paired test samples conditional on one fixed source checkpoint
Llama-3.1-8B-Instruct/metamath/seed42	winogrande	atomic_benchmark	scalar_e minus flat_e	recovery_rate	-0.06532663316582915	-0.10477443609022558	-0.031245952072538868	2000	2000	paired test samples conditional on one fixed source checkpoint
Llama-3.1-8B-Instruct/metamath/seed42	winogrande	atomic_benchmark	scalar_e minus flat_e	retention_rate	0.006896551724137945	-0.041972920696324974	0.056006250000000014	2000	2000	paired test samples conditional on one fixed source checkpoint
Llama-3.1-8B-Instruct/metamath/seed42	winogrande	atomic_benchmark	scalar_e minus flat_e	new_success_rate	0.0007892659826361486	-0.0031570639305445935	0.004735595895816891	2000	2000	paired test samples conditional on one fixed source checkpoint
Llama-3.1-8B-Instruct/metamath/seed42	winogrande	atomic_benchmark	scalar_e minus flat_e	new_damage_rate	0.0007892659826361486	-0.003946329913180743	0.006314127861089187	2000	2000	paired test samples conditional on one fixed source checkpoint
Llama-3.1-8B-Instruct/metamath/seed43	arc_challenge	atomic_benchmark	hns_f4_s1 minus scalar_e	recovery_rate	0.018018018018017945	-0.019625261272021428	0.05769230769230771	2000	2000	paired test samples conditional on one fixed source checkpoint
Llama-3.1-8B-Instruct/metamath/seed43	arc_challenge	atomic_benchmark	hns_f4_s1 minus scalar_e	retention_rate	0.16000000000000003	0.045454545454545525	0.2778100775193797	2000	2000	paired test samples conditional on one fixed source checkpoint
Llama-3.1-8B-Instruct/metamath/seed43	arc_challenge	atomic_benchmark	hns_f4_s1 minus scalar_e	new_success_rate	0.002559726962457338	-0.0017064846416382264	0.007679180887372012	2000	2000	paired test samples conditional on one fixed source checkpoint
Llama-3.1-8B-Instruct/metamath/seed43	arc_challenge	atomic_benchmark	hns_f4_s1 minus scalar_e	new_damage_rate	-0.004266211604095563	-0.008532423208191127	0.0	2000	2000	paired test samples conditional on one fixed source checkpoint
Llama-3.1-8B-Instruct/metamath/seed43	arc_challenge	atomic_benchmark	hns_f4_s1 minus flat_e	recovery_rate	-0.0045045045045045695	-0.024392732702837254	0.01428742310321252	2000	2000	paired test samples conditional on one fixed source checkpoint
Llama-3.1-8B-Instruct/metamath/seed43	arc_challenge	atomic_benchmark	hns_f4_s1 minus flat_e	retention_rate	0.020000000000000018	0.0	0.06521739130434778	2000	2000	paired test samples conditional on one fixed source checkpoint
Llama-3.1-8B-Instruct/metamath/seed43	arc_challenge	atomic_benchmark	hns_f4_s1 minus flat_e	new_success_rate	-0.0017064846416382246	-0.005119453924914676	0.0017064846416382246	2000	2000	paired test samples conditional on one fixed source checkpoint
Llama-3.1-8B-Instruct/metamath/seed43	arc_challenge	atomic_benchmark	hns_f4_s1 minus flat_e	new_damage_rate	0.0	0.0	0.0	2000	2000	paired test samples conditional on one fixed source checkpoint
Llama-3.1-8B-Instruct/metamath/seed43	arc_challenge	atomic_benchmark	scalar_e minus flat_e	recovery_rate	-0.022522522522522515	-0.06250653765690377	0.01442481884057965	2000	2000	paired test samples conditional on one fixed source checkpoint
Llama-3.1-8B-Instruct/metamath/seed43	arc_challenge	atomic_benchmark	scalar_e minus flat_e	retention_rate	-0.14	-0.26089544513457563	-0.01923076923076927	2000	2000	paired test samples conditional on one fixed source checkpoint
Llama-3.1-8B-Instruct/metamath/seed43	arc_challenge	atomic_benchmark	scalar_e minus flat_e	new_success_rate	-0.004266211604095562	-0.009385665529010238	0.0	2000	2000	paired test samples conditional on one fixed source checkpoint
Llama-3.1-8B-Instruct/metamath/seed43	arc_challenge	atomic_benchmark	scalar_e minus flat_e	new_damage_rate	0.004266211604095563	0.0	0.008532423208191127	2000	2000	paired test samples conditional on one fixed source checkpoint
Llama-3.1-8B-Instruct/metamath/seed43	arc_easy	atomic_benchmark	hns_f4_s1 minus scalar_e	recovery_rate	0.01941747572815533	-0.010174769808222342	0.05136170233434686	2000	2000	paired test samples conditional on one fixed source checkpoint
Llama-3.1-8B-Instruct/metamath/seed43	arc_easy	atomic_benchmark	hns_f4_s1 minus scalar_e	retention_rate	0.02777777777777779	-0.06251977848101266	0.12121212121212122	2000	2000	paired test samples conditional on one fixed source checkpoint
Llama-3.1-8B-Instruct/metamath/seed43	arc_easy	atomic_benchmark	hns_f4_s1 minus scalar_e	new_success_rate	0.00042087542087542243	-0.0021043771043771043	0.0029461279461279457	2000	2000	paired test samples conditional on one fixed source checkpoint
Llama-3.1-8B-Instruct/metamath/seed43	arc_easy	atomic_benchmark	hns_f4_s1 minus scalar_e	new_damage_rate	-0.004629629629629629	-0.007575757575757575	-0.0021043771043771043	2000	2000	paired test samples conditional on one fixed source checkpoint
Llama-3.1-8B-Instruct/metamath/seed43	arc_easy	atomic_benchmark	hns_f4_s1 minus flat_e	recovery_rate	-0.003236245954692518	-0.020068573096002323	0.013746889441877054	2000	2000	paired test samples conditional on one fixed source checkpoint
Llama-3.1-8B-Instruct/metamath/seed43	arc_easy	atomic_benchmark	hns_f4_s1 minus flat_e	retention_rate	0.0	0.0	0.0	2000	2000	paired test samples conditional on one fixed source checkpoint
Llama-3.1-8B-Instruct/metamath/seed43	arc_easy	atomic_benchmark	hns_f4_s1 minus flat_e	new_success_rate	0.0008417508417508431	0.0	0.002104377104377105	2000	2000	paired test samples conditional on one fixed source checkpoint
Llama-3.1-8B-Instruct/metamath/seed43	arc_easy	atomic_benchmark	hns_f4_s1 minus flat_e	new_damage_rate	-0.0004208754208754207	-0.0016835016835016832	0.0	2000	2000	paired test samples conditional on one fixed source checkpoint
Llama-3.1-8B-Instruct/metamath/seed43	arc_easy	atomic_benchmark	scalar_e minus flat_e	recovery_rate	-0.02265372168284785	-0.05145109428482516	0.003511961722488032	2000	2000	paired test samples conditional on one fixed source checkpoint
Llama-3.1-8B-Instruct/metamath/seed43	arc_easy	atomic_benchmark	scalar_e minus flat_e	retention_rate	-0.02777777777777779	-0.12121212121212122	0.06251977848101255	2000	2000	paired test samples conditional on one fixed source checkpoint
Llama-3.1-8B-Instruct/metamath/seed43	arc_easy	atomic_benchmark	scalar_e minus flat_e	new_success_rate	0.0004208754208754207	-0.002104377104377105	0.0029461279461279466	2000	2000	paired test samples conditional on one fixed source checkpoint
Llama-3.1-8B-Instruct/metamath/seed43	arc_easy	atomic_benchmark	scalar_e minus flat_e	new_damage_rate	0.004208754208754209	0.0016835016835016836	0.006734006734006735	2000	2000	paired test samples conditional on one fixed source checkpoint
Llama-3.1-8B-Instruct/metamath/seed43	boolq	atomic_benchmark	hns_f4_s1 minus scalar_e	recovery_rate	0.08376963350785338	0.04165592783505151	0.12745915032679733	2000	2000	paired test samples conditional on one fixed source checkpoint
Llama-3.1-8B-Instruct/metamath/seed43	boolq	atomic_benchmark	hns_f4_s1 minus scalar_e	retention_rate	-0.05319148936170209	-0.1111111111111111	0.0	2000	2000	paired test samples conditional on one fixed source checkpoint
Llama-3.1-8B-Instruct/metamath/seed43	boolq	atomic_benchmark	hns_f4_s1 minus scalar_e	new_success_rate	-0.0009174311926605505	-0.0030581039755351695	0.0012232415902140685	2000	2000	paired test samples conditional on one fixed source checkpoint
Llama-3.1-8B-Instruct/metamath/seed43	boolq	atomic_benchmark	hns_f4_s1 minus scalar_e	new_damage_rate	0.0003058103975535145	-0.0027522935779816515	0.003363914373088684	2000	2000	paired test samples conditional on one fixed source checkpoint
Llama-3.1-8B-Instruct/metamath/seed43	boolq	atomic_benchmark	hns_f4_s1 minus flat_e	recovery_rate	0.020942408376963373	0.004854368932038833	0.04268537237511415	2000	2000	paired test samples conditional on one fixed source checkpoint
Llama-3.1-8B-Instruct/metamath/seed43	boolq	atomic_benchmark	hns_f4_s1 minus flat_e	retention_rate	-0.010638297872340385	-0.03603874959296648	0.0	2000	2000	paired test samples conditional on one fixed source checkpoint
Llama-3.1-8B-Instruct/metamath/seed43	boolq	atomic_benchmark	hns_f4_s1 minus flat_e	new_success_rate	-0.00030581039755351626	-0.001834862385321101	0.0009174311926605505	2000	2000	paired test samples conditional on one fixed source checkpoint
Llama-3.1-8B-Instruct/metamath/seed43	boolq	atomic_benchmark	hns_f4_s1 minus flat_e	new_damage_rate	0.001834862385321101	0.0006116207951070325	0.0033639143730886875	2000	2000	paired test samples conditional on one fixed source checkpoint
Llama-3.1-8B-Instruct/metamath/seed43	boolq	atomic_benchmark	scalar_e minus flat_e	recovery_rate	-0.06282722513089001	-0.10674293662048656	-0.02150250129377264	2000	2000	paired test samples conditional on one fixed source checkpoint
Llama-3.1-8B-Instruct/metamath/seed43	boolq	atomic_benchmark	scalar_e minus flat_e	retention_rate	0.04255319148936171	0.0	0.09523809523809523	2000	2000	paired test samples conditional on one fixed source checkpoint
Llama-3.1-8B-Instruct/metamath/seed43	boolq	atomic_benchmark	scalar_e minus flat_e	new_success_rate	0.0006116207951070343	-0.000925076452599388	0.0024464831804281335	2000	2000	paired test samples conditional on one fixed source checkpoint
Llama-3.1-8B-Instruct/metamath/seed43	boolq	atomic_benchmark	scalar_e minus flat_e	new_damage_rate	0.0015290519877675865	-0.001529051987767583	0.0045871559633027525	2000	2000	paired test samples conditional on one fixed source checkpoint
Llama-3.1-8B-Instruct/metamath/seed43	hellaswag	atomic_benchmark	hns_f4_s1 minus scalar_e	recovery_rate	0.05987261146496825	0.043749689363817054	0.07653383934218849	2000	2000	paired test samples conditional on one fixed source checkpoint
Llama-3.1-8B-Instruct/metamath/seed43	hellaswag	atomic_benchmark	hns_f4_s1 minus scalar_e	retention_rate	0.02985074626865669	-0.014343458127305463	0.07220870611625595	2000	2000	paired test samples conditional on one fixed source checkpoint
Llama-3.1-8B-Instruct/metamath/seed43	hellaswag	atomic_benchmark	hns_f4_s1 minus scalar_e	new_success_rate	0.013642700657239597	0.010854411471818363	0.016331408086038633	2000	2000	paired test samples conditional on one fixed source checkpoint
Llama-3.1-8B-Instruct/metamath/seed43	hellaswag	atomic_benchmark	hns_f4_s1 minus scalar_e	new_damage_rate	0.0006970722963553083	-0.0002987452698665605	0.0017924716191993623	2000	2000	paired test samples conditional on one fixed source checkpoint
Llama-3.1-8B-Instruct/metamath/seed43	hellaswag	atomic_benchmark	hns_f4_s1 minus flat_e	recovery_rate	0.007006369426751591	-0.0012886597938144284	0.015365883194760344	2000	2000	paired test samples conditional on one fixed source checkpoint
Llama-3.1-8B-Instruct/metamath/seed43	hellaswag	atomic_benchmark	hns_f4_s1 minus flat_e	retention_rate	0.0	-0.023081395348837234	0.024491586108127412	2000	2000	paired test samples conditional on one fixed source checkpoint
Llama-3.1-8B-Instruct/metamath/seed43	hellaswag	atomic_benchmark	hns_f4_s1 minus flat_e	new_success_rate	0.0007966540529774913	-0.0007966540529774913	0.0024895439155546706	2000	2000	paired test samples conditional on one fixed source checkpoint
Llama-3.1-8B-Instruct/metamath/seed43	hellaswag	atomic_benchmark	hns_f4_s1 minus flat_e	new_damage_rate	0.00029874526986656096	-0.0002987452698665601	0.0008962358095996811	2000	2000	paired test samples conditional on one fixed source checkpoint
Llama-3.1-8B-Instruct/metamath/seed43	hellaswag	atomic_benchmark	scalar_e minus flat_e	recovery_rate	-0.05286624203821666	-0.06896876624501821	-0.03703703703703698	2000	2000	paired test samples conditional on one fixed source checkpoint
Llama-3.1-8B-Instruct/metamath/seed43	hellaswag	atomic_benchmark	scalar_e minus flat_e	retention_rate	-0.02985074626865669	-0.07144791129448178	0.012097998563406017	2000	2000	paired test samples conditional on one fixed source checkpoint
Llama-3.1-8B-Instruct/metamath/seed43	hellaswag	atomic_benchmark	scalar_e minus flat_e	new_success_rate	-0.012846046604262105	-0.015634335789683325	-0.010057757418840865	2000	2000	paired test samples conditional on one fixed source checkpoint
Llama-3.1-8B-Instruct/metamath/seed43	hellaswag	atomic_benchmark	scalar_e minus flat_e	new_damage_rate	-0.00039832702648874736	-0.0013941445927106153	0.0005974905397331206	2000	2000	paired test samples conditional on one fixed source checkpoint
Llama-3.1-8B-Instruct/metamath/seed43	magicoder	atomic_benchmark	hns_f4_s1 minus scalar_e	recovery_rate	0.050000000000000044	0.0	0.17647058823529416	2000	2000	paired test samples conditional on one fixed source checkpoint
Llama-3.1-8B-Instruct/metamath/seed43	magicoder	atomic_benchmark	hns_f4_s1 minus scalar_e	retention_rate	-0.13636363636363635	-0.2916666666666667	0.0	2000	2000	paired test samples conditional on one fixed source checkpoint
Llama-3.1-8B-Instruct/metamath/seed43	magicoder	atomic_benchmark	hns_f4_s1 minus scalar_e	new_success_rate	0.0	0.0	0.0	2000	2000	paired test samples conditional on one fixed source checkpoint
Llama-3.1-8B-Instruct/metamath/seed43	magicoder	atomic_benchmark	hns_f4_s1 minus scalar_e	new_damage_rate	0.018292682926829267	-0.006097560975609758	0.04878048780487805	2000	2000	paired test samples conditional on one fixed source checkpoint
Llama-3.1-8B-Instruct/metamath/seed43	magicoder	atomic_benchmark	hns_f4_s1 minus flat_e	recovery_rate	0.0	0.0	0.0	2000	2000	paired test samples conditional on one fixed source checkpoint
Llama-3.1-8B-Instruct/metamath/seed43	magicoder	atomic_benchmark	hns_f4_s1 minus flat_e	retention_rate	0.0	0.0	0.0	2000	2000	paired test samples conditional on one fixed source checkpoint
Llama-3.1-8B-Instruct/metamath/seed43	magicoder	atomic_benchmark	hns_f4_s1 minus flat_e	new_success_rate	0.0	0.0	0.0	2000	2000	paired test samples conditional on one fixed source checkpoint
Llama-3.1-8B-Instruct/metamath/seed43	magicoder	atomic_benchmark	hns_f4_s1 minus flat_e	new_damage_rate	-0.0060975609756097615	-0.01829268292682927	0.0	2000	2000	paired test samples conditional on one fixed source checkpoint
Llama-3.1-8B-Instruct/metamath/seed43	magicoder	atomic_benchmark	scalar_e minus flat_e	recovery_rate	-0.050000000000000044	-0.17647058823529416	0.0	2000	2000	paired test samples conditional on one fixed source checkpoint
Llama-3.1-8B-Instruct/metamath/seed43	magicoder	atomic_benchmark	scalar_e minus flat_e	retention_rate	0.13636363636363635	0.0	0.2916666666666667	2000	2000	paired test samples conditional on one fixed source checkpoint
Llama-3.1-8B-Instruct/metamath/seed43	magicoder	atomic_benchmark	scalar_e minus flat_e	new_success_rate	0.0	0.0	0.0	2000	2000	paired test samples conditional on one fixed source checkpoint
Llama-3.1-8B-Instruct/metamath/seed43	magicoder	atomic_benchmark	scalar_e minus flat_e	new_damage_rate	-0.02439024390243903	-0.04878048780487805	-0.006097560975609755	2000	2000	paired test samples conditional on one fixed source checkpoint
Llama-3.1-8B-Instruct/metamath/seed43	metamath	atomic_benchmark	hns_f4_s1 minus scalar_e	recovery_rate	-0.05691056910569103	-0.1451861042183623	0.033905548312327956	2000	2000	paired test samples conditional on one fixed source checkpoint
Llama-3.1-8B-Instruct/metamath/seed43	metamath	atomic_benchmark	hns_f4_s1 minus scalar_e	retention_rate	0.020689655172413834	-0.0198691997975842	0.06383877228292115	2000	2000	paired test samples conditional on one fixed source checkpoint
Llama-3.1-8B-Instruct/metamath/seed43	metamath	atomic_benchmark	hns_f4_s1 minus scalar_e	new_success_rate	0.0	-0.008339651250947686	0.00833965125094769	2000	2000	paired test samples conditional on one fixed source checkpoint
Llama-3.1-8B-Instruct/metamath/seed43	metamath	atomic_benchmark	hns_f4_s1 minus scalar_e	new_damage_rate	0.00303260045489007	-0.004548900682335103	0.01061410159211524	2000	2000	paired test samples conditional on one fixed source checkpoint
Llama-3.1-8B-Instruct/metamath/seed43	metamath	atomic_benchmark	hns_f4_s1 minus flat_e	recovery_rate	0.03252032520325199	-0.016532369146005563	0.08398561362301814	2000	2000	paired test samples conditional on one fixed source checkpoint
Llama-3.1-8B-Instruct/metamath/seed43	metamath	atomic_benchmark	hns_f4_s1 minus flat_e	retention_rate	0.006896551724137945	-0.014135528656993199	0.0296052631578948	2000	2000	paired test samples conditional on one fixed source checkpoint
Llama-3.1-8B-Instruct/metamath/seed43	metamath	atomic_benchmark	hns_f4_s1 minus flat_e	new_success_rate	-0.002274450341167557	-0.0068233510235026565	0.00227445034116755	2000	2000	paired test samples conditional on one fixed source checkpoint
Llama-3.1-8B-Instruct/metamath/seed43	metamath	atomic_benchmark	hns_f4_s1 minus flat_e	new_damage_rate	-0.0015163002274450332	-0.006823351023502653	0.00303260045489007	2000	2000	paired test samples conditional on one fixed source checkpoint
Llama-3.1-8B-Instruct/metamath/seed43	metamath	atomic_benchmark	scalar_e minus flat_e	recovery_rate	0.08943089430894302	0.008690125276344829	0.17692307692307685	2000	2000	paired test samples conditional on one fixed source checkpoint
Llama-3.1-8B-Instruct/metamath/seed43	metamath	atomic_benchmark	scalar_e minus flat_e	retention_rate	-0.01379310344827589	-0.05369791415189988	0.023892830426854937	2000	2000	paired test samples conditional on one fixed source checkpoint
Llama-3.1-8B-Instruct/metamath/seed43	metamath	atomic_benchmark	scalar_e minus flat_e	new_success_rate	-0.002274450341167557	-0.010614101592115233	0.005307050796057623	2000	2000	paired test samples conditional on one fixed source checkpoint
Llama-3.1-8B-Instruct/metamath/seed43	metamath	atomic_benchmark	scalar_e minus flat_e	new_damage_rate	-0.004548900682335103	-0.01288855193328279	0.003790750568612585	2000	2000	paired test samples conditional on one fixed source checkpoint
Llama-3.1-8B-Instruct/metamath/seed43	openbookqa	atomic_benchmark	hns_f4_s1 minus scalar_e	recovery_rate	0.0	-0.06670454545454554	0.07317073170731714	2000	2000	paired test samples conditional on one fixed source checkpoint
Llama-3.1-8B-Instruct/metamath/seed43	openbookqa	atomic_benchmark	hns_f4_s1 minus scalar_e	retention_rate	-0.040000000000000036	-0.2142857142857143	0.1428571428571429	2000	2000	paired test samples conditional on one fixed source checkpoint
Llama-3.1-8B-Instruct/metamath/seed43	openbookqa	atomic_benchmark	hns_f4_s1 minus scalar_e	new_success_rate	-0.005999999999999998	-0.016000000000000007	0.003999999999999997	2000	2000	paired test samples conditional on one fixed source checkpoint
Llama-3.1-8B-Instruct/metamath/seed43	openbookqa	atomic_benchmark	hns_f4_s1 minus scalar_e	new_damage_rate	0.0	0.0	0.0	2000	2000	paired test samples conditional on one fixed source checkpoint
Llama-3.1-8B-Instruct/metamath/seed43	openbookqa	atomic_benchmark	hns_f4_s1 minus flat_e	recovery_rate	0.0	0.0	0.0	2000	2000	paired test samples conditional on one fixed source checkpoint
Llama-3.1-8B-Instruct/metamath/seed43	openbookqa	atomic_benchmark	hns_f4_s1 minus flat_e	retention_rate	0.0	0.0	0.0	2000	2000	paired test samples conditional on one fixed source checkpoint
Llama-3.1-8B-Instruct/metamath/seed43	openbookqa	atomic_benchmark	hns_f4_s1 minus flat_e	new_success_rate	0.0020000000000000018	-0.0040000000000000036	0.008000000000000004	2000	2000	paired test samples conditional on one fixed source checkpoint
Llama-3.1-8B-Instruct/metamath/seed43	openbookqa	atomic_benchmark	hns_f4_s1 minus flat_e	new_damage_rate	0.0	0.0	0.0	2000	2000	paired test samples conditional on one fixed source checkpoint
Llama-3.1-8B-Instruct/metamath/seed43	openbookqa	atomic_benchmark	scalar_e minus flat_e	recovery_rate	0.0	-0.07317073170731714	0.06670454545454534	2000	2000	paired test samples conditional on one fixed source checkpoint
Llama-3.1-8B-Instruct/metamath/seed43	openbookqa	atomic_benchmark	scalar_e minus flat_e	retention_rate	0.040000000000000036	-0.1428571428571429	0.2142857142857143	2000	2000	paired test samples conditional on one fixed source checkpoint
Llama-3.1-8B-Instruct/metamath/seed43	openbookqa	atomic_benchmark	scalar_e minus flat_e	new_success_rate	0.008	-0.003999999999999997	0.022	2000	2000	paired test samples conditional on one fixed source checkpoint
Llama-3.1-8B-Instruct/metamath/seed43	openbookqa	atomic_benchmark	scalar_e minus flat_e	new_damage_rate	0.0	0.0	0.0	2000	2000	paired test samples conditional on one fixed source checkpoint
Llama-3.1-8B-Instruct/metamath/seed43	piqa	atomic_benchmark	hns_f4_s1 minus scalar_e	recovery_rate	0.032710280373831835	-0.011724586030876493	0.07614213197969544	2000	2000	paired test samples conditional on one fixed source checkpoint
Llama-3.1-8B-Instruct/metamath/seed43	piqa	atomic_benchmark	hns_f4_s1 minus scalar_e	retention_rate	0.019230769230769273	-0.06453366058906031	0.10640197568389051	2000	2000	paired test samples conditional on one fixed source checkpoint
Llama-3.1-8B-Instruct/metamath/seed43	piqa	atomic_benchmark	hns_f4_s1 minus scalar_e	new_success_rate	-0.001088139281828074	-0.004352557127312296	0.0016322089227421115	2000	2000	paired test samples conditional on one fixed source checkpoint
Llama-3.1-8B-Instruct/metamath/seed43	piqa	atomic_benchmark	hns_f4_s1 minus scalar_e	new_damage_rate	-0.001088139281828074	-0.004352557127312296	0.001632208922742111	2000	2000	paired test samples conditional on one fixed source checkpoint
Llama-3.1-8B-Instruct/metamath/seed43	piqa	atomic_benchmark	hns_f4_s1 minus flat_e	recovery_rate	-0.009345794392523366	-0.04054225545342299	0.02252507031918794	2000	2000	paired test samples conditional on one fixed source checkpoint
Llama-3.1-8B-Instruct/metamath/seed43	piqa	atomic_benchmark	hns_f4_s1 minus flat_e	retention_rate	0.0	-0.07692307692307687	0.07547169811320753	2000	2000	paired test samples conditional on one fixed source checkpoint
Llama-3.1-8B-Instruct/metamath/seed43	piqa	atomic_benchmark	hns_f4_s1 minus flat_e	new_success_rate	-0.0016322089227421115	-0.0038084874863982595	0.0	2000	2000	paired test samples conditional on one fixed source checkpoint
Llama-3.1-8B-Instruct/metamath/seed43	piqa	atomic_benchmark	hns_f4_s1 minus flat_e	new_damage_rate	-0.0016322089227421106	-0.003808487486398259	0.0	2000	2000	paired test samples conditional on one fixed source checkpoint
Llama-3.1-8B-Instruct/metamath/seed43	piqa	atomic_benchmark	scalar_e minus flat_e	recovery_rate	-0.0420560747663552	-0.08231113376373311	0.0	2000	2000	paired test samples conditional on one fixed source checkpoint
Llama-3.1-8B-Instruct/metamath/seed43	piqa	atomic_benchmark	scalar_e minus flat_e	retention_rate	-0.019230769230769273	-0.125	0.07550798258345406	2000	2000	paired test samples conditional on one fixed source checkpoint
Llama-3.1-8B-Instruct/metamath/seed43	piqa	atomic_benchmark	scalar_e minus flat_e	new_success_rate	-0.0005440696409140374	-0.003264417845484222	0.002176278563656148	2000	2000	paired test samples conditional on one fixed source checkpoint
Llama-3.1-8B-Instruct/metamath/seed43	piqa	atomic_benchmark	scalar_e minus flat_e	new_damage_rate	-0.0005440696409140366	-0.003264417845484222	0.002176278563656148	2000	2000	paired test samples conditional on one fixed source checkpoint
Llama-3.1-8B-Instruct/metamath/seed43	siqa	atomic_benchmark	hns_f4_s1 minus scalar_e	recovery_rate	0.024752475247524663	-0.010050251256281343	0.060629370629370447	2000	2000	paired test samples conditional on one fixed source checkpoint
Llama-3.1-8B-Instruct/metamath/seed43	siqa	atomic_benchmark	hns_f4_s1 minus scalar_e	retention_rate	0.008130081300813052	-0.05000899280575538	0.06504065040650409	2000	2000	paired test samples conditional on one fixed source checkpoint
Llama-3.1-8B-Instruct/metamath/seed43	siqa	atomic_benchmark	hns_f4_s1 minus scalar_e	new_success_rate	0.0010235414534288632	0.0	0.00255885363357216	2000	2000	paired test samples conditional on one fixed source checkpoint
Llama-3.1-8B-Instruct/metamath/seed43	siqa	atomic_benchmark	hns_f4_s1 minus scalar_e	new_damage_rate	-0.002558853633572159	-0.00511770726714432	-0.0005117707267144316	2000	2000	paired test samples conditional on one fixed source checkpoint
Llama-3.1-8B-Instruct/metamath/seed43	siqa	atomic_benchmark	hns_f4_s1 minus flat_e	recovery_rate	0.0	-0.025128800568499168	0.022938422187460325	2000	2000	paired test samples conditional on one fixed source checkpoint
Llama-3.1-8B-Instruct/metamath/seed43	siqa	atomic_benchmark	hns_f4_s1 minus flat_e	retention_rate	0.0	-0.024793388429752095	0.02362204724409445	2000	2000	paired test samples conditional on one fixed source checkpoint
Llama-3.1-8B-Instruct/metamath/seed43	siqa	atomic_benchmark	hns_f4_s1 minus flat_e	new_success_rate	0.0	-0.0015353121801432957	0.0015353121801432957	2000	2000	paired test samples conditional on one fixed source checkpoint
Llama-3.1-8B-Instruct/metamath/seed43	siqa	atomic_benchmark	hns_f4_s1 minus flat_e	new_damage_rate	-0.0010235414534288632	-0.0030706243602865923	0.001023541453428864	2000	2000	paired test samples conditional on one fixed source checkpoint
Llama-3.1-8B-Instruct/metamath/seed43	siqa	atomic_benchmark	scalar_e minus flat_e	recovery_rate	-0.024752475247524663	-0.06307185234014505	0.010993615323224199	2000	2000	paired test samples conditional on one fixed source checkpoint
Llama-3.1-8B-Instruct/metamath/seed43	siqa	atomic_benchmark	scalar_e minus flat_e	retention_rate	-0.008130081300813052	-0.06349567099567105	0.05042016806722682	2000	2000	paired test samples conditional on one fixed source checkpoint
Llama-3.1-8B-Instruct/metamath/seed43	siqa	atomic_benchmark	scalar_e minus flat_e	new_success_rate	-0.0010235414534288632	-0.00255885363357216	0.0	2000	2000	paired test samples conditional on one fixed source checkpoint
Llama-3.1-8B-Instruct/metamath/seed43	siqa	atomic_benchmark	scalar_e minus flat_e	new_damage_rate	0.0015353121801432957	-0.001023541453428864	0.004605936540429886	2000	2000	paired test samples conditional on one fixed source checkpoint
Llama-3.1-8B-Instruct/metamath/seed43	tulu	atomic_benchmark	hns_f4_s1 minus scalar_e	recovery_rate	-0.046875	-0.134335533869116	0.04881097560975586	2000	2000	paired test samples conditional on one fixed source checkpoint
Llama-3.1-8B-Instruct/metamath/seed43	tulu	atomic_benchmark	hns_f4_s1 minus scalar_e	retention_rate	-0.05263157894736842	-0.25	0.12121212121212122	2000	2000	paired test samples conditional on one fixed source checkpoint
Llama-3.1-8B-Instruct/metamath/seed43	tulu	atomic_benchmark	hns_f4_s1 minus scalar_e	new_success_rate	0.0036968576709796655	-0.0073937153419593345	0.014787430683918669	2000	2000	paired test samples conditional on one fixed source checkpoint
Llama-3.1-8B-Instruct/metamath/seed43	tulu	atomic_benchmark	hns_f4_s1 minus scalar_e	new_damage_rate	-0.011090573012939	-0.024029574861367836	0.0	2000	2000	paired test samples conditional on one fixed source checkpoint
Llama-3.1-8B-Instruct/metamath/seed43	tulu	atomic_benchmark	hns_f4_s1 minus flat_e	recovery_rate	0.0	-0.08823529411764708	0.09090909090909094	2000	2000	paired test samples conditional on one fixed source checkpoint
Llama-3.1-8B-Instruct/metamath/seed43	tulu	atomic_benchmark	hns_f4_s1 minus flat_e	retention_rate	0.0	-0.13513513513513514	0.12765957446808512	2000	2000	paired test samples conditional on one fixed source checkpoint
Llama-3.1-8B-Instruct/metamath/seed43	tulu	atomic_benchmark	hns_f4_s1 minus flat_e	new_success_rate	0.009242144177449167	0.0	0.018484288354898338	2000	2000	paired test samples conditional on one fixed source checkpoint
Llama-3.1-8B-Instruct/metamath/seed43	tulu	atomic_benchmark	hns_f4_s1 minus flat_e	new_damage_rate	0.0018484288354898362	-0.009242144177449167	0.012939001848428836	2000	2000	paired test samples conditional on one fixed source checkpoint
Llama-3.1-8B-Instruct/metamath/seed43	tulu	atomic_benchmark	scalar_e minus flat_e	recovery_rate	0.046875	-0.06757329363261565	0.15873015873015878	2000	2000	paired test samples conditional on one fixed source checkpoint
Llama-3.1-8B-Instruct/metamath/seed43	tulu	atomic_benchmark	scalar_e minus flat_e	retention_rate	0.05263157894736842	-0.11764705882352938	0.22580645161290325	2000	2000	paired test samples conditional on one fixed source checkpoint
Llama-3.1-8B-Instruct/metamath/seed43	tulu	atomic_benchmark	scalar_e minus flat_e	new_success_rate	0.005545286506469502	-0.0036968576709796655	0.01478743068391867	2000	2000	paired test samples conditional on one fixed source checkpoint
Llama-3.1-8B-Instruct/metamath/seed43	tulu	atomic_benchmark	scalar_e minus flat_e	new_damage_rate	0.012939001848428836	0.0	0.025878003696857672	2000	2000	paired test samples conditional on one fixed source checkpoint
Llama-3.1-8B-Instruct/metamath/seed43	winogrande	atomic_benchmark	hns_f4_s1 minus scalar_e	recovery_rate	0.10824742268041238	0.04231696168868944	0.17098791942589564	2000	2000	paired test samples conditional on one fixed source checkpoint
Llama-3.1-8B-Instruct/metamath/seed43	winogrande	atomic_benchmark	hns_f4_s1 minus scalar_e	retention_rate	-0.04225352112676051	-0.11842348927875247	0.03312369438641717	2000	2000	paired test samples conditional on one fixed source checkpoint
Llama-3.1-8B-Instruct/metamath/seed43	winogrande	atomic_benchmark	hns_f4_s1 minus scalar_e	new_success_rate	0.0007892659826361469	-0.007892659826361483	0.00947119179163378	2000	2000	paired test samples conditional on one fixed source checkpoint
Llama-3.1-8B-Instruct/metamath/seed43	winogrande	atomic_benchmark	hns_f4_s1 minus scalar_e	new_damage_rate	-0.009471191791633781	-0.017363851617995266	-0.002367797947908446	2000	2000	paired test samples conditional on one fixed source checkpoint
Llama-3.1-8B-Instruct/metamath/seed43	winogrande	atomic_benchmark	hns_f4_s1 minus flat_e	recovery_rate	0.0	-0.03256385817765918	0.03536255411255407	2000	2000	paired test samples conditional on one fixed source checkpoint
Llama-3.1-8B-Instruct/metamath/seed43	winogrande	atomic_benchmark	hns_f4_s1 minus flat_e	retention_rate	-0.007042253521126751	-0.05369127516778527	0.03875968992248058	2000	2000	paired test samples conditional on one fixed source checkpoint
Llama-3.1-8B-Instruct/metamath/seed43	winogrande	atomic_benchmark	hns_f4_s1 minus flat_e	new_success_rate	0.0	-0.0031570639305445944	0.0031570639305445944	2000	2000	paired test samples conditional on one fixed source checkpoint
Llama-3.1-8B-Instruct/metamath/seed43	winogrande	atomic_benchmark	hns_f4_s1 minus flat_e	new_damage_rate	0.0015785319652722972	-0.0015785319652722955	0.00473559589581689	2000	2000	paired test samples conditional on one fixed source checkpoint
Llama-3.1-8B-Instruct/metamath/seed43	winogrande	atomic_benchmark	scalar_e minus flat_e	recovery_rate	-0.10824742268041238	-0.1720474910394265	-0.0403989645195676	2000	2000	paired test samples conditional on one fixed source checkpoint
Llama-3.1-8B-Instruct/metamath/seed43	winogrande	atomic_benchmark	scalar_e minus flat_e	retention_rate	0.035211267605633756	-0.03659665763324292	0.11111111111111105	2000	2000	paired test samples conditional on one fixed source checkpoint
Llama-3.1-8B-Instruct/metamath/seed43	winogrande	atomic_benchmark	scalar_e minus flat_e	new_success_rate	-0.0007892659826361469	-0.00947119179163378	0.008681925808997631	2000	2000	paired test samples conditional on one fixed source checkpoint
Llama-3.1-8B-Instruct/metamath/seed43	winogrande	atomic_benchmark	scalar_e minus flat_e	new_damage_rate	0.011049723756906079	0.0031570639305445944	0.018942383583267563	2000	2000	paired test samples conditional on one fixed source checkpoint
Llama-3.1-8B-Instruct/metamath/seed44	arc_challenge	atomic_benchmark	hns_f4_s1 minus scalar_e	recovery_rate	0.004347826086956497	-0.02892561983471076	0.03846566523605145	2000	2000	paired test samples conditional on one fixed source checkpoint
Llama-3.1-8B-Instruct/metamath/seed44	arc_challenge	atomic_benchmark	hns_f4_s1 minus scalar_e	retention_rate	0.14	0.050000000000000044	0.25	2000	2000	paired test samples conditional on one fixed source checkpoint
Llama-3.1-8B-Instruct/metamath/seed44	arc_challenge	atomic_benchmark	hns_f4_s1 minus scalar_e	new_success_rate	0.004266211604095562	0.0008532423208191132	0.008532423208191125	2000	2000	paired test samples conditional on one fixed source checkpoint
Llama-3.1-8B-Instruct/metamath/seed44	arc_challenge	atomic_benchmark	hns_f4_s1 minus scalar_e	new_damage_rate	-0.00341296928327645	-0.007679180887372014	0.0	2000	2000	paired test samples conditional on one fixed source checkpoint
Llama-3.1-8B-Instruct/metamath/seed44	arc_challenge	atomic_benchmark	hns_f4_s1 minus flat_e	recovery_rate	0.0	-0.02092050209205021	0.021369814020028525	2000	2000	paired test samples conditional on one fixed source checkpoint
Llama-3.1-8B-Instruct/metamath/seed44	arc_challenge	atomic_benchmark	hns_f4_s1 minus flat_e	retention_rate	-0.020000000000000018	-0.06896551724137934	0.0	2000	2000	paired test samples conditional on one fixed source checkpoint
Llama-3.1-8B-Instruct/metamath/seed44	arc_challenge	atomic_benchmark	hns_f4_s1 minus flat_e	new_success_rate	0.0	-0.002559726962457338	0.002559726962457338	2000	2000	paired test samples conditional on one fixed source checkpoint
Llama-3.1-8B-Instruct/metamath/seed44	arc_challenge	atomic_benchmark	hns_f4_s1 minus flat_e	new_damage_rate	-0.0008532423208191125	-0.004266211604095563	0.0017064846416382253	2000	2000	paired test samples conditional on one fixed source checkpoint
Llama-3.1-8B-Instruct/metamath/seed44	arc_challenge	atomic_benchmark	scalar_e minus flat_e	recovery_rate	-0.004347826086956497	-0.03798685491723464	0.0316814396991673	2000	2000	paired test samples conditional on one fixed source checkpoint
Llama-3.1-8B-Instruct/metamath/seed44	arc_challenge	atomic_benchmark	scalar_e minus flat_e	retention_rate	-0.16000000000000003	-0.27450980392156865	-0.0652173913043479	2000	2000	paired test samples conditional on one fixed source checkpoint
Llama-3.1-8B-Instruct/metamath/seed44	arc_challenge	atomic_benchmark	scalar_e minus flat_e	new_success_rate	-0.004266211604095562	-0.008532423208191127	-0.0008532423208191132	2000	2000	paired test samples conditional on one fixed source checkpoint
Llama-3.1-8B-Instruct/metamath/seed44	arc_challenge	atomic_benchmark	scalar_e minus flat_e	new_damage_rate	0.002559726962457338	-0.0017064846416382253	0.006825938566552902	2000	2000	paired test samples conditional on one fixed source checkpoint
Llama-3.1-8B-Instruct/metamath/seed44	arc_easy	atomic_benchmark	hns_f4_s1 minus scalar_e	recovery_rate	0.01449275362318847	-0.011979677009617112	0.04121360327570513	2000	2000	paired test samples conditional on one fixed source checkpoint
Llama-3.1-8B-Instruct/metamath/seed44	arc_easy	atomic_benchmark	hns_f4_s1 minus scalar_e	retention_rate	0.02857142857142858	-0.06779661016949146	0.125	2000	2000	paired test samples conditional on one fixed source checkpoint
Llama-3.1-8B-Instruct/metamath/seed44	arc_easy	atomic_benchmark	hns_f4_s1 minus scalar_e	new_success_rate	0.001262626262626262	-0.0016835016835016828	0.004208754208754209	2000	2000	paired test samples conditional on one fixed source checkpoint
Llama-3.1-8B-Instruct/metamath/seed44	arc_easy	atomic_benchmark	hns_f4_s1 minus scalar_e	new_damage_rate	-0.002525252525252525	-0.005061026936026936	0.0	2000	2000	paired test samples conditional on one fixed source checkpoint
Llama-3.1-8B-Instruct/metamath/seed44	arc_easy	atomic_benchmark	hns_f4_s1 minus flat_e	recovery_rate	0.011594202898550732	-0.0030866586400642273	0.02744112217498323	2000	2000	paired test samples conditional on one fixed source checkpoint
Llama-3.1-8B-Instruct/metamath/seed44	arc_easy	atomic_benchmark	hns_f4_s1 minus flat_e	retention_rate	0.0	0.0	0.0	2000	2000	paired test samples conditional on one fixed source checkpoint
Llama-3.1-8B-Instruct/metamath/seed44	arc_easy	atomic_benchmark	hns_f4_s1 minus flat_e	new_success_rate	0.0008417508417508414	-0.001262626262626262	0.0029461279461279466	2000	2000	paired test samples conditional on one fixed source checkpoint
Llama-3.1-8B-Instruct/metamath/seed44	arc_easy	atomic_benchmark	hns_f4_s1 minus flat_e	new_damage_rate	0.0	0.0	0.0	2000	2000	paired test samples conditional on one fixed source checkpoint
Llama-3.1-8B-Instruct/metamath/seed44	arc_easy	atomic_benchmark	scalar_e minus flat_e	recovery_rate	-0.0028985507246377384	-0.03086506450270498	0.02359882005899705	2000	2000	paired test samples conditional on one fixed source checkpoint
Llama-3.1-8B-Instruct/metamath/seed44	arc_easy	atomic_benchmark	scalar_e minus flat_e	retention_rate	-0.02857142857142858	-0.125	0.06779661016949146	2000	2000	paired test samples conditional on one fixed source checkpoint
Llama-3.1-8B-Instruct/metamath/seed44	arc_easy	atomic_benchmark	scalar_e minus flat_e	new_success_rate	-0.0004208754208754207	-0.0029461279461279466	0.002104377104377105	2000	2000	paired test samples conditional on one fixed source checkpoint
Llama-3.1-8B-Instruct/metamath/seed44	arc_easy	atomic_benchmark	scalar_e minus flat_e	new_damage_rate	0.002525252525252525	0.0	0.005061026936026879	2000	2000	paired test samples conditional on one fixed source checkpoint
Llama-3.1-8B-Instruct/metamath/seed44	boolq	atomic_benchmark	hns_f4_s1 minus scalar_e	recovery_rate	0.03488372093023251	0.003744622196232414	0.06666666666666665	2000	2000	paired test samples conditional on one fixed source checkpoint
Llama-3.1-8B-Instruct/metamath/seed44	boolq	atomic_benchmark	hns_f4_s1 minus scalar_e	retention_rate	0.011363636363636354	0.0	0.03797769740807712	2000	2000	paired test samples conditional on one fixed source checkpoint
Llama-3.1-8B-Instruct/metamath/seed44	boolq	atomic_benchmark	hns_f4_s1 minus scalar_e	new_success_rate	-0.0009174311926605505	-0.003363914373088684	0.0012232415902140685	2000	2000	paired test samples conditional on one fixed source checkpoint
Llama-3.1-8B-Instruct/metamath/seed44	boolq	atomic_benchmark	hns_f4_s1 minus scalar_e	new_damage_rate	-0.0024464831804281335	-0.004892966360856267	-0.00030581039755351626	2000	2000	paired test samples conditional on one fixed source checkpoint
Llama-3.1-8B-Instruct/metamath/seed44	boolq	atomic_benchmark	hns_f4_s1 minus flat_e	recovery_rate	0.003875968992248069	-0.01265956876206829	0.02255851893885651	2000	2000	paired test samples conditional on one fixed source checkpoint
Llama-3.1-8B-Instruct/metamath/seed44	boolq	atomic_benchmark	hns_f4_s1 minus flat_e	retention_rate	0.0	0.0	0.0	2000	2000	paired test samples conditional on one fixed source checkpoint
Llama-3.1-8B-Instruct/metamath/seed44	boolq	atomic_benchmark	hns_f4_s1 minus flat_e	new_success_rate	0.0006116207951070325	0.0	0.0015290519877675848	2000	2000	paired test samples conditional on one fixed source checkpoint
Llama-3.1-8B-Instruct/metamath/seed44	boolq	atomic_benchmark	hns_f4_s1 minus flat_e	new_damage_rate	-0.0009174311926605505	-0.0027522935779816515	0.0009174311926605505	2000	2000	paired test samples conditional on one fixed source checkpoint
Llama-3.1-8B-Instruct/metamath/seed44	boolq	atomic_benchmark	scalar_e minus flat_e	recovery_rate	-0.03100775193798444	-0.06273716477322257	0.0	2000	2000	paired test samples conditional on one fixed source checkpoint
Llama-3.1-8B-Instruct/metamath/seed44	boolq	atomic_benchmark	scalar_e minus flat_e	retention_rate	-0.011363636363636354	-0.03797769740807713	0.0	2000	2000	paired test samples conditional on one fixed source checkpoint
Llama-3.1-8B-Instruct/metamath/seed44	boolq	atomic_benchmark	scalar_e minus flat_e	new_success_rate	0.001529051987767583	-0.0006116207951070343	0.003975535168195718	2000	2000	paired test samples conditional on one fixed source checkpoint
Llama-3.1-8B-Instruct/metamath/seed44	boolq	atomic_benchmark	scalar_e minus flat_e	new_damage_rate	0.001529051987767583	-0.0009174311926605505	0.0039755351681957166	2000	2000	paired test samples conditional on one fixed source checkpoint
Llama-3.1-8B-Instruct/metamath/seed44	hellaswag	atomic_benchmark	hns_f4_s1 minus scalar_e	recovery_rate	0.03880190605854328	0.023217766947275117	0.054777426654182254	2000	2000	paired test samples conditional on one fixed source checkpoint
Llama-3.1-8B-Instruct/metamath/seed44	hellaswag	atomic_benchmark	hns_f4_s1 minus scalar_e	retention_rate	0.040000000000000036	0.006269102664576834	0.07339887008474362	2000	2000	paired test samples conditional on one fixed source checkpoint
Llama-3.1-8B-Instruct/metamath/seed44	hellaswag	atomic_benchmark	hns_f4_s1 minus scalar_e	new_success_rate	0.01075482971519618	0.00806612228639713	0.013443537143995217	2000	2000	paired test samples conditional on one fixed source checkpoint
Llama-3.1-8B-Instruct/metamath/seed44	hellaswag	atomic_benchmark	hns_f4_s1 minus scalar_e	new_damage_rate	0.0	-0.000995817566221868	0.0008962358095996811	2000	2000	paired test samples conditional on one fixed source checkpoint
Llama-3.1-8B-Instruct/metamath/seed44	hellaswag	atomic_benchmark	hns_f4_s1 minus flat_e	recovery_rate	-0.002042205582028611	-0.010982794121127546	0.006729588391768742	2000	2000	paired test samples conditional on one fixed source checkpoint
Llama-3.1-8B-Instruct/metamath/seed44	hellaswag	atomic_benchmark	hns_f4_s1 minus flat_e	retention_rate	-0.009230769230769265	-0.030397453480613783	0.009465224575634711	2000	2000	paired test samples conditional on one fixed source checkpoint
Llama-3.1-8B-Instruct/metamath/seed44	hellaswag	atomic_benchmark	hns_f4_s1 minus flat_e	new_success_rate	0.0	-0.0015933081059549827	0.0015933081059549895	2000	2000	paired test samples conditional on one fixed source checkpoint
Llama-3.1-8B-Instruct/metamath/seed44	hellaswag	atomic_benchmark	hns_f4_s1 minus flat_e	new_damage_rate	0.0	-0.000597490539733121	0.000597490539733121	2000	2000	paired test samples conditional on one fixed source checkpoint
Llama-3.1-8B-Instruct/metamath/seed44	hellaswag	atomic_benchmark	scalar_e minus flat_e	recovery_rate	-0.04084411164057189	-0.057143853357242494	-0.025139313887875134	2000	2000	paired test samples conditional on one fixed source checkpoint
Llama-3.1-8B-Instruct/metamath/seed44	hellaswag	atomic_benchmark	scalar_e minus flat_e	retention_rate	-0.0492307692307693	-0.086426441921798	-0.01249902647975074	2000	2000	paired test samples conditional on one fixed source checkpoint
Llama-3.1-8B-Instruct/metamath/seed44	hellaswag	atomic_benchmark	scalar_e minus flat_e	new_success_rate	-0.01075482971519618	-0.013543118900617407	-0.00806612228639713	2000	2000	paired test samples conditional on one fixed source checkpoint
Llama-3.1-8B-Instruct/metamath/seed44	hellaswag	atomic_benchmark	scalar_e minus flat_e	new_damage_rate	0.0	-0.0007966540529774947	0.0008962358095996811	2000	2000	paired test samples conditional on one fixed source checkpoint
Llama-3.1-8B-Instruct/metamath/seed44	magicoder	atomic_benchmark	hns_f4_s1 minus scalar_e	recovery_rate	-0.11764705882352944	-0.3	0.0	2000	2000	paired test samples conditional on one fixed source checkpoint
Llama-3.1-8B-Instruct/metamath/seed44	magicoder	atomic_benchmark	hns_f4_s1 minus scalar_e	retention_rate	-0.13636363636363635	-0.29999999999999993	0.0	2000	2000	paired test samples conditional on one fixed source checkpoint
Llama-3.1-8B-Instruct/metamath/seed44	magicoder	atomic_benchmark	hns_f4_s1 minus scalar_e	new_success_rate	-0.006097560975609755	-0.01829268292682927	0.0	2000	2000	paired test samples conditional on one fixed source checkpoint
Llama-3.1-8B-Instruct/metamath/seed44	magicoder	atomic_benchmark	hns_f4_s1 minus scalar_e	new_damage_rate	0.0	-0.018292682926829267	0.018292682926829267	2000	2000	paired test samples conditional on one fixed source checkpoint
Llama-3.1-8B-Instruct/metamath/seed44	magicoder	atomic_benchmark	hns_f4_s1 minus flat_e	recovery_rate	0.0	0.0	0.0	2000	2000	paired test samples conditional on one fixed source checkpoint
Llama-3.1-8B-Instruct/metamath/seed44	magicoder	atomic_benchmark	hns_f4_s1 minus flat_e	retention_rate	-0.045454545454545525	-0.15000000000000002	0.0	2000	2000	paired test samples conditional on one fixed source checkpoint
Llama-3.1-8B-Instruct/metamath/seed44	magicoder	atomic_benchmark	hns_f4_s1 minus flat_e	new_success_rate	0.0	0.0	0.0	2000	2000	paired test samples conditional on one fixed source checkpoint
Llama-3.1-8B-Instruct/metamath/seed44	magicoder	atomic_benchmark	hns_f4_s1 minus flat_e	new_damage_rate	-0.01219512195121951	-0.030487804878048783	0.0	2000	2000	paired test samples conditional on one fixed source checkpoint
Llama-3.1-8B-Instruct/metamath/seed44	magicoder	atomic_benchmark	scalar_e minus flat_e	recovery_rate	0.11764705882352944	0.0	0.3	2000	2000	paired test samples conditional on one fixed source checkpoint
Llama-3.1-8B-Instruct/metamath/seed44	magicoder	atomic_benchmark	scalar_e minus flat_e	retention_rate	0.09090909090909083	-0.07708333333333338	0.28571428571428575	2000	2000	paired test samples conditional on one fixed source checkpoint
Llama-3.1-8B-Instruct/metamath/seed44	magicoder	atomic_benchmark	scalar_e minus flat_e	new_success_rate	0.006097560975609755	0.0	0.01829268292682927	2000	2000	paired test samples conditional on one fixed source checkpoint
Llama-3.1-8B-Instruct/metamath/seed44	magicoder	atomic_benchmark	scalar_e minus flat_e	new_damage_rate	-0.01219512195121951	-0.03658536585365854	0.0060975609756097615	2000	2000	paired test samples conditional on one fixed source checkpoint
Llama-3.1-8B-Instruct/metamath/seed44	metamath	atomic_benchmark	hns_f4_s1 minus scalar_e	recovery_rate	0.007936507936507908	-0.0714285714285714	0.0882471537001897	2000	2000	paired test samples conditional on one fixed source checkpoint
Llama-3.1-8B-Instruct/metamath/seed44	metamath	atomic_benchmark	hns_f4_s1 minus scalar_e	retention_rate	0.01754385964912275	-0.018316701680672315	0.056141336487285684	2000	2000	paired test samples conditional on one fixed source checkpoint
Llama-3.1-8B-Instruct/metamath/seed44	metamath	atomic_benchmark	hns_f4_s1 minus scalar_e	new_success_rate	-0.0007581501137225166	-0.009097801364670206	0.0068233510235026565	2000	2000	paired test samples conditional on one fixed source checkpoint
Llama-3.1-8B-Instruct/metamath/seed44	metamath	atomic_benchmark	hns_f4_s1 minus scalar_e	new_damage_rate	0.0022744503411675533	-0.004548900682335103	0.00985595147839272	2000	2000	paired test samples conditional on one fixed source checkpoint
Llama-3.1-8B-Instruct/metamath/seed44	metamath	atomic_benchmark	hns_f4_s1 minus flat_e	recovery_rate	0.015873015873015928	-0.04166666666666663	0.07317479674796741	2000	2000	paired test samples conditional on one fixed source checkpoint
Llama-3.1-8B-Instruct/metamath/seed44	metamath	atomic_benchmark	hns_f4_s1 minus flat_e	retention_rate	0.007017543859649145	-0.011278195488721776	0.026122155615365798	2000	2000	paired test samples conditional on one fixed source checkpoint
Llama-3.1-8B-Instruct/metamath/seed44	metamath	atomic_benchmark	hns_f4_s1 minus flat_e	new_success_rate	0.0007581501137225166	-0.00379075056861259	0.006065200909780133	2000	2000	paired test samples conditional on one fixed source checkpoint
Llama-3.1-8B-Instruct/metamath/seed44	metamath	atomic_benchmark	hns_f4_s1 minus flat_e	new_damage_rate	0.00303260045489007	-0.0015163002274450367	0.007581501137225173	2000	2000	paired test samples conditional on one fixed source checkpoint
Llama-3.1-8B-Instruct/metamath/seed44	metamath	atomic_benchmark	scalar_e minus flat_e	recovery_rate	0.00793650793650802	-0.0703125	0.089289343786295	2000	2000	paired test samples conditional on one fixed source checkpoint
Llama-3.1-8B-Instruct/metamath/seed44	metamath	atomic_benchmark	scalar_e minus flat_e	retention_rate	-0.010526315789473606	-0.05000786163522017	0.029098930481283345	2000	2000	paired test samples conditional on one fixed source checkpoint
Llama-3.1-8B-Instruct/metamath/seed44	metamath	atomic_benchmark	scalar_e minus flat_e	new_success_rate	0.0015163002274450332	-0.00606520090978014	0.009855951478392716	2000	2000	paired test samples conditional on one fixed source checkpoint
Llama-3.1-8B-Instruct/metamath/seed44	metamath	atomic_benchmark	scalar_e minus flat_e	new_damage_rate	0.0007581501137225166	-0.00606520090978014	0.00758150113722517	2000	2000	paired test samples conditional on one fixed source checkpoint
Llama-3.1-8B-Instruct/metamath/seed44	openbookqa	atomic_benchmark	hns_f4_s1 minus scalar_e	recovery_rate	-0.03125	-0.1071428571428571	0.0	2000	2000	paired test samples conditional on one fixed source checkpoint
Llama-3.1-8B-Instruct/metamath/seed44	openbookqa	atomic_benchmark	hns_f4_s1 minus scalar_e	retention_rate	-0.027027027027027084	-0.1515151515151516	0.09677419354838701	2000	2000	paired test samples conditional on one fixed source checkpoint
Llama-3.1-8B-Instruct/metamath/seed44	openbookqa	atomic_benchmark	hns_f4_s1 minus scalar_e	new_success_rate	0.004	-0.005999999999999998	0.013999999999999999	2000	2000	paired test samples conditional on one fixed source checkpoint
Llama-3.1-8B-Instruct/metamath/seed44	openbookqa	atomic_benchmark	hns_f4_s1 minus scalar_e	new_damage_rate	0.002	-0.004	0.009999999999999998	2000	2000	paired test samples conditional on one fixed source checkpoint
Llama-3.1-8B-Instruct/metamath/seed44	openbookqa	atomic_benchmark	hns_f4_s1 minus flat_e	recovery_rate	0.0	0.0	0.0	2000	2000	paired test samples conditional on one fixed source checkpoint
Llama-3.1-8B-Instruct/metamath/seed44	openbookqa	atomic_benchmark	hns_f4_s1 minus flat_e	retention_rate	0.0	-0.07692307692307687	0.07692307692307687	2000	2000	paired test samples conditional on one fixed source checkpoint
Llama-3.1-8B-Instruct/metamath/seed44	openbookqa	atomic_benchmark	hns_f4_s1 minus flat_e	new_success_rate	0.0	-0.005999999999999998	0.005999999999999998	2000	2000	paired test samples conditional on one fixed source checkpoint
Llama-3.1-8B-Instruct/metamath/seed44	openbookqa	atomic_benchmark	hns_f4_s1 minus flat_e	new_damage_rate	0.002	0.0	0.006	2000	2000	paired test samples conditional on one fixed source checkpoint
Llama-3.1-8B-Instruct/metamath/seed44	openbookqa	atomic_benchmark	scalar_e minus flat_e	recovery_rate	0.03125	0.0	0.1071428571428571	2000	2000	paired test samples conditional on one fixed source checkpoint
Llama-3.1-8B-Instruct/metamath/seed44	openbookqa	atomic_benchmark	scalar_e minus flat_e	retention_rate	0.027027027027027084	-0.09375	0.15384615384615385	2000	2000	paired test samples conditional on one fixed source checkpoint
Llama-3.1-8B-Instruct/metamath/seed44	openbookqa	atomic_benchmark	scalar_e minus flat_e	new_success_rate	-0.004	-0.013999999999999999	0.0040000000000000036	2000	2000	paired test samples conditional on one fixed source checkpoint
Llama-3.1-8B-Instruct/metamath/seed44	openbookqa	atomic_benchmark	scalar_e minus flat_e	new_damage_rate	0.0	-0.006	0.006	2000	2000	paired test samples conditional on one fixed source checkpoint
Llama-3.1-8B-Instruct/metamath/seed44	piqa	atomic_benchmark	hns_f4_s1 minus scalar_e	recovery_rate	0.004484304932735439	-0.030705135636447934	0.03809624697336559	2000	2000	paired test samples conditional on one fixed source checkpoint
Llama-3.1-8B-Instruct/metamath/seed44	piqa	atomic_benchmark	hns_f4_s1 minus scalar_e	retention_rate	0.04081632653061218	-0.07578671328671333	0.1568627450980392	2000	2000	paired test samples conditional on one fixed source checkpoint
Llama-3.1-8B-Instruct/metamath/seed44	piqa	atomic_benchmark	hns_f4_s1 minus scalar_e	new_success_rate	0.0005440696409140374	-0.0016322089227421115	0.0027203482045701863	2000	2000	paired test samples conditional on one fixed source checkpoint
Llama-3.1-8B-Instruct/metamath/seed44	piqa	atomic_benchmark	hns_f4_s1 minus scalar_e	new_damage_rate	-0.001088139281828074	-0.0038084874863982595	0.0016322089227421115	2000	2000	paired test samples conditional on one fixed source checkpoint
Llama-3.1-8B-Instruct/metamath/seed44	piqa	atomic_benchmark	hns_f4_s1 minus flat_e	recovery_rate	-0.008968609865470767	-0.03137298865734635	0.00985343608252449	2000	2000	paired test samples conditional on one fixed source checkpoint
Llama-3.1-8B-Instruct/metamath/seed44	piqa	atomic_benchmark	hns_f4_s1 minus flat_e	retention_rate	0.0	-0.06000000000000005	0.05772058823529398	2000	2000	paired test samples conditional on one fixed source checkpoint
Llama-3.1-8B-Instruct/metamath/seed44	piqa	atomic_benchmark	hns_f4_s1 minus flat_e	new_success_rate	-0.001088139281828074	-0.003264417845484222	0.0010881392818280732	2000	2000	paired test samples conditional on one fixed source checkpoint
Llama-3.1-8B-Instruct/metamath/seed44	piqa	atomic_benchmark	hns_f4_s1 minus flat_e	new_damage_rate	0.001088139281828074	-0.001088139281828074	0.003264417845484222	2000	2000	paired test samples conditional on one fixed source checkpoint
Llama-3.1-8B-Instruct/metamath/seed44	piqa	atomic_benchmark	scalar_e minus flat_e	recovery_rate	-0.013452914798206206	-0.04405286343612336	0.01777777777777778	2000	2000	paired test samples conditional on one fixed source checkpoint
Llama-3.1-8B-Instruct/metamath/seed44	piqa	atomic_benchmark	scalar_e minus flat_e	retention_rate	-0.04081632653061218	-0.17021276595744683	0.08572660098522164	2000	2000	paired test samples conditional on one fixed source checkpoint
Llama-3.1-8B-Instruct/metamath/seed44	piqa	atomic_benchmark	scalar_e minus flat_e	new_success_rate	-0.0016322089227421115	-0.004352557127312296	0.001088139281828074	2000	2000	paired test samples conditional on one fixed source checkpoint
Llama-3.1-8B-Instruct/metamath/seed44	piqa	atomic_benchmark	scalar_e minus flat_e	new_damage_rate	0.002176278563656148	-0.000544069640914037	0.00544069640914037	2000	2000	paired test samples conditional on one fixed source checkpoint
Llama-3.1-8B-Instruct/metamath/seed44	siqa	atomic_benchmark	hns_f4_s1 minus scalar_e	recovery_rate	0.027624309392265234	-0.011912020905923304	0.07058823529411762	2000	2000	paired test samples conditional on one fixed source checkpoint
Llama-3.1-8B-Instruct/metamath/seed44	siqa	atomic_benchmark	hns_f4_s1 minus scalar_e	retention_rate	0.03546099290780147	-0.007751937984496084	0.08334790209790205	2000	2000	paired test samples conditional on one fixed source checkpoint
Llama-3.1-8B-Instruct/metamath/seed44	siqa	atomic_benchmark	hns_f4_s1 minus scalar_e	new_success_rate	0.0	-0.0020470829068577273	0.0020470829068577278	2000	2000	paired test samples conditional on one fixed source checkpoint
Llama-3.1-8B-Instruct/metamath/seed44	siqa	atomic_benchmark	hns_f4_s1 minus scalar_e	new_damage_rate	-0.001023541453428865	-0.004094165813715455	0.0015481064483110875	2000	2000	paired test samples conditional on one fixed source checkpoint
Llama-3.1-8B-Instruct/metamath/seed44	siqa	atomic_benchmark	hns_f4_s1 minus flat_e	recovery_rate	-0.016574585635359074	-0.04495016822192598	0.011174753625007824	2000	2000	paired test samples conditional on one fixed source checkpoint
Llama-3.1-8B-Instruct/metamath/seed44	siqa	atomic_benchmark	hns_f4_s1 minus flat_e	retention_rate	0.0	-0.020979020979020935	0.020408163265306038	2000	2000	paired test samples conditional on one fixed source checkpoint
Llama-3.1-8B-Instruct/metamath/seed44	siqa	atomic_benchmark	hns_f4_s1 minus flat_e	new_success_rate	-0.0005117707267144316	-0.002047082906857728	0.001023541453428864	2000	2000	paired test samples conditional on one fixed source checkpoint
Llama-3.1-8B-Instruct/metamath/seed44	siqa	atomic_benchmark	hns_f4_s1 minus flat_e	new_damage_rate	-0.0015353121801432966	-0.003582395087001023	0.0	2000	2000	paired test samples conditional on one fixed source checkpoint
Llama-3.1-8B-Instruct/metamath/seed44	siqa	atomic_benchmark	scalar_e minus flat_e	recovery_rate	-0.04419889502762431	-0.0842696629213483	-0.005747126436781655	2000	2000	paired test samples conditional on one fixed source checkpoint
Llama-3.1-8B-Instruct/metamath/seed44	siqa	atomic_benchmark	scalar_e minus flat_e	retention_rate	-0.03546099290780147	-0.08210498260576816	0.0077534520348836716	2000	2000	paired test samples conditional on one fixed source checkpoint
Llama-3.1-8B-Instruct/metamath/seed44	siqa	atomic_benchmark	scalar_e minus flat_e	new_success_rate	-0.0005117707267144316	-0.002558853633572159	0.001023541453428864	2000	2000	paired test samples conditional on one fixed source checkpoint
Llama-3.1-8B-Instruct/metamath/seed44	siqa	atomic_benchmark	scalar_e minus flat_e	new_damage_rate	-0.0005117707267144316	-0.004094165813715455	0.0030706243602865897	2000	2000	paired test samples conditional on one fixed source checkpoint
Llama-3.1-8B-Instruct/metamath/seed44	tulu	atomic_benchmark	hns_f4_s1 minus scalar_e	recovery_rate	0.01724137931034475	-0.10914141414141418	0.15218312453942517	2000	2000	paired test samples conditional on one fixed source checkpoint
Llama-3.1-8B-Instruct/metamath/seed44	tulu	atomic_benchmark	hns_f4_s1 minus scalar_e	retention_rate	0.023255813953488358	-0.09999999999999998	0.1481678486997635	2000	2000	paired test samples conditional on one fixed source checkpoint
Llama-3.1-8B-Instruct/metamath/seed44	tulu	atomic_benchmark	hns_f4_s1 minus scalar_e	new_success_rate	0.0018484288354898327	-0.005545286506469502	0.00924214417744917	2000	2000	paired test samples conditional on one fixed source checkpoint
Llama-3.1-8B-Instruct/metamath/seed44	tulu	atomic_benchmark	hns_f4_s1 minus scalar_e	new_damage_rate	-0.0073937153419593345	-0.02033271719038817	0.005545286506469502	2000	2000	paired test samples conditional on one fixed source checkpoint
Llama-3.1-8B-Instruct/metamath/seed44	tulu	atomic_benchmark	hns_f4_s1 minus flat_e	recovery_rate	0.03448275862068961	-0.028581780538302282	0.10526315789473684	2000	2000	paired test samples conditional on one fixed source checkpoint
Llama-3.1-8B-Instruct/metamath/seed44	tulu	atomic_benchmark	hns_f4_s1 minus flat_e	retention_rate	0.023255813953488358	-0.05714285714285716	0.10812279670975315	2000	2000	paired test samples conditional on one fixed source checkpoint
Llama-3.1-8B-Instruct/metamath/seed44	tulu	atomic_benchmark	hns_f4_s1 minus flat_e	new_success_rate	-0.0018484288354898327	-0.011090573012939	0.005545286506469502	2000	2000	paired test samples conditional on one fixed source checkpoint
Llama-3.1-8B-Instruct/metamath/seed44	tulu	atomic_benchmark	hns_f4_s1 minus flat_e	new_damage_rate	-0.0073937153419593345	-0.018484288354898334	0.0018484288354898362	2000	2000	paired test samples conditional on one fixed source checkpoint
Llama-3.1-8B-Instruct/metamath/seed44	tulu	atomic_benchmark	scalar_e minus flat_e	recovery_rate	0.017241379310344862	-0.10417444029850742	0.13849999999999985	2000	2000	paired test samples conditional on one fixed source checkpoint
Llama-3.1-8B-Instruct/metamath/seed44	tulu	atomic_benchmark	scalar_e minus flat_e	retention_rate	0.0	-0.11904761904761901	0.11764705882352938	2000	2000	paired test samples conditional on one fixed source checkpoint
Llama-3.1-8B-Instruct/metamath/seed44	tulu	atomic_benchmark	scalar_e minus flat_e	new_success_rate	-0.0036968576709796655	-0.011090573012939003	0.0036968576709796655	2000	2000	paired test samples conditional on one fixed source checkpoint
Llama-3.1-8B-Instruct/metamath/seed44	tulu	atomic_benchmark	scalar_e minus flat_e	new_damage_rate	0.0	-0.012939001848428836	0.012939001848428836	2000	2000	paired test samples conditional on one fixed source checkpoint
Llama-3.1-8B-Instruct/metamath/seed44	winogrande	atomic_benchmark	hns_f4_s1 minus scalar_e	recovery_rate	0.07	0.020097989949748776	0.1236572996341869	2000	2000	paired test samples conditional on one fixed source checkpoint
Llama-3.1-8B-Instruct/metamath/seed44	winogrande	atomic_benchmark	hns_f4_s1 minus scalar_e	retention_rate	-0.09523809523809523	-0.15441325920612148	-0.03570900253592563	2000	2000	paired test samples conditional on one fixed source checkpoint
Llama-3.1-8B-Instruct/metamath/seed44	winogrande	atomic_benchmark	hns_f4_s1 minus scalar_e	new_success_rate	0.0	-0.006314127861089189	0.007103393843725334	2000	2000	paired test samples conditional on one fixed source checkpoint
Llama-3.1-8B-Instruct/metamath/seed44	winogrande	atomic_benchmark	hns_f4_s1 minus scalar_e	new_damage_rate	-0.00552486187845304	-0.012628255722178372	0.0007892659826361486	2000	2000	paired test samples conditional on one fixed source checkpoint
Llama-3.1-8B-Instruct/metamath/seed44	winogrande	atomic_benchmark	hns_f4_s1 minus flat_e	recovery_rate	-0.010000000000000009	-0.03466212871287132	0.011049723756906105	2000	2000	paired test samples conditional on one fixed source checkpoint
Llama-3.1-8B-Instruct/metamath/seed44	winogrande	atomic_benchmark	hns_f4_s1 minus flat_e	retention_rate	-0.013605442176870763	-0.044778511289705336	0.018310049397962255	2000	2000	paired test samples conditional on one fixed source checkpoint
Llama-3.1-8B-Instruct/metamath/seed44	winogrande	atomic_benchmark	hns_f4_s1 minus flat_e	new_success_rate	0.0007892659826361503	-0.0031570639305445944	0.004735595895816892	2000	2000	paired test samples conditional on one fixed source checkpoint
Llama-3.1-8B-Instruct/metamath/seed44	winogrande	atomic_benchmark	hns_f4_s1 minus flat_e	new_damage_rate	-0.0007892659826361486	-0.00473559589581689	0.0031570639305445944	2000	2000	paired test samples conditional on one fixed source checkpoint
Llama-3.1-8B-Instruct/metamath/seed44	winogrande	atomic_benchmark	scalar_e minus flat_e	recovery_rate	-0.08000000000000002	-0.13364112332892278	-0.029264740705659473	2000	2000	paired test samples conditional on one fixed source checkpoint
Llama-3.1-8B-Instruct/metamath/seed44	winogrande	atomic_benchmark	scalar_e minus flat_e	retention_rate	0.08163265306122447	0.02795765877957664	0.1388976793248944	2000	2000	paired test samples conditional on one fixed source checkpoint
Llama-3.1-8B-Instruct/metamath/seed44	winogrande	atomic_benchmark	scalar_e minus flat_e	new_success_rate	0.0007892659826361503	-0.006314127861089185	0.007103393843725336	2000	2000	paired test samples conditional on one fixed source checkpoint
Llama-3.1-8B-Instruct/metamath/seed44	winogrande	atomic_benchmark	scalar_e minus flat_e	new_damage_rate	0.004735595895816892	0.0	0.01026045777426993	2000	2000	paired test samples conditional on one fixed source checkpoint
Llama-3.1-8B-Instruct/tulu/seed42	arc_challenge	atomic_benchmark	hns_f4_s1 minus scalar_e	recovery_rate	-0.101123595505618	-0.18749999999999997	-0.021972049689441032	2000	2000	paired test samples conditional on one fixed source checkpoint
Llama-3.1-8B-Instruct/tulu/seed42	arc_challenge	atomic_benchmark	hns_f4_s1 minus scalar_e	retention_rate	0.09859154929577474	0.02218750000000003	0.18666666666666665	2000	2000	paired test samples conditional on one fixed source checkpoint
Llama-3.1-8B-Instruct/tulu/seed42	arc_challenge	atomic_benchmark	hns_f4_s1 minus scalar_e	new_success_rate	0.00341296928327645	0.0	0.007679180887372013	2000	2000	paired test samples conditional on one fixed source checkpoint
Llama-3.1-8B-Instruct/tulu/seed42	arc_challenge	atomic_benchmark	hns_f4_s1 minus scalar_e	new_damage_rate	-0.008532423208191125	-0.01706484641638225	-0.0008532423208191114	2000	2000	paired test samples conditional on one fixed source checkpoint
Llama-3.1-8B-Instruct/tulu/seed42	arc_challenge	atomic_benchmark	hns_f4_s1 minus flat_e	recovery_rate	0.0	-0.043956043956043966	0.04396333754740831	2000	2000	paired test samples conditional on one fixed source checkpoint
Llama-3.1-8B-Instruct/tulu/seed42	arc_challenge	atomic_benchmark	hns_f4_s1 minus flat_e	retention_rate	0.014084507042253613	-0.032258064516129004	0.06349206349206349	2000	2000	paired test samples conditional on one fixed source checkpoint
Llama-3.1-8B-Instruct/tulu/seed42	arc_challenge	atomic_benchmark	hns_f4_s1 minus flat_e	new_success_rate	0.0	0.0	0.0	2000	2000	paired test samples conditional on one fixed source checkpoint
Llama-3.1-8B-Instruct/tulu/seed42	arc_challenge	atomic_benchmark	hns_f4_s1 minus flat_e	new_damage_rate	0.002559726962457338	0.0	0.005972696245733787	2000	2000	paired test samples conditional on one fixed source checkpoint
Llama-3.1-8B-Instruct/tulu/seed42	arc_challenge	atomic_benchmark	scalar_e minus flat_e	recovery_rate	0.101123595505618	0.022216117216117222	0.1919289044289044	2000	2000	paired test samples conditional on one fixed source checkpoint
Llama-3.1-8B-Instruct/tulu/seed42	arc_challenge	atomic_benchmark	scalar_e minus flat_e	retention_rate	-0.08450704225352113	-0.15517241379310343	-0.027027027027027084	2000	2000	paired test samples conditional on one fixed source checkpoint
Llama-3.1-8B-Instruct/tulu/seed42	arc_challenge	atomic_benchmark	scalar_e minus flat_e	new_success_rate	-0.00341296928327645	-0.007679180887372013	0.0	2000	2000	paired test samples conditional on one fixed source checkpoint
Llama-3.1-8B-Instruct/tulu/seed42	arc_challenge	atomic_benchmark	scalar_e minus flat_e	new_damage_rate	0.011092150170648463	0.0034129692832764492	0.01962457337883959	2000	2000	paired test samples conditional on one fixed source checkpoint
Llama-3.1-8B-Instruct/tulu/seed42	arc_easy	atomic_benchmark	hns_f4_s1 minus scalar_e	recovery_rate	-0.07499999999999998	-0.17544452347083925	0.025316455696202528	2000	2000	paired test samples conditional on one fixed source checkpoint
Llama-3.1-8B-Instruct/tulu/seed42	arc_easy	atomic_benchmark	hns_f4_s1 minus scalar_e	retention_rate	0.03947368421052633	-0.02741655411923596	0.10526315789473684	2000	2000	paired test samples conditional on one fixed source checkpoint
Llama-3.1-8B-Instruct/tulu/seed42	arc_easy	atomic_benchmark	hns_f4_s1 minus scalar_e	new_success_rate	0.0	-0.0012626262626262625	0.0012626262626262625	2000	2000	paired test samples conditional on one fixed source checkpoint
Llama-3.1-8B-Instruct/tulu/seed42	arc_easy	atomic_benchmark	hns_f4_s1 minus scalar_e	new_damage_rate	-0.004629629629629629	-0.008417508417508419	-0.0008417508417508431	2000	2000	paired test samples conditional on one fixed source checkpoint
Llama-3.1-8B-Instruct/tulu/seed42	arc_easy	atomic_benchmark	hns_f4_s1 minus flat_e	recovery_rate	0.0	-0.04938271604938271	0.04879554351099057	2000	2000	paired test samples conditional on one fixed source checkpoint
Llama-3.1-8B-Instruct/tulu/seed42	arc_easy	atomic_benchmark	hns_f4_s1 minus flat_e	retention_rate	-0.013157894736842146	-0.04347826086956519	0.0	2000	2000	paired test samples conditional on one fixed source checkpoint
Llama-3.1-8B-Instruct/tulu/seed42	arc_easy	atomic_benchmark	hns_f4_s1 minus flat_e	new_success_rate	0.0	0.0	0.0	2000	2000	paired test samples conditional on one fixed source checkpoint
Llama-3.1-8B-Instruct/tulu/seed42	arc_easy	atomic_benchmark	hns_f4_s1 minus flat_e	new_damage_rate	-0.0008417508417508414	-0.0029461279461279466	0.001262626262626262	2000	2000	paired test samples conditional on one fixed source checkpoint
Llama-3.1-8B-Instruct/tulu/seed42	arc_easy	atomic_benchmark	scalar_e minus flat_e	recovery_rate	0.07499999999999998	-0.011638414121602682	0.1686786105460804	2000	2000	paired test samples conditional on one fixed source checkpoint
Llama-3.1-8B-Instruct/tulu/seed42	arc_easy	atomic_benchmark	scalar_e minus flat_e	retention_rate	-0.052631578947368474	-0.11629417094533372	0.0	2000	2000	paired test samples conditional on one fixed source checkpoint
Llama-3.1-8B-Instruct/tulu/seed42	arc_easy	atomic_benchmark	scalar_e minus flat_e	new_success_rate	0.0	-0.0012626262626262625	0.0012626262626262625	2000	2000	paired test samples conditional on one fixed source checkpoint
Llama-3.1-8B-Instruct/tulu/seed42	arc_easy	atomic_benchmark	scalar_e minus flat_e	new_damage_rate	0.003787878787878788	0.0	0.007575757575757574	2000	2000	paired test samples conditional on one fixed source checkpoint
Llama-3.1-8B-Instruct/tulu/seed42	boolq	atomic_benchmark	hns_f4_s1 minus scalar_e	recovery_rate	-0.27027027027027023	-0.39083178005591795	-0.1511337209302327	2000	2000	paired test samples conditional on one fixed source checkpoint
Llama-3.1-8B-Instruct/tulu/seed42	boolq	atomic_benchmark	hns_f4_s1 minus scalar_e	retention_rate	0.21052631578947367	0.12121212121212122	0.3095321931589537	2000	2000	paired test samples conditional on one fixed source checkpoint
Llama-3.1-8B-Instruct/tulu/seed42	boolq	atomic_benchmark	hns_f4_s1 minus scalar_e	new_success_rate	-0.001834862385321101	-0.003363914373088685	-0.0006116207951070336	2000	2000	paired test samples conditional on one fixed source checkpoint
Llama-3.1-8B-Instruct/tulu/seed42	boolq	atomic_benchmark	hns_f4_s1 minus scalar_e	new_damage_rate	-0.002446483180428135	-0.004892966360856269	-0.0003058103975535169	2000	2000	paired test samples conditional on one fixed source checkpoint
Llama-3.1-8B-Instruct/tulu/seed42	boolq	atomic_benchmark	hns_f4_s1 minus flat_e	recovery_rate	0.013513513513513542	-0.06452660242982823	0.08890547263681585	2000	2000	paired test samples conditional on one fixed source checkpoint
Llama-3.1-8B-Instruct/tulu/seed42	boolq	atomic_benchmark	hns_f4_s1 minus flat_e	retention_rate	0.0	-0.06666666666666665	0.061747685185185024	2000	2000	paired test samples conditional on one fixed source checkpoint
Llama-3.1-8B-Instruct/tulu/seed42	boolq	atomic_benchmark	hns_f4_s1 minus flat_e	new_success_rate	-0.0003058103975535168	-0.0012232415902140672	0.0	2000	2000	paired test samples conditional on one fixed source checkpoint
Llama-3.1-8B-Instruct/tulu/seed42	boolq	atomic_benchmark	hns_f4_s1 minus flat_e	new_damage_rate	-0.0006116207951070338	-0.0015290519877675841	0.0	2000	2000	paired test samples conditional on one fixed source checkpoint
Llama-3.1-8B-Instruct/tulu/seed42	boolq	atomic_benchmark	scalar_e minus flat_e	recovery_rate	0.28378378378378377	0.17440596562184021	0.3972602739726027	2000	2000	paired test samples conditional on one fixed source checkpoint
Llama-3.1-8B-Instruct/tulu/seed42	boolq	atomic_benchmark	scalar_e minus flat_e	retention_rate	-0.21052631578947367	-0.30985915492957744	-0.11956116158338746	2000	2000	paired test samples conditional on one fixed source checkpoint
Llama-3.1-8B-Instruct/tulu/seed42	boolq	atomic_benchmark	scalar_e minus flat_e	new_success_rate	0.0015290519877675843	0.0	0.0030581039755351682	2000	2000	paired test samples conditional on one fixed source checkpoint
Llama-3.1-8B-Instruct/tulu/seed42	boolq	atomic_benchmark	scalar_e minus flat_e	new_damage_rate	0.001834862385321101	-0.0003058103975535167	0.004281345565749235	2000	2000	paired test samples conditional on one fixed source checkpoint
Llama-3.1-8B-Instruct/tulu/seed42	hellaswag	atomic_benchmark	hns_f4_s1 minus scalar_e	recovery_rate	0.13814432989690723	0.11473684210526316	0.16113025636780964	2000	2000	paired test samples conditional on one fixed source checkpoint
Llama-3.1-8B-Instruct/tulu/seed42	hellaswag	atomic_benchmark	hns_f4_s1 minus scalar_e	retention_rate	0.18111753371868983	0.14505942685533954	0.21747886437222683	2000	2000	paired test samples conditional on one fixed source checkpoint
Llama-3.1-8B-Instruct/tulu/seed42	hellaswag	atomic_benchmark	hns_f4_s1 minus scalar_e	new_success_rate	0.00019916351324437368	-0.0007966540529774947	0.001194981079466242	2000	2000	paired test samples conditional on one fixed source checkpoint
Llama-3.1-8B-Instruct/tulu/seed42	hellaswag	atomic_benchmark	hns_f4_s1 minus scalar_e	new_damage_rate	-0.027185819557856997	-0.030175761800438163	-0.023899621589324835	2000	2000	paired test samples conditional on one fixed source checkpoint
Llama-3.1-8B-Instruct/tulu/seed42	hellaswag	atomic_benchmark	hns_f4_s1 minus flat_e	recovery_rate	0.003092783505154628	-0.010477090036660409	0.01799132972352951	2000	2000	paired test samples conditional on one fixed source checkpoint
Llama-3.1-8B-Instruct/tulu/seed42	hellaswag	atomic_benchmark	hns_f4_s1 minus flat_e	retention_rate	0.026974951830443183	0.007462339142277461	0.04779469090130849	2000	2000	paired test samples conditional on one fixed source checkpoint
Llama-3.1-8B-Instruct/tulu/seed42	hellaswag	atomic_benchmark	hns_f4_s1 minus flat_e	new_success_rate	0.0002987452698665605	-0.0002987452698665605	0.0008962358095996813	2000	2000	paired test samples conditional on one fixed source checkpoint
Llama-3.1-8B-Instruct/tulu/seed42	hellaswag	atomic_benchmark	hns_f4_s1 minus flat_e	new_damage_rate	-0.0009958175662218693	-0.0021907986456881096	0.00029874526986656096	2000	2000	paired test samples conditional on one fixed source checkpoint
Llama-3.1-8B-Instruct/tulu/seed42	hellaswag	atomic_benchmark	scalar_e minus flat_e	recovery_rate	-0.1350515463917526	-0.1578401349429387	-0.11243585443568675	2000	2000	paired test samples conditional on one fixed source checkpoint
Llama-3.1-8B-Instruct/tulu/seed42	hellaswag	atomic_benchmark	scalar_e minus flat_e	retention_rate	-0.15414258188824664	-0.18975754968153805	-0.12006904964582142	2000	2000	paired test samples conditional on one fixed source checkpoint
Llama-3.1-8B-Instruct/tulu/seed42	hellaswag	atomic_benchmark	scalar_e minus flat_e	new_success_rate	9.958175662218684e-05	-0.0007966540529774943	0.0009958175662218682	2000	2000	paired test samples conditional on one fixed source checkpoint
Llama-3.1-8B-Instruct/tulu/seed42	hellaswag	atomic_benchmark	scalar_e minus flat_e	new_damage_rate	0.02619000199163513	0.023200059749053974	0.02917745469030074	2000	2000	paired test samples conditional on one fixed source checkpoint
Llama-3.1-8B-Instruct/tulu/seed42	magicoder	atomic_benchmark	hns_f4_s1 minus scalar_e	recovery_rate	0.0	-0.4285714285714286	0.4644230769230787	1998	2000	paired test samples conditional on one fixed source checkpoint
Llama-3.1-8B-Instruct/tulu/seed42	magicoder	atomic_benchmark	hns_f4_s1 minus scalar_e	retention_rate	0.0	0.0	0.0	2000	2000	paired test samples conditional on one fixed source checkpoint
Llama-3.1-8B-Instruct/tulu/seed42	magicoder	atomic_benchmark	hns_f4_s1 minus scalar_e	new_success_rate	0.0	0.0	0.0	2000	2000	paired test samples conditional on one fixed source checkpoint
Llama-3.1-8B-Instruct/tulu/seed42	magicoder	atomic_benchmark	hns_f4_s1 minus scalar_e	new_damage_rate	-0.006097560975609755	-0.018445121951219504	0.0	2000	2000	paired test samples conditional on one fixed source checkpoint
Llama-3.1-8B-Instruct/tulu/seed42	magicoder	atomic_benchmark	hns_f4_s1 minus flat_e	recovery_rate	0.0	0.0	0.0	1998	2000	paired test samples conditional on one fixed source checkpoint
Llama-3.1-8B-Instruct/tulu/seed42	magicoder	atomic_benchmark	hns_f4_s1 minus flat_e	retention_rate	0.039999999999999925	0.0	0.13043478260869568	2000	2000	paired test samples conditional on one fixed source checkpoint
Llama-3.1-8B-Instruct/tulu/seed42	magicoder	atomic_benchmark	hns_f4_s1 minus flat_e	new_success_rate	0.0	0.0	0.0	2000	2000	paired test samples conditional on one fixed source checkpoint
Llama-3.1-8B-Instruct/tulu/seed42	magicoder	atomic_benchmark	hns_f4_s1 minus flat_e	new_damage_rate	-0.012195121951219513	-0.030487804878048783	0.0	2000	2000	paired test samples conditional on one fixed source checkpoint
Llama-3.1-8B-Instruct/tulu/seed42	magicoder	atomic_benchmark	scalar_e minus flat_e	recovery_rate	0.0	-0.46442307692307677	0.4285714285714286	1998	2000	paired test samples conditional on one fixed source checkpoint
Llama-3.1-8B-Instruct/tulu/seed42	magicoder	atomic_benchmark	scalar_e minus flat_e	retention_rate	0.039999999999999925	0.0	0.13043478260869568	2000	2000	paired test samples conditional on one fixed source checkpoint
Llama-3.1-8B-Instruct/tulu/seed42	magicoder	atomic_benchmark	scalar_e minus flat_e	new_success_rate	0.0	0.0	0.0	2000	2000	paired test samples conditional on one fixed source checkpoint
Llama-3.1-8B-Instruct/tulu/seed42	magicoder	atomic_benchmark	scalar_e minus flat_e	new_damage_rate	-0.006097560975609758	-0.02439024390243903	0.012195121951219513	2000	2000	paired test samples conditional on one fixed source checkpoint
Llama-3.1-8B-Instruct/tulu/seed42	metamath	atomic_benchmark	hns_f4_s1 minus scalar_e	recovery_rate	-0.015384615384615441	-0.06436444017536087	0.032863849765258135	2000	2000	paired test samples conditional on one fixed source checkpoint
Llama-3.1-8B-Instruct/tulu/seed42	metamath	atomic_benchmark	hns_f4_s1 minus scalar_e	retention_rate	-0.0826446280991735	-0.16824404370146112	0.0	2000	2000	paired test samples conditional on one fixed source checkpoint
Llama-3.1-8B-Instruct/tulu/seed42	metamath	atomic_benchmark	hns_f4_s1 minus scalar_e	new_success_rate	-0.009097801364670206	-0.01897270659590599	0.0015163002274450332	2000	2000	paired test samples conditional on one fixed source checkpoint
Llama-3.1-8B-Instruct/tulu/seed42	metamath	atomic_benchmark	hns_f4_s1 minus scalar_e	new_damage_rate	-0.0007581501137225166	-0.01061410159211524	0.00833965125094769	2000	2000	paired test samples conditional on one fixed source checkpoint
Llama-3.1-8B-Instruct/tulu/seed42	metamath	atomic_benchmark	hns_f4_s1 minus flat_e	recovery_rate	-0.00512820512820511	-0.03867940454266423	0.025906735751295318	2000	2000	paired test samples conditional on one fixed source checkpoint
Llama-3.1-8B-Instruct/tulu/seed42	metamath	atomic_benchmark	hns_f4_s1 minus flat_e	retention_rate	-0.03305785123966942	-0.0862068965517242	0.016810283435407983	2000	2000	paired test samples conditional on one fixed source checkpoint
Llama-3.1-8B-Instruct/tulu/seed42	metamath	atomic_benchmark	hns_f4_s1 minus flat_e	new_success_rate	0.0015163002274450332	-0.0068233510235026495	0.009097801364670206	2000	2000	paired test samples conditional on one fixed source checkpoint
Llama-3.1-8B-Instruct/tulu/seed42	metamath	atomic_benchmark	hns_f4_s1 minus flat_e	new_damage_rate	0.00303260045489007	-0.0037907505686125866	0.00985595147839272	2000	2000	paired test samples conditional on one fixed source checkpoint
Llama-3.1-8B-Instruct/tulu/seed42	metamath	atomic_benchmark	scalar_e minus flat_e	recovery_rate	0.010256410256410331	-0.04519774011299427	0.0656635031635031	2000	2000	paired test samples conditional on one fixed source checkpoint
Llama-3.1-8B-Instruct/tulu/seed42	metamath	atomic_benchmark	scalar_e minus flat_e	retention_rate	0.04958677685950408	-0.03940208693425521	0.1406278935185185	2000	2000	paired test samples conditional on one fixed source checkpoint
Llama-3.1-8B-Instruct/tulu/seed42	metamath	atomic_benchmark	scalar_e minus flat_e	new_success_rate	0.01061410159211524	0.0	0.021986353297952996	2000	2000	paired test samples conditional on one fixed source checkpoint
Llama-3.1-8B-Instruct/tulu/seed42	metamath	atomic_benchmark	scalar_e minus flat_e	new_damage_rate	0.0037907505686125866	-0.004548900682335103	0.01288855193328279	2000	2000	paired test samples conditional on one fixed source checkpoint
Llama-3.1-8B-Instruct/tulu/seed42	openbookqa	atomic_benchmark	hns_f4_s1 minus scalar_e	recovery_rate	0.0	0.0	0.0	2000	2000	paired test samples conditional on one fixed source checkpoint
Llama-3.1-8B-Instruct/tulu/seed42	openbookqa	atomic_benchmark	hns_f4_s1 minus scalar_e	retention_rate	0.21875	0.04996951219512194	0.3846153846153846	2000	2000	paired test samples conditional on one fixed source checkpoint
Llama-3.1-8B-Instruct/tulu/seed42	openbookqa	atomic_benchmark	hns_f4_s1 minus scalar_e	new_success_rate	-0.002	-0.006	0.0	2000	2000	paired test samples conditional on one fixed source checkpoint
Llama-3.1-8B-Instruct/tulu/seed42	openbookqa	atomic_benchmark	hns_f4_s1 minus scalar_e	new_damage_rate	-0.004	-0.012	0.004	2000	2000	paired test samples conditional on one fixed source checkpoint
Llama-3.1-8B-Instruct/tulu/seed42	openbookqa	atomic_benchmark	hns_f4_s1 minus flat_e	recovery_rate	0.0	0.0	0.0	2000	2000	paired test samples conditional on one fixed source checkpoint
Llama-3.1-8B-Instruct/tulu/seed42	openbookqa	atomic_benchmark	hns_f4_s1 minus flat_e	retention_rate	0.03125	0.0	0.1071428571428571	2000	2000	paired test samples conditional on one fixed source checkpoint
Llama-3.1-8B-Instruct/tulu/seed42	openbookqa	atomic_benchmark	hns_f4_s1 minus flat_e	new_success_rate	0.0	0.0	0.0	2000	2000	paired test samples conditional on one fixed source checkpoint
Llama-3.1-8B-Instruct/tulu/seed42	openbookqa	atomic_benchmark	hns_f4_s1 minus flat_e	new_damage_rate	0.002	0.0	0.006	2000	2000	paired test samples conditional on one fixed source checkpoint
Llama-3.1-8B-Instruct/tulu/seed42	openbookqa	atomic_benchmark	scalar_e minus flat_e	recovery_rate	0.0	0.0	0.0	2000	2000	paired test samples conditional on one fixed source checkpoint
Llama-3.1-8B-Instruct/tulu/seed42	openbookqa	atomic_benchmark	scalar_e minus flat_e	retention_rate	-0.1875	-0.35	-0.03125	2000	2000	paired test samples conditional on one fixed source checkpoint
Llama-3.1-8B-Instruct/tulu/seed42	openbookqa	atomic_benchmark	scalar_e minus flat_e	new_success_rate	0.002	0.0	0.006	2000	2000	paired test samples conditional on one fixed source checkpoint
Llama-3.1-8B-Instruct/tulu/seed42	openbookqa	atomic_benchmark	scalar_e minus flat_e	new_damage_rate	0.006	-0.002	0.016	2000	2000	paired test samples conditional on one fixed source checkpoint
Llama-3.1-8B-Instruct/tulu/seed42	piqa	atomic_benchmark	hns_f4_s1 minus scalar_e	recovery_rate	-0.008130081300812941	-0.06837606837606836	0.050361223626141115	2000	2000	paired test samples conditional on one fixed source checkpoint
Llama-3.1-8B-Instruct/tulu/seed42	piqa	atomic_benchmark	hns_f4_s1 minus scalar_e	retention_rate	0.032258064516129004	-0.017341040462427737	0.08081490581490575	2000	2000	paired test samples conditional on one fixed source checkpoint
Llama-3.1-8B-Instruct/tulu/seed42	piqa	atomic_benchmark	hns_f4_s1 minus scalar_e	new_success_rate	-0.001088139281828074	-0.002720348204570185	0.0	2000	2000	paired test samples conditional on one fixed source checkpoint
Llama-3.1-8B-Instruct/tulu/seed42	piqa	atomic_benchmark	hns_f4_s1 minus scalar_e	new_damage_rate	0.001632208922742111	-0.001088139281828074	0.004352557127312296	2000	2000	paired test samples conditional on one fixed source checkpoint
Llama-3.1-8B-Instruct/tulu/seed42	piqa	atomic_benchmark	hns_f4_s1 minus flat_e	recovery_rate	-0.016260162601625994	-0.05264322310200285	0.014928178655594235	2000	2000	paired test samples conditional on one fixed source checkpoint
Llama-3.1-8B-Instruct/tulu/seed42	piqa	atomic_benchmark	hns_f4_s1 minus flat_e	retention_rate	-0.043010752688172005	-0.08333333333333331	-0.0056810156651257784	2000	2000	paired test samples conditional on one fixed source checkpoint
Llama-3.1-8B-Instruct/tulu/seed42	piqa	atomic_benchmark	hns_f4_s1 minus flat_e	new_success_rate	0.000544069640914037	0.0	0.001632208922742111	2000	2000	paired test samples conditional on one fixed source checkpoint
Llama-3.1-8B-Instruct/tulu/seed42	piqa	atomic_benchmark	hns_f4_s1 minus flat_e	new_damage_rate	0.001632208922742111	0.0	0.003808487486398259	2000	2000	paired test samples conditional on one fixed source checkpoint
Llama-3.1-8B-Instruct/tulu/seed42	piqa	atomic_benchmark	scalar_e minus flat_e	recovery_rate	-0.008130081300813052	-0.06452193084242278	0.04878048780487798	2000	2000	paired test samples conditional on one fixed source checkpoint
Llama-3.1-8B-Instruct/tulu/seed42	piqa	atomic_benchmark	scalar_e minus flat_e	retention_rate	-0.07526881720430101	-0.1243936567164179	-0.03208556149732622	2000	2000	paired test samples conditional on one fixed source checkpoint
Llama-3.1-8B-Instruct/tulu/seed42	piqa	atomic_benchmark	scalar_e minus flat_e	new_success_rate	0.001632208922742111	0.0	0.003808487486398259	2000	2000	paired test samples conditional on one fixed source checkpoint
Llama-3.1-8B-Instruct/tulu/seed42	piqa	atomic_benchmark	scalar_e minus flat_e	new_damage_rate	0.0	-0.0027203482045701846	0.002720348204570185	2000	2000	paired test samples conditional on one fixed source checkpoint
Llama-3.1-8B-Instruct/tulu/seed42	siqa	atomic_benchmark	hns_f4_s1 minus scalar_e	recovery_rate	0.012345679012345678	-0.08219580983078162	0.10667857142857133	2000	2000	paired test samples conditional on one fixed source checkpoint
Llama-3.1-8B-Instruct/tulu/seed42	siqa	atomic_benchmark	hns_f4_s1 minus scalar_e	retention_rate	0.10317460317460314	0.033884180790960367	0.1788774233896185	2000	2000	paired test samples conditional on one fixed source checkpoint
Llama-3.1-8B-Instruct/tulu/seed42	siqa	atomic_benchmark	hns_f4_s1 minus scalar_e	new_success_rate	-0.0020470829068577273	-0.004605936540429888	0.0005117707267144316	2000	2000	paired test samples conditional on one fixed source checkpoint
Llama-3.1-8B-Instruct/tulu/seed42	siqa	atomic_benchmark	hns_f4_s1 minus scalar_e	new_damage_rate	-0.003582395087001023	-0.007164790174002048	0.0	2000	2000	paired test samples conditional on one fixed source checkpoint
Llama-3.1-8B-Instruct/tulu/seed42	siqa	atomic_benchmark	hns_f4_s1 minus flat_e	recovery_rate	0.012345679012345678	0.0	0.043478260869565216	2000	2000	paired test samples conditional on one fixed source checkpoint
Llama-3.1-8B-Instruct/tulu/seed42	siqa	atomic_benchmark	hns_f4_s1 minus flat_e	retention_rate	0.0	-0.037878787878787845	0.03968253968253965	2000	2000	paired test samples conditional on one fixed source checkpoint
Llama-3.1-8B-Instruct/tulu/seed42	siqa	atomic_benchmark	hns_f4_s1 minus flat_e	new_success_rate	0.0	0.0	0.0	2000	2000	paired test samples conditional on one fixed source checkpoint
Llama-3.1-8B-Instruct/tulu/seed42	siqa	atomic_benchmark	hns_f4_s1 minus flat_e	new_damage_rate	-0.001023541453428864	-0.00255885363357216	0.0	2000	2000	paired test samples conditional on one fixed source checkpoint
Llama-3.1-8B-Instruct/tulu/seed42	siqa	atomic_benchmark	scalar_e minus flat_e	recovery_rate	0.0	-0.08773219814241486	0.09195402298850575	2000	2000	paired test samples conditional on one fixed source checkpoint
Llama-3.1-8B-Instruct/tulu/seed42	siqa	atomic_benchmark	scalar_e minus flat_e	retention_rate	-0.10317460317460314	-0.1794871794871794	-0.03389118359208085	2000	2000	paired test samples conditional on one fixed source checkpoint
Llama-3.1-8B-Instruct/tulu/seed42	siqa	atomic_benchmark	scalar_e minus flat_e	new_success_rate	0.0020470829068577273	-0.0005117707267144316	0.004605936540429888	2000	2000	paired test samples conditional on one fixed source checkpoint
Llama-3.1-8B-Instruct/tulu/seed42	siqa	atomic_benchmark	scalar_e minus flat_e	new_damage_rate	0.002558853633572159	-0.0010235414534288632	0.006141248720573183	2000	2000	paired test samples conditional on one fixed source checkpoint
Llama-3.1-8B-Instruct/tulu/seed42	tulu	atomic_benchmark	hns_f4_s1 minus scalar_e	recovery_rate	-0.12962962962962965	-0.2653140943877551	0.0	2000	2000	paired test samples conditional on one fixed source checkpoint
Llama-3.1-8B-Instruct/tulu/seed42	tulu	atomic_benchmark	hns_f4_s1 minus scalar_e	retention_rate	-0.033333333333333326	-0.12729603729603722	0.05882352941176472	2000	2000	paired test samples conditional on one fixed source checkpoint
Llama-3.1-8B-Instruct/tulu/seed42	tulu	atomic_benchmark	hns_f4_s1 minus scalar_e	new_success_rate	0.0036968576709796655	-0.009242144177449167	0.016635859519408505	2000	2000	paired test samples conditional on one fixed source checkpoint
Llama-3.1-8B-Instruct/tulu/seed42	tulu	atomic_benchmark	hns_f4_s1 minus scalar_e	new_damage_rate	0.0018484288354898327	-0.011090573012939002	0.014787430683918669	2000	2000	paired test samples conditional on one fixed source checkpoint
Llama-3.1-8B-Instruct/tulu/seed42	tulu	atomic_benchmark	hns_f4_s1 minus flat_e	recovery_rate	0.0	-0.07547169811320753	0.07692307692307687	2000	2000	paired test samples conditional on one fixed source checkpoint
Llama-3.1-8B-Instruct/tulu/seed42	tulu	atomic_benchmark	hns_f4_s1 minus flat_e	retention_rate	0.01666666666666672	-0.05970895522388066	0.08929237739872066	2000	2000	paired test samples conditional on one fixed source checkpoint
Llama-3.1-8B-Instruct/tulu/seed42	tulu	atomic_benchmark	hns_f4_s1 minus flat_e	new_success_rate	0.0036968576709796655	-0.0036968576709796724	0.012939001848428836	2000	2000	paired test samples conditional on one fixed source checkpoint
Llama-3.1-8B-Instruct/tulu/seed42	tulu	atomic_benchmark	hns_f4_s1 minus flat_e	new_damage_rate	0.003696857670979669	-0.005545286506469502	0.012939001848428836	2000	2000	paired test samples conditional on one fixed source checkpoint
Llama-3.1-8B-Instruct/tulu/seed42	tulu	atomic_benchmark	scalar_e minus flat_e	recovery_rate	0.12962962962962965	0.0	0.2692708333333332	2000	2000	paired test samples conditional on one fixed source checkpoint
Llama-3.1-8B-Instruct/tulu/seed42	tulu	atomic_benchmark	scalar_e minus flat_e	retention_rate	0.050000000000000044	-0.05882352941176472	0.1568697478991596	2000	2000	paired test samples conditional on one fixed source checkpoint
Llama-3.1-8B-Instruct/tulu/seed42	tulu	atomic_benchmark	scalar_e minus flat_e	new_success_rate	0.0	-0.012939001848428836	0.012939001848428836	2000	2000	paired test samples conditional on one fixed source checkpoint
Llama-3.1-8B-Instruct/tulu/seed42	tulu	atomic_benchmark	scalar_e minus flat_e	new_damage_rate	0.0018484288354898362	-0.012939001848428836	0.0166358595194085	2000	2000	paired test samples conditional on one fixed source checkpoint
Llama-3.1-8B-Instruct/tulu/seed42	winogrande	atomic_benchmark	hns_f4_s1 minus scalar_e	recovery_rate	-0.08000000000000002	-0.11294882569921091	-0.04955549921832091	2000	2000	paired test samples conditional on one fixed source checkpoint
Llama-3.1-8B-Instruct/tulu/seed42	winogrande	atomic_benchmark	hns_f4_s1 minus scalar_e	retention_rate	0.08389261744966436	0.0507191480017567	0.11824415140947395	2000	2000	paired test samples conditional on one fixed source checkpoint
Llama-3.1-8B-Instruct/tulu/seed42	winogrande	atomic_benchmark	hns_f4_s1 minus scalar_e	new_success_rate	0.0007892659826361484	0.0	0.0023677979479084454	2000	2000	paired test samples conditional on one fixed source checkpoint
Llama-3.1-8B-Instruct/tulu/seed42	winogrande	atomic_benchmark	hns_f4_s1 minus scalar_e	new_damage_rate	0.0007892659826361484	0.0	0.0023875295974742413	2000	2000	paired test samples conditional on one fixed source checkpoint
Llama-3.1-8B-Instruct/tulu/seed42	winogrande	atomic_benchmark	hns_f4_s1 minus flat_e	recovery_rate	-0.0028571428571428636	-0.022600470543045086	0.017147811725846365	2000	2000	paired test samples conditional on one fixed source checkpoint
Llama-3.1-8B-Instruct/tulu/seed42	winogrande	atomic_benchmark	hns_f4_s1 minus flat_e	retention_rate	0.006711409395973145	-0.014185659120163572	0.027874564459930307	2000	2000	paired test samples conditional on one fixed source checkpoint
Llama-3.1-8B-Instruct/tulu/seed42	winogrande	atomic_benchmark	hns_f4_s1 minus flat_e	new_success_rate	0.0	0.0	0.0	2000	2000	paired test samples conditional on one fixed source checkpoint
Llama-3.1-8B-Instruct/tulu/seed42	winogrande	atomic_benchmark	hns_f4_s1 minus flat_e	new_damage_rate	0.0	0.0	0.0	2000	2000	paired test samples conditional on one fixed source checkpoint
Llama-3.1-8B-Instruct/tulu/seed42	winogrande	atomic_benchmark	scalar_e minus flat_e	recovery_rate	0.07714285714285715	0.046920821114369515	0.10875351599124908	2000	2000	paired test samples conditional on one fixed source checkpoint
Llama-3.1-8B-Instruct/tulu/seed42	winogrande	atomic_benchmark	scalar_e minus flat_e	retention_rate	-0.07718120805369122	-0.10971786833855801	-0.046099290780141855	2000	2000	paired test samples conditional on one fixed source checkpoint
Llama-3.1-8B-Instruct/tulu/seed42	winogrande	atomic_benchmark	scalar_e minus flat_e	new_success_rate	-0.0007892659826361484	-0.0023677979479084454	0.0	2000	2000	paired test samples conditional on one fixed source checkpoint
Llama-3.1-8B-Instruct/tulu/seed42	winogrande	atomic_benchmark	scalar_e minus flat_e	new_damage_rate	-0.0007892659826361484	-0.002387529597474348	0.0	2000	2000	paired test samples conditional on one fixed source checkpoint
Llama-3.1-8B-Instruct/tulu/seed43	arc_challenge	atomic_benchmark	hns_f4_s1 minus scalar_e	recovery_rate	0.03389830508474578	-0.03125	0.10526315789473684	2000	2000	paired test samples conditional on one fixed source checkpoint
Llama-3.1-8B-Instruct/tulu/seed43	arc_challenge	atomic_benchmark	hns_f4_s1 minus scalar_e	retention_rate	-0.04123711340206182	-0.0854761904761904	-0.009174311926605557	2000	2000	paired test samples conditional on one fixed source checkpoint
Llama-3.1-8B-Instruct/tulu/seed43	arc_challenge	atomic_benchmark	hns_f4_s1 minus scalar_e	new_success_rate	0.0008532423208191123	-0.0017064846416382255	0.004266211604095562	2000	2000	paired test samples conditional on one fixed source checkpoint
Llama-3.1-8B-Instruct/tulu/seed43	arc_challenge	atomic_benchmark	hns_f4_s1 minus scalar_e	new_damage_rate	0.004266211604095561	-0.0008532423208191114	0.00938566552901024	2000	2000	paired test samples conditional on one fixed source checkpoint
Llama-3.1-8B-Instruct/tulu/seed43	arc_challenge	atomic_benchmark	hns_f4_s1 minus flat_e	recovery_rate	-0.016949152542372836	-0.05660377358490565	0.0	2000	2000	paired test samples conditional on one fixed source checkpoint
Llama-3.1-8B-Instruct/tulu/seed43	arc_challenge	atomic_benchmark	hns_f4_s1 minus flat_e	retention_rate	0.0	-0.030000000000000027	0.028578296703296674	2000	2000	paired test samples conditional on one fixed source checkpoint
Llama-3.1-8B-Instruct/tulu/seed43	arc_challenge	atomic_benchmark	hns_f4_s1 minus flat_e	new_success_rate	0.002559726962457338	0.0	0.005972696245733789	2000	2000	paired test samples conditional on one fixed source checkpoint
Llama-3.1-8B-Instruct/tulu/seed43	arc_challenge	atomic_benchmark	hns_f4_s1 minus flat_e	new_damage_rate	-0.0008532423208191149	-0.005119453924914676	0.002559726962457338	2000	2000	paired test samples conditional on one fixed source checkpoint
Llama-3.1-8B-Instruct/tulu/seed43	arc_challenge	atomic_benchmark	scalar_e minus flat_e	recovery_rate	-0.05084745762711862	-0.1272727272727273	0.01819023569023565	2000	2000	paired test samples conditional on one fixed source checkpoint
Llama-3.1-8B-Instruct/tulu/seed43	arc_challenge	atomic_benchmark	scalar_e minus flat_e	retention_rate	0.04123711340206182	0.009433962264150941	0.08603146156909595	2000	2000	paired test samples conditional on one fixed source checkpoint
Llama-3.1-8B-Instruct/tulu/seed43	arc_challenge	atomic_benchmark	scalar_e minus flat_e	new_success_rate	0.0017064846416382255	0.0	0.004266211604095563	2000	2000	paired test samples conditional on one fixed source checkpoint
Llama-3.1-8B-Instruct/tulu/seed43	arc_challenge	atomic_benchmark	scalar_e minus flat_e	new_damage_rate	-0.005119453924914676	-0.010238907849829353	0.0	2000	2000	paired test samples conditional on one fixed source checkpoint
Llama-3.1-8B-Instruct/tulu/seed43	arc_easy	atomic_benchmark	hns_f4_s1 minus scalar_e	recovery_rate	0.0	0.0	0.0	2000	2000	paired test samples conditional on one fixed source checkpoint
Llama-3.1-8B-Instruct/tulu/seed43	arc_easy	atomic_benchmark	hns_f4_s1 minus scalar_e	retention_rate	0.01904761904761909	-0.026321611551001368	0.06521739130434778	2000	2000	paired test samples conditional on one fixed source checkpoint
Llama-3.1-8B-Instruct/tulu/seed43	arc_easy	atomic_benchmark	hns_f4_s1 minus scalar_e	new_success_rate	0.0012626262626262625	-0.0004208754208754207	0.0033670033670033664	2000	2000	paired test samples conditional on one fixed source checkpoint
Llama-3.1-8B-Instruct/tulu/seed43	arc_easy	atomic_benchmark	hns_f4_s1 minus scalar_e	new_damage_rate	0.0021043771043771035	0.0004208754208754207	0.004208754208754209	2000	2000	paired test samples conditional on one fixed source checkpoint
Llama-3.1-8B-Instruct/tulu/seed43	arc_easy	atomic_benchmark	hns_f4_s1 minus flat_e	recovery_rate	0.0	0.0	0.0	2000	2000	paired test samples conditional on one fixed source checkpoint
Llama-3.1-8B-Instruct/tulu/seed43	arc_easy	atomic_benchmark	hns_f4_s1 minus flat_e	retention_rate	0.02857142857142858	-0.010309278350515427	0.07340173829068079	2000	2000	paired test samples conditional on one fixed source checkpoint
Llama-3.1-8B-Instruct/tulu/seed43	arc_easy	atomic_benchmark	hns_f4_s1 minus flat_e	new_success_rate	0.0	0.0	0.0	2000	2000	paired test samples conditional on one fixed source checkpoint
Llama-3.1-8B-Instruct/tulu/seed43	arc_easy	atomic_benchmark	hns_f4_s1 minus flat_e	new_damage_rate	0.0004208754208754207	-0.0008417508417508431	0.0021043771043771035	2000	2000	paired test samples conditional on one fixed source checkpoint
Llama-3.1-8B-Instruct/tulu/seed43	arc_easy	atomic_benchmark	scalar_e minus flat_e	recovery_rate	0.0	0.0	0.0	2000	2000	paired test samples conditional on one fixed source checkpoint
Llama-3.1-8B-Instruct/tulu/seed43	arc_easy	atomic_benchmark	scalar_e minus flat_e	retention_rate	0.00952380952380949	-0.03883495145631066	0.05770631067961148	2000	2000	paired test samples conditional on one fixed source checkpoint
Llama-3.1-8B-Instruct/tulu/seed43	arc_easy	atomic_benchmark	scalar_e minus flat_e	new_success_rate	-0.0012626262626262625	-0.0033670033670033664	0.0004208754208754207	2000	2000	paired test samples conditional on one fixed source checkpoint
Llama-3.1-8B-Instruct/tulu/seed43	arc_easy	atomic_benchmark	scalar_e minus flat_e	new_damage_rate	-0.0016835016835016828	-0.003787878787878788	1.05218855218281e-05	2000	2000	paired test samples conditional on one fixed source checkpoint
Llama-3.1-8B-Instruct/tulu/seed43	boolq	atomic_benchmark	hns_f4_s1 minus scalar_e	recovery_rate	0.045454545454545414	0.0	0.09090909090909094	2000	2000	paired test samples conditional on one fixed source checkpoint
Llama-3.1-8B-Instruct/tulu/seed43	boolq	atomic_benchmark	hns_f4_s1 minus scalar_e	retention_rate	-0.040000000000000036	-0.10577986725663718	0.0223922679833913	2000	2000	paired test samples conditional on one fixed source checkpoint
Llama-3.1-8B-Instruct/tulu/seed43	boolq	atomic_benchmark	hns_f4_s1 minus scalar_e	new_success_rate	0.0003058103975535167	-0.0009174311926605505	0.0015290519877675848	2000	2000	paired test samples conditional on one fixed source checkpoint
Llama-3.1-8B-Instruct/tulu/seed43	boolq	atomic_benchmark	hns_f4_s1 minus scalar_e	new_damage_rate	0.0	-0.0018348623853211008	0.0015290519877675843	2000	2000	paired test samples conditional on one fixed source checkpoint
Llama-3.1-8B-Instruct/tulu/seed43	boolq	atomic_benchmark	hns_f4_s1 minus flat_e	recovery_rate	-0.015151515151515138	-0.05303030303030298	0.020408163265306038	2000	2000	paired test samples conditional on one fixed source checkpoint
Llama-3.1-8B-Instruct/tulu/seed43	boolq	atomic_benchmark	hns_f4_s1 minus flat_e	retention_rate	0.023999999999999966	-0.023631496062992138	0.07352941176470584	2000	2000	paired test samples conditional on one fixed source checkpoint
Llama-3.1-8B-Instruct/tulu/seed43	boolq	atomic_benchmark	hns_f4_s1 minus flat_e	new_success_rate	-0.0003058103975535167	-0.0015290519877675848	0.0009174311926605505	2000	2000	paired test samples conditional on one fixed source checkpoint
Llama-3.1-8B-Instruct/tulu/seed43	boolq	atomic_benchmark	hns_f4_s1 minus flat_e	new_damage_rate	0.0003058103975535169	-0.0006116207951070338	0.0012232415902140676	2000	2000	paired test samples conditional on one fixed source checkpoint
Llama-3.1-8B-Instruct/tulu/seed43	boolq	atomic_benchmark	scalar_e minus flat_e	recovery_rate	-0.06060606060606055	-0.1061993974769346	-0.023622047244094557	2000	2000	paired test samples conditional on one fixed source checkpoint
Llama-3.1-8B-Instruct/tulu/seed43	boolq	atomic_benchmark	scalar_e minus flat_e	retention_rate	0.064	0.007692307692307665	0.12844364351245083	2000	2000	paired test samples conditional on one fixed source checkpoint
Llama-3.1-8B-Instruct/tulu/seed43	boolq	atomic_benchmark	scalar_e minus flat_e	new_success_rate	-0.0006116207951070334	-0.001834862385321101	0.0003058103975535171	2000	2000	paired test samples conditional on one fixed source checkpoint
Llama-3.1-8B-Instruct/tulu/seed43	boolq	atomic_benchmark	scalar_e minus flat_e	new_damage_rate	0.0003058103975535169	-0.0009174311926605505	0.0015290519877675843	2000	2000	paired test samples conditional on one fixed source checkpoint
Llama-3.1-8B-Instruct/tulu/seed43	hellaswag	atomic_benchmark	hns_f4_s1 minus scalar_e	recovery_rate	0.0506993006993007	0.027491408934707917	0.07567589328458894	2000	2000	paired test samples conditional on one fixed source checkpoint
Llama-3.1-8B-Instruct/tulu/seed43	hellaswag	atomic_benchmark	hns_f4_s1 minus scalar_e	retention_rate	0.010752688172043001	-0.008611642106825964	0.029851542713327676	2000	2000	paired test samples conditional on one fixed source checkpoint
Llama-3.1-8B-Instruct/tulu/seed43	hellaswag	atomic_benchmark	hns_f4_s1 minus scalar_e	new_success_rate	0.0012945628360884285	0.0004979087831109338	0.00219079864568811	2000	2000	paired test samples conditional on one fixed source checkpoint
Llama-3.1-8B-Instruct/tulu/seed43	hellaswag	atomic_benchmark	hns_f4_s1 minus scalar_e	new_damage_rate	-0.004282015534754033	-0.006074487153953395	-0.002589125672176857	2000	2000	paired test samples conditional on one fixed source checkpoint
Llama-3.1-8B-Instruct/tulu/seed43	hellaswag	atomic_benchmark	hns_f4_s1 minus flat_e	recovery_rate	0.00874125874125875	-0.006968641114982577	0.025041736227045086	2000	2000	paired test samples conditional on one fixed source checkpoint
Llama-3.1-8B-Instruct/tulu/seed43	hellaswag	atomic_benchmark	hns_f4_s1 minus flat_e	retention_rate	-0.005376344086021501	-0.019154819379412377	0.007816277374857773	2000	2000	paired test samples conditional on one fixed source checkpoint
Llama-3.1-8B-Instruct/tulu/seed43	hellaswag	atomic_benchmark	hns_f4_s1 minus flat_e	new_success_rate	0.0006970722963553079	0.0	0.0013941445927106158	2000	2000	paired test samples conditional on one fixed source checkpoint
Llama-3.1-8B-Instruct/tulu/seed43	hellaswag	atomic_benchmark	hns_f4_s1 minus flat_e	new_damage_rate	-0.00019916351324437281	-0.001194981079466242	0.0007966540529774947	2000	2000	paired test samples conditional on one fixed source checkpoint
Llama-3.1-8B-Instruct/tulu/seed43	hellaswag	atomic_benchmark	scalar_e minus flat_e	recovery_rate	-0.04195804195804195	-0.06613679452657031	-0.020504217847722786	2000	2000	paired test samples conditional on one fixed source checkpoint
Llama-3.1-8B-Instruct/tulu/seed43	hellaswag	atomic_benchmark	scalar_e minus flat_e	retention_rate	-0.016129032258064502	-0.033971178513168665	0.00110751199704685	2000	2000	paired test samples conditional on one fixed source checkpoint
Llama-3.1-8B-Instruct/tulu/seed43	hellaswag	atomic_benchmark	scalar_e minus flat_e	new_success_rate	-0.0005974905397331206	-0.0014937263493328022	0.0002987452698665601	2000	2000	paired test samples conditional on one fixed source checkpoint
Llama-3.1-8B-Instruct/tulu/seed43	hellaswag	atomic_benchmark	scalar_e minus flat_e	new_damage_rate	0.00408285202150966	0.002389962158932484	0.005875323640709022	2000	2000	paired test samples conditional on one fixed source checkpoint
Llama-3.1-8B-Instruct/tulu/seed43	magicoder	atomic_benchmark	hns_f4_s1 minus scalar_e	recovery_rate	-0.11111111111111116	-0.5	0.2857142857142857	2000	2000	paired test samples conditional on one fixed source checkpoint
Llama-3.1-8B-Instruct/tulu/seed43	magicoder	atomic_benchmark	hns_f4_s1 minus scalar_e	retention_rate	0.0714285714285714	-0.06456989247311833	0.21742527173913032	2000	2000	paired test samples conditional on one fixed source checkpoint
Llama-3.1-8B-Instruct/tulu/seed43	magicoder	atomic_benchmark	hns_f4_s1 minus scalar_e	new_success_rate	-0.006097560975609756	-0.01829268292682927	0.0	2000	2000	paired test samples conditional on one fixed source checkpoint
Llama-3.1-8B-Instruct/tulu/seed43	magicoder	atomic_benchmark	hns_f4_s1 minus scalar_e	new_damage_rate	-0.006097560975609755	-0.01829268292682927	0.0	2000	2000	paired test samples conditional on one fixed source checkpoint
Llama-3.1-8B-Instruct/tulu/seed43	magicoder	atomic_benchmark	hns_f4_s1 minus flat_e	recovery_rate	-0.11111111111111116	-0.3639204545454545	0.0	2000	2000	paired test samples conditional on one fixed source checkpoint
Llama-3.1-8B-Instruct/tulu/seed43	magicoder	atomic_benchmark	hns_f4_s1 minus flat_e	retention_rate	0.0357142857142857	0.0	0.125	2000	2000	paired test samples conditional on one fixed source checkpoint
Llama-3.1-8B-Instruct/tulu/seed43	magicoder	atomic_benchmark	hns_f4_s1 minus flat_e	new_success_rate	-0.006097560975609756	-0.01829268292682927	0.0	2000	2000	paired test samples conditional on one fixed source checkpoint
Llama-3.1-8B-Instruct/tulu/seed43	magicoder	atomic_benchmark	hns_f4_s1 minus flat_e	new_damage_rate	0.0	-0.018292682926829267	0.018292682926829267	2000	2000	paired test samples conditional on one fixed source checkpoint
Llama-3.1-8B-Instruct/tulu/seed43	magicoder	atomic_benchmark	scalar_e minus flat_e	recovery_rate	0.0	-0.33333333333333337	0.3333333333333333	2000	2000	paired test samples conditional on one fixed source checkpoint
Llama-3.1-8B-Instruct/tulu/seed43	magicoder	atomic_benchmark	scalar_e minus flat_e	retention_rate	-0.0357142857142857	-0.16142473118279566	0.08695652173913049	2000	2000	paired test samples conditional on one fixed source checkpoint
Llama-3.1-8B-Instruct/tulu/seed43	magicoder	atomic_benchmark	scalar_e minus flat_e	new_success_rate	0.0	0.0	0.0	2000	2000	paired test samples conditional on one fixed source checkpoint
Llama-3.1-8B-Instruct/tulu/seed43	magicoder	atomic_benchmark	scalar_e minus flat_e	new_damage_rate	0.006097560975609755	0.0	0.01829268292682927	2000	2000	paired test samples conditional on one fixed source checkpoint
Llama-3.1-8B-Instruct/tulu/seed43	metamath	atomic_benchmark	hns_f4_s1 minus scalar_e	recovery_rate	-0.010204081632653073	-0.11460336538461542	0.09638554216867468	2000	2000	paired test samples conditional on one fixed source checkpoint
Llama-3.1-8B-Instruct/tulu/seed43	metamath	atomic_benchmark	hns_f4_s1 minus scalar_e	retention_rate	0.01526717557251911	-0.06780624036979974	0.09029356060606053	2000	2000	paired test samples conditional on one fixed source checkpoint
Llama-3.1-8B-Instruct/tulu/seed43	metamath	atomic_benchmark	hns_f4_s1 minus scalar_e	new_success_rate	0.011372251705837756	0.0007581501137225233	0.021986353297952996	2000	2000	paired test samples conditional on one fixed source checkpoint
Llama-3.1-8B-Instruct/tulu/seed43	metamath	atomic_benchmark	hns_f4_s1 minus scalar_e	new_damage_rate	0.004548900682335103	-0.0037907505686125866	0.013646702047005306	2000	2000	paired test samples conditional on one fixed source checkpoint
Llama-3.1-8B-Instruct/tulu/seed43	metamath	atomic_benchmark	hns_f4_s1 minus flat_e	recovery_rate	0.010204081632652962	-0.060015151515151514	0.07692307692307687	2000	2000	paired test samples conditional on one fixed source checkpoint
Llama-3.1-8B-Instruct/tulu/seed43	metamath	atomic_benchmark	hns_f4_s1 minus flat_e	retention_rate	0.022900763358778664	-0.0234375	0.06780624036979957	2000	2000	paired test samples conditional on one fixed source checkpoint
Llama-3.1-8B-Instruct/tulu/seed43	metamath	atomic_benchmark	hns_f4_s1 minus flat_e	new_success_rate	0.0	-0.005307050796057623	0.005326004548900583	2000	2000	paired test samples conditional on one fixed source checkpoint
Llama-3.1-8B-Instruct/tulu/seed43	metamath	atomic_benchmark	hns_f4_s1 minus flat_e	new_damage_rate	0.0015163002274450332	-0.005307050796057623	0.008358605003790648	2000	2000	paired test samples conditional on one fixed source checkpoint
Llama-3.1-8B-Instruct/tulu/seed43	metamath	atomic_benchmark	scalar_e minus flat_e	recovery_rate	0.020408163265306034	-0.07999999999999996	0.12037315930388222	2000	2000	paired test samples conditional on one fixed source checkpoint
Llama-3.1-8B-Instruct/tulu/seed43	metamath	atomic_benchmark	scalar_e minus flat_e	retention_rate	0.007633587786259555	-0.06724113374163233	0.08264462809917361	2000	2000	paired test samples conditional on one fixed source checkpoint
Llama-3.1-8B-Instruct/tulu/seed43	metamath	atomic_benchmark	scalar_e minus flat_e	new_success_rate	-0.011372251705837756	-0.02122820318423048	-0.0015163002274450332	2000	2000	paired test samples conditional on one fixed source checkpoint
Llama-3.1-8B-Instruct/tulu/seed43	metamath	atomic_benchmark	scalar_e minus flat_e	new_damage_rate	-0.00303260045489007	-0.011372251705837756	0.004548900682335103	2000	2000	paired test samples conditional on one fixed source checkpoint
Llama-3.1-8B-Instruct/tulu/seed43	openbookqa	atomic_benchmark	hns_f4_s1 minus scalar_e	recovery_rate	-0.06666666666666665	-0.2222222222222222	0.0	2000	2000	paired test samples conditional on one fixed source checkpoint
Llama-3.1-8B-Instruct/tulu/seed43	openbookqa	atomic_benchmark	hns_f4_s1 minus scalar_e	retention_rate	-0.10204081632653061	-0.21153846153846156	0.0	2000	2000	paired test samples conditional on one fixed source checkpoint
Llama-3.1-8B-Instruct/tulu/seed43	openbookqa	atomic_benchmark	hns_f4_s1 minus scalar_e	new_success_rate	0.002	0.0	0.006	2000	2000	paired test samples conditional on one fixed source checkpoint
Llama-3.1-8B-Instruct/tulu/seed43	openbookqa	atomic_benchmark	hns_f4_s1 minus scalar_e	new_damage_rate	0.002	-0.004	0.009999999999999998	2000	2000	paired test samples conditional on one fixed source checkpoint
Llama-3.1-8B-Instruct/tulu/seed43	openbookqa	atomic_benchmark	hns_f4_s1 minus flat_e	recovery_rate	0.0	0.0	0.0	2000	2000	paired test samples conditional on one fixed source checkpoint
Llama-3.1-8B-Instruct/tulu/seed43	openbookqa	atomic_benchmark	hns_f4_s1 minus flat_e	retention_rate	0.06122448979591838	0.0	0.1395348837209302	2000	2000	paired test samples conditional on one fixed source checkpoint
Llama-3.1-8B-Instruct/tulu/seed43	openbookqa	atomic_benchmark	hns_f4_s1 minus flat_e	new_success_rate	0.0	0.0	0.0	2000	2000	paired test samples conditional on one fixed source checkpoint
Llama-3.1-8B-Instruct/tulu/seed43	openbookqa	atomic_benchmark	hns_f4_s1 minus flat_e	new_damage_rate	0.002	0.0	0.006	2000	2000	paired test samples conditional on one fixed source checkpoint
Llama-3.1-8B-Instruct/tulu/seed43	openbookqa	atomic_benchmark	scalar_e minus flat_e	recovery_rate	0.06666666666666665	0.0	0.2222222222222222	2000	2000	paired test samples conditional on one fixed source checkpoint
Llama-3.1-8B-Instruct/tulu/seed43	openbookqa	atomic_benchmark	scalar_e minus flat_e	retention_rate	0.163265306122449	0.06557377049180324	0.2745098039215686	2000	2000	paired test samples conditional on one fixed source checkpoint
Llama-3.1-8B-Instruct/tulu/seed43	openbookqa	atomic_benchmark	scalar_e minus flat_e	new_success_rate	-0.002	-0.006	0.0	2000	2000	paired test samples conditional on one fixed source checkpoint
Llama-3.1-8B-Instruct/tulu/seed43	openbookqa	atomic_benchmark	scalar_e minus flat_e	new_damage_rate	0.0	-0.006	0.006	2000	2000	paired test samples conditional on one fixed source checkpoint
Llama-3.1-8B-Instruct/tulu/seed43	piqa	atomic_benchmark	hns_f4_s1 minus scalar_e	recovery_rate	0.023121387283236983	-0.011699366760095503	0.06077853389031121	2000	2000	paired test samples conditional on one fixed source checkpoint
Llama-3.1-8B-Instruct/tulu/seed43	piqa	atomic_benchmark	hns_f4_s1 minus scalar_e	retention_rate	-0.012711864406779627	-0.047435535479013795	0.023541176470588197	2000	2000	paired test samples conditional on one fixed source checkpoint
Llama-3.1-8B-Instruct/tulu/seed43	piqa	atomic_benchmark	hns_f4_s1 minus scalar_e	new_success_rate	0.001088139281828074	0.0	0.002720348204570185	2000	2000	paired test samples conditional on one fixed source checkpoint
Llama-3.1-8B-Instruct/tulu/seed43	piqa	atomic_benchmark	hns_f4_s1 minus scalar_e	new_damage_rate	-0.001632208922742111	-0.003808487486398259	0.0	2000	2000	paired test samples conditional on one fixed source checkpoint
Llama-3.1-8B-Instruct/tulu/seed43	piqa	atomic_benchmark	hns_f4_s1 minus flat_e	recovery_rate	0.017341040462427793	-0.005918040293040322	0.045454545454545525	2000	2000	paired test samples conditional on one fixed source checkpoint
Llama-3.1-8B-Instruct/tulu/seed43	piqa	atomic_benchmark	hns_f4_s1 minus flat_e	retention_rate	0.0	-0.021741503702297306	0.022565875698420255	2000	2000	paired test samples conditional on one fixed source checkpoint
Llama-3.1-8B-Instruct/tulu/seed43	piqa	atomic_benchmark	hns_f4_s1 minus flat_e	new_success_rate	0.000544069640914037	-0.001088139281828074	0.0027203482045701846	2000	2000	paired test samples conditional on one fixed source checkpoint
Llama-3.1-8B-Instruct/tulu/seed43	piqa	atomic_benchmark	hns_f4_s1 minus flat_e	new_damage_rate	-0.001088139281828074	-0.002720348204570185	0.0	2000	2000	paired test samples conditional on one fixed source checkpoint
Llama-3.1-8B-Instruct/tulu/seed43	piqa	atomic_benchmark	scalar_e minus flat_e	recovery_rate	-0.00578034682080919	-0.03508771929824561	0.025649350649350516	2000	2000	paired test samples conditional on one fixed source checkpoint
Llama-3.1-8B-Instruct/tulu/seed43	piqa	atomic_benchmark	scalar_e minus flat_e	retention_rate	0.012711864406779627	-0.025319137524136472	0.04981321839080466	2000	2000	paired test samples conditional on one fixed source checkpoint
Llama-3.1-8B-Instruct/tulu/seed43	piqa	atomic_benchmark	scalar_e minus flat_e	new_success_rate	-0.000544069640914037	-0.002720348204570185	0.001088139281828074	2000	2000	paired test samples conditional on one fixed source checkpoint
Llama-3.1-8B-Instruct/tulu/seed43	piqa	atomic_benchmark	scalar_e minus flat_e	new_damage_rate	0.000544069640914037	-0.001632208922742111	0.002720348204570185	2000	2000	paired test samples conditional on one fixed source checkpoint
Llama-3.1-8B-Instruct/tulu/seed43	siqa	atomic_benchmark	hns_f4_s1 minus scalar_e	recovery_rate	-0.05102040816326531	-0.12381345926800473	0.023529411764705854	2000	2000	paired test samples conditional on one fixed source checkpoint
Llama-3.1-8B-Instruct/tulu/seed43	siqa	atomic_benchmark	hns_f4_s1 minus scalar_e	retention_rate	-0.013071895424836666	-0.05780999440611595	0.029198147436718277	2000	2000	paired test samples conditional on one fixed source checkpoint
Llama-3.1-8B-Instruct/tulu/seed43	siqa	atomic_benchmark	hns_f4_s1 minus scalar_e	new_success_rate	-0.001023541453428864	-0.0030706243602865915	0.0010235414534288637	2000	2000	paired test samples conditional on one fixed source checkpoint
Llama-3.1-8B-Instruct/tulu/seed43	siqa	atomic_benchmark	hns_f4_s1 minus scalar_e	new_damage_rate	0.0	-0.0025588536335721594	0.0025588536335721594	2000	2000	paired test samples conditional on one fixed source checkpoint
Llama-3.1-8B-Instruct/tulu/seed43	siqa	atomic_benchmark	hns_f4_s1 minus flat_e	recovery_rate	-0.030612244897959218	-0.07692307692307693	0.011363636363636354	2000	2000	paired test samples conditional on one fixed source checkpoint
Llama-3.1-8B-Instruct/tulu/seed43	siqa	atomic_benchmark	hns_f4_s1 minus flat_e	retention_rate	-0.019607843137254943	-0.043485054347826055	0.0	2000	2000	paired test samples conditional on one fixed source checkpoint
Llama-3.1-8B-Instruct/tulu/seed43	siqa	atomic_benchmark	hns_f4_s1 minus flat_e	new_success_rate	0.0	-0.0020470829068577273	0.002047082906857728	2000	2000	paired test samples conditional on one fixed source checkpoint
Llama-3.1-8B-Instruct/tulu/seed43	siqa	atomic_benchmark	hns_f4_s1 minus flat_e	new_damage_rate	-0.0010235414534288637	-0.00255885363357216	0.0	2000	2000	paired test samples conditional on one fixed source checkpoint
Llama-3.1-8B-Instruct/tulu/seed43	siqa	atomic_benchmark	scalar_e minus flat_e	recovery_rate	0.02040816326530609	-0.040010101010101044	0.08421052631578951	2000	2000	paired test samples conditional on one fixed source checkpoint
Llama-3.1-8B-Instruct/tulu/seed43	siqa	atomic_benchmark	scalar_e minus flat_e	retention_rate	-0.006535947712418277	-0.05556526806526809	0.04402515723270439	2000	2000	paired test samples conditional on one fixed source checkpoint
Llama-3.1-8B-Instruct/tulu/seed43	siqa	atomic_benchmark	scalar_e minus flat_e	new_success_rate	0.001023541453428864	-0.0010235414534288637	0.003070624360286592	2000	2000	paired test samples conditional on one fixed source checkpoint
Llama-3.1-8B-Instruct/tulu/seed43	siqa	atomic_benchmark	scalar_e minus flat_e	new_damage_rate	-0.0010235414534288637	-0.003582395087001023	0.001036335721596655	2000	2000	paired test samples conditional on one fixed source checkpoint
Llama-3.1-8B-Instruct/tulu/seed43	tulu	atomic_benchmark	hns_f4_s1 minus scalar_e	recovery_rate	0.05263157894736842	-0.047619047619047616	0.15254237288135597	2000	2000	paired test samples conditional on one fixed source checkpoint
Llama-3.1-8B-Instruct/tulu/seed43	tulu	atomic_benchmark	hns_f4_s1 minus scalar_e	retention_rate	0.06557377049180335	-0.033333333333333326	0.17243037135278508	2000	2000	paired test samples conditional on one fixed source checkpoint
Llama-3.1-8B-Instruct/tulu/seed43	tulu	atomic_benchmark	hns_f4_s1 minus scalar_e	new_success_rate	0.0	-0.012939001848428836	0.012939001848428836	2000	2000	paired test samples conditional on one fixed source checkpoint
Llama-3.1-8B-Instruct/tulu/seed43	tulu	atomic_benchmark	hns_f4_s1 minus scalar_e	new_damage_rate	-0.0036968576709796655	-0.016635859519408505	0.009242144177449169	2000	2000	paired test samples conditional on one fixed source checkpoint
Llama-3.1-8B-Instruct/tulu/seed43	tulu	atomic_benchmark	hns_f4_s1 minus flat_e	recovery_rate	0.03508771929824561	-0.05882352941176472	0.12904719235364392	2000	2000	paired test samples conditional on one fixed source checkpoint
Llama-3.1-8B-Instruct/tulu/seed43	tulu	atomic_benchmark	hns_f4_s1 minus flat_e	retention_rate	0.0	-0.04477611940298509	0.04999999999999993	2000	2000	paired test samples conditional on one fixed source checkpoint
Llama-3.1-8B-Instruct/tulu/seed43	tulu	atomic_benchmark	hns_f4_s1 minus flat_e	new_success_rate	0.0018484288354898362	-0.009242144177449167	0.012939001848428836	2000	2000	paired test samples conditional on one fixed source checkpoint
Llama-3.1-8B-Instruct/tulu/seed43	tulu	atomic_benchmark	hns_f4_s1 minus flat_e	new_damage_rate	-0.011090573012939	-0.024029574861367836	0.0	2000	2000	paired test samples conditional on one fixed source checkpoint
Llama-3.1-8B-Instruct/tulu/seed43	tulu	atomic_benchmark	scalar_e minus flat_e	recovery_rate	-0.017543859649122806	-0.1379442970822281	0.10526315789473684	2000	2000	paired test samples conditional on one fixed source checkpoint
Llama-3.1-8B-Instruct/tulu/seed43	tulu	atomic_benchmark	scalar_e minus flat_e	retention_rate	-0.06557377049180335	-0.17307692307692313	0.046893601190476086	2000	2000	paired test samples conditional on one fixed source checkpoint
Llama-3.1-8B-Instruct/tulu/seed43	tulu	atomic_benchmark	scalar_e minus flat_e	new_success_rate	0.0018484288354898362	-0.011090573012939	0.014787430683918669	2000	2000	paired test samples conditional on one fixed source checkpoint
Llama-3.1-8B-Instruct/tulu/seed43	tulu	atomic_benchmark	scalar_e minus flat_e	new_damage_rate	-0.0073937153419593345	-0.022181146025878007	0.0073937153419593345	2000	2000	paired test samples conditional on one fixed source checkpoint
Llama-3.1-8B-Instruct/tulu/seed43	winogrande	atomic_benchmark	hns_f4_s1 minus scalar_e	recovery_rate	-0.06862745098039214	-0.10197368421052627	-0.038831819605386786	2000	2000	paired test samples conditional on one fixed source checkpoint
Llama-3.1-8B-Instruct/tulu/seed43	winogrande	atomic_benchmark	hns_f4_s1 minus scalar_e	retention_rate	0.052238805970149294	0.015151515151515246	0.0912408759124087	2000	2000	paired test samples conditional on one fixed source checkpoint
Llama-3.1-8B-Instruct/tulu/seed43	winogrande	atomic_benchmark	hns_f4_s1 minus scalar_e	new_success_rate	-0.0015785319652722968	-0.003946329913180742	0.0	2000	2000	paired test samples conditional on one fixed source checkpoint
Llama-3.1-8B-Instruct/tulu/seed43	winogrande	atomic_benchmark	hns_f4_s1 minus scalar_e	new_damage_rate	-0.0007892659826361486	-0.0023677979479084454	0.0	2000	2000	paired test samples conditional on one fixed source checkpoint
Llama-3.1-8B-Instruct/tulu/seed43	winogrande	atomic_benchmark	hns_f4_s1 minus flat_e	recovery_rate	-0.022875816993464027	-0.05137179007179666	0.0035097051138484564	2000	2000	paired test samples conditional on one fixed source checkpoint
Llama-3.1-8B-Instruct/tulu/seed43	winogrande	atomic_benchmark	hns_f4_s1 minus flat_e	retention_rate	0.0	-0.028815586419753066	0.028458188153310075	2000	2000	paired test samples conditional on one fixed source checkpoint
Llama-3.1-8B-Instruct/tulu/seed43	winogrande	atomic_benchmark	hns_f4_s1 minus flat_e	new_success_rate	0.0	0.0	0.0	2000	2000	paired test samples conditional on one fixed source checkpoint
Llama-3.1-8B-Instruct/tulu/seed43	winogrande	atomic_benchmark	hns_f4_s1 minus flat_e	new_damage_rate	0.0	0.0	0.0	2000	2000	paired test samples conditional on one fixed source checkpoint
Llama-3.1-8B-Instruct/tulu/seed43	winogrande	atomic_benchmark	scalar_e minus flat_e	recovery_rate	0.04575163398692811	0.012819488817891384	0.08198152485037721	2000	2000	paired test samples conditional on one fixed source checkpoint
Llama-3.1-8B-Instruct/tulu/seed43	winogrande	atomic_benchmark	scalar_e minus flat_e	retention_rate	-0.052238805970149294	-0.08956833479660524	-0.017725830533781364	2000	2000	paired test samples conditional on one fixed source checkpoint
Llama-3.1-8B-Instruct/tulu/seed43	winogrande	atomic_benchmark	scalar_e minus flat_e	new_success_rate	0.0015785319652722968	0.0	0.003946329913180742	2000	2000	paired test samples conditional on one fixed source checkpoint
Llama-3.1-8B-Instruct/tulu/seed43	winogrande	atomic_benchmark	scalar_e minus flat_e	new_damage_rate	0.0007892659826361486	0.0	0.0023677979479084454	2000	2000	paired test samples conditional on one fixed source checkpoint
Llama-3.1-8B-Instruct/tulu/seed44	arc_challenge	atomic_benchmark	hns_f4_s1 minus scalar_e	recovery_rate	0.054545454545454536	-0.01999999999999999	0.13207547169811323	2000	2000	paired test samples conditional on one fixed source checkpoint
Llama-3.1-8B-Instruct/tulu/seed44	arc_challenge	atomic_benchmark	hns_f4_s1 minus scalar_e	retention_rate	-0.022222222222222143	-0.07843688037012553	0.029419044845661005	2000	2000	paired test samples conditional on one fixed source checkpoint
Llama-3.1-8B-Instruct/tulu/seed44	arc_challenge	atomic_benchmark	hns_f4_s1 minus scalar_e	new_success_rate	0.0	-0.0034129692832764505	0.0034129692832764505	2000	2000	paired test samples conditional on one fixed source checkpoint
Llama-3.1-8B-Instruct/tulu/seed44	arc_challenge	atomic_benchmark	hns_f4_s1 minus scalar_e	new_damage_rate	0.004266211604095561	-0.0017064846416382298	0.011092150170648466	2000	2000	paired test samples conditional on one fixed source checkpoint
Llama-3.1-8B-Instruct/tulu/seed44	arc_challenge	atomic_benchmark	hns_f4_s1 minus flat_e	recovery_rate	0.018181818181818188	0.0	0.06382978723404253	2000	2000	paired test samples conditional on one fixed source checkpoint
Llama-3.1-8B-Instruct/tulu/seed44	arc_challenge	atomic_benchmark	hns_f4_s1 minus flat_e	retention_rate	0.0	-0.032976190476190576	0.033333333333333326	2000	2000	paired test samples conditional on one fixed source checkpoint
Llama-3.1-8B-Instruct/tulu/seed44	arc_challenge	atomic_benchmark	hns_f4_s1 minus flat_e	new_success_rate	0.0	0.0	0.0	2000	2000	paired test samples conditional on one fixed source checkpoint
Llama-3.1-8B-Instruct/tulu/seed44	arc_challenge	atomic_benchmark	hns_f4_s1 minus flat_e	new_damage_rate	0.0	-0.004266211604095561	0.004266211604095564	2000	2000	paired test samples conditional on one fixed source checkpoint
Llama-3.1-8B-Instruct/tulu/seed44	arc_challenge	atomic_benchmark	scalar_e minus flat_e	recovery_rate	-0.03636363636363635	-0.10526315789473684	0.03125	2000	2000	paired test samples conditional on one fixed source checkpoint
Llama-3.1-8B-Instruct/tulu/seed44	arc_challenge	atomic_benchmark	scalar_e minus flat_e	retention_rate	0.022222222222222143	-0.02020202020202022	0.06931844347225409	2000	2000	paired test samples conditional on one fixed source checkpoint
Llama-3.1-8B-Instruct/tulu/seed44	arc_challenge	atomic_benchmark	scalar_e minus flat_e	new_success_rate	0.0	-0.0034129692832764505	0.0034129692832764505	2000	2000	paired test samples conditional on one fixed source checkpoint
Llama-3.1-8B-Instruct/tulu/seed44	arc_challenge	atomic_benchmark	scalar_e minus flat_e	new_damage_rate	-0.004266211604095561	-0.010238907849829348	0.0008532423208191114	2000	2000	paired test samples conditional on one fixed source checkpoint
Llama-3.1-8B-Instruct/tulu/seed44	arc_easy	atomic_benchmark	hns_f4_s1 minus scalar_e	recovery_rate	0.05769230769230771	-0.023255813953488358	0.14707087753134032	2000	2000	paired test samples conditional on one fixed source checkpoint
Llama-3.1-8B-Instruct/tulu/seed44	arc_easy	atomic_benchmark	hns_f4_s1 minus scalar_e	retention_rate	-0.04629629629629628	-0.10093686829419993	0.007944706808343208	2000	2000	paired test samples conditional on one fixed source checkpoint
Llama-3.1-8B-Instruct/tulu/seed44	arc_easy	atomic_benchmark	hns_f4_s1 minus scalar_e	new_success_rate	0.0	0.0	0.0	2000	2000	paired test samples conditional on one fixed source checkpoint
Llama-3.1-8B-Instruct/tulu/seed44	arc_easy	atomic_benchmark	hns_f4_s1 minus scalar_e	new_damage_rate	0.002525252525252526	-0.0004208754208754207	0.005471380471380472	2000	2000	paired test samples conditional on one fixed source checkpoint
Llama-3.1-8B-Instruct/tulu/seed44	arc_easy	atomic_benchmark	hns_f4_s1 minus flat_e	recovery_rate	0.03846153846153849	0.0	0.09803921568627455	2000	2000	paired test samples conditional on one fixed source checkpoint
Llama-3.1-8B-Instruct/tulu/seed44	arc_easy	atomic_benchmark	hns_f4_s1 minus flat_e	retention_rate	0.0	-0.02752293577981646	0.0267857142857143	2000	2000	paired test samples conditional on one fixed source checkpoint
Llama-3.1-8B-Instruct/tulu/seed44	arc_easy	atomic_benchmark	hns_f4_s1 minus flat_e	new_success_rate	-0.00042087542087542113	-0.0012626262626262627	0.0	2000	2000	paired test samples conditional on one fixed source checkpoint
Llama-3.1-8B-Instruct/tulu/seed44	arc_easy	atomic_benchmark	hns_f4_s1 minus flat_e	new_damage_rate	0.0004208754208754207	-0.0008417508417508431	0.0021043771043771035	2000	2000	paired test samples conditional on one fixed source checkpoint
Llama-3.1-8B-Instruct/tulu/seed44	arc_easy	atomic_benchmark	scalar_e minus flat_e	recovery_rate	-0.019230769230769218	-0.10869565217391303	0.06670454545454527	2000	2000	paired test samples conditional on one fixed source checkpoint
Llama-3.1-8B-Instruct/tulu/seed44	arc_easy	atomic_benchmark	scalar_e minus flat_e	retention_rate	0.04629629629629628	-0.008695652173913104	0.09909909909909909	2000	2000	paired test samples conditional on one fixed source checkpoint
Llama-3.1-8B-Instruct/tulu/seed44	arc_easy	atomic_benchmark	scalar_e minus flat_e	new_success_rate	-0.00042087542087542113	-0.0012626262626262627	0.0	2000	2000	paired test samples conditional on one fixed source checkpoint
Llama-3.1-8B-Instruct/tulu/seed44	arc_easy	atomic_benchmark	scalar_e minus flat_e	new_damage_rate	-0.002104377104377105	-0.00462962962962963	0.0004208754208754207	2000	2000	paired test samples conditional on one fixed source checkpoint
Llama-3.1-8B-Instruct/tulu/seed44	boolq	atomic_benchmark	hns_f4_s1 minus scalar_e	recovery_rate	0.05357142857142849	-0.020844414893617057	0.1389050387596898	2000	2000	paired test samples conditional on one fixed source checkpoint
Llama-3.1-8B-Instruct/tulu/seed44	boolq	atomic_benchmark	hns_f4_s1 minus scalar_e	retention_rate	-0.06024096385542166	-0.11249999999999999	-0.013157894736842089	2000	2000	paired test samples conditional on one fixed source checkpoint
Llama-3.1-8B-Instruct/tulu/seed44	boolq	atomic_benchmark	hns_f4_s1 minus scalar_e	new_success_rate	0.0024464831804281335	0.0006116207951070343	0.004281345565749236	2000	2000	paired test samples conditional on one fixed source checkpoint
Llama-3.1-8B-Instruct/tulu/seed44	boolq	atomic_benchmark	hns_f4_s1 minus scalar_e	new_damage_rate	0.003975535168195718	0.0009174311926605505	0.007033639143730886	2000	2000	paired test samples conditional on one fixed source checkpoint
Llama-3.1-8B-Instruct/tulu/seed44	boolq	atomic_benchmark	hns_f4_s1 minus flat_e	recovery_rate	0.0	0.0	0.0	2000	2000	paired test samples conditional on one fixed source checkpoint
Llama-3.1-8B-Instruct/tulu/seed44	boolq	atomic_benchmark	hns_f4_s1 minus flat_e	retention_rate	0.0	-0.03296703296703296	0.03448275862068967	2000	2000	paired test samples conditional on one fixed source checkpoint
Llama-3.1-8B-Instruct/tulu/seed44	boolq	atomic_benchmark	hns_f4_s1 minus flat_e	new_success_rate	0.0012232415902140668	0.00030581039755351626	0.0024464831804281353	2000	2000	paired test samples conditional on one fixed source checkpoint
Llama-3.1-8B-Instruct/tulu/seed44	boolq	atomic_benchmark	hns_f4_s1 minus flat_e	new_damage_rate	-0.0015290519877675848	-0.003669724770642202	0.000305810397553518	2000	2000	paired test samples conditional on one fixed source checkpoint
Llama-3.1-8B-Instruct/tulu/seed44	boolq	atomic_benchmark	scalar_e minus flat_e	recovery_rate	-0.05357142857142849	-0.13890503875968988	0.020844414893617	2000	2000	paired test samples conditional on one fixed source checkpoint
Llama-3.1-8B-Instruct/tulu/seed44	boolq	atomic_benchmark	scalar_e minus flat_e	retention_rate	0.06024096385542166	0.013157894736842144	0.11363636363636359	2000	2000	paired test samples conditional on one fixed source checkpoint
Llama-3.1-8B-Instruct/tulu/seed44	boolq	atomic_benchmark	scalar_e minus flat_e	new_success_rate	-0.0012232415902140668	-0.003058103975535168	0.0003058103975535171	2000	2000	paired test samples conditional on one fixed source checkpoint
Llama-3.1-8B-Instruct/tulu/seed44	boolq	atomic_benchmark	scalar_e minus flat_e	new_damage_rate	-0.005504587155963303	-0.008256880733944955	-0.0027522935779816515	2000	2000	paired test samples conditional on one fixed source checkpoint
Llama-3.1-8B-Instruct/tulu/seed44	hellaswag	atomic_benchmark	hns_f4_s1 minus scalar_e	recovery_rate	0.02580645161290321	0.011381191445625964	0.04102627257799672	2000	2000	paired test samples conditional on one fixed source checkpoint
Llama-3.1-8B-Instruct/tulu/seed44	hellaswag	atomic_benchmark	hns_f4_s1 minus scalar_e	retention_rate	-0.019607843137254888	-0.03867639554735192	0.0	2000	2000	paired test samples conditional on one fixed source checkpoint
Llama-3.1-8B-Instruct/tulu/seed44	hellaswag	atomic_benchmark	hns_f4_s1 minus scalar_e	new_success_rate	9.958175662218684e-05	-0.0004979087831109342	0.0006970722963553079	2000	2000	paired test samples conditional on one fixed source checkpoint
Llama-3.1-8B-Instruct/tulu/seed44	hellaswag	atomic_benchmark	hns_f4_s1 minus scalar_e	new_damage_rate	0.004481179047998409	0.0023899621589324807	0.0067715594503087	2000	2000	paired test samples conditional on one fixed source checkpoint
Llama-3.1-8B-Instruct/tulu/seed44	hellaswag	atomic_benchmark	hns_f4_s1 minus flat_e	recovery_rate	0.012903225806451618	0.0	0.025800043285465164	2000	2000	paired test samples conditional on one fixed source checkpoint
Llama-3.1-8B-Instruct/tulu/seed44	hellaswag	atomic_benchmark	hns_f4_s1 minus flat_e	retention_rate	0.0046136101499423265	-0.008168745337337626	0.01758602733423062	2000	2000	paired test samples conditional on one fixed source checkpoint
Llama-3.1-8B-Instruct/tulu/seed44	hellaswag	atomic_benchmark	hns_f4_s1 minus flat_e	new_success_rate	-9.958175662218684e-05	-0.0004979087831109342	0.0002987452698665605	2000	2000	paired test samples conditional on one fixed source checkpoint
Llama-3.1-8B-Instruct/tulu/seed44	hellaswag	atomic_benchmark	hns_f4_s1 minus flat_e	new_damage_rate	0.00039832702648874563	-0.0007966540529774982	0.0015933081059549895	2000	2000	paired test samples conditional on one fixed source checkpoint
Llama-3.1-8B-Instruct/tulu/seed44	hellaswag	atomic_benchmark	scalar_e minus flat_e	recovery_rate	-0.01290322580645159	-0.02556115343655281	-0.0014296187683286445	2000	2000	paired test samples conditional on one fixed source checkpoint
Llama-3.1-8B-Instruct/tulu/seed44	hellaswag	atomic_benchmark	scalar_e minus flat_e	retention_rate	0.024221453287197214	0.005536640191268269	0.042354385504201675	2000	2000	paired test samples conditional on one fixed source checkpoint
Llama-3.1-8B-Instruct/tulu/seed44	hellaswag	atomic_benchmark	scalar_e minus flat_e	new_success_rate	-0.00019916351324437368	-0.0007966540529774943	0.0002987452698665605	2000	2000	paired test samples conditional on one fixed source checkpoint
Llama-3.1-8B-Instruct/tulu/seed44	hellaswag	atomic_benchmark	scalar_e minus flat_e	new_damage_rate	-0.0040828520215096635	-0.006273650667197768	-0.0020887273451503773	2000	2000	paired test samples conditional on one fixed source checkpoint
Llama-3.1-8B-Instruct/tulu/seed44	magicoder	atomic_benchmark	hns_f4_s1 minus scalar_e	recovery_rate	0.14285714285714285	0.0	0.5	1996	2000	paired test samples conditional on one fixed source checkpoint
Llama-3.1-8B-Instruct/tulu/seed44	magicoder	atomic_benchmark	hns_f4_s1 minus scalar_e	retention_rate	-0.11538461538461531	-0.25925925925925924	0.0	2000	2000	paired test samples conditional on one fixed source checkpoint
Llama-3.1-8B-Instruct/tulu/seed44	magicoder	atomic_benchmark	hns_f4_s1 minus scalar_e	new_success_rate	0.006097560975609758	0.0	0.01829268292682927	2000	2000	paired test samples conditional on one fixed source checkpoint
Llama-3.1-8B-Instruct/tulu/seed44	magicoder	atomic_benchmark	hns_f4_s1 minus scalar_e	new_damage_rate	0.0	-0.018292682926829267	0.018292682926829267	2000	2000	paired test samples conditional on one fixed source checkpoint
Llama-3.1-8B-Instruct/tulu/seed44	magicoder	atomic_benchmark	hns_f4_s1 minus flat_e	recovery_rate	0.0	0.0	0.0	1996	2000	paired test samples conditional on one fixed source checkpoint
Llama-3.1-8B-Instruct/tulu/seed44	magicoder	atomic_benchmark	hns_f4_s1 minus flat_e	retention_rate	0.0	0.0	0.0	2000	2000	paired test samples conditional on one fixed source checkpoint
Llama-3.1-8B-Instruct/tulu/seed44	magicoder	atomic_benchmark	hns_f4_s1 minus flat_e	new_success_rate	0.0	-0.018292682926829267	0.018292682926829267	2000	2000	paired test samples conditional on one fixed source checkpoint
Llama-3.1-8B-Instruct/tulu/seed44	magicoder	atomic_benchmark	hns_f4_s1 minus flat_e	new_damage_rate	0.0	0.0	0.0	2000	2000	paired test samples conditional on one fixed source checkpoint
Llama-3.1-8B-Instruct/tulu/seed44	magicoder	atomic_benchmark	scalar_e minus flat_e	recovery_rate	-0.14285714285714285	-0.5	0.0	1996	2000	paired test samples conditional on one fixed source checkpoint
Llama-3.1-8B-Instruct/tulu/seed44	magicoder	atomic_benchmark	scalar_e minus flat_e	retention_rate	0.11538461538461531	0.0	0.25925925925925924	2000	2000	paired test samples conditional on one fixed source checkpoint
Llama-3.1-8B-Instruct/tulu/seed44	magicoder	atomic_benchmark	scalar_e minus flat_e	new_success_rate	-0.006097560975609758	-0.03048780487804878	0.012195121951219516	2000	2000	paired test samples conditional on one fixed source checkpoint
Llama-3.1-8B-Instruct/tulu/seed44	magicoder	atomic_benchmark	scalar_e minus flat_e	new_damage_rate	0.0	-0.018292682926829267	0.018292682926829267	2000	2000	paired test samples conditional on one fixed source checkpoint
Llama-3.1-8B-Instruct/tulu/seed44	metamath	atomic_benchmark	hns_f4_s1 minus scalar_e	recovery_rate	0.0	-0.07547444054409827	0.07432432432432423	2000	2000	paired test samples conditional on one fixed source checkpoint
Llama-3.1-8B-Instruct/tulu/seed44	metamath	atomic_benchmark	hns_f4_s1 minus scalar_e	retention_rate	-0.06837606837606847	-0.16239316239316237	0.019806930693069297	2000	2000	paired test samples conditional on one fixed source checkpoint
Llama-3.1-8B-Instruct/tulu/seed44	metamath	atomic_benchmark	hns_f4_s1 minus scalar_e	new_success_rate	-0.01971190295678544	-0.0310841546626232	-0.009097801364670206	2000	2000	paired test samples conditional on one fixed source checkpoint
Llama-3.1-8B-Instruct/tulu/seed44	metamath	atomic_benchmark	hns_f4_s1 minus scalar_e	new_damage_rate	0.0015163002274450332	-0.006823351023502653	0.009855951478392723	2000	2000	paired test samples conditional on one fixed source checkpoint
Llama-3.1-8B-Instruct/tulu/seed44	metamath	atomic_benchmark	hns_f4_s1 minus flat_e	recovery_rate	0.02547770700636942	0.0	0.05747679045092828	2000	2000	paired test samples conditional on one fixed source checkpoint
Llama-3.1-8B-Instruct/tulu/seed44	metamath	atomic_benchmark	hns_f4_s1 minus flat_e	retention_rate	-0.02564102564102566	-0.0901639344262295	0.03479023646071699	2000	2000	paired test samples conditional on one fixed source checkpoint
Llama-3.1-8B-Instruct/tulu/seed44	metamath	atomic_benchmark	hns_f4_s1 minus flat_e	new_success_rate	0.0022744503411675533	-0.0037907505686125866	0.00833965125094769	2000	2000	paired test samples conditional on one fixed source checkpoint
Llama-3.1-8B-Instruct/tulu/seed44	metamath	atomic_benchmark	hns_f4_s1 minus flat_e	new_damage_rate	-0.0022744503411675533	-0.008339651250947686	0.00303260045489007	2000	2000	paired test samples conditional on one fixed source checkpoint
Llama-3.1-8B-Instruct/tulu/seed44	metamath	atomic_benchmark	scalar_e minus flat_e	recovery_rate	0.02547770700636942	-0.0445931324514127	0.0988497227783766	2000	2000	paired test samples conditional on one fixed source checkpoint
Llama-3.1-8B-Instruct/tulu/seed44	metamath	atomic_benchmark	scalar_e minus flat_e	retention_rate	0.042735042735042805	-0.045076326326326306	0.13008130081300817	2000	2000	paired test samples conditional on one fixed source checkpoint
Llama-3.1-8B-Instruct/tulu/seed44	metamath	atomic_benchmark	scalar_e minus flat_e	new_success_rate	0.021986353297952992	0.011372251705837756	0.032600454890068235	2000	2000	paired test samples conditional on one fixed source checkpoint
Llama-3.1-8B-Instruct/tulu/seed44	metamath	atomic_benchmark	scalar_e minus flat_e	new_damage_rate	-0.0037907505686125866	-0.012130401819560276	0.004548900682335103	2000	2000	paired test samples conditional on one fixed source checkpoint
Llama-3.1-8B-Instruct/tulu/seed44	openbookqa	atomic_benchmark	hns_f4_s1 minus scalar_e	recovery_rate	-0.0625	-0.26666666666666666	0.15384615384615385	2000	2000	paired test samples conditional on one fixed source checkpoint
Llama-3.1-8B-Instruct/tulu/seed44	openbookqa	atomic_benchmark	hns_f4_s1 minus scalar_e	retention_rate	-0.0727272727272727	-0.1636363636363637	0.016129032258064505	2000	2000	paired test samples conditional on one fixed source checkpoint
Llama-3.1-8B-Instruct/tulu/seed44	openbookqa	atomic_benchmark	hns_f4_s1 minus scalar_e	new_success_rate	0.002	0.0	0.006	2000	2000	paired test samples conditional on one fixed source checkpoint
Llama-3.1-8B-Instruct/tulu/seed44	openbookqa	atomic_benchmark	hns_f4_s1 minus scalar_e	new_damage_rate	0.004	0.0	0.01	2000	2000	paired test samples conditional on one fixed source checkpoint
Llama-3.1-8B-Instruct/tulu/seed44	openbookqa	atomic_benchmark	hns_f4_s1 minus flat_e	recovery_rate	-0.0625	-0.2	0.0	2000	2000	paired test samples conditional on one fixed source checkpoint
Llama-3.1-8B-Instruct/tulu/seed44	openbookqa	atomic_benchmark	hns_f4_s1 minus flat_e	retention_rate	-0.018181818181818188	-0.08333333333333331	0.04256079027355625	2000	2000	paired test samples conditional on one fixed source checkpoint
Llama-3.1-8B-Instruct/tulu/seed44	openbookqa	atomic_benchmark	hns_f4_s1 minus flat_e	new_success_rate	0.002	0.0	0.006	2000	2000	paired test samples conditional on one fixed source checkpoint
Llama-3.1-8B-Instruct/tulu/seed44	openbookqa	atomic_benchmark	hns_f4_s1 minus flat_e	new_damage_rate	0.002	0.0	0.006	2000	2000	paired test samples conditional on one fixed source checkpoint
Llama-3.1-8B-Instruct/tulu/seed44	openbookqa	atomic_benchmark	scalar_e minus flat_e	recovery_rate	0.0	-0.1875	0.17647058823529413	2000	2000	paired test samples conditional on one fixed source checkpoint
Llama-3.1-8B-Instruct/tulu/seed44	openbookqa	atomic_benchmark	scalar_e minus flat_e	retention_rate	0.05454545454545451	0.0	0.11999999999999994	2000	2000	paired test samples conditional on one fixed source checkpoint
Llama-3.1-8B-Instruct/tulu/seed44	openbookqa	atomic_benchmark	scalar_e minus flat_e	new_success_rate	0.0	0.0	0.0	2000	2000	paired test samples conditional on one fixed source checkpoint
Llama-3.1-8B-Instruct/tulu/seed44	openbookqa	atomic_benchmark	scalar_e minus flat_e	new_damage_rate	-0.002	-0.01	0.004	2000	2000	paired test samples conditional on one fixed source checkpoint
Llama-3.1-8B-Instruct/tulu/seed44	piqa	atomic_benchmark	hns_f4_s1 minus scalar_e	recovery_rate	0.019867549668874163	-0.021280395136778037	0.0604026845637583	2000	2000	paired test samples conditional on one fixed source checkpoint
Llama-3.1-8B-Instruct/tulu/seed44	piqa	atomic_benchmark	hns_f4_s1 minus scalar_e	retention_rate	-0.02631578947368418	-0.07109851049424516	0.01680672268907557	2000	2000	paired test samples conditional on one fixed source checkpoint
Llama-3.1-8B-Instruct/tulu/seed44	piqa	atomic_benchmark	hns_f4_s1 minus scalar_e	new_success_rate	-0.000544069640914037	-0.0027203482045701846	0.001088139281828074	2000	2000	paired test samples conditional on one fixed source checkpoint
Llama-3.1-8B-Instruct/tulu/seed44	piqa	atomic_benchmark	hns_f4_s1 minus scalar_e	new_damage_rate	0.0	-0.002176278563656148	0.002176278563656148	2000	2000	paired test samples conditional on one fixed source checkpoint
Llama-3.1-8B-Instruct/tulu/seed44	piqa	atomic_benchmark	hns_f4_s1 minus flat_e	recovery_rate	0.013245033112582738	-0.018083444890673806	0.04412230081906173	2000	2000	paired test samples conditional on one fixed source checkpoint
Llama-3.1-8B-Instruct/tulu/seed44	piqa	atomic_benchmark	hns_f4_s1 minus flat_e	retention_rate	-0.004385964912280715	-0.030567685589519614	0.02155172413793105	2000	2000	paired test samples conditional on one fixed source checkpoint
Llama-3.1-8B-Instruct/tulu/seed44	piqa	atomic_benchmark	hns_f4_s1 minus flat_e	new_success_rate	0.0	-0.001632208922742111	0.001632208922742111	2000	2000	paired test samples conditional on one fixed source checkpoint
Llama-3.1-8B-Instruct/tulu/seed44	piqa	atomic_benchmark	hns_f4_s1 minus flat_e	new_damage_rate	-0.0027203482045701855	-0.00544069640914037	-0.000544069640914037	2000	2000	paired test samples conditional on one fixed source checkpoint
Llama-3.1-8B-Instruct/tulu/seed44	piqa	atomic_benchmark	scalar_e minus flat_e	recovery_rate	-0.0066225165562914245	-0.04938928289992119	0.03268511351909181	2000	2000	paired test samples conditional on one fixed source checkpoint
Llama-3.1-8B-Instruct/tulu/seed44	piqa	atomic_benchmark	scalar_e minus flat_e	retention_rate	0.021929824561403466	-0.01746916417681752	0.06161429992393653	2000	2000	paired test samples conditional on one fixed source checkpoint
Llama-3.1-8B-Instruct/tulu/seed44	piqa	atomic_benchmark	scalar_e minus flat_e	new_success_rate	0.000544069640914037	0.0	0.001632208922742111	2000	2000	paired test samples conditional on one fixed source checkpoint
Llama-3.1-8B-Instruct/tulu/seed44	piqa	atomic_benchmark	scalar_e minus flat_e	new_damage_rate	-0.0027203482045701855	-0.005984766050054406	0.0	2000	2000	paired test samples conditional on one fixed source checkpoint
Llama-3.1-8B-Instruct/tulu/seed44	siqa	atomic_benchmark	hns_f4_s1 minus scalar_e	recovery_rate	-0.007751937984496138	-0.060003759398496295	0.042738095238095235	2000	2000	paired test samples conditional on one fixed source checkpoint
Llama-3.1-8B-Instruct/tulu/seed44	siqa	atomic_benchmark	hns_f4_s1 minus scalar_e	retention_rate	-0.05232558139534882	-0.09375431629834254	-0.015868860633258507	2000	2000	paired test samples conditional on one fixed source checkpoint
Llama-3.1-8B-Instruct/tulu/seed44	siqa	atomic_benchmark	hns_f4_s1 minus scalar_e	new_success_rate	0.0015353121801432962	-0.001023541453428864	0.0040941658137154556	2000	2000	paired test samples conditional on one fixed source checkpoint
Llama-3.1-8B-Instruct/tulu/seed44	siqa	atomic_benchmark	hns_f4_s1 minus scalar_e	new_damage_rate	-0.000511770726714432	-0.0020470829068577278	0.001023541453428864	2000	2000	paired test samples conditional on one fixed source checkpoint
Llama-3.1-8B-Instruct/tulu/seed44	siqa	atomic_benchmark	hns_f4_s1 minus flat_e	recovery_rate	-0.015503875968992276	-0.04838709677419356	0.014814814814814836	2000	2000	paired test samples conditional on one fixed source checkpoint
Llama-3.1-8B-Instruct/tulu/seed44	siqa	atomic_benchmark	hns_f4_s1 minus flat_e	retention_rate	-0.011627906976744207	-0.04023569862467611	0.015324538906471652	2000	2000	paired test samples conditional on one fixed source checkpoint
Llama-3.1-8B-Instruct/tulu/seed44	siqa	atomic_benchmark	hns_f4_s1 minus flat_e	new_success_rate	0.0	-0.0015353121801432957	0.0015353121801432957	2000	2000	paired test samples conditional on one fixed source checkpoint
Llama-3.1-8B-Instruct/tulu/seed44	siqa	atomic_benchmark	hns_f4_s1 minus flat_e	new_damage_rate	-0.000511770726714432	-0.001535312180143296	0.0	2000	2000	paired test samples conditional on one fixed source checkpoint
Llama-3.1-8B-Instruct/tulu/seed44	siqa	atomic_benchmark	scalar_e minus flat_e	recovery_rate	-0.007751937984496138	-0.05785123966942146	0.04504504504504503	2000	2000	paired test samples conditional on one fixed source checkpoint
Llama-3.1-8B-Instruct/tulu/seed44	siqa	atomic_benchmark	scalar_e minus flat_e	retention_rate	0.04069767441860461	0.011234385788713854	0.07773503339783992	2000	2000	paired test samples conditional on one fixed source checkpoint
Llama-3.1-8B-Instruct/tulu/seed44	siqa	atomic_benchmark	scalar_e minus flat_e	new_success_rate	-0.0015353121801432962	-0.0040941658137154556	0.0010235414534288637	2000	2000	paired test samples conditional on one fixed source checkpoint
Llama-3.1-8B-Instruct/tulu/seed44	siqa	atomic_benchmark	scalar_e minus flat_e	new_damage_rate	0.0	-0.0015353121801432957	0.0015353121801432957	2000	2000	paired test samples conditional on one fixed source checkpoint
Llama-3.1-8B-Instruct/tulu/seed44	tulu	atomic_benchmark	hns_f4_s1 minus scalar_e	recovery_rate	-0.033333333333333326	-0.15555555555555556	0.0980472516875602	2000	2000	paired test samples conditional on one fixed source checkpoint
Llama-3.1-8B-Instruct/tulu/seed44	tulu	atomic_benchmark	hns_f4_s1 minus scalar_e	retention_rate	0.050000000000000044	-0.045454545454545525	0.1492723880597014	2000	2000	paired test samples conditional on one fixed source checkpoint
Llama-3.1-8B-Instruct/tulu/seed44	tulu	atomic_benchmark	hns_f4_s1 minus scalar_e	new_success_rate	0.005545286506469498	-0.0073937153419593345	0.018484288354898338	2000	2000	paired test samples conditional on one fixed source checkpoint
Llama-3.1-8B-Instruct/tulu/seed44	tulu	atomic_benchmark	hns_f4_s1 minus scalar_e	new_damage_rate	-0.0018484288354898327	-0.0166358595194085	0.011090573012939003	2000	2000	paired test samples conditional on one fixed source checkpoint
Llama-3.1-8B-Instruct/tulu/seed44	tulu	atomic_benchmark	hns_f4_s1 minus flat_e	recovery_rate	-0.08333333333333331	-0.16666666666666663	0.0	2000	2000	paired test samples conditional on one fixed source checkpoint
Llama-3.1-8B-Instruct/tulu/seed44	tulu	atomic_benchmark	hns_f4_s1 minus flat_e	retention_rate	0.0	-0.08064516129032262	0.08336864406779645	2000	2000	paired test samples conditional on one fixed source checkpoint
Llama-3.1-8B-Instruct/tulu/seed44	tulu	atomic_benchmark	hns_f4_s1 minus flat_e	new_success_rate	0.0018484288354898293	-0.009242144177449167	0.012939001848428836	2000	2000	paired test samples conditional on one fixed source checkpoint
Llama-3.1-8B-Instruct/tulu/seed44	tulu	atomic_benchmark	hns_f4_s1 minus flat_e	new_damage_rate	-0.005545286506469498	-0.014787430683918669	0.0018484288354898327	2000	2000	paired test samples conditional on one fixed source checkpoint
Llama-3.1-8B-Instruct/tulu/seed44	tulu	atomic_benchmark	scalar_e minus flat_e	recovery_rate	-0.04999999999999999	-0.16949952030700358	0.08066984858459503	2000	2000	paired test samples conditional on one fixed source checkpoint
Llama-3.1-8B-Instruct/tulu/seed44	tulu	atomic_benchmark	scalar_e minus flat_e	retention_rate	-0.050000000000000044	-0.1475561627200972	0.04477611940298509	2000	2000	paired test samples conditional on one fixed source checkpoint
Llama-3.1-8B-Instruct/tulu/seed44	tulu	atomic_benchmark	scalar_e minus flat_e	new_success_rate	-0.003696857670979669	-0.014787430683918669	0.005545286506469502	2000	2000	paired test samples conditional on one fixed source checkpoint
Llama-3.1-8B-Instruct/tulu/seed44	tulu	atomic_benchmark	scalar_e minus flat_e	new_damage_rate	-0.0036968576709796655	-0.018484288354898338	0.011090573012939003	2000	2000	paired test samples conditional on one fixed source checkpoint
Llama-3.1-8B-Instruct/tulu/seed44	winogrande	atomic_benchmark	hns_f4_s1 minus scalar_e	recovery_rate	0.04664723032069973	0.01690022155404334	0.07758620689655171	2000	2000	paired test samples conditional on one fixed source checkpoint
Llama-3.1-8B-Instruct/tulu/seed44	winogrande	atomic_benchmark	hns_f4_s1 minus scalar_e	retention_rate	-0.07638888888888884	-0.11956521739130432	-0.039005940867643	2000	2000	paired test samples conditional on one fixed source checkpoint
Llama-3.1-8B-Instruct/tulu/seed44	winogrande	atomic_benchmark	hns_f4_s1 minus scalar_e	new_success_rate	0.0007892659826361484	0.0	0.0023677979479084454	2000	2000	paired test samples conditional on one fixed source checkpoint
Llama-3.1-8B-Instruct/tulu/seed44	winogrande	atomic_benchmark	hns_f4_s1 minus scalar_e	new_damage_rate	0.002367797947908445	-0.0007892659826361486	0.006314127861089186	2000	2000	paired test samples conditional on one fixed source checkpoint
Llama-3.1-8B-Instruct/tulu/seed44	winogrande	atomic_benchmark	hns_f4_s1 minus flat_e	recovery_rate	-0.008746355685131213	-0.030487804878048752	0.011905650319829379	2000	2000	paired test samples conditional on one fixed source checkpoint
Llama-3.1-8B-Instruct/tulu/seed44	winogrande	atomic_benchmark	hns_f4_s1 minus flat_e	retention_rate	-0.01736111111111105	-0.04762311067771824	0.010491357234315003	2000	2000	paired test samples conditional on one fixed source checkpoint
Llama-3.1-8B-Instruct/tulu/seed44	winogrande	atomic_benchmark	hns_f4_s1 minus flat_e	new_success_rate	-0.0007892659826361486	-0.0023677979479084454	0.0	2000	2000	paired test samples conditional on one fixed source checkpoint
Llama-3.1-8B-Instruct/tulu/seed44	winogrande	atomic_benchmark	hns_f4_s1 minus flat_e	new_damage_rate	-0.0007892659826361486	-0.003946329913180743	0.0031570639305445927	2000	2000	paired test samples conditional on one fixed source checkpoint
Llama-3.1-8B-Instruct/tulu/seed44	winogrande	atomic_benchmark	scalar_e minus flat_e	recovery_rate	-0.05539358600583094	-0.08762296072507557	-0.02492018343298312	2000	2000	paired test samples conditional on one fixed source checkpoint
Llama-3.1-8B-Instruct/tulu/seed44	winogrande	atomic_benchmark	scalar_e minus flat_e	retention_rate	0.05902777777777779	0.0172936821787539	0.10175598086124399	2000	2000	paired test samples conditional on one fixed source checkpoint
Llama-3.1-8B-Instruct/tulu/seed44	winogrande	atomic_benchmark	scalar_e minus flat_e	new_success_rate	-0.001578531965272297	-0.003946329913180742	0.0	2000	2000	paired test samples conditional on one fixed source checkpoint
Llama-3.1-8B-Instruct/tulu/seed44	winogrande	atomic_benchmark	scalar_e minus flat_e	new_damage_rate	-0.0031570639305445935	-0.00633385951065509	-0.0007892659826361477	2000	2000	paired test samples conditional on one fixed source checkpoint
Qwen3-8B/magicoder/seed42	arc_challenge	atomic_benchmark	hns_f4_s1 minus scalar_e	recovery_rate	0.0625	0.0	0.21428571428571425	2000	2000	paired test samples conditional on one fixed source checkpoint
Qwen3-8B/magicoder/seed42	arc_challenge	atomic_benchmark	hns_f4_s1 minus scalar_e	retention_rate	-0.015625	-0.05264912280701754	0.0	2000	2000	paired test samples conditional on one fixed source checkpoint
Qwen3-8B/magicoder/seed42	arc_challenge	atomic_benchmark	hns_f4_s1 minus scalar_e	new_success_rate	0.0008532423208191123	0.0	0.0025810580204777	2000	2000	paired test samples conditional on one fixed source checkpoint
Qwen3-8B/magicoder/seed42	arc_challenge	atomic_benchmark	hns_f4_s1 minus scalar_e	new_damage_rate	0.0	-0.002559726962457338	0.002559726962457338	2000	2000	paired test samples conditional on one fixed source checkpoint
Qwen3-8B/magicoder/seed42	arc_challenge	atomic_benchmark	hns_f4_s1 minus flat_e	recovery_rate	0.0	0.0	0.0	2000	2000	paired test samples conditional on one fixed source checkpoint
Qwen3-8B/magicoder/seed42	arc_challenge	atomic_benchmark	hns_f4_s1 minus flat_e	retention_rate	0.03125	0.0	0.07694805194805182	2000	2000	paired test samples conditional on one fixed source checkpoint
Qwen3-8B/magicoder/seed42	arc_challenge	atomic_benchmark	hns_f4_s1 minus flat_e	new_success_rate	0.0	0.0	0.0	2000	2000	paired test samples conditional on one fixed source checkpoint
Qwen3-8B/magicoder/seed42	arc_challenge	atomic_benchmark	hns_f4_s1 minus flat_e	new_damage_rate	-0.0008532423208191126	-0.002559726962457338	0.0	2000	2000	paired test samples conditional on one fixed source checkpoint
Qwen3-8B/magicoder/seed42	arc_challenge	atomic_benchmark	scalar_e minus flat_e	recovery_rate	-0.0625	-0.21428571428571425	0.0	2000	2000	paired test samples conditional on one fixed source checkpoint
Qwen3-8B/magicoder/seed42	arc_challenge	atomic_benchmark	scalar_e minus flat_e	retention_rate	0.046875	0.0	0.10526315789473684	2000	2000	paired test samples conditional on one fixed source checkpoint
Qwen3-8B/magicoder/seed42	arc_challenge	atomic_benchmark	scalar_e minus flat_e	new_success_rate	-0.0008532423208191123	-0.0025810580204778154	0.0	2000	2000	paired test samples conditional on one fixed source checkpoint
Qwen3-8B/magicoder/seed42	arc_challenge	atomic_benchmark	scalar_e minus flat_e	new_damage_rate	-0.0008532423208191126	-0.00341296928327645	0.0	2000	2000	paired test samples conditional on one fixed source checkpoint
Qwen3-8B/magicoder/seed42	arc_easy	atomic_benchmark	hns_f4_s1 minus scalar_e	recovery_rate	0.125	0.0	0.4	2000	2000	paired test samples conditional on one fixed source checkpoint
Qwen3-8B/magicoder/seed42	arc_easy	atomic_benchmark	hns_f4_s1 minus scalar_e	retention_rate	0.016393442622950838	-0.039215686274509776	0.07547169811320753	2000	2000	paired test samples conditional on one fixed source checkpoint
Qwen3-8B/magicoder/seed42	arc_easy	atomic_benchmark	hns_f4_s1 minus scalar_e	new_success_rate	0.0	0.0	0.0	2000	2000	paired test samples conditional on one fixed source checkpoint
Qwen3-8B/magicoder/seed42	arc_easy	atomic_benchmark	hns_f4_s1 minus scalar_e	new_damage_rate	0.0	0.0	0.0	2000	2000	paired test samples conditional on one fixed source checkpoint
Qwen3-8B/magicoder/seed42	arc_easy	atomic_benchmark	hns_f4_s1 minus flat_e	recovery_rate	0.0	0.0	0.0	2000	2000	paired test samples conditional on one fixed source checkpoint
Qwen3-8B/magicoder/seed42	arc_easy	atomic_benchmark	hns_f4_s1 minus flat_e	retention_rate	-0.016393442622950838	-0.05882352941176472	0.0	2000	2000	paired test samples conditional on one fixed source checkpoint
Qwen3-8B/magicoder/seed42	arc_easy	atomic_benchmark	hns_f4_s1 minus flat_e	new_success_rate	0.0	0.0	0.0	2000	2000	paired test samples conditional on one fixed source checkpoint
Qwen3-8B/magicoder/seed42	arc_easy	atomic_benchmark	hns_f4_s1 minus flat_e	new_damage_rate	0.0	0.0	0.0	2000	2000	paired test samples conditional on one fixed source checkpoint
Qwen3-8B/magicoder/seed42	arc_easy	atomic_benchmark	scalar_e minus flat_e	recovery_rate	-0.125	-0.4	0.0	2000	2000	paired test samples conditional on one fixed source checkpoint
Qwen3-8B/magicoder/seed42	arc_easy	atomic_benchmark	scalar_e minus flat_e	retention_rate	-0.032786885245901676	-0.08110323438192285	0.0	2000	2000	paired test samples conditional on one fixed source checkpoint
Qwen3-8B/magicoder/seed42	arc_easy	atomic_benchmark	scalar_e minus flat_e	new_success_rate	0.0	0.0	0.0	2000	2000	paired test samples conditional on one fixed source checkpoint
Qwen3-8B/magicoder/seed42	arc_easy	atomic_benchmark	scalar_e minus flat_e	new_damage_rate	0.0	0.0	0.0	2000	2000	paired test samples conditional on one fixed source checkpoint
Qwen3-8B/magicoder/seed42	boolq	atomic_benchmark	hns_f4_s1 minus scalar_e	recovery_rate	-0.02857142857142858	-0.12903225806451613	0.06255040322580617	2000	2000	paired test samples conditional on one fixed source checkpoint
Qwen3-8B/magicoder/seed42	boolq	atomic_benchmark	hns_f4_s1 minus scalar_e	retention_rate	0.019230769230769218	-0.0681818181818182	0.10869565217391303	2000	2000	paired test samples conditional on one fixed source checkpoint
Qwen3-8B/magicoder/seed42	boolq	atomic_benchmark	hns_f4_s1 minus scalar_e	new_success_rate	0.0009174311926605505	0.0	0.0021406727828746177	2000	2000	paired test samples conditional on one fixed source checkpoint
Qwen3-8B/magicoder/seed42	boolq	atomic_benchmark	hns_f4_s1 minus scalar_e	new_damage_rate	-0.0003058103975535167	-0.0009174311926605505	0.0	2000	2000	paired test samples conditional on one fixed source checkpoint
Qwen3-8B/magicoder/seed42	boolq	atomic_benchmark	hns_f4_s1 minus flat_e	recovery_rate	-0.02857142857142858	-0.13157894736842102	0.06451612903225812	2000	2000	paired test samples conditional on one fixed source checkpoint
Qwen3-8B/magicoder/seed42	boolq	atomic_benchmark	hns_f4_s1 minus flat_e	retention_rate	0.019230769230769218	-0.04545454545454547	0.08893939393939365	2000	2000	paired test samples conditional on one fixed source checkpoint
Qwen3-8B/magicoder/seed42	boolq	atomic_benchmark	hns_f4_s1 minus flat_e	new_success_rate	0.0006116207951070336	0.0	0.0015290519877675843	2000	2000	paired test samples conditional on one fixed source checkpoint
Qwen3-8B/magicoder/seed42	boolq	atomic_benchmark	hns_f4_s1 minus flat_e	new_damage_rate	-0.0006116207951070336	-0.0015290519877675843	0.0	2000	2000	paired test samples conditional on one fixed source checkpoint
Qwen3-8B/magicoder/seed42	boolq	atomic_benchmark	scalar_e minus flat_e	recovery_rate	0.0	-0.08113738738738745	0.08108108108108114	2000	2000	paired test samples conditional on one fixed source checkpoint
Qwen3-8B/magicoder/seed42	boolq	atomic_benchmark	scalar_e minus flat_e	retention_rate	0.0	-0.0740878938640133	0.07692307692307693	2000	2000	paired test samples conditional on one fixed source checkpoint
Qwen3-8B/magicoder/seed42	boolq	atomic_benchmark	scalar_e minus flat_e	new_success_rate	-0.0003058103975535169	-0.0009174311926605505	0.0	2000	2000	paired test samples conditional on one fixed source checkpoint
Qwen3-8B/magicoder/seed42	boolq	atomic_benchmark	scalar_e minus flat_e	new_damage_rate	-0.0003058103975535169	-0.0012232415902140676	0.0006116207951070337	2000	2000	paired test samples conditional on one fixed source checkpoint
Qwen3-8B/magicoder/seed42	hellaswag	atomic_benchmark	hns_f4_s1 minus scalar_e	recovery_rate	0.015686274509803977	-0.012767321331151027	0.04363672438672444	2000	2000	paired test samples conditional on one fixed source checkpoint
Qwen3-8B/magicoder/seed42	hellaswag	atomic_benchmark	hns_f4_s1 minus scalar_e	retention_rate	-0.04564315352697096	-0.08252638243984803	-0.01243934881541968	2000	2000	paired test samples conditional on one fixed source checkpoint
Qwen3-8B/magicoder/seed42	hellaswag	atomic_benchmark	hns_f4_s1 minus scalar_e	new_success_rate	-0.0008962358095996811	-0.001892053375821549	0.0	2000	2000	paired test samples conditional on one fixed source checkpoint
Qwen3-8B/magicoder/seed42	hellaswag	atomic_benchmark	hns_f4_s1 minus scalar_e	new_damage_rate	-0.000597490539733121	-0.0012945628360884285	0.0	2000	2000	paired test samples conditional on one fixed source checkpoint
Qwen3-8B/magicoder/seed42	hellaswag	atomic_benchmark	hns_f4_s1 minus flat_e	recovery_rate	0.007843137254901933	-0.011538461538461608	0.0270296459249948	2000	2000	paired test samples conditional on one fixed source checkpoint
Qwen3-8B/magicoder/seed42	hellaswag	atomic_benchmark	hns_f4_s1 minus flat_e	retention_rate	-0.004149377593361037	-0.032131752817722514	0.02247402213398664	2000	2000	paired test samples conditional on one fixed source checkpoint
Qwen3-8B/magicoder/seed42	hellaswag	atomic_benchmark	hns_f4_s1 minus flat_e	new_success_rate	-9.958175662218641e-05	-0.0007966540529774939	0.0004979087831109346	2000	2000	paired test samples conditional on one fixed source checkpoint
Qwen3-8B/magicoder/seed42	hellaswag	atomic_benchmark	hns_f4_s1 minus flat_e	new_damage_rate	9.958175662218684e-05	-0.00039832702648874736	0.000597490539733121	2000	2000	paired test samples conditional on one fixed source checkpoint
Qwen3-8B/magicoder/seed42	hellaswag	atomic_benchmark	scalar_e minus flat_e	recovery_rate	-0.007843137254902044	-0.037040863177226754	0.021352693372266366	2000	2000	paired test samples conditional on one fixed source checkpoint
Qwen3-8B/magicoder/seed42	hellaswag	atomic_benchmark	scalar_e minus flat_e	retention_rate	0.04149377593360992	0.007810237693050193	0.07693089430894305	2000	2000	paired test samples conditional on one fixed source checkpoint
Qwen3-8B/magicoder/seed42	hellaswag	atomic_benchmark	scalar_e minus flat_e	new_success_rate	0.0007966540529774947	-9.958175662218641e-05	0.0016928898625771759	2000	2000	paired test samples conditional on one fixed source checkpoint
Qwen3-8B/magicoder/seed42	hellaswag	atomic_benchmark	scalar_e minus flat_e	new_damage_rate	0.0006970722963553079	0.00019916351324437368	0.0012945628360884287	2000	2000	paired test samples conditional on one fixed source checkpoint
Qwen3-8B/magicoder/seed42	magicoder	atomic_benchmark	hns_f4_s1 minus scalar_e	recovery_rate	0.0	0.0	0.0	2000	2000	paired test samples conditional on one fixed source checkpoint
Qwen3-8B/magicoder/seed42	magicoder	atomic_benchmark	hns_f4_s1 minus scalar_e	retention_rate	0.0	-0.09677419354838712	0.09999999999999998	2000	2000	paired test samples conditional on one fixed source checkpoint
Qwen3-8B/magicoder/seed42	magicoder	atomic_benchmark	hns_f4_s1 minus scalar_e	new_success_rate	-0.012195121951219513	-0.030487804878048783	0.0	2000	2000	paired test samples conditional on one fixed source checkpoint
Qwen3-8B/magicoder/seed42	magicoder	atomic_benchmark	hns_f4_s1 minus scalar_e	new_damage_rate	-0.006097560975609756	-0.024390243902439025	0.0	2000	2000	paired test samples conditional on one fixed source checkpoint
Qwen3-8B/magicoder/seed42	magicoder	atomic_benchmark	hns_f4_s1 minus flat_e	recovery_rate	0.0	0.0	0.0	2000	2000	paired test samples conditional on one fixed source checkpoint
Qwen3-8B/magicoder/seed42	magicoder	atomic_benchmark	hns_f4_s1 minus flat_e	retention_rate	0.0	0.0	0.0	2000	2000	paired test samples conditional on one fixed source checkpoint
Qwen3-8B/magicoder/seed42	magicoder	atomic_benchmark	hns_f4_s1 minus flat_e	new_success_rate	-0.006097560975609755	-0.01829268292682927	0.0	2000	2000	paired test samples conditional on one fixed source checkpoint
Qwen3-8B/magicoder/seed42	magicoder	atomic_benchmark	hns_f4_s1 minus flat_e	new_damage_rate	0.0	0.0	0.0	2000	2000	paired test samples conditional on one fixed source checkpoint
Qwen3-8B/magicoder/seed42	magicoder	atomic_benchmark	scalar_e minus flat_e	recovery_rate	0.0	0.0	0.0	2000	2000	paired test samples conditional on one fixed source checkpoint
Qwen3-8B/magicoder/seed42	magicoder	atomic_benchmark	scalar_e minus flat_e	retention_rate	0.0	-0.09999999999999998	0.09677419354838712	2000	2000	paired test samples conditional on one fixed source checkpoint
Qwen3-8B/magicoder/seed42	magicoder	atomic_benchmark	scalar_e minus flat_e	new_success_rate	0.006097560975609758	-0.012195121951219513	0.02439024390243903	2000	2000	paired test samples conditional on one fixed source checkpoint
Qwen3-8B/magicoder/seed42	magicoder	atomic_benchmark	scalar_e minus flat_e	new_damage_rate	0.006097560975609756	0.0	0.024390243902439025	2000	2000	paired test samples conditional on one fixed source checkpoint
Qwen3-8B/magicoder/seed42	metamath	atomic_benchmark	hns_f4_s1 minus scalar_e	recovery_rate	-0.06796116504854366	-0.13207547169811318	-0.009174311926605557	2000	2000	paired test samples conditional on one fixed source checkpoint
Qwen3-8B/magicoder/seed42	metamath	atomic_benchmark	hns_f4_s1 minus scalar_e	retention_rate	-0.012658227848101222	-0.07778138528138534	0.05405405405405406	2000	2000	paired test samples conditional on one fixed source checkpoint
Qwen3-8B/magicoder/seed42	metamath	atomic_benchmark	hns_f4_s1 minus scalar_e	new_success_rate	-0.0037907505686125866	-0.008339651250947686	0.0	2000	2000	paired test samples conditional on one fixed source checkpoint
Qwen3-8B/magicoder/seed42	metamath	atomic_benchmark	hns_f4_s1 minus scalar_e	new_damage_rate	-0.0007581501137225184	-0.0053260045489006815	0.0037907505686125866	2000	2000	paired test samples conditional on one fixed source checkpoint
Qwen3-8B/magicoder/seed42	metamath	atomic_benchmark	hns_f4_s1 minus flat_e	recovery_rate	-0.01941747572815533	-0.05970895522388066	0.018695997178628087	2000	2000	paired test samples conditional on one fixed source checkpoint
Qwen3-8B/magicoder/seed42	metamath	atomic_benchmark	hns_f4_s1 minus flat_e	retention_rate	-0.012658227848101222	-0.04477611940298509	0.0	2000	2000	paired test samples conditional on one fixed source checkpoint
Qwen3-8B/magicoder/seed42	metamath	atomic_benchmark	hns_f4_s1 minus flat_e	new_success_rate	0.0015163002274450332	-0.0015163002274450332	0.004548900682335103	2000	2000	paired test samples conditional on one fixed source checkpoint
Qwen3-8B/magicoder/seed42	metamath	atomic_benchmark	hns_f4_s1 minus flat_e	new_damage_rate	0.003790750568612585	-0.0007581501137225184	0.00833965125094769	2000	2000	paired test samples conditional on one fixed source checkpoint
Qwen3-8B/magicoder/seed42	metamath	atomic_benchmark	scalar_e minus flat_e	recovery_rate	0.04854368932038833	0.0	0.101123595505618	2000	2000	paired test samples conditional on one fixed source checkpoint
Qwen3-8B/magicoder/seed42	metamath	atomic_benchmark	scalar_e minus flat_e	retention_rate	0.0	-0.0714285714285714	0.0689774904214559	2000	2000	paired test samples conditional on one fixed source checkpoint
Qwen3-8B/magicoder/seed42	metamath	atomic_benchmark	scalar_e minus flat_e	new_success_rate	0.00530705079605762	0.0007581501137225166	0.010614101592115238	2000	2000	paired test samples conditional on one fixed source checkpoint
Qwen3-8B/magicoder/seed42	metamath	atomic_benchmark	scalar_e minus flat_e	new_damage_rate	0.004548900682335103	-0.0007581501137225166	0.009855951478392723	2000	2000	paired test samples conditional on one fixed source checkpoint
Qwen3-8B/magicoder/seed42	openbookqa	atomic_benchmark	hns_f4_s1 minus scalar_e	recovery_rate	0.0	0.0	0.0	1994	2000	paired test samples conditional on one fixed source checkpoint
Qwen3-8B/magicoder/seed42	openbookqa	atomic_benchmark	hns_f4_s1 minus scalar_e	retention_rate	0.05263157894736842	0.0	0.1764705882352941	2000	2000	paired test samples conditional on one fixed source checkpoint
Qwen3-8B/magicoder/seed42	openbookqa	atomic_benchmark	hns_f4_s1 minus scalar_e	new_success_rate	0.0	-0.006	0.006	2000	2000	paired test samples conditional on one fixed source checkpoint
Qwen3-8B/magicoder/seed42	openbookqa	atomic_benchmark	hns_f4_s1 minus scalar_e	new_damage_rate	0.0	0.0	0.0	2000	2000	paired test samples conditional on one fixed source checkpoint
Qwen3-8B/magicoder/seed42	openbookqa	atomic_benchmark	hns_f4_s1 minus flat_e	recovery_rate	0.0	0.0	0.0	1994	2000	paired test samples conditional on one fixed source checkpoint
Qwen3-8B/magicoder/seed42	openbookqa	atomic_benchmark	hns_f4_s1 minus flat_e	retention_rate	0.0	0.0	0.0	2000	2000	paired test samples conditional on one fixed source checkpoint
Qwen3-8B/magicoder/seed42	openbookqa	atomic_benchmark	hns_f4_s1 minus flat_e	new_success_rate	0.002	0.0	0.006	2000	2000	paired test samples conditional on one fixed source checkpoint
Qwen3-8B/magicoder/seed42	openbookqa	atomic_benchmark	hns_f4_s1 minus flat_e	new_damage_rate	0.0	0.0	0.0	2000	2000	paired test samples conditional on one fixed source checkpoint
Qwen3-8B/magicoder/seed42	openbookqa	atomic_benchmark	scalar_e minus flat_e	recovery_rate	0.0	0.0	0.0	1994	2000	paired test samples conditional on one fixed source checkpoint
Qwen3-8B/magicoder/seed42	openbookqa	atomic_benchmark	scalar_e minus flat_e	retention_rate	-0.05263157894736842	-0.1764705882352941	0.0	2000	2000	paired test samples conditional on one fixed source checkpoint
Qwen3-8B/magicoder/seed42	openbookqa	atomic_benchmark	scalar_e minus flat_e	new_success_rate	0.002	-0.004	0.01	2000	2000	paired test samples conditional on one fixed source checkpoint
Qwen3-8B/magicoder/seed42	openbookqa	atomic_benchmark	scalar_e minus flat_e	new_damage_rate	0.0	0.0	0.0	2000	2000	paired test samples conditional on one fixed source checkpoint
Qwen3-8B/magicoder/seed42	piqa	atomic_benchmark	hns_f4_s1 minus scalar_e	recovery_rate	0.07352941176470595	0.0	0.15384615384615385	2000	2000	paired test samples conditional on one fixed source checkpoint
Qwen3-8B/magicoder/seed42	piqa	atomic_benchmark	hns_f4_s1 minus scalar_e	retention_rate	-0.10909090909090907	-0.1936116382036686	-0.03389830508474578	2000	2000	paired test samples conditional on one fixed source checkpoint
Qwen3-8B/magicoder/seed42	piqa	atomic_benchmark	hns_f4_s1 minus scalar_e	new_success_rate	-0.000544069640914037	-0.0027203482045701846	0.001088139281828074	2000	2000	paired test samples conditional on one fixed source checkpoint
Qwen3-8B/magicoder/seed42	piqa	atomic_benchmark	hns_f4_s1 minus scalar_e	new_damage_rate	-0.001088139281828074	-0.002720348204570185	0.0	2000	2000	paired test samples conditional on one fixed source checkpoint
Qwen3-8B/magicoder/seed42	piqa	atomic_benchmark	hns_f4_s1 minus flat_e	recovery_rate	0.0	-0.04111015981735154	0.04166666666666663	2000	2000	paired test samples conditional on one fixed source checkpoint
Qwen3-8B/magicoder/seed42	piqa	atomic_benchmark	hns_f4_s1 minus flat_e	retention_rate	-0.018181818181818188	-0.061224489795918324	0.0	2000	2000	paired test samples conditional on one fixed source checkpoint
Qwen3-8B/magicoder/seed42	piqa	atomic_benchmark	hns_f4_s1 minus flat_e	new_success_rate	0.0	0.0	0.0	2000	2000	paired test samples conditional on one fixed source checkpoint
Qwen3-8B/magicoder/seed42	piqa	atomic_benchmark	hns_f4_s1 minus flat_e	new_damage_rate	0.0	0.0	0.0	2000	2000	paired test samples conditional on one fixed source checkpoint
Qwen3-8B/magicoder/seed42	piqa	atomic_benchmark	scalar_e minus flat_e	recovery_rate	-0.07352941176470595	-0.14492753623188404	-0.015625	2000	2000	paired test samples conditional on one fixed source checkpoint
Qwen3-8B/magicoder/seed42	piqa	atomic_benchmark	scalar_e minus flat_e	retention_rate	0.09090909090909088	0.019990196078431336	0.17394021739130425	2000	2000	paired test samples conditional on one fixed source checkpoint
Qwen3-8B/magicoder/seed42	piqa	atomic_benchmark	scalar_e minus flat_e	new_success_rate	0.000544069640914037	-0.001088139281828074	0.0027203482045701846	2000	2000	paired test samples conditional on one fixed source checkpoint
Qwen3-8B/magicoder/seed42	piqa	atomic_benchmark	scalar_e minus flat_e	new_damage_rate	0.001088139281828074	0.0	0.002720348204570185	2000	2000	paired test samples conditional on one fixed source checkpoint
Qwen3-8B/magicoder/seed42	siqa	atomic_benchmark	hns_f4_s1 minus scalar_e	recovery_rate	-0.05263157894736836	-0.12001724137931034	0.0	2000	2000	paired test samples conditional on one fixed source checkpoint
Qwen3-8B/magicoder/seed42	siqa	atomic_benchmark	hns_f4_s1 minus scalar_e	retention_rate	-0.0980392156862745	-0.186046511627907	-0.021727567067530113	2000	2000	paired test samples conditional on one fixed source checkpoint
Qwen3-8B/magicoder/seed42	siqa	atomic_benchmark	hns_f4_s1 minus scalar_e	new_success_rate	-0.0010235414534288637	-0.00255885363357216	0.0	2000	2000	paired test samples conditional on one fixed source checkpoint
Qwen3-8B/magicoder/seed42	siqa	atomic_benchmark	hns_f4_s1 minus scalar_e	new_damage_rate	-0.001535312180143296	-0.004605936540429887	0.0010235414534288639	2000	2000	paired test samples conditional on one fixed source checkpoint
Qwen3-8B/magicoder/seed42	siqa	atomic_benchmark	hns_f4_s1 minus flat_e	recovery_rate	-0.03508771929824561	-0.1071428571428571	0.03076923076923077	2000	2000	paired test samples conditional on one fixed source checkpoint
Qwen3-8B/magicoder/seed42	siqa	atomic_benchmark	hns_f4_s1 minus flat_e	retention_rate	0.0	-0.0819728273074332	0.08163265306122448	2000	2000	paired test samples conditional on one fixed source checkpoint
Qwen3-8B/magicoder/seed42	siqa	atomic_benchmark	hns_f4_s1 minus flat_e	new_success_rate	0.000511770726714432	0.0	0.001535312180143296	2000	2000	paired test samples conditional on one fixed source checkpoint
Qwen3-8B/magicoder/seed42	siqa	atomic_benchmark	hns_f4_s1 minus flat_e	new_damage_rate	-0.0010235414534288639	-0.0030706243602865915	0.000511770726714432	2000	2000	paired test samples conditional on one fixed source checkpoint
Qwen3-8B/magicoder/seed42	siqa	atomic_benchmark	scalar_e minus flat_e	recovery_rate	0.01754385964912275	-0.038461538461538436	0.07999999999999996	2000	2000	paired test samples conditional on one fixed source checkpoint
Qwen3-8B/magicoder/seed42	siqa	atomic_benchmark	scalar_e minus flat_e	retention_rate	0.0980392156862745	0.0	0.20338983050847456	2000	2000	paired test samples conditional on one fixed source checkpoint
Qwen3-8B/magicoder/seed42	siqa	atomic_benchmark	scalar_e minus flat_e	new_success_rate	0.0015353121801432957	0.0	0.0035823950870010235	2000	2000	paired test samples conditional on one fixed source checkpoint
Qwen3-8B/magicoder/seed42	siqa	atomic_benchmark	scalar_e minus flat_e	new_damage_rate	0.000511770726714432	-0.001535312180143296	0.0030706243602865915	2000	2000	paired test samples conditional on one fixed source checkpoint
Qwen3-8B/magicoder/seed42	tulu	atomic_benchmark	hns_f4_s1 minus scalar_e	recovery_rate	0.0	-0.07692307692307687	0.07813265931372544	2000	2000	paired test samples conditional on one fixed source checkpoint
Qwen3-8B/magicoder/seed42	tulu	atomic_benchmark	hns_f4_s1 minus scalar_e	retention_rate	0.0	-0.08823529411764708	0.09090909090909083	2000	2000	paired test samples conditional on one fixed source checkpoint
Qwen3-8B/magicoder/seed42	tulu	atomic_benchmark	hns_f4_s1 minus scalar_e	new_success_rate	-0.005545286506469498	-0.01478743068391867	0.0036968576709796655	2000	2000	paired test samples conditional on one fixed source checkpoint
Qwen3-8B/magicoder/seed42	tulu	atomic_benchmark	hns_f4_s1 minus scalar_e	new_damage_rate	-0.005545286506469502	-0.018484288354898334	0.005545286506469502	2000	2000	paired test samples conditional on one fixed source checkpoint
Qwen3-8B/magicoder/seed42	tulu	atomic_benchmark	hns_f4_s1 minus flat_e	recovery_rate	0.0	-0.0566309869375907	0.05558176100628919	2000	2000	paired test samples conditional on one fixed source checkpoint
Qwen3-8B/magicoder/seed42	tulu	atomic_benchmark	hns_f4_s1 minus flat_e	retention_rate	0.0	-0.1304633867276888	0.125	2000	2000	paired test samples conditional on one fixed source checkpoint
Qwen3-8B/magicoder/seed42	tulu	atomic_benchmark	hns_f4_s1 minus flat_e	new_success_rate	-0.0018484288354898327	-0.011090573012939003	0.0073937153419593345	2000	2000	paired test samples conditional on one fixed source checkpoint
Qwen3-8B/magicoder/seed42	tulu	atomic_benchmark	hns_f4_s1 minus flat_e	new_damage_rate	-0.0036968576709796655	-0.01478743068391867	0.0073937153419593345	2000	2000	paired test samples conditional on one fixed source checkpoint
Qwen3-8B/magicoder/seed42	tulu	atomic_benchmark	scalar_e minus flat_e	recovery_rate	0.0	-0.09615384615384615	0.09615384615384615	2000	2000	paired test samples conditional on one fixed source checkpoint
Qwen3-8B/magicoder/seed42	tulu	atomic_benchmark	scalar_e minus flat_e	retention_rate	0.0	-0.16129032258064513	0.1481481481481482	2000	2000	paired test samples conditional on one fixed source checkpoint
Qwen3-8B/magicoder/seed42	tulu	atomic_benchmark	scalar_e minus flat_e	new_success_rate	0.0036968576709796655	-0.0036968576709796655	0.011090573012939003	2000	2000	paired test samples conditional on one fixed source checkpoint
Qwen3-8B/magicoder/seed42	tulu	atomic_benchmark	scalar_e minus flat_e	new_damage_rate	0.0018484288354898362	-0.009288354898336414	0.014787430683918667	2000	2000	paired test samples conditional on one fixed source checkpoint
Qwen3-8B/magicoder/seed42	winogrande	atomic_benchmark	hns_f4_s1 minus scalar_e	recovery_rate	0.04081632653061229	-0.031275201612903224	0.13047579983593077	2000	2000	paired test samples conditional on one fixed source checkpoint
Qwen3-8B/magicoder/seed42	winogrande	atomic_benchmark	hns_f4_s1 minus scalar_e	retention_rate	-0.11363636363636365	-0.21951219512195125	-0.024390243902439046	2000	2000	paired test samples conditional on one fixed source checkpoint
Qwen3-8B/magicoder/seed42	winogrande	atomic_benchmark	hns_f4_s1 minus scalar_e	new_success_rate	-0.00473559589581689	-0.008681925808997633	-0.0015785319652722955	2000	2000	paired test samples conditional on one fixed source checkpoint
Qwen3-8B/magicoder/seed42	winogrande	atomic_benchmark	hns_f4_s1 minus scalar_e	new_damage_rate	-0.003946329913180741	-0.007892659826361484	-0.0007892659826361484	2000	2000	paired test samples conditional on one fixed source checkpoint
Qwen3-8B/magicoder/seed42	winogrande	atomic_benchmark	hns_f4_s1 minus flat_e	recovery_rate	0.0	-0.05769230769230771	0.05882352941176472	2000	2000	paired test samples conditional on one fixed source checkpoint
Qwen3-8B/magicoder/seed42	winogrande	atomic_benchmark	hns_f4_s1 minus flat_e	retention_rate	-0.045454545454545414	-0.11768207282913168	0.0	2000	2000	paired test samples conditional on one fixed source checkpoint
Qwen3-8B/magicoder/seed42	winogrande	atomic_benchmark	hns_f4_s1 minus flat_e	new_success_rate	0.0007892659826361486	-0.0015785319652722972	0.003946329913180741	2000	2000	paired test samples conditional on one fixed source checkpoint
Qwen3-8B/magicoder/seed42	winogrande	atomic_benchmark	hns_f4_s1 minus flat_e	new_damage_rate	0.0	0.0	0.0	2000	2000	paired test samples conditional on one fixed source checkpoint
Qwen3-8B/magicoder/seed42	winogrande	atomic_benchmark	scalar_e minus flat_e	recovery_rate	-0.04081632653061229	-0.125	0.03775399129172703	2000	2000	paired test samples conditional on one fixed source checkpoint
Qwen3-8B/magicoder/seed42	winogrande	atomic_benchmark	scalar_e minus flat_e	retention_rate	0.06818181818181823	0.0	0.15555555555555556	2000	2000	paired test samples conditional on one fixed source checkpoint
Qwen3-8B/magicoder/seed42	winogrande	atomic_benchmark	scalar_e minus flat_e	new_success_rate	0.0055248618784530384	0.0015785319652722972	0.009471191791633781	2000	2000	paired test samples conditional on one fixed source checkpoint
Qwen3-8B/magicoder/seed42	winogrande	atomic_benchmark	scalar_e minus flat_e	new_damage_rate	0.003946329913180741	0.0007892659826361484	0.007892659826361484	2000	2000	paired test samples conditional on one fixed source checkpoint
Qwen3-8B/magicoder/seed43	arc_challenge	atomic_benchmark	hns_f4_s1 minus scalar_e	recovery_rate	0.0	0.0	0.0	2000	2000	paired test samples conditional on one fixed source checkpoint
Qwen3-8B/magicoder/seed43	arc_challenge	atomic_benchmark	hns_f4_s1 minus scalar_e	retention_rate	-0.109375	-0.1940298507462686	-0.03846153846153849	2000	2000	paired test samples conditional on one fixed source checkpoint
Qwen3-8B/magicoder/seed43	arc_challenge	atomic_benchmark	hns_f4_s1 minus scalar_e	new_success_rate	0.0008532423208191127	0.0	0.0025597269624573382	2000	2000	paired test samples conditional on one fixed source checkpoint
Qwen3-8B/magicoder/seed43	arc_challenge	atomic_benchmark	hns_f4_s1 minus scalar_e	new_damage_rate	-0.0008532423208191126	-0.002559726962457338	0.0	2000	2000	paired test samples conditional on one fixed source checkpoint
Qwen3-8B/magicoder/seed43	arc_challenge	atomic_benchmark	hns_f4_s1 minus flat_e	recovery_rate	0.0	0.0	0.0	2000	2000	paired test samples conditional on one fixed source checkpoint
Qwen3-8B/magicoder/seed43	arc_challenge	atomic_benchmark	hns_f4_s1 minus flat_e	retention_rate	-0.015625	-0.054545454545454564	0.0	2000	2000	paired test samples conditional on one fixed source checkpoint
Qwen3-8B/magicoder/seed43	arc_challenge	atomic_benchmark	hns_f4_s1 minus flat_e	new_success_rate	0.0	0.0	0.0	2000	2000	paired test samples conditional on one fixed source checkpoint
Qwen3-8B/magicoder/seed43	arc_challenge	atomic_benchmark	hns_f4_s1 minus flat_e	new_damage_rate	-0.0008532423208191126	-0.002559726962457338	0.0	2000	2000	paired test samples conditional on one fixed source checkpoint
Qwen3-8B/magicoder/seed43	arc_challenge	atomic_benchmark	scalar_e minus flat_e	recovery_rate	0.0	0.0	0.0	2000	2000	paired test samples conditional on one fixed source checkpoint
Qwen3-8B/magicoder/seed43	arc_challenge	atomic_benchmark	scalar_e minus flat_e	retention_rate	0.09375	0.02985074626865669	0.171875	2000	2000	paired test samples conditional on one fixed source checkpoint
Qwen3-8B/magicoder/seed43	arc_challenge	atomic_benchmark	scalar_e minus flat_e	new_success_rate	-0.0008532423208191127	-0.0025597269624573382	0.0	2000	2000	paired test samples conditional on one fixed source checkpoint
Qwen3-8B/magicoder/seed43	arc_challenge	atomic_benchmark	scalar_e minus flat_e	new_damage_rate	0.0	0.0	0.0	2000	2000	paired test samples conditional on one fixed source checkpoint
Qwen3-8B/magicoder/seed43	arc_easy	atomic_benchmark	hns_f4_s1 minus scalar_e	recovery_rate	0.0	0.0	0.0	1996	2000	paired test samples conditional on one fixed source checkpoint
Qwen3-8B/magicoder/seed43	arc_easy	atomic_benchmark	hns_f4_s1 minus scalar_e	retention_rate	-0.033333333333333326	-0.08771929824561409	0.0	2000	2000	paired test samples conditional on one fixed source checkpoint
Qwen3-8B/magicoder/seed43	arc_easy	atomic_benchmark	hns_f4_s1 minus scalar_e	new_success_rate	-0.00042087542087542086	-0.0016835016835016834	0.0	2000	2000	paired test samples conditional on one fixed source checkpoint
Qwen3-8B/magicoder/seed43	arc_easy	atomic_benchmark	hns_f4_s1 minus scalar_e	new_damage_rate	0.000420875420875421	0.0	0.0012626262626262627	2000	2000	paired test samples conditional on one fixed source checkpoint
Qwen3-8B/magicoder/seed43	arc_easy	atomic_benchmark	hns_f4_s1 minus flat_e	recovery_rate	0.0	0.0	0.0	1996	2000	paired test samples conditional on one fixed source checkpoint
Qwen3-8B/magicoder/seed43	arc_easy	atomic_benchmark	hns_f4_s1 minus flat_e	retention_rate	0.0	-0.048387096774193505	0.04479308005427401	2000	2000	paired test samples conditional on one fixed source checkpoint
Qwen3-8B/magicoder/seed43	arc_easy	atomic_benchmark	hns_f4_s1 minus flat_e	new_success_rate	0.0	0.0	0.0	2000	2000	paired test samples conditional on one fixed source checkpoint
Qwen3-8B/magicoder/seed43	arc_easy	atomic_benchmark	hns_f4_s1 minus flat_e	new_damage_rate	0.0008417508417508418	0.0	0.0021043771043771048	2000	2000	paired test samples conditional on one fixed source checkpoint
Qwen3-8B/magicoder/seed43	arc_easy	atomic_benchmark	scalar_e minus flat_e	recovery_rate	0.0	0.0	0.0	1996	2000	paired test samples conditional on one fixed source checkpoint
Qwen3-8B/magicoder/seed43	arc_easy	atomic_benchmark	scalar_e minus flat_e	retention_rate	0.033333333333333326	0.0	0.08451301026497973	2000	2000	paired test samples conditional on one fixed source checkpoint
Qwen3-8B/magicoder/seed43	arc_easy	atomic_benchmark	scalar_e minus flat_e	new_success_rate	0.00042087542087542086	0.0	0.0016835016835016834	2000	2000	paired test samples conditional on one fixed source checkpoint
Qwen3-8B/magicoder/seed43	arc_easy	atomic_benchmark	scalar_e minus flat_e	new_damage_rate	0.00042087542087542086	0.0	0.0012626262626262627	2000	2000	paired test samples conditional on one fixed source checkpoint
Qwen3-8B/magicoder/seed43	boolq	atomic_benchmark	hns_f4_s1 minus scalar_e	recovery_rate	0.0	0.0	0.0	2000	2000	paired test samples conditional on one fixed source checkpoint
Qwen3-8B/magicoder/seed43	boolq	atomic_benchmark	hns_f4_s1 minus scalar_e	retention_rate	-0.10869565217391303	-0.20517241379310344	-0.024984756097561026	2000	2000	paired test samples conditional on one fixed source checkpoint
Qwen3-8B/magicoder/seed43	boolq	atomic_benchmark	hns_f4_s1 minus scalar_e	new_success_rate	-0.0003058103975535169	-0.0009174311926605505	0.0	2000	2000	paired test samples conditional on one fixed source checkpoint
Qwen3-8B/magicoder/seed43	boolq	atomic_benchmark	hns_f4_s1 minus scalar_e	new_damage_rate	-0.0006116207951070336	-0.0015290519877675843	0.0	2000	2000	paired test samples conditional on one fixed source checkpoint
Qwen3-8B/magicoder/seed43	boolq	atomic_benchmark	hns_f4_s1 minus flat_e	recovery_rate	0.0	0.0	0.0	2000	2000	paired test samples conditional on one fixed source checkpoint
Qwen3-8B/magicoder/seed43	boolq	atomic_benchmark	hns_f4_s1 minus flat_e	retention_rate	-0.021739130434782594	-0.07407407407407407	0.0	2000	2000	paired test samples conditional on one fixed source checkpoint
Qwen3-8B/magicoder/seed43	boolq	atomic_benchmark	hns_f4_s1 minus flat_e	new_success_rate	0.0	0.0	0.0	2000	2000	paired test samples conditional on one fixed source checkpoint
Qwen3-8B/magicoder/seed43	boolq	atomic_benchmark	hns_f4_s1 minus flat_e	new_damage_rate	-0.0003058103975535169	-0.0009174311926605505	0.0	2000	2000	paired test samples conditional on one fixed source checkpoint
Qwen3-8B/magicoder/seed43	boolq	atomic_benchmark	scalar_e minus flat_e	recovery_rate	0.0	0.0	0.0	2000	2000	paired test samples conditional on one fixed source checkpoint
Qwen3-8B/magicoder/seed43	boolq	atomic_benchmark	scalar_e minus flat_e	retention_rate	0.08695652173913043	0.019230769230769218	0.17391304347826086	2000	2000	paired test samples conditional on one fixed source checkpoint
Qwen3-8B/magicoder/seed43	boolq	atomic_benchmark	scalar_e minus flat_e	new_success_rate	0.0003058103975535169	0.0	0.0009174311926605505	2000	2000	paired test samples conditional on one fixed source checkpoint
Qwen3-8B/magicoder/seed43	boolq	atomic_benchmark	scalar_e minus flat_e	new_damage_rate	0.0003058103975535167	0.0	0.0009174311926605505	2000	2000	paired test samples conditional on one fixed source checkpoint
Qwen3-8B/magicoder/seed43	hellaswag	atomic_benchmark	hns_f4_s1 minus scalar_e	recovery_rate	0.021186440677966045	-0.0089285714285714	0.05416717980295569	2000	2000	paired test samples conditional on one fixed source checkpoint
Qwen3-8B/magicoder/seed43	hellaswag	atomic_benchmark	hns_f4_s1 minus scalar_e	retention_rate	-0.03515625	-0.07435345141774183	0.0042391145528930235	2000	2000	paired test samples conditional on one fixed source checkpoint
Qwen3-8B/magicoder/seed43	hellaswag	atomic_benchmark	hns_f4_s1 minus scalar_e	new_success_rate	-0.0019916351324437364	-0.003087034455287791	-0.0009958175662218684	2000	2000	paired test samples conditional on one fixed source checkpoint
Qwen3-8B/magicoder/seed43	hellaswag	atomic_benchmark	hns_f4_s1 minus scalar_e	new_damage_rate	-0.001593308105954989	-0.0024895439155546706	-0.0007966540529774943	2000	2000	paired test samples conditional on one fixed source checkpoint
Qwen3-8B/magicoder/seed43	hellaswag	atomic_benchmark	hns_f4_s1 minus flat_e	recovery_rate	-0.008474576271186529	-0.035089432565789475	0.017947504833998432	2000	2000	paired test samples conditional on one fixed source checkpoint
Qwen3-8B/magicoder/seed43	hellaswag	atomic_benchmark	hns_f4_s1 minus flat_e	retention_rate	0.00390625	-0.02479855371900824	0.031746031746031744	2000	2000	paired test samples conditional on one fixed source checkpoint
Qwen3-8B/magicoder/seed43	hellaswag	atomic_benchmark	hns_f4_s1 minus flat_e	new_success_rate	-9.958175662218684e-05	-0.0006970722963553079	0.0004979087831109338	2000	2000	paired test samples conditional on one fixed source checkpoint
Qwen3-8B/magicoder/seed43	hellaswag	atomic_benchmark	hns_f4_s1 minus flat_e	new_damage_rate	-0.0002987452698665605	-0.0007991435968930492	0.0002987452698665603	2000	2000	paired test samples conditional on one fixed source checkpoint
Qwen3-8B/magicoder/seed43	hellaswag	atomic_benchmark	scalar_e minus flat_e	recovery_rate	-0.029661016949152574	-0.059289374958129554	0.0	2000	2000	paired test samples conditional on one fixed source checkpoint
Qwen3-8B/magicoder/seed43	hellaswag	atomic_benchmark	scalar_e minus flat_e	retention_rate	0.0390625	0.004131806278270911	0.07380757140904738	2000	2000	paired test samples conditional on one fixed source checkpoint
Qwen3-8B/magicoder/seed43	hellaswag	atomic_benchmark	scalar_e minus flat_e	new_success_rate	0.0018920533758215495	0.000995817566221868	0.002887870942043418	2000	2000	paired test samples conditional on one fixed source checkpoint
Qwen3-8B/magicoder/seed43	hellaswag	atomic_benchmark	scalar_e minus flat_e	new_damage_rate	0.0012945628360884285	0.0005974905397331206	0.0020912168890659232	2000	2000	paired test samples conditional on one fixed source checkpoint
Qwen3-8B/magicoder/seed43	magicoder	atomic_benchmark	hns_f4_s1 minus scalar_e	recovery_rate	0.0	-0.12903225806451613	0.13636363636363635	2000	2000	paired test samples conditional on one fixed source checkpoint
Qwen3-8B/magicoder/seed43	magicoder	atomic_benchmark	hns_f4_s1 minus scalar_e	retention_rate	-0.07999999999999996	-0.19999999999999996	0.0	2000	2000	paired test samples conditional on one fixed source checkpoint
Qwen3-8B/magicoder/seed43	magicoder	atomic_benchmark	hns_f4_s1 minus scalar_e	new_success_rate	-0.01219512195121951	-0.030487804878048787	0.0	2000	2000	paired test samples conditional on one fixed source checkpoint
Qwen3-8B/magicoder/seed43	magicoder	atomic_benchmark	hns_f4_s1 minus scalar_e	new_damage_rate	0.0	0.0	0.0	2000	2000	paired test samples conditional on one fixed source checkpoint
Qwen3-8B/magicoder/seed43	magicoder	atomic_benchmark	hns_f4_s1 minus flat_e	recovery_rate	-0.032258064516129004	-0.11111111111111105	0.0	2000	2000	paired test samples conditional on one fixed source checkpoint
Qwen3-8B/magicoder/seed43	magicoder	atomic_benchmark	hns_f4_s1 minus flat_e	retention_rate	-0.040000000000000036	-0.13162280701754384	0.0	2000	2000	paired test samples conditional on one fixed source checkpoint
Qwen3-8B/magicoder/seed43	magicoder	atomic_benchmark	hns_f4_s1 minus flat_e	new_success_rate	0.0060975609756097615	0.0	0.01829268292682927	2000	2000	paired test samples conditional on one fixed source checkpoint
Qwen3-8B/magicoder/seed43	magicoder	atomic_benchmark	hns_f4_s1 minus flat_e	new_damage_rate	0.0	0.0	0.0	2000	2000	paired test samples conditional on one fixed source checkpoint
Qwen3-8B/magicoder/seed43	magicoder	atomic_benchmark	scalar_e minus flat_e	recovery_rate	-0.032258064516129004	-0.14819444444444443	0.07407407407407407	2000	2000	paired test samples conditional on one fixed source checkpoint
Qwen3-8B/magicoder/seed43	magicoder	atomic_benchmark	scalar_e minus flat_e	retention_rate	0.039999999999999925	0.0	0.125	2000	2000	paired test samples conditional on one fixed source checkpoint
Qwen3-8B/magicoder/seed43	magicoder	atomic_benchmark	scalar_e minus flat_e	new_success_rate	0.01829268292682927	0.0	0.04268292682926829	2000	2000	paired test samples conditional on one fixed source checkpoint
Qwen3-8B/magicoder/seed43	magicoder	atomic_benchmark	scalar_e minus flat_e	new_damage_rate	0.0	0.0	0.0	2000	2000	paired test samples conditional on one fixed source checkpoint
Qwen3-8B/magicoder/seed43	metamath	atomic_benchmark	hns_f4_s1 minus scalar_e	recovery_rate	0.0	-0.046882370283018865	0.04761904761904756	2000	2000	paired test samples conditional on one fixed source checkpoint
Qwen3-8B/magicoder/seed43	metamath	atomic_benchmark	hns_f4_s1 minus scalar_e	retention_rate	-0.013157894736842035	-0.07999999999999996	0.0547945205479452	2000	2000	paired test samples conditional on one fixed source checkpoint
Qwen3-8B/magicoder/seed43	metamath	atomic_benchmark	hns_f4_s1 minus scalar_e	new_success_rate	-0.0015163002274450332	-0.006823351023502653	0.003790750568612585	2000	2000	paired test samples conditional on one fixed source checkpoint
Qwen3-8B/magicoder/seed43	metamath	atomic_benchmark	hns_f4_s1 minus scalar_e	new_damage_rate	-0.0022744503411675516	-0.008339651250947686	0.003790750568612585	2000	2000	paired test samples conditional on one fixed source checkpoint
Qwen3-8B/magicoder/seed43	metamath	atomic_benchmark	hns_f4_s1 minus flat_e	recovery_rate	0.03389830508474578	-0.007877165354330803	0.07826086956521738	2000	2000	paired test samples conditional on one fixed source checkpoint
Qwen3-8B/magicoder/seed43	metamath	atomic_benchmark	hns_f4_s1 minus flat_e	retention_rate	-0.013157894736842035	-0.061543209876543215	0.029862053369516077	2000	2000	paired test samples conditional on one fixed source checkpoint
Qwen3-8B/magicoder/seed43	metamath	atomic_benchmark	hns_f4_s1 minus flat_e	new_success_rate	0.0	-0.003032600454890068	0.00303260045489007	2000	2000	paired test samples conditional on one fixed source checkpoint
Qwen3-8B/magicoder/seed43	metamath	atomic_benchmark	hns_f4_s1 minus flat_e	new_damage_rate	-0.003032600454890068	-0.00758150113722517	0.0007581501137225184	2000	2000	paired test samples conditional on one fixed source checkpoint
Qwen3-8B/magicoder/seed43	metamath	atomic_benchmark	scalar_e minus flat_e	recovery_rate	0.03389830508474578	-0.01626349460215922	0.09031249999999982	2000	2000	paired test samples conditional on one fixed source checkpoint
Qwen3-8B/magicoder/seed43	metamath	atomic_benchmark	scalar_e minus flat_e	retention_rate	0.0	-0.0759737098344694	0.07229352191374191	2000	2000	paired test samples conditional on one fixed source checkpoint
Qwen3-8B/magicoder/seed43	metamath	atomic_benchmark	scalar_e minus flat_e	new_success_rate	0.0015163002274450332	-0.002293404094010615	0.006065200909780135	2000	2000	paired test samples conditional on one fixed source checkpoint
Qwen3-8B/magicoder/seed43	metamath	atomic_benchmark	scalar_e minus flat_e	new_damage_rate	-0.0007581501137225166	-0.006823351023502653	0.005307050796057618	2000	2000	paired test samples conditional on one fixed source checkpoint
Qwen3-8B/magicoder/seed43	openbookqa	atomic_benchmark	hns_f4_s1 minus scalar_e	recovery_rate	0.11111111111111116	0.0	0.375	2000	2000	paired test samples conditional on one fixed source checkpoint
Qwen3-8B/magicoder/seed43	openbookqa	atomic_benchmark	hns_f4_s1 minus scalar_e	retention_rate	0.0	0.0	0.0	2000	2000	paired test samples conditional on one fixed source checkpoint
Qwen3-8B/magicoder/seed43	openbookqa	atomic_benchmark	hns_f4_s1 minus scalar_e	new_success_rate	-0.002	-0.01	0.004	2000	2000	paired test samples conditional on one fixed source checkpoint
Qwen3-8B/magicoder/seed43	openbookqa	atomic_benchmark	hns_f4_s1 minus scalar_e	new_damage_rate	0.0	0.0	0.0	2000	2000	paired test samples conditional on one fixed source checkpoint
Qwen3-8B/magicoder/seed43	openbookqa	atomic_benchmark	hns_f4_s1 minus flat_e	recovery_rate	0.0	0.0	0.0	2000	2000	paired test samples conditional on one fixed source checkpoint
Qwen3-8B/magicoder/seed43	openbookqa	atomic_benchmark	hns_f4_s1 minus flat_e	retention_rate	0.0	0.0	0.0	2000	2000	paired test samples conditional on one fixed source checkpoint
Qwen3-8B/magicoder/seed43	openbookqa	atomic_benchmark	hns_f4_s1 minus flat_e	new_success_rate	0.002	0.0	0.006	2000	2000	paired test samples conditional on one fixed source checkpoint
Qwen3-8B/magicoder/seed43	openbookqa	atomic_benchmark	hns_f4_s1 minus flat_e	new_damage_rate	0.0	0.0	0.0	2000	2000	paired test samples conditional on one fixed source checkpoint
Qwen3-8B/magicoder/seed43	openbookqa	atomic_benchmark	scalar_e minus flat_e	recovery_rate	-0.11111111111111116	-0.375	0.0	2000	2000	paired test samples conditional on one fixed source checkpoint
Qwen3-8B/magicoder/seed43	openbookqa	atomic_benchmark	scalar_e minus flat_e	retention_rate	0.0	0.0	0.0	2000	2000	paired test samples conditional on one fixed source checkpoint
Qwen3-8B/magicoder/seed43	openbookqa	atomic_benchmark	scalar_e minus flat_e	new_success_rate	0.004	0.0	0.01	2000	2000	paired test samples conditional on one fixed source checkpoint
Qwen3-8B/magicoder/seed43	openbookqa	atomic_benchmark	scalar_e minus flat_e	new_damage_rate	0.0	0.0	0.0	2000	2000	paired test samples conditional on one fixed source checkpoint
Qwen3-8B/magicoder/seed43	piqa	atomic_benchmark	hns_f4_s1 minus scalar_e	recovery_rate	0.17021276595744683	0.06818181818181823	0.28205128205128205	2000	2000	paired test samples conditional on one fixed source checkpoint
Qwen3-8B/magicoder/seed43	piqa	atomic_benchmark	hns_f4_s1 minus scalar_e	retention_rate	-0.07547169811320759	-0.169811320754717	0.0	2000	2000	paired test samples conditional on one fixed source checkpoint
Qwen3-8B/magicoder/seed43	piqa	atomic_benchmark	hns_f4_s1 minus scalar_e	new_success_rate	-0.001632208922742111	-0.0038084874863982586	0.0	2000	2000	paired test samples conditional on one fixed source checkpoint
Qwen3-8B/magicoder/seed43	piqa	atomic_benchmark	hns_f4_s1 minus scalar_e	new_damage_rate	0.0	-0.002176278563656148	0.002176278563656148	2000	2000	paired test samples conditional on one fixed source checkpoint
Qwen3-8B/magicoder/seed43	piqa	atomic_benchmark	hns_f4_s1 minus flat_e	recovery_rate	-0.021276595744680882	-0.06977764177886578	0.0	2000	2000	paired test samples conditional on one fixed source checkpoint
Qwen3-8B/magicoder/seed43	piqa	atomic_benchmark	hns_f4_s1 minus flat_e	retention_rate	0.018867924528301883	-0.06122448979591838	0.10258620689655157	2000	2000	paired test samples conditional on one fixed source checkpoint
Qwen3-8B/magicoder/seed43	piqa	atomic_benchmark	hns_f4_s1 minus flat_e	new_success_rate	0.0	-0.001632208922742111	0.001632208922742111	2000	2000	paired test samples conditional on one fixed source checkpoint
Qwen3-8B/magicoder/seed43	piqa	atomic_benchmark	hns_f4_s1 minus flat_e	new_damage_rate	0.000544069640914037	0.0	0.001632208922742111	2000	2000	paired test samples conditional on one fixed source checkpoint
Qwen3-8B/magicoder/seed43	piqa	atomic_benchmark	scalar_e minus flat_e	recovery_rate	-0.19148936170212771	-0.30434782608695654	-0.08771929824561397	2000	2000	paired test samples conditional on one fixed source checkpoint
Qwen3-8B/magicoder/seed43	piqa	atomic_benchmark	scalar_e minus flat_e	retention_rate	0.09433962264150947	0.02324260042283297	0.18519841269841264	2000	2000	paired test samples conditional on one fixed source checkpoint
Qwen3-8B/magicoder/seed43	piqa	atomic_benchmark	scalar_e minus flat_e	new_success_rate	0.001632208922742111	-0.000544069640914037	0.004352557127312296	2000	2000	paired test samples conditional on one fixed source checkpoint
Qwen3-8B/magicoder/seed43	piqa	atomic_benchmark	scalar_e minus flat_e	new_damage_rate	0.000544069640914037	-0.001088139281828074	0.002189880304678925	2000	2000	paired test samples conditional on one fixed source checkpoint
Qwen3-8B/magicoder/seed43	siqa	atomic_benchmark	hns_f4_s1 minus scalar_e	recovery_rate	-0.061224489795918324	-0.13727180527383373	0.0	2000	2000	paired test samples conditional on one fixed source checkpoint
Qwen3-8B/magicoder/seed43	siqa	atomic_benchmark	hns_f4_s1 minus scalar_e	retention_rate	-0.09259259259259262	-0.1875	0.0	2000	2000	paired test samples conditional on one fixed source checkpoint
Qwen3-8B/magicoder/seed43	siqa	atomic_benchmark	hns_f4_s1 minus scalar_e	new_success_rate	0.0	0.0	0.0	2000	2000	paired test samples conditional on one fixed source checkpoint
Qwen3-8B/magicoder/seed43	siqa	atomic_benchmark	hns_f4_s1 minus scalar_e	new_damage_rate	0.0	0.0	0.0	2000	2000	paired test samples conditional on one fixed source checkpoint
Qwen3-8B/magicoder/seed43	siqa	atomic_benchmark	hns_f4_s1 minus flat_e	recovery_rate	-0.020408163265306145	-0.0652173913043479	0.0	2000	2000	paired test samples conditional on one fixed source checkpoint
Qwen3-8B/magicoder/seed43	siqa	atomic_benchmark	hns_f4_s1 minus flat_e	retention_rate	-0.037037037037037035	-0.09260335917312658	0.0	2000	2000	paired test samples conditional on one fixed source checkpoint
Qwen3-8B/magicoder/seed43	siqa	atomic_benchmark	hns_f4_s1 minus flat_e	new_success_rate	0.0	0.0	0.0	2000	2000	paired test samples conditional on one fixed source checkpoint
Qwen3-8B/magicoder/seed43	siqa	atomic_benchmark	hns_f4_s1 minus flat_e	new_damage_rate	0.000511770726714432	0.0	0.001535312180143296	2000	2000	paired test samples conditional on one fixed source checkpoint
Qwen3-8B/magicoder/seed43	siqa	atomic_benchmark	scalar_e minus flat_e	recovery_rate	0.04081632653061218	0.0	0.1063829787234043	2000	2000	paired test samples conditional on one fixed source checkpoint
Qwen3-8B/magicoder/seed43	siqa	atomic_benchmark	scalar_e minus flat_e	retention_rate	0.05555555555555558	-0.050858322468491965	0.16001785714285707	2000	2000	paired test samples conditional on one fixed source checkpoint
Qwen3-8B/magicoder/seed43	siqa	atomic_benchmark	scalar_e minus flat_e	new_success_rate	0.0	0.0	0.0	2000	2000	paired test samples conditional on one fixed source checkpoint
Qwen3-8B/magicoder/seed43	siqa	atomic_benchmark	scalar_e minus flat_e	new_damage_rate	0.000511770726714432	0.0	0.001535312180143296	2000	2000	paired test samples conditional on one fixed source checkpoint
Qwen3-8B/magicoder/seed43	tulu	atomic_benchmark	hns_f4_s1 minus scalar_e	recovery_rate	0.04255319148936165	-0.036363636363636265	0.13043478260869568	2000	2000	paired test samples conditional on one fixed source checkpoint
Qwen3-8B/magicoder/seed43	tulu	atomic_benchmark	hns_f4_s1 minus scalar_e	retention_rate	0.03125	-0.10818318318318318	0.17241379310344826	2000	2000	paired test samples conditional on one fixed source checkpoint
Qwen3-8B/magicoder/seed43	tulu	atomic_benchmark	hns_f4_s1 minus scalar_e	new_success_rate	0.0036968576709796655	-0.005545286506469502	0.012985212569315834	2000	2000	paired test samples conditional on one fixed source checkpoint
Qwen3-8B/magicoder/seed43	tulu	atomic_benchmark	hns_f4_s1 minus scalar_e	new_damage_rate	-0.003696857670979669	-0.0166358595194085	0.009242144177449167	2000	2000	paired test samples conditional on one fixed source checkpoint
Qwen3-8B/magicoder/seed43	tulu	atomic_benchmark	hns_f4_s1 minus flat_e	recovery_rate	0.021276595744680882	-0.04761904761904756	0.10204081632653061	2000	2000	paired test samples conditional on one fixed source checkpoint
Qwen3-8B/magicoder/seed43	tulu	atomic_benchmark	hns_f4_s1 minus flat_e	retention_rate	0.0	-0.09090909090909088	0.09523809523809523	2000	2000	paired test samples conditional on one fixed source checkpoint
Qwen3-8B/magicoder/seed43	tulu	atomic_benchmark	hns_f4_s1 minus flat_e	new_success_rate	0.0018484288354898327	-0.0073937153419593345	0.011090573012939003	2000	2000	paired test samples conditional on one fixed source checkpoint
Qwen3-8B/magicoder/seed43	tulu	atomic_benchmark	hns_f4_s1 minus flat_e	new_damage_rate	-0.0018484288354898362	-0.00924214417744917	0.005545286506469502	2000	2000	paired test samples conditional on one fixed source checkpoint
Qwen3-8B/magicoder/seed43	tulu	atomic_benchmark	scalar_e minus flat_e	recovery_rate	-0.02127659574468077	-0.13890503875968999	0.09096194503171222	2000	2000	paired test samples conditional on one fixed source checkpoint
Qwen3-8B/magicoder/seed43	tulu	atomic_benchmark	scalar_e minus flat_e	retention_rate	-0.03125	-0.1724137931034483	0.1111111111111111	2000	2000	paired test samples conditional on one fixed source checkpoint
Qwen3-8B/magicoder/seed43	tulu	atomic_benchmark	scalar_e minus flat_e	new_success_rate	-0.0018484288354898327	-0.011090573012939003	0.0073937153419593345	2000	2000	paired test samples conditional on one fixed source checkpoint
Qwen3-8B/magicoder/seed43	tulu	atomic_benchmark	scalar_e minus flat_e	new_damage_rate	0.0018484288354898327	-0.011090573012939003	0.014787430683918669	2000	2000	paired test samples conditional on one fixed source checkpoint
Qwen3-8B/magicoder/seed43	winogrande	atomic_benchmark	hns_f4_s1 minus scalar_e	recovery_rate	0.14035087719298245	0.05882352941176472	0.23811300639658844	2000	2000	paired test samples conditional on one fixed source checkpoint
Qwen3-8B/magicoder/seed43	winogrande	atomic_benchmark	hns_f4_s1 minus scalar_e	retention_rate	-0.19642857142857142	-0.3095443349753695	-0.09259259259259262	2000	2000	paired test samples conditional on one fixed source checkpoint
Qwen3-8B/magicoder/seed43	winogrande	atomic_benchmark	hns_f4_s1 minus scalar_e	new_success_rate	-0.003946329913180742	-0.007892659826361484	0.0	2000	2000	paired test samples conditional on one fixed source checkpoint
Qwen3-8B/magicoder/seed43	winogrande	atomic_benchmark	hns_f4_s1 minus scalar_e	new_damage_rate	-0.0007892659826361484	-0.0023677979479084454	0.0	2000	2000	paired test samples conditional on one fixed source checkpoint
Qwen3-8B/magicoder/seed43	winogrande	atomic_benchmark	hns_f4_s1 minus flat_e	recovery_rate	0.05263157894736836	0.0	0.12280701754385959	2000	2000	paired test samples conditional on one fixed source checkpoint
Qwen3-8B/magicoder/seed43	winogrande	atomic_benchmark	hns_f4_s1 minus flat_e	retention_rate	-0.053571428571428575	-0.12499999999999997	0.0	2000	2000	paired test samples conditional on one fixed source checkpoint
Qwen3-8B/magicoder/seed43	winogrande	atomic_benchmark	hns_f4_s1 minus flat_e	new_success_rate	0.0	0.0	0.0	2000	2000	paired test samples conditional on one fixed source checkpoint
Qwen3-8B/magicoder/seed43	winogrande	atomic_benchmark	hns_f4_s1 minus flat_e	new_damage_rate	0.0	0.0	0.0	2000	2000	paired test samples conditional on one fixed source checkpoint
Qwen3-8B/magicoder/seed43	winogrande	atomic_benchmark	scalar_e minus flat_e	recovery_rate	-0.08771929824561409	-0.16666666666666663	-0.020000000000000018	2000	2000	paired test samples conditional on one fixed source checkpoint
Qwen3-8B/magicoder/seed43	winogrande	atomic_benchmark	scalar_e minus flat_e	retention_rate	0.14285714285714285	0.05766509433962261	0.24528301886792453	2000	2000	paired test samples conditional on one fixed source checkpoint
Qwen3-8B/magicoder/seed43	winogrande	atomic_benchmark	scalar_e minus flat_e	new_success_rate	0.003946329913180742	0.0	0.007892659826361484	2000	2000	paired test samples conditional on one fixed source checkpoint
Qwen3-8B/magicoder/seed43	winogrande	atomic_benchmark	scalar_e minus flat_e	new_damage_rate	0.0007892659826361484	0.0	0.0023677979479084454	2000	2000	paired test samples conditional on one fixed source checkpoint
Qwen3-8B/magicoder/seed44	arc_challenge	atomic_benchmark	hns_f4_s1 minus scalar_e	recovery_rate	0.0	0.0	0.0	2000	2000	paired test samples conditional on one fixed source checkpoint
Qwen3-8B/magicoder/seed44	arc_challenge	atomic_benchmark	hns_f4_s1 minus scalar_e	retention_rate	-0.08955223880597013	-0.16666666666666663	-0.02898550724637683	2000	2000	paired test samples conditional on one fixed source checkpoint
Qwen3-8B/magicoder/seed44	arc_challenge	atomic_benchmark	hns_f4_s1 minus scalar_e	new_success_rate	0.0008532423208191127	0.0	0.0025597269624573382	2000	2000	paired test samples conditional on one fixed source checkpoint
Qwen3-8B/magicoder/seed44	arc_challenge	atomic_benchmark	hns_f4_s1 minus scalar_e	new_damage_rate	0.0	0.0	0.0	2000	2000	paired test samples conditional on one fixed source checkpoint
Qwen3-8B/magicoder/seed44	arc_challenge	atomic_benchmark	hns_f4_s1 minus flat_e	recovery_rate	0.0	0.0	0.0	2000	2000	paired test samples conditional on one fixed source checkpoint
Qwen3-8B/magicoder/seed44	arc_challenge	atomic_benchmark	hns_f4_s1 minus flat_e	retention_rate	-0.014925373134328346	-0.07044768611670021	0.03389830508474578	2000	2000	paired test samples conditional on one fixed source checkpoint
Qwen3-8B/magicoder/seed44	arc_challenge	atomic_benchmark	hns_f4_s1 minus flat_e	new_success_rate	0.0	0.0	0.0	2000	2000	paired test samples conditional on one fixed source checkpoint
Qwen3-8B/magicoder/seed44	arc_challenge	atomic_benchmark	hns_f4_s1 minus flat_e	new_damage_rate	0.0	0.0	0.0	2000	2000	paired test samples conditional on one fixed source checkpoint
Qwen3-8B/magicoder/seed44	arc_challenge	atomic_benchmark	scalar_e minus flat_e	recovery_rate	0.0	0.0	0.0	2000	2000	paired test samples conditional on one fixed source checkpoint
Qwen3-8B/magicoder/seed44	arc_challenge	atomic_benchmark	scalar_e minus flat_e	retention_rate	0.07462686567164178	0.016129032258064502	0.14290413533834564	2000	2000	paired test samples conditional on one fixed source checkpoint
Qwen3-8B/magicoder/seed44	arc_challenge	atomic_benchmark	scalar_e minus flat_e	new_success_rate	-0.0008532423208191127	-0.0025597269624573382	0.0	2000	2000	paired test samples conditional on one fixed source checkpoint
Qwen3-8B/magicoder/seed44	arc_challenge	atomic_benchmark	scalar_e minus flat_e	new_damage_rate	0.0	0.0	0.0	2000	2000	paired test samples conditional on one fixed source checkpoint
Qwen3-8B/magicoder/seed44	arc_easy	atomic_benchmark	hns_f4_s1 minus scalar_e	recovery_rate	0.1428571428571428	0.0	0.5	1998	2000	paired test samples conditional on one fixed source checkpoint
Qwen3-8B/magicoder/seed44	arc_easy	atomic_benchmark	hns_f4_s1 minus scalar_e	retention_rate	0.0	-0.0816466312552418	0.08333333333333326	2000	2000	paired test samples conditional on one fixed source checkpoint
Qwen3-8B/magicoder/seed44	arc_easy	atomic_benchmark	hns_f4_s1 minus scalar_e	new_success_rate	0.00042087542087542086	0.0	0.0012626262626262627	2000	2000	paired test samples conditional on one fixed source checkpoint
Qwen3-8B/magicoder/seed44	arc_easy	atomic_benchmark	hns_f4_s1 minus scalar_e	new_damage_rate	0.0004208754208754207	0.0	0.0012626262626262627	2000	2000	paired test samples conditional on one fixed source checkpoint
Qwen3-8B/magicoder/seed44	arc_easy	atomic_benchmark	hns_f4_s1 minus flat_e	recovery_rate	0.0	0.0	0.0	1998	2000	paired test samples conditional on one fixed source checkpoint
Qwen3-8B/magicoder/seed44	arc_easy	atomic_benchmark	hns_f4_s1 minus flat_e	retention_rate	-0.016666666666666607	-0.05555555555555558	0.0	2000	2000	paired test samples conditional on one fixed source checkpoint
Qwen3-8B/magicoder/seed44	arc_easy	atomic_benchmark	hns_f4_s1 minus flat_e	new_success_rate	0.0	0.0	0.0	2000	2000	paired test samples conditional on one fixed source checkpoint
Qwen3-8B/magicoder/seed44	arc_easy	atomic_benchmark	hns_f4_s1 minus flat_e	new_damage_rate	0.0	0.0	0.0	2000	2000	paired test samples conditional on one fixed source checkpoint
Qwen3-8B/magicoder/seed44	arc_easy	atomic_benchmark	scalar_e minus flat_e	recovery_rate	-0.1428571428571428	-0.5	0.0	1998	2000	paired test samples conditional on one fixed source checkpoint
Qwen3-8B/magicoder/seed44	arc_easy	atomic_benchmark	scalar_e minus flat_e	retention_rate	-0.016666666666666607	-0.09376474056603773	0.05555555555555558	2000	2000	paired test samples conditional on one fixed source checkpoint
Qwen3-8B/magicoder/seed44	arc_easy	atomic_benchmark	scalar_e minus flat_e	new_success_rate	-0.00042087542087542086	-0.0012626262626262627	0.0	2000	2000	paired test samples conditional on one fixed source checkpoint
Qwen3-8B/magicoder/seed44	arc_easy	atomic_benchmark	scalar_e minus flat_e	new_damage_rate	-0.0004208754208754207	-0.0012626262626262627	0.0	2000	2000	paired test samples conditional on one fixed source checkpoint
Qwen3-8B/magicoder/seed44	boolq	atomic_benchmark	hns_f4_s1 minus scalar_e	recovery_rate	-0.08333333333333326	-0.18181818181818188	0.0	2000	2000	paired test samples conditional on one fixed source checkpoint
Qwen3-8B/magicoder/seed44	boolq	atomic_benchmark	hns_f4_s1 minus scalar_e	retention_rate	-0.07500000000000001	-0.18754222972972973	0.027777777777777735	2000	2000	paired test samples conditional on one fixed source checkpoint
Qwen3-8B/magicoder/seed44	boolq	atomic_benchmark	hns_f4_s1 minus scalar_e	new_success_rate	-0.0003058103975535169	-0.0009174311926605505	0.0	2000	2000	paired test samples conditional on one fixed source checkpoint
Qwen3-8B/magicoder/seed44	boolq	atomic_benchmark	hns_f4_s1 minus scalar_e	new_damage_rate	0.0006116207951070336	0.0	0.0015290519877675841	2000	2000	paired test samples conditional on one fixed source checkpoint
Qwen3-8B/magicoder/seed44	boolq	atomic_benchmark	hns_f4_s1 minus flat_e	recovery_rate	0.0	-0.07499999999999996	0.07894736842105254	2000	2000	paired test samples conditional on one fixed source checkpoint
Qwen3-8B/magicoder/seed44	boolq	atomic_benchmark	hns_f4_s1 minus flat_e	retention_rate	-0.025000000000000022	-0.1111111111111111	0.05661725067385436	2000	2000	paired test samples conditional on one fixed source checkpoint
Qwen3-8B/magicoder/seed44	boolq	atomic_benchmark	hns_f4_s1 minus flat_e	new_success_rate	0.0	0.0	0.0	2000	2000	paired test samples conditional on one fixed source checkpoint
Qwen3-8B/magicoder/seed44	boolq	atomic_benchmark	hns_f4_s1 minus flat_e	new_damage_rate	0.0	-0.0009174311926605505	0.0009174311926605505	2000	2000	paired test samples conditional on one fixed source checkpoint
Qwen3-8B/magicoder/seed44	boolq	atomic_benchmark	scalar_e minus flat_e	recovery_rate	0.08333333333333326	0.0	0.18187799043062175	2000	2000	paired test samples conditional on one fixed source checkpoint
Qwen3-8B/magicoder/seed44	boolq	atomic_benchmark	scalar_e minus flat_e	retention_rate	0.04999999999999999	-0.06451612903225806	0.17021276595744678	2000	2000	paired test samples conditional on one fixed source checkpoint
Qwen3-8B/magicoder/seed44	boolq	atomic_benchmark	scalar_e minus flat_e	new_success_rate	0.0003058103975535169	0.0	0.0009174311926605505	2000	2000	paired test samples conditional on one fixed source checkpoint
Qwen3-8B/magicoder/seed44	boolq	atomic_benchmark	scalar_e minus flat_e	new_damage_rate	-0.0006116207951070336	-0.001834862385321101	0.0006116207951070336	2000	2000	paired test samples conditional on one fixed source checkpoint
Qwen3-8B/magicoder/seed44	hellaswag	atomic_benchmark	hns_f4_s1 minus scalar_e	recovery_rate	0.06198347107438018	0.03112797233030696	0.09623809043706201	2000	2000	paired test samples conditional on one fixed source checkpoint
Qwen3-8B/magicoder/seed44	hellaswag	atomic_benchmark	hns_f4_s1 minus scalar_e	retention_rate	-0.050387596899224785	-0.0871448180111386	-0.01550387596899222	2000	2000	paired test samples conditional on one fixed source checkpoint
Qwen3-8B/magicoder/seed44	hellaswag	atomic_benchmark	hns_f4_s1 minus scalar_e	new_success_rate	-0.001194981079466242	-0.002091216889065923	-0.00039832702648874736	2000	2000	paired test samples conditional on one fixed source checkpoint
Qwen3-8B/magicoder/seed44	hellaswag	atomic_benchmark	hns_f4_s1 minus scalar_e	new_damage_rate	-0.0017924716191993627	-0.002688707428799044	-0.0010929097789285137	2000	2000	paired test samples conditional on one fixed source checkpoint
Qwen3-8B/magicoder/seed44	hellaswag	atomic_benchmark	hns_f4_s1 minus flat_e	recovery_rate	0.02066115702479343	0.0	0.04347826086956519	2000	2000	paired test samples conditional on one fixed source checkpoint
Qwen3-8B/magicoder/seed44	hellaswag	atomic_benchmark	hns_f4_s1 minus flat_e	retention_rate	0.0	-0.02928908608824929	0.029858787956767815	2000	2000	paired test samples conditional on one fixed source checkpoint
Qwen3-8B/magicoder/seed44	hellaswag	atomic_benchmark	hns_f4_s1 minus flat_e	new_success_rate	-0.00039832702648874736	-0.0010953993228440548	0.00019916351324437368	2000	2000	paired test samples conditional on one fixed source checkpoint
Qwen3-8B/magicoder/seed44	hellaswag	atomic_benchmark	hns_f4_s1 minus flat_e	new_damage_rate	-9.958175662218684e-05	-0.000597490539733121	0.00039832702648874736	2000	2000	paired test samples conditional on one fixed source checkpoint
Qwen3-8B/magicoder/seed44	hellaswag	atomic_benchmark	scalar_e minus flat_e	recovery_rate	-0.04132231404958675	-0.07173755631838663	-0.012874160889182392	2000	2000	paired test samples conditional on one fixed source checkpoint
Qwen3-8B/magicoder/seed44	hellaswag	atomic_benchmark	scalar_e minus flat_e	retention_rate	0.050387596899224785	0.01872659176029967	0.08675885241664512	2000	2000	paired test samples conditional on one fixed source checkpoint
Qwen3-8B/magicoder/seed44	hellaswag	atomic_benchmark	scalar_e minus flat_e	new_success_rate	0.0007966540529774947	0.0	0.0015933081059549895	2000	2000	paired test samples conditional on one fixed source checkpoint
Qwen3-8B/magicoder/seed44	hellaswag	atomic_benchmark	scalar_e minus flat_e	new_damage_rate	0.0016928898625771759	0.0008962358095996813	0.002589125672176857	2000	2000	paired test samples conditional on one fixed source checkpoint
Qwen3-8B/magicoder/seed44	magicoder	atomic_benchmark	hns_f4_s1 minus scalar_e	recovery_rate	-0.0357142857142857	-0.11538461538461542	0.0	2000	2000	paired test samples conditional on one fixed source checkpoint
Qwen3-8B/magicoder/seed44	magicoder	atomic_benchmark	hns_f4_s1 minus scalar_e	retention_rate	-0.08000000000000007	-0.20000000000000007	0.0	2000	2000	paired test samples conditional on one fixed source checkpoint
Qwen3-8B/magicoder/seed44	magicoder	atomic_benchmark	hns_f4_s1 minus scalar_e	new_success_rate	-0.01829268292682927	-0.04268292682926829	0.0	2000	2000	paired test samples conditional on one fixed source checkpoint
Qwen3-8B/magicoder/seed44	magicoder	atomic_benchmark	hns_f4_s1 minus scalar_e	new_damage_rate	-0.006097560975609756	-0.018292682926829267	0.0	2000	2000	paired test samples conditional on one fixed source checkpoint
Qwen3-8B/magicoder/seed44	magicoder	atomic_benchmark	hns_f4_s1 minus flat_e	recovery_rate	0.0	0.0	0.0	2000	2000	paired test samples conditional on one fixed source checkpoint
Qwen3-8B/magicoder/seed44	magicoder	atomic_benchmark	hns_f4_s1 minus flat_e	retention_rate	0.039999999999999925	0.0	0.1333333333333333	2000	2000	paired test samples conditional on one fixed source checkpoint
Qwen3-8B/magicoder/seed44	magicoder	atomic_benchmark	hns_f4_s1 minus flat_e	new_success_rate	-0.01219512195121951	-0.030487804878048783	0.0	2000	2000	paired test samples conditional on one fixed source checkpoint
Qwen3-8B/magicoder/seed44	magicoder	atomic_benchmark	hns_f4_s1 minus flat_e	new_damage_rate	0.0	0.0	0.0	2000	2000	paired test samples conditional on one fixed source checkpoint
Qwen3-8B/magicoder/seed44	magicoder	atomic_benchmark	scalar_e minus flat_e	recovery_rate	0.0357142857142857	0.0	0.11538461538461542	2000	2000	paired test samples conditional on one fixed source checkpoint
Qwen3-8B/magicoder/seed44	magicoder	atomic_benchmark	scalar_e minus flat_e	retention_rate	0.12	0.0	0.26315789473684215	2000	2000	paired test samples conditional on one fixed source checkpoint
Qwen3-8B/magicoder/seed44	magicoder	atomic_benchmark	scalar_e minus flat_e	new_success_rate	0.0060975609756097615	0.0	0.01829268292682927	2000	2000	paired test samples conditional on one fixed source checkpoint
Qwen3-8B/magicoder/seed44	magicoder	atomic_benchmark	scalar_e minus flat_e	new_damage_rate	0.006097560975609756	0.0	0.018292682926829267	2000	2000	paired test samples conditional on one fixed source checkpoint
Qwen3-8B/magicoder/seed44	metamath	atomic_benchmark	hns_f4_s1 minus scalar_e	recovery_rate	-0.028037383177570097	-0.0833528037383178	0.02752293577981657	2000	2000	paired test samples conditional on one fixed source checkpoint
Qwen3-8B/magicoder/seed44	metamath	atomic_benchmark	hns_f4_s1 minus scalar_e	retention_rate	-0.02352941176470591	-0.08333333333333337	0.03158734602463611	2000	2000	paired test samples conditional on one fixed source checkpoint
Qwen3-8B/magicoder/seed44	metamath	atomic_benchmark	hns_f4_s1 minus scalar_e	new_success_rate	0.006823351023502653	0.0015163002274450332	0.01288855193328279	2000	2000	paired test samples conditional on one fixed source checkpoint
Qwen3-8B/magicoder/seed44	metamath	atomic_benchmark	hns_f4_s1 minus scalar_e	new_damage_rate	-0.003032600454890068	-0.009097801364670203	0.0022744503411675516	2000	2000	paired test samples conditional on one fixed source checkpoint
Qwen3-8B/magicoder/seed44	metamath	atomic_benchmark	hns_f4_s1 minus flat_e	recovery_rate	0.009345794392523366	-0.03000757575757578	0.05208559782608698	2000	2000	paired test samples conditional on one fixed source checkpoint
Qwen3-8B/magicoder/seed44	metamath	atomic_benchmark	hns_f4_s1 minus flat_e	retention_rate	-0.02352941176470591	-0.07145008605851987	0.022727272727272707	2000	2000	paired test samples conditional on one fixed source checkpoint
Qwen3-8B/magicoder/seed44	metamath	atomic_benchmark	hns_f4_s1 minus flat_e	new_success_rate	0.003790750568612585	0.0007581501137225166	0.00758150113722517	2000	2000	paired test samples conditional on one fixed source checkpoint
Qwen3-8B/magicoder/seed44	metamath	atomic_benchmark	hns_f4_s1 minus flat_e	new_damage_rate	-0.0022744503411675516	-0.006823351023502651	0.001516300227445035	2000	2000	paired test samples conditional on one fixed source checkpoint
Qwen3-8B/magicoder/seed44	metamath	atomic_benchmark	scalar_e minus flat_e	recovery_rate	0.03738317757009346	0.008547008547008517	0.08140591966173359	2000	2000	paired test samples conditional on one fixed source checkpoint
Qwen3-8B/magicoder/seed44	metamath	atomic_benchmark	scalar_e minus flat_e	retention_rate	0.0	-0.06330460544034473	0.06666666666666665	2000	2000	paired test samples conditional on one fixed source checkpoint
Qwen3-8B/magicoder/seed44	metamath	atomic_benchmark	scalar_e minus flat_e	new_success_rate	-0.003032600454890068	-0.008339651250947686	0.001516300227445035	2000	2000	paired test samples conditional on one fixed source checkpoint
Qwen3-8B/magicoder/seed44	metamath	atomic_benchmark	scalar_e minus flat_e	new_damage_rate	0.0007581501137225166	-0.004548900682335103	0.006823351023502653	2000	2000	paired test samples conditional on one fixed source checkpoint
Qwen3-8B/magicoder/seed44	openbookqa	atomic_benchmark	hns_f4_s1 minus scalar_e	recovery_rate	-0.10000000000000009	-0.33333333333333337	0.0	2000	2000	paired test samples conditional on one fixed source checkpoint
Qwen3-8B/magicoder/seed44	openbookqa	atomic_benchmark	hns_f4_s1 minus scalar_e	retention_rate	-0.07692307692307698	-0.25	0.0	2000	2000	paired test samples conditional on one fixed source checkpoint
Qwen3-8B/magicoder/seed44	openbookqa	atomic_benchmark	hns_f4_s1 minus scalar_e	new_success_rate	0.0	-0.006	0.006	2000	2000	paired test samples conditional on one fixed source checkpoint
Qwen3-8B/magicoder/seed44	openbookqa	atomic_benchmark	hns_f4_s1 minus scalar_e	new_damage_rate	-0.004	-0.01	0.0	2000	2000	paired test samples conditional on one fixed source checkpoint
Qwen3-8B/magicoder/seed44	openbookqa	atomic_benchmark	hns_f4_s1 minus flat_e	recovery_rate	-0.10000000000000009	-0.33333333333333337	0.0	2000	2000	paired test samples conditional on one fixed source checkpoint
Qwen3-8B/magicoder/seed44	openbookqa	atomic_benchmark	hns_f4_s1 minus flat_e	retention_rate	-0.07692307692307698	-0.2666666666666667	0.0	2000	2000	paired test samples conditional on one fixed source checkpoint
Qwen3-8B/magicoder/seed44	openbookqa	atomic_benchmark	hns_f4_s1 minus flat_e	new_success_rate	0.002	0.0	0.006	2000	2000	paired test samples conditional on one fixed source checkpoint
Qwen3-8B/magicoder/seed44	openbookqa	atomic_benchmark	hns_f4_s1 minus flat_e	new_damage_rate	0.0	0.0	0.0	2000	2000	paired test samples conditional on one fixed source checkpoint
Qwen3-8B/magicoder/seed44	openbookqa	atomic_benchmark	scalar_e minus flat_e	recovery_rate	0.0	0.0	0.0	2000	2000	paired test samples conditional on one fixed source checkpoint
Qwen3-8B/magicoder/seed44	openbookqa	atomic_benchmark	scalar_e minus flat_e	retention_rate	0.0	-0.23076923076923073	0.23076923076923073	2000	2000	paired test samples conditional on one fixed source checkpoint
Qwen3-8B/magicoder/seed44	openbookqa	atomic_benchmark	scalar_e minus flat_e	new_success_rate	0.002	-0.004	0.01	2000	2000	paired test samples conditional on one fixed source checkpoint
Qwen3-8B/magicoder/seed44	openbookqa	atomic_benchmark	scalar_e minus flat_e	new_damage_rate	0.004	0.0	0.01	2000	2000	paired test samples conditional on one fixed source checkpoint
Qwen3-8B/magicoder/seed44	piqa	atomic_benchmark	hns_f4_s1 minus scalar_e	recovery_rate	0.125	0.049170331867253045	0.21818181818181814	2000	2000	paired test samples conditional on one fixed source checkpoint
Qwen3-8B/magicoder/seed44	piqa	atomic_benchmark	hns_f4_s1 minus scalar_e	retention_rate	-0.0892857142857143	-0.16986291273584908	-0.019230769230769273	2000	2000	paired test samples conditional on one fixed source checkpoint
Qwen3-8B/magicoder/seed44	piqa	atomic_benchmark	hns_f4_s1 minus scalar_e	new_success_rate	-0.000544069640914037	-0.001632208922742111	0.0	2000	2000	paired test samples conditional on one fixed source checkpoint
Qwen3-8B/magicoder/seed44	piqa	atomic_benchmark	hns_f4_s1 minus scalar_e	new_damage_rate	0.0	-0.001632208922742111	0.001632208922742111	2000	2000	paired test samples conditional on one fixed source checkpoint
Qwen3-8B/magicoder/seed44	piqa	atomic_benchmark	hns_f4_s1 minus flat_e	recovery_rate	0.017857142857142794	-0.04081632653061229	0.08771929824561397	2000	2000	paired test samples conditional on one fixed source checkpoint
Qwen3-8B/magicoder/seed44	piqa	atomic_benchmark	hns_f4_s1 minus flat_e	retention_rate	0.0357142857142857	-0.050869374634716566	0.1272823984526112	2000	2000	paired test samples conditional on one fixed source checkpoint
Qwen3-8B/magicoder/seed44	piqa	atomic_benchmark	hns_f4_s1 minus flat_e	new_success_rate	0.0	-0.001632208922742111	0.001632208922742111	2000	2000	paired test samples conditional on one fixed source checkpoint
Qwen3-8B/magicoder/seed44	piqa	atomic_benchmark	hns_f4_s1 minus flat_e	new_damage_rate	-0.000544069640914037	-0.001632208922742111	0.0	2000	2000	paired test samples conditional on one fixed source checkpoint
Qwen3-8B/magicoder/seed44	piqa	atomic_benchmark	scalar_e minus flat_e	recovery_rate	-0.1071428571428572	-0.21153846153846156	-0.01754385964912275	2000	2000	paired test samples conditional on one fixed source checkpoint
Qwen3-8B/magicoder/seed44	piqa	atomic_benchmark	scalar_e minus flat_e	retention_rate	0.125	0.04443627450980393	0.2174110671936758	2000	2000	paired test samples conditional on one fixed source checkpoint
Qwen3-8B/magicoder/seed44	piqa	atomic_benchmark	scalar_e minus flat_e	new_success_rate	0.000544069640914037	-0.001088139281828074	0.002176278563656148	2000	2000	paired test samples conditional on one fixed source checkpoint
Qwen3-8B/magicoder/seed44	piqa	atomic_benchmark	scalar_e minus flat_e	new_damage_rate	-0.000544069640914037	-0.002176278563656148	0.001088139281828074	2000	2000	paired test samples conditional on one fixed source checkpoint
Qwen3-8B/magicoder/seed44	siqa	atomic_benchmark	hns_f4_s1 minus scalar_e	recovery_rate	0.0	-0.08108108108108114	0.08336864406779645	2000	2000	paired test samples conditional on one fixed source checkpoint
Qwen3-8B/magicoder/seed44	siqa	atomic_benchmark	hns_f4_s1 minus scalar_e	retention_rate	-0.11538461538461536	-0.2222222222222222	-0.020822704081632695	2000	2000	paired test samples conditional on one fixed source checkpoint
Qwen3-8B/magicoder/seed44	siqa	atomic_benchmark	hns_f4_s1 minus scalar_e	new_success_rate	0.0	0.0	0.0	2000	2000	paired test samples conditional on one fixed source checkpoint
Qwen3-8B/magicoder/seed44	siqa	atomic_benchmark	hns_f4_s1 minus scalar_e	new_damage_rate	-0.0005117707267144316	-0.0015353121801432962	0.0	2000	2000	paired test samples conditional on one fixed source checkpoint
Qwen3-8B/magicoder/seed44	siqa	atomic_benchmark	hns_f4_s1 minus flat_e	recovery_rate	-0.020408163265306145	-0.06976744186046513	0.0	2000	2000	paired test samples conditional on one fixed source checkpoint
Qwen3-8B/magicoder/seed44	siqa	atomic_benchmark	hns_f4_s1 minus flat_e	retention_rate	0.019230769230769246	-0.06382978723404253	0.10869565217391305	2000	2000	paired test samples conditional on one fixed source checkpoint
Qwen3-8B/magicoder/seed44	siqa	atomic_benchmark	hns_f4_s1 minus flat_e	new_success_rate	-0.000511770726714432	-0.001535312180143296	0.0	2000	2000	paired test samples conditional on one fixed source checkpoint
Qwen3-8B/magicoder/seed44	siqa	atomic_benchmark	hns_f4_s1 minus flat_e	new_damage_rate	0.0	0.0	0.0	2000	2000	paired test samples conditional on one fixed source checkpoint
Qwen3-8B/magicoder/seed44	siqa	atomic_benchmark	scalar_e minus flat_e	recovery_rate	-0.020408163265306145	-0.09433962264150952	0.045454545454545414	2000	2000	paired test samples conditional on one fixed source checkpoint
Qwen3-8B/magicoder/seed44	siqa	atomic_benchmark	scalar_e minus flat_e	retention_rate	0.1346153846153846	0.022222222222222254	0.24144238856181632	2000	2000	paired test samples conditional on one fixed source checkpoint
Qwen3-8B/magicoder/seed44	siqa	atomic_benchmark	scalar_e minus flat_e	new_success_rate	-0.000511770726714432	-0.001535312180143296	0.0	2000	2000	paired test samples conditional on one fixed source checkpoint
Qwen3-8B/magicoder/seed44	siqa	atomic_benchmark	scalar_e minus flat_e	new_damage_rate	0.0005117707267144316	0.0	0.0015353121801432962	2000	2000	paired test samples conditional on one fixed source checkpoint
Qwen3-8B/magicoder/seed44	tulu	atomic_benchmark	hns_f4_s1 minus scalar_e	recovery_rate	-0.10204081632653061	-0.20512820512820507	0.0	2000	2000	paired test samples conditional on one fixed source checkpoint
Qwen3-8B/magicoder/seed44	tulu	atomic_benchmark	hns_f4_s1 minus scalar_e	retention_rate	0.0	-0.11907142857142859	0.12195121951219512	2000	2000	paired test samples conditional on one fixed source checkpoint
Qwen3-8B/magicoder/seed44	tulu	atomic_benchmark	hns_f4_s1 minus scalar_e	new_success_rate	-0.0073937153419593345	-0.018484288354898334	0.003696857670979669	2000	2000	paired test samples conditional on one fixed source checkpoint
Qwen3-8B/magicoder/seed44	tulu	atomic_benchmark	hns_f4_s1 minus scalar_e	new_damage_rate	-0.0018484288354898327	-0.012939001848428836	0.011090573012939	2000	2000	paired test samples conditional on one fixed source checkpoint
Qwen3-8B/magicoder/seed44	tulu	atomic_benchmark	hns_f4_s1 minus flat_e	recovery_rate	-0.04081632653061218	-0.12505681818181819	0.038480392156862726	2000	2000	paired test samples conditional on one fixed source checkpoint
Qwen3-8B/magicoder/seed44	tulu	atomic_benchmark	hns_f4_s1 minus flat_e	retention_rate	0.0	-0.11904761904761901	0.12070271682340637	2000	2000	paired test samples conditional on one fixed source checkpoint
Qwen3-8B/magicoder/seed44	tulu	atomic_benchmark	hns_f4_s1 minus flat_e	new_success_rate	0.0036968576709796655	-0.0036968576709796655	0.011090573012939003	2000	2000	paired test samples conditional on one fixed source checkpoint
Qwen3-8B/magicoder/seed44	tulu	atomic_benchmark	hns_f4_s1 minus flat_e	new_damage_rate	0.005545286506469502	-0.0036968576709796655	0.0166358595194085	2000	2000	paired test samples conditional on one fixed source checkpoint
Qwen3-8B/magicoder/seed44	tulu	atomic_benchmark	scalar_e minus flat_e	recovery_rate	0.061224489795918435	-0.02175120772946858	0.15257496740547574	2000	2000	paired test samples conditional on one fixed source checkpoint
Qwen3-8B/magicoder/seed44	tulu	atomic_benchmark	scalar_e minus flat_e	retention_rate	0.0	-0.14893617021276595	0.14708605664488006	2000	2000	paired test samples conditional on one fixed source checkpoint
Qwen3-8B/magicoder/seed44	tulu	atomic_benchmark	scalar_e minus flat_e	new_success_rate	0.011090573012939	0.0018484288354898327	0.020332717190388174	2000	2000	paired test samples conditional on one fixed source checkpoint
Qwen3-8B/magicoder/seed44	tulu	atomic_benchmark	scalar_e minus flat_e	new_damage_rate	0.0073937153419593345	-0.003696857670979669	0.018484288354898338	2000	2000	paired test samples conditional on one fixed source checkpoint
Qwen3-8B/magicoder/seed44	winogrande	atomic_benchmark	hns_f4_s1 minus scalar_e	recovery_rate	0.09999999999999998	0.0184941520467836	0.189221364221364	2000	2000	paired test samples conditional on one fixed source checkpoint
Qwen3-8B/magicoder/seed44	winogrande	atomic_benchmark	hns_f4_s1 minus scalar_e	retention_rate	-0.20754716981132076	-0.3260980479148181	-0.10204081632653061	2000	2000	paired test samples conditional on one fixed source checkpoint
Qwen3-8B/magicoder/seed44	winogrande	atomic_benchmark	hns_f4_s1 minus scalar_e	new_success_rate	-0.004735595895816891	-0.00947119179163378	-0.0007892659826361477	2000	2000	paired test samples conditional on one fixed source checkpoint
Qwen3-8B/magicoder/seed44	winogrande	atomic_benchmark	hns_f4_s1 minus scalar_e	new_damage_rate	-0.0007892659826361486	-0.0023677979479084454	0.0	2000	2000	paired test samples conditional on one fixed source checkpoint
Qwen3-8B/magicoder/seed44	winogrande	atomic_benchmark	hns_f4_s1 minus flat_e	recovery_rate	-0.01666666666666672	-0.05357142857142849	0.0	2000	2000	paired test samples conditional on one fixed source checkpoint
Qwen3-8B/magicoder/seed44	winogrande	atomic_benchmark	hns_f4_s1 minus flat_e	retention_rate	-0.037735849056603765	-0.11363636363636365	0.035714285714285726	2000	2000	paired test samples conditional on one fixed source checkpoint
Qwen3-8B/magicoder/seed44	winogrande	atomic_benchmark	hns_f4_s1 minus flat_e	new_success_rate	-0.002367797947908445	-0.005524861878453039	0.0007892659826361486	2000	2000	paired test samples conditional on one fixed source checkpoint
Qwen3-8B/magicoder/seed44	winogrande	atomic_benchmark	hns_f4_s1 minus flat_e	new_damage_rate	0.0	0.0	0.0	2000	2000	paired test samples conditional on one fixed source checkpoint
Qwen3-8B/magicoder/seed44	winogrande	atomic_benchmark	scalar_e minus flat_e	recovery_rate	-0.1166666666666667	-0.20967741935483863	-0.032786885245901565	2000	2000	paired test samples conditional on one fixed source checkpoint
Qwen3-8B/magicoder/seed44	winogrande	atomic_benchmark	scalar_e minus flat_e	retention_rate	0.169811320754717	0.07547169811320753	0.2826086956521739	2000	2000	paired test samples conditional on one fixed source checkpoint
Qwen3-8B/magicoder/seed44	winogrande	atomic_benchmark	scalar_e minus flat_e	new_success_rate	0.002367797947908446	0.0	0.0055248618784530384	2000	2000	paired test samples conditional on one fixed source checkpoint
Qwen3-8B/magicoder/seed44	winogrande	atomic_benchmark	scalar_e minus flat_e	new_damage_rate	0.0007892659826361486	0.0	0.0023677979479084454	2000	2000	paired test samples conditional on one fixed source checkpoint
Qwen3-8B/metamath/seed42	arc_challenge	atomic_benchmark	hns_f4_s1 minus scalar_e	recovery_rate	0.06060606060606066	0.0	0.15625	2000	2000	paired test samples conditional on one fixed source checkpoint
Qwen3-8B/metamath/seed42	arc_challenge	atomic_benchmark	hns_f4_s1 minus scalar_e	retention_rate	0.0	0.0	0.0	2000	2000	paired test samples conditional on one fixed source checkpoint
Qwen3-8B/metamath/seed42	arc_challenge	atomic_benchmark	hns_f4_s1 minus scalar_e	new_success_rate	0.005119453924914677	0.0017064846416382229	0.00938566552901024	2000	2000	paired test samples conditional on one fixed source checkpoint
Qwen3-8B/metamath/seed42	arc_challenge	atomic_benchmark	hns_f4_s1 minus scalar_e	new_damage_rate	-0.0008532423208191126	-0.002559726962457338	0.0	2000	2000	paired test samples conditional on one fixed source checkpoint
Qwen3-8B/metamath/seed42	arc_challenge	atomic_benchmark	hns_f4_s1 minus flat_e	recovery_rate	0.0	0.0	0.0	2000	2000	paired test samples conditional on one fixed source checkpoint
Qwen3-8B/metamath/seed42	arc_challenge	atomic_benchmark	hns_f4_s1 minus flat_e	retention_rate	0.0	0.0	0.0	2000	2000	paired test samples conditional on one fixed source checkpoint
Qwen3-8B/metamath/seed42	arc_challenge	atomic_benchmark	hns_f4_s1 minus flat_e	new_success_rate	-0.0017064846416382229	-0.004266211604095564	0.0	2000	2000	paired test samples conditional on one fixed source checkpoint
Qwen3-8B/metamath/seed42	arc_challenge	atomic_benchmark	hns_f4_s1 minus flat_e	new_damage_rate	0.0	0.0	0.0	2000	2000	paired test samples conditional on one fixed source checkpoint
Qwen3-8B/metamath/seed42	arc_challenge	atomic_benchmark	scalar_e minus flat_e	recovery_rate	-0.06060606060606066	-0.15625	0.0	2000	2000	paired test samples conditional on one fixed source checkpoint
Qwen3-8B/metamath/seed42	arc_challenge	atomic_benchmark	scalar_e minus flat_e	retention_rate	0.0	0.0	0.0	2000	2000	paired test samples conditional on one fixed source checkpoint
Qwen3-8B/metamath/seed42	arc_challenge	atomic_benchmark	scalar_e minus flat_e	new_success_rate	-0.0068259385665529	-0.011945392491467578	-0.002559726962457338	2000	2000	paired test samples conditional on one fixed source checkpoint
Qwen3-8B/metamath/seed42	arc_challenge	atomic_benchmark	scalar_e minus flat_e	new_damage_rate	0.0008532423208191126	0.0	0.002559726962457338	2000	2000	paired test samples conditional on one fixed source checkpoint
Qwen3-8B/metamath/seed42	arc_easy	atomic_benchmark	hns_f4_s1 minus scalar_e	recovery_rate	-0.0625	-0.15625	0.0	2000	2000	paired test samples conditional on one fixed source checkpoint
Qwen3-8B/metamath/seed42	arc_easy	atomic_benchmark	hns_f4_s1 minus scalar_e	retention_rate	0.015151515151515138	-0.05263157894736836	0.0847457627118644	2000	2000	paired test samples conditional on one fixed source checkpoint
Qwen3-8B/metamath/seed42	arc_easy	atomic_benchmark	hns_f4_s1 minus scalar_e	new_success_rate	-0.0004208754208754209	-0.002104377104377104	0.000841750841750842	2000	2000	paired test samples conditional on one fixed source checkpoint
Qwen3-8B/metamath/seed42	arc_easy	atomic_benchmark	hns_f4_s1 minus scalar_e	new_damage_rate	-0.00042087542087542086	-0.0012626262626262627	0.0	2000	2000	paired test samples conditional on one fixed source checkpoint
Qwen3-8B/metamath/seed42	arc_easy	atomic_benchmark	hns_f4_s1 minus flat_e	recovery_rate	0.0	0.0	0.0	2000	2000	paired test samples conditional on one fixed source checkpoint
Qwen3-8B/metamath/seed42	arc_easy	atomic_benchmark	hns_f4_s1 minus flat_e	retention_rate	0.0	0.0	0.0	2000	2000	paired test samples conditional on one fixed source checkpoint
Qwen3-8B/metamath/seed42	arc_easy	atomic_benchmark	hns_f4_s1 minus flat_e	new_success_rate	-0.000841750841750842	-0.0021043771043771043	0.0	2000	2000	paired test samples conditional on one fixed source checkpoint
Qwen3-8B/metamath/seed42	arc_easy	atomic_benchmark	hns_f4_s1 minus flat_e	new_damage_rate	-0.00042087542087542086	-0.0012626262626262627	0.0	2000	2000	paired test samples conditional on one fixed source checkpoint
Qwen3-8B/metamath/seed42	arc_easy	atomic_benchmark	scalar_e minus flat_e	recovery_rate	0.0625	0.0	0.15625	2000	2000	paired test samples conditional on one fixed source checkpoint
Qwen3-8B/metamath/seed42	arc_easy	atomic_benchmark	scalar_e minus flat_e	retention_rate	-0.015151515151515138	-0.0847457627118644	0.05263157894736836	2000	2000	paired test samples conditional on one fixed source checkpoint
Qwen3-8B/metamath/seed42	arc_easy	atomic_benchmark	scalar_e minus flat_e	new_success_rate	-0.00042087542087542113	-0.001262626262626263	0.0	2000	2000	paired test samples conditional on one fixed source checkpoint
Qwen3-8B/metamath/seed42	arc_easy	atomic_benchmark	scalar_e minus flat_e	new_damage_rate	0.0	0.0	0.0	2000	2000	paired test samples conditional on one fixed source checkpoint
Qwen3-8B/metamath/seed42	boolq	atomic_benchmark	hns_f4_s1 minus scalar_e	recovery_rate	0.0185185185185186	-0.04081632653061218	0.08333333333333326	2000	2000	paired test samples conditional on one fixed source checkpoint
Qwen3-8B/metamath/seed42	boolq	atomic_benchmark	hns_f4_s1 minus scalar_e	retention_rate	-0.03883495145631066	-0.09999999999999998	0.02040816326530609	2000	2000	paired test samples conditional on one fixed source checkpoint
Qwen3-8B/metamath/seed42	boolq	atomic_benchmark	hns_f4_s1 minus scalar_e	new_success_rate	0.0	-0.0009174311926605505	0.0009174311926605505	2000	2000	paired test samples conditional on one fixed source checkpoint
Qwen3-8B/metamath/seed42	boolq	atomic_benchmark	hns_f4_s1 minus scalar_e	new_damage_rate	0.0003058103975535169	-0.0006116207951070338	0.001529051987767584	2000	2000	paired test samples conditional on one fixed source checkpoint
Qwen3-8B/metamath/seed42	boolq	atomic_benchmark	hns_f4_s1 minus flat_e	recovery_rate	0.0185185185185186	0.0	0.0625	2000	2000	paired test samples conditional on one fixed source checkpoint
Qwen3-8B/metamath/seed42	boolq	atomic_benchmark	hns_f4_s1 minus flat_e	retention_rate	-0.01941747572815533	-0.060344827586206906	0.01869158878504673	2000	2000	paired test samples conditional on one fixed source checkpoint
Qwen3-8B/metamath/seed42	boolq	atomic_benchmark	hns_f4_s1 minus flat_e	new_success_rate	-0.0006116207951070338	-0.0015290519877675843	0.0	2000	2000	paired test samples conditional on one fixed source checkpoint
Qwen3-8B/metamath/seed42	boolq	atomic_benchmark	hns_f4_s1 minus flat_e	new_damage_rate	-0.0003058103975535169	-0.0012232415902140672	0.0	2000	2000	paired test samples conditional on one fixed source checkpoint
Qwen3-8B/metamath/seed42	boolq	atomic_benchmark	scalar_e minus flat_e	recovery_rate	0.0	-0.05084745762711862	0.05263157894736836	2000	2000	paired test samples conditional on one fixed source checkpoint
Qwen3-8B/metamath/seed42	boolq	atomic_benchmark	scalar_e minus flat_e	retention_rate	0.01941747572815533	-0.03361580587291106	0.07608695652173914	2000	2000	paired test samples conditional on one fixed source checkpoint
Qwen3-8B/metamath/seed42	boolq	atomic_benchmark	scalar_e minus flat_e	new_success_rate	-0.0006116207951070338	-0.001834862385321101	0.0006116207951070334	2000	2000	paired test samples conditional on one fixed source checkpoint
Qwen3-8B/metamath/seed42	boolq	atomic_benchmark	scalar_e minus flat_e	new_damage_rate	-0.0006116207951070338	-0.001834862385321101	0.0006116207951070336	2000	2000	paired test samples conditional on one fixed source checkpoint
Qwen3-8B/metamath/seed42	hellaswag	atomic_benchmark	hns_f4_s1 minus scalar_e	recovery_rate	-0.03198294243070354	-0.05752946694207044	-0.008063706438657855	2000	2000	paired test samples conditional on one fixed source checkpoint
Qwen3-8B/metamath/seed42	hellaswag	atomic_benchmark	hns_f4_s1 minus scalar_e	retention_rate	-0.008086253369272212	-0.043262529040823096	0.026015341443742488	2000	2000	paired test samples conditional on one fixed source checkpoint
Qwen3-8B/metamath/seed42	hellaswag	atomic_benchmark	hns_f4_s1 minus scalar_e	new_success_rate	0.0016928898625771759	0.000597490539733121	0.0027882891854212307	2000	2000	paired test samples conditional on one fixed source checkpoint
Qwen3-8B/metamath/seed42	hellaswag	atomic_benchmark	hns_f4_s1 minus scalar_e	new_damage_rate	0.0012945628360884285	0.00039832702648874736	0.00219079864568811	2000	2000	paired test samples conditional on one fixed source checkpoint
Qwen3-8B/metamath/seed42	hellaswag	atomic_benchmark	hns_f4_s1 minus flat_e	recovery_rate	-0.010660980810234477	-0.02702843468468474	0.00606246514221977	2000	2000	paired test samples conditional on one fixed source checkpoint
Qwen3-8B/metamath/seed42	hellaswag	atomic_benchmark	hns_f4_s1 minus flat_e	retention_rate	0.0	-0.01928708978576584	0.018043574061214714	2000	2000	paired test samples conditional on one fixed source checkpoint
Qwen3-8B/metamath/seed42	hellaswag	atomic_benchmark	hns_f4_s1 minus flat_e	new_success_rate	0.0008962358095996811	0.00029874526986656096	0.0015933081059549895	2000	2000	paired test samples conditional on one fixed source checkpoint
Qwen3-8B/metamath/seed42	hellaswag	atomic_benchmark	hns_f4_s1 minus flat_e	new_damage_rate	9.958175662218684e-05	-0.00039832702648874736	0.000597490539733121	2000	2000	paired test samples conditional on one fixed source checkpoint
Qwen3-8B/metamath/seed42	hellaswag	atomic_benchmark	scalar_e minus flat_e	recovery_rate	0.021321961620469065	-0.0043490205446726935	0.04684480564879989	2000	2000	paired test samples conditional on one fixed source checkpoint
Qwen3-8B/metamath/seed42	hellaswag	atomic_benchmark	scalar_e minus flat_e	retention_rate	0.008086253369272212	-0.025781607493741723	0.04347826086956519	2000	2000	paired test samples conditional on one fixed source checkpoint
Qwen3-8B/metamath/seed42	hellaswag	atomic_benchmark	scalar_e minus flat_e	new_success_rate	-0.0007966540529774947	-0.0017924716191993623	0.00019916351324437368	2000	2000	paired test samples conditional on one fixed source checkpoint
Qwen3-8B/metamath/seed42	hellaswag	atomic_benchmark	scalar_e minus flat_e	new_damage_rate	-0.0011949810794662417	-0.002091216889065923	-0.00039832702648874693	2000	2000	paired test samples conditional on one fixed source checkpoint
Qwen3-8B/metamath/seed42	magicoder	atomic_benchmark	hns_f4_s1 minus scalar_e	recovery_rate	0.037037037037037035	-0.08695652173913043	0.17241379310344823	2000	2000	paired test samples conditional on one fixed source checkpoint
Qwen3-8B/metamath/seed42	magicoder	atomic_benchmark	hns_f4_s1 minus scalar_e	retention_rate	0.2173913043478261	0.05555555555555558	0.39288419913419903	2000	2000	paired test samples conditional on one fixed source checkpoint
Qwen3-8B/metamath/seed42	magicoder	atomic_benchmark	hns_f4_s1 minus scalar_e	new_success_rate	-0.006097560975609758	-0.03048780487804878	0.012195121951219513	2000	2000	paired test samples conditional on one fixed source checkpoint
Qwen3-8B/metamath/seed42	magicoder	atomic_benchmark	hns_f4_s1 minus scalar_e	new_damage_rate	0.006097560975609755	-0.012195121951219513	0.03048780487804878	2000	2000	paired test samples conditional on one fixed source checkpoint
Qwen3-8B/metamath/seed42	magicoder	atomic_benchmark	hns_f4_s1 minus flat_e	recovery_rate	0.0	0.0	0.0	2000	2000	paired test samples conditional on one fixed source checkpoint
Qwen3-8B/metamath/seed42	magicoder	atomic_benchmark	hns_f4_s1 minus flat_e	retention_rate	0.04347826086956519	0.0	0.1428571428571428	2000	2000	paired test samples conditional on one fixed source checkpoint
Qwen3-8B/metamath/seed42	magicoder	atomic_benchmark	hns_f4_s1 minus flat_e	new_success_rate	0.0	-0.018292682926829267	0.018292682926829267	2000	2000	paired test samples conditional on one fixed source checkpoint
Qwen3-8B/metamath/seed42	magicoder	atomic_benchmark	hns_f4_s1 minus flat_e	new_damage_rate	0.0	-0.018292682926829267	0.018292682926829267	2000	2000	paired test samples conditional on one fixed source checkpoint
Qwen3-8B/metamath/seed42	magicoder	atomic_benchmark	scalar_e minus flat_e	recovery_rate	-0.037037037037037035	-0.17241379310344823	0.08695652173913043	2000	2000	paired test samples conditional on one fixed source checkpoint
Qwen3-8B/metamath/seed42	magicoder	atomic_benchmark	scalar_e minus flat_e	retention_rate	-0.17391304347826092	-0.3703703703703704	0.0	2000	2000	paired test samples conditional on one fixed source checkpoint
Qwen3-8B/metamath/seed42	magicoder	atomic_benchmark	scalar_e minus flat_e	new_success_rate	0.006097560975609758	0.0	0.01829268292682927	2000	2000	paired test samples conditional on one fixed source checkpoint
Qwen3-8B/metamath/seed42	magicoder	atomic_benchmark	scalar_e minus flat_e	new_damage_rate	-0.006097560975609755	-0.01829268292682927	0.0	2000	2000	paired test samples conditional on one fixed source checkpoint
Qwen3-8B/metamath/seed42	metamath	atomic_benchmark	hns_f4_s1 minus scalar_e	recovery_rate	-0.023076923076923106	-0.09160305343511455	0.04412090057261837	2000	2000	paired test samples conditional on one fixed source checkpoint
Qwen3-8B/metamath/seed42	metamath	atomic_benchmark	hns_f4_s1 minus scalar_e	retention_rate	0.1009174311926605	0.026779788242730737	0.1842169136433315	2000	2000	paired test samples conditional on one fixed source checkpoint
Qwen3-8B/metamath/seed42	metamath	atomic_benchmark	hns_f4_s1 minus scalar_e	new_success_rate	0.0007581501137225184	-0.0030515542077331316	0.005307050796057619	2000	2000	paired test samples conditional on one fixed source checkpoint
Qwen3-8B/metamath/seed42	metamath	atomic_benchmark	hns_f4_s1 minus scalar_e	new_damage_rate	-0.005307050796057618	-0.01288855193328279	0.00227445034116755	2000	2000	paired test samples conditional on one fixed source checkpoint
Qwen3-8B/metamath/seed42	metamath	atomic_benchmark	hns_f4_s1 minus flat_e	recovery_rate	0.0	-0.03677842405618962	0.03548026518655549	2000	2000	paired test samples conditional on one fixed source checkpoint
Qwen3-8B/metamath/seed42	metamath	atomic_benchmark	hns_f4_s1 minus flat_e	retention_rate	0.00917431192660545	-0.020618556701030858	0.04166666666666663	2000	2000	paired test samples conditional on one fixed source checkpoint
Qwen3-8B/metamath/seed42	metamath	atomic_benchmark	hns_f4_s1 minus flat_e	new_success_rate	-0.0007581501137225166	-0.0030515542077331316	0.001516300227445035	2000	2000	paired test samples conditional on one fixed source checkpoint
Qwen3-8B/metamath/seed42	metamath	atomic_benchmark	hns_f4_s1 minus flat_e	new_damage_rate	0.0007581501137225184	-0.001516300227445035	0.00303260045489007	2000	2000	paired test samples conditional on one fixed source checkpoint
Qwen3-8B/metamath/seed42	metamath	atomic_benchmark	scalar_e minus flat_e	recovery_rate	0.023076923076923106	-0.0444444444444444	0.09220454139102448	2000	2000	paired test samples conditional on one fixed source checkpoint
Qwen3-8B/metamath/seed42	metamath	atomic_benchmark	scalar_e minus flat_e	retention_rate	-0.09174311926605505	-0.17142857142857149	-0.01868726202838355	2000	2000	paired test samples conditional on one fixed source checkpoint
Qwen3-8B/metamath/seed42	metamath	atomic_benchmark	scalar_e minus flat_e	new_success_rate	-0.001516300227445035	-0.006823351023502654	0.003032600454890068	2000	2000	paired test samples conditional on one fixed source checkpoint
Qwen3-8B/metamath/seed42	metamath	atomic_benchmark	scalar_e minus flat_e	new_damage_rate	0.006065200909780136	-0.0007581501137225184	0.012907505686125751	2000	2000	paired test samples conditional on one fixed source checkpoint
Qwen3-8B/metamath/seed42	openbookqa	atomic_benchmark	hns_f4_s1 minus scalar_e	recovery_rate	0.0	-0.20000000000000007	0.19999999999999996	2000	2000	paired test samples conditional on one fixed source checkpoint
Qwen3-8B/metamath/seed42	openbookqa	atomic_benchmark	hns_f4_s1 minus scalar_e	retention_rate	-0.040000000000000036	-0.18423489278752433	0.10000000000000003	2000	2000	paired test samples conditional on one fixed source checkpoint
Qwen3-8B/metamath/seed42	openbookqa	atomic_benchmark	hns_f4_s1 minus scalar_e	new_success_rate	0.002	-0.004	0.008	2000	2000	paired test samples conditional on one fixed source checkpoint
Qwen3-8B/metamath/seed42	openbookqa	atomic_benchmark	hns_f4_s1 minus scalar_e	new_damage_rate	0.0	0.0	0.0	2000	2000	paired test samples conditional on one fixed source checkpoint
Qwen3-8B/metamath/seed42	openbookqa	atomic_benchmark	hns_f4_s1 minus flat_e	recovery_rate	0.06666666666666665	0.0	0.23076923076923073	2000	2000	paired test samples conditional on one fixed source checkpoint
Qwen3-8B/metamath/seed42	openbookqa	atomic_benchmark	hns_f4_s1 minus flat_e	retention_rate	-0.040000000000000036	-0.13805418719211826	0.0	2000	2000	paired test samples conditional on one fixed source checkpoint
Qwen3-8B/metamath/seed42	openbookqa	atomic_benchmark	hns_f4_s1 minus flat_e	new_success_rate	0.0	0.0	0.0	2000	2000	paired test samples conditional on one fixed source checkpoint
Qwen3-8B/metamath/seed42	openbookqa	atomic_benchmark	hns_f4_s1 minus flat_e	new_damage_rate	0.0	0.0	0.0	2000	2000	paired test samples conditional on one fixed source checkpoint
Qwen3-8B/metamath/seed42	openbookqa	atomic_benchmark	scalar_e minus flat_e	recovery_rate	0.06666666666666665	0.0	0.23076923076923078	2000	2000	paired test samples conditional on one fixed source checkpoint
Qwen3-8B/metamath/seed42	openbookqa	atomic_benchmark	scalar_e minus flat_e	retention_rate	0.0	-0.11764705882352944	0.11538461538461542	2000	2000	paired test samples conditional on one fixed source checkpoint
Qwen3-8B/metamath/seed42	openbookqa	atomic_benchmark	scalar_e minus flat_e	new_success_rate	-0.002	-0.008	0.004	2000	2000	paired test samples conditional on one fixed source checkpoint
Qwen3-8B/metamath/seed42	openbookqa	atomic_benchmark	scalar_e minus flat_e	new_damage_rate	0.0	0.0	0.0	2000	2000	paired test samples conditional on one fixed source checkpoint
Qwen3-8B/metamath/seed42	piqa	atomic_benchmark	hns_f4_s1 minus scalar_e	recovery_rate	0.0	-0.04166666666666663	0.04001010101010099	2000	2000	paired test samples conditional on one fixed source checkpoint
Qwen3-8B/metamath/seed42	piqa	atomic_benchmark	hns_f4_s1 minus scalar_e	retention_rate	-0.0461538461538461	-0.12904719235364395	0.032258064516129004	2000	2000	paired test samples conditional on one fixed source checkpoint
Qwen3-8B/metamath/seed42	piqa	atomic_benchmark	hns_f4_s1 minus scalar_e	new_success_rate	0.000544069640914037	-0.001088139281828074	0.0027203482045701846	2000	2000	paired test samples conditional on one fixed source checkpoint
Qwen3-8B/metamath/seed42	piqa	atomic_benchmark	hns_f4_s1 minus scalar_e	new_damage_rate	0.000544069640914037	0.0	0.001632208922742111	2000	2000	paired test samples conditional on one fixed source checkpoint
Qwen3-8B/metamath/seed42	piqa	atomic_benchmark	hns_f4_s1 minus flat_e	recovery_rate	0.010309278350515427	0.0	0.03529411764705881	2000	2000	paired test samples conditional on one fixed source checkpoint
Qwen3-8B/metamath/seed42	piqa	atomic_benchmark	hns_f4_s1 minus flat_e	retention_rate	0.0	0.0	0.0	2000	2000	paired test samples conditional on one fixed source checkpoint
Qwen3-8B/metamath/seed42	piqa	atomic_benchmark	hns_f4_s1 minus flat_e	new_success_rate	0.0	0.0	0.0	2000	2000	paired test samples conditional on one fixed source checkpoint
Qwen3-8B/metamath/seed42	piqa	atomic_benchmark	hns_f4_s1 minus flat_e	new_damage_rate	-0.000544069640914037	-0.001632208922742111	0.0	2000	2000	paired test samples conditional on one fixed source checkpoint
Qwen3-8B/metamath/seed42	piqa	atomic_benchmark	scalar_e minus flat_e	recovery_rate	0.010309278350515427	-0.021745102723363576	0.04652808249232118	2000	2000	paired test samples conditional on one fixed source checkpoint
Qwen3-8B/metamath/seed42	piqa	atomic_benchmark	scalar_e minus flat_e	retention_rate	0.0461538461538461	-0.032258064516129004	0.12904719235364387	2000	2000	paired test samples conditional on one fixed source checkpoint
Qwen3-8B/metamath/seed42	piqa	atomic_benchmark	scalar_e minus flat_e	new_success_rate	-0.000544069640914037	-0.0027203482045701846	0.001088139281828074	2000	2000	paired test samples conditional on one fixed source checkpoint
Qwen3-8B/metamath/seed42	piqa	atomic_benchmark	scalar_e minus flat_e	new_damage_rate	-0.001088139281828074	-0.002720348204570185	0.0	2000	2000	paired test samples conditional on one fixed source checkpoint
Qwen3-8B/metamath/seed42	siqa	atomic_benchmark	hns_f4_s1 minus scalar_e	recovery_rate	-0.01869158878504673	-0.07548707957342093	0.038461538461538436	2000	2000	paired test samples conditional on one fixed source checkpoint
Qwen3-8B/metamath/seed42	siqa	atomic_benchmark	hns_f4_s1 minus scalar_e	retention_rate	0.04597701149425287	0.010204081632653073	0.09411764705882353	2000	2000	paired test samples conditional on one fixed source checkpoint
Qwen3-8B/metamath/seed42	siqa	atomic_benchmark	hns_f4_s1 minus scalar_e	new_success_rate	0.0005117707267144316	-0.00255885363357216	0.003582395087001023	2000	2000	paired test samples conditional on one fixed source checkpoint
Qwen3-8B/metamath/seed42	siqa	atomic_benchmark	hns_f4_s1 minus scalar_e	new_damage_rate	0.0005117707267144316	-0.0015353121801432962	0.0030706243602865915	2000	2000	paired test samples conditional on one fixed source checkpoint
Qwen3-8B/metamath/seed42	siqa	atomic_benchmark	hns_f4_s1 minus flat_e	recovery_rate	0.0	0.0	0.0	2000	2000	paired test samples conditional on one fixed source checkpoint
Qwen3-8B/metamath/seed42	siqa	atomic_benchmark	hns_f4_s1 minus flat_e	retention_rate	0.02298850574712641	0.0	0.05882352941176466	2000	2000	paired test samples conditional on one fixed source checkpoint
Qwen3-8B/metamath/seed42	siqa	atomic_benchmark	hns_f4_s1 minus flat_e	new_success_rate	-0.001023541453428864	-0.0030706243602865915	0.0010235414534288632	2000	2000	paired test samples conditional on one fixed source checkpoint
Qwen3-8B/metamath/seed42	siqa	atomic_benchmark	hns_f4_s1 minus flat_e	new_damage_rate	0.0	-0.0015353121801432957	0.0015353121801432957	2000	2000	paired test samples conditional on one fixed source checkpoint
Qwen3-8B/metamath/seed42	siqa	atomic_benchmark	scalar_e minus flat_e	recovery_rate	0.01869158878504673	-0.038461538461538436	0.07548707957342085	2000	2000	paired test samples conditional on one fixed source checkpoint
Qwen3-8B/metamath/seed42	siqa	atomic_benchmark	scalar_e minus flat_e	retention_rate	-0.022988505747126464	-0.056826298701298704	0.0	2000	2000	paired test samples conditional on one fixed source checkpoint
Qwen3-8B/metamath/seed42	siqa	atomic_benchmark	scalar_e minus flat_e	new_success_rate	-0.0015353121801432957	-0.004094165813715455	0.0005117707267144316	2000	2000	paired test samples conditional on one fixed source checkpoint
Qwen3-8B/metamath/seed42	siqa	atomic_benchmark	scalar_e minus flat_e	new_damage_rate	-0.0005117707267144316	-0.002558853633572159	0.001023541453428864	2000	2000	paired test samples conditional on one fixed source checkpoint
Qwen3-8B/metamath/seed42	tulu	atomic_benchmark	hns_f4_s1 minus scalar_e	recovery_rate	-0.019230769230769273	-0.11764705882352944	0.07844427244582042	2000	2000	paired test samples conditional on one fixed source checkpoint
Qwen3-8B/metamath/seed42	tulu	atomic_benchmark	hns_f4_s1 minus scalar_e	retention_rate	0.02777777777777779	-0.0909619450317125	0.1500378787878786	2000	2000	paired test samples conditional on one fixed source checkpoint
Qwen3-8B/metamath/seed42	tulu	atomic_benchmark	hns_f4_s1 minus scalar_e	new_success_rate	0.005545286506469502	-0.003696857670979669	0.0166358595194085	2000	2000	paired test samples conditional on one fixed source checkpoint
Qwen3-8B/metamath/seed42	tulu	atomic_benchmark	hns_f4_s1 minus scalar_e	new_damage_rate	-0.01478743068391867	-0.025878003696857672	-0.0036968576709796672	2000	2000	paired test samples conditional on one fixed source checkpoint
Qwen3-8B/metamath/seed42	tulu	atomic_benchmark	hns_f4_s1 minus flat_e	recovery_rate	0.019230769230769273	-0.06521739130434778	0.11111111111111105	2000	2000	paired test samples conditional on one fixed source checkpoint
Qwen3-8B/metamath/seed42	tulu	atomic_benchmark	hns_f4_s1 minus flat_e	retention_rate	0.02777777777777779	-0.06666666666666665	0.12822580645161283	2000	2000	paired test samples conditional on one fixed source checkpoint
Qwen3-8B/metamath/seed42	tulu	atomic_benchmark	hns_f4_s1 minus flat_e	new_success_rate	0.0018484288354898362	-0.005545286506469502	0.00924214417744917	2000	2000	paired test samples conditional on one fixed source checkpoint
Qwen3-8B/metamath/seed42	tulu	atomic_benchmark	hns_f4_s1 minus flat_e	new_damage_rate	-0.011090573012939002	-0.024029574861367836	0.0	2000	2000	paired test samples conditional on one fixed source checkpoint
Qwen3-8B/metamath/seed42	tulu	atomic_benchmark	scalar_e minus flat_e	recovery_rate	0.03846153846153855	-0.0535714285714286	0.13336538461538452	2000	2000	paired test samples conditional on one fixed source checkpoint
Qwen3-8B/metamath/seed42	tulu	atomic_benchmark	scalar_e minus flat_e	retention_rate	0.0	-0.13337837837837835	0.1388888888888889	2000	2000	paired test samples conditional on one fixed source checkpoint
Qwen3-8B/metamath/seed42	tulu	atomic_benchmark	scalar_e minus flat_e	new_success_rate	-0.0036968576709796655	-0.012939001848428834	0.005545286506469502	2000	2000	paired test samples conditional on one fixed source checkpoint
Qwen3-8B/metamath/seed42	tulu	atomic_benchmark	scalar_e minus flat_e	new_damage_rate	0.003696857670979669	-0.011090573012939003	0.016635859519408505	2000	2000	paired test samples conditional on one fixed source checkpoint
Qwen3-8B/metamath/seed42	winogrande	atomic_benchmark	hns_f4_s1 minus scalar_e	recovery_rate	0.04504504504504503	-0.008336864406779632	0.09757730836236922	2000	2000	paired test samples conditional on one fixed source checkpoint
Qwen3-8B/metamath/seed42	winogrande	atomic_benchmark	hns_f4_s1 minus scalar_e	retention_rate	-0.008403361344537785	-0.03960592487820203	0.01770306573957017	2000	2000	paired test samples conditional on one fixed source checkpoint
Qwen3-8B/metamath/seed42	winogrande	atomic_benchmark	hns_f4_s1 minus scalar_e	new_success_rate	0.0	-0.00473559589581689	0.00473559589581689	2000	2000	paired test samples conditional on one fixed source checkpoint
Qwen3-8B/metamath/seed42	winogrande	atomic_benchmark	hns_f4_s1 minus scalar_e	new_damage_rate	-0.004735595895816892	-0.009471191791633781	0.0	2000	2000	paired test samples conditional on one fixed source checkpoint
Qwen3-8B/metamath/seed42	winogrande	atomic_benchmark	hns_f4_s1 minus flat_e	recovery_rate	0.009009009009009028	-0.030000000000000027	0.05084745762711862	2000	2000	paired test samples conditional on one fixed source checkpoint
Qwen3-8B/metamath/seed42	winogrande	atomic_benchmark	hns_f4_s1 minus flat_e	retention_rate	0.0	-0.026785714285714194	0.02326035610465107	2000	2000	paired test samples conditional on one fixed source checkpoint
Qwen3-8B/metamath/seed42	winogrande	atomic_benchmark	hns_f4_s1 minus flat_e	new_success_rate	-0.0015785319652722972	-0.004735595895816892	0.0008089976322019463	2000	2000	paired test samples conditional on one fixed source checkpoint
Qwen3-8B/metamath/seed42	winogrande	atomic_benchmark	hns_f4_s1 minus flat_e	new_damage_rate	0.0	-0.0031570639305445944	0.0031570639305445927	2000	2000	paired test samples conditional on one fixed source checkpoint
Qwen3-8B/metamath/seed42	winogrande	atomic_benchmark	scalar_e minus flat_e	recovery_rate	-0.036036036036036	-0.08772411798727588	0.00990099009900991	2000	2000	paired test samples conditional on one fixed source checkpoint
Qwen3-8B/metamath/seed42	winogrande	atomic_benchmark	scalar_e minus flat_e	retention_rate	0.008403361344537785	-0.028301886792452824	0.046511627906976716	2000	2000	paired test samples conditional on one fixed source checkpoint
Qwen3-8B/metamath/seed42	winogrande	atomic_benchmark	scalar_e minus flat_e	new_success_rate	-0.0015785319652722972	-0.004735595895816892	0.0015785319652722972	2000	2000	paired test samples conditional on one fixed source checkpoint
Qwen3-8B/metamath/seed42	winogrande	atomic_benchmark	scalar_e minus flat_e	new_damage_rate	0.004735595895816892	0.0007892659826361486	0.009471191791633781	2000	2000	paired test samples conditional on one fixed source checkpoint
Qwen3-8B/metamath/seed43	arc_challenge	atomic_benchmark	hns_f4_s1 minus scalar_e	recovery_rate	0.07407407407407407	0.0	0.1923076923076923	2000	2000	paired test samples conditional on one fixed source checkpoint
Qwen3-8B/metamath/seed43	arc_challenge	atomic_benchmark	hns_f4_s1 minus scalar_e	retention_rate	-0.01754385964912275	-0.09375	0.05660377358490565	2000	2000	paired test samples conditional on one fixed source checkpoint
Qwen3-8B/metamath/seed43	arc_challenge	atomic_benchmark	hns_f4_s1 minus scalar_e	new_success_rate	0.003412969283276451	0.0008532423208191114	0.007679180887372013	2000	2000	paired test samples conditional on one fixed source checkpoint
Qwen3-8B/metamath/seed43	arc_challenge	atomic_benchmark	hns_f4_s1 minus scalar_e	new_damage_rate	0.0	0.0	0.0	2000	2000	paired test samples conditional on one fixed source checkpoint
Qwen3-8B/metamath/seed43	arc_challenge	atomic_benchmark	hns_f4_s1 minus flat_e	recovery_rate	0.0	0.0	0.0	2000	2000	paired test samples conditional on one fixed source checkpoint
Qwen3-8B/metamath/seed43	arc_challenge	atomic_benchmark	hns_f4_s1 minus flat_e	retention_rate	0.0	0.0	0.0	2000	2000	paired test samples conditional on one fixed source checkpoint
Qwen3-8B/metamath/seed43	arc_challenge	atomic_benchmark	hns_f4_s1 minus flat_e	new_success_rate	0.0	0.0	0.0	2000	2000	paired test samples conditional on one fixed source checkpoint
Qwen3-8B/metamath/seed43	arc_challenge	atomic_benchmark	hns_f4_s1 minus flat_e	new_damage_rate	0.0	0.0	0.0	2000	2000	paired test samples conditional on one fixed source checkpoint
Qwen3-8B/metamath/seed43	arc_challenge	atomic_benchmark	scalar_e minus flat_e	recovery_rate	-0.07407407407407407	-0.1923076923076923	0.0	2000	2000	paired test samples conditional on one fixed source checkpoint
Qwen3-8B/metamath/seed43	arc_challenge	atomic_benchmark	scalar_e minus flat_e	retention_rate	0.01754385964912275	-0.05660377358490565	0.09375	2000	2000	paired test samples conditional on one fixed source checkpoint
Qwen3-8B/metamath/seed43	arc_challenge	atomic_benchmark	scalar_e minus flat_e	new_success_rate	-0.003412969283276451	-0.007679180887372013	-0.0008532423208191114	2000	2000	paired test samples conditional on one fixed source checkpoint
Qwen3-8B/metamath/seed43	arc_challenge	atomic_benchmark	scalar_e minus flat_e	new_damage_rate	0.0	0.0	0.0	2000	2000	paired test samples conditional on one fixed source checkpoint
Qwen3-8B/metamath/seed43	arc_easy	atomic_benchmark	hns_f4_s1 minus scalar_e	recovery_rate	0.0	-0.09527649769585253	0.09999999999999998	2000	2000	paired test samples conditional on one fixed source checkpoint
Qwen3-8B/metamath/seed43	arc_easy	atomic_benchmark	hns_f4_s1 minus scalar_e	retention_rate	0.01538461538461533	-0.0606215213358071	0.09523809523809523	2000	2000	paired test samples conditional on one fixed source checkpoint
Qwen3-8B/metamath/seed43	arc_easy	atomic_benchmark	hns_f4_s1 minus scalar_e	new_success_rate	0.0008417508417508414	-0.0008417508417508414	0.0025252525252525255	2000	2000	paired test samples conditional on one fixed source checkpoint
Qwen3-8B/metamath/seed43	arc_easy	atomic_benchmark	hns_f4_s1 minus scalar_e	new_damage_rate	0.00042087542087542086	0.0	0.0012626262626262627	2000	2000	paired test samples conditional on one fixed source checkpoint
Qwen3-8B/metamath/seed43	arc_easy	atomic_benchmark	hns_f4_s1 minus flat_e	recovery_rate	0.0	0.0	0.0	2000	2000	paired test samples conditional on one fixed source checkpoint
Qwen3-8B/metamath/seed43	arc_easy	atomic_benchmark	hns_f4_s1 minus flat_e	retention_rate	0.0	-0.044125816993464004	0.04347826086956519	2000	2000	paired test samples conditional on one fixed source checkpoint
Qwen3-8B/metamath/seed43	arc_easy	atomic_benchmark	hns_f4_s1 minus flat_e	new_success_rate	0.0	0.0	0.0	2000	2000	paired test samples conditional on one fixed source checkpoint
Qwen3-8B/metamath/seed43	arc_easy	atomic_benchmark	hns_f4_s1 minus flat_e	new_damage_rate	0.0	0.0	0.0	2000	2000	paired test samples conditional on one fixed source checkpoint
Qwen3-8B/metamath/seed43	arc_easy	atomic_benchmark	scalar_e minus flat_e	recovery_rate	0.0	-0.09999999999999998	0.09527649769585232	2000	2000	paired test samples conditional on one fixed source checkpoint
Qwen3-8B/metamath/seed43	arc_easy	atomic_benchmark	scalar_e minus flat_e	retention_rate	-0.01538461538461533	-0.09523809523809523	0.06493506493506496	2000	2000	paired test samples conditional on one fixed source checkpoint
Qwen3-8B/metamath/seed43	arc_easy	atomic_benchmark	scalar_e minus flat_e	new_success_rate	-0.0008417508417508414	-0.0025252525252525255	0.0008417508417508414	2000	2000	paired test samples conditional on one fixed source checkpoint
Qwen3-8B/metamath/seed43	arc_easy	atomic_benchmark	scalar_e minus flat_e	new_damage_rate	-0.00042087542087542086	-0.0012626262626262627	0.0	2000	2000	paired test samples conditional on one fixed source checkpoint
Qwen3-8B/metamath/seed43	boolq	atomic_benchmark	hns_f4_s1 minus scalar_e	recovery_rate	0.015384615384615441	-0.03448275862068961	0.06944444444444442	2000	2000	paired test samples conditional on one fixed source checkpoint
Qwen3-8B/metamath/seed43	boolq	atomic_benchmark	hns_f4_s1 minus scalar_e	retention_rate	0.0	-0.044449404761904766	0.048387096774193505	2000	2000	paired test samples conditional on one fixed source checkpoint
Qwen3-8B/metamath/seed43	boolq	atomic_benchmark	hns_f4_s1 minus scalar_e	new_success_rate	0.0	-0.0009174311926605505	0.0009174311926605505	2000	2000	paired test samples conditional on one fixed source checkpoint
Qwen3-8B/metamath/seed43	boolq	atomic_benchmark	hns_f4_s1 minus scalar_e	new_damage_rate	0.0012232415902140672	0.0	0.0027522935779816515	2000	2000	paired test samples conditional on one fixed source checkpoint
Qwen3-8B/metamath/seed43	boolq	atomic_benchmark	hns_f4_s1 minus flat_e	recovery_rate	0.015384615384615441	-0.033333333333333326	0.07247035573122525	2000	2000	paired test samples conditional on one fixed source checkpoint
Qwen3-8B/metamath/seed43	boolq	atomic_benchmark	hns_f4_s1 minus flat_e	retention_rate	0.009345794392523366	-0.020413423101199264	0.04040404040404039	2000	2000	paired test samples conditional on one fixed source checkpoint
Qwen3-8B/metamath/seed43	boolq	atomic_benchmark	hns_f4_s1 minus flat_e	new_success_rate	0.0003058103975535169	-0.0006116207951070337	0.001529051987767584	2000	2000	paired test samples conditional on one fixed source checkpoint
Qwen3-8B/metamath/seed43	boolq	atomic_benchmark	hns_f4_s1 minus flat_e	new_damage_rate	0.0	-0.0009174311926605505	0.0009174311926605505	2000	2000	paired test samples conditional on one fixed source checkpoint
Qwen3-8B/metamath/seed43	boolq	atomic_benchmark	scalar_e minus flat_e	recovery_rate	0.0	-0.059701492537313494	0.06061529933481154	2000	2000	paired test samples conditional on one fixed source checkpoint
Qwen3-8B/metamath/seed43	boolq	atomic_benchmark	scalar_e minus flat_e	retention_rate	0.009345794392523366	-0.041247852233676996	0.058835992023928106	2000	2000	paired test samples conditional on one fixed source checkpoint
Qwen3-8B/metamath/seed43	boolq	atomic_benchmark	scalar_e minus flat_e	new_success_rate	0.0003058103975535169	-0.0006116207951070338	0.001529051987767584	2000	2000	paired test samples conditional on one fixed source checkpoint
Qwen3-8B/metamath/seed43	boolq	atomic_benchmark	scalar_e minus flat_e	new_damage_rate	-0.0012232415902140672	-0.0027522935779816515	0.0	2000	2000	paired test samples conditional on one fixed source checkpoint
Qwen3-8B/metamath/seed43	hellaswag	atomic_benchmark	hns_f4_s1 minus scalar_e	recovery_rate	0.03386454183266929	0.011604297805257024	0.05870743034055731	2000	2000	paired test samples conditional on one fixed source checkpoint
Qwen3-8B/metamath/seed43	hellaswag	atomic_benchmark	hns_f4_s1 minus scalar_e	retention_rate	-0.06231454005934722	-0.09770510387008335	-0.027773517382413127	2000	2000	paired test samples conditional on one fixed source checkpoint
Qwen3-8B/metamath/seed43	hellaswag	atomic_benchmark	hns_f4_s1 minus scalar_e	new_success_rate	0.0007966540529774947	-9.95817566221873e-05	0.0017924716191993623	2000	2000	paired test samples conditional on one fixed source checkpoint
Qwen3-8B/metamath/seed43	hellaswag	atomic_benchmark	hns_f4_s1 minus scalar_e	new_damage_rate	9.958175662218727e-05	-0.0007966540529774947	0.000995817566221868	2000	2000	paired test samples conditional on one fixed source checkpoint
Qwen3-8B/metamath/seed43	hellaswag	atomic_benchmark	hns_f4_s1 minus flat_e	recovery_rate	0.009960159362549792	-0.0038100711548987474	0.02464133894930422	2000	2000	paired test samples conditional on one fixed source checkpoint
Qwen3-8B/metamath/seed43	hellaswag	atomic_benchmark	hns_f4_s1 minus flat_e	retention_rate	0.008902077151335286	-0.009773588935761204	0.028989732538978265	2000	2000	paired test samples conditional on one fixed source checkpoint
Qwen3-8B/metamath/seed43	hellaswag	atomic_benchmark	hns_f4_s1 minus flat_e	new_success_rate	-9.958175662218641e-05	-0.0006970722963553083	0.0004979087831109346	2000	2000	paired test samples conditional on one fixed source checkpoint
Qwen3-8B/metamath/seed43	hellaswag	atomic_benchmark	hns_f4_s1 minus flat_e	new_damage_rate	0.0002987452698665605	-0.0002987452698665601	0.0008962358095996816	2000	2000	paired test samples conditional on one fixed source checkpoint
Qwen3-8B/metamath/seed43	hellaswag	atomic_benchmark	scalar_e minus flat_e	recovery_rate	-0.0239043824701195	-0.04685552971233682	-0.0019720006021376017	2000	2000	paired test samples conditional on one fixed source checkpoint
Qwen3-8B/metamath/seed43	hellaswag	atomic_benchmark	scalar_e minus flat_e	retention_rate	0.07121661721068251	0.036245635616983476	0.10632183908045972	2000	2000	paired test samples conditional on one fixed source checkpoint
Qwen3-8B/metamath/seed43	hellaswag	atomic_benchmark	scalar_e minus flat_e	new_success_rate	-0.0008962358095996811	-0.001991635132443735	9.958175662218641e-05	2000	2000	paired test samples conditional on one fixed source checkpoint
Qwen3-8B/metamath/seed43	hellaswag	atomic_benchmark	scalar_e minus flat_e	new_damage_rate	0.00019916351324437325	-0.000597490539733121	0.0010953993228440548	2000	2000	paired test samples conditional on one fixed source checkpoint
Qwen3-8B/metamath/seed43	magicoder	atomic_benchmark	hns_f4_s1 minus scalar_e	recovery_rate	0.11111111111111105	0.024375725900116166	0.21957994579945767	2000	2000	paired test samples conditional on one fixed source checkpoint
Qwen3-8B/metamath/seed43	magicoder	atomic_benchmark	hns_f4_s1 minus scalar_e	retention_rate	0.2272727272727273	0.06245265151515152	0.4166666666666667	2000	2000	paired test samples conditional on one fixed source checkpoint
Qwen3-8B/metamath/seed43	magicoder	atomic_benchmark	hns_f4_s1 minus scalar_e	new_success_rate	0.0060975609756097615	0.0	0.01829268292682927	2000	2000	paired test samples conditional on one fixed source checkpoint
Qwen3-8B/metamath/seed43	magicoder	atomic_benchmark	hns_f4_s1 minus scalar_e	new_damage_rate	0.006097560975609756	0.0	0.01829268292682927	2000	2000	paired test samples conditional on one fixed source checkpoint
Qwen3-8B/metamath/seed43	magicoder	atomic_benchmark	hns_f4_s1 minus flat_e	recovery_rate	-0.02777777777777779	-0.09375	0.0	2000	2000	paired test samples conditional on one fixed source checkpoint
Qwen3-8B/metamath/seed43	magicoder	atomic_benchmark	hns_f4_s1 minus flat_e	retention_rate	0.0	0.0	0.0	2000	2000	paired test samples conditional on one fixed source checkpoint
Qwen3-8B/metamath/seed43	magicoder	atomic_benchmark	hns_f4_s1 minus flat_e	new_success_rate	0.0060975609756097615	0.0	0.01829268292682927	2000	2000	paired test samples conditional on one fixed source checkpoint
Qwen3-8B/metamath/seed43	magicoder	atomic_benchmark	hns_f4_s1 minus flat_e	new_damage_rate	0.0	0.0	0.0	2000	2000	paired test samples conditional on one fixed source checkpoint
Qwen3-8B/metamath/seed43	magicoder	atomic_benchmark	scalar_e minus flat_e	recovery_rate	-0.13888888888888884	-0.2592592592592592	-0.03225806451612906	2000	2000	paired test samples conditional on one fixed source checkpoint
Qwen3-8B/metamath/seed43	magicoder	atomic_benchmark	scalar_e minus flat_e	retention_rate	-0.2272727272727273	-0.4166666666666667	-0.06245265151515177	2000	2000	paired test samples conditional on one fixed source checkpoint
Qwen3-8B/metamath/seed43	magicoder	atomic_benchmark	scalar_e minus flat_e	new_success_rate	0.0	0.0	0.0	2000	2000	paired test samples conditional on one fixed source checkpoint
Qwen3-8B/metamath/seed43	magicoder	atomic_benchmark	scalar_e minus flat_e	new_damage_rate	-0.006097560975609756	-0.01829268292682927	0.0	2000	2000	paired test samples conditional on one fixed source checkpoint
Qwen3-8B/metamath/seed43	metamath	atomic_benchmark	hns_f4_s1 minus scalar_e	recovery_rate	-0.007692307692307776	-0.07692307692307687	0.0625	2000	2000	paired test samples conditional on one fixed source checkpoint
Qwen3-8B/metamath/seed43	metamath	atomic_benchmark	hns_f4_s1 minus scalar_e	retention_rate	0.028037383177570097	-0.05319148936170204	0.11290673211781205	2000	2000	paired test samples conditional on one fixed source checkpoint
Qwen3-8B/metamath/seed43	metamath	atomic_benchmark	hns_f4_s1 minus scalar_e	new_success_rate	0.0007581501137225184	-0.003790750568612585	0.005307050796057619	2000	2000	paired test samples conditional on one fixed source checkpoint
Qwen3-8B/metamath/seed43	metamath	atomic_benchmark	hns_f4_s1 minus scalar_e	new_damage_rate	-0.004548900682335103	-0.012130401819560273	0.0030326004548900665	2000	2000	paired test samples conditional on one fixed source checkpoint
Qwen3-8B/metamath/seed43	metamath	atomic_benchmark	hns_f4_s1 minus flat_e	recovery_rate	0.023076923076922995	0.0	0.05185990338164243	2000	2000	paired test samples conditional on one fixed source checkpoint
Qwen3-8B/metamath/seed43	metamath	atomic_benchmark	hns_f4_s1 minus flat_e	retention_rate	-0.04672897196261683	-0.09090909090909094	-0.010201504844362011	2000	2000	paired test samples conditional on one fixed source checkpoint
Qwen3-8B/metamath/seed43	metamath	atomic_benchmark	hns_f4_s1 minus flat_e	new_success_rate	0.0	-0.0022744503411675507	0.0022744503411675516	2000	2000	paired test samples conditional on one fixed source checkpoint
Qwen3-8B/metamath/seed43	metamath	atomic_benchmark	hns_f4_s1 minus flat_e	new_damage_rate	0.003790750568612583	0.0	0.007581501137225171	2000	2000	paired test samples conditional on one fixed source checkpoint
Qwen3-8B/metamath/seed43	metamath	atomic_benchmark	scalar_e minus flat_e	recovery_rate	0.03076923076923077	-0.04580327754044398	0.10526315789473684	2000	2000	paired test samples conditional on one fixed source checkpoint
Qwen3-8B/metamath/seed43	metamath	atomic_benchmark	scalar_e minus flat_e	retention_rate	-0.07476635514018692	-0.1555601092896175	0.0	2000	2000	paired test samples conditional on one fixed source checkpoint
Qwen3-8B/metamath/seed43	metamath	atomic_benchmark	scalar_e minus flat_e	new_success_rate	-0.0007581501137225184	-0.004548900682335103	0.003032600454890068	2000	2000	paired test samples conditional on one fixed source checkpoint
Qwen3-8B/metamath/seed43	metamath	atomic_benchmark	scalar_e minus flat_e	new_damage_rate	0.008339651250947686	0.0007581501137225166	0.016679302501895376	2000	2000	paired test samples conditional on one fixed source checkpoint
Qwen3-8B/metamath/seed43	openbookqa	atomic_benchmark	hns_f4_s1 minus scalar_e	recovery_rate	-0.0625	-0.2142857142857142	0.0	2000	2000	paired test samples conditional on one fixed source checkpoint
Qwen3-8B/metamath/seed43	openbookqa	atomic_benchmark	hns_f4_s1 minus scalar_e	retention_rate	-0.07407407407407407	-0.2286263736263737	0.06065340909090889	2000	2000	paired test samples conditional on one fixed source checkpoint
Qwen3-8B/metamath/seed43	openbookqa	atomic_benchmark	hns_f4_s1 minus scalar_e	new_success_rate	-0.004	-0.01	0.0	2000	2000	paired test samples conditional on one fixed source checkpoint
Qwen3-8B/metamath/seed43	openbookqa	atomic_benchmark	hns_f4_s1 minus scalar_e	new_damage_rate	0.0	0.0	0.0	2000	2000	paired test samples conditional on one fixed source checkpoint
Qwen3-8B/metamath/seed43	openbookqa	atomic_benchmark	hns_f4_s1 minus flat_e	recovery_rate	0.0	0.0	0.0	2000	2000	paired test samples conditional on one fixed source checkpoint
Qwen3-8B/metamath/seed43	openbookqa	atomic_benchmark	hns_f4_s1 minus flat_e	retention_rate	0.0	0.0	0.0	2000	2000	paired test samples conditional on one fixed source checkpoint
Qwen3-8B/metamath/seed43	openbookqa	atomic_benchmark	hns_f4_s1 minus flat_e	new_success_rate	0.0	0.0	0.0	2000	2000	paired test samples conditional on one fixed source checkpoint
Qwen3-8B/metamath/seed43	openbookqa	atomic_benchmark	hns_f4_s1 minus flat_e	new_damage_rate	0.0	0.0	0.0	2000	2000	paired test samples conditional on one fixed source checkpoint
Qwen3-8B/metamath/seed43	openbookqa	atomic_benchmark	scalar_e minus flat_e	recovery_rate	0.0625	0.0	0.2142857142857142	2000	2000	paired test samples conditional on one fixed source checkpoint
Qwen3-8B/metamath/seed43	openbookqa	atomic_benchmark	scalar_e minus flat_e	retention_rate	0.07407407407407407	-0.06065340909090915	0.2286263736263734	2000	2000	paired test samples conditional on one fixed source checkpoint
Qwen3-8B/metamath/seed43	openbookqa	atomic_benchmark	scalar_e minus flat_e	new_success_rate	0.004	0.0	0.01	2000	2000	paired test samples conditional on one fixed source checkpoint
Qwen3-8B/metamath/seed43	openbookqa	atomic_benchmark	scalar_e minus flat_e	new_damage_rate	0.0	0.0	0.0	2000	2000	paired test samples conditional on one fixed source checkpoint
Qwen3-8B/metamath/seed43	piqa	atomic_benchmark	hns_f4_s1 minus scalar_e	recovery_rate	0.0	-0.06523530817009074	0.06543339837732355	2000	2000	paired test samples conditional on one fixed source checkpoint
Qwen3-8B/metamath/seed43	piqa	atomic_benchmark	hns_f4_s1 minus scalar_e	retention_rate	0.0	-0.07692307692307693	0.07895781119465327	2000	2000	paired test samples conditional on one fixed source checkpoint
Qwen3-8B/metamath/seed43	piqa	atomic_benchmark	hns_f4_s1 minus scalar_e	new_success_rate	0.0005440696409140374	0.0	0.0016322089227421115	2000	2000	paired test samples conditional on one fixed source checkpoint
Qwen3-8B/metamath/seed43	piqa	atomic_benchmark	hns_f4_s1 minus scalar_e	new_damage_rate	0.0	-0.002176278563656148	0.002176278563656148	2000	2000	paired test samples conditional on one fixed source checkpoint
Qwen3-8B/metamath/seed43	piqa	atomic_benchmark	hns_f4_s1 minus flat_e	recovery_rate	-0.0449438202247191	-0.09259736540664372	-0.010752688172043001	2000	2000	paired test samples conditional on one fixed source checkpoint
Qwen3-8B/metamath/seed43	piqa	atomic_benchmark	hns_f4_s1 minus flat_e	retention_rate	-0.015873015873015872	-0.07274732620320852	0.03638047138047125	2000	2000	paired test samples conditional on one fixed source checkpoint
Qwen3-8B/metamath/seed43	piqa	atomic_benchmark	hns_f4_s1 minus flat_e	new_success_rate	-0.001088139281828074	-0.0027203482045701855	0.0	2000	2000	paired test samples conditional on one fixed source checkpoint
Qwen3-8B/metamath/seed43	piqa	atomic_benchmark	hns_f4_s1 minus flat_e	new_damage_rate	-0.0005440696409140366	-0.0027203482045701846	0.001088139281828074	2000	2000	paired test samples conditional on one fixed source checkpoint
Qwen3-8B/metamath/seed43	piqa	atomic_benchmark	scalar_e minus flat_e	recovery_rate	-0.0449438202247191	-0.1011271511875978	0.00990099009900991	2000	2000	paired test samples conditional on one fixed source checkpoint
Qwen3-8B/metamath/seed43	piqa	atomic_benchmark	scalar_e minus flat_e	retention_rate	-0.015873015873015872	-0.08512158054711241	0.05263157894736842	2000	2000	paired test samples conditional on one fixed source checkpoint
Qwen3-8B/metamath/seed43	piqa	atomic_benchmark	scalar_e minus flat_e	new_success_rate	-0.0016322089227421115	-0.003808487486398259	0.0	2000	2000	paired test samples conditional on one fixed source checkpoint
Qwen3-8B/metamath/seed43	piqa	atomic_benchmark	scalar_e minus flat_e	new_damage_rate	-0.0005440696409140366	-0.0027203482045701846	0.001088139281828074	2000	2000	paired test samples conditional on one fixed source checkpoint
Qwen3-8B/metamath/seed43	siqa	atomic_benchmark	hns_f4_s1 minus scalar_e	recovery_rate	0.02941176470588236	-0.03193223866790019	0.09600384615384622	2000	2000	paired test samples conditional on one fixed source checkpoint
Qwen3-8B/metamath/seed43	siqa	atomic_benchmark	hns_f4_s1 minus scalar_e	retention_rate	0.0	-0.06251644736842105	0.06097560975609756	2000	2000	paired test samples conditional on one fixed source checkpoint
Qwen3-8B/metamath/seed43	siqa	atomic_benchmark	hns_f4_s1 minus scalar_e	new_success_rate	-0.0005117707267144325	-0.002558853633572159	0.001023541453428864	2000	2000	paired test samples conditional on one fixed source checkpoint
Qwen3-8B/metamath/seed43	siqa	atomic_benchmark	hns_f4_s1 minus scalar_e	new_damage_rate	0.0005117707267144316	-0.001535312180143296	0.0030706243602865915	2000	2000	paired test samples conditional on one fixed source checkpoint
Qwen3-8B/metamath/seed43	siqa	atomic_benchmark	hns_f4_s1 minus flat_e	recovery_rate	0.009803921568627416	-0.020623926116838522	0.04397321428571414	2000	2000	paired test samples conditional on one fixed source checkpoint
Qwen3-8B/metamath/seed43	siqa	atomic_benchmark	hns_f4_s1 minus flat_e	retention_rate	0.0222222222222222	0.0	0.05884103641456574	2000	2000	paired test samples conditional on one fixed source checkpoint
Qwen3-8B/metamath/seed43	siqa	atomic_benchmark	hns_f4_s1 minus flat_e	new_success_rate	-0.001023541453428864	-0.00255885363357216	0.0	2000	2000	paired test samples conditional on one fixed source checkpoint
Qwen3-8B/metamath/seed43	siqa	atomic_benchmark	hns_f4_s1 minus flat_e	new_damage_rate	0.0	0.0	0.0	2000	2000	paired test samples conditional on one fixed source checkpoint
Qwen3-8B/metamath/seed43	siqa	atomic_benchmark	scalar_e minus flat_e	recovery_rate	-0.019607843137254943	-0.08750548245614037	0.047630494505494496	2000	2000	paired test samples conditional on one fixed source checkpoint
Qwen3-8B/metamath/seed43	siqa	atomic_benchmark	scalar_e minus flat_e	retention_rate	0.0222222222222222	-0.027436966448282706	0.07954545454545453	2000	2000	paired test samples conditional on one fixed source checkpoint
Qwen3-8B/metamath/seed43	siqa	atomic_benchmark	scalar_e minus flat_e	new_success_rate	-0.0005117707267144316	-0.002558853633572159	0.001023541453428864	2000	2000	paired test samples conditional on one fixed source checkpoint
Qwen3-8B/metamath/seed43	siqa	atomic_benchmark	scalar_e minus flat_e	new_damage_rate	-0.0005117707267144316	-0.0030706243602865915	0.001535312180143296	2000	2000	paired test samples conditional on one fixed source checkpoint
Qwen3-8B/metamath/seed43	tulu	atomic_benchmark	hns_f4_s1 minus scalar_e	recovery_rate	0.04255319148936165	-0.07272727272727275	0.1578947368421053	2000	2000	paired test samples conditional on one fixed source checkpoint
Qwen3-8B/metamath/seed43	tulu	atomic_benchmark	hns_f4_s1 minus scalar_e	retention_rate	0.05555555555555558	-0.08333333333333331	0.1875	2000	2000	paired test samples conditional on one fixed source checkpoint
Qwen3-8B/metamath/seed43	tulu	atomic_benchmark	hns_f4_s1 minus scalar_e	new_success_rate	0.0	-0.011090573012939003	0.011090573012939003	2000	2000	paired test samples conditional on one fixed source checkpoint
Qwen3-8B/metamath/seed43	tulu	atomic_benchmark	hns_f4_s1 minus scalar_e	new_damage_rate	-0.005545286506469498	-0.018484288354898334	0.005545286506469502	2000	2000	paired test samples conditional on one fixed source checkpoint
Qwen3-8B/metamath/seed43	tulu	atomic_benchmark	hns_f4_s1 minus flat_e	recovery_rate	-0.021276595744680882	-0.11540697674418608	0.07273835920177368	2000	2000	paired test samples conditional on one fixed source checkpoint
Qwen3-8B/metamath/seed43	tulu	atomic_benchmark	hns_f4_s1 minus flat_e	retention_rate	-0.05555555555555547	-0.17859432234432238	0.05006578947368389	2000	2000	paired test samples conditional on one fixed source checkpoint
Qwen3-8B/metamath/seed43	tulu	atomic_benchmark	hns_f4_s1 minus flat_e	new_success_rate	0.0036968576709796655	-0.0036968576709796655	0.011090573012939002	2000	2000	paired test samples conditional on one fixed source checkpoint
Qwen3-8B/metamath/seed43	tulu	atomic_benchmark	hns_f4_s1 minus flat_e	new_damage_rate	-0.005545286506469498	-0.014787430683918672	0.003696857670979669	2000	2000	paired test samples conditional on one fixed source checkpoint
Qwen3-8B/metamath/seed43	tulu	atomic_benchmark	scalar_e minus flat_e	recovery_rate	-0.06382978723404253	-0.18967569786535307	0.05885294117647044	2000	2000	paired test samples conditional on one fixed source checkpoint
Qwen3-8B/metamath/seed43	tulu	atomic_benchmark	scalar_e minus flat_e	retention_rate	-0.11111111111111105	-0.25	0.022234848484848448	2000	2000	paired test samples conditional on one fixed source checkpoint
Qwen3-8B/metamath/seed43	tulu	atomic_benchmark	scalar_e minus flat_e	new_success_rate	0.0036968576709796655	-0.009242144177449167	0.014787430683918672	2000	2000	paired test samples conditional on one fixed source checkpoint
Qwen3-8B/metamath/seed43	tulu	atomic_benchmark	scalar_e minus flat_e	new_damage_rate	0.0	-0.012939001848428836	0.012939001848428836	2000	2000	paired test samples conditional on one fixed source checkpoint
Qwen3-8B/metamath/seed43	winogrande	atomic_benchmark	hns_f4_s1 minus scalar_e	recovery_rate	0.0	-0.056826298701298704	0.05748076375035616	2000	2000	paired test samples conditional on one fixed source checkpoint
Qwen3-8B/metamath/seed43	winogrande	atomic_benchmark	hns_f4_s1 minus scalar_e	retention_rate	0.024193548387096864	-0.01680672268907557	0.06796116504854366	2000	2000	paired test samples conditional on one fixed source checkpoint
Qwen3-8B/metamath/seed43	winogrande	atomic_benchmark	hns_f4_s1 minus scalar_e	new_success_rate	0.0055248618784530384	0.002367797947908444	0.009490923441199577	2000	2000	paired test samples conditional on one fixed source checkpoint
Qwen3-8B/metamath/seed43	winogrande	atomic_benchmark	hns_f4_s1 minus scalar_e	new_damage_rate	0.0031570639305445944	-0.0007892659826361469	0.007892659826361483	2000	2000	paired test samples conditional on one fixed source checkpoint
Qwen3-8B/metamath/seed43	winogrande	atomic_benchmark	hns_f4_s1 minus flat_e	recovery_rate	0.0	-0.02941176470588236	0.028301886792452824	2000	2000	paired test samples conditional on one fixed source checkpoint
Qwen3-8B/metamath/seed43	winogrande	atomic_benchmark	hns_f4_s1 minus flat_e	retention_rate	0.0	0.0	0.0	2000	2000	paired test samples conditional on one fixed source checkpoint
Qwen3-8B/metamath/seed43	winogrande	atomic_benchmark	hns_f4_s1 minus flat_e	new_success_rate	0.0007892659826361486	0.0	0.002367797947908446	2000	2000	paired test samples conditional on one fixed source checkpoint
Qwen3-8B/metamath/seed43	winogrande	atomic_benchmark	hns_f4_s1 minus flat_e	new_damage_rate	0.0007892659826361486	0.0	0.002367797947908446	2000	2000	paired test samples conditional on one fixed source checkpoint
Qwen3-8B/metamath/seed43	winogrande	atomic_benchmark	scalar_e minus flat_e	recovery_rate	0.0	-0.06666666666666665	0.06309199107364231	2000	2000	paired test samples conditional on one fixed source checkpoint
Qwen3-8B/metamath/seed43	winogrande	atomic_benchmark	scalar_e minus flat_e	retention_rate	-0.024193548387096864	-0.06796116504854366	0.01680672268907557	2000	2000	paired test samples conditional on one fixed source checkpoint
Qwen3-8B/metamath/seed43	winogrande	atomic_benchmark	scalar_e minus flat_e	new_success_rate	-0.00473559589581689	-0.008681925808997633	-0.0015785319652722963	2000	2000	paired test samples conditional on one fixed source checkpoint
Qwen3-8B/metamath/seed43	winogrande	atomic_benchmark	scalar_e minus flat_e	new_damage_rate	-0.002367797947908446	-0.006314127861089186	0.0007892659826361486	2000	2000	paired test samples conditional on one fixed source checkpoint
Qwen3-8B/metamath/seed44	arc_challenge	atomic_benchmark	hns_f4_s1 minus scalar_e	recovery_rate	0.0714285714285714	0.0	0.18518518518518512	2000	2000	paired test samples conditional on one fixed source checkpoint
Qwen3-8B/metamath/seed44	arc_challenge	atomic_benchmark	hns_f4_s1 minus scalar_e	retention_rate	0.018867924528301883	0.0	0.06521739130434778	2000	2000	paired test samples conditional on one fixed source checkpoint
Qwen3-8B/metamath/seed44	arc_challenge	atomic_benchmark	hns_f4_s1 minus scalar_e	new_success_rate	0.0017064846416382229	-0.0017064846416382264	0.005972696245733787	2000	2000	paired test samples conditional on one fixed source checkpoint
Qwen3-8B/metamath/seed44	arc_challenge	atomic_benchmark	hns_f4_s1 minus scalar_e	new_damage_rate	-0.0017064846416382253	-0.004266211604095563	0.0	2000	2000	paired test samples conditional on one fixed source checkpoint
Qwen3-8B/metamath/seed44	arc_challenge	atomic_benchmark	hns_f4_s1 minus flat_e	recovery_rate	0.0	0.0	0.0	2000	2000	paired test samples conditional on one fixed source checkpoint
Qwen3-8B/metamath/seed44	arc_challenge	atomic_benchmark	hns_f4_s1 minus flat_e	retention_rate	0.0	-0.05358349420849424	0.05715659340659335	2000	2000	paired test samples conditional on one fixed source checkpoint
Qwen3-8B/metamath/seed44	arc_challenge	atomic_benchmark	hns_f4_s1 minus flat_e	new_success_rate	0.0	0.0	0.0	2000	2000	paired test samples conditional on one fixed source checkpoint
Qwen3-8B/metamath/seed44	arc_challenge	atomic_benchmark	hns_f4_s1 minus flat_e	new_damage_rate	-0.0008532423208191126	-0.002559726962457338	0.0	2000	2000	paired test samples conditional on one fixed source checkpoint
Qwen3-8B/metamath/seed44	arc_challenge	atomic_benchmark	scalar_e minus flat_e	recovery_rate	-0.0714285714285714	-0.18518518518518512	0.0	2000	2000	paired test samples conditional on one fixed source checkpoint
Qwen3-8B/metamath/seed44	arc_challenge	atomic_benchmark	scalar_e minus flat_e	retention_rate	-0.018867924528301883	-0.08510638297872342	0.045454545454545525	2000	2000	paired test samples conditional on one fixed source checkpoint
Qwen3-8B/metamath/seed44	arc_challenge	atomic_benchmark	scalar_e minus flat_e	new_success_rate	-0.0017064846416382229	-0.005972696245733787	0.0017064846416382264	2000	2000	paired test samples conditional on one fixed source checkpoint
Qwen3-8B/metamath/seed44	arc_challenge	atomic_benchmark	scalar_e minus flat_e	new_damage_rate	0.0008532423208191126	0.0	0.002559726962457338	2000	2000	paired test samples conditional on one fixed source checkpoint
Qwen3-8B/metamath/seed44	arc_easy	atomic_benchmark	hns_f4_s1 minus scalar_e	recovery_rate	0.0	0.0	0.0	2000	2000	paired test samples conditional on one fixed source checkpoint
Qwen3-8B/metamath/seed44	arc_easy	atomic_benchmark	hns_f4_s1 minus scalar_e	retention_rate	0.0	-0.0625	0.06557377049180324	2000	2000	paired test samples conditional on one fixed source checkpoint
Qwen3-8B/metamath/seed44	arc_easy	atomic_benchmark	hns_f4_s1 minus scalar_e	new_success_rate	-0.0008417508417508418	-0.0025252525252525255	0.0008417508417508414	2000	2000	paired test samples conditional on one fixed source checkpoint
Qwen3-8B/metamath/seed44	arc_easy	atomic_benchmark	hns_f4_s1 minus scalar_e	new_damage_rate	0.0008417508417508417	0.0	0.0021043771043771043	2000	2000	paired test samples conditional on one fixed source checkpoint
Qwen3-8B/metamath/seed44	arc_easy	atomic_benchmark	hns_f4_s1 minus flat_e	recovery_rate	0.033333333333333326	0.0	0.11764705882352944	2000	2000	paired test samples conditional on one fixed source checkpoint
Qwen3-8B/metamath/seed44	arc_easy	atomic_benchmark	hns_f4_s1 minus flat_e	retention_rate	0.016393442622950838	0.0	0.05882352941176461	2000	2000	paired test samples conditional on one fixed source checkpoint
Qwen3-8B/metamath/seed44	arc_easy	atomic_benchmark	hns_f4_s1 minus flat_e	new_success_rate	-0.00042087542087542113	-0.001262626262626263	0.0	2000	2000	paired test samples conditional on one fixed source checkpoint
Qwen3-8B/metamath/seed44	arc_easy	atomic_benchmark	hns_f4_s1 minus flat_e	new_damage_rate	0.0	0.0	0.0	2000	2000	paired test samples conditional on one fixed source checkpoint
Qwen3-8B/metamath/seed44	arc_easy	atomic_benchmark	scalar_e minus flat_e	recovery_rate	0.033333333333333326	0.0	0.11764705882352944	2000	2000	paired test samples conditional on one fixed source checkpoint
Qwen3-8B/metamath/seed44	arc_easy	atomic_benchmark	scalar_e minus flat_e	retention_rate	0.016393442622950838	-0.03703703703703698	0.07017543859649122	2000	2000	paired test samples conditional on one fixed source checkpoint
Qwen3-8B/metamath/seed44	arc_easy	atomic_benchmark	scalar_e minus flat_e	new_success_rate	0.0004208754208754207	-0.0008417508417508423	0.0016940235690235121	2000	2000	paired test samples conditional on one fixed source checkpoint
Qwen3-8B/metamath/seed44	arc_easy	atomic_benchmark	scalar_e minus flat_e	new_damage_rate	-0.0008417508417508417	-0.0021043771043771043	0.0	2000	2000	paired test samples conditional on one fixed source checkpoint
Qwen3-8B/metamath/seed44	boolq	atomic_benchmark	hns_f4_s1 minus scalar_e	recovery_rate	0.0	-0.08336864406779665	0.08333333333333337	2000	2000	paired test samples conditional on one fixed source checkpoint
Qwen3-8B/metamath/seed44	boolq	atomic_benchmark	hns_f4_s1 minus scalar_e	retention_rate	0.010638297872340385	-0.03572504302925993	0.05940888731730314	2000	2000	paired test samples conditional on one fixed source checkpoint
Qwen3-8B/metamath/seed44	boolq	atomic_benchmark	hns_f4_s1 minus scalar_e	new_success_rate	-0.0006116207951070336	-0.0015290519877675843	0.0	2000	2000	paired test samples conditional on one fixed source checkpoint
Qwen3-8B/metamath/seed44	boolq	atomic_benchmark	hns_f4_s1 minus scalar_e	new_damage_rate	0.0012232415902140672	-0.0003058103975535167	0.002752293577981651	2000	2000	paired test samples conditional on one fixed source checkpoint
Qwen3-8B/metamath/seed44	boolq	atomic_benchmark	hns_f4_s1 minus flat_e	recovery_rate	0.052631578947368474	0.0	0.11476986128625466	2000	2000	paired test samples conditional on one fixed source checkpoint
Qwen3-8B/metamath/seed44	boolq	atomic_benchmark	hns_f4_s1 minus flat_e	retention_rate	-0.021276595744680882	-0.054945054945054916	0.0	2000	2000	paired test samples conditional on one fixed source checkpoint
Qwen3-8B/metamath/seed44	boolq	atomic_benchmark	hns_f4_s1 minus flat_e	new_success_rate	0.0	0.0	0.0	2000	2000	paired test samples conditional on one fixed source checkpoint
Qwen3-8B/metamath/seed44	boolq	atomic_benchmark	hns_f4_s1 minus flat_e	new_damage_rate	0.0	-0.0012232415902140672	0.0012232415902140672	2000	2000	paired test samples conditional on one fixed source checkpoint
Qwen3-8B/metamath/seed44	boolq	atomic_benchmark	scalar_e minus flat_e	recovery_rate	0.052631578947368474	-0.03705450733752626	0.1428571428571428	2000	2000	paired test samples conditional on one fixed source checkpoint
Qwen3-8B/metamath/seed44	boolq	atomic_benchmark	scalar_e minus flat_e	retention_rate	-0.03191489361702127	-0.08333333333333331	0.011363636363636355	2000	2000	paired test samples conditional on one fixed source checkpoint
Qwen3-8B/metamath/seed44	boolq	atomic_benchmark	scalar_e minus flat_e	new_success_rate	0.0006116207951070336	0.0	0.0015290519877675843	2000	2000	paired test samples conditional on one fixed source checkpoint
Qwen3-8B/metamath/seed44	boolq	atomic_benchmark	scalar_e minus flat_e	new_damage_rate	-0.0012232415902140672	-0.003058103975535168	0.0003058103975535171	2000	2000	paired test samples conditional on one fixed source checkpoint
Qwen3-8B/metamath/seed44	hellaswag	atomic_benchmark	hns_f4_s1 minus scalar_e	recovery_rate	-0.005725190839694583	-0.02610479230354252	0.014600452952608273	2000	2000	paired test samples conditional on one fixed source checkpoint
Qwen3-8B/metamath/seed44	hellaswag	atomic_benchmark	hns_f4_s1 minus scalar_e	retention_rate	-0.04815864022662886	-0.08286286562102585	-0.014408186756765636	2000	2000	paired test samples conditional on one fixed source checkpoint
Qwen3-8B/metamath/seed44	hellaswag	atomic_benchmark	hns_f4_s1 minus scalar_e	new_success_rate	0.0	-0.0008962358095996811	0.0008962358095996811	2000	2000	paired test samples conditional on one fixed source checkpoint
Qwen3-8B/metamath/seed44	hellaswag	atomic_benchmark	hns_f4_s1 minus scalar_e	new_damage_rate	0.0004979087831109342	-0.00039832702648874736	0.0014937263493328022	2000	2000	paired test samples conditional on one fixed source checkpoint
Qwen3-8B/metamath/seed44	hellaswag	atomic_benchmark	hns_f4_s1 minus flat_e	recovery_rate	0.0	-0.013035989744017384	0.012195121951219523	2000	2000	paired test samples conditional on one fixed source checkpoint
Qwen3-8B/metamath/seed44	hellaswag	atomic_benchmark	hns_f4_s1 minus flat_e	retention_rate	-0.008498583569405027	-0.02786299972537175	0.008826821773485465	2000	2000	paired test samples conditional on one fixed source checkpoint
Qwen3-8B/metamath/seed44	hellaswag	atomic_benchmark	hns_f4_s1 minus flat_e	new_success_rate	-9.958175662218727e-05	-0.0006970722963553083	0.0004979087831109346	2000	2000	paired test samples conditional on one fixed source checkpoint
Qwen3-8B/metamath/seed44	hellaswag	atomic_benchmark	hns_f4_s1 minus flat_e	new_damage_rate	-0.0002987452698665605	-0.0006970722963553079	0.0	2000	2000	paired test samples conditional on one fixed source checkpoint
Qwen3-8B/metamath/seed44	hellaswag	atomic_benchmark	scalar_e minus flat_e	recovery_rate	0.005725190839694583	-0.017143675027262797	0.028356730108266066	2000	2000	paired test samples conditional on one fixed source checkpoint
Qwen3-8B/metamath/seed44	hellaswag	atomic_benchmark	scalar_e minus flat_e	retention_rate	0.03966005665722383	0.008401610644257675	0.07344840478564305	2000	2000	paired test samples conditional on one fixed source checkpoint
Qwen3-8B/metamath/seed44	hellaswag	atomic_benchmark	scalar_e minus flat_e	new_success_rate	-9.958175662218727e-05	-0.000896235809599682	0.0006970722963553083	2000	2000	paired test samples conditional on one fixed source checkpoint
Qwen3-8B/metamath/seed44	hellaswag	atomic_benchmark	scalar_e minus flat_e	new_damage_rate	-0.0007966540529774947	-0.0017924716191993631	0.00019916351324437325	2000	2000	paired test samples conditional on one fixed source checkpoint
Qwen3-8B/metamath/seed44	magicoder	atomic_benchmark	hns_f4_s1 minus scalar_e	recovery_rate	0.125	0.04250976986539292	0.22413793103448276	2000	2000	paired test samples conditional on one fixed source checkpoint
Qwen3-8B/metamath/seed44	magicoder	atomic_benchmark	hns_f4_s1 minus scalar_e	retention_rate	-0.1428571428571429	-0.42857142857142855	0.125	2000	2000	paired test samples conditional on one fixed source checkpoint
Qwen3-8B/metamath/seed44	magicoder	atomic_benchmark	hns_f4_s1 minus scalar_e	new_success_rate	0.012195121951219516	0.0	0.030487804878048787	2000	2000	paired test samples conditional on one fixed source checkpoint
Qwen3-8B/metamath/seed44	magicoder	atomic_benchmark	hns_f4_s1 minus scalar_e	new_damage_rate	0.0	-0.024390243902439025	0.024390243902439022	2000	2000	paired test samples conditional on one fixed source checkpoint
Qwen3-8B/metamath/seed44	magicoder	atomic_benchmark	hns_f4_s1 minus flat_e	recovery_rate	0.0	-0.051724137931034475	0.051724137931034475	2000	2000	paired test samples conditional on one fixed source checkpoint
Qwen3-8B/metamath/seed44	magicoder	atomic_benchmark	hns_f4_s1 minus flat_e	retention_rate	0.07142857142857145	0.0	0.23529411764705882	2000	2000	paired test samples conditional on one fixed source checkpoint
Qwen3-8B/metamath/seed44	magicoder	atomic_benchmark	hns_f4_s1 minus flat_e	new_success_rate	0.0	0.0	0.0	2000	2000	paired test samples conditional on one fixed source checkpoint
Qwen3-8B/metamath/seed44	magicoder	atomic_benchmark	hns_f4_s1 minus flat_e	new_damage_rate	0.0	0.0	0.0	2000	2000	paired test samples conditional on one fixed source checkpoint
Qwen3-8B/metamath/seed44	magicoder	atomic_benchmark	scalar_e minus flat_e	recovery_rate	-0.125	-0.21741106719367587	-0.049180327868852514	2000	2000	paired test samples conditional on one fixed source checkpoint
Qwen3-8B/metamath/seed44	magicoder	atomic_benchmark	scalar_e minus flat_e	retention_rate	0.21428571428571436	0.0	0.45454545454545453	2000	2000	paired test samples conditional on one fixed source checkpoint
Qwen3-8B/metamath/seed44	magicoder	atomic_benchmark	scalar_e minus flat_e	new_success_rate	-0.012195121951219516	-0.030487804878048787	0.0	2000	2000	paired test samples conditional on one fixed source checkpoint
Qwen3-8B/metamath/seed44	magicoder	atomic_benchmark	scalar_e minus flat_e	new_damage_rate	0.0	-0.024390243902439022	0.024390243902439025	2000	2000	paired test samples conditional on one fixed source checkpoint
Qwen3-8B/metamath/seed44	metamath	atomic_benchmark	hns_f4_s1 minus scalar_e	recovery_rate	-0.0390625	-0.10950411839549988	0.029417211328976012	2000	2000	paired test samples conditional on one fixed source checkpoint
Qwen3-8B/metamath/seed44	metamath	atomic_benchmark	hns_f4_s1 minus scalar_e	retention_rate	0.09523809523809523	0.020403009688723994	0.16842105263157892	2000	2000	paired test samples conditional on one fixed source checkpoint
Qwen3-8B/metamath/seed44	metamath	atomic_benchmark	hns_f4_s1 minus scalar_e	new_success_rate	0.0022744503411675516	-0.0022744503411675516	0.006823351023502655	2000	2000	paired test samples conditional on one fixed source checkpoint
Qwen3-8B/metamath/seed44	metamath	atomic_benchmark	hns_f4_s1 minus scalar_e	new_damage_rate	-0.01364670204700531	-0.022744503411675512	-0.00530705079605762	2000	2000	paired test samples conditional on one fixed source checkpoint
Qwen3-8B/metamath/seed44	metamath	atomic_benchmark	hns_f4_s1 minus flat_e	recovery_rate	0.0078125	-0.01667016806722694	0.03636695421366953	2000	2000	paired test samples conditional on one fixed source checkpoint
Qwen3-8B/metamath/seed44	metamath	atomic_benchmark	hns_f4_s1 minus flat_e	retention_rate	-0.01904761904761909	-0.04901960784313719	0.0	2000	2000	paired test samples conditional on one fixed source checkpoint
Qwen3-8B/metamath/seed44	metamath	atomic_benchmark	hns_f4_s1 minus flat_e	new_success_rate	0.0007581501137225166	0.0	0.0022744503411675516	2000	2000	paired test samples conditional on one fixed source checkpoint
Qwen3-8B/metamath/seed44	metamath	atomic_benchmark	hns_f4_s1 minus flat_e	new_damage_rate	0.00227445034116755	-0.0015163002274450332	0.006065200909780138	2000	2000	paired test samples conditional on one fixed source checkpoint
Qwen3-8B/metamath/seed44	metamath	atomic_benchmark	scalar_e minus flat_e	recovery_rate	0.046875	-0.02190183555173892	0.11965811965811968	2000	2000	paired test samples conditional on one fixed source checkpoint
Qwen3-8B/metamath/seed44	metamath	atomic_benchmark	scalar_e minus flat_e	retention_rate	-0.11428571428571432	-0.18868448637316568	-0.04423808414842417	2000	2000	paired test samples conditional on one fixed source checkpoint
Qwen3-8B/metamath/seed44	metamath	atomic_benchmark	scalar_e minus flat_e	new_success_rate	-0.001516300227445035	-0.006065200909780137	0.003032600454890068	2000	2000	paired test samples conditional on one fixed source checkpoint
Qwen3-8B/metamath/seed44	metamath	atomic_benchmark	scalar_e minus flat_e	new_damage_rate	0.01592115238817286	0.00758150113722517	0.024260803639120546	2000	2000	paired test samples conditional on one fixed source checkpoint
Qwen3-8B/metamath/seed44	openbookqa	atomic_benchmark	hns_f4_s1 minus scalar_e	recovery_rate	0.0	-0.23076923076923084	0.2222222222222222	2000	2000	paired test samples conditional on one fixed source checkpoint
Qwen3-8B/metamath/seed44	openbookqa	atomic_benchmark	hns_f4_s1 minus scalar_e	retention_rate	0.0	-0.11538461538461542	0.11121794871794818	2000	2000	paired test samples conditional on one fixed source checkpoint
Qwen3-8B/metamath/seed44	openbookqa	atomic_benchmark	hns_f4_s1 minus scalar_e	new_success_rate	-0.002	-0.006000000000000002	0.0	2000	2000	paired test samples conditional on one fixed source checkpoint
Qwen3-8B/metamath/seed44	openbookqa	atomic_benchmark	hns_f4_s1 minus scalar_e	new_damage_rate	0.002	0.0	0.006	2000	2000	paired test samples conditional on one fixed source checkpoint
Qwen3-8B/metamath/seed44	openbookqa	atomic_benchmark	hns_f4_s1 minus flat_e	recovery_rate	0.0	0.0	0.0	2000	2000	paired test samples conditional on one fixed source checkpoint
Qwen3-8B/metamath/seed44	openbookqa	atomic_benchmark	hns_f4_s1 minus flat_e	retention_rate	0.0	0.0	0.0	2000	2000	paired test samples conditional on one fixed source checkpoint
Qwen3-8B/metamath/seed44	openbookqa	atomic_benchmark	hns_f4_s1 minus flat_e	new_success_rate	-0.002	-0.006000000000000002	0.0	2000	2000	paired test samples conditional on one fixed source checkpoint
Qwen3-8B/metamath/seed44	openbookqa	atomic_benchmark	hns_f4_s1 minus flat_e	new_damage_rate	0.0	0.0	0.0	2000	2000	paired test samples conditional on one fixed source checkpoint
Qwen3-8B/metamath/seed44	openbookqa	atomic_benchmark	scalar_e minus flat_e	recovery_rate	0.0	-0.2222222222222222	0.23076923076923084	2000	2000	paired test samples conditional on one fixed source checkpoint
Qwen3-8B/metamath/seed44	openbookqa	atomic_benchmark	scalar_e minus flat_e	retention_rate	0.0	-0.11121794871794877	0.11538461538461542	2000	2000	paired test samples conditional on one fixed source checkpoint
Qwen3-8B/metamath/seed44	openbookqa	atomic_benchmark	scalar_e minus flat_e	new_success_rate	0.0	-0.006	0.006	2000	2000	paired test samples conditional on one fixed source checkpoint
Qwen3-8B/metamath/seed44	openbookqa	atomic_benchmark	scalar_e minus flat_e	new_damage_rate	-0.002	-0.006	0.0	2000	2000	paired test samples conditional on one fixed source checkpoint
Qwen3-8B/metamath/seed44	piqa	atomic_benchmark	hns_f4_s1 minus scalar_e	recovery_rate	-0.028037383177570097	-0.06316985645933013	0.0	2000	2000	paired test samples conditional on one fixed source checkpoint
Qwen3-8B/metamath/seed44	piqa	atomic_benchmark	hns_f4_s1 minus scalar_e	retention_rate	-0.015384615384615441	-0.07044768611670021	0.0339129164231443	2000	2000	paired test samples conditional on one fixed source checkpoint
Qwen3-8B/metamath/seed44	piqa	atomic_benchmark	hns_f4_s1 minus scalar_e	new_success_rate	0.001088139281828074	0.0	0.002720348204570185	2000	2000	paired test samples conditional on one fixed source checkpoint
Qwen3-8B/metamath/seed44	piqa	atomic_benchmark	hns_f4_s1 minus scalar_e	new_damage_rate	0.001088139281828074	0.0	0.002720348204570185	2000	2000	paired test samples conditional on one fixed source checkpoint
Qwen3-8B/metamath/seed44	piqa	atomic_benchmark	hns_f4_s1 minus flat_e	recovery_rate	0.0	0.0	0.0	2000	2000	paired test samples conditional on one fixed source checkpoint
Qwen3-8B/metamath/seed44	piqa	atomic_benchmark	hns_f4_s1 minus flat_e	retention_rate	-0.015384615384615441	-0.05264912280701759	0.0	2000	2000	paired test samples conditional on one fixed source checkpoint
Qwen3-8B/metamath/seed44	piqa	atomic_benchmark	hns_f4_s1 minus flat_e	new_success_rate	0.000544069640914037	-0.001088139281828074	0.002176278563656148	2000	2000	paired test samples conditional on one fixed source checkpoint
Qwen3-8B/metamath/seed44	piqa	atomic_benchmark	hns_f4_s1 minus flat_e	new_damage_rate	0.0	0.0	0.0	2000	2000	paired test samples conditional on one fixed source checkpoint
Qwen3-8B/metamath/seed44	piqa	atomic_benchmark	scalar_e minus flat_e	recovery_rate	0.028037383177570097	0.0	0.06316985645933006	2000	2000	paired test samples conditional on one fixed source checkpoint
Qwen3-8B/metamath/seed44	piqa	atomic_benchmark	scalar_e minus flat_e	retention_rate	0.0	-0.06251644736842105	0.0625	2000	2000	paired test samples conditional on one fixed source checkpoint
Qwen3-8B/metamath/seed44	piqa	atomic_benchmark	scalar_e minus flat_e	new_success_rate	-0.000544069640914037	-0.001632208922742111	0.0	2000	2000	paired test samples conditional on one fixed source checkpoint
Qwen3-8B/metamath/seed44	piqa	atomic_benchmark	scalar_e minus flat_e	new_damage_rate	-0.001088139281828074	-0.002720348204570185	0.0	2000	2000	paired test samples conditional on one fixed source checkpoint
Qwen3-8B/metamath/seed44	siqa	atomic_benchmark	hns_f4_s1 minus scalar_e	recovery_rate	0.04081632653061229	-0.03296703296703296	0.11340791940018745	2000	2000	paired test samples conditional on one fixed source checkpoint
Qwen3-8B/metamath/seed44	siqa	atomic_benchmark	hns_f4_s1 minus scalar_e	retention_rate	-0.07228915662650603	-0.15000000000000002	0.0	2000	2000	paired test samples conditional on one fixed source checkpoint
Qwen3-8B/metamath/seed44	siqa	atomic_benchmark	hns_f4_s1 minus scalar_e	new_success_rate	0.0020470829068577273	0.0	0.004605936540429887	2000	2000	paired test samples conditional on one fixed source checkpoint
Qwen3-8B/metamath/seed44	siqa	atomic_benchmark	hns_f4_s1 minus scalar_e	new_damage_rate	0.0010235414534288637	-0.001023541453428864	0.003582395087001023	2000	2000	paired test samples conditional on one fixed source checkpoint
Qwen3-8B/metamath/seed44	siqa	atomic_benchmark	hns_f4_s1 minus flat_e	recovery_rate	0.030612244897959218	-0.01098901098901095	0.07920792079207917	2000	2000	paired test samples conditional on one fixed source checkpoint
Qwen3-8B/metamath/seed44	siqa	atomic_benchmark	hns_f4_s1 minus flat_e	retention_rate	0.01204819277108432	-0.02702702702702703	0.054061398354876576	2000	2000	paired test samples conditional on one fixed source checkpoint
Qwen3-8B/metamath/seed44	siqa	atomic_benchmark	hns_f4_s1 minus flat_e	new_success_rate	0.0005117707267144316	0.0	0.0015353121801432957	2000	2000	paired test samples conditional on one fixed source checkpoint
Qwen3-8B/metamath/seed44	siqa	atomic_benchmark	hns_f4_s1 minus flat_e	new_damage_rate	-0.0005117707267144325	-0.0015353121801432962	0.0	2000	2000	paired test samples conditional on one fixed source checkpoint
Qwen3-8B/metamath/seed44	siqa	atomic_benchmark	scalar_e minus flat_e	recovery_rate	-0.010204081632653073	-0.08333333333333337	0.06251644736842096	2000	2000	paired test samples conditional on one fixed source checkpoint
Qwen3-8B/metamath/seed44	siqa	atomic_benchmark	scalar_e minus flat_e	retention_rate	0.08433734939759036	0.011901260504201695	0.16666666666666666	2000	2000	paired test samples conditional on one fixed source checkpoint
Qwen3-8B/metamath/seed44	siqa	atomic_benchmark	scalar_e minus flat_e	new_success_rate	-0.0015353121801432957	-0.004094165813715455	0.000511770726714432	2000	2000	paired test samples conditional on one fixed source checkpoint
Qwen3-8B/metamath/seed44	siqa	atomic_benchmark	scalar_e minus flat_e	new_damage_rate	-0.0015353121801432962	-0.0040941658137154556	0.0010235414534288637	2000	2000	paired test samples conditional on one fixed source checkpoint
Qwen3-8B/metamath/seed44	tulu	atomic_benchmark	hns_f4_s1 minus scalar_e	recovery_rate	-0.0434782608695653	-0.15557291666666667	0.08109487038058465	2000	2000	paired test samples conditional on one fixed source checkpoint
Qwen3-8B/metamath/seed44	tulu	atomic_benchmark	hns_f4_s1 minus scalar_e	retention_rate	0.06666666666666665	-0.11544117647058816	0.25809438470728774	2000	2000	paired test samples conditional on one fixed source checkpoint
Qwen3-8B/metamath/seed44	tulu	atomic_benchmark	hns_f4_s1 minus scalar_e	new_success_rate	0.003696857670979669	-0.007393715341959338	0.014787430683918669	2000	2000	paired test samples conditional on one fixed source checkpoint
Qwen3-8B/metamath/seed44	tulu	atomic_benchmark	hns_f4_s1 minus scalar_e	new_damage_rate	0.0036968576709796655	-0.012939001848428836	0.022181146025878	2000	2000	paired test samples conditional on one fixed source checkpoint
Qwen3-8B/metamath/seed44	tulu	atomic_benchmark	hns_f4_s1 minus flat_e	recovery_rate	-0.021739130434782705	-0.11433554817275751	0.0727383592017738	2000	2000	paired test samples conditional on one fixed source checkpoint
Qwen3-8B/metamath/seed44	tulu	atomic_benchmark	hns_f4_s1 minus flat_e	retention_rate	0.033333333333333326	-0.07407407407407407	0.1515151515151515	2000	2000	paired test samples conditional on one fixed source checkpoint
Qwen3-8B/metamath/seed44	tulu	atomic_benchmark	hns_f4_s1 minus flat_e	new_success_rate	-0.0073937153419593345	-0.018484288354898334	0.0018484288354898362	2000	2000	paired test samples conditional on one fixed source checkpoint
Qwen3-8B/metamath/seed44	tulu	atomic_benchmark	hns_f4_s1 minus flat_e	new_damage_rate	0.005545286506469502	-0.0036968576709796724	0.016635859519408505	2000	2000	paired test samples conditional on one fixed source checkpoint
Qwen3-8B/metamath/seed44	tulu	atomic_benchmark	scalar_e minus flat_e	recovery_rate	0.021739130434782594	-0.07697368421052626	0.11904761904761907	2000	2000	paired test samples conditional on one fixed source checkpoint
Qwen3-8B/metamath/seed44	tulu	atomic_benchmark	scalar_e minus flat_e	retention_rate	-0.033333333333333326	-0.21739130434782605	0.13888888888888884	2000	2000	paired test samples conditional on one fixed source checkpoint
Qwen3-8B/metamath/seed44	tulu	atomic_benchmark	scalar_e minus flat_e	new_success_rate	-0.011090573012939003	-0.022181146025878	-0.0018484288354898327	2000	2000	paired test samples conditional on one fixed source checkpoint
Qwen3-8B/metamath/seed44	tulu	atomic_benchmark	scalar_e minus flat_e	new_damage_rate	0.0018484288354898362	-0.012939001848428833	0.0166358595194085	2000	2000	paired test samples conditional on one fixed source checkpoint
Qwen3-8B/metamath/seed44	winogrande	atomic_benchmark	hns_f4_s1 minus scalar_e	recovery_rate	-0.04672897196261683	-0.09160655508088796	-0.010101010101010109	2000	2000	paired test samples conditional on one fixed source checkpoint
Qwen3-8B/metamath/seed44	winogrande	atomic_benchmark	hns_f4_s1 minus scalar_e	retention_rate	0.0	-0.05263157894736836	0.0531091972187104	2000	2000	paired test samples conditional on one fixed source checkpoint
Qwen3-8B/metamath/seed44	winogrande	atomic_benchmark	hns_f4_s1 minus scalar_e	new_success_rate	0.003946329913180741	0.0007892659826361486	0.007892659826361484	2000	2000	paired test samples conditional on one fixed source checkpoint
Qwen3-8B/metamath/seed44	winogrande	atomic_benchmark	hns_f4_s1 minus scalar_e	new_damage_rate	0.001578531965272297	0.0	0.003946329913180742	2000	2000	paired test samples conditional on one fixed source checkpoint
Qwen3-8B/metamath/seed44	winogrande	atomic_benchmark	hns_f4_s1 minus flat_e	recovery_rate	-0.009345794392523366	-0.030927835051546393	0.0	2000	2000	paired test samples conditional on one fixed source checkpoint
Qwen3-8B/metamath/seed44	winogrande	atomic_benchmark	hns_f4_s1 minus flat_e	retention_rate	0.00925925925925919	-0.01980198019801982	0.04166666666666674	2000	2000	paired test samples conditional on one fixed source checkpoint
Qwen3-8B/metamath/seed44	winogrande	atomic_benchmark	hns_f4_s1 minus flat_e	new_success_rate	0.0	-0.002367797947908444	0.002367797947908446	2000	2000	paired test samples conditional on one fixed source checkpoint
Qwen3-8B/metamath/seed44	winogrande	atomic_benchmark	hns_f4_s1 minus flat_e	new_damage_rate	0.0	0.0	0.0	2000	2000	paired test samples conditional on one fixed source checkpoint
Qwen3-8B/metamath/seed44	winogrande	atomic_benchmark	scalar_e minus flat_e	recovery_rate	0.03738317757009346	0.00892659608091021	0.07767259978425022	2000	2000	paired test samples conditional on one fixed source checkpoint
Qwen3-8B/metamath/seed44	winogrande	atomic_benchmark	scalar_e minus flat_e	retention_rate	0.00925925925925919	-0.04504504504504503	0.06605345911949675	2000	2000	paired test samples conditional on one fixed source checkpoint
Qwen3-8B/metamath/seed44	winogrande	atomic_benchmark	scalar_e minus flat_e	new_success_rate	-0.003946329913180741	-0.007912391475927389	0.0	2000	2000	paired test samples conditional on one fixed source checkpoint
Qwen3-8B/metamath/seed44	winogrande	atomic_benchmark	scalar_e minus flat_e	new_damage_rate	-0.001578531965272297	-0.003946329913180742	0.0	2000	2000	paired test samples conditional on one fixed source checkpoint
Qwen3-8B/tulu/seed42	arc_challenge	atomic_benchmark	hns_f4_s1 minus scalar_e	recovery_rate	-0.052631578947368474	-0.2857142857142857	0.18757440476190435	2000	2000	paired test samples conditional on one fixed source checkpoint
Qwen3-8B/tulu/seed42	arc_challenge	atomic_benchmark	hns_f4_s1 minus scalar_e	retention_rate	0.017857142857142794	0.0	0.05799232736572882	2000	2000	paired test samples conditional on one fixed source checkpoint
Qwen3-8B/tulu/seed42	arc_challenge	atomic_benchmark	hns_f4_s1 minus scalar_e	new_success_rate	0.0008532423208191123	0.0	0.0025597269624573387	2000	2000	paired test samples conditional on one fixed source checkpoint
Qwen3-8B/tulu/seed42	arc_challenge	atomic_benchmark	hns_f4_s1 minus scalar_e	new_damage_rate	0.0017064846416382255	0.0	0.004266211604095563	2000	2000	paired test samples conditional on one fixed source checkpoint
Qwen3-8B/tulu/seed42	arc_challenge	atomic_benchmark	hns_f4_s1 minus flat_e	recovery_rate	0.05263157894736842	0.0	0.16666666666666669	2000	2000	paired test samples conditional on one fixed source checkpoint
Qwen3-8B/tulu/seed42	arc_challenge	atomic_benchmark	hns_f4_s1 minus flat_e	retention_rate	0.0	0.0	0.0	2000	2000	paired test samples conditional on one fixed source checkpoint
Qwen3-8B/tulu/seed42	arc_challenge	atomic_benchmark	hns_f4_s1 minus flat_e	new_success_rate	-0.0008532423208191132	-0.002559726962457338	0.0	2000	2000	paired test samples conditional on one fixed source checkpoint
Qwen3-8B/tulu/seed42	arc_challenge	atomic_benchmark	hns_f4_s1 minus flat_e	new_damage_rate	0.0	0.0	0.0	2000	2000	paired test samples conditional on one fixed source checkpoint
Qwen3-8B/tulu/seed42	arc_challenge	atomic_benchmark	scalar_e minus flat_e	recovery_rate	0.10526315789473689	-0.09523809523809523	0.3076923076923077	2000	2000	paired test samples conditional on one fixed source checkpoint
Qwen3-8B/tulu/seed42	arc_challenge	atomic_benchmark	scalar_e minus flat_e	retention_rate	-0.017857142857142794	-0.05799232736572893	0.0	2000	2000	paired test samples conditional on one fixed source checkpoint
Qwen3-8B/tulu/seed42	arc_challenge	atomic_benchmark	scalar_e minus flat_e	new_success_rate	-0.0017064846416382255	-0.004266211604095564	0.0	2000	2000	paired test samples conditional on one fixed source checkpoint
Qwen3-8B/tulu/seed42	arc_challenge	atomic_benchmark	scalar_e minus flat_e	new_damage_rate	-0.0017064846416382255	-0.004266211604095563	0.0	2000	2000	paired test samples conditional on one fixed source checkpoint
Qwen3-8B/tulu/seed42	arc_easy	atomic_benchmark	hns_f4_s1 minus scalar_e	recovery_rate	-0.16666666666666669	-0.4	0.0	2000	2000	paired test samples conditional on one fixed source checkpoint
Qwen3-8B/tulu/seed42	arc_easy	atomic_benchmark	hns_f4_s1 minus scalar_e	retention_rate	0.046875	0.0	0.1039106415972086	2000	2000	paired test samples conditional on one fixed source checkpoint
Qwen3-8B/tulu/seed42	arc_easy	atomic_benchmark	hns_f4_s1 minus scalar_e	new_success_rate	0.0008417508417508416	0.0	0.0021043771043771043	2000	2000	paired test samples conditional on one fixed source checkpoint
Qwen3-8B/tulu/seed42	arc_easy	atomic_benchmark	hns_f4_s1 minus scalar_e	new_damage_rate	-0.00042087542087542086	-0.0012626262626262627	0.0	2000	2000	paired test samples conditional on one fixed source checkpoint
Qwen3-8B/tulu/seed42	arc_easy	atomic_benchmark	hns_f4_s1 minus flat_e	recovery_rate	0.0	0.0	0.0	2000	2000	paired test samples conditional on one fixed source checkpoint
Qwen3-8B/tulu/seed42	arc_easy	atomic_benchmark	hns_f4_s1 minus flat_e	retention_rate	0.0	0.0	0.0	2000	2000	paired test samples conditional on one fixed source checkpoint
Qwen3-8B/tulu/seed42	arc_easy	atomic_benchmark	hns_f4_s1 minus flat_e	new_success_rate	0.0	0.0	0.0	2000	2000	paired test samples conditional on one fixed source checkpoint
Qwen3-8B/tulu/seed42	arc_easy	atomic_benchmark	hns_f4_s1 minus flat_e	new_damage_rate	0.0	0.0	0.0	2000	2000	paired test samples conditional on one fixed source checkpoint
Qwen3-8B/tulu/seed42	arc_easy	atomic_benchmark	scalar_e minus flat_e	recovery_rate	0.16666666666666669	0.0	0.4	2000	2000	paired test samples conditional on one fixed source checkpoint
Qwen3-8B/tulu/seed42	arc_easy	atomic_benchmark	scalar_e minus flat_e	retention_rate	-0.046875	-0.10391064159720868	0.0	2000	2000	paired test samples conditional on one fixed source checkpoint
Qwen3-8B/tulu/seed42	arc_easy	atomic_benchmark	scalar_e minus flat_e	new_success_rate	-0.0008417508417508416	-0.0021043771043771043	0.0	2000	2000	paired test samples conditional on one fixed source checkpoint
Qwen3-8B/tulu/seed42	arc_easy	atomic_benchmark	scalar_e minus flat_e	new_damage_rate	0.00042087542087542086	0.0	0.0012626262626262627	2000	2000	paired test samples conditional on one fixed source checkpoint
Qwen3-8B/tulu/seed42	boolq	atomic_benchmark	hns_f4_s1 minus scalar_e	recovery_rate	0.04347826086956519	-0.0682214587737844	0.16288759689922425	2000	2000	paired test samples conditional on one fixed source checkpoint
Qwen3-8B/tulu/seed42	boolq	atomic_benchmark	hns_f4_s1 minus scalar_e	retention_rate	-0.0535714285714286	-0.15097415914684165	0.03848039215686267	2000	2000	paired test samples conditional on one fixed source checkpoint
Qwen3-8B/tulu/seed42	boolq	atomic_benchmark	hns_f4_s1 minus scalar_e	new_success_rate	0.0009174311926605505	0.0	0.0021406727828746177	2000	2000	paired test samples conditional on one fixed source checkpoint
Qwen3-8B/tulu/seed42	boolq	atomic_benchmark	hns_f4_s1 minus scalar_e	new_damage_rate	0.0012232415902140674	-0.0006116207951070334	0.003058103975535168	2000	2000	paired test samples conditional on one fixed source checkpoint
Qwen3-8B/tulu/seed42	boolq	atomic_benchmark	hns_f4_s1 minus flat_e	recovery_rate	0.021739130434782594	-0.0512931034482759	0.10204081632653061	2000	2000	paired test samples conditional on one fixed source checkpoint
Qwen3-8B/tulu/seed42	boolq	atomic_benchmark	hns_f4_s1 minus flat_e	retention_rate	-0.0357142857142857	-0.09375	0.0	2000	2000	paired test samples conditional on one fixed source checkpoint
Qwen3-8B/tulu/seed42	boolq	atomic_benchmark	hns_f4_s1 minus flat_e	new_success_rate	0.0	0.0	0.0	2000	2000	paired test samples conditional on one fixed source checkpoint
Qwen3-8B/tulu/seed42	boolq	atomic_benchmark	hns_f4_s1 minus flat_e	new_damage_rate	0.0003058103975535171	0.0	0.0009174311926605505	2000	2000	paired test samples conditional on one fixed source checkpoint
Qwen3-8B/tulu/seed42	boolq	atomic_benchmark	scalar_e minus flat_e	recovery_rate	-0.021739130434782594	-0.16674528301886787	0.11768207282913148	2000	2000	paired test samples conditional on one fixed source checkpoint
Qwen3-8B/tulu/seed42	boolq	atomic_benchmark	scalar_e minus flat_e	retention_rate	0.017857142857142905	-0.061224489795918324	0.10204081632653056	2000	2000	paired test samples conditional on one fixed source checkpoint
Qwen3-8B/tulu/seed42	boolq	atomic_benchmark	scalar_e minus flat_e	new_success_rate	-0.0009174311926605505	-0.0021406727828746177	0.0	2000	2000	paired test samples conditional on one fixed source checkpoint
Qwen3-8B/tulu/seed42	boolq	atomic_benchmark	scalar_e minus flat_e	new_damage_rate	-0.0009174311926605503	-0.002446483180428135	0.0006116207951070338	2000	2000	paired test samples conditional on one fixed source checkpoint
Qwen3-8B/tulu/seed42	hellaswag	atomic_benchmark	hns_f4_s1 minus scalar_e	recovery_rate	-0.003086419753086378	-0.03963667016637052	0.03333612040133782	2000	2000	paired test samples conditional on one fixed source checkpoint
Qwen3-8B/tulu/seed42	hellaswag	atomic_benchmark	hns_f4_s1 minus scalar_e	retention_rate	0.013513513513513487	-0.019553713463265666	0.04728138528138521	2000	2000	paired test samples conditional on one fixed source checkpoint
Qwen3-8B/tulu/seed42	hellaswag	atomic_benchmark	hns_f4_s1 minus scalar_e	new_success_rate	0.000597490539733121	-0.0002987452698665601	0.0015933081059549886	2000	2000	paired test samples conditional on one fixed source checkpoint
Qwen3-8B/tulu/seed42	hellaswag	atomic_benchmark	hns_f4_s1 minus scalar_e	new_damage_rate	0.0007966540529774947	9.958175662218684e-05	0.001593308105954989	2000	2000	paired test samples conditional on one fixed source checkpoint
Qwen3-8B/tulu/seed42	hellaswag	atomic_benchmark	hns_f4_s1 minus flat_e	recovery_rate	-0.003086419753086378	-0.022509853749611033	0.017066307447753542	2000	2000	paired test samples conditional on one fixed source checkpoint
Qwen3-8B/tulu/seed42	hellaswag	atomic_benchmark	hns_f4_s1 minus flat_e	retention_rate	0.0	-0.016342556759545972	0.016026929260450098	2000	2000	paired test samples conditional on one fixed source checkpoint
Qwen3-8B/tulu/seed42	hellaswag	atomic_benchmark	hns_f4_s1 minus flat_e	new_success_rate	0.00019916351324437368	-0.0002987452698665601	0.0006970722963553075	2000	2000	paired test samples conditional on one fixed source checkpoint
Qwen3-8B/tulu/seed42	hellaswag	atomic_benchmark	hns_f4_s1 minus flat_e	new_damage_rate	0.0	-0.0004979087831109338	0.0004979087831109342	2000	2000	paired test samples conditional on one fixed source checkpoint
Qwen3-8B/tulu/seed42	hellaswag	atomic_benchmark	scalar_e minus flat_e	recovery_rate	0.0	-0.03593157946402273	0.035826274035229214	2000	2000	paired test samples conditional on one fixed source checkpoint
Qwen3-8B/tulu/seed42	hellaswag	atomic_benchmark	scalar_e minus flat_e	retention_rate	-0.013513513513513487	-0.049658173814446704	0.022317244469200578	2000	2000	paired test samples conditional on one fixed source checkpoint
Qwen3-8B/tulu/seed42	hellaswag	atomic_benchmark	scalar_e minus flat_e	new_success_rate	-0.00039832702648874736	-0.0013941445927106153	0.0004979087831109338	2000	2000	paired test samples conditional on one fixed source checkpoint
Qwen3-8B/tulu/seed42	hellaswag	atomic_benchmark	scalar_e minus flat_e	new_damage_rate	-0.0007966540529774947	-0.0016928898625771759	0.0	2000	2000	paired test samples conditional on one fixed source checkpoint
Qwen3-8B/tulu/seed42	magicoder	atomic_benchmark	hns_f4_s1 minus scalar_e	recovery_rate	0.18181818181818188	0.0	0.43767361111111014	2000	2000	paired test samples conditional on one fixed source checkpoint
Qwen3-8B/tulu/seed42	magicoder	atomic_benchmark	hns_f4_s1 minus scalar_e	retention_rate	0.07317073170731703	-0.024390243902439046	0.18425642594859223	2000	2000	paired test samples conditional on one fixed source checkpoint
Qwen3-8B/tulu/seed42	magicoder	atomic_benchmark	hns_f4_s1 minus scalar_e	new_success_rate	0.0	-0.018292682926829267	0.01829268292682927	2000	2000	paired test samples conditional on one fixed source checkpoint
Qwen3-8B/tulu/seed42	magicoder	atomic_benchmark	hns_f4_s1 minus scalar_e	new_damage_rate	-0.006097560975609755	-0.02439024390243903	0.012195121951219516	2000	2000	paired test samples conditional on one fixed source checkpoint
Qwen3-8B/tulu/seed42	magicoder	atomic_benchmark	hns_f4_s1 minus flat_e	recovery_rate	0.09090909090909094	0.0	0.33333333333333326	2000	2000	paired test samples conditional on one fixed source checkpoint
Qwen3-8B/tulu/seed42	magicoder	atomic_benchmark	hns_f4_s1 minus flat_e	retention_rate	0.04878048780487809	0.0	0.125	2000	2000	paired test samples conditional on one fixed source checkpoint
Qwen3-8B/tulu/seed42	magicoder	atomic_benchmark	hns_f4_s1 minus flat_e	new_success_rate	0.0	0.0	0.0	2000	2000	paired test samples conditional on one fixed source checkpoint
Qwen3-8B/tulu/seed42	magicoder	atomic_benchmark	hns_f4_s1 minus flat_e	new_damage_rate	0.01829268292682927	0.0	0.042682926829268296	2000	2000	paired test samples conditional on one fixed source checkpoint
Qwen3-8B/tulu/seed42	magicoder	atomic_benchmark	scalar_e minus flat_e	recovery_rate	-0.09090909090909094	-0.28571428571428575	0.0	2000	2000	paired test samples conditional on one fixed source checkpoint
Qwen3-8B/tulu/seed42	magicoder	atomic_benchmark	scalar_e minus flat_e	retention_rate	-0.024390243902438935	-0.13043478260869557	0.07504807692307662	2000	2000	paired test samples conditional on one fixed source checkpoint
Qwen3-8B/tulu/seed42	magicoder	atomic_benchmark	scalar_e minus flat_e	new_success_rate	0.0	-0.01829268292682927	0.018292682926829267	2000	2000	paired test samples conditional on one fixed source checkpoint
Qwen3-8B/tulu/seed42	magicoder	atomic_benchmark	scalar_e minus flat_e	new_damage_rate	0.024390243902439025	0.006097560975609756	0.04878048780487805	2000	2000	paired test samples conditional on one fixed source checkpoint
Qwen3-8B/tulu/seed42	metamath	atomic_benchmark	hns_f4_s1 minus scalar_e	recovery_rate	-0.051282051282051266	-0.18604651162790697	0.07499999999999996	2000	2000	paired test samples conditional on one fixed source checkpoint
Qwen3-8B/tulu/seed42	metamath	atomic_benchmark	hns_f4_s1 minus scalar_e	retention_rate	-0.024390243902439046	-0.09999999999999998	0.04819277108433728	2000	2000	paired test samples conditional on one fixed source checkpoint
Qwen3-8B/tulu/seed42	metamath	atomic_benchmark	hns_f4_s1 minus scalar_e	new_success_rate	0.0037907505686125857	-0.0007581501137225166	0.009097801364670205	2000	2000	paired test samples conditional on one fixed source checkpoint
Qwen3-8B/tulu/seed42	metamath	atomic_benchmark	hns_f4_s1 minus scalar_e	new_damage_rate	0.0	-0.006823351023502653	0.006065200909780138	2000	2000	paired test samples conditional on one fixed source checkpoint
Qwen3-8B/tulu/seed42	metamath	atomic_benchmark	hns_f4_s1 minus flat_e	recovery_rate	0.0	-0.10529115341545352	0.10346623563218385	2000	2000	paired test samples conditional on one fixed source checkpoint
Qwen3-8B/tulu/seed42	metamath	atomic_benchmark	hns_f4_s1 minus flat_e	retention_rate	-0.024390243902439046	-0.0864467592592593	0.03409090909090906	2000	2000	paired test samples conditional on one fixed source checkpoint
Qwen3-8B/tulu/seed42	metamath	atomic_benchmark	hns_f4_s1 minus flat_e	new_success_rate	0.001516300227445035	-0.001516300227445035	0.00530705079605762	2000	2000	paired test samples conditional on one fixed source checkpoint
Qwen3-8B/tulu/seed42	metamath	atomic_benchmark	hns_f4_s1 minus flat_e	new_damage_rate	-0.0015163002274450332	-0.006823351023502653	0.003790750568612583	2000	2000	paired test samples conditional on one fixed source checkpoint
Qwen3-8B/tulu/seed42	metamath	atomic_benchmark	scalar_e minus flat_e	recovery_rate	0.051282051282051266	-0.06976744186046507	0.17650326797385607	2000	2000	paired test samples conditional on one fixed source checkpoint
Qwen3-8B/tulu/seed42	metamath	atomic_benchmark	scalar_e minus flat_e	retention_rate	0.0	-0.05940888731730321	0.05797101449275355	2000	2000	paired test samples conditional on one fixed source checkpoint
Qwen3-8B/tulu/seed42	metamath	atomic_benchmark	scalar_e minus flat_e	new_success_rate	-0.0022744503411675507	-0.006823351023502654	0.001516300227445035	2000	2000	paired test samples conditional on one fixed source checkpoint
Qwen3-8B/tulu/seed42	metamath	atomic_benchmark	scalar_e minus flat_e	new_damage_rate	-0.0015163002274450332	-0.009097801364670205	0.00530705079605762	2000	2000	paired test samples conditional on one fixed source checkpoint
Qwen3-8B/tulu/seed42	openbookqa	atomic_benchmark	hns_f4_s1 minus scalar_e	recovery_rate	0.0	0.0	0.0	1999	2000	paired test samples conditional on one fixed source checkpoint
Qwen3-8B/tulu/seed42	openbookqa	atomic_benchmark	hns_f4_s1 minus scalar_e	retention_rate	-0.07407407407407407	-0.19047619047619047	0.0	2000	2000	paired test samples conditional on one fixed source checkpoint
Qwen3-8B/tulu/seed42	openbookqa	atomic_benchmark	hns_f4_s1 minus scalar_e	new_success_rate	0.0	0.0	0.0	2000	2000	paired test samples conditional on one fixed source checkpoint
Qwen3-8B/tulu/seed42	openbookqa	atomic_benchmark	hns_f4_s1 minus scalar_e	new_damage_rate	0.0	0.0	0.0	2000	2000	paired test samples conditional on one fixed source checkpoint
Qwen3-8B/tulu/seed42	openbookqa	atomic_benchmark	hns_f4_s1 minus flat_e	recovery_rate	0.0	0.0	0.0	1999	2000	paired test samples conditional on one fixed source checkpoint
Qwen3-8B/tulu/seed42	openbookqa	atomic_benchmark	hns_f4_s1 minus flat_e	retention_rate	0.0	0.0	0.0	2000	2000	paired test samples conditional on one fixed source checkpoint
Qwen3-8B/tulu/seed42	openbookqa	atomic_benchmark	hns_f4_s1 minus flat_e	new_success_rate	0.0	0.0	0.0	2000	2000	paired test samples conditional on one fixed source checkpoint
Qwen3-8B/tulu/seed42	openbookqa	atomic_benchmark	hns_f4_s1 minus flat_e	new_damage_rate	0.0	0.0	0.0	2000	2000	paired test samples conditional on one fixed source checkpoint
Qwen3-8B/tulu/seed42	openbookqa	atomic_benchmark	scalar_e minus flat_e	recovery_rate	0.0	0.0	0.0	1999	2000	paired test samples conditional on one fixed source checkpoint
Qwen3-8B/tulu/seed42	openbookqa	atomic_benchmark	scalar_e minus flat_e	retention_rate	0.07407407407407407	0.0	0.19047619047619047	2000	2000	paired test samples conditional on one fixed source checkpoint
Qwen3-8B/tulu/seed42	openbookqa	atomic_benchmark	scalar_e minus flat_e	new_success_rate	0.0	0.0	0.0	2000	2000	paired test samples conditional on one fixed source checkpoint
Qwen3-8B/tulu/seed42	openbookqa	atomic_benchmark	scalar_e minus flat_e	new_damage_rate	0.0	0.0	0.0	2000	2000	paired test samples conditional on one fixed source checkpoint
Qwen3-8B/tulu/seed42	piqa	atomic_benchmark	hns_f4_s1 minus scalar_e	recovery_rate	0.05434782608695654	0.0	0.11904761904761901	2000	2000	paired test samples conditional on one fixed source checkpoint
Qwen3-8B/tulu/seed42	piqa	atomic_benchmark	hns_f4_s1 minus scalar_e	retention_rate	-0.04166666666666674	-0.11596014492753619	0.027787558685445968	2000	2000	paired test samples conditional on one fixed source checkpoint
Qwen3-8B/tulu/seed42	piqa	atomic_benchmark	hns_f4_s1 minus scalar_e	new_success_rate	0.001632208922742111	0.0	0.0038084874863982586	2000	2000	paired test samples conditional on one fixed source checkpoint
Qwen3-8B/tulu/seed42	piqa	atomic_benchmark	hns_f4_s1 minus scalar_e	new_damage_rate	0.001632208922742111	-0.000544069640914037	0.004352557127312296	2000	2000	paired test samples conditional on one fixed source checkpoint
Qwen3-8B/tulu/seed42	piqa	atomic_benchmark	hns_f4_s1 minus flat_e	recovery_rate	-0.010869565217391297	-0.03449278267842824	0.0	2000	2000	paired test samples conditional on one fixed source checkpoint
Qwen3-8B/tulu/seed42	piqa	atomic_benchmark	hns_f4_s1 minus flat_e	retention_rate	-0.01388888888888895	-0.04879048380647745	0.0	2000	2000	paired test samples conditional on one fixed source checkpoint
Qwen3-8B/tulu/seed42	piqa	atomic_benchmark	hns_f4_s1 minus flat_e	new_success_rate	0.000544069640914037	0.0	0.001632208922742111	2000	2000	paired test samples conditional on one fixed source checkpoint
Qwen3-8B/tulu/seed42	piqa	atomic_benchmark	hns_f4_s1 minus flat_e	new_damage_rate	-0.000544069640914037	-0.001632208922742111	0.0	2000	2000	paired test samples conditional on one fixed source checkpoint
Qwen3-8B/tulu/seed42	piqa	atomic_benchmark	scalar_e minus flat_e	recovery_rate	-0.06521739130434784	-0.12151349948078916	-0.019408229311141976	2000	2000	paired test samples conditional on one fixed source checkpoint
Qwen3-8B/tulu/seed42	piqa	atomic_benchmark	scalar_e minus flat_e	retention_rate	0.02777777777777779	-0.03948684210526317	0.09375	2000	2000	paired test samples conditional on one fixed source checkpoint
Qwen3-8B/tulu/seed42	piqa	atomic_benchmark	scalar_e minus flat_e	new_success_rate	-0.001088139281828074	-0.003264417845484222	0.001088139281828074	2000	2000	paired test samples conditional on one fixed source checkpoint
Qwen3-8B/tulu/seed42	piqa	atomic_benchmark	scalar_e minus flat_e	new_damage_rate	-0.002176278563656148	-0.004896626768226333	0.000544069640914037	2000	2000	paired test samples conditional on one fixed source checkpoint
Qwen3-8B/tulu/seed42	siqa	atomic_benchmark	hns_f4_s1 minus scalar_e	recovery_rate	0.030303030303030276	-0.05264912280701759	0.11666666666666664	2000	2000	paired test samples conditional on one fixed source checkpoint
Qwen3-8B/tulu/seed42	siqa	atomic_benchmark	hns_f4_s1 minus scalar_e	retention_rate	-0.08695652173913043	-0.15853658536585363	-0.0116245656241647	2000	2000	paired test samples conditional on one fixed source checkpoint
Qwen3-8B/tulu/seed42	siqa	atomic_benchmark	hns_f4_s1 minus scalar_e	new_success_rate	0.0030706243602865915	0.0010235414534288637	0.005629477993858751	2000	2000	paired test samples conditional on one fixed source checkpoint
Qwen3-8B/tulu/seed42	siqa	atomic_benchmark	hns_f4_s1 minus scalar_e	new_damage_rate	0.003582395087001023	0.0015353121801432957	0.0066530194472876145	2000	2000	paired test samples conditional on one fixed source checkpoint
Qwen3-8B/tulu/seed42	siqa	atomic_benchmark	hns_f4_s1 minus flat_e	recovery_rate	0.015151515151515138	-0.032786885245901676	0.07142857142857145	2000	2000	paired test samples conditional on one fixed source checkpoint
Qwen3-8B/tulu/seed42	siqa	atomic_benchmark	hns_f4_s1 minus flat_e	retention_rate	0.0	-0.03125	0.031578947368421095	2000	2000	paired test samples conditional on one fixed source checkpoint
Qwen3-8B/tulu/seed42	siqa	atomic_benchmark	hns_f4_s1 minus flat_e	new_success_rate	0.000511770726714432	-0.001023541453428864	0.0025588536335721594	2000	2000	paired test samples conditional on one fixed source checkpoint
Qwen3-8B/tulu/seed42	siqa	atomic_benchmark	hns_f4_s1 minus flat_e	new_damage_rate	0.0010235414534288637	-0.0010235414534288637	0.0030706243602865915	2000	2000	paired test samples conditional on one fixed source checkpoint
Qwen3-8B/tulu/seed42	siqa	atomic_benchmark	scalar_e minus flat_e	recovery_rate	-0.015151515151515138	-0.09678539426523305	0.06123233908948197	2000	2000	paired test samples conditional on one fixed source checkpoint
Qwen3-8B/tulu/seed42	siqa	atomic_benchmark	scalar_e minus flat_e	retention_rate	0.08695652173913043	0.013500351000350975	0.16092880978865404	2000	2000	paired test samples conditional on one fixed source checkpoint
Qwen3-8B/tulu/seed42	siqa	atomic_benchmark	scalar_e minus flat_e	new_success_rate	-0.00255885363357216	-0.005117707267144319	-0.0005117707267144319	2000	2000	paired test samples conditional on one fixed source checkpoint
Qwen3-8B/tulu/seed42	siqa	atomic_benchmark	scalar_e minus flat_e	new_damage_rate	-0.00255885363357216	-0.00511770726714432	-0.0005117707267144319	2000	2000	paired test samples conditional on one fixed source checkpoint
Qwen3-8B/tulu/seed42	tulu	atomic_benchmark	hns_f4_s1 minus scalar_e	recovery_rate	-0.15555555555555556	-0.28205128205128205	-0.02702702702702708	2000	2000	paired test samples conditional on one fixed source checkpoint
Qwen3-8B/tulu/seed42	tulu	atomic_benchmark	hns_f4_s1 minus scalar_e	retention_rate	-0.11428571428571432	-0.2777777777777777	0.041688829787233886	2000	2000	paired test samples conditional on one fixed source checkpoint
Qwen3-8B/tulu/seed42	tulu	atomic_benchmark	hns_f4_s1 minus scalar_e	new_success_rate	0.0	-0.011090573012939003	0.011090573012939002	2000	2000	paired test samples conditional on one fixed source checkpoint
Qwen3-8B/tulu/seed42	tulu	atomic_benchmark	hns_f4_s1 minus scalar_e	new_damage_rate	0.0018484288354898327	-0.009242144177449167	0.012939001848428836	2000	2000	paired test samples conditional on one fixed source checkpoint
Qwen3-8B/tulu/seed42	tulu	atomic_benchmark	hns_f4_s1 minus flat_e	recovery_rate	-0.022222222222222254	-0.14893617021276595	0.10869565217391308	2000	2000	paired test samples conditional on one fixed source checkpoint
Qwen3-8B/tulu/seed42	tulu	atomic_benchmark	hns_f4_s1 minus flat_e	retention_rate	-0.05714285714285716	-0.2286263736263737	0.11111111111111105	2000	2000	paired test samples conditional on one fixed source checkpoint
Qwen3-8B/tulu/seed42	tulu	atomic_benchmark	hns_f4_s1 minus flat_e	new_success_rate	0.0018484288354898362	-0.009242144177449167	0.012939001848428836	2000	2000	paired test samples conditional on one fixed source checkpoint
Qwen3-8B/tulu/seed42	tulu	atomic_benchmark	hns_f4_s1 minus flat_e	new_damage_rate	-0.012939001848428836	-0.0277264325323475	0.0	2000	2000	paired test samples conditional on one fixed source checkpoint
Qwen3-8B/tulu/seed42	tulu	atomic_benchmark	scalar_e minus flat_e	recovery_rate	0.1333333333333333	0.0	0.275	2000	2000	paired test samples conditional on one fixed source checkpoint
Qwen3-8B/tulu/seed42	tulu	atomic_benchmark	scalar_e minus flat_e	retention_rate	0.05714285714285716	-0.0869884910485934	0.2058823529411764	2000	2000	paired test samples conditional on one fixed source checkpoint
Qwen3-8B/tulu/seed42	tulu	atomic_benchmark	scalar_e minus flat_e	new_success_rate	0.0018484288354898362	-0.011090573012939	0.014787430683918669	2000	2000	paired test samples conditional on one fixed source checkpoint
Qwen3-8B/tulu/seed42	tulu	atomic_benchmark	scalar_e minus flat_e	new_damage_rate	-0.014787430683918669	-0.03142329020332717	-0.0018022181146028391	2000	2000	paired test samples conditional on one fixed source checkpoint
Qwen3-8B/tulu/seed42	winogrande	atomic_benchmark	hns_f4_s1 minus scalar_e	recovery_rate	0.05454545454545451	-0.008403361344537787	0.11827956989247307	2000	2000	paired test samples conditional on one fixed source checkpoint
Qwen3-8B/tulu/seed42	winogrande	atomic_benchmark	hns_f4_s1 minus scalar_e	retention_rate	-0.039473684210526216	-0.07843487394957989	-0.006577872377020955	2000	2000	paired test samples conditional on one fixed source checkpoint
Qwen3-8B/tulu/seed42	winogrande	atomic_benchmark	hns_f4_s1 minus scalar_e	new_success_rate	0.0015785319652722968	-0.0015785319652722968	0.004735595895816891	2000	2000	paired test samples conditional on one fixed source checkpoint
Qwen3-8B/tulu/seed42	winogrande	atomic_benchmark	hns_f4_s1 minus scalar_e	new_damage_rate	-0.001578531965272297	-0.004735595895816891	0.0015785319652722968	2000	2000	paired test samples conditional on one fixed source checkpoint
Qwen3-8B/tulu/seed42	winogrande	atomic_benchmark	hns_f4_s1 minus flat_e	recovery_rate	0.009090909090909038	0.0	0.02970297029702973	2000	2000	paired test samples conditional on one fixed source checkpoint
Qwen3-8B/tulu/seed42	winogrande	atomic_benchmark	hns_f4_s1 minus flat_e	retention_rate	0.0	-0.019233870967741977	0.019736842105263164	2000	2000	paired test samples conditional on one fixed source checkpoint
Qwen3-8B/tulu/seed42	winogrande	atomic_benchmark	hns_f4_s1 minus flat_e	new_success_rate	0.0015785319652722968	0.0	0.003946329913180742	2000	2000	paired test samples conditional on one fixed source checkpoint
Qwen3-8B/tulu/seed42	winogrande	atomic_benchmark	hns_f4_s1 minus flat_e	new_damage_rate	0.0007892659826361484	0.0	0.0023677979479084454	2000	2000	paired test samples conditional on one fixed source checkpoint
Qwen3-8B/tulu/seed42	winogrande	atomic_benchmark	scalar_e minus flat_e	recovery_rate	-0.04545454545454547	-0.10377358490566035	0.010204081632653019	2000	2000	paired test samples conditional on one fixed source checkpoint
Qwen3-8B/tulu/seed42	winogrande	atomic_benchmark	scalar_e minus flat_e	retention_rate	0.039473684210526216	0.006710290827740481	0.0769345238095237	2000	2000	paired test samples conditional on one fixed source checkpoint
Qwen3-8B/tulu/seed42	winogrande	atomic_benchmark	scalar_e minus flat_e	new_success_rate	0.0	-0.0023677979479084454	0.002367797947908445	2000	2000	paired test samples conditional on one fixed source checkpoint
Qwen3-8B/tulu/seed42	winogrande	atomic_benchmark	scalar_e minus flat_e	new_damage_rate	0.0023677979479084454	0.0	0.0055248618784530384	2000	2000	paired test samples conditional on one fixed source checkpoint
Qwen3-8B/tulu/seed43	arc_challenge	atomic_benchmark	hns_f4_s1 minus scalar_e	recovery_rate	0.0625	-0.14285714285714285	0.28571428571428575	2000	2000	paired test samples conditional on one fixed source checkpoint
Qwen3-8B/tulu/seed43	arc_challenge	atomic_benchmark	hns_f4_s1 minus scalar_e	retention_rate	0.0	0.0	0.0	2000	2000	paired test samples conditional on one fixed source checkpoint
Qwen3-8B/tulu/seed43	arc_challenge	atomic_benchmark	hns_f4_s1 minus scalar_e	new_success_rate	0.002559726962457338	-0.0008532423208191127	0.005972696245733789	2000	2000	paired test samples conditional on one fixed source checkpoint
Qwen3-8B/tulu/seed43	arc_challenge	atomic_benchmark	hns_f4_s1 minus scalar_e	new_damage_rate	0.0008532423208191126	0.0	0.002559726962457338	2000	2000	paired test samples conditional on one fixed source checkpoint
Qwen3-8B/tulu/seed43	arc_challenge	atomic_benchmark	hns_f4_s1 minus flat_e	recovery_rate	0.0	0.0	0.0	2000	2000	paired test samples conditional on one fixed source checkpoint
Qwen3-8B/tulu/seed43	arc_challenge	atomic_benchmark	hns_f4_s1 minus flat_e	retention_rate	0.0	0.0	0.0	2000	2000	paired test samples conditional on one fixed source checkpoint
Qwen3-8B/tulu/seed43	arc_challenge	atomic_benchmark	hns_f4_s1 minus flat_e	new_success_rate	0.0	0.0	0.0	2000	2000	paired test samples conditional on one fixed source checkpoint
Qwen3-8B/tulu/seed43	arc_challenge	atomic_benchmark	hns_f4_s1 minus flat_e	new_damage_rate	0.0	0.0	0.0	2000	2000	paired test samples conditional on one fixed source checkpoint
Qwen3-8B/tulu/seed43	arc_challenge	atomic_benchmark	scalar_e minus flat_e	recovery_rate	-0.0625	-0.28571428571428575	0.14285714285714285	2000	2000	paired test samples conditional on one fixed source checkpoint
Qwen3-8B/tulu/seed43	arc_challenge	atomic_benchmark	scalar_e minus flat_e	retention_rate	0.0	0.0	0.0	2000	2000	paired test samples conditional on one fixed source checkpoint
Qwen3-8B/tulu/seed43	arc_challenge	atomic_benchmark	scalar_e minus flat_e	new_success_rate	-0.002559726962457338	-0.005972696245733789	0.0008532423208191127	2000	2000	paired test samples conditional on one fixed source checkpoint
Qwen3-8B/tulu/seed43	arc_challenge	atomic_benchmark	scalar_e minus flat_e	new_damage_rate	-0.0008532423208191126	-0.002559726962457338	0.0	2000	2000	paired test samples conditional on one fixed source checkpoint
Qwen3-8B/tulu/seed43	arc_easy	atomic_benchmark	hns_f4_s1 minus scalar_e	recovery_rate	-0.1111111111111111	-0.375	0.0	2000	2000	paired test samples conditional on one fixed source checkpoint
Qwen3-8B/tulu/seed43	arc_easy	atomic_benchmark	hns_f4_s1 minus scalar_e	retention_rate	0.015873015873015817	0.0	0.05660377358490565	2000	2000	paired test samples conditional on one fixed source checkpoint
Qwen3-8B/tulu/seed43	arc_easy	atomic_benchmark	hns_f4_s1 minus scalar_e	new_success_rate	0.0008417508417508416	-0.0008417508417508416	0.002525252525252525	2000	2000	paired test samples conditional on one fixed source checkpoint
Qwen3-8B/tulu/seed43	arc_easy	atomic_benchmark	hns_f4_s1 minus scalar_e	new_damage_rate	0.0	-0.0012626262626262625	0.0012626262626262627	2000	2000	paired test samples conditional on one fixed source checkpoint
Qwen3-8B/tulu/seed43	arc_easy	atomic_benchmark	hns_f4_s1 minus flat_e	recovery_rate	0.0	0.0	0.0	2000	2000	paired test samples conditional on one fixed source checkpoint
Qwen3-8B/tulu/seed43	arc_easy	atomic_benchmark	hns_f4_s1 minus flat_e	retention_rate	0.015873015873015817	0.0	0.05555555555555558	2000	2000	paired test samples conditional on one fixed source checkpoint
Qwen3-8B/tulu/seed43	arc_easy	atomic_benchmark	hns_f4_s1 minus flat_e	new_success_rate	-0.0008417508417508418	-0.0021043771043771043	0.0	2000	2000	paired test samples conditional on one fixed source checkpoint
Qwen3-8B/tulu/seed43	arc_easy	atomic_benchmark	hns_f4_s1 minus flat_e	new_damage_rate	0.0	0.0	0.0	2000	2000	paired test samples conditional on one fixed source checkpoint
Qwen3-8B/tulu/seed43	arc_easy	atomic_benchmark	scalar_e minus flat_e	recovery_rate	0.1111111111111111	0.0	0.375	2000	2000	paired test samples conditional on one fixed source checkpoint
Qwen3-8B/tulu/seed43	arc_easy	atomic_benchmark	scalar_e minus flat_e	retention_rate	0.0	-0.046520712209302297	0.04761904761904756	2000	2000	paired test samples conditional on one fixed source checkpoint
Qwen3-8B/tulu/seed43	arc_easy	atomic_benchmark	scalar_e minus flat_e	new_success_rate	-0.0016835016835016834	-0.003787878787878788	0.0	2000	2000	paired test samples conditional on one fixed source checkpoint
Qwen3-8B/tulu/seed43	arc_easy	atomic_benchmark	scalar_e minus flat_e	new_damage_rate	0.0	-0.0012626262626262627	0.0012626262626262625	2000	2000	paired test samples conditional on one fixed source checkpoint
Qwen3-8B/tulu/seed43	boolq	atomic_benchmark	hns_f4_s1 minus scalar_e	recovery_rate	0.14999999999999997	0.051713085764809895	0.2539749798224374	2000	2000	paired test samples conditional on one fixed source checkpoint
Qwen3-8B/tulu/seed43	boolq	atomic_benchmark	hns_f4_s1 minus scalar_e	retention_rate	-0.051724137931034475	-0.14068080357142856	0.03449788263762854	2000	2000	paired test samples conditional on one fixed source checkpoint
Qwen3-8B/tulu/seed43	boolq	atomic_benchmark	hns_f4_s1 minus scalar_e	new_success_rate	-0.0003058103975535169	-0.0018348623853211008	0.0009174311926605505	2000	2000	paired test samples conditional on one fixed source checkpoint
Qwen3-8B/tulu/seed43	boolq	atomic_benchmark	hns_f4_s1 minus scalar_e	new_damage_rate	0.0012232415902140674	-0.0006116207951070334	0.0030581039755351682	2000	2000	paired test samples conditional on one fixed source checkpoint
Qwen3-8B/tulu/seed43	boolq	atomic_benchmark	hns_f4_s1 minus flat_e	recovery_rate	0.04999999999999999	0.0	0.109375	2000	2000	paired test samples conditional on one fixed source checkpoint
Qwen3-8B/tulu/seed43	boolq	atomic_benchmark	hns_f4_s1 minus flat_e	retention_rate	-0.03448275862068961	-0.08928571428571425	0.0	2000	2000	paired test samples conditional on one fixed source checkpoint
Qwen3-8B/tulu/seed43	boolq	atomic_benchmark	hns_f4_s1 minus flat_e	new_success_rate	0.0	-0.0009174311926605505	0.0009174311926605505	2000	2000	paired test samples conditional on one fixed source checkpoint
Qwen3-8B/tulu/seed43	boolq	atomic_benchmark	hns_f4_s1 minus flat_e	new_damage_rate	0.0	-0.0009174311926605505	0.0009174311926605505	2000	2000	paired test samples conditional on one fixed source checkpoint
Qwen3-8B/tulu/seed43	boolq	atomic_benchmark	scalar_e minus flat_e	recovery_rate	-0.09999999999999998	-0.21666666666666662	0.013926282051281854	2000	2000	paired test samples conditional on one fixed source checkpoint
Qwen3-8B/tulu/seed43	boolq	atomic_benchmark	scalar_e minus flat_e	retention_rate	0.017241379310344862	-0.06779661016949146	0.10640197568389047	2000	2000	paired test samples conditional on one fixed source checkpoint
Qwen3-8B/tulu/seed43	boolq	atomic_benchmark	scalar_e minus flat_e	new_success_rate	0.0003058103975535169	-0.0006116207951070338	0.001529051987767584	2000	2000	paired test samples conditional on one fixed source checkpoint
Qwen3-8B/tulu/seed43	boolq	atomic_benchmark	scalar_e minus flat_e	new_damage_rate	-0.0012232415902140674	-0.0030581039755351687	0.0003058103975535171	2000	2000	paired test samples conditional on one fixed source checkpoint
Qwen3-8B/tulu/seed43	hellaswag	atomic_benchmark	hns_f4_s1 minus scalar_e	recovery_rate	0.009868421052631582	-0.027586735773217685	0.04605643130102485	2000	2000	paired test samples conditional on one fixed source checkpoint
Qwen3-8B/tulu/seed43	hellaswag	atomic_benchmark	hns_f4_s1 minus scalar_e	retention_rate	-0.0066006600660065695	-0.04697986577181201	0.03246753246753242	2000	2000	paired test samples conditional on one fixed source checkpoint
Qwen3-8B/tulu/seed43	hellaswag	atomic_benchmark	hns_f4_s1 minus scalar_e	new_success_rate	0.0004979087831109342	-0.00039832702648874736	0.0013941445927106158	2000	2000	paired test samples conditional on one fixed source checkpoint
Qwen3-8B/tulu/seed43	hellaswag	atomic_benchmark	hns_f4_s1 minus scalar_e	new_damage_rate	0.0004979087831109342	-9.958175662218684e-05	0.0011949810794662417	2000	2000	paired test samples conditional on one fixed source checkpoint
Qwen3-8B/tulu/seed43	hellaswag	atomic_benchmark	hns_f4_s1 minus flat_e	recovery_rate	0.0164473684210526	-0.009232198142414893	0.0419447890818858	2000	2000	paired test samples conditional on one fixed source checkpoint
Qwen3-8B/tulu/seed43	hellaswag	atomic_benchmark	hns_f4_s1 minus flat_e	retention_rate	0.0033003300330033403	-0.01767417708372913	0.025317602274811977	2000	2000	paired test samples conditional on one fixed source checkpoint
Qwen3-8B/tulu/seed43	hellaswag	atomic_benchmark	hns_f4_s1 minus flat_e	new_success_rate	-0.0002987452698665605	-0.0008962358095996816	0.0002987452698665605	2000	2000	paired test samples conditional on one fixed source checkpoint
Qwen3-8B/tulu/seed43	hellaswag	atomic_benchmark	hns_f4_s1 minus flat_e	new_damage_rate	-9.958175662218684e-05	-0.000597490539733121	0.00039832702648874736	2000	2000	paired test samples conditional on one fixed source checkpoint
Qwen3-8B/tulu/seed43	hellaswag	atomic_benchmark	scalar_e minus flat_e	recovery_rate	0.006578947368421018	-0.030722001337039527	0.04577243941054672	2000	2000	paired test samples conditional on one fixed source checkpoint
Qwen3-8B/tulu/seed43	hellaswag	atomic_benchmark	scalar_e minus flat_e	retention_rate	0.00990099009900991	-0.027694444444444435	0.04912280701754379	2000	2000	paired test samples conditional on one fixed source checkpoint
Qwen3-8B/tulu/seed43	hellaswag	atomic_benchmark	scalar_e minus flat_e	new_success_rate	-0.0007966540529774947	-0.0017924716191993627	0.00019916351324437368	2000	2000	paired test samples conditional on one fixed source checkpoint
Qwen3-8B/tulu/seed43	hellaswag	atomic_benchmark	scalar_e minus flat_e	new_damage_rate	-0.000597490539733121	-0.0012945628360884285	9.958175662218684e-05	2000	2000	paired test samples conditional on one fixed source checkpoint
Qwen3-8B/tulu/seed43	magicoder	atomic_benchmark	hns_f4_s1 minus scalar_e	recovery_rate	0.0	0.0	0.0	2000	2000	paired test samples conditional on one fixed source checkpoint
Qwen3-8B/tulu/seed43	magicoder	atomic_benchmark	hns_f4_s1 minus scalar_e	retention_rate	-0.08108108108108103	-0.18604651162790697	0.0	2000	2000	paired test samples conditional on one fixed source checkpoint
Qwen3-8B/tulu/seed43	magicoder	atomic_benchmark	hns_f4_s1 minus scalar_e	new_success_rate	0.0	0.0	0.0	2000	2000	paired test samples conditional on one fixed source checkpoint
Qwen3-8B/tulu/seed43	magicoder	atomic_benchmark	hns_f4_s1 minus scalar_e	new_damage_rate	0.006097560975609756	-0.012195121951219513	0.03048780487804878	2000	2000	paired test samples conditional on one fixed source checkpoint
Qwen3-8B/tulu/seed43	magicoder	atomic_benchmark	hns_f4_s1 minus flat_e	recovery_rate	0.0	0.0	0.0	2000	2000	paired test samples conditional on one fixed source checkpoint
Qwen3-8B/tulu/seed43	magicoder	atomic_benchmark	hns_f4_s1 minus flat_e	retention_rate	0.0	-0.07407407407407407	0.07692307692307698	2000	2000	paired test samples conditional on one fixed source checkpoint
Qwen3-8B/tulu/seed43	magicoder	atomic_benchmark	hns_f4_s1 minus flat_e	new_success_rate	0.0	0.0	0.0	2000	2000	paired test samples conditional on one fixed source checkpoint
Qwen3-8B/tulu/seed43	magicoder	atomic_benchmark	hns_f4_s1 minus flat_e	new_damage_rate	0.0	-0.018292682926829267	0.018292682926829267	2000	2000	paired test samples conditional on one fixed source checkpoint
Qwen3-8B/tulu/seed43	magicoder	atomic_benchmark	scalar_e minus flat_e	recovery_rate	0.0	0.0	0.0	2000	2000	paired test samples conditional on one fixed source checkpoint
Qwen3-8B/tulu/seed43	magicoder	atomic_benchmark	scalar_e minus flat_e	retention_rate	0.08108108108108103	-0.02704579579579585	0.2068965517241379	2000	2000	paired test samples conditional on one fixed source checkpoint
Qwen3-8B/tulu/seed43	magicoder	atomic_benchmark	scalar_e minus flat_e	new_success_rate	0.0	0.0	0.0	2000	2000	paired test samples conditional on one fixed source checkpoint
Qwen3-8B/tulu/seed43	magicoder	atomic_benchmark	scalar_e minus flat_e	new_damage_rate	-0.006097560975609756	-0.01829268292682927	0.0	2000	2000	paired test samples conditional on one fixed source checkpoint
Qwen3-8B/tulu/seed43	metamath	atomic_benchmark	hns_f4_s1 minus scalar_e	recovery_rate	0.12195121951219512	-0.00046296296296293593	0.2600217391304347	2000	2000	paired test samples conditional on one fixed source checkpoint
Qwen3-8B/tulu/seed43	metamath	atomic_benchmark	hns_f4_s1 minus scalar_e	retention_rate	0.011627906976744207	-0.06316122584943368	0.0957483241037599	2000	2000	paired test samples conditional on one fixed source checkpoint
Qwen3-8B/tulu/seed43	metamath	atomic_benchmark	hns_f4_s1 minus scalar_e	new_success_rate	0.003790750568612585	-0.0007581501137225166	0.008339651250947688	2000	2000	paired test samples conditional on one fixed source checkpoint
Qwen3-8B/tulu/seed43	metamath	atomic_benchmark	hns_f4_s1 minus scalar_e	new_damage_rate	0.0	-0.005307050796057619	0.00530705079605762	2000	2000	paired test samples conditional on one fixed source checkpoint
Qwen3-8B/tulu/seed43	metamath	atomic_benchmark	hns_f4_s1 minus flat_e	recovery_rate	0.024390243902439046	-0.057142857142857106	0.11119047619047578	2000	2000	paired test samples conditional on one fixed source checkpoint
Qwen3-8B/tulu/seed43	metamath	atomic_benchmark	hns_f4_s1 minus flat_e	retention_rate	0.0	-0.034100705329153685	0.0337078651685393	2000	2000	paired test samples conditional on one fixed source checkpoint
Qwen3-8B/tulu/seed43	metamath	atomic_benchmark	hns_f4_s1 minus flat_e	new_success_rate	0.003032600454890068	0.0007581501137225166	0.006065200909780137	2000	2000	paired test samples conditional on one fixed source checkpoint
Qwen3-8B/tulu/seed43	metamath	atomic_benchmark	hns_f4_s1 minus flat_e	new_damage_rate	0.0	-0.003790750568612585	0.003790750568612585	2000	2000	paired test samples conditional on one fixed source checkpoint
Qwen3-8B/tulu/seed43	metamath	atomic_benchmark	scalar_e minus flat_e	recovery_rate	-0.09756097560975607	-0.2308139534883721	0.03030303030303033	2000	2000	paired test samples conditional on one fixed source checkpoint
Qwen3-8B/tulu/seed43	metamath	atomic_benchmark	scalar_e minus flat_e	retention_rate	-0.011627906976744207	-0.09723069105691055	0.07294560185185166	2000	2000	paired test samples conditional on one fixed source checkpoint
Qwen3-8B/tulu/seed43	metamath	atomic_benchmark	scalar_e minus flat_e	new_success_rate	-0.0007581501137225166	-0.004548900682335103	0.003032600454890068	2000	2000	paired test samples conditional on one fixed source checkpoint
Qwen3-8B/tulu/seed43	metamath	atomic_benchmark	scalar_e minus flat_e	new_damage_rate	0.0	-0.006065200909780136	0.0060652009097801355	2000	2000	paired test samples conditional on one fixed source checkpoint
Qwen3-8B/tulu/seed43	openbookqa	atomic_benchmark	hns_f4_s1 minus scalar_e	recovery_rate	0.0	0.0	0.0	1992	2000	paired test samples conditional on one fixed source checkpoint
Qwen3-8B/tulu/seed43	openbookqa	atomic_benchmark	hns_f4_s1 minus scalar_e	retention_rate	-0.045454545454545414	-0.15000000000000002	0.0	2000	2000	paired test samples conditional on one fixed source checkpoint
Qwen3-8B/tulu/seed43	openbookqa	atomic_benchmark	hns_f4_s1 minus scalar_e	new_success_rate	0.002	0.0	0.006	2000	2000	paired test samples conditional on one fixed source checkpoint
Qwen3-8B/tulu/seed43	openbookqa	atomic_benchmark	hns_f4_s1 minus scalar_e	new_damage_rate	-0.002	-0.006	0.0	2000	2000	paired test samples conditional on one fixed source checkpoint
Qwen3-8B/tulu/seed43	openbookqa	atomic_benchmark	hns_f4_s1 minus flat_e	recovery_rate	0.0	0.0	0.0	1992	2000	paired test samples conditional on one fixed source checkpoint
Qwen3-8B/tulu/seed43	openbookqa	atomic_benchmark	hns_f4_s1 minus flat_e	retention_rate	-0.045454545454545414	-0.1578947368421052	0.0	2000	2000	paired test samples conditional on one fixed source checkpoint
Qwen3-8B/tulu/seed43	openbookqa	atomic_benchmark	hns_f4_s1 minus flat_e	new_success_rate	0.002	0.0	0.006	2000	2000	paired test samples conditional on one fixed source checkpoint
Qwen3-8B/tulu/seed43	openbookqa	atomic_benchmark	hns_f4_s1 minus flat_e	new_damage_rate	0.0	0.0	0.0	2000	2000	paired test samples conditional on one fixed source checkpoint
Qwen3-8B/tulu/seed43	openbookqa	atomic_benchmark	scalar_e minus flat_e	recovery_rate	0.0	0.0	0.0	1992	2000	paired test samples conditional on one fixed source checkpoint
Qwen3-8B/tulu/seed43	openbookqa	atomic_benchmark	scalar_e minus flat_e	retention_rate	0.0	-0.1333333333333333	0.12903225806451613	2000	2000	paired test samples conditional on one fixed source checkpoint
Qwen3-8B/tulu/seed43	openbookqa	atomic_benchmark	scalar_e minus flat_e	new_success_rate	0.0	0.0	0.0	2000	2000	paired test samples conditional on one fixed source checkpoint
Qwen3-8B/tulu/seed43	openbookqa	atomic_benchmark	scalar_e minus flat_e	new_damage_rate	0.002	0.0	0.006	2000	2000	paired test samples conditional on one fixed source checkpoint
Qwen3-8B/tulu/seed43	piqa	atomic_benchmark	hns_f4_s1 minus scalar_e	recovery_rate	-0.019230769230769273	-0.10449725058915946	0.0625	2000	2000	paired test samples conditional on one fixed source checkpoint
Qwen3-8B/tulu/seed43	piqa	atomic_benchmark	hns_f4_s1 minus scalar_e	retention_rate	0.020000000000000018	-0.04347826086956519	0.08825163398692792	2000	2000	paired test samples conditional on one fixed source checkpoint
Qwen3-8B/tulu/seed43	piqa	atomic_benchmark	hns_f4_s1 minus scalar_e	new_success_rate	0.001632208922742111	-0.000544069640914037	0.004352557127312296	2000	2000	paired test samples conditional on one fixed source checkpoint
Qwen3-8B/tulu/seed43	piqa	atomic_benchmark	hns_f4_s1 minus scalar_e	new_damage_rate	0.001632208922742111	0.0	0.003808487486398259	2000	2000	paired test samples conditional on one fixed source checkpoint
Qwen3-8B/tulu/seed43	piqa	atomic_benchmark	hns_f4_s1 minus flat_e	recovery_rate	0.019230769230769218	-0.04166666666666666	0.0862256371814092	2000	2000	paired test samples conditional on one fixed source checkpoint
Qwen3-8B/tulu/seed43	piqa	atomic_benchmark	hns_f4_s1 minus flat_e	retention_rate	0.020000000000000018	0.0	0.06780624036979968	2000	2000	paired test samples conditional on one fixed source checkpoint
Qwen3-8B/tulu/seed43	piqa	atomic_benchmark	hns_f4_s1 minus flat_e	new_success_rate	0.0	0.0	0.0	2000	2000	paired test samples conditional on one fixed source checkpoint
Qwen3-8B/tulu/seed43	piqa	atomic_benchmark	hns_f4_s1 minus flat_e	new_damage_rate	0.0	-0.0016322089227421106	0.001632208922742111	2000	2000	paired test samples conditional on one fixed source checkpoint
Qwen3-8B/tulu/seed43	piqa	atomic_benchmark	scalar_e minus flat_e	recovery_rate	0.03846153846153849	-0.06666666666666665	0.1454640151515151	2000	2000	paired test samples conditional on one fixed source checkpoint
Qwen3-8B/tulu/seed43	piqa	atomic_benchmark	scalar_e minus flat_e	retention_rate	0.0	-0.07692307692307687	0.07999999999999996	2000	2000	paired test samples conditional on one fixed source checkpoint
Qwen3-8B/tulu/seed43	piqa	atomic_benchmark	scalar_e minus flat_e	new_success_rate	-0.001632208922742111	-0.004352557127312296	0.000544069640914037	2000	2000	paired test samples conditional on one fixed source checkpoint
Qwen3-8B/tulu/seed43	piqa	atomic_benchmark	scalar_e minus flat_e	new_damage_rate	-0.001632208922742111	-0.003808487486398259	0.0	2000	2000	paired test samples conditional on one fixed source checkpoint
Qwen3-8B/tulu/seed43	siqa	atomic_benchmark	hns_f4_s1 minus scalar_e	recovery_rate	0.03076923076923077	-0.04918032786885246	0.10259740259740238	2000	2000	paired test samples conditional on one fixed source checkpoint
Qwen3-8B/tulu/seed43	siqa	atomic_benchmark	hns_f4_s1 minus scalar_e	retention_rate	0.0	-0.07352941176470584	0.07246376811594202	2000	2000	paired test samples conditional on one fixed source checkpoint
Qwen3-8B/tulu/seed43	siqa	atomic_benchmark	hns_f4_s1 minus scalar_e	new_success_rate	0.0015353121801432962	-0.000511770726714432	0.0040941658137154556	2000	2000	paired test samples conditional on one fixed source checkpoint
Qwen3-8B/tulu/seed43	siqa	atomic_benchmark	hns_f4_s1 minus scalar_e	new_damage_rate	0.001535312180143296	0.0	0.003582395087001023	2000	2000	paired test samples conditional on one fixed source checkpoint
Qwen3-8B/tulu/seed43	siqa	atomic_benchmark	hns_f4_s1 minus flat_e	recovery_rate	-0.015384615384615385	-0.05085832246849199	0.0	2000	2000	paired test samples conditional on one fixed source checkpoint
Qwen3-8B/tulu/seed43	siqa	atomic_benchmark	hns_f4_s1 minus flat_e	retention_rate	-0.013157894736842146	-0.04477611940298509	0.0	2000	2000	paired test samples conditional on one fixed source checkpoint
Qwen3-8B/tulu/seed43	siqa	atomic_benchmark	hns_f4_s1 minus flat_e	new_success_rate	-0.0005117707267144316	-0.002558853633572159	0.001023541453428864	2000	2000	paired test samples conditional on one fixed source checkpoint
Qwen3-8B/tulu/seed43	siqa	atomic_benchmark	hns_f4_s1 minus flat_e	new_damage_rate	-0.0010235414534288637	-0.00255885363357216	0.0	2000	2000	paired test samples conditional on one fixed source checkpoint
Qwen3-8B/tulu/seed43	siqa	atomic_benchmark	scalar_e minus flat_e	recovery_rate	-0.046153846153846156	-0.12280701754385964	0.034513546798029406	2000	2000	paired test samples conditional on one fixed source checkpoint
Qwen3-8B/tulu/seed43	siqa	atomic_benchmark	scalar_e minus flat_e	retention_rate	-0.013157894736842146	-0.0821917808219178	0.057975227502527815	2000	2000	paired test samples conditional on one fixed source checkpoint
Qwen3-8B/tulu/seed43	siqa	atomic_benchmark	scalar_e minus flat_e	new_success_rate	-0.0020470829068577278	-0.005117707267144319	0.0	2000	2000	paired test samples conditional on one fixed source checkpoint
Qwen3-8B/tulu/seed43	siqa	atomic_benchmark	scalar_e minus flat_e	new_damage_rate	-0.00255885363357216	-0.004618730808597748	-0.0005117707267144319	2000	2000	paired test samples conditional on one fixed source checkpoint
Qwen3-8B/tulu/seed43	tulu	atomic_benchmark	hns_f4_s1 minus scalar_e	recovery_rate	-0.05999999999999994	-0.18644067796610164	0.07020676691729305	2000	2000	paired test samples conditional on one fixed source checkpoint
Qwen3-8B/tulu/seed43	tulu	atomic_benchmark	hns_f4_s1 minus scalar_e	retention_rate	0.12903225806451613	0.02777777777777779	0.2592592592592593	2000	2000	paired test samples conditional on one fixed source checkpoint
Qwen3-8B/tulu/seed43	tulu	atomic_benchmark	hns_f4_s1 minus scalar_e	new_success_rate	0.0018484288354898327	-0.00924214417744917	0.014787430683918665	2000	2000	paired test samples conditional on one fixed source checkpoint
Qwen3-8B/tulu/seed43	tulu	atomic_benchmark	hns_f4_s1 minus scalar_e	new_damage_rate	-0.0036968576709796672	-0.016635859519408505	0.009242144177449169	2000	2000	paired test samples conditional on one fixed source checkpoint
Qwen3-8B/tulu/seed43	tulu	atomic_benchmark	hns_f4_s1 minus flat_e	recovery_rate	-0.07999999999999996	-0.18757440476190476	0.023269656699889223	2000	2000	paired test samples conditional on one fixed source checkpoint
Qwen3-8B/tulu/seed43	tulu	atomic_benchmark	hns_f4_s1 minus flat_e	retention_rate	0.032258064516129004	0.0	0.11111111111111105	2000	2000	paired test samples conditional on one fixed source checkpoint
Qwen3-8B/tulu/seed43	tulu	atomic_benchmark	hns_f4_s1 minus flat_e	new_success_rate	-0.0073937153419593345	-0.020332717190388167	0.0036968576709796655	2000	2000	paired test samples conditional on one fixed source checkpoint
Qwen3-8B/tulu/seed43	tulu	atomic_benchmark	hns_f4_s1 minus flat_e	new_damage_rate	0.0	-0.0073937153419593345	0.0073937153419593345	2000	2000	paired test samples conditional on one fixed source checkpoint
Qwen3-8B/tulu/seed43	tulu	atomic_benchmark	scalar_e minus flat_e	recovery_rate	-0.020000000000000018	-0.12700101317122592	0.07692307692307687	2000	2000	paired test samples conditional on one fixed source checkpoint
Qwen3-8B/tulu/seed43	tulu	atomic_benchmark	scalar_e minus flat_e	retention_rate	-0.09677419354838712	-0.21621621621621623	0.0	2000	2000	paired test samples conditional on one fixed source checkpoint
Qwen3-8B/tulu/seed43	tulu	atomic_benchmark	scalar_e minus flat_e	new_success_rate	-0.009242144177449167	-0.022181146025878003	0.0018484288354898327	2000	2000	paired test samples conditional on one fixed source checkpoint
Qwen3-8B/tulu/seed43	tulu	atomic_benchmark	scalar_e minus flat_e	new_damage_rate	0.0036968576709796672	-0.007393715341959336	0.0166358595194085	2000	2000	paired test samples conditional on one fixed source checkpoint
Qwen3-8B/tulu/seed43	winogrande	atomic_benchmark	hns_f4_s1 minus scalar_e	recovery_rate	0.0547945205479452	-0.028169014084507032	0.14121848739495776	2000	2000	paired test samples conditional on one fixed source checkpoint
Qwen3-8B/tulu/seed43	winogrande	atomic_benchmark	hns_f4_s1 minus scalar_e	retention_rate	-0.044117647058823484	-0.08956753119647667	0.0	2000	2000	paired test samples conditional on one fixed source checkpoint
Qwen3-8B/tulu/seed43	winogrande	atomic_benchmark	hns_f4_s1 minus scalar_e	new_success_rate	-0.003157063930544594	-0.007103393843725336	0.0	2000	2000	paired test samples conditional on one fixed source checkpoint
Qwen3-8B/tulu/seed43	winogrande	atomic_benchmark	hns_f4_s1 minus scalar_e	new_damage_rate	0.0	-0.002367797947908445	0.0023677979479084454	2000	2000	paired test samples conditional on one fixed source checkpoint
Qwen3-8B/tulu/seed43	winogrande	atomic_benchmark	hns_f4_s1 minus flat_e	recovery_rate	-0.0136986301369863	-0.06329616234679526	0.03125	2000	2000	paired test samples conditional on one fixed source checkpoint
Qwen3-8B/tulu/seed43	winogrande	atomic_benchmark	hns_f4_s1 minus flat_e	retention_rate	0.007352941176470562	-0.023622047244094557	0.039999999999999925	2000	2000	paired test samples conditional on one fixed source checkpoint
Qwen3-8B/tulu/seed43	winogrande	atomic_benchmark	hns_f4_s1 minus flat_e	new_success_rate	0.0	0.0	0.0	2000	2000	paired test samples conditional on one fixed source checkpoint
Qwen3-8B/tulu/seed43	winogrande	atomic_benchmark	hns_f4_s1 minus flat_e	new_damage_rate	0.0	0.0	0.0	2000	2000	paired test samples conditional on one fixed source checkpoint
Qwen3-8B/tulu/seed43	winogrande	atomic_benchmark	scalar_e minus flat_e	recovery_rate	-0.0684931506849315	-0.16666666666666669	0.027787558685445968	2000	2000	paired test samples conditional on one fixed source checkpoint
Qwen3-8B/tulu/seed43	winogrande	atomic_benchmark	scalar_e minus flat_e	retention_rate	0.051470588235294046	0.007246376811594235	0.10074050134892079	2000	2000	paired test samples conditional on one fixed source checkpoint
Qwen3-8B/tulu/seed43	winogrande	atomic_benchmark	scalar_e minus flat_e	new_success_rate	0.003157063930544594	0.0	0.007103393843725336	2000	2000	paired test samples conditional on one fixed source checkpoint
Qwen3-8B/tulu/seed43	winogrande	atomic_benchmark	scalar_e minus flat_e	new_damage_rate	0.0	-0.0023677979479084454	0.002367797947908445	2000	2000	paired test samples conditional on one fixed source checkpoint
Qwen3-8B/tulu/seed44	arc_challenge	atomic_benchmark	hns_f4_s1 minus scalar_e	recovery_rate	-0.125	-0.3125	0.0	2000	2000	paired test samples conditional on one fixed source checkpoint
Qwen3-8B/tulu/seed44	arc_challenge	atomic_benchmark	hns_f4_s1 minus scalar_e	retention_rate	0.031746031746031744	0.0	0.0847457627118644	2000	2000	paired test samples conditional on one fixed source checkpoint
Qwen3-8B/tulu/seed44	arc_challenge	atomic_benchmark	hns_f4_s1 minus scalar_e	new_success_rate	0.0	-0.002559726962457338	0.002559726962457338	2000	2000	paired test samples conditional on one fixed source checkpoint
Qwen3-8B/tulu/seed44	arc_challenge	atomic_benchmark	hns_f4_s1 minus scalar_e	new_damage_rate	0.0	0.0	0.0	2000	2000	paired test samples conditional on one fixed source checkpoint
Qwen3-8B/tulu/seed44	arc_challenge	atomic_benchmark	hns_f4_s1 minus flat_e	recovery_rate	0.0	0.0	0.0	2000	2000	paired test samples conditional on one fixed source checkpoint
Qwen3-8B/tulu/seed44	arc_challenge	atomic_benchmark	hns_f4_s1 minus flat_e	retention_rate	0.0	0.0	0.0	2000	2000	paired test samples conditional on one fixed source checkpoint
Qwen3-8B/tulu/seed44	arc_challenge	atomic_benchmark	hns_f4_s1 minus flat_e	new_success_rate	0.0	0.0	0.0	2000	2000	paired test samples conditional on one fixed source checkpoint
Qwen3-8B/tulu/seed44	arc_challenge	atomic_benchmark	hns_f4_s1 minus flat_e	new_damage_rate	0.0	0.0	0.0	2000	2000	paired test samples conditional on one fixed source checkpoint
Qwen3-8B/tulu/seed44	arc_challenge	atomic_benchmark	scalar_e minus flat_e	recovery_rate	0.125	0.0	0.3125	2000	2000	paired test samples conditional on one fixed source checkpoint
Qwen3-8B/tulu/seed44	arc_challenge	atomic_benchmark	scalar_e minus flat_e	retention_rate	-0.031746031746031744	-0.0847457627118644	0.0	2000	2000	paired test samples conditional on one fixed source checkpoint
Qwen3-8B/tulu/seed44	arc_challenge	atomic_benchmark	scalar_e minus flat_e	new_success_rate	0.0	-0.002559726962457338	0.002559726962457338	2000	2000	paired test samples conditional on one fixed source checkpoint
Qwen3-8B/tulu/seed44	arc_challenge	atomic_benchmark	scalar_e minus flat_e	new_damage_rate	0.0	0.0	0.0	2000	2000	paired test samples conditional on one fixed source checkpoint
Qwen3-8B/tulu/seed44	arc_easy	atomic_benchmark	hns_f4_s1 minus scalar_e	recovery_rate	0.0	0.0	0.0	2000	2000	paired test samples conditional on one fixed source checkpoint
Qwen3-8B/tulu/seed44	arc_easy	atomic_benchmark	hns_f4_s1 minus scalar_e	retention_rate	0.0	-0.049180327868852514	0.0491803278688524	2000	2000	paired test samples conditional on one fixed source checkpoint
Qwen3-8B/tulu/seed44	arc_easy	atomic_benchmark	hns_f4_s1 minus scalar_e	new_success_rate	0.0008417508417508414	0.0	0.0021043771043771048	2000	2000	paired test samples conditional on one fixed source checkpoint
Qwen3-8B/tulu/seed44	arc_easy	atomic_benchmark	hns_f4_s1 minus scalar_e	new_damage_rate	-0.00042087542087542086	-0.0012626262626262627	0.0	2000	2000	paired test samples conditional on one fixed source checkpoint
Qwen3-8B/tulu/seed44	arc_easy	atomic_benchmark	hns_f4_s1 minus flat_e	recovery_rate	0.0	0.0	0.0	2000	2000	paired test samples conditional on one fixed source checkpoint
Qwen3-8B/tulu/seed44	arc_easy	atomic_benchmark	hns_f4_s1 minus flat_e	retention_rate	0.016666666666666607	0.0	0.05359577922077911	2000	2000	paired test samples conditional on one fixed source checkpoint
Qwen3-8B/tulu/seed44	arc_easy	atomic_benchmark	hns_f4_s1 minus flat_e	new_success_rate	0.0004208754208754207	-0.000841750841750842	0.002104377104377104	2000	2000	paired test samples conditional on one fixed source checkpoint
Qwen3-8B/tulu/seed44	arc_easy	atomic_benchmark	hns_f4_s1 minus flat_e	new_damage_rate	-0.00042087542087542086	-0.0012626262626262627	0.0	2000	2000	paired test samples conditional on one fixed source checkpoint
Qwen3-8B/tulu/seed44	arc_easy	atomic_benchmark	scalar_e minus flat_e	recovery_rate	0.0	0.0	0.0	2000	2000	paired test samples conditional on one fixed source checkpoint
Qwen3-8B/tulu/seed44	arc_easy	atomic_benchmark	scalar_e minus flat_e	retention_rate	0.016666666666666607	0.0	0.05660377358490565	2000	2000	paired test samples conditional on one fixed source checkpoint
Qwen3-8B/tulu/seed44	arc_easy	atomic_benchmark	scalar_e minus flat_e	new_success_rate	-0.0004208754208754207	-0.002104377104377104	0.0008417508417508418	2000	2000	paired test samples conditional on one fixed source checkpoint
Qwen3-8B/tulu/seed44	arc_easy	atomic_benchmark	scalar_e minus flat_e	new_damage_rate	0.0	0.0	0.0	2000	2000	paired test samples conditional on one fixed source checkpoint
Qwen3-8B/tulu/seed44	boolq	atomic_benchmark	hns_f4_s1 minus scalar_e	recovery_rate	0.0	-0.11117424242424247	0.1111111111111111	2000	2000	paired test samples conditional on one fixed source checkpoint
Qwen3-8B/tulu/seed44	boolq	atomic_benchmark	hns_f4_s1 minus scalar_e	retention_rate	-0.08450704225352113	-0.16666666666666669	-0.013888888888888895	2000	2000	paired test samples conditional on one fixed source checkpoint
Qwen3-8B/tulu/seed44	boolq	atomic_benchmark	hns_f4_s1 minus scalar_e	new_success_rate	0.0003058103975535167	-0.0006116207951070337	0.0015290519877675841	2000	2000	paired test samples conditional on one fixed source checkpoint
Qwen3-8B/tulu/seed44	boolq	atomic_benchmark	hns_f4_s1 minus scalar_e	new_damage_rate	0.0009174311926605504	-0.0003058103975535168	0.0024464831804281344	2000	2000	paired test samples conditional on one fixed source checkpoint
Qwen3-8B/tulu/seed44	boolq	atomic_benchmark	hns_f4_s1 minus flat_e	recovery_rate	-0.022727272727272763	-0.07692307692307693	0.0	2000	2000	paired test samples conditional on one fixed source checkpoint
Qwen3-8B/tulu/seed44	boolq	atomic_benchmark	hns_f4_s1 minus flat_e	retention_rate	0.014084507042253558	-0.03076923076923077	0.06349206349206349	2000	2000	paired test samples conditional on one fixed source checkpoint
Qwen3-8B/tulu/seed44	boolq	atomic_benchmark	hns_f4_s1 minus flat_e	new_success_rate	-0.0003058103975535169	-0.0009174311926605505	0.0	2000	2000	paired test samples conditional on one fixed source checkpoint
Qwen3-8B/tulu/seed44	boolq	atomic_benchmark	hns_f4_s1 minus flat_e	new_damage_rate	0.0003058103975535167	0.0	0.0009174311926605505	2000	2000	paired test samples conditional on one fixed source checkpoint
Qwen3-8B/tulu/seed44	boolq	atomic_benchmark	scalar_e minus flat_e	recovery_rate	-0.022727272727272763	-0.1276732133115112	0.07504807692307668	2000	2000	paired test samples conditional on one fixed source checkpoint
Qwen3-8B/tulu/seed44	boolq	atomic_benchmark	scalar_e minus flat_e	retention_rate	0.09859154929577468	0.024361883153715173	0.18181818181818177	2000	2000	paired test samples conditional on one fixed source checkpoint
Qwen3-8B/tulu/seed44	boolq	atomic_benchmark	scalar_e minus flat_e	new_success_rate	-0.0006116207951070336	-0.0015290519877675843	0.0	2000	2000	paired test samples conditional on one fixed source checkpoint
Qwen3-8B/tulu/seed44	boolq	atomic_benchmark	scalar_e minus flat_e	new_damage_rate	-0.0006116207951070337	-0.001834862385321101	0.0006116207951070336	2000	2000	paired test samples conditional on one fixed source checkpoint
Qwen3-8B/tulu/seed44	hellaswag	atomic_benchmark	hns_f4_s1 minus scalar_e	recovery_rate	0.03899721448467969	0.005197475315585527	0.07466781609195401	2000	2000	paired test samples conditional on one fixed source checkpoint
Qwen3-8B/tulu/seed44	hellaswag	atomic_benchmark	hns_f4_s1 minus scalar_e	retention_rate	-0.03322259136212624	-0.06601695224873043	0.0	2000	2000	paired test samples conditional on one fixed source checkpoint
Qwen3-8B/tulu/seed44	hellaswag	atomic_benchmark	hns_f4_s1 minus scalar_e	new_success_rate	0.0009958175662218684	0.00019916351324437368	0.0017924716191993627	2000	2000	paired test samples conditional on one fixed source checkpoint
Qwen3-8B/tulu/seed44	hellaswag	atomic_benchmark	hns_f4_s1 minus scalar_e	new_damage_rate	0.000995817566221868	0.00019916351324437368	0.0018920533758215495	2000	2000	paired test samples conditional on one fixed source checkpoint
Qwen3-8B/tulu/seed44	hellaswag	atomic_benchmark	hns_f4_s1 minus flat_e	recovery_rate	0.008356545961002826	-0.011267605633802802	0.028490028490028463	2000	2000	paired test samples conditional on one fixed source checkpoint
Qwen3-8B/tulu/seed44	hellaswag	atomic_benchmark	hns_f4_s1 minus flat_e	retention_rate	-0.009966777408637828	-0.030719353405956346	0.009493670886075889	2000	2000	paired test samples conditional on one fixed source checkpoint
Qwen3-8B/tulu/seed44	hellaswag	atomic_benchmark	hns_f4_s1 minus flat_e	new_success_rate	-9.958175662218684e-05	-0.0006970722963553079	0.000597490539733121	2000	2000	paired test samples conditional on one fixed source checkpoint
Qwen3-8B/tulu/seed44	hellaswag	atomic_benchmark	hns_f4_s1 minus flat_e	new_damage_rate	-0.00039832702648874736	-0.0008987253535152365	0.0	2000	2000	paired test samples conditional on one fixed source checkpoint
Qwen3-8B/tulu/seed44	hellaswag	atomic_benchmark	scalar_e minus flat_e	recovery_rate	-0.03064066852367686	-0.06515895965904796	0.0028189426413553625	2000	2000	paired test samples conditional on one fixed source checkpoint
Qwen3-8B/tulu/seed44	hellaswag	atomic_benchmark	scalar_e minus flat_e	retention_rate	0.023255813953488413	-0.013031451914348272	0.060001501501501436	2000	2000	paired test samples conditional on one fixed source checkpoint
Qwen3-8B/tulu/seed44	hellaswag	atomic_benchmark	scalar_e minus flat_e	new_success_rate	-0.0010953993228440552	-0.0019916351324437364	-0.00019916351324437368	2000	2000	paired test samples conditional on one fixed source checkpoint
Qwen3-8B/tulu/seed44	hellaswag	atomic_benchmark	scalar_e minus flat_e	new_damage_rate	-0.0013941445927106153	-0.002290380402310297	-0.0004979087831109342	2000	2000	paired test samples conditional on one fixed source checkpoint
Qwen3-8B/tulu/seed44	magicoder	atomic_benchmark	hns_f4_s1 minus scalar_e	recovery_rate	0.09090909090909088	-0.3333333333333333	0.5	2000	2000	paired test samples conditional on one fixed source checkpoint
Qwen3-8B/tulu/seed44	magicoder	atomic_benchmark	hns_f4_s1 minus scalar_e	retention_rate	-0.025000000000000022	-0.13888888888888884	0.09090909090909094	2000	2000	paired test samples conditional on one fixed source checkpoint
Qwen3-8B/tulu/seed44	magicoder	atomic_benchmark	hns_f4_s1 minus scalar_e	new_success_rate	0.012195121951219511	0.0	0.03048780487804878	2000	2000	paired test samples conditional on one fixed source checkpoint
Qwen3-8B/tulu/seed44	magicoder	atomic_benchmark	hns_f4_s1 minus scalar_e	new_damage_rate	-0.01219512195121951	-0.03658536585365854	0.012195121951219511	2000	2000	paired test samples conditional on one fixed source checkpoint
Qwen3-8B/tulu/seed44	magicoder	atomic_benchmark	hns_f4_s1 minus flat_e	recovery_rate	0.09090909090909088	0.0	0.3	2000	2000	paired test samples conditional on one fixed source checkpoint
Qwen3-8B/tulu/seed44	magicoder	atomic_benchmark	hns_f4_s1 minus flat_e	retention_rate	0.0	0.0	0.0	2000	2000	paired test samples conditional on one fixed source checkpoint
Qwen3-8B/tulu/seed44	magicoder	atomic_benchmark	hns_f4_s1 minus flat_e	new_success_rate	0.006097560975609755	0.0	0.01829268292682927	2000	2000	paired test samples conditional on one fixed source checkpoint
Qwen3-8B/tulu/seed44	magicoder	atomic_benchmark	hns_f4_s1 minus flat_e	new_damage_rate	0.0	-0.018292682926829267	0.018292682926829267	2000	2000	paired test samples conditional on one fixed source checkpoint
Qwen3-8B/tulu/seed44	magicoder	atomic_benchmark	scalar_e minus flat_e	recovery_rate	0.0	-0.3846153846153846	0.375	2000	2000	paired test samples conditional on one fixed source checkpoint
Qwen3-8B/tulu/seed44	magicoder	atomic_benchmark	scalar_e minus flat_e	retention_rate	0.025000000000000022	-0.09090909090909094	0.13888888888888884	2000	2000	paired test samples conditional on one fixed source checkpoint
Qwen3-8B/tulu/seed44	magicoder	atomic_benchmark	scalar_e minus flat_e	new_success_rate	-0.006097560975609756	-0.01829268292682927	0.0	2000	2000	paired test samples conditional on one fixed source checkpoint
Qwen3-8B/tulu/seed44	magicoder	atomic_benchmark	scalar_e minus flat_e	new_damage_rate	0.01219512195121951	-0.018292682926829267	0.04268292682926829	2000	2000	paired test samples conditional on one fixed source checkpoint
Qwen3-8B/tulu/seed44	metamath	atomic_benchmark	hns_f4_s1 minus scalar_e	recovery_rate	-0.11904761904761901	-0.23913043478260865	0.0	2000	2000	paired test samples conditional on one fixed source checkpoint
Qwen3-8B/tulu/seed44	metamath	atomic_benchmark	hns_f4_s1 minus scalar_e	retention_rate	-0.04938271604938271	-0.12049185754005026	0.013893779342723038	2000	2000	paired test samples conditional on one fixed source checkpoint
Qwen3-8B/tulu/seed44	metamath	atomic_benchmark	hns_f4_s1 minus scalar_e	new_success_rate	0.003032600454890069	-0.0007581501137225175	0.0075815011372251705	2000	2000	paired test samples conditional on one fixed source checkpoint
Qwen3-8B/tulu/seed44	metamath	atomic_benchmark	hns_f4_s1 minus scalar_e	new_damage_rate	0.003032600454890068	-0.003790750568612585	0.009855951478392723	2000	2000	paired test samples conditional on one fixed source checkpoint
Qwen3-8B/tulu/seed44	metamath	atomic_benchmark	hns_f4_s1 minus flat_e	recovery_rate	-0.0714285714285714	-0.19999999999999998	0.05266714082503537	2000	2000	paired test samples conditional on one fixed source checkpoint
Qwen3-8B/tulu/seed44	metamath	atomic_benchmark	hns_f4_s1 minus flat_e	retention_rate	-0.03703703703703698	-0.10144927536231885	0.022484825003228598	2000	2000	paired test samples conditional on one fixed source checkpoint
Qwen3-8B/tulu/seed44	metamath	atomic_benchmark	hns_f4_s1 minus flat_e	new_success_rate	0.0007581501137225184	0.0	0.0022744503411675516	2000	2000	paired test samples conditional on one fixed source checkpoint
Qwen3-8B/tulu/seed44	metamath	atomic_benchmark	hns_f4_s1 minus flat_e	new_damage_rate	-0.0022744503411675516	-0.006065200909780135	0.0007581501137225175	2000	2000	paired test samples conditional on one fixed source checkpoint
Qwen3-8B/tulu/seed44	metamath	atomic_benchmark	scalar_e minus flat_e	recovery_rate	0.047619047619047616	-0.09999999999999998	0.1951219512195122	2000	2000	paired test samples conditional on one fixed source checkpoint
Qwen3-8B/tulu/seed44	metamath	atomic_benchmark	scalar_e minus flat_e	retention_rate	0.012345679012345734	-0.050632911392405	0.0736939571150097	2000	2000	paired test samples conditional on one fixed source checkpoint
Qwen3-8B/tulu/seed44	metamath	atomic_benchmark	scalar_e minus flat_e	new_success_rate	-0.0022744503411675507	-0.006065200909780137	0.001516300227445034	2000	2000	paired test samples conditional on one fixed source checkpoint
Qwen3-8B/tulu/seed44	metamath	atomic_benchmark	scalar_e minus flat_e	new_damage_rate	-0.00530705079605762	-0.01288855193328279	0.0022744503411675516	2000	2000	paired test samples conditional on one fixed source checkpoint
Qwen3-8B/tulu/seed44	openbookqa	atomic_benchmark	hns_f4_s1 minus scalar_e	recovery_rate	0.0	0.0	0.0	2000	2000	paired test samples conditional on one fixed source checkpoint
Qwen3-8B/tulu/seed44	openbookqa	atomic_benchmark	hns_f4_s1 minus scalar_e	retention_rate	0.038461538461538436	0.0	0.125	2000	2000	paired test samples conditional on one fixed source checkpoint
Qwen3-8B/tulu/seed44	openbookqa	atomic_benchmark	hns_f4_s1 minus scalar_e	new_success_rate	0.0	-0.006	0.006	2000	2000	paired test samples conditional on one fixed source checkpoint
Qwen3-8B/tulu/seed44	openbookqa	atomic_benchmark	hns_f4_s1 minus scalar_e	new_damage_rate	0.004	0.0	0.01	2000	2000	paired test samples conditional on one fixed source checkpoint
Qwen3-8B/tulu/seed44	openbookqa	atomic_benchmark	hns_f4_s1 minus flat_e	recovery_rate	-0.125	-0.4285714285714286	0.0	2000	2000	paired test samples conditional on one fixed source checkpoint
Qwen3-8B/tulu/seed44	openbookqa	atomic_benchmark	hns_f4_s1 minus flat_e	retention_rate	0.0	0.0	0.0	2000	2000	paired test samples conditional on one fixed source checkpoint
Qwen3-8B/tulu/seed44	openbookqa	atomic_benchmark	hns_f4_s1 minus flat_e	new_success_rate	-0.004	-0.01	0.0	2000	2000	paired test samples conditional on one fixed source checkpoint
Qwen3-8B/tulu/seed44	openbookqa	atomic_benchmark	hns_f4_s1 minus flat_e	new_damage_rate	0.0	0.0	0.0	2000	2000	paired test samples conditional on one fixed source checkpoint
Qwen3-8B/tulu/seed44	openbookqa	atomic_benchmark	scalar_e minus flat_e	recovery_rate	-0.125	-0.4285714285714286	0.0	2000	2000	paired test samples conditional on one fixed source checkpoint
Qwen3-8B/tulu/seed44	openbookqa	atomic_benchmark	scalar_e minus flat_e	retention_rate	-0.038461538461538436	-0.125	0.0	2000	2000	paired test samples conditional on one fixed source checkpoint
Qwen3-8B/tulu/seed44	openbookqa	atomic_benchmark	scalar_e minus flat_e	new_success_rate	-0.004	-0.01	0.0	2000	2000	paired test samples conditional on one fixed source checkpoint
Qwen3-8B/tulu/seed44	openbookqa	atomic_benchmark	scalar_e minus flat_e	new_damage_rate	-0.004	-0.01	0.0	2000	2000	paired test samples conditional on one fixed source checkpoint
Qwen3-8B/tulu/seed44	piqa	atomic_benchmark	hns_f4_s1 minus scalar_e	recovery_rate	0.05633802816901412	-0.047619047619047616	0.16176470588235292	2000	2000	paired test samples conditional on one fixed source checkpoint
Qwen3-8B/tulu/seed44	piqa	atomic_benchmark	hns_f4_s1 minus scalar_e	retention_rate	-0.07272727272727264	-0.17107319078947367	0.021276595744680882	2000	2000	paired test samples conditional on one fixed source checkpoint
Qwen3-8B/tulu/seed44	piqa	atomic_benchmark	hns_f4_s1 minus scalar_e	new_success_rate	0.0	-0.001632208922742111	0.001632208922742111	2000	2000	paired test samples conditional on one fixed source checkpoint
Qwen3-8B/tulu/seed44	piqa	atomic_benchmark	hns_f4_s1 minus scalar_e	new_damage_rate	-0.000544069640914037	-0.001632208922742111	0.0	2000	2000	paired test samples conditional on one fixed source checkpoint
Qwen3-8B/tulu/seed44	piqa	atomic_benchmark	hns_f4_s1 minus flat_e	recovery_rate	0.014084507042253558	-0.02985074626865669	0.06557916307161345	2000	2000	paired test samples conditional on one fixed source checkpoint
Qwen3-8B/tulu/seed44	piqa	atomic_benchmark	hns_f4_s1 minus flat_e	retention_rate	-0.018181818181818188	-0.061232339089481905	0.0	2000	2000	paired test samples conditional on one fixed source checkpoint
Qwen3-8B/tulu/seed44	piqa	atomic_benchmark	hns_f4_s1 minus flat_e	new_success_rate	-0.000544069640914037	-0.001632208922742111	0.0	2000	2000	paired test samples conditional on one fixed source checkpoint
Qwen3-8B/tulu/seed44	piqa	atomic_benchmark	hns_f4_s1 minus flat_e	new_damage_rate	0.0	0.0	0.0	2000	2000	paired test samples conditional on one fixed source checkpoint
Qwen3-8B/tulu/seed44	piqa	atomic_benchmark	scalar_e minus flat_e	recovery_rate	-0.04225352112676056	-0.1515151515151515	0.06581140350877185	2000	2000	paired test samples conditional on one fixed source checkpoint
Qwen3-8B/tulu/seed44	piqa	atomic_benchmark	scalar_e minus flat_e	retention_rate	0.05454545454545445	-0.0357142857142857	0.14894410924102885	2000	2000	paired test samples conditional on one fixed source checkpoint
Qwen3-8B/tulu/seed44	piqa	atomic_benchmark	scalar_e minus flat_e	new_success_rate	-0.000544069640914037	-0.001632208922742111	0.0	2000	2000	paired test samples conditional on one fixed source checkpoint
Qwen3-8B/tulu/seed44	piqa	atomic_benchmark	scalar_e minus flat_e	new_damage_rate	0.000544069640914037	0.0	0.001632208922742111	2000	2000	paired test samples conditional on one fixed source checkpoint
Qwen3-8B/tulu/seed44	siqa	atomic_benchmark	hns_f4_s1 minus scalar_e	recovery_rate	-0.07352941176470584	-0.16218419506462986	0.014089537223340047	2000	2000	paired test samples conditional on one fixed source checkpoint
Qwen3-8B/tulu/seed44	siqa	atomic_benchmark	hns_f4_s1 minus scalar_e	retention_rate	0.0	-0.06452660242982829	0.06578947368421051	2000	2000	paired test samples conditional on one fixed source checkpoint
Qwen3-8B/tulu/seed44	siqa	atomic_benchmark	hns_f4_s1 minus scalar_e	new_success_rate	0.0015353121801432957	-0.000511770726714432	0.004094165813715455	2000	2000	paired test samples conditional on one fixed source checkpoint
Qwen3-8B/tulu/seed44	siqa	atomic_benchmark	hns_f4_s1 minus scalar_e	new_damage_rate	0.0020470829068577278	0.0005117707267144318	0.0040941658137154556	2000	2000	paired test samples conditional on one fixed source checkpoint
Qwen3-8B/tulu/seed44	siqa	atomic_benchmark	hns_f4_s1 minus flat_e	recovery_rate	0.01470588235294118	0.0	0.04918032786885246	2000	2000	paired test samples conditional on one fixed source checkpoint
Qwen3-8B/tulu/seed44	siqa	atomic_benchmark	hns_f4_s1 minus flat_e	retention_rate	0.01176470588235301	-0.03076923076923077	0.05209703947368417	2000	2000	paired test samples conditional on one fixed source checkpoint
Qwen3-8B/tulu/seed44	siqa	atomic_benchmark	hns_f4_s1 minus flat_e	new_success_rate	-0.001023541453428864	-0.00255885363357216	0.0	2000	2000	paired test samples conditional on one fixed source checkpoint
Qwen3-8B/tulu/seed44	siqa	atomic_benchmark	hns_f4_s1 minus flat_e	new_damage_rate	-0.0005117707267144316	-0.001535312180143296	0.0	2000	2000	paired test samples conditional on one fixed source checkpoint
Qwen3-8B/tulu/seed44	siqa	atomic_benchmark	scalar_e minus flat_e	recovery_rate	0.08823529411764702	0.0	0.17858475479744126	2000	2000	paired test samples conditional on one fixed source checkpoint
Qwen3-8B/tulu/seed44	siqa	atomic_benchmark	scalar_e minus flat_e	retention_rate	0.01176470588235301	-0.04111015981735154	0.06495642515379348	2000	2000	paired test samples conditional on one fixed source checkpoint
Qwen3-8B/tulu/seed44	siqa	atomic_benchmark	scalar_e minus flat_e	new_success_rate	-0.00255885363357216	-0.00511770726714432	0.0	2000	2000	paired test samples conditional on one fixed source checkpoint
Qwen3-8B/tulu/seed44	siqa	atomic_benchmark	scalar_e minus flat_e	new_damage_rate	-0.0025588536335721594	-0.00511770726714432	-0.0005117707267144319	2000	2000	paired test samples conditional on one fixed source checkpoint
Qwen3-8B/tulu/seed44	tulu	atomic_benchmark	hns_f4_s1 minus scalar_e	recovery_rate	-0.05882352941176472	-0.1875	0.06386447733580009	2000	2000	paired test samples conditional on one fixed source checkpoint
Qwen3-8B/tulu/seed44	tulu	atomic_benchmark	hns_f4_s1 minus scalar_e	retention_rate	0.02777777777777779	-0.1250801282051282	0.1739402173913042	2000	2000	paired test samples conditional on one fixed source checkpoint
Qwen3-8B/tulu/seed44	tulu	atomic_benchmark	hns_f4_s1 minus scalar_e	new_success_rate	0.0018484288354898327	-0.0073937153419593345	0.011090573012939003	2000	2000	paired test samples conditional on one fixed source checkpoint
Qwen3-8B/tulu/seed44	tulu	atomic_benchmark	hns_f4_s1 minus scalar_e	new_damage_rate	0.0036968576709796655	-0.0073937153419593345	0.016635859519408498	2000	2000	paired test samples conditional on one fixed source checkpoint
Qwen3-8B/tulu/seed44	tulu	atomic_benchmark	hns_f4_s1 minus flat_e	recovery_rate	-0.05882352941176472	-0.19052197802197807	0.06123233908948197	2000	2000	paired test samples conditional on one fixed source checkpoint
Qwen3-8B/tulu/seed44	tulu	atomic_benchmark	hns_f4_s1 minus flat_e	retention_rate	0.02777777777777779	-0.06451612903225801	0.1282051282051282	2000	2000	paired test samples conditional on one fixed source checkpoint
Qwen3-8B/tulu/seed44	tulu	atomic_benchmark	hns_f4_s1 minus flat_e	new_success_rate	-0.003696857670979669	-0.011090573012939003	0.0036968576709796655	2000	2000	paired test samples conditional on one fixed source checkpoint
Qwen3-8B/tulu/seed44	tulu	atomic_benchmark	hns_f4_s1 minus flat_e	new_damage_rate	-0.003696857670979669	-0.012939001848428836	0.005545286506469502	2000	2000	paired test samples conditional on one fixed source checkpoint
Qwen3-8B/tulu/seed44	tulu	atomic_benchmark	scalar_e minus flat_e	recovery_rate	0.0	-0.11904761904761896	0.10812279670975315	2000	2000	paired test samples conditional on one fixed source checkpoint
Qwen3-8B/tulu/seed44	tulu	atomic_benchmark	scalar_e minus flat_e	retention_rate	0.0	-0.1428571428571428	0.1470588235294117	2000	2000	paired test samples conditional on one fixed source checkpoint
Qwen3-8B/tulu/seed44	tulu	atomic_benchmark	scalar_e minus flat_e	new_success_rate	-0.005545286506469502	-0.0166358595194085	0.003696857670979669	2000	2000	paired test samples conditional on one fixed source checkpoint
Qwen3-8B/tulu/seed44	tulu	atomic_benchmark	scalar_e minus flat_e	new_damage_rate	-0.0073937153419593345	-0.022181146025878	0.0073937153419593345	2000	2000	paired test samples conditional on one fixed source checkpoint
Qwen3-8B/tulu/seed44	winogrande	atomic_benchmark	hns_f4_s1 minus scalar_e	recovery_rate	0.02631578947368418	-0.02702702702702703	0.08333333333333334	2000	2000	paired test samples conditional on one fixed source checkpoint
Qwen3-8B/tulu/seed44	winogrande	atomic_benchmark	hns_f4_s1 minus scalar_e	retention_rate	-0.03125	-0.06756756756756754	0.005953272027373797	2000	2000	paired test samples conditional on one fixed source checkpoint
Qwen3-8B/tulu/seed44	winogrande	atomic_benchmark	hns_f4_s1 minus scalar_e	new_success_rate	0.0	0.0	0.0	2000	2000	paired test samples conditional on one fixed source checkpoint
Qwen3-8B/tulu/seed44	winogrande	atomic_benchmark	hns_f4_s1 minus scalar_e	new_damage_rate	-0.0007892659826361486	-0.0023677979479084454	0.0	2000	2000	paired test samples conditional on one fixed source checkpoint
Qwen3-8B/tulu/seed44	winogrande	atomic_benchmark	hns_f4_s1 minus flat_e	recovery_rate	-0.00877192982456143	-0.04098994422849416	0.019617647058823462	2000	2000	paired test samples conditional on one fixed source checkpoint
Qwen3-8B/tulu/seed44	winogrande	atomic_benchmark	hns_f4_s1 minus flat_e	retention_rate	0.012500000000000067	0.0	0.03246753246753242	2000	2000	paired test samples conditional on one fixed source checkpoint
Qwen3-8B/tulu/seed44	winogrande	atomic_benchmark	hns_f4_s1 minus flat_e	new_success_rate	0.0	0.0	0.0	2000	2000	paired test samples conditional on one fixed source checkpoint
Qwen3-8B/tulu/seed44	winogrande	atomic_benchmark	hns_f4_s1 minus flat_e	new_damage_rate	-0.0015785319652722968	-0.003946329913180742	0.0	2000	2000	paired test samples conditional on one fixed source checkpoint
Qwen3-8B/tulu/seed44	winogrande	atomic_benchmark	scalar_e minus flat_e	recovery_rate	-0.03508771929824561	-0.08730351363846511	0.010425067204301048	2000	2000	paired test samples conditional on one fixed source checkpoint
Qwen3-8B/tulu/seed44	winogrande	atomic_benchmark	scalar_e minus flat_e	retention_rate	0.04375000000000007	0.006409235668789787	0.08387096774193548	2000	2000	paired test samples conditional on one fixed source checkpoint
Qwen3-8B/tulu/seed44	winogrande	atomic_benchmark	scalar_e minus flat_e	new_success_rate	0.0	0.0	0.0	2000	2000	paired test samples conditional on one fixed source checkpoint
Qwen3-8B/tulu/seed44	winogrande	atomic_benchmark	scalar_e minus flat_e	new_damage_rate	-0.0007892659826361482	-0.003946329913180741	0.0015785319652722972	2000	2000	paired test samples conditional on one fixed source checkpoint
Llama-3.1-8B-Instruct/magicoder/seed42	magicoder	family_macro	hns_f4_s1 minus scalar_e	recovery_rate	-0.2222222222222222	-0.4444444444444444	-0.05555555555555547	2000	2000	paired test samples conditional on one fixed source checkpoint
Llama-3.1-8B-Instruct/magicoder/seed42	magicoder	family_macro	hns_f4_s1 minus scalar_e	retention_rate	0.050000000000000044	-0.11544117647058827	0.23088235294117593	2000	2000	paired test samples conditional on one fixed source checkpoint
Llama-3.1-8B-Instruct/magicoder/seed42	magicoder	family_macro	hns_f4_s1 minus scalar_e	new_success_rate	0.012195121951219513	0.0	0.03048780487804878	2000	2000	paired test samples conditional on one fixed source checkpoint
Llama-3.1-8B-Instruct/magicoder/seed42	magicoder	family_macro	hns_f4_s1 minus scalar_e	new_damage_rate	0.006097560975609755	0.0	0.01829268292682927	2000	2000	paired test samples conditional on one fixed source checkpoint
Llama-3.1-8B-Instruct/magicoder/seed42	magicoder	family_macro	hns_f4_s1 minus flat_e	recovery_rate	0.0	0.0	0.0	2000	2000	paired test samples conditional on one fixed source checkpoint
Llama-3.1-8B-Instruct/magicoder/seed42	magicoder	family_macro	hns_f4_s1 minus flat_e	retention_rate	0.050000000000000044	0.0	0.16666666666666663	2000	2000	paired test samples conditional on one fixed source checkpoint
Llama-3.1-8B-Instruct/magicoder/seed42	magicoder	family_macro	hns_f4_s1 minus flat_e	new_success_rate	0.012195121951219513	0.0	0.03048780487804878	2000	2000	paired test samples conditional on one fixed source checkpoint
Llama-3.1-8B-Instruct/magicoder/seed42	magicoder	family_macro	hns_f4_s1 minus flat_e	new_damage_rate	0.0	0.0	0.0	2000	2000	paired test samples conditional on one fixed source checkpoint
Llama-3.1-8B-Instruct/magicoder/seed42	magicoder	family_macro	scalar_e minus flat_e	recovery_rate	0.2222222222222222	0.05555555555555547	0.4444444444444444	2000	2000	paired test samples conditional on one fixed source checkpoint
Llama-3.1-8B-Instruct/magicoder/seed42	magicoder	family_macro	scalar_e minus flat_e	retention_rate	0.0	-0.1538461538461538	0.14285714285714285	2000	2000	paired test samples conditional on one fixed source checkpoint
Llama-3.1-8B-Instruct/magicoder/seed42	magicoder	family_macro	scalar_e minus flat_e	new_success_rate	0.0	0.0	0.0	2000	2000	paired test samples conditional on one fixed source checkpoint
Llama-3.1-8B-Instruct/magicoder/seed42	magicoder	family_macro	scalar_e minus flat_e	new_damage_rate	-0.006097560975609755	-0.01829268292682927	0.0	2000	2000	paired test samples conditional on one fixed source checkpoint
Llama-3.1-8B-Instruct/magicoder/seed42	metamath	family_macro	hns_f4_s1 minus scalar_e	recovery_rate	-0.02051282051282055	-0.06780326559588255	0.021621621621621623	2000	2000	paired test samples conditional on one fixed source checkpoint
Llama-3.1-8B-Instruct/magicoder/seed42	metamath	family_macro	hns_f4_s1 minus scalar_e	retention_rate	-0.0431034482758621	-0.09483784893267654	0.0	2000	2000	paired test samples conditional on one fixed source checkpoint
Llama-3.1-8B-Instruct/magicoder/seed42	metamath	family_macro	hns_f4_s1 minus scalar_e	new_success_rate	0.0	-0.009097801364670206	0.009097801364670206	2000	2000	paired test samples conditional on one fixed source checkpoint
Llama-3.1-8B-Instruct/magicoder/seed42	metamath	family_macro	hns_f4_s1 minus scalar_e	new_damage_rate	0.0037907505686125866	-0.003032600454890068	0.01061410159211524	2000	2000	paired test samples conditional on one fixed source checkpoint
Llama-3.1-8B-Instruct/magicoder/seed42	metamath	family_macro	hns_f4_s1 minus flat_e	recovery_rate	0.01025641025641022	-0.028089887640449396	0.0491803278688524	2000	2000	paired test samples conditional on one fixed source checkpoint
Llama-3.1-8B-Instruct/magicoder/seed42	metamath	family_macro	hns_f4_s1 minus flat_e	retention_rate	0.03448275862068961	0.0	0.07843909217230195	2000	2000	paired test samples conditional on one fixed source checkpoint
Llama-3.1-8B-Instruct/magicoder/seed42	metamath	family_macro	hns_f4_s1 minus flat_e	new_success_rate	0.00379075056861259	-0.00227445034116755	0.01061410159211524	2000	2000	paired test samples conditional on one fixed source checkpoint
Llama-3.1-8B-Instruct/magicoder/seed42	metamath	family_macro	hns_f4_s1 minus flat_e	new_damage_rate	0.0	-0.006823351023502653	0.006823351023502653	2000	2000	paired test samples conditional on one fixed source checkpoint
Llama-3.1-8B-Instruct/magicoder/seed42	metamath	family_macro	scalar_e minus flat_e	recovery_rate	0.03076923076923077	-0.015706806282722478	0.08000534759358292	2000	2000	paired test samples conditional on one fixed source checkpoint
Llama-3.1-8B-Instruct/magicoder/seed42	metamath	family_macro	scalar_e minus flat_e	retention_rate	0.07758620689655171	0.02702099420849421	0.1344708153531682	2000	2000	paired test samples conditional on one fixed source checkpoint
Llama-3.1-8B-Instruct/magicoder/seed42	metamath	family_macro	scalar_e minus flat_e	new_success_rate	0.00379075056861259	-0.005307050796057623	0.01288855193328279	2000	2000	paired test samples conditional on one fixed source checkpoint
Llama-3.1-8B-Instruct/magicoder/seed42	metamath	family_macro	scalar_e minus flat_e	new_damage_rate	-0.0037907505686125866	-0.01061410159211524	0.003790750568612583	2000	2000	paired test samples conditional on one fixed source checkpoint
Llama-3.1-8B-Instruct/magicoder/seed42	tulu	family_macro	hns_f4_s1 minus scalar_e	recovery_rate	0.04347826086956519	-0.04166666666666663	0.13043478260869568	2000	2000	paired test samples conditional on one fixed source checkpoint
Llama-3.1-8B-Instruct/magicoder/seed42	tulu	family_macro	hns_f4_s1 minus scalar_e	retention_rate	0.0	-0.14814814814814814	0.1428571428571428	2000	2000	paired test samples conditional on one fixed source checkpoint
Llama-3.1-8B-Instruct/magicoder/seed42	tulu	family_macro	hns_f4_s1 minus scalar_e	new_success_rate	-0.0018484288354898327	-0.012939001848428836	0.007393715341959336	2000	2000	paired test samples conditional on one fixed source checkpoint
Llama-3.1-8B-Instruct/magicoder/seed42	tulu	family_macro	hns_f4_s1 minus scalar_e	new_damage_rate	0.0018484288354898327	-0.00924214417744917	0.014787430683918669	2000	2000	paired test samples conditional on one fixed source checkpoint
Llama-3.1-8B-Instruct/magicoder/seed42	tulu	family_macro	hns_f4_s1 minus flat_e	recovery_rate	0.01449275362318836	-0.03228494623655922	0.06779661016949146	2000	2000	paired test samples conditional on one fixed source checkpoint
Llama-3.1-8B-Instruct/magicoder/seed42	tulu	family_macro	hns_f4_s1 minus flat_e	retention_rate	0.0	-0.14814814814814814	0.14285714285714285	2000	2000	paired test samples conditional on one fixed source checkpoint
Llama-3.1-8B-Instruct/magicoder/seed42	tulu	family_macro	hns_f4_s1 minus flat_e	new_success_rate	0.003696857670979669	-0.0055452865064695	0.012939001848428836	2000	2000	paired test samples conditional on one fixed source checkpoint
Llama-3.1-8B-Instruct/magicoder/seed42	tulu	family_macro	hns_f4_s1 minus flat_e	new_damage_rate	0.0	-0.011090573012939	0.00924214417744917	2000	2000	paired test samples conditional on one fixed source checkpoint
Llama-3.1-8B-Instruct/magicoder/seed42	tulu	family_macro	scalar_e minus flat_e	recovery_rate	-0.02898550724637683	-0.11115023474178408	0.05172973578145994	2000	2000	paired test samples conditional on one fixed source checkpoint
Llama-3.1-8B-Instruct/magicoder/seed42	tulu	family_macro	scalar_e minus flat_e	retention_rate	0.0	-0.11764705882352944	0.11764705882352944	2000	2000	paired test samples conditional on one fixed source checkpoint
Llama-3.1-8B-Instruct/magicoder/seed42	tulu	family_macro	scalar_e minus flat_e	new_success_rate	0.005545286506469502	-0.005545286506469502	0.018484288354898338	2000	2000	paired test samples conditional on one fixed source checkpoint
Llama-3.1-8B-Instruct/magicoder/seed42	tulu	family_macro	scalar_e minus flat_e	new_damage_rate	-0.0018484288354898327	-0.01478743068391867	0.011090573012939002	2000	2000	paired test samples conditional on one fixed source checkpoint
Llama-3.1-8B-Instruct/magicoder/seed42	commonsense	family_macro	hns_f4_s1 minus scalar_e	recovery_rate	-0.006523667569628744	-0.02986336501867424	0.017614843563279664	2000	2000	paired test samples conditional on one fixed source checkpoint
Llama-3.1-8B-Instruct/magicoder/seed42	commonsense	family_macro	hns_f4_s1 minus scalar_e	retention_rate	-0.0468994225884673	-0.08799519159315781	-0.009748523160904745	2000	2000	paired test samples conditional on one fixed source checkpoint
Llama-3.1-8B-Instruct/magicoder/seed42	commonsense	family_macro	hns_f4_s1 minus scalar_e	new_success_rate	0.00015419384044011763	-0.0005415887971462571	0.000941109896843598	2000	2000	paired test samples conditional on one fixed source checkpoint
Llama-3.1-8B-Instruct/magicoder/seed42	commonsense	family_macro	hns_f4_s1 minus scalar_e	new_damage_rate	0.00028369659437243143	-0.0005914209335072823	0.0010745483501825792	2000	2000	paired test samples conditional on one fixed source checkpoint
Llama-3.1-8B-Instruct/magicoder/seed42	commonsense	family_macro	hns_f4_s1 minus flat_e	recovery_rate	-0.011166926458493376	-0.03310962682875779	0.01139110412231738	2000	2000	paired test samples conditional on one fixed source checkpoint
Llama-3.1-8B-Instruct/magicoder/seed42	commonsense	family_macro	hns_f4_s1 minus flat_e	retention_rate	-0.015162746058972443	-0.04638686850433568	0.011382967915763436	2000	2000	paired test samples conditional on one fixed source checkpoint
Llama-3.1-8B-Instruct/magicoder/seed42	commonsense	family_macro	hns_f4_s1 minus flat_e	new_success_rate	0.00021518183321228676	-0.0005014262291757625	0.0011016615326969873	2000	2000	paired test samples conditional on one fixed source checkpoint
Llama-3.1-8B-Instruct/magicoder/seed42	commonsense	family_macro	hns_f4_s1 minus flat_e	new_damage_rate	4.288298668862767e-05	-0.00044429679862276715	0.0005767181026029021	2000	2000	paired test samples conditional on one fixed source checkpoint
Llama-3.1-8B-Instruct/magicoder/seed42	commonsense	family_macro	scalar_e minus flat_e	recovery_rate	-0.004643258888864632	-0.027261378629529102	0.018152579427622596	2000	2000	paired test samples conditional on one fixed source checkpoint
Llama-3.1-8B-Instruct/magicoder/seed42	commonsense	family_macro	scalar_e minus flat_e	retention_rate	0.031736676529494856	0.0023390441185283536	0.06519778448543578	2000	2000	paired test samples conditional on one fixed source checkpoint
Llama-3.1-8B-Instruct/magicoder/seed42	commonsense	family_macro	scalar_e minus flat_e	new_success_rate	6.098799277216914e-05	-0.0006364332823908048	0.0008566007239239181	2000	2000	paired test samples conditional on one fixed source checkpoint
Llama-3.1-8B-Instruct/magicoder/seed42	commonsense	family_macro	scalar_e minus flat_e	new_damage_rate	-0.00024081360768380376	-0.001023083927909451	0.000609301520415272	2000	2000	paired test samples conditional on one fixed source checkpoint
Llama-3.1-8B-Instruct/magicoder/seed42	all	checkpoint_macro	hns_f4_s1 minus scalar_e	recovery_rate	-0.05144511235877669	-0.11354921048520632	0.0002614658806845093	2000	2000	paired test samples conditional on one fixed source checkpoint
Llama-3.1-8B-Instruct/magicoder/seed42	all	checkpoint_macro	hns_f4_s1 minus scalar_e	retention_rate	-0.010000717716082241	-0.06621272416720224	0.05078847799142792	2000	2000	paired test samples conditional on one fixed source checkpoint
Llama-3.1-8B-Instruct/magicoder/seed42	all	checkpoint_macro	hns_f4_s1 minus scalar_e	new_success_rate	0.002625221739042446	-0.0026427095956555566	0.008207109156886773	2000	2000	paired test samples conditional on one fixed source checkpoint
Llama-3.1-8B-Instruct/magicoder/seed42	all	checkpoint_macro	hns_f4_s1 minus scalar_e	new_damage_rate	0.0030051092435211535	-0.001103335879479575	0.007746705887739303	2000	2000	paired test samples conditional on one fixed source checkpoint
Llama-3.1-8B-Instruct/magicoder/seed42	all	checkpoint_macro	hns_f4_s1 minus flat_e	recovery_rate	0.0033955593552762453	-0.013276856544451293	0.02021809208814287	2000	2000	paired test samples conditional on one fixed source checkpoint
Llama-3.1-8B-Instruct/magicoder/seed42	all	checkpoint_macro	hns_f4_s1 minus flat_e	retention_rate	0.017330003140429318	-0.02765066338974731	0.06233274462153413	2000	2000	paired test samples conditional on one fixed source checkpoint
Llama-3.1-8B-Instruct/magicoder/seed42	all	checkpoint_macro	hns_f4_s1 minus flat_e	new_success_rate	0.004974478006006013	0.00041356390638829546	0.010372851328078676	2000	2000	paired test samples conditional on one fixed source checkpoint
Llama-3.1-8B-Instruct/magicoder/seed42	all	checkpoint_macro	hns_f4_s1 minus flat_e	new_damage_rate	1.0720746672156917e-05	-0.0030439442969257676	0.0029690029442531085	2000	2000	paired test samples conditional on one fixed source checkpoint
Llama-3.1-8B-Instruct/magicoder/seed42	all	checkpoint_macro	scalar_e minus flat_e	recovery_rate	0.054840671714052935	0.004357337761669977	0.11501126865186963	2000	2000	paired test samples conditional on one fixed source checkpoint
Llama-3.1-8B-Instruct/magicoder/seed42	all	checkpoint_macro	scalar_e minus flat_e	retention_rate	0.02733072085651156	-0.025738788226173686	0.07649508815667475	2000	2000	paired test samples conditional on one fixed source checkpoint
Llama-3.1-8B-Instruct/magicoder/seed42	all	checkpoint_macro	scalar_e minus flat_e	new_success_rate	0.002349256266963567	-0.0015845890590046755	0.006281018482340571	2000	2000	paired test samples conditional on one fixed source checkpoint
Llama-3.1-8B-Instruct/magicoder/seed42	all	checkpoint_macro	scalar_e minus flat_e	new_damage_rate	-0.0029943884968489966	-0.007749596876340098	0.001671703139625558	2000	2000	paired test samples conditional on one fixed source checkpoint
Llama-3.1-8B-Instruct/magicoder/seed42	target	checkpoint_macro	hns_f4_s1 minus scalar_e	recovery_rate	-0.2222222222222222	-0.4444444444444444	-0.05555555555555547	2000	2000	paired test samples conditional on one fixed source checkpoint
Llama-3.1-8B-Instruct/magicoder/seed42	target	checkpoint_macro	hns_f4_s1 minus scalar_e	retention_rate	0.050000000000000044	-0.11544117647058827	0.23088235294117593	2000	2000	paired test samples conditional on one fixed source checkpoint
Llama-3.1-8B-Instruct/magicoder/seed42	target	checkpoint_macro	hns_f4_s1 minus scalar_e	new_success_rate	0.012195121951219513	0.0	0.03048780487804878	2000	2000	paired test samples conditional on one fixed source checkpoint
Llama-3.1-8B-Instruct/magicoder/seed42	target	checkpoint_macro	hns_f4_s1 minus scalar_e	new_damage_rate	0.006097560975609755	0.0	0.01829268292682927	2000	2000	paired test samples conditional on one fixed source checkpoint
Llama-3.1-8B-Instruct/magicoder/seed42	target	checkpoint_macro	hns_f4_s1 minus flat_e	recovery_rate	0.0	0.0	0.0	2000	2000	paired test samples conditional on one fixed source checkpoint
Llama-3.1-8B-Instruct/magicoder/seed42	target	checkpoint_macro	hns_f4_s1 minus flat_e	retention_rate	0.050000000000000044	0.0	0.16666666666666663	2000	2000	paired test samples conditional on one fixed source checkpoint
Llama-3.1-8B-Instruct/magicoder/seed42	target	checkpoint_macro	hns_f4_s1 minus flat_e	new_success_rate	0.012195121951219513	0.0	0.03048780487804878	2000	2000	paired test samples conditional on one fixed source checkpoint
Llama-3.1-8B-Instruct/magicoder/seed42	target	checkpoint_macro	hns_f4_s1 minus flat_e	new_damage_rate	0.0	0.0	0.0	2000	2000	paired test samples conditional on one fixed source checkpoint
Llama-3.1-8B-Instruct/magicoder/seed42	target	checkpoint_macro	scalar_e minus flat_e	recovery_rate	0.2222222222222222	0.05555555555555547	0.4444444444444444	2000	2000	paired test samples conditional on one fixed source checkpoint
Llama-3.1-8B-Instruct/magicoder/seed42	target	checkpoint_macro	scalar_e minus flat_e	retention_rate	0.0	-0.1538461538461538	0.14285714285714285	2000	2000	paired test samples conditional on one fixed source checkpoint
Llama-3.1-8B-Instruct/magicoder/seed42	target	checkpoint_macro	scalar_e minus flat_e	new_success_rate	0.0	0.0	0.0	2000	2000	paired test samples conditional on one fixed source checkpoint
Llama-3.1-8B-Instruct/magicoder/seed42	target	checkpoint_macro	scalar_e minus flat_e	new_damage_rate	-0.006097560975609755	-0.01829268292682927	0.0	2000	2000	paired test samples conditional on one fixed source checkpoint
Llama-3.1-8B-Instruct/magicoder/seed42	off_task	checkpoint_macro	hns_f4_s1 minus scalar_e	recovery_rate	0.005480590929038742	-0.02807238663338422	0.03964143762078461	2000	2000	paired test samples conditional on one fixed source checkpoint
Llama-3.1-8B-Instruct/magicoder/seed42	off_task	checkpoint_macro	hns_f4_s1 minus scalar_e	retention_rate	-0.030000956954776503	-0.08298224598387606	0.023010977198388155	2000	2000	paired test samples conditional on one fixed source checkpoint
Llama-3.1-8B-Instruct/magicoder/seed42	off_task	checkpoint_macro	hns_f4_s1 minus scalar_e	new_success_rate	-0.0005647449983499052	-0.005250405016136641	0.004089512559358361	2000	2000	paired test samples conditional on one fixed source checkpoint
Llama-3.1-8B-Instruct/magicoder/seed42	off_task	checkpoint_macro	hns_f4_s1 minus scalar_e	new_damage_rate	0.0019742919994916192	-0.002482806984098518	0.006562986912699748	2000	2000	paired test samples conditional on one fixed source checkpoint
Llama-3.1-8B-Instruct/magicoder/seed42	off_task	checkpoint_macro	hns_f4_s1 minus flat_e	recovery_rate	0.0045274124737018084	-0.017702475392601866	0.02695745611752394	2000	2000	paired test samples conditional on one fixed source checkpoint
Llama-3.1-8B-Instruct/magicoder/seed42	off_task	checkpoint_macro	hns_f4_s1 minus flat_e	retention_rate	0.006440004187239057	-0.04451558678542485	0.05697057636444252	2000	2000	paired test samples conditional on one fixed source checkpoint
Llama-3.1-8B-Instruct/magicoder/seed42	off_task	checkpoint_macro	hns_f4_s1 minus flat_e	new_success_rate	0.0025675966909348494	-0.0010683468447796264	0.006592652384289512	2000	2000	paired test samples conditional on one fixed source checkpoint
Llama-3.1-8B-Instruct/magicoder/seed42	off_task	checkpoint_macro	hns_f4_s1 minus flat_e	new_damage_rate	1.429432889620691e-05	-0.004058592395901026	0.0039586705923374725	2000	2000	paired test samples conditional on one fixed source checkpoint
Llama-3.1-8B-Instruct/magicoder/seed42	off_task	checkpoint_macro	scalar_e minus flat_e	recovery_rate	-0.0009531784553369338	-0.03337544968705737	0.030907193198061286	2000	2000	paired test samples conditional on one fixed source checkpoint
Llama-3.1-8B-Instruct/magicoder/seed42	off_task	checkpoint_macro	scalar_e minus flat_e	retention_rate	0.03644096114201556	-0.00741819026589761	0.08009520473348475	2000	2000	paired test samples conditional on one fixed source checkpoint
Llama-3.1-8B-Instruct/magicoder/seed42	off_task	checkpoint_macro	scalar_e minus flat_e	new_success_rate	0.0031323416892847546	-0.002112785412006235	0.00837469130978743	2000	2000	paired test samples conditional on one fixed source checkpoint
Llama-3.1-8B-Instruct/magicoder/seed42	off_task	checkpoint_macro	scalar_e minus flat_e	new_damage_rate	-0.0019599976705954123	-0.007156616311977531	0.003019936842530795	2000	2000	paired test samples conditional on one fixed source checkpoint
Llama-3.1-8B-Instruct/magicoder/seed43	magicoder	family_macro	hns_f4_s1 minus scalar_e	recovery_rate	-0.2222222222222222	-0.4285714285714286	-0.05256578947368452	2000	2000	paired test samples conditional on one fixed source checkpoint
Llama-3.1-8B-Instruct/magicoder/seed43	magicoder	family_macro	hns_f4_s1 minus scalar_e	retention_rate	0.04166666666666663	0.0	0.1363636363636364	2000	2000	paired test samples conditional on one fixed source checkpoint
Llama-3.1-8B-Instruct/magicoder/seed43	magicoder	family_macro	hns_f4_s1 minus scalar_e	new_success_rate	0.006097560975609756	0.0	0.01829268292682927	2000	2000	paired test samples conditional on one fixed source checkpoint
Llama-3.1-8B-Instruct/magicoder/seed43	magicoder	family_macro	hns_f4_s1 minus scalar_e	new_damage_rate	0.012195121951219511	0.0	0.030487804878048783	2000	2000	paired test samples conditional on one fixed source checkpoint
Llama-3.1-8B-Instruct/magicoder/seed43	magicoder	family_macro	hns_f4_s1 minus flat_e	recovery_rate	-0.05555555555555558	-0.1875	0.0	2000	2000	paired test samples conditional on one fixed source checkpoint
Llama-3.1-8B-Instruct/magicoder/seed43	magicoder	family_macro	hns_f4_s1 minus flat_e	retention_rate	-0.04166666666666674	-0.1428571428571428	0.0	2000	2000	paired test samples conditional on one fixed source checkpoint
Llama-3.1-8B-Instruct/magicoder/seed43	magicoder	family_macro	hns_f4_s1 minus flat_e	new_success_rate	-0.012195121951219513	-0.030487804878048783	0.0	2000	2000	paired test samples conditional on one fixed source checkpoint
Llama-3.1-8B-Instruct/magicoder/seed43	magicoder	family_macro	hns_f4_s1 minus flat_e	new_damage_rate	0.0	0.0	0.0	2000	2000	paired test samples conditional on one fixed source checkpoint
Llama-3.1-8B-Instruct/magicoder/seed43	magicoder	family_macro	scalar_e minus flat_e	recovery_rate	0.16666666666666663	0.0	0.35714285714285715	2000	2000	paired test samples conditional on one fixed source checkpoint
Llama-3.1-8B-Instruct/magicoder/seed43	magicoder	family_macro	scalar_e minus flat_e	retention_rate	-0.08333333333333337	-0.21739130434782605	0.0	2000	2000	paired test samples conditional on one fixed source checkpoint
Llama-3.1-8B-Instruct/magicoder/seed43	magicoder	family_macro	scalar_e minus flat_e	new_success_rate	-0.01829268292682927	-0.042682926829268296	0.0	2000	2000	paired test samples conditional on one fixed source checkpoint
Llama-3.1-8B-Instruct/magicoder/seed43	magicoder	family_macro	scalar_e minus flat_e	new_damage_rate	-0.012195121951219511	-0.030487804878048783	0.0	2000	2000	paired test samples conditional on one fixed source checkpoint
Llama-3.1-8B-Instruct/magicoder/seed43	metamath	family_macro	hns_f4_s1 minus scalar_e	recovery_rate	-0.04054054054054046	-0.09702461717387097	0.014396424037240773	2000	2000	paired test samples conditional on one fixed source checkpoint
Llama-3.1-8B-Instruct/magicoder/seed43	metamath	family_macro	hns_f4_s1 minus scalar_e	retention_rate	-0.024096385542168697	-0.08844342470716102	0.04196330777656078	2000	2000	paired test samples conditional on one fixed source checkpoint
Llama-3.1-8B-Instruct/magicoder/seed43	metamath	family_macro	hns_f4_s1 minus scalar_e	new_success_rate	-0.0030326004548900665	-0.01288855193328279	0.0068233510235026565	2000	2000	paired test samples conditional on one fixed source checkpoint
Llama-3.1-8B-Instruct/magicoder/seed43	metamath	family_macro	hns_f4_s1 minus scalar_e	new_damage_rate	-0.007581501137225173	-0.015163002274450343	0.0	2000	2000	paired test samples conditional on one fixed source checkpoint
Llama-3.1-8B-Instruct/magicoder/seed43	metamath	family_macro	hns_f4_s1 minus flat_e	recovery_rate	0.006756756756756799	-0.04054054054054057	0.05673758865248224	2000	2000	paired test samples conditional on one fixed source checkpoint
Llama-3.1-8B-Instruct/magicoder/seed43	metamath	family_macro	hns_f4_s1 minus flat_e	retention_rate	0.006024096385542188	-0.04069767441860467	0.05142857142857138	2000	2000	paired test samples conditional on one fixed source checkpoint
Llama-3.1-8B-Instruct/magicoder/seed43	metamath	family_macro	hns_f4_s1 minus flat_e	new_success_rate	0.0068233510235026565	-0.0007581501137225166	0.01440485216072783	2000	2000	paired test samples conditional on one fixed source checkpoint
Llama-3.1-8B-Instruct/magicoder/seed43	metamath	family_macro	hns_f4_s1 minus flat_e	new_damage_rate	-0.0007581501137225166	-0.006065200909780136	0.004548900682335103	2000	2000	paired test samples conditional on one fixed source checkpoint
Llama-3.1-8B-Instruct/magicoder/seed43	metamath	family_macro	scalar_e minus flat_e	recovery_rate	0.04729729729729726	0.0	0.09756556024206854	2000	2000	paired test samples conditional on one fixed source checkpoint
Llama-3.1-8B-Instruct/magicoder/seed43	metamath	family_macro	scalar_e minus flat_e	retention_rate	0.030120481927710885	-0.03448275862068961	0.08839779005524862	2000	2000	paired test samples conditional on one fixed source checkpoint
Llama-3.1-8B-Instruct/magicoder/seed43	metamath	family_macro	scalar_e minus flat_e	new_success_rate	0.009855951478392723	0.0	0.01971190295678544	2000	2000	paired test samples conditional on one fixed source checkpoint
Llama-3.1-8B-Instruct/magicoder/seed43	metamath	family_macro	scalar_e minus flat_e	new_damage_rate	0.0068233510235026565	-0.0015163002274450332	0.01516300227445034	2000	2000	paired test samples conditional on one fixed source checkpoint
Llama-3.1-8B-Instruct/magicoder/seed43	tulu	family_macro	hns_f4_s1 minus scalar_e	recovery_rate	0.027027027027026973	-0.04033492429229753	0.09708737864077666	2000	2000	paired test samples conditional on one fixed source checkpoint
Llama-3.1-8B-Instruct/magicoder/seed43	tulu	family_macro	hns_f4_s1 minus scalar_e	retention_rate	-0.11428571428571432	-0.25	0.025657894736842032	2000	2000	paired test samples conditional on one fixed source checkpoint
Llama-3.1-8B-Instruct/magicoder/seed43	tulu	family_macro	hns_f4_s1 minus scalar_e	new_success_rate	0.0	-0.011090573012939	0.00924214417744917	2000	2000	paired test samples conditional on one fixed source checkpoint
Llama-3.1-8B-Instruct/magicoder/seed43	tulu	family_macro	hns_f4_s1 minus scalar_e	new_damage_rate	0.0018484288354898293	-0.011090573012938996	0.014787430683918669	2000	2000	paired test samples conditional on one fixed source checkpoint
Llama-3.1-8B-Instruct/magicoder/seed43	tulu	family_macro	hns_f4_s1 minus flat_e	recovery_rate	-0.027027027027027084	-0.07476635514018692	0.017699115044247815	2000	2000	paired test samples conditional on one fixed source checkpoint
Llama-3.1-8B-Instruct/magicoder/seed43	tulu	family_macro	hns_f4_s1 minus flat_e	retention_rate	-0.05714285714285716	-0.15	0.0	2000	2000	paired test samples conditional on one fixed source checkpoint
Llama-3.1-8B-Instruct/magicoder/seed43	tulu	family_macro	hns_f4_s1 minus flat_e	new_success_rate	-0.005545286506469502	-0.014787430683918672	0.003696857670979669	2000	2000	paired test samples conditional on one fixed source checkpoint
Llama-3.1-8B-Instruct/magicoder/seed43	tulu	family_macro	hns_f4_s1 minus flat_e	new_damage_rate	-0.0036968576709796655	-0.014787430683918669	0.007393715341959338	2000	2000	paired test samples conditional on one fixed source checkpoint
Llama-3.1-8B-Instruct/magicoder/seed43	tulu	family_macro	scalar_e minus flat_e	recovery_rate	-0.05405405405405406	-0.11594526397515524	0.008403361344537785	2000	2000	paired test samples conditional on one fixed source checkpoint
Llama-3.1-8B-Instruct/magicoder/seed43	tulu	family_macro	scalar_e minus flat_e	retention_rate	0.05714285714285716	-0.052667140825035555	0.1764705882352941	2000	2000	paired test samples conditional on one fixed source checkpoint
Llama-3.1-8B-Instruct/magicoder/seed43	tulu	family_macro	scalar_e minus flat_e	new_success_rate	-0.005545286506469502	-0.016635859519408505	0.005545286506469502	2000	2000	paired test samples conditional on one fixed source checkpoint
Llama-3.1-8B-Instruct/magicoder/seed43	tulu	family_macro	scalar_e minus flat_e	new_damage_rate	-0.005545286506469495	-0.018484288354898334	0.007393715341959338	2000	2000	paired test samples conditional on one fixed source checkpoint
Llama-3.1-8B-Instruct/magicoder/seed43	commonsense	family_macro	hns_f4_s1 minus scalar_e	recovery_rate	0.024097997213884947	0.006085111253263098	0.04434695296175379	2000	2000	paired test samples conditional on one fixed source checkpoint
Llama-3.1-8B-Instruct/magicoder/seed43	commonsense	family_macro	hns_f4_s1 minus scalar_e	retention_rate	-0.0015024697462026615	-0.021007838930938917	0.01879736407289567	2000	2000	paired test samples conditional on one fixed source checkpoint
Llama-3.1-8B-Instruct/magicoder/seed43	commonsense	family_macro	hns_f4_s1 minus scalar_e	new_success_rate	0.0003835728083702167	-0.0010201644103334756	0.0018596401263763695	2000	2000	paired test samples conditional on one fixed source checkpoint
Llama-3.1-8B-Instruct/magicoder/seed43	commonsense	family_macro	hns_f4_s1 minus scalar_e	new_damage_rate	-0.0020096165588424503	-0.003482251280993917	-0.000522916742721782	2000	2000	paired test samples conditional on one fixed source checkpoint
Llama-3.1-8B-Instruct/magicoder/seed43	commonsense	family_macro	hns_f4_s1 minus flat_e	recovery_rate	0.008644655996620787	-0.007050454077534137	0.027225944211648628	2000	2000	paired test samples conditional on one fixed source checkpoint
Llama-3.1-8B-Instruct/magicoder/seed43	commonsense	family_macro	hns_f4_s1 minus flat_e	retention_rate	-0.011741468388577703	-0.022732650448963925	-0.002751640273975193	2000	2000	paired test samples conditional on one fixed source checkpoint
Llama-3.1-8B-Instruct/magicoder/seed43	commonsense	family_macro	hns_f4_s1 minus flat_e	new_success_rate	-0.0001198186011580546	-0.0007756240384072123	0.0005468400658605973	2000	2000	paired test samples conditional on one fixed source checkpoint
Llama-3.1-8B-Instruct/magicoder/seed43	commonsense	family_macro	hns_f4_s1 minus flat_e	new_damage_rate	2.4633671942900226e-05	-0.0008241012908108095	0.0008491056167285018	2000	2000	paired test samples conditional on one fixed source checkpoint
Llama-3.1-8B-Instruct/magicoder/seed43	commonsense	family_macro	scalar_e minus flat_e	recovery_rate	-0.01545334121726416	-0.03482829904874335	0.003627803814100518	2000	2000	paired test samples conditional on one fixed source checkpoint
Llama-3.1-8B-Instruct/magicoder/seed43	commonsense	family_macro	scalar_e minus flat_e	retention_rate	-0.010238998642375041	-0.027849566920893673	0.005864146451321107	2000	2000	paired test samples conditional on one fixed source checkpoint
Llama-3.1-8B-Instruct/magicoder/seed43	commonsense	family_macro	scalar_e minus flat_e	new_success_rate	-0.0005033914095282713	-0.001944283759500855	0.0008306285315319532	2000	2000	paired test samples conditional on one fixed source checkpoint
Llama-3.1-8B-Instruct/magicoder/seed43	commonsense	family_macro	scalar_e minus flat_e	new_damage_rate	0.0020342502307853505	0.0005736851589247409	0.0035481896559866337	2000	2000	paired test samples conditional on one fixed source checkpoint
Llama-3.1-8B-Instruct/magicoder/seed43	all	checkpoint_macro	hns_f4_s1 minus scalar_e	recovery_rate	-0.052909434630462604	-0.11181907798140554	-0.0007761290229051083	2000	2000	paired test samples conditional on one fixed source checkpoint
Llama-3.1-8B-Instruct/magicoder/seed43	all	checkpoint_macro	hns_f4_s1 minus scalar_e	retention_rate	-0.02455447572685482	-0.066693735749626	0.01861702381386348	2000	2000	paired test samples conditional on one fixed source checkpoint
Llama-3.1-8B-Instruct/magicoder/seed43	all	checkpoint_macro	hns_f4_s1 minus scalar_e	new_success_rate	0.0008621333322724779	-0.003693376427562109	0.00551252098755673	2000	2000	paired test samples conditional on one fixed source checkpoint
Llama-3.1-8B-Instruct/magicoder/seed43	all	checkpoint_macro	hns_f4_s1 minus scalar_e	new_damage_rate	0.001113108272660427	-0.003929016969216256	0.007336219594057812	2000	2000	paired test samples conditional on one fixed source checkpoint
Llama-3.1-8B-Instruct/magicoder/seed43	all	checkpoint_macro	hns_f4_s1 minus flat_e	recovery_rate	-0.01679529245730116	-0.05313392515311942	0.010470619564941573	2000	2000	paired test samples conditional on one fixed source checkpoint
Llama-3.1-8B-Instruct/magicoder/seed43	all	checkpoint_macro	hns_f4_s1 minus flat_e	retention_rate	-0.02613172395313984	-0.06268358064644122	6.141747456930075e-05	2000	2000	paired test samples conditional on one fixed source checkpoint
Llama-3.1-8B-Instruct/magicoder/seed43	all	checkpoint_macro	hns_f4_s1 minus flat_e	new_success_rate	-0.0027592190088361022	-0.00842553858662118	0.0018667006542157122	2000	2000	paired test samples conditional on one fixed source checkpoint
Llama-3.1-8B-Instruct/magicoder/seed43	all	checkpoint_macro	hns_f4_s1 minus flat_e	new_damage_rate	-0.0011075935281898222	-0.004208418626006055	0.0020664801313107534	2000	2000	paired test samples conditional on one fixed source checkpoint
Llama-3.1-8B-Instruct/magicoder/seed43	all	checkpoint_macro	scalar_e minus flat_e	recovery_rate	0.036114142173161445	-0.009822043240062583	0.0871049135571061	2000	2000	paired test samples conditional on one fixed source checkpoint
Llama-3.1-8B-Instruct/magicoder/seed43	all	checkpoint_macro	scalar_e minus flat_e	retention_rate	-0.0015772482262850218	-0.04804112235920152	0.04136197352518312	2000	2000	paired test samples conditional on one fixed source checkpoint
Llama-3.1-8B-Instruct/magicoder/seed43	all	checkpoint_macro	scalar_e minus flat_e	new_success_rate	-0.00362135234110858	-0.010184436394147409	0.0019055611987422018	2000	2000	paired test samples conditional on one fixed source checkpoint
Llama-3.1-8B-Instruct/magicoder/seed43	all	checkpoint_macro	scalar_e minus flat_e	new_damage_rate	-0.0022207018008502492	-0.00835228828725541	0.0028988212715315366	2000	2000	paired test samples conditional on one fixed source checkpoint
Llama-3.1-8B-Instruct/magicoder/seed43	target	checkpoint_macro	hns_f4_s1 minus scalar_e	recovery_rate	-0.2222222222222222	-0.4285714285714286	-0.05256578947368452	2000	2000	paired test samples conditional on one fixed source checkpoint
Llama-3.1-8B-Instruct/magicoder/seed43	target	checkpoint_macro	hns_f4_s1 minus scalar_e	retention_rate	0.04166666666666663	0.0	0.1363636363636364	2000	2000	paired test samples conditional on one fixed source checkpoint
Llama-3.1-8B-Instruct/magicoder/seed43	target	checkpoint_macro	hns_f4_s1 minus scalar_e	new_success_rate	0.006097560975609756	0.0	0.01829268292682927	2000	2000	paired test samples conditional on one fixed source checkpoint
Llama-3.1-8B-Instruct/magicoder/seed43	target	checkpoint_macro	hns_f4_s1 minus scalar_e	new_damage_rate	0.012195121951219511	0.0	0.030487804878048783	2000	2000	paired test samples conditional on one fixed source checkpoint
Llama-3.1-8B-Instruct/magicoder/seed43	target	checkpoint_macro	hns_f4_s1 minus flat_e	recovery_rate	-0.05555555555555558	-0.1875	0.0	2000	2000	paired test samples conditional on one fixed source checkpoint
Llama-3.1-8B-Instruct/magicoder/seed43	target	checkpoint_macro	hns_f4_s1 minus flat_e	retention_rate	-0.04166666666666674	-0.1428571428571428	0.0	2000	2000	paired test samples conditional on one fixed source checkpoint
Llama-3.1-8B-Instruct/magicoder/seed43	target	checkpoint_macro	hns_f4_s1 minus flat_e	new_success_rate	-0.012195121951219513	-0.030487804878048783	0.0	2000	2000	paired test samples conditional on one fixed source checkpoint
Llama-3.1-8B-Instruct/magicoder/seed43	target	checkpoint_macro	hns_f4_s1 minus flat_e	new_damage_rate	0.0	0.0	0.0	2000	2000	paired test samples conditional on one fixed source checkpoint
Llama-3.1-8B-Instruct/magicoder/seed43	target	checkpoint_macro	scalar_e minus flat_e	recovery_rate	0.16666666666666663	0.0	0.35714285714285715	2000	2000	paired test samples conditional on one fixed source checkpoint
Llama-3.1-8B-Instruct/magicoder/seed43	target	checkpoint_macro	scalar_e minus flat_e	retention_rate	-0.08333333333333337	-0.21739130434782605	0.0	2000	2000	paired test samples conditional on one fixed source checkpoint
Llama-3.1-8B-Instruct/magicoder/seed43	target	checkpoint_macro	scalar_e minus flat_e	new_success_rate	-0.01829268292682927	-0.042682926829268296	0.0	2000	2000	paired test samples conditional on one fixed source checkpoint
Llama-3.1-8B-Instruct/magicoder/seed43	target	checkpoint_macro	scalar_e minus flat_e	new_damage_rate	-0.012195121951219511	-0.030487804878048783	0.0	2000	2000	paired test samples conditional on one fixed source checkpoint
Llama-3.1-8B-Instruct/magicoder/seed43	off_task	checkpoint_macro	hns_f4_s1 minus scalar_e	recovery_rate	0.0035281612334571166	-0.026889078660051722	0.033029060466530674	2000	2000	paired test samples conditional on one fixed source checkpoint
Llama-3.1-8B-Instruct/magicoder/seed43	off_task	checkpoint_macro	hns_f4_s1 minus scalar_e	retention_rate	-0.046628189858028524	-0.09788126800142706	-0.00017360723631111233	2000	2000	paired test samples conditional on one fixed source checkpoint
Llama-3.1-8B-Instruct/magicoder/seed43	off_task	checkpoint_macro	hns_f4_s1 minus scalar_e	new_success_rate	-0.0008830092155066166	-0.005763429060394849	0.003798447475026409	2000	2000	paired test samples conditional on one fixed source checkpoint
Llama-3.1-8B-Instruct/magicoder/seed43	off_task	checkpoint_macro	hns_f4_s1 minus scalar_e	new_damage_rate	-0.0025808962868592647	-0.007367507664184861	0.0023294167591134617	2000	2000	paired test samples conditional on one fixed source checkpoint
Llama-3.1-8B-Instruct/magicoder/seed43	off_task	checkpoint_macro	hns_f4_s1 minus flat_e	recovery_rate	-0.003875204757883055	-0.02725075628456539	0.020185324593054697	2000	2000	paired test samples conditional on one fixed source checkpoint
Llama-3.1-8B-Instruct/magicoder/seed43	off_task	checkpoint_macro	hns_f4_s1 minus flat_e	retention_rate	-0.020953409715297522	-0.055062650522571595	0.005939423904464676	2000	2000	paired test samples conditional on one fixed source checkpoint
Llama-3.1-8B-Instruct/magicoder/seed43	off_task	checkpoint_macro	hns_f4_s1 minus flat_e	new_success_rate	0.00038608197195836094	-0.003887478286832491	0.004494229495947206	2000	2000	paired test samples conditional on one fixed source checkpoint
Llama-3.1-8B-Instruct/magicoder/seed43	off_task	checkpoint_macro	hns_f4_s1 minus flat_e	new_damage_rate	-0.0014767913709197583	-0.005611224834674736	0.002755306841747666	2000	2000	paired test samples conditional on one fixed source checkpoint
Llama-3.1-8B-Instruct/magicoder/seed43	off_task	checkpoint_macro	scalar_e minus flat_e	recovery_rate	-0.007403365991340172	-0.03510778636276397	0.02009254051028363	2000	2000	paired test samples conditional on one fixed source checkpoint
Llama-3.1-8B-Instruct/magicoder/seed43	off_task	checkpoint_macro	scalar_e minus flat_e	retention_rate	0.025674780142731002	-0.016711372468760935	0.06903041138844976	2000	2000	paired test samples conditional on one fixed source checkpoint
Llama-3.1-8B-Instruct/magicoder/seed43	off_task	checkpoint_macro	scalar_e minus flat_e	new_success_rate	0.0012690911874649775	-0.0037826672277268057	0.006070623762269069	2000	2000	paired test samples conditional on one fixed source checkpoint
Llama-3.1-8B-Instruct/magicoder/seed43	off_task	checkpoint_macro	scalar_e minus flat_e	new_damage_rate	0.0011041049159395064	-0.00439884602946961	0.006144996546899635	2000	2000	paired test samples conditional on one fixed source checkpoint
Llama-3.1-8B-Instruct/magicoder/seed44	magicoder	family_macro	hns_f4_s1 minus scalar_e	recovery_rate	-0.35	-0.5625	-0.15375000000000047	2000	2000	paired test samples conditional on one fixed source checkpoint
Llama-3.1-8B-Instruct/magicoder/seed44	magicoder	family_macro	hns_f4_s1 minus scalar_e	retention_rate	-0.045454545454545525	-0.14814814814814814	0.0	2000	2000	paired test samples conditional on one fixed source checkpoint
Llama-3.1-8B-Instruct/magicoder/seed44	magicoder	family_macro	hns_f4_s1 minus scalar_e	new_success_rate	0.0	0.0	0.0	2000	2000	paired test samples conditional on one fixed source checkpoint
Llama-3.1-8B-Instruct/magicoder/seed44	magicoder	family_macro	hns_f4_s1 minus scalar_e	new_damage_rate	0.012195121951219511	0.0	0.03048780487804878	2000	2000	paired test samples conditional on one fixed source checkpoint
Llama-3.1-8B-Instruct/magicoder/seed44	magicoder	family_macro	hns_f4_s1 minus flat_e	recovery_rate	-0.04999999999999999	-0.16666666666666663	0.0	2000	2000	paired test samples conditional on one fixed source checkpoint
Llama-3.1-8B-Instruct/magicoder/seed44	magicoder	family_macro	hns_f4_s1 minus flat_e	retention_rate	-0.045454545454545525	-0.15000000000000002	0.0	2000	2000	paired test samples conditional on one fixed source checkpoint
Llama-3.1-8B-Instruct/magicoder/seed44	magicoder	family_macro	hns_f4_s1 minus flat_e	new_success_rate	0.0	0.0	0.0	2000	2000	paired test samples conditional on one fixed source checkpoint
Llama-3.1-8B-Instruct/magicoder/seed44	magicoder	family_macro	hns_f4_s1 minus flat_e	new_damage_rate	0.0	0.0	0.0	2000	2000	paired test samples conditional on one fixed source checkpoint
Llama-3.1-8B-Instruct/magicoder/seed44	magicoder	family_macro	scalar_e minus flat_e	recovery_rate	0.3	0.11111111111111116	0.5	2000	2000	paired test samples conditional on one fixed source checkpoint
Llama-3.1-8B-Instruct/magicoder/seed44	magicoder	family_macro	scalar_e minus flat_e	retention_rate	0.0	-0.13636363636363635	0.13043478260869568	2000	2000	paired test samples conditional on one fixed source checkpoint
Llama-3.1-8B-Instruct/magicoder/seed44	magicoder	family_macro	scalar_e minus flat_e	new_success_rate	0.0	0.0	0.0	2000	2000	paired test samples conditional on one fixed source checkpoint
Llama-3.1-8B-Instruct/magicoder/seed44	magicoder	family_macro	scalar_e minus flat_e	new_damage_rate	-0.012195121951219511	-0.03048780487804878	0.0	2000	2000	paired test samples conditional on one fixed source checkpoint
Llama-3.1-8B-Instruct/magicoder/seed44	metamath	family_macro	hns_f4_s1 minus scalar_e	recovery_rate	-0.01898734177215189	-0.07433403230817026	0.035092879256965914	2000	2000	paired test samples conditional on one fixed source checkpoint
Llama-3.1-8B-Instruct/magicoder/seed44	metamath	family_macro	hns_f4_s1 minus scalar_e	retention_rate	-0.06030150753768848	-0.11111111111111105	-0.011486226160662718	2000	2000	paired test samples conditional on one fixed source checkpoint
Llama-3.1-8B-Instruct/magicoder/seed44	metamath	family_macro	hns_f4_s1 minus scalar_e	new_success_rate	-0.0030326004548900734	-0.012130401819560273	0.0068233510235026565	2000	2000	paired test samples conditional on one fixed source checkpoint
Llama-3.1-8B-Instruct/magicoder/seed44	metamath	family_macro	hns_f4_s1 minus scalar_e	new_damage_rate	-0.0037907505686125866	-0.011372251705837756	0.0037907505686125866	2000	2000	paired test samples conditional on one fixed source checkpoint
Llama-3.1-8B-Instruct/magicoder/seed44	metamath	family_macro	hns_f4_s1 minus flat_e	recovery_rate	0.012658227848101222	-0.029586894586894626	0.05369127516778516	2000	2000	paired test samples conditional on one fixed source checkpoint
Llama-3.1-8B-Instruct/magicoder/seed44	metamath	family_macro	hns_f4_s1 minus flat_e	retention_rate	-0.01005025125628145	-0.050692998666635534	0.02970297029702973	2000	2000	paired test samples conditional on one fixed source checkpoint
Llama-3.1-8B-Instruct/magicoder/seed44	metamath	family_macro	hns_f4_s1 minus flat_e	new_success_rate	0.0045489006823351	-0.00227445034116755	0.011372251705837756	2000	2000	paired test samples conditional on one fixed source checkpoint
Llama-3.1-8B-Instruct/magicoder/seed44	metamath	family_macro	hns_f4_s1 minus flat_e	new_damage_rate	0.0007581501137225166	-0.004548900682335103	0.00606520090978014	2000	2000	paired test samples conditional on one fixed source checkpoint
Llama-3.1-8B-Instruct/magicoder/seed44	metamath	family_macro	scalar_e minus flat_e	recovery_rate	0.03164556962025311	-0.023124747949993266	0.08609271523178808	2000	2000	paired test samples conditional on one fixed source checkpoint
Llama-3.1-8B-Instruct/magicoder/seed44	metamath	family_macro	scalar_e minus flat_e	retention_rate	0.05025125628140703	-0.004878048780487809	0.1039631960933649	2000	2000	paired test samples conditional on one fixed source checkpoint
Llama-3.1-8B-Instruct/magicoder/seed44	metamath	family_macro	scalar_e minus flat_e	new_success_rate	0.007581501137225173	-0.0015163002274450332	0.016679302501895373	2000	2000	paired test samples conditional on one fixed source checkpoint
Llama-3.1-8B-Instruct/magicoder/seed44	metamath	family_macro	scalar_e minus flat_e	new_damage_rate	0.004548900682335103	-0.00303260045489007	0.01288855193328279	2000	2000	paired test samples conditional on one fixed source checkpoint
Llama-3.1-8B-Instruct/magicoder/seed44	tulu	family_macro	hns_f4_s1 minus scalar_e	recovery_rate	0.0	-0.05660913379073766	0.056609133790737634	2000	2000	paired test samples conditional on one fixed source checkpoint
Llama-3.1-8B-Instruct/magicoder/seed44	tulu	family_macro	hns_f4_s1 minus scalar_e	retention_rate	-0.02857142857142858	-0.17857142857142855	0.12202743902438982	2000	2000	paired test samples conditional on one fixed source checkpoint
Llama-3.1-8B-Instruct/magicoder/seed44	tulu	family_macro	hns_f4_s1 minus scalar_e	new_success_rate	0.0	-0.009242144177449167	0.009242144177449167	2000	2000	paired test samples conditional on one fixed source checkpoint
Llama-3.1-8B-Instruct/magicoder/seed44	tulu	family_macro	hns_f4_s1 minus scalar_e	new_damage_rate	0.0036968576709796655	-0.011090573012939003	0.018484288354898334	2000	2000	paired test samples conditional on one fixed source checkpoint
Llama-3.1-8B-Instruct/magicoder/seed44	tulu	family_macro	hns_f4_s1 minus flat_e	recovery_rate	0.06060606060606066	0.0	0.1235984014826828	2000	2000	paired test samples conditional on one fixed source checkpoint
Llama-3.1-8B-Instruct/magicoder/seed44	tulu	family_macro	hns_f4_s1 minus flat_e	retention_rate	0.0	-0.11428571428571427	0.11538461538461536	2000	2000	paired test samples conditional on one fixed source checkpoint
Llama-3.1-8B-Instruct/magicoder/seed44	tulu	family_macro	hns_f4_s1 minus flat_e	new_success_rate	-0.0018484288354898362	-0.011090573012939003	0.007393715341959338	2000	2000	paired test samples conditional on one fixed source checkpoint
Llama-3.1-8B-Instruct/magicoder/seed44	tulu	family_macro	hns_f4_s1 minus flat_e	new_damage_rate	0.009242144177449167	0.0	0.02033271719038817	2000	2000	paired test samples conditional on one fixed source checkpoint
Llama-3.1-8B-Instruct/magicoder/seed44	tulu	family_macro	scalar_e minus flat_e	recovery_rate	0.06060606060606066	-0.010309278350515427	0.13001086956521735	2000	2000	paired test samples conditional on one fixed source checkpoint
Llama-3.1-8B-Instruct/magicoder/seed44	tulu	family_macro	scalar_e minus flat_e	retention_rate	0.02857142857142858	-0.12913978494623654	0.18604651162790697	2000	2000	paired test samples conditional on one fixed source checkpoint
Llama-3.1-8B-Instruct/magicoder/seed44	tulu	family_macro	scalar_e minus flat_e	new_success_rate	-0.0018484288354898362	-0.012939001848428836	0.00924214417744917	2000	2000	paired test samples conditional on one fixed source checkpoint
Llama-3.1-8B-Instruct/magicoder/seed44	tulu	family_macro	scalar_e minus flat_e	new_damage_rate	0.005545286506469502	-0.009242144177449167	0.022181146025878	2000	2000	paired test samples conditional on one fixed source checkpoint
Llama-3.1-8B-Instruct/magicoder/seed44	commonsense	family_macro	hns_f4_s1 minus scalar_e	recovery_rate	0.023824682009421116	0.0009944726639129129	0.048290668708506214	2000	2000	paired test samples conditional on one fixed source checkpoint
Llama-3.1-8B-Instruct/magicoder/seed44	commonsense	family_macro	hns_f4_s1 minus scalar_e	retention_rate	-0.009355728018933807	-0.0337802714427417	0.014781012544912767	2000	2000	paired test samples conditional on one fixed source checkpoint
Llama-3.1-8B-Instruct/magicoder/seed44	commonsense	family_macro	hns_f4_s1 minus scalar_e	new_success_rate	0.0005460787511455886	-0.0006403713016711198	0.0016950673560477995	2000	2000	paired test samples conditional on one fixed source checkpoint
Llama-3.1-8B-Instruct/magicoder/seed44	commonsense	family_macro	hns_f4_s1 minus scalar_e	new_damage_rate	-0.0006391795684085651	-0.0021141403459258245	0.0007816754296203155	2000	2000	paired test samples conditional on one fixed source checkpoint
Llama-3.1-8B-Instruct/magicoder/seed44	commonsense	family_macro	hns_f4_s1 minus flat_e	recovery_rate	0.007560879434580725	-0.008752830130965403	0.024513322244034793	2000	2000	paired test samples conditional on one fixed source checkpoint
Llama-3.1-8B-Instruct/magicoder/seed44	commonsense	family_macro	hns_f4_s1 minus flat_e	retention_rate	-0.007474463304024681	-0.019479965384087458	0.0030595147199272065	2000	2000	paired test samples conditional on one fixed source checkpoint
Llama-3.1-8B-Instruct/magicoder/seed44	commonsense	family_macro	hns_f4_s1 minus flat_e	new_success_rate	0.000270485129682441	-0.0005057879141854492	0.0011149308238277967	2000	2000	paired test samples conditional on one fixed source checkpoint
Llama-3.1-8B-Instruct/magicoder/seed44	commonsense	family_macro	hns_f4_s1 minus flat_e	new_damage_rate	0.0005499901014074556	-0.0003906645413105036	0.0015343415772155488	2000	2000	paired test samples conditional on one fixed source checkpoint
Llama-3.1-8B-Instruct/magicoder/seed44	commonsense	family_macro	scalar_e minus flat_e	recovery_rate	-0.01626380257484039	-0.036390464989079364	0.003065650181268736	2000	2000	paired test samples conditional on one fixed source checkpoint
Llama-3.1-8B-Instruct/magicoder/seed44	commonsense	family_macro	scalar_e minus flat_e	retention_rate	0.0018812647149091255	-0.022762512999614574	0.02635591879414441	2000	2000	paired test samples conditional on one fixed source checkpoint
Llama-3.1-8B-Instruct/magicoder/seed44	commonsense	family_macro	scalar_e minus flat_e	new_success_rate	-0.00027559362146314763	-0.0012828568560618594	0.0007475108089253815	2000	2000	paired test samples conditional on one fixed source checkpoint
Llama-3.1-8B-Instruct/magicoder/seed44	commonsense	family_macro	scalar_e minus flat_e	new_damage_rate	0.0011891696698160207	-0.00018680805858727184	0.002659619586470715	2000	2000	paired test samples conditional on one fixed source checkpoint
Llama-3.1-8B-Instruct/magicoder/seed44	all	checkpoint_macro	hns_f4_s1 minus scalar_e	recovery_rate	-0.08629066494068272	-0.1440923323674063	-0.032540420089248796	2000	2000	paired test samples conditional on one fixed source checkpoint
Llama-3.1-8B-Instruct/magicoder/seed44	all	checkpoint_macro	hns_f4_s1 minus scalar_e	retention_rate	-0.03592080239564904	-0.08438996749774483	0.008777590764506672	2000	2000	paired test samples conditional on one fixed source checkpoint
Llama-3.1-8B-Instruct/magicoder/seed44	all	checkpoint_macro	hns_f4_s1 minus scalar_e	new_success_rate	-0.0006216304259361247	-0.00391395059706771	0.002860838750594318	2000	2000	paired test samples conditional on one fixed source checkpoint
Llama-3.1-8B-Instruct/magicoder/seed44	all	checkpoint_macro	hns_f4_s1 minus scalar_e	new_damage_rate	0.002865512371294506	-0.002722910535941538	0.009038113858164306	2000	2000	paired test samples conditional on one fixed source checkpoint
Llama-3.1-8B-Instruct/magicoder/seed44	all	checkpoint_macro	hns_f4_s1 minus flat_e	recovery_rate	0.0077062919721855305	-0.026378217197376774	0.03429408592398911	2000	2000	paired test samples conditional on one fixed source checkpoint
Llama-3.1-8B-Instruct/magicoder/seed44	all	checkpoint_macro	hns_f4_s1 minus flat_e	retention_rate	-0.015744815003712886	-0.05336938272286463	0.02241586603930577	2000	2000	paired test samples conditional on one fixed source checkpoint
Llama-3.1-8B-Instruct/magicoder/seed44	all	checkpoint_macro	hns_f4_s1 minus flat_e	new_success_rate	0.0007427392441319222	-0.0022934996316902644	0.003669149799145166	2000	2000	paired test samples conditional on one fixed source checkpoint
Llama-3.1-8B-Instruct/magicoder/seed44	all	checkpoint_macro	hns_f4_s1 minus flat_e	new_damage_rate	0.0026375710981447857	-0.0002813178336100616	0.005852627692543826	2000	2000	paired test samples conditional on one fixed source checkpoint
Llama-3.1-8B-Instruct/magicoder/seed44	all	checkpoint_macro	scalar_e minus flat_e	recovery_rate	0.09399695691286825	0.0417616349168319	0.1487227201883098	2000	2000	paired test samples conditional on one fixed source checkpoint
Llama-3.1-8B-Instruct/magicoder/seed44	all	checkpoint_macro	scalar_e minus flat_e	retention_rate	0.020175987391936157	-0.03208285695867392	0.07459993579872437	2000	2000	paired test samples conditional on one fixed source checkpoint
Llama-3.1-8B-Instruct/magicoder/seed44	all	checkpoint_macro	scalar_e minus flat_e	new_success_rate	0.0013643696700680469	-0.0021965297486466868	0.004742483568722027	2000	2000	paired test samples conditional on one fixed source checkpoint
Llama-3.1-8B-Instruct/magicoder/seed44	all	checkpoint_macro	scalar_e minus flat_e	new_damage_rate	-0.00022794127314972046	-0.00652375738799669	0.005551849891119065	2000	2000	paired test samples conditional on one fixed source checkpoint
Llama-3.1-8B-Instruct/magicoder/seed44	target	checkpoint_macro	hns_f4_s1 minus scalar_e	recovery_rate	-0.35	-0.5625	-0.15375000000000047	2000	2000	paired test samples conditional on one fixed source checkpoint
Llama-3.1-8B-Instruct/magicoder/seed44	target	checkpoint_macro	hns_f4_s1 minus scalar_e	retention_rate	-0.045454545454545525	-0.14814814814814814	0.0	2000	2000	paired test samples conditional on one fixed source checkpoint
Llama-3.1-8B-Instruct/magicoder/seed44	target	checkpoint_macro	hns_f4_s1 minus scalar_e	new_success_rate	0.0	0.0	0.0	2000	2000	paired test samples conditional on one fixed source checkpoint
Llama-3.1-8B-Instruct/magicoder/seed44	target	checkpoint_macro	hns_f4_s1 minus scalar_e	new_damage_rate	0.012195121951219511	0.0	0.03048780487804878	2000	2000	paired test samples conditional on one fixed source checkpoint
Llama-3.1-8B-Instruct/magicoder/seed44	target	checkpoint_macro	hns_f4_s1 minus flat_e	recovery_rate	-0.04999999999999999	-0.16666666666666663	0.0	2000	2000	paired test samples conditional on one fixed source checkpoint
Llama-3.1-8B-Instruct/magicoder/seed44	target	checkpoint_macro	hns_f4_s1 minus flat_e	retention_rate	-0.045454545454545525	-0.15000000000000002	0.0	2000	2000	paired test samples conditional on one fixed source checkpoint
Llama-3.1-8B-Instruct/magicoder/seed44	target	checkpoint_macro	hns_f4_s1 minus flat_e	new_success_rate	0.0	0.0	0.0	2000	2000	paired test samples conditional on one fixed source checkpoint
Llama-3.1-8B-Instruct/magicoder/seed44	target	checkpoint_macro	hns_f4_s1 minus flat_e	new_damage_rate	0.0	0.0	0.0	2000	2000	paired test samples conditional on one fixed source checkpoint
Llama-3.1-8B-Instruct/magicoder/seed44	target	checkpoint_macro	scalar_e minus flat_e	recovery_rate	0.3	0.11111111111111116	0.5	2000	2000	paired test samples conditional on one fixed source checkpoint
Llama-3.1-8B-Instruct/magicoder/seed44	target	checkpoint_macro	scalar_e minus flat_e	retention_rate	0.0	-0.13636363636363635	0.13043478260869568	2000	2000	paired test samples conditional on one fixed source checkpoint
Llama-3.1-8B-Instruct/magicoder/seed44	target	checkpoint_macro	scalar_e minus flat_e	new_success_rate	0.0	0.0	0.0	2000	2000	paired test samples conditional on one fixed source checkpoint
Llama-3.1-8B-Instruct/magicoder/seed44	target	checkpoint_macro	scalar_e minus flat_e	new_damage_rate	-0.012195121951219511	-0.03048780487804878	0.0	2000	2000	paired test samples conditional on one fixed source checkpoint
Llama-3.1-8B-Instruct/magicoder/seed44	off_task	checkpoint_macro	hns_f4_s1 minus scalar_e	recovery_rate	0.0016124467457565572	-0.024423789483108353	0.02873370919889333	2000	2000	paired test samples conditional on one fixed source checkpoint
Llama-3.1-8B-Instruct/magicoder/seed44	off_task	checkpoint_macro	hns_f4_s1 minus scalar_e	retention_rate	-0.03274288804268355	-0.0857966996521756	0.020792554611734806	2000	2000	paired test samples conditional on one fixed source checkpoint
Llama-3.1-8B-Instruct/magicoder/seed44	off_task	checkpoint_macro	hns_f4_s1 minus scalar_e	new_success_rate	-0.0008288405679148306	-0.005218600796090277	0.0038144516674590806	2000	2000	paired test samples conditional on one fixed source checkpoint
Llama-3.1-8B-Instruct/magicoder/seed44	off_task	checkpoint_macro	hns_f4_s1 minus scalar_e	new_damage_rate	-0.00024435748868049945	-0.005984019400706858	0.005414441266026396	2000	2000	paired test samples conditional on one fixed source checkpoint
Llama-3.1-8B-Instruct/magicoder/seed44	off_task	checkpoint_macro	hns_f4_s1 minus flat_e	recovery_rate	0.026941722629580944	0.0013224469159834082	0.05262366280709534	2000	2000	paired test samples conditional on one fixed source checkpoint
Llama-3.1-8B-Instruct/magicoder/seed44	off_task	checkpoint_macro	hns_f4_s1 minus flat_e	retention_rate	-0.005841571520102007	-0.04530374603941835	0.034719288581454406	2000	2000	paired test samples conditional on one fixed source checkpoint
Llama-3.1-8B-Instruct/magicoder/seed44	off_task	checkpoint_macro	hns_f4_s1 minus flat_e	new_success_rate	0.000990318992175901	-0.0030579995089203534	0.0048921997321935634	2000	2000	paired test samples conditional on one fixed source checkpoint
Llama-3.1-8B-Instruct/magicoder/seed44	off_task	checkpoint_macro	hns_f4_s1 minus flat_e	new_damage_rate	0.0035167614641930453	-0.00037509044481342103	0.00780350359005843	2000	2000	paired test samples conditional on one fixed source checkpoint
Llama-3.1-8B-Instruct/magicoder/seed44	off_task	checkpoint_macro	scalar_e minus flat_e	recovery_rate	0.025329275883824387	-0.005161060635164787	0.055863383812077914	2000	2000	paired test samples conditional on one fixed source checkpoint
Llama-3.1-8B-Instruct/magicoder/seed44	off_task	checkpoint_macro	scalar_e minus flat_e	retention_rate	0.026901316522581542	-0.03121615754242426	0.08210832715404598	2000	2000	paired test samples conditional on one fixed source checkpoint
Llama-3.1-8B-Instruct/magicoder/seed44	off_task	checkpoint_macro	scalar_e minus flat_e	new_success_rate	0.0018191595600907315	-0.00292870633152891	0.006323311424962704	2000	2000	paired test samples conditional on one fixed source checkpoint
Llama-3.1-8B-Instruct/magicoder/seed44	off_task	checkpoint_macro	scalar_e minus flat_e	new_damage_rate	0.0037611189528735448	-0.0017013602916570588	0.009706240454156962	2000	2000	paired test samples conditional on one fixed source checkpoint
Llama-3.1-8B-Instruct/metamath/seed42	magicoder	family_macro	hns_f4_s1 minus scalar_e	recovery_rate	0.2857142857142857	0.10336206896551729	0.5	2000	2000	paired test samples conditional on one fixed source checkpoint
Llama-3.1-8B-Instruct/metamath/seed42	magicoder	family_macro	hns_f4_s1 minus scalar_e	retention_rate	-0.08333333333333326	-0.21052631578947367	0.0	2000	2000	paired test samples conditional on one fixed source checkpoint
Llama-3.1-8B-Instruct/metamath/seed42	magicoder	family_macro	hns_f4_s1 minus scalar_e	new_success_rate	0.024390243902439022	0.006097560975609755	0.04878048780487805	2000	2000	paired test samples conditional on one fixed source checkpoint
Llama-3.1-8B-Instruct/metamath/seed42	magicoder	family_macro	hns_f4_s1 minus scalar_e	new_damage_rate	0.0	0.0	0.0	2000	2000	paired test samples conditional on one fixed source checkpoint
Llama-3.1-8B-Instruct/metamath/seed42	magicoder	family_macro	hns_f4_s1 minus flat_e	recovery_rate	0.0	0.0	0.0	2000	2000	paired test samples conditional on one fixed source checkpoint
Llama-3.1-8B-Instruct/metamath/seed42	magicoder	family_macro	hns_f4_s1 minus flat_e	retention_rate	0.04166666666666674	0.0	0.13636363636363646	2000	2000	paired test samples conditional on one fixed source checkpoint
Llama-3.1-8B-Instruct/metamath/seed42	magicoder	family_macro	hns_f4_s1 minus flat_e	new_success_rate	0.0	0.0	0.0	2000	2000	paired test samples conditional on one fixed source checkpoint
Llama-3.1-8B-Instruct/metamath/seed42	magicoder	family_macro	hns_f4_s1 minus flat_e	new_damage_rate	0.0	0.0	0.0	2000	2000	paired test samples conditional on one fixed source checkpoint
Llama-3.1-8B-Instruct/metamath/seed42	magicoder	family_macro	scalar_e minus flat_e	recovery_rate	-0.2857142857142857	-0.5	-0.10336206896551775	2000	2000	paired test samples conditional on one fixed source checkpoint
Llama-3.1-8B-Instruct/metamath/seed42	magicoder	family_macro	scalar_e minus flat_e	retention_rate	0.125	0.0	0.27783333333333304	2000	2000	paired test samples conditional on one fixed source checkpoint
Llama-3.1-8B-Instruct/metamath/seed42	magicoder	family_macro	scalar_e minus flat_e	new_success_rate	-0.024390243902439022	-0.04878048780487805	-0.006097560975609755	2000	2000	paired test samples conditional on one fixed source checkpoint
Llama-3.1-8B-Instruct/metamath/seed42	magicoder	family_macro	scalar_e minus flat_e	new_damage_rate	0.0	0.0	0.0	2000	2000	paired test samples conditional on one fixed source checkpoint
Llama-3.1-8B-Instruct/metamath/seed42	metamath	family_macro	hns_f4_s1 minus scalar_e	recovery_rate	0.009708737864077666	-0.06999999999999995	0.09433962264150941	2000	2000	paired test samples conditional on one fixed source checkpoint
Llama-3.1-8B-Instruct/metamath/seed42	metamath	family_macro	hns_f4_s1 minus scalar_e	retention_rate	0.006734006734006703	-0.02048133422469298	0.03437769396551716	2000	2000	paired test samples conditional on one fixed source checkpoint
Llama-3.1-8B-Instruct/metamath/seed42	metamath	family_macro	hns_f4_s1 minus scalar_e	new_success_rate	0.00985595147839272	0.0022744503411675533	0.017437452615617893	2000	2000	paired test samples conditional on one fixed source checkpoint
Llama-3.1-8B-Instruct/metamath/seed42	metamath	family_macro	hns_f4_s1 minus scalar_e	new_damage_rate	-0.008339651250947686	-0.016679302501895376	-0.0007581501137225166	2000	2000	paired test samples conditional on one fixed source checkpoint
Llama-3.1-8B-Instruct/metamath/seed42	metamath	family_macro	hns_f4_s1 minus flat_e	recovery_rate	0.01941747572815533	-0.012198885877747676	0.06060606060606061	2000	2000	paired test samples conditional on one fixed source checkpoint
Llama-3.1-8B-Instruct/metamath/seed42	metamath	family_macro	hns_f4_s1 minus flat_e	retention_rate	-0.023569023569023573	-0.04421768707482998	-0.006286874233308031	2000	2000	paired test samples conditional on one fixed source checkpoint
Llama-3.1-8B-Instruct/metamath/seed42	metamath	family_macro	hns_f4_s1 minus flat_e	new_success_rate	0.00227445034116755	-0.0030326004548900665	0.007581501137225173	2000	2000	paired test samples conditional on one fixed source checkpoint
Llama-3.1-8B-Instruct/metamath/seed42	metamath	family_macro	hns_f4_s1 minus flat_e	new_damage_rate	0.001516300227445035	-0.0015163002274450332	0.004548900682335103	2000	2000	paired test samples conditional on one fixed source checkpoint
Llama-3.1-8B-Instruct/metamath/seed42	metamath	family_macro	scalar_e minus flat_e	recovery_rate	0.009708737864077666	-0.06796668137687557	0.0862256371814092	2000	2000	paired test samples conditional on one fixed source checkpoint
Llama-3.1-8B-Instruct/metamath/seed42	metamath	family_macro	scalar_e minus flat_e	retention_rate	-0.030303030303030276	-0.056671404682274336	-0.0035087719298245723	2000	2000	paired test samples conditional on one fixed source checkpoint
Llama-3.1-8B-Instruct/metamath/seed42	metamath	family_macro	scalar_e minus flat_e	new_success_rate	-0.00758150113722517	-0.015921152388172856	0.0	2000	2000	paired test samples conditional on one fixed source checkpoint
Llama-3.1-8B-Instruct/metamath/seed42	metamath	family_macro	scalar_e minus flat_e	new_damage_rate	0.009855951478392721	0.002255496588324488	0.018195602729340413	2000	2000	paired test samples conditional on one fixed source checkpoint
Llama-3.1-8B-Instruct/metamath/seed42	tulu	family_macro	hns_f4_s1 minus scalar_e	recovery_rate	0.07792207792207795	-0.03704861111111105	0.19480519480519481	2000	2000	paired test samples conditional on one fixed source checkpoint
Llama-3.1-8B-Instruct/metamath/seed42	tulu	family_macro	hns_f4_s1 minus scalar_e	retention_rate	-0.11428571428571432	-0.28571428571428575	0.06255040322580617	2000	2000	paired test samples conditional on one fixed source checkpoint
Llama-3.1-8B-Instruct/metamath/seed42	tulu	family_macro	hns_f4_s1 minus scalar_e	new_success_rate	0.0018484288354898362	-0.003696857670979669	0.007393715341959336	2000	2000	paired test samples conditional on one fixed source checkpoint
Llama-3.1-8B-Instruct/metamath/seed42	tulu	family_macro	hns_f4_s1 minus scalar_e	new_damage_rate	-0.007393715341959338	-0.024029574861367836	0.007393715341959338	2000	2000	paired test samples conditional on one fixed source checkpoint
Llama-3.1-8B-Instruct/metamath/seed42	tulu	family_macro	hns_f4_s1 minus flat_e	recovery_rate	0.06493506493506496	-0.03031468531468529	0.16307186891628797	2000	2000	paired test samples conditional on one fixed source checkpoint
Llama-3.1-8B-Instruct/metamath/seed42	tulu	family_macro	hns_f4_s1 minus flat_e	retention_rate	-0.05714285714285716	-0.1470860566448802	0.0	2000	2000	paired test samples conditional on one fixed source checkpoint
Llama-3.1-8B-Instruct/metamath/seed42	tulu	family_macro	hns_f4_s1 minus flat_e	new_success_rate	0.0	-0.0055452865064695	0.005545286506469502	2000	2000	paired test samples conditional on one fixed source checkpoint
Llama-3.1-8B-Instruct/metamath/seed42	tulu	family_macro	hns_f4_s1 minus flat_e	new_damage_rate	-0.011090573012939003	-0.02587800369685767	0.003696857670979669	2000	2000	paired test samples conditional on one fixed source checkpoint
Llama-3.1-8B-Instruct/metamath/seed42	tulu	family_macro	scalar_e minus flat_e	recovery_rate	-0.012987012987012991	-0.13752403846153852	0.11392405063291133	2000	2000	paired test samples conditional on one fixed source checkpoint
Llama-3.1-8B-Instruct/metamath/seed42	tulu	family_macro	scalar_e minus flat_e	retention_rate	0.05714285714285716	-0.09762195121951228	0.21875	2000	2000	paired test samples conditional on one fixed source checkpoint
Llama-3.1-8B-Instruct/metamath/seed42	tulu	family_macro	scalar_e minus flat_e	new_success_rate	-0.0018484288354898362	-0.00924214417744917	0.005545286506469502	2000	2000	paired test samples conditional on one fixed source checkpoint
Llama-3.1-8B-Instruct/metamath/seed42	tulu	family_macro	scalar_e minus flat_e	new_damage_rate	-0.0036968576709796655	-0.020332717190388167	0.01293900184842884	2000	2000	paired test samples conditional on one fixed source checkpoint
Llama-3.1-8B-Instruct/metamath/seed42	commonsense	family_macro	hns_f4_s1 minus scalar_e	recovery_rate	0.1527267842645762	0.12886467569477092	0.17850816618311208	2000	2000	paired test samples conditional on one fixed source checkpoint
Llama-3.1-8B-Instruct/metamath/seed42	commonsense	family_macro	hns_f4_s1 minus scalar_e	retention_rate	-0.07171091118285322	-0.10428095465061078	-0.0409093939777192	2000	2000	paired test samples conditional on one fixed source checkpoint
Llama-3.1-8B-Instruct/metamath/seed42	commonsense	family_macro	hns_f4_s1 minus scalar_e	new_success_rate	0.0011968866552210314	-0.0009192329990304144	0.003131041997964264	2000	2000	paired test samples conditional on one fixed source checkpoint
Llama-3.1-8B-Instruct/metamath/seed42	commonsense	family_macro	hns_f4_s1 minus scalar_e	new_damage_rate	0.0004576292579699971	-0.0014114441258110259	0.0024111448650348533	2000	2000	paired test samples conditional on one fixed source checkpoint
Llama-3.1-8B-Instruct/metamath/seed42	commonsense	family_macro	hns_f4_s1 minus flat_e	recovery_rate	0.002958539937969684	-0.006270201531401951	0.014956204048950988	2000	2000	paired test samples conditional on one fixed source checkpoint
Llama-3.1-8B-Instruct/metamath/seed42	commonsense	family_macro	hns_f4_s1 minus flat_e	retention_rate	-0.0023214957949894144	-0.013760374155787392	0.00820799286639969	2000	2000	paired test samples conditional on one fixed source checkpoint
Llama-3.1-8B-Instruct/metamath/seed42	commonsense	family_macro	hns_f4_s1 minus flat_e	new_success_rate	-0.000211730581759835	-0.0011509276537452835	0.000648029122657802	2000	2000	paired test samples conditional on one fixed source checkpoint
Llama-3.1-8B-Instruct/metamath/seed42	commonsense	family_macro	hns_f4_s1 minus flat_e	new_damage_rate	-0.00013478105994626198	-0.0008858358019072097	0.0006719031704258369	2000	2000	paired test samples conditional on one fixed source checkpoint
Llama-3.1-8B-Instruct/metamath/seed42	commonsense	family_macro	scalar_e minus flat_e	recovery_rate	-0.14976824432660651	-0.17711605749286907	-0.1236100358026996	2000	2000	paired test samples conditional on one fixed source checkpoint
Llama-3.1-8B-Instruct/metamath/seed42	commonsense	family_macro	scalar_e minus flat_e	retention_rate	0.0693894153878638	0.03942718164074144	0.10190567348158439	2000	2000	paired test samples conditional on one fixed source checkpoint
Llama-3.1-8B-Instruct/metamath/seed42	commonsense	family_macro	scalar_e minus flat_e	new_success_rate	-0.0014086172369808664	-0.0032809049527110657	0.0005215820513910616	2000	2000	paired test samples conditional on one fixed source checkpoint
Llama-3.1-8B-Instruct/metamath/seed42	commonsense	family_macro	scalar_e minus flat_e	new_damage_rate	-0.0005924103179162591	-0.002523048537531019	0.0012971567073357458	2000	2000	paired test samples conditional on one fixed source checkpoint
Llama-3.1-8B-Instruct/metamath/seed42	all	checkpoint_macro	hns_f4_s1 minus scalar_e	recovery_rate	0.13151797144125438	0.07446696096010205	0.1952478793464739	2000	2000	paired test samples conditional on one fixed source checkpoint
Llama-3.1-8B-Instruct/metamath/seed42	all	checkpoint_macro	hns_f4_s1 minus scalar_e	retention_rate	-0.06564898801697361	-0.120692245112897	-0.01525165526534936	2000	2000	paired test samples conditional on one fixed source checkpoint
Llama-3.1-8B-Instruct/metamath/seed42	all	checkpoint_macro	hns_f4_s1 minus scalar_e	new_success_rate	0.009322877717885654	0.003336373766917181	0.016139428718265188	2000	2000	paired test samples conditional on one fixed source checkpoint
Llama-3.1-8B-Instruct/metamath/seed42	all	checkpoint_macro	hns_f4_s1 minus scalar_e	new_damage_rate	-0.003818934333734255	-0.008263995752251634	0.0004489911447129141	2000	2000	paired test samples conditional on one fixed source checkpoint
Llama-3.1-8B-Instruct/metamath/seed42	all	checkpoint_macro	hns_f4_s1 minus flat_e	recovery_rate	0.021827770150297576	-0.003964289699210081	0.04875309127964945	2000	2000	paired test samples conditional on one fixed source checkpoint
Llama-3.1-8B-Instruct/metamath/seed42	all	checkpoint_macro	hns_f4_s1 minus flat_e	retention_rate	-0.01034167746005099	-0.03943846658827004	0.018613464913476607	2000	2000	paired test samples conditional on one fixed source checkpoint
Llama-3.1-8B-Instruct/metamath/seed42	all	checkpoint_macro	hns_f4_s1 minus flat_e	new_success_rate	0.0005156799398519304	-0.0013536816412230376	0.002300504915771914	2000	2000	paired test samples conditional on one fixed source checkpoint
Llama-3.1-8B-Instruct/metamath/seed42	all	checkpoint_macro	hns_f4_s1 minus flat_e	new_damage_rate	-0.0024272634613600567	-0.006287103452133664	0.0014647943951627538	2000	2000	paired test samples conditional on one fixed source checkpoint
Llama-3.1-8B-Instruct/metamath/seed42	all	checkpoint_macro	scalar_e minus flat_e	recovery_rate	-0.1096902012909568	-0.1760860137227072	-0.0503023605172829	2000	2000	paired test samples conditional on one fixed source checkpoint
Llama-3.1-8B-Instruct/metamath/seed42	all	checkpoint_macro	scalar_e minus flat_e	retention_rate	0.05530731055692262	0.005724399284795115	0.11176150000348846	2000	2000	paired test samples conditional on one fixed source checkpoint
Llama-3.1-8B-Instruct/metamath/seed42	all	checkpoint_macro	scalar_e minus flat_e	new_success_rate	-0.008807197778033724	-0.01587530701231999	-0.002764670640673715	2000	2000	paired test samples conditional on one fixed source checkpoint
Llama-3.1-8B-Instruct/metamath/seed42	all	checkpoint_macro	scalar_e minus flat_e	new_damage_rate	0.0013916708723741983	-0.0029680393923098396	0.006108960585663093	2000	2000	paired test samples conditional on one fixed source checkpoint
Llama-3.1-8B-Instruct/metamath/seed42	target	checkpoint_macro	hns_f4_s1 minus scalar_e	recovery_rate	0.009708737864077666	-0.06999999999999995	0.09433962264150941	2000	2000	paired test samples conditional on one fixed source checkpoint
Llama-3.1-8B-Instruct/metamath/seed42	target	checkpoint_macro	hns_f4_s1 minus scalar_e	retention_rate	0.006734006734006703	-0.02048133422469298	0.03437769396551716	2000	2000	paired test samples conditional on one fixed source checkpoint
Llama-3.1-8B-Instruct/metamath/seed42	target	checkpoint_macro	hns_f4_s1 minus scalar_e	new_success_rate	0.00985595147839272	0.0022744503411675533	0.017437452615617893	2000	2000	paired test samples conditional on one fixed source checkpoint
Llama-3.1-8B-Instruct/metamath/seed42	target	checkpoint_macro	hns_f4_s1 minus scalar_e	new_damage_rate	-0.008339651250947686	-0.016679302501895376	-0.0007581501137225166	2000	2000	paired test samples conditional on one fixed source checkpoint
Llama-3.1-8B-Instruct/metamath/seed42	target	checkpoint_macro	hns_f4_s1 minus flat_e	recovery_rate	0.01941747572815533	-0.012198885877747676	0.06060606060606061	2000	2000	paired test samples conditional on one fixed source checkpoint
Llama-3.1-8B-Instruct/metamath/seed42	target	checkpoint_macro	hns_f4_s1 minus flat_e	retention_rate	-0.023569023569023573	-0.04421768707482998	-0.006286874233308031	2000	2000	paired test samples conditional on one fixed source checkpoint
Llama-3.1-8B-Instruct/metamath/seed42	target	checkpoint_macro	hns_f4_s1 minus flat_e	new_success_rate	0.00227445034116755	-0.0030326004548900665	0.007581501137225173	2000	2000	paired test samples conditional on one fixed source checkpoint
Llama-3.1-8B-Instruct/metamath/seed42	target	checkpoint_macro	hns_f4_s1 minus flat_e	new_damage_rate	0.001516300227445035	-0.0015163002274450332	0.004548900682335103	2000	2000	paired test samples conditional on one fixed source checkpoint
Llama-3.1-8B-Instruct/metamath/seed42	target	checkpoint_macro	scalar_e minus flat_e	recovery_rate	0.009708737864077666	-0.06796668137687557	0.0862256371814092	2000	2000	paired test samples conditional on one fixed source checkpoint
Llama-3.1-8B-Instruct/metamath/seed42	target	checkpoint_macro	scalar_e minus flat_e	retention_rate	-0.030303030303030276	-0.056671404682274336	-0.0035087719298245723	2000	2000	paired test samples conditional on one fixed source checkpoint
Llama-3.1-8B-Instruct/metamath/seed42	target	checkpoint_macro	scalar_e minus flat_e	new_success_rate	-0.00758150113722517	-0.015921152388172856	0.0	2000	2000	paired test samples conditional on one fixed source checkpoint
Llama-3.1-8B-Instruct/metamath/seed42	target	checkpoint_macro	scalar_e minus flat_e	new_damage_rate	0.009855951478392721	0.002255496588324488	0.018195602729340413	2000	2000	paired test samples conditional on one fixed source checkpoint
Llama-3.1-8B-Instruct/metamath/seed42	off_task	checkpoint_macro	hns_f4_s1 minus scalar_e	recovery_rate	0.1721210493003133	0.10093578492114288	0.2515942087836154	2000	2000	paired test samples conditional on one fixed source checkpoint
Llama-3.1-8B-Instruct/metamath/seed42	off_task	checkpoint_macro	hns_f4_s1 minus scalar_e	retention_rate	-0.08977665293396697	-0.16404882788192063	-0.022088985108725985	2000	2000	paired test samples conditional on one fixed source checkpoint
Llama-3.1-8B-Instruct/metamath/seed42	off_task	checkpoint_macro	hns_f4_s1 minus scalar_e	new_success_rate	0.009145186464383299	0.0018133184929219196	0.018189964504746005	2000	2000	paired test samples conditional on one fixed source checkpoint
Llama-3.1-8B-Instruct/metamath/seed42	off_task	checkpoint_macro	hns_f4_s1 minus scalar_e	new_damage_rate	-0.002312028694663114	-0.007780141025395698	0.0030280931677784955	2000	2000	paired test samples conditional on one fixed source checkpoint
Llama-3.1-8B-Instruct/metamath/seed42	off_task	checkpoint_macro	hns_f4_s1 minus flat_e	recovery_rate	0.022631201624344954	-0.008802828289937505	0.05574785602993087	2000	2000	paired test samples conditional on one fixed source checkpoint
Llama-3.1-8B-Instruct/metamath/seed42	off_task	checkpoint_macro	hns_f4_s1 minus flat_e	retention_rate	-0.0059325620903932785	-0.04444321153479227	0.03302727840499189	2000	2000	paired test samples conditional on one fixed source checkpoint
Llama-3.1-8B-Instruct/metamath/seed42	off_task	checkpoint_macro	hns_f4_s1 minus flat_e	new_success_rate	-7.05768605866082e-05	-0.0019175876666058453	0.0017529289253993827	2000	2000	paired test samples conditional on one fixed source checkpoint
Llama-3.1-8B-Instruct/metamath/seed42	off_task	checkpoint_macro	hns_f4_s1 minus flat_e	new_damage_rate	-0.003741784690961753	-0.00865924398921101	0.0012593618145126976	2000	2000	paired test samples conditional on one fixed source checkpoint
Llama-3.1-8B-Instruct/metamath/seed42	off_task	checkpoint_macro	scalar_e minus flat_e	recovery_rate	-0.14948984767596835	-0.2351441905967925	-0.07518680658819614	2000	2000	paired test samples conditional on one fixed source checkpoint
Llama-3.1-8B-Instruct/metamath/seed42	off_task	checkpoint_macro	scalar_e minus flat_e	retention_rate	0.0838440908435737	0.017686918751729855	0.15933038640501712	2000	2000	paired test samples conditional on one fixed source checkpoint
Llama-3.1-8B-Instruct/metamath/seed42	off_task	checkpoint_macro	scalar_e minus flat_e	new_success_rate	-0.009215763324969907	-0.01846196855252671	-0.0015588942402610375	2000	2000	paired test samples conditional on one fixed source checkpoint
Llama-3.1-8B-Instruct/metamath/seed42	off_task	checkpoint_macro	scalar_e minus flat_e	new_damage_rate	-0.0014297559962986386	-0.006758982556792112	0.004263925635350731	2000	2000	paired test samples conditional on one fixed source checkpoint
Llama-3.1-8B-Instruct/metamath/seed43	magicoder	family_macro	hns_f4_s1 minus scalar_e	recovery_rate	0.050000000000000044	0.0	0.17647058823529416	2000	2000	paired test samples conditional on one fixed source checkpoint
Llama-3.1-8B-Instruct/metamath/seed43	magicoder	family_macro	hns_f4_s1 minus scalar_e	retention_rate	-0.13636363636363635	-0.2916666666666667	0.0	2000	2000	paired test samples conditional on one fixed source checkpoint
Llama-3.1-8B-Instruct/metamath/seed43	magicoder	family_macro	hns_f4_s1 minus scalar_e	new_success_rate	0.0	0.0	0.0	2000	2000	paired test samples conditional on one fixed source checkpoint
Llama-3.1-8B-Instruct/metamath/seed43	magicoder	family_macro	hns_f4_s1 minus scalar_e	new_damage_rate	0.018292682926829267	-0.006097560975609758	0.04878048780487805	2000	2000	paired test samples conditional on one fixed source checkpoint
Llama-3.1-8B-Instruct/metamath/seed43	magicoder	family_macro	hns_f4_s1 minus flat_e	recovery_rate	0.0	0.0	0.0	2000	2000	paired test samples conditional on one fixed source checkpoint
Llama-3.1-8B-Instruct/metamath/seed43	magicoder	family_macro	hns_f4_s1 minus flat_e	retention_rate	0.0	0.0	0.0	2000	2000	paired test samples conditional on one fixed source checkpoint
Llama-3.1-8B-Instruct/metamath/seed43	magicoder	family_macro	hns_f4_s1 minus flat_e	new_success_rate	0.0	0.0	0.0	2000	2000	paired test samples conditional on one fixed source checkpoint
Llama-3.1-8B-Instruct/metamath/seed43	magicoder	family_macro	hns_f4_s1 minus flat_e	new_damage_rate	-0.0060975609756097615	-0.01829268292682927	0.0	2000	2000	paired test samples conditional on one fixed source checkpoint
Llama-3.1-8B-Instruct/metamath/seed43	magicoder	family_macro	scalar_e minus flat_e	recovery_rate	-0.050000000000000044	-0.17647058823529416	0.0	2000	2000	paired test samples conditional on one fixed source checkpoint
Llama-3.1-8B-Instruct/metamath/seed43	magicoder	family_macro	scalar_e minus flat_e	retention_rate	0.13636363636363635	0.0	0.2916666666666667	2000	2000	paired test samples conditional on one fixed source checkpoint
Llama-3.1-8B-Instruct/metamath/seed43	magicoder	family_macro	scalar_e minus flat_e	new_success_rate	0.0	0.0	0.0	2000	2000	paired test samples conditional on one fixed source checkpoint
Llama-3.1-8B-Instruct/metamath/seed43	magicoder	family_macro	scalar_e minus flat_e	new_damage_rate	-0.02439024390243903	-0.04878048780487805	-0.006097560975609755	2000	2000	paired test samples conditional on one fixed source checkpoint
Llama-3.1-8B-Instruct/metamath/seed43	metamath	family_macro	hns_f4_s1 minus scalar_e	recovery_rate	-0.05691056910569103	-0.1451861042183623	0.033905548312327956	2000	2000	paired test samples conditional on one fixed source checkpoint
Llama-3.1-8B-Instruct/metamath/seed43	metamath	family_macro	hns_f4_s1 minus scalar_e	retention_rate	0.020689655172413834	-0.0198691997975842	0.06383877228292115	2000	2000	paired test samples conditional on one fixed source checkpoint
Llama-3.1-8B-Instruct/metamath/seed43	metamath	family_macro	hns_f4_s1 minus scalar_e	new_success_rate	0.0	-0.008339651250947686	0.00833965125094769	2000	2000	paired test samples conditional on one fixed source checkpoint
Llama-3.1-8B-Instruct/metamath/seed43	metamath	family_macro	hns_f4_s1 minus scalar_e	new_damage_rate	0.00303260045489007	-0.004548900682335103	0.01061410159211524	2000	2000	paired test samples conditional on one fixed source checkpoint
Llama-3.1-8B-Instruct/metamath/seed43	metamath	family_macro	hns_f4_s1 minus flat_e	recovery_rate	0.03252032520325199	-0.016532369146005563	0.08398561362301814	2000	2000	paired test samples conditional on one fixed source checkpoint
Llama-3.1-8B-Instruct/metamath/seed43	metamath	family_macro	hns_f4_s1 minus flat_e	retention_rate	0.006896551724137945	-0.014135528656993199	0.0296052631578948	2000	2000	paired test samples conditional on one fixed source checkpoint
Llama-3.1-8B-Instruct/metamath/seed43	metamath	family_macro	hns_f4_s1 minus flat_e	new_success_rate	-0.002274450341167557	-0.0068233510235026565	0.00227445034116755	2000	2000	paired test samples conditional on one fixed source checkpoint
Llama-3.1-8B-Instruct/metamath/seed43	metamath	family_macro	hns_f4_s1 minus flat_e	new_damage_rate	-0.0015163002274450332	-0.006823351023502653	0.00303260045489007	2000	2000	paired test samples conditional on one fixed source checkpoint
Llama-3.1-8B-Instruct/metamath/seed43	metamath	family_macro	scalar_e minus flat_e	recovery_rate	0.08943089430894302	0.008690125276344829	0.17692307692307685	2000	2000	paired test samples conditional on one fixed source checkpoint
Llama-3.1-8B-Instruct/metamath/seed43	metamath	family_macro	scalar_e minus flat_e	retention_rate	-0.01379310344827589	-0.05369791415189988	0.023892830426854937	2000	2000	paired test samples conditional on one fixed source checkpoint
Llama-3.1-8B-Instruct/metamath/seed43	metamath	family_macro	scalar_e minus flat_e	new_success_rate	-0.002274450341167557	-0.010614101592115233	0.005307050796057623	2000	2000	paired test samples conditional on one fixed source checkpoint
Llama-3.1-8B-Instruct/metamath/seed43	metamath	family_macro	scalar_e minus flat_e	new_damage_rate	-0.004548900682335103	-0.01288855193328279	0.003790750568612585	2000	2000	paired test samples conditional on one fixed source checkpoint
Llama-3.1-8B-Instruct/metamath/seed43	tulu	family_macro	hns_f4_s1 minus scalar_e	recovery_rate	-0.046875	-0.134335533869116	0.04881097560975586	2000	2000	paired test samples conditional on one fixed source checkpoint
Llama-3.1-8B-Instruct/metamath/seed43	tulu	family_macro	hns_f4_s1 minus scalar_e	retention_rate	-0.05263157894736842	-0.25	0.12121212121212122	2000	2000	paired test samples conditional on one fixed source checkpoint
Llama-3.1-8B-Instruct/metamath/seed43	tulu	family_macro	hns_f4_s1 minus scalar_e	new_success_rate	0.0036968576709796655	-0.0073937153419593345	0.014787430683918669	2000	2000	paired test samples conditional on one fixed source checkpoint
Llama-3.1-8B-Instruct/metamath/seed43	tulu	family_macro	hns_f4_s1 minus scalar_e	new_damage_rate	-0.011090573012939	-0.024029574861367836	0.0	2000	2000	paired test samples conditional on one fixed source checkpoint
Llama-3.1-8B-Instruct/metamath/seed43	tulu	family_macro	hns_f4_s1 minus flat_e	recovery_rate	0.0	-0.08823529411764708	0.09090909090909094	2000	2000	paired test samples conditional on one fixed source checkpoint
Llama-3.1-8B-Instruct/metamath/seed43	tulu	family_macro	hns_f4_s1 minus flat_e	retention_rate	0.0	-0.13513513513513514	0.12765957446808512	2000	2000	paired test samples conditional on one fixed source checkpoint
Llama-3.1-8B-Instruct/metamath/seed43	tulu	family_macro	hns_f4_s1 minus flat_e	new_success_rate	0.009242144177449167	0.0	0.018484288354898338	2000	2000	paired test samples conditional on one fixed source checkpoint
Llama-3.1-8B-Instruct/metamath/seed43	tulu	family_macro	hns_f4_s1 minus flat_e	new_damage_rate	0.0018484288354898362	-0.009242144177449167	0.012939001848428836	2000	2000	paired test samples conditional on one fixed source checkpoint
Llama-3.1-8B-Instruct/metamath/seed43	tulu	family_macro	scalar_e minus flat_e	recovery_rate	0.046875	-0.06757329363261565	0.15873015873015878	2000	2000	paired test samples conditional on one fixed source checkpoint
Llama-3.1-8B-Instruct/metamath/seed43	tulu	family_macro	scalar_e minus flat_e	retention_rate	0.05263157894736842	-0.11764705882352938	0.22580645161290325	2000	2000	paired test samples conditional on one fixed source checkpoint
Llama-3.1-8B-Instruct/metamath/seed43	tulu	family_macro	scalar_e minus flat_e	new_success_rate	0.005545286506469502	-0.0036968576709796655	0.01478743068391867	2000	2000	paired test samples conditional on one fixed source checkpoint
Llama-3.1-8B-Instruct/metamath/seed43	tulu	family_macro	scalar_e minus flat_e	new_damage_rate	0.012939001848428836	0.0	0.025878003696857672	2000	2000	paired test samples conditional on one fixed source checkpoint
Llama-3.1-8B-Instruct/metamath/seed43	commonsense	family_macro	hns_f4_s1 minus scalar_e	recovery_rate	0.04334848962759541	0.027819504331035912	0.05944054823409767	2000	2000	paired test samples conditional on one fixed source checkpoint
Llama-3.1-8B-Instruct/metamath/seed43	commonsense	family_macro	hns_f4_s1 minus scalar_e	retention_rate	0.013693045511194213	-0.021361764553804254	0.04703075734582347	2000	2000	paired test samples conditional on one fixed source checkpoint
Llama-3.1-8B-Instruct/metamath/seed43	commonsense	family_macro	hns_f4_s1 minus scalar_e	new_success_rate	0.0013038175002685927	-0.0006331591263553684	0.003202708767494689	2000	2000	paired test samples conditional on one fixed source checkpoint
Llama-3.1-8B-Instruct/metamath/seed43	commonsense	family_macro	hns_f4_s1 minus scalar_e	new_damage_rate	-0.002626392905856297	-0.003921908782666573	-0.0013709252410803114	2000	2000	paired test samples conditional on one fixed source checkpoint
Llama-3.1-8B-Instruct/metamath/seed43	commonsense	family_macro	hns_f4_s1 minus flat_e	recovery_rate	0.0013577791189993693	-0.006041272876239181	0.009584580703747262	2000	2000	paired test samples conditional on one fixed source checkpoint
Llama-3.1-8B-Instruct/metamath/seed43	commonsense	family_macro	hns_f4_s1 minus flat_e	retention_rate	0.00028993107581654076	-0.01308021281390911	0.013238878247794074	2000	2000	paired test samples conditional on one fixed source checkpoint
Llama-3.1-8B-Instruct/metamath/seed43	commonsense	family_macro	hns_f4_s1 minus flat_e	new_success_rate	-7.623834006910413e-07	-0.001085157513901265	0.001088809756880658	2000	2000	paired test samples conditional on one fixed source checkpoint
Llama-3.1-8B-Instruct/metamath/seed43	commonsense	family_macro	hns_f4_s1 minus flat_e	new_damage_rate	7.943922792669634e-05	-0.0004647951003670991	0.0006622135348010043	2000	2000	paired test samples conditional on one fixed source checkpoint
Llama-3.1-8B-Instruct/metamath/seed43	commonsense	family_macro	scalar_e minus flat_e	recovery_rate	-0.04199071050859604	-0.05792613308504048	-0.02627781309730277	2000	2000	paired test samples conditional on one fixed source checkpoint
Llama-3.1-8B-Instruct/metamath/seed43	commonsense	family_macro	scalar_e minus flat_e	retention_rate	-0.013403114435377672	-0.0477311138894278	0.021591621238719473	2000	2000	paired test samples conditional on one fixed source checkpoint
Llama-3.1-8B-Instruct/metamath/seed43	commonsense	family_macro	scalar_e minus flat_e	new_success_rate	-0.0013045798836692837	-0.0034368494771430743	0.0008524611079332412	2000	2000	paired test samples conditional on one fixed source checkpoint
Llama-3.1-8B-Instruct/metamath/seed43	commonsense	family_macro	scalar_e minus flat_e	new_damage_rate	0.0027058321337829934	0.0014555404857617019	0.004027535328431583	2000	2000	paired test samples conditional on one fixed source checkpoint
Llama-3.1-8B-Instruct/metamath/seed43	all	checkpoint_macro	hns_f4_s1 minus scalar_e	recovery_rate	-0.0026092698695239225	-0.04028538108267654	0.04245775605720682	2000	2000	paired test samples conditional on one fixed source checkpoint
Llama-3.1-8B-Instruct/metamath/seed43	all	checkpoint_macro	hns_f4_s1 minus scalar_e	retention_rate	-0.03865312865684922	-0.10262569679057532	0.0170896719894627	2000	2000	paired test samples conditional on one fixed source checkpoint
Llama-3.1-8B-Instruct/metamath/seed43	all	checkpoint_macro	hns_f4_s1 minus scalar_e	new_success_rate	0.001250168792812062	-0.002189256138209391	0.004998780066423842	2000	2000	paired test samples conditional on one fixed source checkpoint
Llama-3.1-8B-Instruct/metamath/seed43	all	checkpoint_macro	hns_f4_s1 minus scalar_e	new_damage_rate	0.001902079365731009	-0.00553035860455057	0.00959084064859056	2000	2000	paired test samples conditional on one fixed source checkpoint
Llama-3.1-8B-Instruct/metamath/seed43	all	checkpoint_macro	hns_f4_s1 minus flat_e	recovery_rate	0.00846952608056284	-0.017263915434674766	0.03521429783983818	2000	2000	paired test samples conditional on one fixed source checkpoint
Llama-3.1-8B-Instruct/metamath/seed43	all	checkpoint_macro	hns_f4_s1 minus flat_e	retention_rate	0.0017966206999886492	-0.03187743739145871	0.034481047188360425	2000	2000	paired test samples conditional on one fixed source checkpoint
Llama-3.1-8B-Instruct/metamath/seed43	all	checkpoint_macro	hns_f4_s1 minus flat_e	new_success_rate	0.0017417328632202272	-0.0008220682439575164	0.00443053572521573	2000	2000	paired test samples conditional on one fixed source checkpoint
Llama-3.1-8B-Instruct/metamath/seed43	all	checkpoint_macro	hns_f4_s1 minus flat_e	new_damage_rate	-0.001421498284909565	-0.006054086938860771	0.0024184171267545894	2000	2000	paired test samples conditional on one fixed source checkpoint
Llama-3.1-8B-Instruct/metamath/seed43	all	checkpoint_macro	scalar_e minus flat_e	recovery_rate	0.011078795950086762	-0.034801995207748945	0.053921746114236405	2000	2000	paired test samples conditional on one fixed source checkpoint
Llama-3.1-8B-Instruct/metamath/seed43	all	checkpoint_macro	scalar_e minus flat_e	retention_rate	0.04044974935683787	-0.014291354543281476	0.10016981796854324	2000	2000	paired test samples conditional on one fixed source checkpoint
Llama-3.1-8B-Instruct/metamath/seed43	all	checkpoint_macro	scalar_e minus flat_e	new_success_rate	0.0004915640704081653	-0.0026734295346409706	0.0035000184099093375	2000	2000	paired test samples conditional on one fixed source checkpoint
Llama-3.1-8B-Instruct/metamath/seed43	all	checkpoint_macro	scalar_e minus flat_e	new_damage_rate	-0.003323577650640574	-0.010527110098938157	0.003474777309894313	2000	2000	paired test samples conditional on one fixed source checkpoint
Llama-3.1-8B-Instruct/metamath/seed43	target	checkpoint_macro	hns_f4_s1 minus scalar_e	recovery_rate	-0.05691056910569103	-0.1451861042183623	0.033905548312327956	2000	2000	paired test samples conditional on one fixed source checkpoint
Llama-3.1-8B-Instruct/metamath/seed43	target	checkpoint_macro	hns_f4_s1 minus scalar_e	retention_rate	0.020689655172413834	-0.0198691997975842	0.06383877228292115	2000	2000	paired test samples conditional on one fixed source checkpoint
Llama-3.1-8B-Instruct/metamath/seed43	target	checkpoint_macro	hns_f4_s1 minus scalar_e	new_success_rate	0.0	-0.008339651250947686	0.00833965125094769	2000	2000	paired test samples conditional on one fixed source checkpoint
Llama-3.1-8B-Instruct/metamath/seed43	target	checkpoint_macro	hns_f4_s1 minus scalar_e	new_damage_rate	0.00303260045489007	-0.004548900682335103	0.01061410159211524	2000	2000	paired test samples conditional on one fixed source checkpoint
Llama-3.1-8B-Instruct/metamath/seed43	target	checkpoint_macro	hns_f4_s1 minus flat_e	recovery_rate	0.03252032520325199	-0.016532369146005563	0.08398561362301814	2000	2000	paired test samples conditional on one fixed source checkpoint
Llama-3.1-8B-Instruct/metamath/seed43	target	checkpoint_macro	hns_f4_s1 minus flat_e	retention_rate	0.006896551724137945	-0.014135528656993199	0.0296052631578948	2000	2000	paired test samples conditional on one fixed source checkpoint
Llama-3.1-8B-Instruct/metamath/seed43	target	checkpoint_macro	hns_f4_s1 minus flat_e	new_success_rate	-0.002274450341167557	-0.0068233510235026565	0.00227445034116755	2000	2000	paired test samples conditional on one fixed source checkpoint
Llama-3.1-8B-Instruct/metamath/seed43	target	checkpoint_macro	hns_f4_s1 minus flat_e	new_damage_rate	-0.0015163002274450332	-0.006823351023502653	0.00303260045489007	2000	2000	paired test samples conditional on one fixed source checkpoint
Llama-3.1-8B-Instruct/metamath/seed43	target	checkpoint_macro	scalar_e minus flat_e	recovery_rate	0.08943089430894302	0.008690125276344829	0.17692307692307685	2000	2000	paired test samples conditional on one fixed source checkpoint
Llama-3.1-8B-Instruct/metamath/seed43	target	checkpoint_macro	scalar_e minus flat_e	retention_rate	-0.01379310344827589	-0.05369791415189988	0.023892830426854937	2000	2000	paired test samples conditional on one fixed source checkpoint
Llama-3.1-8B-Instruct/metamath/seed43	target	checkpoint_macro	scalar_e minus flat_e	new_success_rate	-0.002274450341167557	-0.010614101592115233	0.005307050796057623	2000	2000	paired test samples conditional on one fixed source checkpoint
Llama-3.1-8B-Instruct/metamath/seed43	target	checkpoint_macro	scalar_e minus flat_e	new_damage_rate	-0.004548900682335103	-0.01288855193328279	0.003790750568612585	2000	2000	paired test samples conditional on one fixed source checkpoint
Llama-3.1-8B-Instruct/metamath/seed43	off_task	checkpoint_macro	hns_f4_s1 minus scalar_e	recovery_rate	0.01549116320919841	-0.02521072839046272	0.06290836653312677	2000	2000	paired test samples conditional on one fixed source checkpoint
Llama-3.1-8B-Instruct/metamath/seed43	off_task	checkpoint_macro	hns_f4_s1 minus scalar_e	retention_rate	-0.05843405659993689	-0.14175968228476576	0.014241895676056184	2000	2000	paired test samples conditional on one fixed source checkpoint
Llama-3.1-8B-Instruct/metamath/seed43	off_task	checkpoint_macro	hns_f4_s1 minus scalar_e	new_success_rate	0.0016668917237494148	-0.002152519349782094	0.005601369811266626	2000	2000	paired test samples conditional on one fixed source checkpoint
Llama-3.1-8B-Instruct/metamath/seed43	off_task	checkpoint_macro	hns_f4_s1 minus scalar_e	new_damage_rate	0.001525239002677991	-0.00847495850674061	0.011704811944481521	2000	2000	paired test samples conditional on one fixed source checkpoint
Llama-3.1-8B-Instruct/metamath/seed43	off_task	checkpoint_macro	hns_f4_s1 minus flat_e	recovery_rate	0.0004525930396663824	-0.029504702556494043	0.030860359844131914	2000	2000	paired test samples conditional on one fixed source checkpoint
Llama-3.1-8B-Instruct/metamath/seed43	off_task	checkpoint_macro	hns_f4_s1 minus flat_e	retention_rate	9.664369193884692e-05	-0.04517476221694913	0.042575535689550775	2000	2000	paired test samples conditional on one fixed source checkpoint
Llama-3.1-8B-Instruct/metamath/seed43	off_task	checkpoint_macro	hns_f4_s1 minus flat_e	new_success_rate	0.0030804605980161576	4.615717644887157e-05	0.006525696544037953	2000	2000	paired test samples conditional on one fixed source checkpoint
Llama-3.1-8B-Instruct/metamath/seed43	off_task	checkpoint_macro	hns_f4_s1 minus flat_e	new_damage_rate	-0.0013898976373977363	-0.0072729643765949556	0.003191242573001999	2000	2000	paired test samples conditional on one fixed source checkpoint
Llama-3.1-8B-Instruct/metamath/seed43	off_task	checkpoint_macro	scalar_e minus flat_e	recovery_rate	-0.015038570169532028	-0.06860878616172505	0.030922853014167046	2000	2000	paired test samples conditional on one fixed source checkpoint
Llama-3.1-8B-Instruct/metamath/seed43	off_task	checkpoint_macro	scalar_e minus flat_e	retention_rate	0.05853070029187574	-0.012283599053476915	0.13430690336258014	2000	2000	paired test samples conditional on one fixed source checkpoint
Llama-3.1-8B-Instruct/metamath/seed43	off_task	checkpoint_macro	scalar_e minus flat_e	new_success_rate	0.0014135688742667428	-0.0017217005738493617	0.004774947089509725	2000	2000	paired test samples conditional on one fixed source checkpoint
Llama-3.1-8B-Instruct/metamath/seed43	off_task	checkpoint_macro	scalar_e minus flat_e	new_damage_rate	-0.0029151366400757273	-0.012266167913864512	0.005922253042345444	2000	2000	paired test samples conditional on one fixed source checkpoint
Llama-3.1-8B-Instruct/metamath/seed44	magicoder	family_macro	hns_f4_s1 minus scalar_e	recovery_rate	-0.11764705882352944	-0.3	0.0	2000	2000	paired test samples conditional on one fixed source checkpoint
Llama-3.1-8B-Instruct/metamath/seed44	magicoder	family_macro	hns_f4_s1 minus scalar_e	retention_rate	-0.13636363636363635	-0.29999999999999993	0.0	2000	2000	paired test samples conditional on one fixed source checkpoint
Llama-3.1-8B-Instruct/metamath/seed44	magicoder	family_macro	hns_f4_s1 minus scalar_e	new_success_rate	-0.006097560975609755	-0.01829268292682927	0.0	2000	2000	paired test samples conditional on one fixed source checkpoint
Llama-3.1-8B-Instruct/metamath/seed44	magicoder	family_macro	hns_f4_s1 minus scalar_e	new_damage_rate	0.0	-0.018292682926829267	0.018292682926829267	2000	2000	paired test samples conditional on one fixed source checkpoint
Llama-3.1-8B-Instruct/metamath/seed44	magicoder	family_macro	hns_f4_s1 minus flat_e	recovery_rate	0.0	0.0	0.0	2000	2000	paired test samples conditional on one fixed source checkpoint
Llama-3.1-8B-Instruct/metamath/seed44	magicoder	family_macro	hns_f4_s1 minus flat_e	retention_rate	-0.045454545454545525	-0.15000000000000002	0.0	2000	2000	paired test samples conditional on one fixed source checkpoint
Llama-3.1-8B-Instruct/metamath/seed44	magicoder	family_macro	hns_f4_s1 minus flat_e	new_success_rate	0.0	0.0	0.0	2000	2000	paired test samples conditional on one fixed source checkpoint
Llama-3.1-8B-Instruct/metamath/seed44	magicoder	family_macro	hns_f4_s1 minus flat_e	new_damage_rate	-0.01219512195121951	-0.030487804878048783	0.0	2000	2000	paired test samples conditional on one fixed source checkpoint
Llama-3.1-8B-Instruct/metamath/seed44	magicoder	family_macro	scalar_e minus flat_e	recovery_rate	0.11764705882352944	0.0	0.3	2000	2000	paired test samples conditional on one fixed source checkpoint
Llama-3.1-8B-Instruct/metamath/seed44	magicoder	family_macro	scalar_e minus flat_e	retention_rate	0.09090909090909083	-0.07708333333333338	0.28571428571428575	2000	2000	paired test samples conditional on one fixed source checkpoint
Llama-3.1-8B-Instruct/metamath/seed44	magicoder	family_macro	scalar_e minus flat_e	new_success_rate	0.006097560975609755	0.0	0.01829268292682927	2000	2000	paired test samples conditional on one fixed source checkpoint
Llama-3.1-8B-Instruct/metamath/seed44	magicoder	family_macro	scalar_e minus flat_e	new_damage_rate	-0.01219512195121951	-0.03658536585365854	0.0060975609756097615	2000	2000	paired test samples conditional on one fixed source checkpoint
Llama-3.1-8B-Instruct/metamath/seed44	metamath	family_macro	hns_f4_s1 minus scalar_e	recovery_rate	0.007936507936507908	-0.0714285714285714	0.0882471537001897	2000	2000	paired test samples conditional on one fixed source checkpoint
Llama-3.1-8B-Instruct/metamath/seed44	metamath	family_macro	hns_f4_s1 minus scalar_e	retention_rate	0.01754385964912275	-0.018316701680672315	0.056141336487285684	2000	2000	paired test samples conditional on one fixed source checkpoint
Llama-3.1-8B-Instruct/metamath/seed44	metamath	family_macro	hns_f4_s1 minus scalar_e	new_success_rate	-0.0007581501137225166	-0.009097801364670206	0.0068233510235026565	2000	2000	paired test samples conditional on one fixed source checkpoint
Llama-3.1-8B-Instruct/metamath/seed44	metamath	family_macro	hns_f4_s1 minus scalar_e	new_damage_rate	0.0022744503411675533	-0.004548900682335103	0.00985595147839272	2000	2000	paired test samples conditional on one fixed source checkpoint
Llama-3.1-8B-Instruct/metamath/seed44	metamath	family_macro	hns_f4_s1 minus flat_e	recovery_rate	0.015873015873015928	-0.04166666666666663	0.07317479674796741	2000	2000	paired test samples conditional on one fixed source checkpoint
Llama-3.1-8B-Instruct/metamath/seed44	metamath	family_macro	hns_f4_s1 minus flat_e	retention_rate	0.007017543859649145	-0.011278195488721776	0.026122155615365798	2000	2000	paired test samples conditional on one fixed source checkpoint
Llama-3.1-8B-Instruct/metamath/seed44	metamath	family_macro	hns_f4_s1 minus flat_e	new_success_rate	0.0007581501137225166	-0.00379075056861259	0.006065200909780133	2000	2000	paired test samples conditional on one fixed source checkpoint
Llama-3.1-8B-Instruct/metamath/seed44	metamath	family_macro	hns_f4_s1 minus flat_e	new_damage_rate	0.00303260045489007	-0.0015163002274450367	0.007581501137225173	2000	2000	paired test samples conditional on one fixed source checkpoint
Llama-3.1-8B-Instruct/metamath/seed44	metamath	family_macro	scalar_e minus flat_e	recovery_rate	0.00793650793650802	-0.0703125	0.089289343786295	2000	2000	paired test samples conditional on one fixed source checkpoint
Llama-3.1-8B-Instruct/metamath/seed44	metamath	family_macro	scalar_e minus flat_e	retention_rate	-0.010526315789473606	-0.05000786163522017	0.029098930481283345	2000	2000	paired test samples conditional on one fixed source checkpoint
Llama-3.1-8B-Instruct/metamath/seed44	metamath	family_macro	scalar_e minus flat_e	new_success_rate	0.0015163002274450332	-0.00606520090978014	0.009855951478392716	2000	2000	paired test samples conditional on one fixed source checkpoint
Llama-3.1-8B-Instruct/metamath/seed44	metamath	family_macro	scalar_e minus flat_e	new_damage_rate	0.0007581501137225166	-0.00606520090978014	0.00758150113722517	2000	2000	paired test samples conditional on one fixed source checkpoint
Llama-3.1-8B-Instruct/metamath/seed44	tulu	family_macro	hns_f4_s1 minus scalar_e	recovery_rate	0.01724137931034475	-0.10914141414141418	0.15218312453942517	2000	2000	paired test samples conditional on one fixed source checkpoint
Llama-3.1-8B-Instruct/metamath/seed44	tulu	family_macro	hns_f4_s1 minus scalar_e	retention_rate	0.023255813953488358	-0.09999999999999998	0.1481678486997635	2000	2000	paired test samples conditional on one fixed source checkpoint
Llama-3.1-8B-Instruct/metamath/seed44	tulu	family_macro	hns_f4_s1 minus scalar_e	new_success_rate	0.0018484288354898327	-0.005545286506469502	0.00924214417744917	2000	2000	paired test samples conditional on one fixed source checkpoint
Llama-3.1-8B-Instruct/metamath/seed44	tulu	family_macro	hns_f4_s1 minus scalar_e	new_damage_rate	-0.0073937153419593345	-0.02033271719038817	0.005545286506469502	2000	2000	paired test samples conditional on one fixed source checkpoint
Llama-3.1-8B-Instruct/metamath/seed44	tulu	family_macro	hns_f4_s1 minus flat_e	recovery_rate	0.03448275862068961	-0.028581780538302282	0.10526315789473684	2000	2000	paired test samples conditional on one fixed source checkpoint
Llama-3.1-8B-Instruct/metamath/seed44	tulu	family_macro	hns_f4_s1 minus flat_e	retention_rate	0.023255813953488358	-0.05714285714285716	0.10812279670975315	2000	2000	paired test samples conditional on one fixed source checkpoint
Llama-3.1-8B-Instruct/metamath/seed44	tulu	family_macro	hns_f4_s1 minus flat_e	new_success_rate	-0.0018484288354898327	-0.011090573012939	0.005545286506469502	2000	2000	paired test samples conditional on one fixed source checkpoint
Llama-3.1-8B-Instruct/metamath/seed44	tulu	family_macro	hns_f4_s1 minus flat_e	new_damage_rate	-0.0073937153419593345	-0.018484288354898334	0.0018484288354898362	2000	2000	paired test samples conditional on one fixed source checkpoint
Llama-3.1-8B-Instruct/metamath/seed44	tulu	family_macro	scalar_e minus flat_e	recovery_rate	0.017241379310344862	-0.10417444029850742	0.13849999999999985	2000	2000	paired test samples conditional on one fixed source checkpoint
Llama-3.1-8B-Instruct/metamath/seed44	tulu	family_macro	scalar_e minus flat_e	retention_rate	0.0	-0.11904761904761901	0.11764705882352938	2000	2000	paired test samples conditional on one fixed source checkpoint
Llama-3.1-8B-Instruct/metamath/seed44	tulu	family_macro	scalar_e minus flat_e	new_success_rate	-0.0036968576709796655	-0.011090573012939003	0.0036968576709796655	2000	2000	paired test samples conditional on one fixed source checkpoint
Llama-3.1-8B-Instruct/metamath/seed44	tulu	family_macro	scalar_e minus flat_e	new_damage_rate	0.0	-0.012939001848428836	0.012939001848428836	2000	2000	paired test samples conditional on one fixed source checkpoint
Llama-3.1-8B-Instruct/metamath/seed44	commonsense	family_macro	hns_f4_s1 minus scalar_e	recovery_rate	0.020423102627990186	0.006378782853521075	0.033860463720279226	2000	2000	paired test samples conditional on one fixed source checkpoint
Llama-3.1-8B-Instruct/metamath/seed44	commonsense	family_macro	hns_f4_s1 minus scalar_e	retention_rate	0.021743407763544664	-0.007597538064230891	0.050749715404472706	2000	2000	paired test samples conditional on one fixed source checkpoint
Llama-3.1-8B-Instruct/metamath/seed44	commonsense	family_macro	hns_f4_s1 minus scalar_e	new_success_rate	0.002488788253771433	0.0008609605483068954	0.004233831787922929	2000	2000	paired test samples conditional on one fixed source checkpoint
Llama-3.1-8B-Instruct/metamath/seed44	commonsense	family_macro	hns_f4_s1 minus scalar_e	new_damage_rate	-0.0017526559503333872	-0.0031632898866091807	-0.0003729008755081576	2000	2000	paired test samples conditional on one fixed source checkpoint
Llama-3.1-8B-Instruct/metamath/seed44	commonsense	family_macro	hns_f4_s1 minus flat_e	recovery_rate	-0.0027644036490074297	-0.009467843760503584	0.0036630149600737415	2000	2000	paired test samples conditional on one fixed source checkpoint
Llama-3.1-8B-Instruct/metamath/seed44	commonsense	family_macro	hns_f4_s1 minus flat_e	retention_rate	-0.00535452642595502	-0.019297212367665247	0.0082325771516216	2000	2000	paired test samples conditional on one fixed source checkpoint
Llama-3.1-8B-Instruct/metamath/seed44	commonsense	family_macro	hns_f4_s1 minus flat_e	new_success_rate	8.034095136894015e-05	-0.0009465198173384408	0.0010961675871435635	2000	2000	paired test samples conditional on one fixed source checkpoint
Llama-3.1-8B-Instruct/metamath/seed44	commonsense	family_macro	hns_f4_s1 minus flat_e	new_damage_rate	-0.0001258890493038801	-0.00098752059859176	0.0007559289738719861	2000	2000	paired test samples conditional on one fixed source checkpoint
Llama-3.1-8B-Instruct/metamath/seed44	commonsense	family_macro	scalar_e minus flat_e	recovery_rate	-0.023187506276997616	-0.0365946185553114	-0.008955792388249593	2000	2000	paired test samples conditional on one fixed source checkpoint
Llama-3.1-8B-Instruct/metamath/seed44	commonsense	family_macro	scalar_e minus flat_e	retention_rate	-0.027097934189499684	-0.05576087146408584	0.0030827948519525656	2000	2000	paired test samples conditional on one fixed source checkpoint
Llama-3.1-8B-Instruct/metamath/seed44	commonsense	family_macro	scalar_e minus flat_e	new_success_rate	-0.002408447302402493	-0.004120902644272325	-0.0007718723266657669	2000	2000	paired test samples conditional on one fixed source checkpoint
Llama-3.1-8B-Instruct/metamath/seed44	commonsense	family_macro	scalar_e minus flat_e	new_damage_rate	0.001626766901029507	0.0004023341243339861	0.002990830121287557	2000	2000	paired test samples conditional on one fixed source checkpoint
Llama-3.1-8B-Instruct/metamath/seed44	all	checkpoint_macro	hns_f4_s1 minus scalar_e	recovery_rate	-0.018011517237171648	-0.07787641358640184	0.03672454173172383	2000	2000	paired test samples conditional on one fixed source checkpoint
Llama-3.1-8B-Instruct/metamath/seed44	all	checkpoint_macro	hns_f4_s1 minus scalar_e	retention_rate	-0.018455138749370215	-0.0713123671830122	0.028892604345980382	2000	2000	paired test samples conditional on one fixed source checkpoint
Llama-3.1-8B-Instruct/metamath/seed44	all	checkpoint_macro	hns_f4_s1 minus scalar_e	new_success_rate	-0.0006296235000177487	-0.0052525659223568	0.0030078011212919197	2000	2000	paired test samples conditional on one fixed source checkpoint
Llama-3.1-8B-Instruct/metamath/seed44	all	checkpoint_macro	hns_f4_s1 minus scalar_e	new_damage_rate	-0.001717980237781292	-0.007511325179472023	0.003939123347150755	2000	2000	paired test samples conditional on one fixed source checkpoint
Llama-3.1-8B-Instruct/metamath/seed44	all	checkpoint_macro	hns_f4_s1 minus flat_e	recovery_rate	0.011897842711174555	-0.009594905369521785	0.03581137692911605	2000	2000	paired test samples conditional on one fixed source checkpoint
Llama-3.1-8B-Instruct/metamath/seed44	all	checkpoint_macro	hns_f4_s1 minus flat_e	retention_rate	-0.005133928516840802	-0.03843006295595127	0.02310261478830822	2000	2000	paired test samples conditional on one fixed source checkpoint
Llama-3.1-8B-Instruct/metamath/seed44	all	checkpoint_macro	hns_f4_s1 minus flat_e	new_success_rate	-0.00025248444259959313	-0.00279782124909515	0.0020614951630628644	2000	2000	paired test samples conditional on one fixed source checkpoint
Llama-3.1-8B-Instruct/metamath/seed44	all	checkpoint_macro	hns_f4_s1 minus flat_e	new_damage_rate	-0.004170531471898158	-0.009717459721361123	0.00011255407339651037	2000	2000	paired test samples conditional on one fixed source checkpoint
Llama-3.1-8B-Instruct/metamath/seed44	all	checkpoint_macro	scalar_e minus flat_e	recovery_rate	0.029909359948346204	-0.021639196736369624	0.08937874510296265	2000	2000	paired test samples conditional on one fixed source checkpoint
Llama-3.1-8B-Instruct/metamath/seed44	all	checkpoint_macro	scalar_e minus flat_e	retention_rate	0.013321210232529412	-0.039672604148004526	0.07058105940989397	2000	2000	paired test samples conditional on one fixed source checkpoint
Llama-3.1-8B-Instruct/metamath/seed44	all	checkpoint_macro	scalar_e minus flat_e	new_success_rate	0.0003771390574181556	-0.003254041157435924	0.004890256273753108	2000	2000	paired test samples conditional on one fixed source checkpoint
Llama-3.1-8B-Instruct/metamath/seed44	all	checkpoint_macro	scalar_e minus flat_e	new_damage_rate	-0.0024525512341168655	-0.00960210155224903	0.004074879540180852	2000	2000	paired test samples conditional on one fixed source checkpoint
Llama-3.1-8B-Instruct/metamath/seed44	target	checkpoint_macro	hns_f4_s1 minus scalar_e	recovery_rate	0.007936507936507908	-0.0714285714285714	0.0882471537001897	2000	2000	paired test samples conditional on one fixed source checkpoint
Llama-3.1-8B-Instruct/metamath/seed44	target	checkpoint_macro	hns_f4_s1 minus scalar_e	retention_rate	0.01754385964912275	-0.018316701680672315	0.056141336487285684	2000	2000	paired test samples conditional on one fixed source checkpoint
Llama-3.1-8B-Instruct/metamath/seed44	target	checkpoint_macro	hns_f4_s1 minus scalar_e	new_success_rate	-0.0007581501137225166	-0.009097801364670206	0.0068233510235026565	2000	2000	paired test samples conditional on one fixed source checkpoint
Llama-3.1-8B-Instruct/metamath/seed44	target	checkpoint_macro	hns_f4_s1 minus scalar_e	new_damage_rate	0.0022744503411675533	-0.004548900682335103	0.00985595147839272	2000	2000	paired test samples conditional on one fixed source checkpoint
Llama-3.1-8B-Instruct/metamath/seed44	target	checkpoint_macro	hns_f4_s1 minus flat_e	recovery_rate	0.015873015873015928	-0.04166666666666663	0.07317479674796741	2000	2000	paired test samples conditional on one fixed source checkpoint
Llama-3.1-8B-Instruct/metamath/seed44	target	checkpoint_macro	hns_f4_s1 minus flat_e	retention_rate	0.007017543859649145	-0.011278195488721776	0.026122155615365798	2000	2000	paired test samples conditional on one fixed source checkpoint
Llama-3.1-8B-Instruct/metamath/seed44	target	checkpoint_macro	hns_f4_s1 minus flat_e	new_success_rate	0.0007581501137225166	-0.00379075056861259	0.006065200909780133	2000	2000	paired test samples conditional on one fixed source checkpoint
Llama-3.1-8B-Instruct/metamath/seed44	target	checkpoint_macro	hns_f4_s1 minus flat_e	new_damage_rate	0.00303260045489007	-0.0015163002274450367	0.007581501137225173	2000	2000	paired test samples conditional on one fixed source checkpoint
Llama-3.1-8B-Instruct/metamath/seed44	target	checkpoint_macro	scalar_e minus flat_e	recovery_rate	0.00793650793650802	-0.0703125	0.089289343786295	2000	2000	paired test samples conditional on one fixed source checkpoint
Llama-3.1-8B-Instruct/metamath/seed44	target	checkpoint_macro	scalar_e minus flat_e	retention_rate	-0.010526315789473606	-0.05000786163522017	0.029098930481283345	2000	2000	paired test samples conditional on one fixed source checkpoint
Llama-3.1-8B-Instruct/metamath/seed44	target	checkpoint_macro	scalar_e minus flat_e	new_success_rate	0.0015163002274450332	-0.00606520090978014	0.009855951478392716	2000	2000	paired test samples conditional on one fixed source checkpoint
Llama-3.1-8B-Instruct/metamath/seed44	target	checkpoint_macro	scalar_e minus flat_e	new_damage_rate	0.0007581501137225166	-0.00606520090978014	0.00758150113722517	2000	2000	paired test samples conditional on one fixed source checkpoint
Llama-3.1-8B-Instruct/metamath/seed44	off_task	checkpoint_macro	hns_f4_s1 minus scalar_e	recovery_rate	-0.026660858961731537	-0.09792239428882328	0.04001366842394519	2000	2000	paired test samples conditional on one fixed source checkpoint
Llama-3.1-8B-Instruct/metamath/seed44	off_task	checkpoint_macro	hns_f4_s1 minus scalar_e	retention_rate	-0.030454804882201203	-0.10105481177930722	0.0323563939815864	2000	2000	paired test samples conditional on one fixed source checkpoint
Llama-3.1-8B-Instruct/metamath/seed44	off_task	checkpoint_macro	hns_f4_s1 minus scalar_e	new_success_rate	-0.0005867812954494928	-0.006014544744270148	0.0034587368284414695	2000	2000	paired test samples conditional on one fixed source checkpoint
Llama-3.1-8B-Instruct/metamath/seed44	off_task	checkpoint_macro	hns_f4_s1 minus scalar_e	new_damage_rate	-0.0030487904307642394	-0.01036047966644569	0.004243053812273039	2000	2000	paired test samples conditional on one fixed source checkpoint
Llama-3.1-8B-Instruct/metamath/seed44	off_task	checkpoint_macro	hns_f4_s1 minus flat_e	recovery_rate	0.010572784990560802	-0.009984593189392063	0.034142933470629265	2000	2000	paired test samples conditional on one fixed source checkpoint
Llama-3.1-8B-Instruct/metamath/seed44	off_task	checkpoint_macro	hns_f4_s1 minus flat_e	retention_rate	-0.009184419309004044	-0.05249368948095252	0.027010171656826874	2000	2000	paired test samples conditional on one fixed source checkpoint
Llama-3.1-8B-Instruct/metamath/seed44	off_task	checkpoint_macro	hns_f4_s1 minus flat_e	new_success_rate	-0.0005893626280402964	-0.0035238869334226516	0.0021511340744573898	2000	2000	paired test samples conditional on one fixed source checkpoint
Llama-3.1-8B-Instruct/metamath/seed44	off_task	checkpoint_macro	hns_f4_s1 minus flat_e	new_damage_rate	-0.006571575447494243	-0.013650568783834723	-0.0010203124474769598	2000	2000	paired test samples conditional on one fixed source checkpoint
Llama-3.1-8B-Instruct/metamath/seed44	off_task	checkpoint_macro	scalar_e minus flat_e	recovery_rate	0.03723364395229234	-0.0265365402631721	0.10808725857677816	2000	2000	paired test samples conditional on one fixed source checkpoint
Llama-3.1-8B-Instruct/metamath/seed44	off_task	checkpoint_macro	scalar_e minus flat_e	retention_rate	0.02127038557319716	-0.04918896398292767	0.09641621583855148	2000	2000	paired test samples conditional on one fixed source checkpoint
Llama-3.1-8B-Instruct/metamath/seed44	off_task	checkpoint_macro	scalar_e minus flat_e	new_success_rate	-2.58133259080362e-06	-0.003997908935717742	0.00547275751246178	2000	2000	paired test samples conditional on one fixed source checkpoint
Llama-3.1-8B-Instruct/metamath/seed44	off_task	checkpoint_macro	scalar_e minus flat_e	new_damage_rate	-0.0035227850167300033	-0.01275819025661099	0.004854614098693191	2000	2000	paired test samples conditional on one fixed source checkpoint
Llama-3.1-8B-Instruct/tulu/seed42	magicoder	family_macro	hns_f4_s1 minus scalar_e	recovery_rate	0.0	-0.4285714285714286	0.4644230769230787	1998	2000	paired test samples conditional on one fixed source checkpoint
Llama-3.1-8B-Instruct/tulu/seed42	magicoder	family_macro	hns_f4_s1 minus scalar_e	retention_rate	0.0	0.0	0.0	2000	2000	paired test samples conditional on one fixed source checkpoint
Llama-3.1-8B-Instruct/tulu/seed42	magicoder	family_macro	hns_f4_s1 minus scalar_e	new_success_rate	0.0	0.0	0.0	2000	2000	paired test samples conditional on one fixed source checkpoint
Llama-3.1-8B-Instruct/tulu/seed42	magicoder	family_macro	hns_f4_s1 minus scalar_e	new_damage_rate	-0.006097560975609755	-0.018445121951219504	0.0	2000	2000	paired test samples conditional on one fixed source checkpoint
Llama-3.1-8B-Instruct/tulu/seed42	magicoder	family_macro	hns_f4_s1 minus flat_e	recovery_rate	0.0	0.0	0.0	1998	2000	paired test samples conditional on one fixed source checkpoint
Llama-3.1-8B-Instruct/tulu/seed42	magicoder	family_macro	hns_f4_s1 minus flat_e	retention_rate	0.039999999999999925	0.0	0.13043478260869568	2000	2000	paired test samples conditional on one fixed source checkpoint
Llama-3.1-8B-Instruct/tulu/seed42	magicoder	family_macro	hns_f4_s1 minus flat_e	new_success_rate	0.0	0.0	0.0	2000	2000	paired test samples conditional on one fixed source checkpoint
Llama-3.1-8B-Instruct/tulu/seed42	magicoder	family_macro	hns_f4_s1 minus flat_e	new_damage_rate	-0.012195121951219513	-0.030487804878048783	0.0	2000	2000	paired test samples conditional on one fixed source checkpoint
Llama-3.1-8B-Instruct/tulu/seed42	magicoder	family_macro	scalar_e minus flat_e	recovery_rate	0.0	-0.46442307692307677	0.4285714285714286	1998	2000	paired test samples conditional on one fixed source checkpoint
Llama-3.1-8B-Instruct/tulu/seed42	magicoder	family_macro	scalar_e minus flat_e	retention_rate	0.039999999999999925	0.0	0.13043478260869568	2000	2000	paired test samples conditional on one fixed source checkpoint
Llama-3.1-8B-Instruct/tulu/seed42	magicoder	family_macro	scalar_e minus flat_e	new_success_rate	0.0	0.0	0.0	2000	2000	paired test samples conditional on one fixed source checkpoint
Llama-3.1-8B-Instruct/tulu/seed42	magicoder	family_macro	scalar_e minus flat_e	new_damage_rate	-0.006097560975609758	-0.02439024390243903	0.012195121951219513	2000	2000	paired test samples conditional on one fixed source checkpoint
Llama-3.1-8B-Instruct/tulu/seed42	metamath	family_macro	hns_f4_s1 minus scalar_e	recovery_rate	-0.015384615384615441	-0.06436444017536087	0.032863849765258135	2000	2000	paired test samples conditional on one fixed source checkpoint
Llama-3.1-8B-Instruct/tulu/seed42	metamath	family_macro	hns_f4_s1 minus scalar_e	retention_rate	-0.0826446280991735	-0.16824404370146112	0.0	2000	2000	paired test samples conditional on one fixed source checkpoint
Llama-3.1-8B-Instruct/tulu/seed42	metamath	family_macro	hns_f4_s1 minus scalar_e	new_success_rate	-0.009097801364670206	-0.01897270659590599	0.0015163002274450332	2000	2000	paired test samples conditional on one fixed source checkpoint
Llama-3.1-8B-Instruct/tulu/seed42	metamath	family_macro	hns_f4_s1 minus scalar_e	new_damage_rate	-0.0007581501137225166	-0.01061410159211524	0.00833965125094769	2000	2000	paired test samples conditional on one fixed source checkpoint
Llama-3.1-8B-Instruct/tulu/seed42	metamath	family_macro	hns_f4_s1 minus flat_e	recovery_rate	-0.00512820512820511	-0.03867940454266423	0.025906735751295318	2000	2000	paired test samples conditional on one fixed source checkpoint
Llama-3.1-8B-Instruct/tulu/seed42	metamath	family_macro	hns_f4_s1 minus flat_e	retention_rate	-0.03305785123966942	-0.0862068965517242	0.016810283435407983	2000	2000	paired test samples conditional on one fixed source checkpoint
Llama-3.1-8B-Instruct/tulu/seed42	metamath	family_macro	hns_f4_s1 minus flat_e	new_success_rate	0.0015163002274450332	-0.0068233510235026495	0.009097801364670206	2000	2000	paired test samples conditional on one fixed source checkpoint
Llama-3.1-8B-Instruct/tulu/seed42	metamath	family_macro	hns_f4_s1 minus flat_e	new_damage_rate	0.00303260045489007	-0.0037907505686125866	0.00985595147839272	2000	2000	paired test samples conditional on one fixed source checkpoint
Llama-3.1-8B-Instruct/tulu/seed42	metamath	family_macro	scalar_e minus flat_e	recovery_rate	0.010256410256410331	-0.04519774011299427	0.0656635031635031	2000	2000	paired test samples conditional on one fixed source checkpoint
Llama-3.1-8B-Instruct/tulu/seed42	metamath	family_macro	scalar_e minus flat_e	retention_rate	0.04958677685950408	-0.03940208693425521	0.1406278935185185	2000	2000	paired test samples conditional on one fixed source checkpoint
Llama-3.1-8B-Instruct/tulu/seed42	metamath	family_macro	scalar_e minus flat_e	new_success_rate	0.01061410159211524	0.0	0.021986353297952996	2000	2000	paired test samples conditional on one fixed source checkpoint
Llama-3.1-8B-Instruct/tulu/seed42	metamath	family_macro	scalar_e minus flat_e	new_damage_rate	0.0037907505686125866	-0.004548900682335103	0.01288855193328279	2000	2000	paired test samples conditional on one fixed source checkpoint
Llama-3.1-8B-Instruct/tulu/seed42	tulu	family_macro	hns_f4_s1 minus scalar_e	recovery_rate	-0.12962962962962965	-0.2653140943877551	0.0	2000	2000	paired test samples conditional on one fixed source checkpoint
Llama-3.1-8B-Instruct/tulu/seed42	tulu	family_macro	hns_f4_s1 minus scalar_e	retention_rate	-0.033333333333333326	-0.12729603729603722	0.05882352941176472	2000	2000	paired test samples conditional on one fixed source checkpoint
Llama-3.1-8B-Instruct/tulu/seed42	tulu	family_macro	hns_f4_s1 minus scalar_e	new_success_rate	0.0036968576709796655	-0.009242144177449167	0.016635859519408505	2000	2000	paired test samples conditional on one fixed source checkpoint
Llama-3.1-8B-Instruct/tulu/seed42	tulu	family_macro	hns_f4_s1 minus scalar_e	new_damage_rate	0.0018484288354898327	-0.011090573012939002	0.014787430683918669	2000	2000	paired test samples conditional on one fixed source checkpoint
Llama-3.1-8B-Instruct/tulu/seed42	tulu	family_macro	hns_f4_s1 minus flat_e	recovery_rate	0.0	-0.07547169811320753	0.07692307692307687	2000	2000	paired test samples conditional on one fixed source checkpoint
Llama-3.1-8B-Instruct/tulu/seed42	tulu	family_macro	hns_f4_s1 minus flat_e	retention_rate	0.01666666666666672	-0.05970895522388066	0.08929237739872066	2000	2000	paired test samples conditional on one fixed source checkpoint
Llama-3.1-8B-Instruct/tulu/seed42	tulu	family_macro	hns_f4_s1 minus flat_e	new_success_rate	0.0036968576709796655	-0.0036968576709796724	0.012939001848428836	2000	2000	paired test samples conditional on one fixed source checkpoint
Llama-3.1-8B-Instruct/tulu/seed42	tulu	family_macro	hns_f4_s1 minus flat_e	new_damage_rate	0.003696857670979669	-0.005545286506469502	0.012939001848428836	2000	2000	paired test samples conditional on one fixed source checkpoint
Llama-3.1-8B-Instruct/tulu/seed42	tulu	family_macro	scalar_e minus flat_e	recovery_rate	0.12962962962962965	0.0	0.2692708333333332	2000	2000	paired test samples conditional on one fixed source checkpoint
Llama-3.1-8B-Instruct/tulu/seed42	tulu	family_macro	scalar_e minus flat_e	retention_rate	0.050000000000000044	-0.05882352941176472	0.1568697478991596	2000	2000	paired test samples conditional on one fixed source checkpoint
Llama-3.1-8B-Instruct/tulu/seed42	tulu	family_macro	scalar_e minus flat_e	new_success_rate	0.0	-0.012939001848428836	0.012939001848428836	2000	2000	paired test samples conditional on one fixed source checkpoint
Llama-3.1-8B-Instruct/tulu/seed42	tulu	family_macro	scalar_e minus flat_e	new_damage_rate	0.0018484288354898362	-0.012939001848428836	0.0166358595194085	2000	2000	paired test samples conditional on one fixed source checkpoint
Llama-3.1-8B-Instruct/tulu/seed42	commonsense	family_macro	hns_f4_s1 minus scalar_e	recovery_rate	-0.04800424227093103	-0.07534630933978681	-0.021314803017332334	2000	2000	paired test samples conditional on one fixed source checkpoint
Llama-3.1-8B-Instruct/tulu/seed42	commonsense	family_macro	hns_f4_s1 minus scalar_e	retention_rate	0.12097304601935766	0.09105575643458087	0.14999103027833915	2000	2000	paired test samples conditional on one fixed source checkpoint
Llama-3.1-8B-Instruct/tulu/seed42	commonsense	family_macro	hns_f4_s1 minus scalar_e	new_success_rate	-0.00032108572435624125	-0.0011907556495760823	0.00046980414207236173	2000	2000	paired test samples conditional on one fixed source checkpoint
Llama-3.1-8B-Instruct/tulu/seed42	commonsense	family_macro	hns_f4_s1 minus scalar_e	new_damage_rate	-0.005994409469716081	-0.007663891728954055	-0.004358789393814873	2000	2000	paired test samples conditional on one fixed source checkpoint
Llama-3.1-8B-Instruct/tulu/seed42	commonsense	family_macro	hns_f4_s1 minus flat_e	recovery_rate	0.0012293338215306204	-0.01271265620321262	0.014950210420727751	2000	2000	paired test samples conditional on one fixed source checkpoint
Llama-3.1-8B-Instruct/tulu/seed42	commonsense	family_macro	hns_f4_s1 minus flat_e	retention_rate	0.00285652760545696	-0.011569812258141462	0.017968724669850198	2000	2000	paired test samples conditional on one fixed source checkpoint
Llama-3.1-8B-Instruct/tulu/seed42	commonsense	family_macro	hns_f4_s1 minus flat_e	new_success_rate	6.712556415338494e-05	-8.978345992702178e-05	0.00025295593121700934	2000	2000	paired test samples conditional on one fixed source checkpoint
Llama-3.1-8B-Instruct/tulu/seed42	commonsense	family_macro	hns_f4_s1 minus flat_e	new_damage_rate	0.0003399006535863549	-0.00036626975613170425	0.0011262130777374925	2000	2000	paired test samples conditional on one fixed source checkpoint
Llama-3.1-8B-Instruct/tulu/seed42	commonsense	family_macro	scalar_e minus flat_e	recovery_rate	0.04923357609246165	0.025244528915484954	0.07443433214013245	2000	2000	paired test samples conditional on one fixed source checkpoint
Llama-3.1-8B-Instruct/tulu/seed42	commonsense	family_macro	scalar_e minus flat_e	retention_rate	-0.1181165184139007	-0.14571632323549627	-0.08971624076214313	2000	2000	paired test samples conditional on one fixed source checkpoint
Llama-3.1-8B-Instruct/tulu/seed42	commonsense	family_macro	scalar_e minus flat_e	new_success_rate	0.0003882112885096262	-0.0004162609575160916	0.0012722026128618447	2000	2000	paired test samples conditional on one fixed source checkpoint
Llama-3.1-8B-Instruct/tulu/seed42	commonsense	family_macro	scalar_e minus flat_e	new_damage_rate	0.006334310123302436	0.004617724498358095	0.008103634309620356	2000	2000	paired test samples conditional on one fixed source checkpoint
Llama-3.1-8B-Instruct/tulu/seed42	all	checkpoint_macro	hns_f4_s1 minus scalar_e	recovery_rate	-0.04825462182129403	-0.15668725784955542	0.0714765100823406	2000	2000	paired test samples conditional on one fixed source checkpoint
Llama-3.1-8B-Instruct/tulu/seed42	all	checkpoint_macro	hns_f4_s1 minus scalar_e	retention_rate	0.001248771146712735	-0.030344785721707686	0.03302888446128871	2000	2000	paired test samples conditional on one fixed source checkpoint
Llama-3.1-8B-Instruct/tulu/seed42	all	checkpoint_macro	hns_f4_s1 minus scalar_e	new_success_rate	-0.0014305073545116953	-0.005431089420674221	0.0027067187084201575	2000	2000	paired test samples conditional on one fixed source checkpoint
Llama-3.1-8B-Instruct/tulu/seed42	all	checkpoint_macro	hns_f4_s1 minus scalar_e	new_damage_rate	-0.002750422930889628	-0.007879770466120237	0.0019421845189194597	2000	2000	paired test samples conditional on one fixed source checkpoint
Llama-3.1-8B-Instruct/tulu/seed42	all	checkpoint_macro	hns_f4_s1 minus flat_e	recovery_rate	-0.0009747178266686363	-0.02141501377845233	0.020154923917356887	2000	2000	paired test samples conditional on one fixed source checkpoint
Llama-3.1-8B-Instruct/tulu/seed42	all	checkpoint_macro	hns_f4_s1 minus flat_e	retention_rate	0.006616335758113601	-0.023177585169874663	0.037944671868396916	2000	2000	paired test samples conditional on one fixed source checkpoint
Llama-3.1-8B-Instruct/tulu/seed42	all	checkpoint_macro	hns_f4_s1 minus flat_e	new_success_rate	0.0013200708656445174	-0.0016718306489818546	0.004338820769957746	2000	2000	paired test samples conditional on one fixed source checkpoint
Llama-3.1-8B-Instruct/tulu/seed42	all	checkpoint_macro	hns_f4_s1 minus flat_e	new_damage_rate	-0.001281440792940857	-0.006909628694565065	0.002959782914174798	2000	2000	paired test samples conditional on one fixed source checkpoint
Llama-3.1-8B-Instruct/tulu/seed42	all	checkpoint_macro	scalar_e minus flat_e	recovery_rate	0.047279903994625394	-0.06746546792714571	0.15937041160486917	2000	2000	paired test samples conditional on one fixed source checkpoint
Llama-3.1-8B-Instruct/tulu/seed42	all	checkpoint_macro	scalar_e minus flat_e	retention_rate	0.005367564611400866	-0.03576164699767892	0.04722461313487118	2000	2000	paired test samples conditional on one fixed source checkpoint
Llama-3.1-8B-Instruct/tulu/seed42	all	checkpoint_macro	scalar_e minus flat_e	new_success_rate	0.0027505782201562128	-0.001438959309180479	0.006888646715510421	2000	2000	paired test samples conditional on one fixed source checkpoint
Llama-3.1-8B-Instruct/tulu/seed42	all	checkpoint_macro	scalar_e minus flat_e	new_damage_rate	0.001468982137948771	-0.005278751063833144	0.007877349658689867	2000	2000	paired test samples conditional on one fixed source checkpoint
Llama-3.1-8B-Instruct/tulu/seed42	target	checkpoint_macro	hns_f4_s1 minus scalar_e	recovery_rate	-0.12962962962962965	-0.2653140943877551	0.0	2000	2000	paired test samples conditional on one fixed source checkpoint
Llama-3.1-8B-Instruct/tulu/seed42	target	checkpoint_macro	hns_f4_s1 minus scalar_e	retention_rate	-0.033333333333333326	-0.12729603729603722	0.05882352941176472	2000	2000	paired test samples conditional on one fixed source checkpoint
Llama-3.1-8B-Instruct/tulu/seed42	target	checkpoint_macro	hns_f4_s1 minus scalar_e	new_success_rate	0.0036968576709796655	-0.009242144177449167	0.016635859519408505	2000	2000	paired test samples conditional on one fixed source checkpoint
Llama-3.1-8B-Instruct/tulu/seed42	target	checkpoint_macro	hns_f4_s1 minus scalar_e	new_damage_rate	0.0018484288354898327	-0.011090573012939002	0.014787430683918669	2000	2000	paired test samples conditional on one fixed source checkpoint
Llama-3.1-8B-Instruct/tulu/seed42	target	checkpoint_macro	hns_f4_s1 minus flat_e	recovery_rate	0.0	-0.07547169811320753	0.07692307692307687	2000	2000	paired test samples conditional on one fixed source checkpoint
Llama-3.1-8B-Instruct/tulu/seed42	target	checkpoint_macro	hns_f4_s1 minus flat_e	retention_rate	0.01666666666666672	-0.05970895522388066	0.08929237739872066	2000	2000	paired test samples conditional on one fixed source checkpoint
Llama-3.1-8B-Instruct/tulu/seed42	target	checkpoint_macro	hns_f4_s1 minus flat_e	new_success_rate	0.0036968576709796655	-0.0036968576709796724	0.012939001848428836	2000	2000	paired test samples conditional on one fixed source checkpoint
Llama-3.1-8B-Instruct/tulu/seed42	target	checkpoint_macro	hns_f4_s1 minus flat_e	new_damage_rate	0.003696857670979669	-0.005545286506469502	0.012939001848428836	2000	2000	paired test samples conditional on one fixed source checkpoint
Llama-3.1-8B-Instruct/tulu/seed42	target	checkpoint_macro	scalar_e minus flat_e	recovery_rate	0.12962962962962965	0.0	0.2692708333333332	2000	2000	paired test samples conditional on one fixed source checkpoint
Llama-3.1-8B-Instruct/tulu/seed42	target	checkpoint_macro	scalar_e minus flat_e	retention_rate	0.050000000000000044	-0.05882352941176472	0.1568697478991596	2000	2000	paired test samples conditional on one fixed source checkpoint
Llama-3.1-8B-Instruct/tulu/seed42	target	checkpoint_macro	scalar_e minus flat_e	new_success_rate	0.0	-0.012939001848428836	0.012939001848428836	2000	2000	paired test samples conditional on one fixed source checkpoint
Llama-3.1-8B-Instruct/tulu/seed42	target	checkpoint_macro	scalar_e minus flat_e	new_damage_rate	0.0018484288354898362	-0.012939001848428836	0.0166358595194085	2000	2000	paired test samples conditional on one fixed source checkpoint
Llama-3.1-8B-Instruct/tulu/seed42	off_task	checkpoint_macro	hns_f4_s1 minus scalar_e	recovery_rate	-0.021129619218515527	-0.1687614404147596	0.13334177086483057	2000	2000	paired test samples conditional on one fixed source checkpoint
Llama-3.1-8B-Instruct/tulu/seed42	off_task	checkpoint_macro	hns_f4_s1 minus scalar_e	retention_rate	0.012776139306728052	-0.017696415678394316	0.042265542098046095	2000	2000	paired test samples conditional on one fixed source checkpoint
Llama-3.1-8B-Instruct/tulu/seed42	off_task	checkpoint_macro	hns_f4_s1 minus scalar_e	new_success_rate	-0.0031396290296754857	-0.006543554192959096	0.0004528790887668184	2000	2000	paired test samples conditional on one fixed source checkpoint
Llama-3.1-8B-Instruct/tulu/seed42	off_task	checkpoint_macro	hns_f4_s1 minus scalar_e	new_damage_rate	-0.004283373519682786	-0.009918959810534062	9.114116696877996e-05	2000	2000	paired test samples conditional on one fixed source checkpoint
Llama-3.1-8B-Instruct/tulu/seed42	off_task	checkpoint_macro	hns_f4_s1 minus flat_e	recovery_rate	-0.0012996237688915335	-0.013360409960232253	0.009824140821950997	2000	2000	paired test samples conditional on one fixed source checkpoint
Llama-3.1-8B-Instruct/tulu/seed42	off_task	checkpoint_macro	hns_f4_s1 minus flat_e	retention_rate	0.0032662254552624503	-0.025295875706763737	0.037348504685320756	2000	2000	paired test samples conditional on one fixed source checkpoint
Llama-3.1-8B-Instruct/tulu/seed42	off_task	checkpoint_macro	hns_f4_s1 minus flat_e	new_success_rate	0.0005278085971994716	-0.0022269890646370635	0.0031005852479546007	2000	2000	paired test samples conditional on one fixed source checkpoint
Llama-3.1-8B-Instruct/tulu/seed42	off_task	checkpoint_macro	hns_f4_s1 minus flat_e	new_damage_rate	-0.002940873614247698	-0.009791625030024825	0.0021136907972890066	2000	2000	paired test samples conditional on one fixed source checkpoint
Llama-3.1-8B-Instruct/tulu/seed42	off_task	checkpoint_macro	scalar_e minus flat_e	recovery_rate	0.019829995449623994	-0.13194165108167275	0.16247445329153778	2000	2000	paired test samples conditional on one fixed source checkpoint
Llama-3.1-8B-Instruct/tulu/seed42	off_task	checkpoint_macro	scalar_e minus flat_e	retention_rate	-0.009509913851465601	-0.04860133320164307	0.03274219397898695	2000	2000	paired test samples conditional on one fixed source checkpoint
Llama-3.1-8B-Instruct/tulu/seed42	off_task	checkpoint_macro	scalar_e minus flat_e	new_success_rate	0.0036674376268749573	7.176735990186823e-06	0.007300292618653215	2000	2000	paired test samples conditional on one fixed source checkpoint
Llama-3.1-8B-Instruct/tulu/seed42	off_task	checkpoint_macro	scalar_e minus flat_e	new_damage_rate	0.0013424999054350885	-0.0063406946384525105	0.00875919343492245	2000	2000	paired test samples conditional on one fixed source checkpoint
Llama-3.1-8B-Instruct/tulu/seed43	magicoder	family_macro	hns_f4_s1 minus scalar_e	recovery_rate	-0.11111111111111116	-0.5	0.2857142857142857	2000	2000	paired test samples conditional on one fixed source checkpoint
Llama-3.1-8B-Instruct/tulu/seed43	magicoder	family_macro	hns_f4_s1 minus scalar_e	retention_rate	0.0714285714285714	-0.06456989247311833	0.21742527173913032	2000	2000	paired test samples conditional on one fixed source checkpoint
Llama-3.1-8B-Instruct/tulu/seed43	magicoder	family_macro	hns_f4_s1 minus scalar_e	new_success_rate	-0.006097560975609756	-0.01829268292682927	0.0	2000	2000	paired test samples conditional on one fixed source checkpoint
Llama-3.1-8B-Instruct/tulu/seed43	magicoder	family_macro	hns_f4_s1 minus scalar_e	new_damage_rate	-0.006097560975609755	-0.01829268292682927	0.0	2000	2000	paired test samples conditional on one fixed source checkpoint
Llama-3.1-8B-Instruct/tulu/seed43	magicoder	family_macro	hns_f4_s1 minus flat_e	recovery_rate	-0.11111111111111116	-0.3639204545454545	0.0	2000	2000	paired test samples conditional on one fixed source checkpoint
Llama-3.1-8B-Instruct/tulu/seed43	magicoder	family_macro	hns_f4_s1 minus flat_e	retention_rate	0.0357142857142857	0.0	0.125	2000	2000	paired test samples conditional on one fixed source checkpoint
Llama-3.1-8B-Instruct/tulu/seed43	magicoder	family_macro	hns_f4_s1 minus flat_e	new_success_rate	-0.006097560975609756	-0.01829268292682927	0.0	2000	2000	paired test samples conditional on one fixed source checkpoint
Llama-3.1-8B-Instruct/tulu/seed43	magicoder	family_macro	hns_f4_s1 minus flat_e	new_damage_rate	0.0	-0.018292682926829267	0.018292682926829267	2000	2000	paired test samples conditional on one fixed source checkpoint
Llama-3.1-8B-Instruct/tulu/seed43	magicoder	family_macro	scalar_e minus flat_e	recovery_rate	0.0	-0.33333333333333337	0.3333333333333333	2000	2000	paired test samples conditional on one fixed source checkpoint
Llama-3.1-8B-Instruct/tulu/seed43	magicoder	family_macro	scalar_e minus flat_e	retention_rate	-0.0357142857142857	-0.16142473118279566	0.08695652173913049	2000	2000	paired test samples conditional on one fixed source checkpoint
Llama-3.1-8B-Instruct/tulu/seed43	magicoder	family_macro	scalar_e minus flat_e	new_success_rate	0.0	0.0	0.0	2000	2000	paired test samples conditional on one fixed source checkpoint
Llama-3.1-8B-Instruct/tulu/seed43	magicoder	family_macro	scalar_e minus flat_e	new_damage_rate	0.006097560975609755	0.0	0.01829268292682927	2000	2000	paired test samples conditional on one fixed source checkpoint
Llama-3.1-8B-Instruct/tulu/seed43	metamath	family_macro	hns_f4_s1 minus scalar_e	recovery_rate	-0.010204081632653073	-0.11460336538461542	0.09638554216867468	2000	2000	paired test samples conditional on one fixed source checkpoint
Llama-3.1-8B-Instruct/tulu/seed43	metamath	family_macro	hns_f4_s1 minus scalar_e	retention_rate	0.01526717557251911	-0.06780624036979974	0.09029356060606053	2000	2000	paired test samples conditional on one fixed source checkpoint
Llama-3.1-8B-Instruct/tulu/seed43	metamath	family_macro	hns_f4_s1 minus scalar_e	new_success_rate	0.011372251705837756	0.0007581501137225233	0.021986353297952996	2000	2000	paired test samples conditional on one fixed source checkpoint
Llama-3.1-8B-Instruct/tulu/seed43	metamath	family_macro	hns_f4_s1 minus scalar_e	new_damage_rate	0.004548900682335103	-0.0037907505686125866	0.013646702047005306	2000	2000	paired test samples conditional on one fixed source checkpoint
Llama-3.1-8B-Instruct/tulu/seed43	metamath	family_macro	hns_f4_s1 minus flat_e	recovery_rate	0.010204081632652962	-0.060015151515151514	0.07692307692307687	2000	2000	paired test samples conditional on one fixed source checkpoint
Llama-3.1-8B-Instruct/tulu/seed43	metamath	family_macro	hns_f4_s1 minus flat_e	retention_rate	0.022900763358778664	-0.0234375	0.06780624036979957	2000	2000	paired test samples conditional on one fixed source checkpoint
Llama-3.1-8B-Instruct/tulu/seed43	metamath	family_macro	hns_f4_s1 minus flat_e	new_success_rate	0.0	-0.005307050796057623	0.005326004548900583	2000	2000	paired test samples conditional on one fixed source checkpoint
Llama-3.1-8B-Instruct/tulu/seed43	metamath	family_macro	hns_f4_s1 minus flat_e	new_damage_rate	0.0015163002274450332	-0.005307050796057623	0.008358605003790648	2000	2000	paired test samples conditional on one fixed source checkpoint
Llama-3.1-8B-Instruct/tulu/seed43	metamath	family_macro	scalar_e minus flat_e	recovery_rate	0.020408163265306034	-0.07999999999999996	0.12037315930388222	2000	2000	paired test samples conditional on one fixed source checkpoint
Llama-3.1-8B-Instruct/tulu/seed43	metamath	family_macro	scalar_e minus flat_e	retention_rate	0.007633587786259555	-0.06724113374163233	0.08264462809917361	2000	2000	paired test samples conditional on one fixed source checkpoint
Llama-3.1-8B-Instruct/tulu/seed43	metamath	family_macro	scalar_e minus flat_e	new_success_rate	-0.011372251705837756	-0.02122820318423048	-0.0015163002274450332	2000	2000	paired test samples conditional on one fixed source checkpoint
Llama-3.1-8B-Instruct/tulu/seed43	metamath	family_macro	scalar_e minus flat_e	new_damage_rate	-0.00303260045489007	-0.011372251705837756	0.004548900682335103	2000	2000	paired test samples conditional on one fixed source checkpoint
Llama-3.1-8B-Instruct/tulu/seed43	tulu	family_macro	hns_f4_s1 minus scalar_e	recovery_rate	0.05263157894736842	-0.047619047619047616	0.15254237288135597	2000	2000	paired test samples conditional on one fixed source checkpoint
Llama-3.1-8B-Instruct/tulu/seed43	tulu	family_macro	hns_f4_s1 minus scalar_e	retention_rate	0.06557377049180335	-0.033333333333333326	0.17243037135278508	2000	2000	paired test samples conditional on one fixed source checkpoint
Llama-3.1-8B-Instruct/tulu/seed43	tulu	family_macro	hns_f4_s1 minus scalar_e	new_success_rate	0.0	-0.012939001848428836	0.012939001848428836	2000	2000	paired test samples conditional on one fixed source checkpoint
Llama-3.1-8B-Instruct/tulu/seed43	tulu	family_macro	hns_f4_s1 minus scalar_e	new_damage_rate	-0.0036968576709796655	-0.016635859519408505	0.009242144177449169	2000	2000	paired test samples conditional on one fixed source checkpoint
Llama-3.1-8B-Instruct/tulu/seed43	tulu	family_macro	hns_f4_s1 minus flat_e	recovery_rate	0.03508771929824561	-0.05882352941176472	0.12904719235364392	2000	2000	paired test samples conditional on one fixed source checkpoint
Llama-3.1-8B-Instruct/tulu/seed43	tulu	family_macro	hns_f4_s1 minus flat_e	retention_rate	0.0	-0.04477611940298509	0.04999999999999993	2000	2000	paired test samples conditional on one fixed source checkpoint
Llama-3.1-8B-Instruct/tulu/seed43	tulu	family_macro	hns_f4_s1 minus flat_e	new_success_rate	0.0018484288354898362	-0.009242144177449167	0.012939001848428836	2000	2000	paired test samples conditional on one fixed source checkpoint
Llama-3.1-8B-Instruct/tulu/seed43	tulu	family_macro	hns_f4_s1 minus flat_e	new_damage_rate	-0.011090573012939	-0.024029574861367836	0.0	2000	2000	paired test samples conditional on one fixed source checkpoint
Llama-3.1-8B-Instruct/tulu/seed43	tulu	family_macro	scalar_e minus flat_e	recovery_rate	-0.017543859649122806	-0.1379442970822281	0.10526315789473684	2000	2000	paired test samples conditional on one fixed source checkpoint
Llama-3.1-8B-Instruct/tulu/seed43	tulu	family_macro	scalar_e minus flat_e	retention_rate	-0.06557377049180335	-0.17307692307692313	0.046893601190476086	2000	2000	paired test samples conditional on one fixed source checkpoint
Llama-3.1-8B-Instruct/tulu/seed43	tulu	family_macro	scalar_e minus flat_e	new_success_rate	0.0018484288354898362	-0.011090573012939	0.014787430683918669	2000	2000	paired test samples conditional on one fixed source checkpoint
Llama-3.1-8B-Instruct/tulu/seed43	tulu	family_macro	scalar_e minus flat_e	new_damage_rate	-0.0073937153419593345	-0.022181146025878007	0.0073937153419593345	2000	2000	paired test samples conditional on one fixed source checkpoint
Llama-3.1-8B-Instruct/tulu/seed43	commonsense	family_macro	hns_f4_s1 minus scalar_e	recovery_rate	-0.004142623411061863	-0.02694099365183614	0.01710460810452415	2000	2000	paired test samples conditional on one fixed source checkpoint
Llama-3.1-8B-Instruct/tulu/seed43	commonsense	family_macro	hns_f4_s1 minus scalar_e	retention_rate	-0.015877822046299617	-0.035560797253910266	0.002269665032029864	2000	2000	paired test samples conditional on one fixed source checkpoint
Llama-3.1-8B-Instruct/tulu/seed43	commonsense	family_macro	hns_f4_s1 minus scalar_e	new_success_rate	0.0005252884600267789	-0.00021357248029413783	0.0013645208594709015	2000	2000	paired test samples conditional on one fixed source checkpoint
Llama-3.1-8B-Instruct/tulu/seed43	commonsense	family_macro	hns_f4_s1 minus scalar_e	new_damage_rate	0.00020838728354254793	-0.000987693736750067	0.0014177230788606449	2000	2000	paired test samples conditional on one fixed source checkpoint
Llama-3.1-8B-Instruct/tulu/seed43	commonsense	family_macro	hns_f4_s1 minus flat_e	recovery_rate	-0.00743830379770305	-0.01747148288942022	0.002380804814742606	2000	2000	paired test samples conditional on one fixed source checkpoint
Llama-3.1-8B-Instruct/tulu/seed43	commonsense	family_macro	hns_f4_s1 minus flat_e	retention_rate	0.011101466393008907	-0.002060201979255466	0.025573105911533826	2000	2000	paired test samples conditional on one fixed source checkpoint
Llama-3.1-8B-Instruct/tulu/seed43	commonsense	family_macro	hns_f4_s1 minus flat_e	new_success_rate	0.0004368823127716458	-6.578400363191749e-05	0.001028242465095796	2000	2000	paired test samples conditional on one fixed source checkpoint
Llama-3.1-8B-Instruct/tulu/seed43	commonsense	family_macro	hns_f4_s1 minus flat_e	new_damage_rate	-5.4675093861434806e-05	-0.0007762087090155978	0.000731616678516876	2000	2000	paired test samples conditional on one fixed source checkpoint
Llama-3.1-8B-Instruct/tulu/seed43	commonsense	family_macro	scalar_e minus flat_e	recovery_rate	-0.0032956803866411866	-0.02345852587293108	0.019690060270043594	2000	2000	paired test samples conditional on one fixed source checkpoint
Llama-3.1-8B-Instruct/tulu/seed43	commonsense	family_macro	scalar_e minus flat_e	retention_rate	0.026979288439308524	0.008629636099185994	0.04616542157946184	2000	2000	paired test samples conditional on one fixed source checkpoint
Llama-3.1-8B-Instruct/tulu/seed43	commonsense	family_macro	scalar_e minus flat_e	new_success_rate	-8.840614725513308e-05	-0.0009007976427902898	0.0006828228037199364	2000	2000	paired test samples conditional on one fixed source checkpoint
Llama-3.1-8B-Instruct/tulu/seed43	commonsense	family_macro	scalar_e minus flat_e	new_damage_rate	-0.00026306237740398274	-0.0014491512473354317	0.0008284494622016246	2000	2000	paired test samples conditional on one fixed source checkpoint
Llama-3.1-8B-Instruct/tulu/seed43	all	checkpoint_macro	hns_f4_s1 minus scalar_e	recovery_rate	-0.018206559301864378	-0.1210545465508249	0.08720101519333114	2000	2000	paired test samples conditional on one fixed source checkpoint
Llama-3.1-8B-Instruct/tulu/seed43	all	checkpoint_macro	hns_f4_s1 minus scalar_e	retention_rate	0.03409792386164856	-0.01242233701251512	0.08338595060298896	2000	2000	paired test samples conditional on one fixed source checkpoint
Llama-3.1-8B-Instruct/tulu/seed43	all	checkpoint_macro	hns_f4_s1 minus scalar_e	new_success_rate	0.0014499947975636918	-0.0037384510265653166	0.006483074392961428	2000	2000	paired test samples conditional on one fixed source checkpoint
Llama-3.1-8B-Instruct/tulu/seed43	all	checkpoint_macro	hns_f4_s1 minus scalar_e	new_damage_rate	-0.0012592826701779448	-0.006458538279443161	0.003508380123951891	2000	2000	paired test samples conditional on one fixed source checkpoint
Llama-3.1-8B-Instruct/tulu/seed43	all	checkpoint_macro	hns_f4_s1 minus flat_e	recovery_rate	-0.01831440349447888	-0.08899395182687425	0.03264885309032114	2000	2000	paired test samples conditional on one fixed source checkpoint
Llama-3.1-8B-Instruct/tulu/seed43	all	checkpoint_macro	hns_f4_s1 minus flat_e	retention_rate	0.017429128866518262	-0.004183275124095537	0.044023472317412965	2000	2000	paired test samples conditional on one fixed source checkpoint
Llama-3.1-8B-Instruct/tulu/seed43	all	checkpoint_macro	hns_f4_s1 minus flat_e	new_success_rate	-0.0009530624568370692	-0.005431488039835716	0.002937380383629806	2000	2000	paired test samples conditional on one fixed source checkpoint
Llama-3.1-8B-Instruct/tulu/seed43	all	checkpoint_macro	hns_f4_s1 minus flat_e	new_damage_rate	-0.0024072369698388517	-0.008034259114257859	0.0027995904409532472	2000	2000	paired test samples conditional on one fixed source checkpoint
Llama-3.1-8B-Instruct/tulu/seed43	all	checkpoint_macro	scalar_e minus flat_e	recovery_rate	-0.00010784419261450351	-0.0930572384020179	0.09226259218517097	2000	2000	paired test samples conditional on one fixed source checkpoint
Llama-3.1-8B-Instruct/tulu/seed43	all	checkpoint_macro	scalar_e minus flat_e	retention_rate	-0.0166687949951303	-0.06156440455567932	0.02852918802991901	2000	2000	paired test samples conditional on one fixed source checkpoint
Llama-3.1-8B-Instruct/tulu/seed43	all	checkpoint_macro	scalar_e minus flat_e	new_success_rate	-0.002403057254400761	-0.006600524826249409	0.0016849977771956598	2000	2000	paired test samples conditional on one fixed source checkpoint
Llama-3.1-8B-Instruct/tulu/seed43	all	checkpoint_macro	scalar_e minus flat_e	new_damage_rate	-0.0011479542996609068	-0.006193464177362317	0.004261159080251008	2000	2000	paired test samples conditional on one fixed source checkpoint
Llama-3.1-8B-Instruct/tulu/seed43	target	checkpoint_macro	hns_f4_s1 minus scalar_e	recovery_rate	0.05263157894736842	-0.047619047619047616	0.15254237288135597	2000	2000	paired test samples conditional on one fixed source checkpoint
Llama-3.1-8B-Instruct/tulu/seed43	target	checkpoint_macro	hns_f4_s1 minus scalar_e	retention_rate	0.06557377049180335	-0.033333333333333326	0.17243037135278508	2000	2000	paired test samples conditional on one fixed source checkpoint
Llama-3.1-8B-Instruct/tulu/seed43	target	checkpoint_macro	hns_f4_s1 minus scalar_e	new_success_rate	0.0	-0.012939001848428836	0.012939001848428836	2000	2000	paired test samples conditional on one fixed source checkpoint
Llama-3.1-8B-Instruct/tulu/seed43	target	checkpoint_macro	hns_f4_s1 minus scalar_e	new_damage_rate	-0.0036968576709796655	-0.016635859519408505	0.009242144177449169	2000	2000	paired test samples conditional on one fixed source checkpoint
Llama-3.1-8B-Instruct/tulu/seed43	target	checkpoint_macro	hns_f4_s1 minus flat_e	recovery_rate	0.03508771929824561	-0.05882352941176472	0.12904719235364392	2000	2000	paired test samples conditional on one fixed source checkpoint
Llama-3.1-8B-Instruct/tulu/seed43	target	checkpoint_macro	hns_f4_s1 minus flat_e	retention_rate	0.0	-0.04477611940298509	0.04999999999999993	2000	2000	paired test samples conditional on one fixed source checkpoint
Llama-3.1-8B-Instruct/tulu/seed43	target	checkpoint_macro	hns_f4_s1 minus flat_e	new_success_rate	0.0018484288354898362	-0.009242144177449167	0.012939001848428836	2000	2000	paired test samples conditional on one fixed source checkpoint
Llama-3.1-8B-Instruct/tulu/seed43	target	checkpoint_macro	hns_f4_s1 minus flat_e	new_damage_rate	-0.011090573012939	-0.024029574861367836	0.0	2000	2000	paired test samples conditional on one fixed source checkpoint
Llama-3.1-8B-Instruct/tulu/seed43	target	checkpoint_macro	scalar_e minus flat_e	recovery_rate	-0.017543859649122806	-0.1379442970822281	0.10526315789473684	2000	2000	paired test samples conditional on one fixed source checkpoint
Llama-3.1-8B-Instruct/tulu/seed43	target	checkpoint_macro	scalar_e minus flat_e	retention_rate	-0.06557377049180335	-0.17307692307692313	0.046893601190476086	2000	2000	paired test samples conditional on one fixed source checkpoint
Llama-3.1-8B-Instruct/tulu/seed43	target	checkpoint_macro	scalar_e minus flat_e	new_success_rate	0.0018484288354898362	-0.011090573012939	0.014787430683918669	2000	2000	paired test samples conditional on one fixed source checkpoint
Llama-3.1-8B-Instruct/tulu/seed43	target	checkpoint_macro	scalar_e minus flat_e	new_damage_rate	-0.0073937153419593345	-0.022181146025878007	0.0073937153419593345	2000	2000	paired test samples conditional on one fixed source checkpoint
Llama-3.1-8B-Instruct/tulu/seed43	off_task	checkpoint_macro	hns_f4_s1 minus scalar_e	recovery_rate	-0.04181927205160868	-0.17609995158623162	0.09413466496949309	2000	2000	paired test samples conditional on one fixed source checkpoint
Llama-3.1-8B-Instruct/tulu/seed43	off_task	checkpoint_macro	hns_f4_s1 minus scalar_e	retention_rate	0.023605974984930223	-0.030146721624663052	0.07621103098481886	2000	2000	paired test samples conditional on one fixed source checkpoint
Llama-3.1-8B-Instruct/tulu/seed43	off_task	checkpoint_macro	hns_f4_s1 minus scalar_e	new_success_rate	0.0019333263967515925	-0.0038465402325047614	0.006655919917687103	2000	2000	paired test samples conditional on one fixed source checkpoint
Llama-3.1-8B-Instruct/tulu/seed43	off_task	checkpoint_macro	hns_f4_s1 minus scalar_e	new_damage_rate	-0.00044675766991069885	-0.006084780639123496	0.0039598966485116785	2000	2000	paired test samples conditional on one fixed source checkpoint
Llama-3.1-8B-Instruct/tulu/seed43	off_task	checkpoint_macro	hns_f4_s1 minus flat_e	recovery_rate	-0.03611511109205373	-0.12262166781794395	0.017694712030325677	2000	2000	paired test samples conditional on one fixed source checkpoint
Llama-3.1-8B-Instruct/tulu/seed43	off_task	checkpoint_macro	hns_f4_s1 minus flat_e	retention_rate	0.023238838488691127	-0.0012929734616958176	0.05502027803390272	2000	2000	paired test samples conditional on one fixed source checkpoint
Llama-3.1-8B-Instruct/tulu/seed43	off_task	checkpoint_macro	hns_f4_s1 minus flat_e	new_success_rate	-0.0018868928876127032	-0.00690022477940227	0.0015436540279230983	2000	2000	paired test samples conditional on one fixed source checkpoint
Llama-3.1-8B-Instruct/tulu/seed43	off_task	checkpoint_macro	hns_f4_s1 minus flat_e	new_damage_rate	0.00048720837786120005	-0.005524581978818623	0.006738263638022106	2000	2000	paired test samples conditional on one fixed source checkpoint
Llama-3.1-8B-Instruct/tulu/seed43	off_task	checkpoint_macro	scalar_e minus flat_e	recovery_rate	0.005704160959554949	-0.11155066194863207	0.11987141253811114	2000	2000	paired test samples conditional on one fixed source checkpoint
Llama-3.1-8B-Instruct/tulu/seed43	off_task	checkpoint_macro	scalar_e minus flat_e	retention_rate	-0.0003671364962390955	-0.04733552852322888	0.048191276524419346	2000	2000	paired test samples conditional on one fixed source checkpoint
Llama-3.1-8B-Instruct/tulu/seed43	off_task	checkpoint_macro	scalar_e minus flat_e	new_success_rate	-0.0038202192843642957	-0.007190592280410683	-0.0004842916545547275	2000	2000	paired test samples conditional on one fixed source checkpoint
Llama-3.1-8B-Instruct/tulu/seed43	off_task	checkpoint_macro	scalar_e minus flat_e	new_damage_rate	0.0009339660477718989	-0.003284353547091073	0.006672933536531208	2000	2000	paired test samples conditional on one fixed source checkpoint
Llama-3.1-8B-Instruct/tulu/seed44	magicoder	family_macro	hns_f4_s1 minus scalar_e	recovery_rate	0.14285714285714285	0.0	0.5	1996	2000	paired test samples conditional on one fixed source checkpoint
Llama-3.1-8B-Instruct/tulu/seed44	magicoder	family_macro	hns_f4_s1 minus scalar_e	retention_rate	-0.11538461538461531	-0.25925925925925924	0.0	2000	2000	paired test samples conditional on one fixed source checkpoint
Llama-3.1-8B-Instruct/tulu/seed44	magicoder	family_macro	hns_f4_s1 minus scalar_e	new_success_rate	0.006097560975609758	0.0	0.01829268292682927	2000	2000	paired test samples conditional on one fixed source checkpoint
Llama-3.1-8B-Instruct/tulu/seed44	magicoder	family_macro	hns_f4_s1 minus scalar_e	new_damage_rate	0.0	-0.018292682926829267	0.018292682926829267	2000	2000	paired test samples conditional on one fixed source checkpoint
Llama-3.1-8B-Instruct/tulu/seed44	magicoder	family_macro	hns_f4_s1 minus flat_e	recovery_rate	0.0	0.0	0.0	1996	2000	paired test samples conditional on one fixed source checkpoint
Llama-3.1-8B-Instruct/tulu/seed44	magicoder	family_macro	hns_f4_s1 minus flat_e	retention_rate	0.0	0.0	0.0	2000	2000	paired test samples conditional on one fixed source checkpoint
Llama-3.1-8B-Instruct/tulu/seed44	magicoder	family_macro	hns_f4_s1 minus flat_e	new_success_rate	0.0	-0.018292682926829267	0.018292682926829267	2000	2000	paired test samples conditional on one fixed source checkpoint
Llama-3.1-8B-Instruct/tulu/seed44	magicoder	family_macro	hns_f4_s1 minus flat_e	new_damage_rate	0.0	0.0	0.0	2000	2000	paired test samples conditional on one fixed source checkpoint
Llama-3.1-8B-Instruct/tulu/seed44	magicoder	family_macro	scalar_e minus flat_e	recovery_rate	-0.14285714285714285	-0.5	0.0	1996	2000	paired test samples conditional on one fixed source checkpoint
Llama-3.1-8B-Instruct/tulu/seed44	magicoder	family_macro	scalar_e minus flat_e	retention_rate	0.11538461538461531	0.0	0.25925925925925924	2000	2000	paired test samples conditional on one fixed source checkpoint
Llama-3.1-8B-Instruct/tulu/seed44	magicoder	family_macro	scalar_e minus flat_e	new_success_rate	-0.006097560975609758	-0.03048780487804878	0.012195121951219516	2000	2000	paired test samples conditional on one fixed source checkpoint
Llama-3.1-8B-Instruct/tulu/seed44	magicoder	family_macro	scalar_e minus flat_e	new_damage_rate	0.0	-0.018292682926829267	0.018292682926829267	2000	2000	paired test samples conditional on one fixed source checkpoint
Llama-3.1-8B-Instruct/tulu/seed44	metamath	family_macro	hns_f4_s1 minus scalar_e	recovery_rate	0.0	-0.07547444054409827	0.07432432432432423	2000	2000	paired test samples conditional on one fixed source checkpoint
Llama-3.1-8B-Instruct/tulu/seed44	metamath	family_macro	hns_f4_s1 minus scalar_e	retention_rate	-0.06837606837606847	-0.16239316239316237	0.019806930693069297	2000	2000	paired test samples conditional on one fixed source checkpoint
Llama-3.1-8B-Instruct/tulu/seed44	metamath	family_macro	hns_f4_s1 minus scalar_e	new_success_rate	-0.01971190295678544	-0.0310841546626232	-0.009097801364670206	2000	2000	paired test samples conditional on one fixed source checkpoint
Llama-3.1-8B-Instruct/tulu/seed44	metamath	family_macro	hns_f4_s1 minus scalar_e	new_damage_rate	0.0015163002274450332	-0.006823351023502653	0.009855951478392723	2000	2000	paired test samples conditional on one fixed source checkpoint
Llama-3.1-8B-Instruct/tulu/seed44	metamath	family_macro	hns_f4_s1 minus flat_e	recovery_rate	0.02547770700636942	0.0	0.05747679045092828	2000	2000	paired test samples conditional on one fixed source checkpoint
Llama-3.1-8B-Instruct/tulu/seed44	metamath	family_macro	hns_f4_s1 minus flat_e	retention_rate	-0.02564102564102566	-0.0901639344262295	0.03479023646071699	2000	2000	paired test samples conditional on one fixed source checkpoint
Llama-3.1-8B-Instruct/tulu/seed44	metamath	family_macro	hns_f4_s1 minus flat_e	new_success_rate	0.0022744503411675533	-0.0037907505686125866	0.00833965125094769	2000	2000	paired test samples conditional on one fixed source checkpoint
Llama-3.1-8B-Instruct/tulu/seed44	metamath	family_macro	hns_f4_s1 minus flat_e	new_damage_rate	-0.0022744503411675533	-0.008339651250947686	0.00303260045489007	2000	2000	paired test samples conditional on one fixed source checkpoint
Llama-3.1-8B-Instruct/tulu/seed44	metamath	family_macro	scalar_e minus flat_e	recovery_rate	0.02547770700636942	-0.0445931324514127	0.0988497227783766	2000	2000	paired test samples conditional on one fixed source checkpoint
Llama-3.1-8B-Instruct/tulu/seed44	metamath	family_macro	scalar_e minus flat_e	retention_rate	0.042735042735042805	-0.045076326326326306	0.13008130081300817	2000	2000	paired test samples conditional on one fixed source checkpoint
Llama-3.1-8B-Instruct/tulu/seed44	metamath	family_macro	scalar_e minus flat_e	new_success_rate	0.021986353297952992	0.011372251705837756	0.032600454890068235	2000	2000	paired test samples conditional on one fixed source checkpoint
Llama-3.1-8B-Instruct/tulu/seed44	metamath	family_macro	scalar_e minus flat_e	new_damage_rate	-0.0037907505686125866	-0.012130401819560276	0.004548900682335103	2000	2000	paired test samples conditional on one fixed source checkpoint
Llama-3.1-8B-Instruct/tulu/seed44	tulu	family_macro	hns_f4_s1 minus scalar_e	recovery_rate	-0.033333333333333326	-0.15555555555555556	0.0980472516875602	2000	2000	paired test samples conditional on one fixed source checkpoint
Llama-3.1-8B-Instruct/tulu/seed44	tulu	family_macro	hns_f4_s1 minus scalar_e	retention_rate	0.050000000000000044	-0.045454545454545525	0.1492723880597014	2000	2000	paired test samples conditional on one fixed source checkpoint
Llama-3.1-8B-Instruct/tulu/seed44	tulu	family_macro	hns_f4_s1 minus scalar_e	new_success_rate	0.005545286506469498	-0.0073937153419593345	0.018484288354898338	2000	2000	paired test samples conditional on one fixed source checkpoint
Llama-3.1-8B-Instruct/tulu/seed44	tulu	family_macro	hns_f4_s1 minus scalar_e	new_damage_rate	-0.0018484288354898327	-0.0166358595194085	0.011090573012939003	2000	2000	paired test samples conditional on one fixed source checkpoint
Llama-3.1-8B-Instruct/tulu/seed44	tulu	family_macro	hns_f4_s1 minus flat_e	recovery_rate	-0.08333333333333331	-0.16666666666666663	0.0	2000	2000	paired test samples conditional on one fixed source checkpoint
Llama-3.1-8B-Instruct/tulu/seed44	tulu	family_macro	hns_f4_s1 minus flat_e	retention_rate	0.0	-0.08064516129032262	0.08336864406779645	2000	2000	paired test samples conditional on one fixed source checkpoint
Llama-3.1-8B-Instruct/tulu/seed44	tulu	family_macro	hns_f4_s1 minus flat_e	new_success_rate	0.0018484288354898293	-0.009242144177449167	0.012939001848428836	2000	2000	paired test samples conditional on one fixed source checkpoint
Llama-3.1-8B-Instruct/tulu/seed44	tulu	family_macro	hns_f4_s1 minus flat_e	new_damage_rate	-0.005545286506469498	-0.014787430683918669	0.0018484288354898327	2000	2000	paired test samples conditional on one fixed source checkpoint
Llama-3.1-8B-Instruct/tulu/seed44	tulu	family_macro	scalar_e minus flat_e	recovery_rate	-0.04999999999999999	-0.16949952030700358	0.08066984858459503	2000	2000	paired test samples conditional on one fixed source checkpoint
Llama-3.1-8B-Instruct/tulu/seed44	tulu	family_macro	scalar_e minus flat_e	retention_rate	-0.050000000000000044	-0.1475561627200972	0.04477611940298509	2000	2000	paired test samples conditional on one fixed source checkpoint
Llama-3.1-8B-Instruct/tulu/seed44	tulu	family_macro	scalar_e minus flat_e	new_success_rate	-0.003696857670979669	-0.014787430683918669	0.005545286506469502	2000	2000	paired test samples conditional on one fixed source checkpoint
Llama-3.1-8B-Instruct/tulu/seed44	tulu	family_macro	scalar_e minus flat_e	new_damage_rate	-0.0036968576709796655	-0.018484288354898338	0.011090573012939003	2000	2000	paired test samples conditional on one fixed source checkpoint
Llama-3.1-8B-Instruct/tulu/seed44	commonsense	family_macro	hns_f4_s1 minus scalar_e	recovery_rate	0.023484810553396518	-0.009122793738641536	0.05652288627606814	2000	2000	paired test samples conditional on one fixed source checkpoint
Llama-3.1-8B-Instruct/tulu/seed44	commonsense	family_macro	hns_f4_s1 minus scalar_e	retention_rate	-0.047015607249548674	-0.06570043276553796	-0.02884942659561556	2000	2000	paired test samples conditional on one fixed source checkpoint
Llama-3.1-8B-Instruct/tulu/seed44	commonsense	family_macro	hns_f4_s1 minus scalar_e	new_success_rate	0.0007908216823644659	5.767279656636506e-05	0.0016154346073757474	2000	2000	paired test samples conditional on one fixed source checkpoint
Llama-3.1-8B-Instruct/tulu/seed44	commonsense	family_macro	hns_f4_s1 minus scalar_e	new_damage_rate	0.0026380256958420285	0.0013233517582721445	0.00401766638452074	2000	2000	paired test samples conditional on one fixed source checkpoint
Llama-3.1-8B-Instruct/tulu/seed44	commonsense	family_macro	hns_f4_s1 minus flat_e	recovery_rate	-0.0004948270114665254	-0.020588606614092536	0.015077675342214951	2000	2000	paired test samples conditional on one fixed source checkpoint
Llama-3.1-8B-Instruct/tulu/seed44	commonsense	family_macro	hns_f4_s1 minus flat_e	retention_rate	-0.005867898879001521	-0.017752988892627438	0.005457389572570902	2000	2000	paired test samples conditional on one fixed source checkpoint
Llama-3.1-8B-Instruct/tulu/seed44	commonsense	family_macro	hns_f4_s1 minus flat_e	new_success_rate	0.00023918980376003846	-0.00029654386907376496	0.0009023156897206621	2000	2000	paired test samples conditional on one fixed source checkpoint
Llama-3.1-8B-Instruct/tulu/seed44	commonsense	family_macro	hns_f4_s1 minus flat_e	new_damage_rate	-0.00034140430679052355	-0.0012254511358076735	0.0006395365802064504	2000	2000	paired test samples conditional on one fixed source checkpoint
Llama-3.1-8B-Instruct/tulu/seed44	commonsense	family_macro	scalar_e minus flat_e	recovery_rate	-0.023979637564863043	-0.05506472390210213	0.005646994748881003	2000	2000	paired test samples conditional on one fixed source checkpoint
Llama-3.1-8B-Instruct/tulu/seed44	commonsense	family_macro	scalar_e minus flat_e	retention_rate	0.041147708370547154	0.025339791182570588	0.05725934457766036	2000	2000	paired test samples conditional on one fixed source checkpoint
Llama-3.1-8B-Instruct/tulu/seed44	commonsense	family_macro	scalar_e minus flat_e	new_success_rate	-0.0005516318786044274	-0.00121500069803171	7.876825786264876e-05	2000	2000	paired test samples conditional on one fixed source checkpoint
Llama-3.1-8B-Instruct/tulu/seed44	commonsense	family_macro	scalar_e minus flat_e	new_damage_rate	-0.002979430002632552	-0.004334120750445502	-0.0016544077994021641	2000	2000	paired test samples conditional on one fixed source checkpoint
Llama-3.1-8B-Instruct/tulu/seed44	all	checkpoint_macro	hns_f4_s1 minus scalar_e	recovery_rate	0.03325215501930151	-0.028769848210310294	0.12990015873034608	2000	2000	paired test samples conditional on one fixed source checkpoint
Llama-3.1-8B-Instruct/tulu/seed44	all	checkpoint_macro	hns_f4_s1 minus scalar_e	retention_rate	-0.045194072752558045	-0.09447154237898019	5.291264266994951e-05	2000	2000	paired test samples conditional on one fixed source checkpoint
Llama-3.1-8B-Instruct/tulu/seed44	all	checkpoint_macro	hns_f4_s1 minus scalar_e	new_success_rate	-0.0018195584480854288	-0.006736446600945488	0.003578445133229188	2000	2000	paired test samples conditional on one fixed source checkpoint
Llama-3.1-8B-Instruct/tulu/seed44	all	checkpoint_macro	hns_f4_s1 minus scalar_e	new_damage_rate	0.0005764742719493038	-0.005445049195250559	0.006438672427970488	2000	2000	paired test samples conditional on one fixed source checkpoint
Llama-3.1-8B-Instruct/tulu/seed44	all	checkpoint_macro	hns_f4_s1 minus flat_e	recovery_rate	-0.014587613334607563	-0.037566073411484	0.007560060944334246	2000	2000	paired test samples conditional on one fixed source checkpoint
Llama-3.1-8B-Instruct/tulu/seed44	all	checkpoint_macro	hns_f4_s1 minus flat_e	retention_rate	-0.007877231130006712	-0.033147855583355076	0.017757556635542928	2000	2000	paired test samples conditional on one fixed source checkpoint
Llama-3.1-8B-Instruct/tulu/seed44	all	checkpoint_macro	hns_f4_s1 minus flat_e	new_success_rate	0.0010905172451043561	-0.004219937683654445	0.006275708595886678	2000	2000	paired test samples conditional on one fixed source checkpoint
Llama-3.1-8B-Instruct/tulu/seed44	all	checkpoint_macro	hns_f4_s1 minus flat_e	new_damage_rate	-0.0020402852886068946	-0.004648142667657542	0.000370757124182166	2000	2000	paired test samples conditional on one fixed source checkpoint
Llama-3.1-8B-Instruct/tulu/seed44	all	checkpoint_macro	scalar_e minus flat_e	recovery_rate	-0.04783976835390907	-0.14486401055593168	0.015473479959189575	2000	2000	paired test samples conditional on one fixed source checkpoint
Llama-3.1-8B-Instruct/tulu/seed44	all	checkpoint_macro	scalar_e minus flat_e	retention_rate	0.03731684162255133	-0.006350931398826564	0.08284201120685529	2000	2000	paired test samples conditional on one fixed source checkpoint
Llama-3.1-8B-Instruct/tulu/seed44	all	checkpoint_macro	scalar_e minus flat_e	new_success_rate	0.002910075693189785	-0.0037588264841814183	0.009132761721913404	2000	2000	paired test samples conditional on one fixed source checkpoint
Llama-3.1-8B-Instruct/tulu/seed44	all	checkpoint_macro	scalar_e minus flat_e	new_damage_rate	-0.0026167595605561984	-0.008819113905908258	0.0035857977958284977	2000	2000	paired test samples conditional on one fixed source checkpoint
Llama-3.1-8B-Instruct/tulu/seed44	target	checkpoint_macro	hns_f4_s1 minus scalar_e	recovery_rate	-0.033333333333333326	-0.15555555555555556	0.0980472516875602	2000	2000	paired test samples conditional on one fixed source checkpoint
Llama-3.1-8B-Instruct/tulu/seed44	target	checkpoint_macro	hns_f4_s1 minus scalar_e	retention_rate	0.050000000000000044	-0.045454545454545525	0.1492723880597014	2000	2000	paired test samples conditional on one fixed source checkpoint
Llama-3.1-8B-Instruct/tulu/seed44	target	checkpoint_macro	hns_f4_s1 minus scalar_e	new_success_rate	0.005545286506469498	-0.0073937153419593345	0.018484288354898338	2000	2000	paired test samples conditional on one fixed source checkpoint
Llama-3.1-8B-Instruct/tulu/seed44	target	checkpoint_macro	hns_f4_s1 minus scalar_e	new_damage_rate	-0.0018484288354898327	-0.0166358595194085	0.011090573012939003	2000	2000	paired test samples conditional on one fixed source checkpoint
Llama-3.1-8B-Instruct/tulu/seed44	target	checkpoint_macro	hns_f4_s1 minus flat_e	recovery_rate	-0.08333333333333331	-0.16666666666666663	0.0	2000	2000	paired test samples conditional on one fixed source checkpoint
Llama-3.1-8B-Instruct/tulu/seed44	target	checkpoint_macro	hns_f4_s1 minus flat_e	retention_rate	0.0	-0.08064516129032262	0.08336864406779645	2000	2000	paired test samples conditional on one fixed source checkpoint
Llama-3.1-8B-Instruct/tulu/seed44	target	checkpoint_macro	hns_f4_s1 minus flat_e	new_success_rate	0.0018484288354898293	-0.009242144177449167	0.012939001848428836	2000	2000	paired test samples conditional on one fixed source checkpoint
Llama-3.1-8B-Instruct/tulu/seed44	target	checkpoint_macro	hns_f4_s1 minus flat_e	new_damage_rate	-0.005545286506469498	-0.014787430683918669	0.0018484288354898327	2000	2000	paired test samples conditional on one fixed source checkpoint
Llama-3.1-8B-Instruct/tulu/seed44	target	checkpoint_macro	scalar_e minus flat_e	recovery_rate	-0.04999999999999999	-0.16949952030700358	0.08066984858459503	2000	2000	paired test samples conditional on one fixed source checkpoint
Llama-3.1-8B-Instruct/tulu/seed44	target	checkpoint_macro	scalar_e minus flat_e	retention_rate	-0.050000000000000044	-0.1475561627200972	0.04477611940298509	2000	2000	paired test samples conditional on one fixed source checkpoint
Llama-3.1-8B-Instruct/tulu/seed44	target	checkpoint_macro	scalar_e minus flat_e	new_success_rate	-0.003696857670979669	-0.014787430683918669	0.005545286506469502	2000	2000	paired test samples conditional on one fixed source checkpoint
Llama-3.1-8B-Instruct/tulu/seed44	target	checkpoint_macro	scalar_e minus flat_e	new_damage_rate	-0.0036968576709796655	-0.018484288354898338	0.011090573012939003	2000	2000	paired test samples conditional on one fixed source checkpoint
Llama-3.1-8B-Instruct/tulu/seed44	off_task	checkpoint_macro	hns_f4_s1 minus scalar_e	recovery_rate	0.05544731780351314	-0.012741750604201515	0.17775029316858285	2000	2000	paired test samples conditional on one fixed source checkpoint
Llama-3.1-8B-Instruct/tulu/seed44	off_task	checkpoint_macro	hns_f4_s1 minus scalar_e	retention_rate	-0.07692543033674415	-0.13255101182939288	-0.028458823685532965	2000	2000	paired test samples conditional on one fixed source checkpoint
Llama-3.1-8B-Instruct/tulu/seed44	off_task	checkpoint_macro	hns_f4_s1 minus scalar_e	new_success_rate	-0.004274506766270406	-0.009125297247992496	0.0016047831159574136	2000	2000	paired test samples conditional on one fixed source checkpoint
Llama-3.1-8B-Instruct/tulu/seed44	off_task	checkpoint_macro	hns_f4_s1 minus scalar_e	new_damage_rate	0.001384775307762355	-0.004908408695830236	0.00790565231751418	2000	2000	paired test samples conditional on one fixed source checkpoint
Llama-3.1-8B-Instruct/tulu/seed44	off_task	checkpoint_macro	hns_f4_s1 minus flat_e	recovery_rate	0.008327626664967669	-0.0032760742561694324	0.020678291388772235	2000	2000	paired test samples conditional on one fixed source checkpoint
Llama-3.1-8B-Instruct/tulu/seed44	off_task	checkpoint_macro	hns_f4_s1 minus flat_e	retention_rate	-0.01050297484000895	-0.0329285126280089	0.010158840238262338	2000	2000	paired test samples conditional on one fixed source checkpoint
Llama-3.1-8B-Instruct/tulu/seed44	off_task	checkpoint_macro	hns_f4_s1 minus flat_e	new_success_rate	0.0008378800483091961	-0.005318930338903308	0.007118359719849088	2000	2000	paired test samples conditional on one fixed source checkpoint
Llama-3.1-8B-Instruct/tulu/seed44	off_task	checkpoint_macro	hns_f4_s1 minus flat_e	new_damage_rate	-0.0008719515493193566	-0.0028727779189191612	0.000980536404915079	2000	2000	paired test samples conditional on one fixed source checkpoint
Llama-3.1-8B-Instruct/tulu/seed44	off_task	checkpoint_macro	scalar_e minus flat_e	recovery_rate	-0.04711969113854547	-0.16911939580943322	0.019869643518109267	2000	2000	paired test samples conditional on one fixed source checkpoint
Llama-3.1-8B-Instruct/tulu/seed44	off_task	checkpoint_macro	scalar_e minus flat_e	retention_rate	0.0664224554967352	0.01910994065043752	0.119735154940233	2000	2000	paired test samples conditional on one fixed source checkpoint
Llama-3.1-8B-Instruct/tulu/seed44	off_task	checkpoint_macro	scalar_e minus flat_e	new_success_rate	0.005112386814579602	-0.003179938817405854	0.012655197972897572	2000	2000	paired test samples conditional on one fixed source checkpoint
Llama-3.1-8B-Instruct/tulu/seed44	off_task	checkpoint_macro	scalar_e minus flat_e	new_damage_rate	-0.0022567268570817117	-0.00872915298963579	0.004078708089298394	2000	2000	paired test samples conditional on one fixed source checkpoint
Qwen3-8B/magicoder/seed42	magicoder	family_macro	hns_f4_s1 minus scalar_e	recovery_rate	0.0	0.0	0.0	2000	2000	paired test samples conditional on one fixed source checkpoint
Qwen3-8B/magicoder/seed42	magicoder	family_macro	hns_f4_s1 minus scalar_e	retention_rate	0.0	-0.09677419354838712	0.09999999999999998	2000	2000	paired test samples conditional on one fixed source checkpoint
Qwen3-8B/magicoder/seed42	magicoder	family_macro	hns_f4_s1 minus scalar_e	new_success_rate	-0.012195121951219513	-0.030487804878048783	0.0	2000	2000	paired test samples conditional on one fixed source checkpoint
Qwen3-8B/magicoder/seed42	magicoder	family_macro	hns_f4_s1 minus scalar_e	new_damage_rate	-0.006097560975609756	-0.024390243902439025	0.0	2000	2000	paired test samples conditional on one fixed source checkpoint
Qwen3-8B/magicoder/seed42	magicoder	family_macro	hns_f4_s1 minus flat_e	recovery_rate	0.0	0.0	0.0	2000	2000	paired test samples conditional on one fixed source checkpoint
Qwen3-8B/magicoder/seed42	magicoder	family_macro	hns_f4_s1 minus flat_e	retention_rate	0.0	0.0	0.0	2000	2000	paired test samples conditional on one fixed source checkpoint
Qwen3-8B/magicoder/seed42	magicoder	family_macro	hns_f4_s1 minus flat_e	new_success_rate	-0.006097560975609755	-0.01829268292682927	0.0	2000	2000	paired test samples conditional on one fixed source checkpoint
Qwen3-8B/magicoder/seed42	magicoder	family_macro	hns_f4_s1 minus flat_e	new_damage_rate	0.0	0.0	0.0	2000	2000	paired test samples conditional on one fixed source checkpoint
Qwen3-8B/magicoder/seed42	magicoder	family_macro	scalar_e minus flat_e	recovery_rate	0.0	0.0	0.0	2000	2000	paired test samples conditional on one fixed source checkpoint
Qwen3-8B/magicoder/seed42	magicoder	family_macro	scalar_e minus flat_e	retention_rate	0.0	-0.09999999999999998	0.09677419354838712	2000	2000	paired test samples conditional on one fixed source checkpoint
Qwen3-8B/magicoder/seed42	magicoder	family_macro	scalar_e minus flat_e	new_success_rate	0.006097560975609758	-0.012195121951219513	0.02439024390243903	2000	2000	paired test samples conditional on one fixed source checkpoint
Qwen3-8B/magicoder/seed42	magicoder	family_macro	scalar_e minus flat_e	new_damage_rate	0.006097560975609756	0.0	0.024390243902439025	2000	2000	paired test samples conditional on one fixed source checkpoint
Qwen3-8B/magicoder/seed42	metamath	family_macro	hns_f4_s1 minus scalar_e	recovery_rate	-0.06796116504854366	-0.13207547169811318	-0.009174311926605557	2000	2000	paired test samples conditional on one fixed source checkpoint
Qwen3-8B/magicoder/seed42	metamath	family_macro	hns_f4_s1 minus scalar_e	retention_rate	-0.012658227848101222	-0.07778138528138534	0.05405405405405406	2000	2000	paired test samples conditional on one fixed source checkpoint
Qwen3-8B/magicoder/seed42	metamath	family_macro	hns_f4_s1 minus scalar_e	new_success_rate	-0.0037907505686125866	-0.008339651250947686	0.0	2000	2000	paired test samples conditional on one fixed source checkpoint
Qwen3-8B/magicoder/seed42	metamath	family_macro	hns_f4_s1 minus scalar_e	new_damage_rate	-0.0007581501137225184	-0.0053260045489006815	0.0037907505686125866	2000	2000	paired test samples conditional on one fixed source checkpoint
Qwen3-8B/magicoder/seed42	metamath	family_macro	hns_f4_s1 minus flat_e	recovery_rate	-0.01941747572815533	-0.05970895522388066	0.018695997178628087	2000	2000	paired test samples conditional on one fixed source checkpoint
Qwen3-8B/magicoder/seed42	metamath	family_macro	hns_f4_s1 minus flat_e	retention_rate	-0.012658227848101222	-0.04477611940298509	0.0	2000	2000	paired test samples conditional on one fixed source checkpoint
Qwen3-8B/magicoder/seed42	metamath	family_macro	hns_f4_s1 minus flat_e	new_success_rate	0.0015163002274450332	-0.0015163002274450332	0.004548900682335103	2000	2000	paired test samples conditional on one fixed source checkpoint
Qwen3-8B/magicoder/seed42	metamath	family_macro	hns_f4_s1 minus flat_e	new_damage_rate	0.003790750568612585	-0.0007581501137225184	0.00833965125094769	2000	2000	paired test samples conditional on one fixed source checkpoint
Qwen3-8B/magicoder/seed42	metamath	family_macro	scalar_e minus flat_e	recovery_rate	0.04854368932038833	0.0	0.101123595505618	2000	2000	paired test samples conditional on one fixed source checkpoint
Qwen3-8B/magicoder/seed42	metamath	family_macro	scalar_e minus flat_e	retention_rate	0.0	-0.0714285714285714	0.0689774904214559	2000	2000	paired test samples conditional on one fixed source checkpoint
Qwen3-8B/magicoder/seed42	metamath	family_macro	scalar_e minus flat_e	new_success_rate	0.00530705079605762	0.0007581501137225166	0.010614101592115238	2000	2000	paired test samples conditional on one fixed source checkpoint
Qwen3-8B/magicoder/seed42	metamath	family_macro	scalar_e minus flat_e	new_damage_rate	0.004548900682335103	-0.0007581501137225166	0.009855951478392723	2000	2000	paired test samples conditional on one fixed source checkpoint
Qwen3-8B/magicoder/seed42	tulu	family_macro	hns_f4_s1 minus scalar_e	recovery_rate	0.0	-0.07692307692307687	0.07813265931372544	2000	2000	paired test samples conditional on one fixed source checkpoint
Qwen3-8B/magicoder/seed42	tulu	family_macro	hns_f4_s1 minus scalar_e	retention_rate	0.0	-0.08823529411764708	0.09090909090909083	2000	2000	paired test samples conditional on one fixed source checkpoint
Qwen3-8B/magicoder/seed42	tulu	family_macro	hns_f4_s1 minus scalar_e	new_success_rate	-0.005545286506469498	-0.01478743068391867	0.0036968576709796655	2000	2000	paired test samples conditional on one fixed source checkpoint
Qwen3-8B/magicoder/seed42	tulu	family_macro	hns_f4_s1 minus scalar_e	new_damage_rate	-0.005545286506469502	-0.018484288354898334	0.005545286506469502	2000	2000	paired test samples conditional on one fixed source checkpoint
Qwen3-8B/magicoder/seed42	tulu	family_macro	hns_f4_s1 minus flat_e	recovery_rate	0.0	-0.0566309869375907	0.05558176100628919	2000	2000	paired test samples conditional on one fixed source checkpoint
Qwen3-8B/magicoder/seed42	tulu	family_macro	hns_f4_s1 minus flat_e	retention_rate	0.0	-0.1304633867276888	0.125	2000	2000	paired test samples conditional on one fixed source checkpoint
Qwen3-8B/magicoder/seed42	tulu	family_macro	hns_f4_s1 minus flat_e	new_success_rate	-0.0018484288354898327	-0.011090573012939003	0.0073937153419593345	2000	2000	paired test samples conditional on one fixed source checkpoint
Qwen3-8B/magicoder/seed42	tulu	family_macro	hns_f4_s1 minus flat_e	new_damage_rate	-0.0036968576709796655	-0.01478743068391867	0.0073937153419593345	2000	2000	paired test samples conditional on one fixed source checkpoint
Qwen3-8B/magicoder/seed42	tulu	family_macro	scalar_e minus flat_e	recovery_rate	0.0	-0.09615384615384615	0.09615384615384615	2000	2000	paired test samples conditional on one fixed source checkpoint
Qwen3-8B/magicoder/seed42	tulu	family_macro	scalar_e minus flat_e	retention_rate	0.0	-0.16129032258064513	0.1481481481481482	2000	2000	paired test samples conditional on one fixed source checkpoint
Qwen3-8B/magicoder/seed42	tulu	family_macro	scalar_e minus flat_e	new_success_rate	0.0036968576709796655	-0.0036968576709796655	0.011090573012939003	2000	2000	paired test samples conditional on one fixed source checkpoint
Qwen3-8B/magicoder/seed42	tulu	family_macro	scalar_e minus flat_e	new_damage_rate	0.0018484288354898362	-0.009288354898336414	0.014787430683918667	2000	2000	paired test samples conditional on one fixed source checkpoint
Qwen3-8B/magicoder/seed42	commonsense	family_macro	hns_f4_s1 minus scalar_e	recovery_rate	0.02954112566079059	-0.004742794866621222	0.07002583053661703	2000	2000	paired test samples conditional on one fixed source checkpoint
Qwen3-8B/magicoder/seed42	commonsense	family_macro	hns_f4_s1 minus scalar_e	retention_rate	-0.03672235639242877	-0.06349619889128781	-0.009308849273249197	2000	2000	paired test samples conditional on one fixed source checkpoint
Qwen3-8B/magicoder/seed42	commonsense	family_macro	hns_f4_s1 minus scalar_e	new_success_rate	-0.0006785961607849757	-0.0016059664711856195	0.00026531703009596695	2000	2000	paired test samples conditional on one fixed source checkpoint
Qwen3-8B/magicoder/seed42	commonsense	family_macro	hns_f4_s1 minus scalar_e	new_damage_rate	-0.0009341352890548436	-0.0016420814445439885	-0.00031200460782179973	2000	2000	paired test samples conditional on one fixed source checkpoint
Qwen3-8B/magicoder/seed42	commonsense	family_macro	hns_f4_s1 minus flat_e	recovery_rate	-0.0069770013268465325	-0.02427283790152921	0.010506170102982073	2000	2000	paired test samples conditional on one fixed source checkpoint
Qwen3-8B/magicoder/seed42	commonsense	family_macro	hns_f4_s1 minus flat_e	retention_rate	-0.004212301827738296	-0.02171300932417995	0.013083018545965974	2000	2000	paired test samples conditional on one fixed source checkpoint
Qwen3-8B/magicoder/seed42	commonsense	family_macro	hns_f4_s1 minus flat_e	new_success_rate	0.0004766344684794285	-6.756226016926135e-05	0.0011348801333375942	2000	2000	paired test samples conditional on one fixed source checkpoint
Qwen3-8B/magicoder/seed42	commonsense	family_macro	hns_f4_s1 minus flat_e	new_damage_rate	-0.00029860285159160303	-0.0006860822627805157	1.449727291799656e-07	2000	2000	paired test samples conditional on one fixed source checkpoint
Qwen3-8B/magicoder/seed42	commonsense	family_macro	scalar_e minus flat_e	recovery_rate	-0.03651812698763712	-0.0761866943778704	-0.0038332525995092167	2000	2000	paired test samples conditional on one fixed source checkpoint
Qwen3-8B/magicoder/seed42	commonsense	family_macro	scalar_e minus flat_e	retention_rate	0.03251005456469047	0.006069742321411305	0.05876249617267819	2000	2000	paired test samples conditional on one fixed source checkpoint
Qwen3-8B/magicoder/seed42	commonsense	family_macro	scalar_e minus flat_e	new_success_rate	0.0011552306292644042	6.472623870588609e-05	0.002270780037303277	2000	2000	paired test samples conditional on one fixed source checkpoint
Qwen3-8B/magicoder/seed42	commonsense	family_macro	scalar_e minus flat_e	new_damage_rate	0.0006355324374632406	5.531548311640048e-05	0.0012461048121320166	2000	2000	paired test samples conditional on one fixed source checkpoint
Qwen3-8B/magicoder/seed42	all	checkpoint_macro	hns_f4_s1 minus scalar_e	recovery_rate	-0.00960500984693824	-0.03687608457015458	0.016012875552828452	2000	2000	paired test samples conditional on one fixed source checkpoint
Qwen3-8B/magicoder/seed42	all	checkpoint_macro	hns_f4_s1 minus scalar_e	retention_rate	-0.012345146060132595	-0.05145109345003127	0.025983473932630785	2000	2000	paired test samples conditional on one fixed source checkpoint
Qwen3-8B/magicoder/seed42	all	checkpoint_macro	hns_f4_s1 minus scalar_e	new_success_rate	-0.0055524387967716485	-0.010722694098298272	-0.001158034588140613	2000	2000	paired test samples conditional on one fixed source checkpoint
Qwen3-8B/magicoder/seed42	all	checkpoint_macro	hns_f4_s1 minus scalar_e	new_damage_rate	-0.0033337832212141563	-0.008088411079823424	0.0006576850288080395	2000	2000	paired test samples conditional on one fixed source checkpoint
Qwen3-8B/magicoder/seed42	all	checkpoint_macro	hns_f4_s1 minus flat_e	recovery_rate	-0.006598619263750383	-0.02360117286306495	0.010410135728067182	2000	2000	paired test samples conditional on one fixed source checkpoint
Qwen3-8B/magicoder/seed42	all	checkpoint_macro	hns_f4_s1 minus flat_e	retention_rate	-0.0042176324189598935	-0.03851897206549035	0.027648783720351223	2000	2000	paired test samples conditional on one fixed source checkpoint
Qwen3-8B/magicoder/seed42	all	checkpoint_macro	hns_f4_s1 minus flat_e	new_success_rate	-0.001488263778793783	-0.0059506493214770955	0.0018687611094505853	2000	2000	paired test samples conditional on one fixed source checkpoint
Qwen3-8B/magicoder/seed42	all	checkpoint_macro	hns_f4_s1 minus flat_e	new_damage_rate	-5.117748848967006e-05	-0.003176441663475957	0.0031273347798917374	2000	2000	paired test samples conditional on one fixed source checkpoint
Qwen3-8B/magicoder/seed42	all	checkpoint_macro	scalar_e minus flat_e	recovery_rate	0.003006390583187857	-0.023624726595406178	0.031317417578710975	2000	2000	paired test samples conditional on one fixed source checkpoint
Qwen3-8B/magicoder/seed42	all	checkpoint_macro	scalar_e minus flat_e	retention_rate	0.008127513641172701	-0.045940353883909886	0.057013969508154516	2000	2000	paired test samples conditional on one fixed source checkpoint
Qwen3-8B/magicoder/seed42	all	checkpoint_macro	scalar_e minus flat_e	new_success_rate	0.0040641750179778655	-0.0015086334510374872	0.009754507724629286	2000	2000	paired test samples conditional on one fixed source checkpoint
Qwen3-8B/magicoder/seed42	all	checkpoint_macro	scalar_e minus flat_e	new_damage_rate	0.003282605732724486	-0.0006534289481266766	0.00803607877637182	2000	2000	paired test samples conditional on one fixed source checkpoint
Qwen3-8B/magicoder/seed42	target	checkpoint_macro	hns_f4_s1 minus scalar_e	recovery_rate	0.0	0.0	0.0	2000	2000	paired test samples conditional on one fixed source checkpoint
Qwen3-8B/magicoder/seed42	target	checkpoint_macro	hns_f4_s1 minus scalar_e	retention_rate	0.0	-0.09677419354838712	0.09999999999999998	2000	2000	paired test samples conditional on one fixed source checkpoint
Qwen3-8B/magicoder/seed42	target	checkpoint_macro	hns_f4_s1 minus scalar_e	new_success_rate	-0.012195121951219513	-0.030487804878048783	0.0	2000	2000	paired test samples conditional on one fixed source checkpoint
Qwen3-8B/magicoder/seed42	target	checkpoint_macro	hns_f4_s1 minus scalar_e	new_damage_rate	-0.006097560975609756	-0.024390243902439025	0.0	2000	2000	paired test samples conditional on one fixed source checkpoint
Qwen3-8B/magicoder/seed42	target	checkpoint_macro	hns_f4_s1 minus flat_e	recovery_rate	0.0	0.0	0.0	2000	2000	paired test samples conditional on one fixed source checkpoint
Qwen3-8B/magicoder/seed42	target	checkpoint_macro	hns_f4_s1 minus flat_e	retention_rate	0.0	0.0	0.0	2000	2000	paired test samples conditional on one fixed source checkpoint
Qwen3-8B/magicoder/seed42	target	checkpoint_macro	hns_f4_s1 minus flat_e	new_success_rate	-0.006097560975609755	-0.01829268292682927	0.0	2000	2000	paired test samples conditional on one fixed source checkpoint
Qwen3-8B/magicoder/seed42	target	checkpoint_macro	hns_f4_s1 minus flat_e	new_damage_rate	0.0	0.0	0.0	2000	2000	paired test samples conditional on one fixed source checkpoint
Qwen3-8B/magicoder/seed42	target	checkpoint_macro	scalar_e minus flat_e	recovery_rate	0.0	0.0	0.0	2000	2000	paired test samples conditional on one fixed source checkpoint
Qwen3-8B/magicoder/seed42	target	checkpoint_macro	scalar_e minus flat_e	retention_rate	0.0	-0.09999999999999998	0.09677419354838712	2000	2000	paired test samples conditional on one fixed source checkpoint
Qwen3-8B/magicoder/seed42	target	checkpoint_macro	scalar_e minus flat_e	new_success_rate	0.006097560975609758	-0.012195121951219513	0.02439024390243903	2000	2000	paired test samples conditional on one fixed source checkpoint
Qwen3-8B/magicoder/seed42	target	checkpoint_macro	scalar_e minus flat_e	new_damage_rate	0.006097560975609756	0.0	0.024390243902439025	2000	2000	paired test samples conditional on one fixed source checkpoint
Qwen3-8B/magicoder/seed42	off_task	checkpoint_macro	hns_f4_s1 minus scalar_e	recovery_rate	-0.012806679795917653	-0.049168112760206134	0.021350500737104677	2000	2000	paired test samples conditional on one fixed source checkpoint
Qwen3-8B/magicoder/seed42	off_task	checkpoint_macro	hns_f4_s1 minus scalar_e	retention_rate	-0.01646019474684335	-0.054614684084286984	0.020891098144751256	2000	2000	paired test samples conditional on one fixed source checkpoint
Qwen3-8B/magicoder/seed42	off_task	checkpoint_macro	hns_f4_s1 minus scalar_e	new_success_rate	-0.003338211078622354	-0.006757096757600087	-0.00017377217530302846	2000	2000	paired test samples conditional on one fixed source checkpoint
Qwen3-8B/magicoder/seed42	off_task	checkpoint_macro	hns_f4_s1 minus scalar_e	new_damage_rate	-0.0024125239697489545	-0.006691708840455465	0.0018474095343020145	2000	2000	paired test samples conditional on one fixed source checkpoint
Qwen3-8B/magicoder/seed42	off_task	checkpoint_macro	hns_f4_s1 minus flat_e	recovery_rate	-0.008798159018334029	-0.03146823048408656	0.013880180970756394	2000	2000	paired test samples conditional on one fixed source checkpoint
Qwen3-8B/magicoder/seed42	off_task	checkpoint_macro	hns_f4_s1 minus flat_e	retention_rate	-0.005623509891946599	-0.05135862942065367	0.03686504496046844	2000	2000	paired test samples conditional on one fixed source checkpoint
Qwen3-8B/magicoder/seed42	off_task	checkpoint_macro	hns_f4_s1 minus flat_e	new_success_rate	4.81686201448759e-05	-0.0032077617850955545	0.003061288775878668	2000	2000	paired test samples conditional on one fixed source checkpoint
Qwen3-8B/magicoder/seed42	off_task	checkpoint_macro	hns_f4_s1 minus flat_e	new_damage_rate	-6.823665131956008e-05	-0.004235255551301276	0.0041697797065223165	2000	2000	paired test samples conditional on one fixed source checkpoint
Qwen3-8B/magicoder/seed42	off_task	checkpoint_macro	scalar_e minus flat_e	recovery_rate	0.004008520777583624	-0.03149963546054136	0.04175655677161467	2000	2000	paired test samples conditional on one fixed source checkpoint
Qwen3-8B/magicoder/seed42	off_task	checkpoint_macro	scalar_e minus flat_e	retention_rate	0.01083668485489675	-0.05003408586419509	0.06649240645848585	2000	2000	paired test samples conditional on one fixed source checkpoint
Qwen3-8B/magicoder/seed42	off_task	checkpoint_macro	scalar_e minus flat_e	new_success_rate	0.00338637969876723	0.0005164793862874635	0.0064290805741838136	2000	2000	paired test samples conditional on one fixed source checkpoint
Qwen3-8B/magicoder/seed42	off_task	checkpoint_macro	scalar_e minus flat_e	new_damage_rate	0.0023442873184293944	-0.0020751733732034196	0.006788243912171575	2000	2000	paired test samples conditional on one fixed source checkpoint
Qwen3-8B/magicoder/seed43	magicoder	family_macro	hns_f4_s1 minus scalar_e	recovery_rate	0.0	-0.12903225806451613	0.13636363636363635	2000	2000	paired test samples conditional on one fixed source checkpoint
Qwen3-8B/magicoder/seed43	magicoder	family_macro	hns_f4_s1 minus scalar_e	retention_rate	-0.07999999999999996	-0.19999999999999996	0.0	2000	2000	paired test samples conditional on one fixed source checkpoint
Qwen3-8B/magicoder/seed43	magicoder	family_macro	hns_f4_s1 minus scalar_e	new_success_rate	-0.01219512195121951	-0.030487804878048787	0.0	2000	2000	paired test samples conditional on one fixed source checkpoint
Qwen3-8B/magicoder/seed43	magicoder	family_macro	hns_f4_s1 minus scalar_e	new_damage_rate	0.0	0.0	0.0	2000	2000	paired test samples conditional on one fixed source checkpoint
Qwen3-8B/magicoder/seed43	magicoder	family_macro	hns_f4_s1 minus flat_e	recovery_rate	-0.032258064516129004	-0.11111111111111105	0.0	2000	2000	paired test samples conditional on one fixed source checkpoint
Qwen3-8B/magicoder/seed43	magicoder	family_macro	hns_f4_s1 minus flat_e	retention_rate	-0.040000000000000036	-0.13162280701754384	0.0	2000	2000	paired test samples conditional on one fixed source checkpoint
Qwen3-8B/magicoder/seed43	magicoder	family_macro	hns_f4_s1 minus flat_e	new_success_rate	0.0060975609756097615	0.0	0.01829268292682927	2000	2000	paired test samples conditional on one fixed source checkpoint
Qwen3-8B/magicoder/seed43	magicoder	family_macro	hns_f4_s1 minus flat_e	new_damage_rate	0.0	0.0	0.0	2000	2000	paired test samples conditional on one fixed source checkpoint
Qwen3-8B/magicoder/seed43	magicoder	family_macro	scalar_e minus flat_e	recovery_rate	-0.032258064516129004	-0.14819444444444443	0.07407407407407407	2000	2000	paired test samples conditional on one fixed source checkpoint
Qwen3-8B/magicoder/seed43	magicoder	family_macro	scalar_e minus flat_e	retention_rate	0.039999999999999925	0.0	0.125	2000	2000	paired test samples conditional on one fixed source checkpoint
Qwen3-8B/magicoder/seed43	magicoder	family_macro	scalar_e minus flat_e	new_success_rate	0.01829268292682927	0.0	0.04268292682926829	2000	2000	paired test samples conditional on one fixed source checkpoint
Qwen3-8B/magicoder/seed43	magicoder	family_macro	scalar_e minus flat_e	new_damage_rate	0.0	0.0	0.0	2000	2000	paired test samples conditional on one fixed source checkpoint
Qwen3-8B/magicoder/seed43	metamath	family_macro	hns_f4_s1 minus scalar_e	recovery_rate	0.0	-0.046882370283018865	0.04761904761904756	2000	2000	paired test samples conditional on one fixed source checkpoint
Qwen3-8B/magicoder/seed43	metamath	family_macro	hns_f4_s1 minus scalar_e	retention_rate	-0.013157894736842035	-0.07999999999999996	0.0547945205479452	2000	2000	paired test samples conditional on one fixed source checkpoint
Qwen3-8B/magicoder/seed43	metamath	family_macro	hns_f4_s1 minus scalar_e	new_success_rate	-0.0015163002274450332	-0.006823351023502653	0.003790750568612585	2000	2000	paired test samples conditional on one fixed source checkpoint
Qwen3-8B/magicoder/seed43	metamath	family_macro	hns_f4_s1 minus scalar_e	new_damage_rate	-0.0022744503411675516	-0.008339651250947686	0.003790750568612585	2000	2000	paired test samples conditional on one fixed source checkpoint
Qwen3-8B/magicoder/seed43	metamath	family_macro	hns_f4_s1 minus flat_e	recovery_rate	0.03389830508474578	-0.007877165354330803	0.07826086956521738	2000	2000	paired test samples conditional on one fixed source checkpoint
Qwen3-8B/magicoder/seed43	metamath	family_macro	hns_f4_s1 minus flat_e	retention_rate	-0.013157894736842035	-0.061543209876543215	0.029862053369516077	2000	2000	paired test samples conditional on one fixed source checkpoint
Qwen3-8B/magicoder/seed43	metamath	family_macro	hns_f4_s1 minus flat_e	new_success_rate	0.0	-0.003032600454890068	0.00303260045489007	2000	2000	paired test samples conditional on one fixed source checkpoint
Qwen3-8B/magicoder/seed43	metamath	family_macro	hns_f4_s1 minus flat_e	new_damage_rate	-0.003032600454890068	-0.00758150113722517	0.0007581501137225184	2000	2000	paired test samples conditional on one fixed source checkpoint
Qwen3-8B/magicoder/seed43	metamath	family_macro	scalar_e minus flat_e	recovery_rate	0.03389830508474578	-0.01626349460215922	0.09031249999999982	2000	2000	paired test samples conditional on one fixed source checkpoint
Qwen3-8B/magicoder/seed43	metamath	family_macro	scalar_e minus flat_e	retention_rate	0.0	-0.0759737098344694	0.07229352191374191	2000	2000	paired test samples conditional on one fixed source checkpoint
Qwen3-8B/magicoder/seed43	metamath	family_macro	scalar_e minus flat_e	new_success_rate	0.0015163002274450332	-0.002293404094010615	0.006065200909780135	2000	2000	paired test samples conditional on one fixed source checkpoint
Qwen3-8B/magicoder/seed43	metamath	family_macro	scalar_e minus flat_e	new_damage_rate	-0.0007581501137225166	-0.006823351023502653	0.005307050796057618	2000	2000	paired test samples conditional on one fixed source checkpoint
Qwen3-8B/magicoder/seed43	tulu	family_macro	hns_f4_s1 minus scalar_e	recovery_rate	0.04255319148936165	-0.036363636363636265	0.13043478260869568	2000	2000	paired test samples conditional on one fixed source checkpoint
Qwen3-8B/magicoder/seed43	tulu	family_macro	hns_f4_s1 minus scalar_e	retention_rate	0.03125	-0.10818318318318318	0.17241379310344826	2000	2000	paired test samples conditional on one fixed source checkpoint
Qwen3-8B/magicoder/seed43	tulu	family_macro	hns_f4_s1 minus scalar_e	new_success_rate	0.0036968576709796655	-0.005545286506469502	0.012985212569315834	2000	2000	paired test samples conditional on one fixed source checkpoint
Qwen3-8B/magicoder/seed43	tulu	family_macro	hns_f4_s1 minus scalar_e	new_damage_rate	-0.003696857670979669	-0.0166358595194085	0.009242144177449167	2000	2000	paired test samples conditional on one fixed source checkpoint
Qwen3-8B/magicoder/seed43	tulu	family_macro	hns_f4_s1 minus flat_e	recovery_rate	0.021276595744680882	-0.04761904761904756	0.10204081632653061	2000	2000	paired test samples conditional on one fixed source checkpoint
Qwen3-8B/magicoder/seed43	tulu	family_macro	hns_f4_s1 minus flat_e	retention_rate	0.0	-0.09090909090909088	0.09523809523809523	2000	2000	paired test samples conditional on one fixed source checkpoint
Qwen3-8B/magicoder/seed43	tulu	family_macro	hns_f4_s1 minus flat_e	new_success_rate	0.0018484288354898327	-0.0073937153419593345	0.011090573012939003	2000	2000	paired test samples conditional on one fixed source checkpoint
Qwen3-8B/magicoder/seed43	tulu	family_macro	hns_f4_s1 minus flat_e	new_damage_rate	-0.0018484288354898362	-0.00924214417744917	0.005545286506469502	2000	2000	paired test samples conditional on one fixed source checkpoint
Qwen3-8B/magicoder/seed43	tulu	family_macro	scalar_e minus flat_e	recovery_rate	-0.02127659574468077	-0.13890503875968999	0.09096194503171222	2000	2000	paired test samples conditional on one fixed source checkpoint
Qwen3-8B/magicoder/seed43	tulu	family_macro	scalar_e minus flat_e	retention_rate	-0.03125	-0.1724137931034483	0.1111111111111111	2000	2000	paired test samples conditional on one fixed source checkpoint
Qwen3-8B/magicoder/seed43	tulu	family_macro	scalar_e minus flat_e	new_success_rate	-0.0018484288354898327	-0.011090573012939003	0.0073937153419593345	2000	2000	paired test samples conditional on one fixed source checkpoint
Qwen3-8B/magicoder/seed43	tulu	family_macro	scalar_e minus flat_e	new_damage_rate	0.0018484288354898327	-0.011090573012939003	0.014787430683918669	2000	2000	paired test samples conditional on one fixed source checkpoint
Qwen3-8B/magicoder/seed43	commonsense	family_macro	hns_f4_s1 minus scalar_e	recovery_rate	0.047704588142948645	0.020187992552485018	0.08589577983263201	2000	2000	paired test samples conditional on one fixed source checkpoint
Qwen3-8B/magicoder/seed43	commonsense	family_macro	hns_f4_s1 minus scalar_e	retention_rate	-0.0813816372052022	-0.11058003050417438	-0.055414788190899865	2000	2000	paired test samples conditional on one fixed source checkpoint
Qwen3-8B/magicoder/seed43	commonsense	family_macro	hns_f4_s1 minus scalar_e	new_success_rate	-0.0011804521832470519	-0.00226401582078191	-0.00017820593826815479	2000	2000	paired test samples conditional on one fixed source checkpoint
Qwen3-8B/magicoder/seed43	commonsense	family_macro	hns_f4_s1 minus scalar_e	new_damage_rate	-0.0004283202229552331	-0.0008714530099859344	-8.239050762304126e-07	2000	2000	paired test samples conditional on one fixed source checkpoint
Qwen3-8B/magicoder/seed43	commonsense	family_macro	hns_f4_s1 minus flat_e	recovery_rate	0.00030903045827435083	-0.01085088421644442	0.011009275971509889	2000	2000	paired test samples conditional on one fixed source checkpoint
Qwen3-8B/magicoder/seed43	commonsense	family_macro	hns_f4_s1 minus flat_e	retention_rate	-0.013149802689368273	-0.029323526756644354	0.0033521632395036747	2000	2000	paired test samples conditional on one fixed source checkpoint
Qwen3-8B/magicoder/seed43	commonsense	family_macro	hns_f4_s1 minus flat_e	new_success_rate	0.00023755228042222692	-0.0001792976164960265	0.000876669986871244	2000	2000	paired test samples conditional on one fixed source checkpoint
Qwen3-8B/magicoder/seed43	commonsense	family_macro	hns_f4_s1 minus flat_e	new_damage_rate	5.4974152642515116e-05	-0.00027496890643514954	0.00039292855327892866	2000	2000	paired test samples conditional on one fixed source checkpoint
Qwen3-8B/magicoder/seed43	commonsense	family_macro	scalar_e minus flat_e	recovery_rate	-0.047395557684674294	-0.08506982658537729	-0.01937211496889115	2000	2000	paired test samples conditional on one fixed source checkpoint
Qwen3-8B/magicoder/seed43	commonsense	family_macro	scalar_e minus flat_e	retention_rate	0.06823183451583392	0.043670050181080194	0.09362223890060953	2000	2000	paired test samples conditional on one fixed source checkpoint
Qwen3-8B/magicoder/seed43	commonsense	family_macro	scalar_e minus flat_e	new_success_rate	0.0014180044636692788	0.0005178208911175926	0.0024104264452363953	2000	2000	paired test samples conditional on one fixed source checkpoint
Qwen3-8B/magicoder/seed43	commonsense	family_macro	scalar_e minus flat_e	new_damage_rate	0.0004832943755977482	0.0001368355228333015	0.0008835570853606102	2000	2000	paired test samples conditional on one fixed source checkpoint
Qwen3-8B/magicoder/seed43	all	checkpoint_macro	hns_f4_s1 minus scalar_e	recovery_rate	0.02256444490807752	-0.019180794917849783	0.06255927135468947	2000	2000	paired test samples conditional on one fixed source checkpoint
Qwen3-8B/magicoder/seed43	all	checkpoint_macro	hns_f4_s1 minus scalar_e	retention_rate	-0.03582238298551099	-0.08384245049347476	0.010642055849528044	2000	2000	paired test samples conditional on one fixed source checkpoint
Qwen3-8B/magicoder/seed43	all	checkpoint_macro	hns_f4_s1 minus scalar_e	new_success_rate	-0.002798754172732981	-0.00836204826124611	0.002025673933738708	2000	2000	paired test samples conditional on one fixed source checkpoint
Qwen3-8B/magicoder/seed43	all	checkpoint_macro	hns_f4_s1 minus scalar_e	new_damage_rate	-0.0015999070587756122	-0.00506978447198985	0.0017976616321726817	2000	2000	paired test samples conditional on one fixed source checkpoint
Qwen3-8B/magicoder/seed43	all	checkpoint_macro	hns_f4_s1 minus flat_e	recovery_rate	0.005806466692892975	-0.02168130104392093	0.03308506479712359	2000	2000	paired test samples conditional on one fixed source checkpoint
Qwen3-8B/magicoder/seed43	all	checkpoint_macro	hns_f4_s1 minus flat_e	retention_rate	-0.016576924356552558	-0.05127342512221714	0.013729401949308105	2000	2000	paired test samples conditional on one fixed source checkpoint
Qwen3-8B/magicoder/seed43	all	checkpoint_macro	hns_f4_s1 minus flat_e	new_success_rate	0.002045885522880455	-0.0013971416781842555	0.0061609733182312505	2000	2000	paired test samples conditional on one fixed source checkpoint
Qwen3-8B/magicoder/seed43	all	checkpoint_macro	hns_f4_s1 minus flat_e	new_damage_rate	-0.0012065137844343467	-0.003626750512499816	0.001012306746550454	2000	2000	paired test samples conditional on one fixed source checkpoint
Qwen3-8B/magicoder/seed43	all	checkpoint_macro	scalar_e minus flat_e	recovery_rate	-0.016757978215184544	-0.05836760604616516	0.026247928913119722	2000	2000	paired test samples conditional on one fixed source checkpoint
Qwen3-8B/magicoder/seed43	all	checkpoint_macro	scalar_e minus flat_e	retention_rate	0.019245458628958434	-0.02496805321170724	0.06464196545756286	2000	2000	paired test samples conditional on one fixed source checkpoint
Qwen3-8B/magicoder/seed43	all	checkpoint_macro	scalar_e minus flat_e	new_success_rate	0.004844639695613436	-0.0006085521527565913	0.01083038946366212	2000	2000	paired test samples conditional on one fixed source checkpoint
Qwen3-8B/magicoder/seed43	all	checkpoint_macro	scalar_e minus flat_e	new_damage_rate	0.00039339327434126554	-0.003154167157245886	0.003991498436782471	2000	2000	paired test samples conditional on one fixed source checkpoint
Qwen3-8B/magicoder/seed43	target	checkpoint_macro	hns_f4_s1 minus scalar_e	recovery_rate	0.0	-0.12903225806451613	0.13636363636363635	2000	2000	paired test samples conditional on one fixed source checkpoint
Qwen3-8B/magicoder/seed43	target	checkpoint_macro	hns_f4_s1 minus scalar_e	retention_rate	-0.07999999999999996	-0.19999999999999996	0.0	2000	2000	paired test samples conditional on one fixed source checkpoint
Qwen3-8B/magicoder/seed43	target	checkpoint_macro	hns_f4_s1 minus scalar_e	new_success_rate	-0.01219512195121951	-0.030487804878048787	0.0	2000	2000	paired test samples conditional on one fixed source checkpoint
Qwen3-8B/magicoder/seed43	target	checkpoint_macro	hns_f4_s1 minus scalar_e	new_damage_rate	0.0	0.0	0.0	2000	2000	paired test samples conditional on one fixed source checkpoint
Qwen3-8B/magicoder/seed43	target	checkpoint_macro	hns_f4_s1 minus flat_e	recovery_rate	-0.032258064516129004	-0.11111111111111105	0.0	2000	2000	paired test samples conditional on one fixed source checkpoint
Qwen3-8B/magicoder/seed43	target	checkpoint_macro	hns_f4_s1 minus flat_e	retention_rate	-0.040000000000000036	-0.13162280701754384	0.0	2000	2000	paired test samples conditional on one fixed source checkpoint
Qwen3-8B/magicoder/seed43	target	checkpoint_macro	hns_f4_s1 minus flat_e	new_success_rate	0.0060975609756097615	0.0	0.01829268292682927	2000	2000	paired test samples conditional on one fixed source checkpoint
Qwen3-8B/magicoder/seed43	target	checkpoint_macro	hns_f4_s1 minus flat_e	new_damage_rate	0.0	0.0	0.0	2000	2000	paired test samples conditional on one fixed source checkpoint
Qwen3-8B/magicoder/seed43	target	checkpoint_macro	scalar_e minus flat_e	recovery_rate	-0.032258064516129004	-0.14819444444444443	0.07407407407407407	2000	2000	paired test samples conditional on one fixed source checkpoint
Qwen3-8B/magicoder/seed43	target	checkpoint_macro	scalar_e minus flat_e	retention_rate	0.039999999999999925	0.0	0.125	2000	2000	paired test samples conditional on one fixed source checkpoint
Qwen3-8B/magicoder/seed43	target	checkpoint_macro	scalar_e minus flat_e	new_success_rate	0.01829268292682927	0.0	0.04268292682926829	2000	2000	paired test samples conditional on one fixed source checkpoint
Qwen3-8B/magicoder/seed43	target	checkpoint_macro	scalar_e minus flat_e	new_damage_rate	0.0	0.0	0.0	2000	2000	paired test samples conditional on one fixed source checkpoint
Qwen3-8B/magicoder/seed43	off_task	checkpoint_macro	hns_f4_s1 minus scalar_e	recovery_rate	0.03008592654410347	-0.0024451425659984373	0.06500711304385544	2000	2000	paired test samples conditional on one fixed source checkpoint
Qwen3-8B/magicoder/seed43	off_task	checkpoint_macro	hns_f4_s1 minus scalar_e	retention_rate	-0.02109651064734802	-0.07641717650581586	0.031110508558757376	2000	2000	paired test samples conditional on one fixed source checkpoint
Qwen3-8B/magicoder/seed43	off_task	checkpoint_macro	hns_f4_s1 minus scalar_e	new_success_rate	0.00033336842009586143	-0.003347670082753563	0.004211449788986759	2000	2000	paired test samples conditional on one fixed source checkpoint
Qwen3-8B/magicoder/seed43	off_task	checkpoint_macro	hns_f4_s1 minus scalar_e	new_damage_rate	-0.0021332094117008163	-0.006759712629319801	0.0023968821762302417	2000	2000	paired test samples conditional on one fixed source checkpoint
Qwen3-8B/magicoder/seed43	off_task	checkpoint_macro	hns_f4_s1 minus flat_e	recovery_rate	0.018494643762567153	-0.009216155943615445	0.04976194050403378	2000	2000	paired test samples conditional on one fixed source checkpoint
Qwen3-8B/magicoder/seed43	off_task	checkpoint_macro	hns_f4_s1 minus flat_e	retention_rate	-0.008769232475403399	-0.04392206772747282	0.026380515187507104	2000	2000	paired test samples conditional on one fixed source checkpoint
Qwen3-8B/magicoder/seed43	off_task	checkpoint_macro	hns_f4_s1 minus flat_e	new_success_rate	0.0006953270386373563	-0.0025816478545053114	0.004115123146157022	2000	2000	paired test samples conditional on one fixed source checkpoint
Qwen3-8B/magicoder/seed43	off_task	checkpoint_macro	hns_f4_s1 minus flat_e	new_damage_rate	-0.0016086850459124617	-0.004835667349999755	0.001349742328733938	2000	2000	paired test samples conditional on one fixed source checkpoint
Qwen3-8B/magicoder/seed43	off_task	checkpoint_macro	scalar_e minus flat_e	recovery_rate	-0.011591282781536316	-0.05292745475067988	0.03235187106067694	2000	2000	paired test samples conditional on one fixed source checkpoint
Qwen3-8B/magicoder/seed43	off_task	checkpoint_macro	scalar_e minus flat_e	retention_rate	0.012327278171944622	-0.041948825451211876	0.06553583807940884	2000	2000	paired test samples conditional on one fixed source checkpoint
Qwen3-8B/magicoder/seed43	off_task	checkpoint_macro	scalar_e minus flat_e	new_success_rate	0.00036195861854149483	-0.0030936200830790316	0.0038378889364878133	2000	2000	paired test samples conditional on one fixed source checkpoint
Qwen3-8B/magicoder/seed43	off_task	checkpoint_macro	scalar_e minus flat_e	new_damage_rate	0.0005245243657883546	-0.004205556209661182	0.005321997915709961	2000	2000	paired test samples conditional on one fixed source checkpoint
Qwen3-8B/magicoder/seed44	magicoder	family_macro	hns_f4_s1 minus scalar_e	recovery_rate	-0.0357142857142857	-0.11538461538461542	0.0	2000	2000	paired test samples conditional on one fixed source checkpoint
Qwen3-8B/magicoder/seed44	magicoder	family_macro	hns_f4_s1 minus scalar_e	retention_rate	-0.08000000000000007	-0.20000000000000007	0.0	2000	2000	paired test samples conditional on one fixed source checkpoint
Qwen3-8B/magicoder/seed44	magicoder	family_macro	hns_f4_s1 minus scalar_e	new_success_rate	-0.01829268292682927	-0.04268292682926829	0.0	2000	2000	paired test samples conditional on one fixed source checkpoint
Qwen3-8B/magicoder/seed44	magicoder	family_macro	hns_f4_s1 minus scalar_e	new_damage_rate	-0.006097560975609756	-0.018292682926829267	0.0	2000	2000	paired test samples conditional on one fixed source checkpoint
Qwen3-8B/magicoder/seed44	magicoder	family_macro	hns_f4_s1 minus flat_e	recovery_rate	0.0	0.0	0.0	2000	2000	paired test samples conditional on one fixed source checkpoint
Qwen3-8B/magicoder/seed44	magicoder	family_macro	hns_f4_s1 minus flat_e	retention_rate	0.039999999999999925	0.0	0.1333333333333333	2000	2000	paired test samples conditional on one fixed source checkpoint
Qwen3-8B/magicoder/seed44	magicoder	family_macro	hns_f4_s1 minus flat_e	new_success_rate	-0.01219512195121951	-0.030487804878048783	0.0	2000	2000	paired test samples conditional on one fixed source checkpoint
Qwen3-8B/magicoder/seed44	magicoder	family_macro	hns_f4_s1 minus flat_e	new_damage_rate	0.0	0.0	0.0	2000	2000	paired test samples conditional on one fixed source checkpoint
Qwen3-8B/magicoder/seed44	magicoder	family_macro	scalar_e minus flat_e	recovery_rate	0.0357142857142857	0.0	0.11538461538461542	2000	2000	paired test samples conditional on one fixed source checkpoint
Qwen3-8B/magicoder/seed44	magicoder	family_macro	scalar_e minus flat_e	retention_rate	0.12	0.0	0.26315789473684215	2000	2000	paired test samples conditional on one fixed source checkpoint
Qwen3-8B/magicoder/seed44	magicoder	family_macro	scalar_e minus flat_e	new_success_rate	0.0060975609756097615	0.0	0.01829268292682927	2000	2000	paired test samples conditional on one fixed source checkpoint
Qwen3-8B/magicoder/seed44	magicoder	family_macro	scalar_e minus flat_e	new_damage_rate	0.006097560975609756	0.0	0.018292682926829267	2000	2000	paired test samples conditional on one fixed source checkpoint
Qwen3-8B/magicoder/seed44	metamath	family_macro	hns_f4_s1 minus scalar_e	recovery_rate	-0.028037383177570097	-0.0833528037383178	0.02752293577981657	2000	2000	paired test samples conditional on one fixed source checkpoint
Qwen3-8B/magicoder/seed44	metamath	family_macro	hns_f4_s1 minus scalar_e	retention_rate	-0.02352941176470591	-0.08333333333333337	0.03158734602463611	2000	2000	paired test samples conditional on one fixed source checkpoint
Qwen3-8B/magicoder/seed44	metamath	family_macro	hns_f4_s1 minus scalar_e	new_success_rate	0.006823351023502653	0.0015163002274450332	0.01288855193328279	2000	2000	paired test samples conditional on one fixed source checkpoint
Qwen3-8B/magicoder/seed44	metamath	family_macro	hns_f4_s1 minus scalar_e	new_damage_rate	-0.003032600454890068	-0.009097801364670203	0.0022744503411675516	2000	2000	paired test samples conditional on one fixed source checkpoint
Qwen3-8B/magicoder/seed44	metamath	family_macro	hns_f4_s1 minus flat_e	recovery_rate	0.009345794392523366	-0.03000757575757578	0.05208559782608698	2000	2000	paired test samples conditional on one fixed source checkpoint
Qwen3-8B/magicoder/seed44	metamath	family_macro	hns_f4_s1 minus flat_e	retention_rate	-0.02352941176470591	-0.07145008605851987	0.022727272727272707	2000	2000	paired test samples conditional on one fixed source checkpoint
Qwen3-8B/magicoder/seed44	metamath	family_macro	hns_f4_s1 minus flat_e	new_success_rate	0.003790750568612585	0.0007581501137225166	0.00758150113722517	2000	2000	paired test samples conditional on one fixed source checkpoint
Qwen3-8B/magicoder/seed44	metamath	family_macro	hns_f4_s1 minus flat_e	new_damage_rate	-0.0022744503411675516	-0.006823351023502651	0.001516300227445035	2000	2000	paired test samples conditional on one fixed source checkpoint
Qwen3-8B/magicoder/seed44	metamath	family_macro	scalar_e minus flat_e	recovery_rate	0.03738317757009346	0.008547008547008517	0.08140591966173359	2000	2000	paired test samples conditional on one fixed source checkpoint
Qwen3-8B/magicoder/seed44	metamath	family_macro	scalar_e minus flat_e	retention_rate	0.0	-0.06330460544034473	0.06666666666666665	2000	2000	paired test samples conditional on one fixed source checkpoint
Qwen3-8B/magicoder/seed44	metamath	family_macro	scalar_e minus flat_e	new_success_rate	-0.003032600454890068	-0.008339651250947686	0.001516300227445035	2000	2000	paired test samples conditional on one fixed source checkpoint
Qwen3-8B/magicoder/seed44	metamath	family_macro	scalar_e minus flat_e	new_damage_rate	0.0007581501137225166	-0.004548900682335103	0.006823351023502653	2000	2000	paired test samples conditional on one fixed source checkpoint
Qwen3-8B/magicoder/seed44	tulu	family_macro	hns_f4_s1 minus scalar_e	recovery_rate	-0.10204081632653061	-0.20512820512820507	0.0	2000	2000	paired test samples conditional on one fixed source checkpoint
Qwen3-8B/magicoder/seed44	tulu	family_macro	hns_f4_s1 minus scalar_e	retention_rate	0.0	-0.11907142857142859	0.12195121951219512	2000	2000	paired test samples conditional on one fixed source checkpoint
Qwen3-8B/magicoder/seed44	tulu	family_macro	hns_f4_s1 minus scalar_e	new_success_rate	-0.0073937153419593345	-0.018484288354898334	0.003696857670979669	2000	2000	paired test samples conditional on one fixed source checkpoint
Qwen3-8B/magicoder/seed44	tulu	family_macro	hns_f4_s1 minus scalar_e	new_damage_rate	-0.0018484288354898327	-0.012939001848428836	0.011090573012939	2000	2000	paired test samples conditional on one fixed source checkpoint
Qwen3-8B/magicoder/seed44	tulu	family_macro	hns_f4_s1 minus flat_e	recovery_rate	-0.04081632653061218	-0.12505681818181819	0.038480392156862726	2000	2000	paired test samples conditional on one fixed source checkpoint
Qwen3-8B/magicoder/seed44	tulu	family_macro	hns_f4_s1 minus flat_e	retention_rate	0.0	-0.11904761904761901	0.12070271682340637	2000	2000	paired test samples conditional on one fixed source checkpoint
Qwen3-8B/magicoder/seed44	tulu	family_macro	hns_f4_s1 minus flat_e	new_success_rate	0.0036968576709796655	-0.0036968576709796655	0.011090573012939003	2000	2000	paired test samples conditional on one fixed source checkpoint
Qwen3-8B/magicoder/seed44	tulu	family_macro	hns_f4_s1 minus flat_e	new_damage_rate	0.005545286506469502	-0.0036968576709796655	0.0166358595194085	2000	2000	paired test samples conditional on one fixed source checkpoint
Qwen3-8B/magicoder/seed44	tulu	family_macro	scalar_e minus flat_e	recovery_rate	0.061224489795918435	-0.02175120772946858	0.15257496740547574	2000	2000	paired test samples conditional on one fixed source checkpoint
Qwen3-8B/magicoder/seed44	tulu	family_macro	scalar_e minus flat_e	retention_rate	0.0	-0.14893617021276595	0.14708605664488006	2000	2000	paired test samples conditional on one fixed source checkpoint
Qwen3-8B/magicoder/seed44	tulu	family_macro	scalar_e minus flat_e	new_success_rate	0.011090573012939	0.0018484288354898327	0.020332717190388174	2000	2000	paired test samples conditional on one fixed source checkpoint
Qwen3-8B/magicoder/seed44	tulu	family_macro	scalar_e minus flat_e	new_damage_rate	0.0073937153419593345	-0.003696857670979669	0.018484288354898338	2000	2000	paired test samples conditional on one fixed source checkpoint
Qwen3-8B/magicoder/seed44	commonsense	family_macro	hns_f4_s1 minus scalar_e	recovery_rate	0.030813410074773784	-0.01569310944308495	0.0790286677671663	2000	2000	paired test samples conditional on one fixed source checkpoint
Qwen3-8B/magicoder/seed44	commonsense	family_macro	hns_f4_s1 minus scalar_e	retention_rate	-0.08801005151374036	-0.12448340417866283	-0.05573032107165597	2000	2000	paired test samples conditional on one fixed source checkpoint
Qwen3-8B/magicoder/seed44	commonsense	family_macro	hns_f4_s1 minus scalar_e	new_success_rate	-0.0006882924090070193	-0.0016024014167218255	0.00023377521591576517	2000	2000	paired test samples conditional on one fixed source checkpoint
Qwen3-8B/magicoder/seed44	commonsense	family_macro	hns_f4_s1 minus scalar_e	new_damage_rate	-0.0007576265140709357	-0.0015991647759116944	-6.920995343530376e-05	2000	2000	paired test samples conditional on one fixed source checkpoint
Qwen3-8B/magicoder/seed44	commonsense	family_macro	hns_f4_s1 minus flat_e	recovery_rate	-0.012319566256254744	-0.04595319622378127	0.011094573524553342	2000	2000	paired test samples conditional on one fixed source checkpoint
Qwen3-8B/magicoder/seed44	commonsense	family_macro	hns_f4_s1 minus flat_e	retention_rate	-0.014538238854452601	-0.04578559230370537	0.012076672678578142	2000	2000	paired test samples conditional on one fixed source checkpoint
Qwen3-8B/magicoder/seed44	commonsense	family_macro	hns_f4_s1 minus flat_e	new_success_rate	-0.00015973696263895266	-0.0007888819980957558	0.0005777153119397143	2000	2000	paired test samples conditional on one fixed source checkpoint
Qwen3-8B/magicoder/seed44	commonsense	family_macro	hns_f4_s1 minus flat_e	new_damage_rate	-8.045642469202787e-05	-0.0002671478541925003	8.715611556843516e-05	2000	2000	paired test samples conditional on one fixed source checkpoint
Qwen3-8B/magicoder/seed44	commonsense	family_macro	scalar_e minus flat_e	recovery_rate	-0.04313297633102853	-0.08921905739889825	-0.008527580449805562	2000	2000	paired test samples conditional on one fixed source checkpoint
Qwen3-8B/magicoder/seed44	commonsense	family_macro	scalar_e minus flat_e	retention_rate	0.07347181265928776	0.031939737315821976	0.11292755325388361	2000	2000	paired test samples conditional on one fixed source checkpoint
Qwen3-8B/magicoder/seed44	commonsense	family_macro	scalar_e minus flat_e	new_success_rate	0.0005285554463680666	-0.0004413727459996262	0.0015607274002945998	2000	2000	paired test samples conditional on one fixed source checkpoint
Qwen3-8B/magicoder/seed44	commonsense	family_macro	scalar_e minus flat_e	new_damage_rate	0.0006771700893789079	-3.0013933441295564e-05	0.0015419799326727988	2000	2000	paired test samples conditional on one fixed source checkpoint
Qwen3-8B/magicoder/seed44	all	checkpoint_macro	hns_f4_s1 minus scalar_e	recovery_rate	-0.033744768785903156	-0.06882758996512439	0.0024055036778959965	2000	2000	paired test samples conditional on one fixed source checkpoint
Qwen3-8B/magicoder/seed44	all	checkpoint_macro	hns_f4_s1 minus scalar_e	retention_rate	-0.0478848658196116	-0.0913057713740997	-0.0073050883009799705	2000	2000	paired test samples conditional on one fixed source checkpoint
Qwen3-8B/magicoder/seed44	all	checkpoint_macro	hns_f4_s1 minus scalar_e	new_success_rate	-0.004887834913573242	-0.01143060966900134	0.0008423716478364988	2000	2000	paired test samples conditional on one fixed source checkpoint
Qwen3-8B/magicoder/seed44	all	checkpoint_macro	hns_f4_s1 minus scalar_e	new_damage_rate	-0.0029340541950151483	-0.007771826872487678	0.0011811788947949941	2000	2000	paired test samples conditional on one fixed source checkpoint
Qwen3-8B/magicoder/seed44	all	checkpoint_macro	hns_f4_s1 minus flat_e	recovery_rate	-0.010947524598585834	-0.03584784734115871	0.012287485756847884	2000	2000	paired test samples conditional on one fixed source checkpoint
Qwen3-8B/magicoder/seed44	all	checkpoint_macro	hns_f4_s1 minus flat_e	retention_rate	0.00048308734521029795	-0.03666682239240705	0.037559130491208334	2000	2000	paired test samples conditional on one fixed source checkpoint
Qwen3-8B/magicoder/seed44	all	checkpoint_macro	hns_f4_s1 minus flat_e	new_success_rate	-0.0012168126685665505	-0.006642932559161791	0.0029129784232554408	2000	2000	paired test samples conditional on one fixed source checkpoint
Qwen3-8B/magicoder/seed44	all	checkpoint_macro	hns_f4_s1 minus flat_e	new_damage_rate	0.0007975949351524802	-0.0017775426779595648	0.0035114418794193153	2000	2000	paired test samples conditional on one fixed source checkpoint
Qwen3-8B/magicoder/seed44	all	checkpoint_macro	scalar_e minus flat_e	recovery_rate	0.022797244187317323	-0.006527442502608135	0.05429758927155544	2000	2000	paired test samples conditional on one fixed source checkpoint
Qwen3-8B/magicoder/seed44	all	checkpoint_macro	scalar_e minus flat_e	retention_rate	0.0483679531648219	-0.0023717437438715125	0.09959414500276559	2000	2000	paired test samples conditional on one fixed source checkpoint
Qwen3-8B/magicoder/seed44	all	checkpoint_macro	scalar_e minus flat_e	new_success_rate	0.0036710222450066915	-4.965416533048074e-05	0.007899831817175837	2000	2000	paired test samples conditional on one fixed source checkpoint
Qwen3-8B/magicoder/seed44	all	checkpoint_macro	scalar_e minus flat_e	new_damage_rate	0.0037316491301676285	-0.0001676122366333707	0.008445987700163676	2000	2000	paired test samples conditional on one fixed source checkpoint
Qwen3-8B/magicoder/seed44	target	checkpoint_macro	hns_f4_s1 minus scalar_e	recovery_rate	-0.0357142857142857	-0.11538461538461542	0.0	2000	2000	paired test samples conditional on one fixed source checkpoint
Qwen3-8B/magicoder/seed44	target	checkpoint_macro	hns_f4_s1 minus scalar_e	retention_rate	-0.08000000000000007	-0.20000000000000007	0.0	2000	2000	paired test samples conditional on one fixed source checkpoint
Qwen3-8B/magicoder/seed44	target	checkpoint_macro	hns_f4_s1 minus scalar_e	new_success_rate	-0.01829268292682927	-0.04268292682926829	0.0	2000	2000	paired test samples conditional on one fixed source checkpoint
Qwen3-8B/magicoder/seed44	target	checkpoint_macro	hns_f4_s1 minus scalar_e	new_damage_rate	-0.006097560975609756	-0.018292682926829267	0.0	2000	2000	paired test samples conditional on one fixed source checkpoint
Qwen3-8B/magicoder/seed44	target	checkpoint_macro	hns_f4_s1 minus flat_e	recovery_rate	0.0	0.0	0.0	2000	2000	paired test samples conditional on one fixed source checkpoint
Qwen3-8B/magicoder/seed44	target	checkpoint_macro	hns_f4_s1 minus flat_e	retention_rate	0.039999999999999925	0.0	0.1333333333333333	2000	2000	paired test samples conditional on one fixed source checkpoint
Qwen3-8B/magicoder/seed44	target	checkpoint_macro	hns_f4_s1 minus flat_e	new_success_rate	-0.01219512195121951	-0.030487804878048783	0.0	2000	2000	paired test samples conditional on one fixed source checkpoint
Qwen3-8B/magicoder/seed44	target	checkpoint_macro	hns_f4_s1 minus flat_e	new_damage_rate	0.0	0.0	0.0	2000	2000	paired test samples conditional on one fixed source checkpoint
Qwen3-8B/magicoder/seed44	target	checkpoint_macro	scalar_e minus flat_e	recovery_rate	0.0357142857142857	0.0	0.11538461538461542	2000	2000	paired test samples conditional on one fixed source checkpoint
Qwen3-8B/magicoder/seed44	target	checkpoint_macro	scalar_e minus flat_e	retention_rate	0.12	0.0	0.26315789473684215	2000	2000	paired test samples conditional on one fixed source checkpoint
Qwen3-8B/magicoder/seed44	target	checkpoint_macro	scalar_e minus flat_e	new_success_rate	0.0060975609756097615	0.0	0.01829268292682927	2000	2000	paired test samples conditional on one fixed source checkpoint
Qwen3-8B/magicoder/seed44	target	checkpoint_macro	scalar_e minus flat_e	new_damage_rate	0.006097560975609756	0.0	0.018292682926829267	2000	2000	paired test samples conditional on one fixed source checkpoint
Qwen3-8B/magicoder/seed44	off_task	checkpoint_macro	hns_f4_s1 minus scalar_e	recovery_rate	-0.03308826314310909	-0.07447176677400409	0.00935001338246995	2000	2000	paired test samples conditional on one fixed source checkpoint
Qwen3-8B/magicoder/seed44	off_task	checkpoint_macro	hns_f4_s1 minus scalar_e	retention_rate	-0.037179821092815424	-0.08325959207836678	0.007426334493956848	2000	2000	paired test samples conditional on one fixed source checkpoint
Qwen3-8B/magicoder/seed44	off_task	checkpoint_macro	hns_f4_s1 minus scalar_e	new_success_rate	-0.0004195522424879014	-0.004582922188223415	0.0039215241319903085	2000	2000	paired test samples conditional on one fixed source checkpoint
Qwen3-8B/magicoder/seed44	off_task	checkpoint_macro	hns_f4_s1 minus scalar_e	new_damage_rate	-0.0018795519348169462	-0.006439054672789361	0.0026154792058306463	2000	2000	paired test samples conditional on one fixed source checkpoint
Qwen3-8B/magicoder/seed44	off_task	checkpoint_macro	hns_f4_s1 minus flat_e	recovery_rate	-0.014596699464781149	-0.04779712978821161	0.01638331434246366	2000	2000	paired test samples conditional on one fixed source checkpoint
Qwen3-8B/magicoder/seed44	off_task	checkpoint_macro	hns_f4_s1 minus flat_e	retention_rate	-0.012689216873052911	-0.057198670983237714	0.03094214242362064	2000	2000	paired test samples conditional on one fixed source checkpoint
Qwen3-8B/magicoder/seed44	off_task	checkpoint_macro	hns_f4_s1 minus flat_e	new_success_rate	0.0024426237589844305	1.0027266219069129e-05	0.005209779671473568	2000	2000	paired test samples conditional on one fixed source checkpoint
Qwen3-8B/magicoder/seed44	off_task	checkpoint_macro	hns_f4_s1 minus flat_e	new_damage_rate	0.0010634599135366414	-0.002370056903946086	0.004681922505892421	2000	2000	paired test samples conditional on one fixed source checkpoint
Qwen3-8B/magicoder/seed44	off_task	checkpoint_macro	scalar_e minus flat_e	recovery_rate	0.018491563678327938	-0.015752894291963658	0.0530016996741751	2000	2000	paired test samples conditional on one fixed source checkpoint
Qwen3-8B/magicoder/seed44	off_task	checkpoint_macro	scalar_e minus flat_e	retention_rate	0.024490604219762513	-0.029130113684671357	0.07915354873932427	2000	2000	paired test samples conditional on one fixed source checkpoint
Qwen3-8B/magicoder/seed44	off_task	checkpoint_macro	scalar_e minus flat_e	new_success_rate	0.002862176001472332	-0.0007719063839365656	0.0065763727675058415	2000	2000	paired test samples conditional on one fixed source checkpoint
Qwen3-8B/magicoder/seed44	off_task	checkpoint_macro	scalar_e minus flat_e	new_damage_rate	0.0029430118483535876	-0.0012392116803033129	0.007131544573164554	2000	2000	paired test samples conditional on one fixed source checkpoint
Qwen3-8B/metamath/seed42	magicoder	family_macro	hns_f4_s1 minus scalar_e	recovery_rate	0.037037037037037035	-0.08695652173913043	0.17241379310344823	2000	2000	paired test samples conditional on one fixed source checkpoint
Qwen3-8B/metamath/seed42	magicoder	family_macro	hns_f4_s1 minus scalar_e	retention_rate	0.2173913043478261	0.05555555555555558	0.39288419913419903	2000	2000	paired test samples conditional on one fixed source checkpoint
Qwen3-8B/metamath/seed42	magicoder	family_macro	hns_f4_s1 minus scalar_e	new_success_rate	-0.006097560975609758	-0.03048780487804878	0.012195121951219513	2000	2000	paired test samples conditional on one fixed source checkpoint
Qwen3-8B/metamath/seed42	magicoder	family_macro	hns_f4_s1 minus scalar_e	new_damage_rate	0.006097560975609755	-0.012195121951219513	0.03048780487804878	2000	2000	paired test samples conditional on one fixed source checkpoint
Qwen3-8B/metamath/seed42	magicoder	family_macro	hns_f4_s1 minus flat_e	recovery_rate	0.0	0.0	0.0	2000	2000	paired test samples conditional on one fixed source checkpoint
Qwen3-8B/metamath/seed42	magicoder	family_macro	hns_f4_s1 minus flat_e	retention_rate	0.04347826086956519	0.0	0.1428571428571428	2000	2000	paired test samples conditional on one fixed source checkpoint
Qwen3-8B/metamath/seed42	magicoder	family_macro	hns_f4_s1 minus flat_e	new_success_rate	0.0	-0.018292682926829267	0.018292682926829267	2000	2000	paired test samples conditional on one fixed source checkpoint
Qwen3-8B/metamath/seed42	magicoder	family_macro	hns_f4_s1 minus flat_e	new_damage_rate	0.0	-0.018292682926829267	0.018292682926829267	2000	2000	paired test samples conditional on one fixed source checkpoint
Qwen3-8B/metamath/seed42	magicoder	family_macro	scalar_e minus flat_e	recovery_rate	-0.037037037037037035	-0.17241379310344823	0.08695652173913043	2000	2000	paired test samples conditional on one fixed source checkpoint
Qwen3-8B/metamath/seed42	magicoder	family_macro	scalar_e minus flat_e	retention_rate	-0.17391304347826092	-0.3703703703703704	0.0	2000	2000	paired test samples conditional on one fixed source checkpoint
Qwen3-8B/metamath/seed42	magicoder	family_macro	scalar_e minus flat_e	new_success_rate	0.006097560975609758	0.0	0.01829268292682927	2000	2000	paired test samples conditional on one fixed source checkpoint
Qwen3-8B/metamath/seed42	magicoder	family_macro	scalar_e minus flat_e	new_damage_rate	-0.006097560975609755	-0.01829268292682927	0.0	2000	2000	paired test samples conditional on one fixed source checkpoint
Qwen3-8B/metamath/seed42	metamath	family_macro	hns_f4_s1 minus scalar_e	recovery_rate	-0.023076923076923106	-0.09160305343511455	0.04412090057261837	2000	2000	paired test samples conditional on one fixed source checkpoint
Qwen3-8B/metamath/seed42	metamath	family_macro	hns_f4_s1 minus scalar_e	retention_rate	0.1009174311926605	0.026779788242730737	0.1842169136433315	2000	2000	paired test samples conditional on one fixed source checkpoint
Qwen3-8B/metamath/seed42	metamath	family_macro	hns_f4_s1 minus scalar_e	new_success_rate	0.0007581501137225184	-0.0030515542077331316	0.005307050796057619	2000	2000	paired test samples conditional on one fixed source checkpoint
Qwen3-8B/metamath/seed42	metamath	family_macro	hns_f4_s1 minus scalar_e	new_damage_rate	-0.005307050796057618	-0.01288855193328279	0.00227445034116755	2000	2000	paired test samples conditional on one fixed source checkpoint
Qwen3-8B/metamath/seed42	metamath	family_macro	hns_f4_s1 minus flat_e	recovery_rate	0.0	-0.03677842405618962	0.03548026518655549	2000	2000	paired test samples conditional on one fixed source checkpoint
Qwen3-8B/metamath/seed42	metamath	family_macro	hns_f4_s1 minus flat_e	retention_rate	0.00917431192660545	-0.020618556701030858	0.04166666666666663	2000	2000	paired test samples conditional on one fixed source checkpoint
Qwen3-8B/metamath/seed42	metamath	family_macro	hns_f4_s1 minus flat_e	new_success_rate	-0.0007581501137225166	-0.0030515542077331316	0.001516300227445035	2000	2000	paired test samples conditional on one fixed source checkpoint
Qwen3-8B/metamath/seed42	metamath	family_macro	hns_f4_s1 minus flat_e	new_damage_rate	0.0007581501137225184	-0.001516300227445035	0.00303260045489007	2000	2000	paired test samples conditional on one fixed source checkpoint
Qwen3-8B/metamath/seed42	metamath	family_macro	scalar_e minus flat_e	recovery_rate	0.023076923076923106	-0.0444444444444444	0.09220454139102448	2000	2000	paired test samples conditional on one fixed source checkpoint
Qwen3-8B/metamath/seed42	metamath	family_macro	scalar_e minus flat_e	retention_rate	-0.09174311926605505	-0.17142857142857149	-0.01868726202838355	2000	2000	paired test samples conditional on one fixed source checkpoint
Qwen3-8B/metamath/seed42	metamath	family_macro	scalar_e minus flat_e	new_success_rate	-0.001516300227445035	-0.006823351023502654	0.003032600454890068	2000	2000	paired test samples conditional on one fixed source checkpoint
Qwen3-8B/metamath/seed42	metamath	family_macro	scalar_e minus flat_e	new_damage_rate	0.006065200909780136	-0.0007581501137225184	0.012907505686125751	2000	2000	paired test samples conditional on one fixed source checkpoint
Qwen3-8B/metamath/seed42	tulu	family_macro	hns_f4_s1 minus scalar_e	recovery_rate	-0.019230769230769273	-0.11764705882352944	0.07844427244582042	2000	2000	paired test samples conditional on one fixed source checkpoint
Qwen3-8B/metamath/seed42	tulu	family_macro	hns_f4_s1 minus scalar_e	retention_rate	0.02777777777777779	-0.0909619450317125	0.1500378787878786	2000	2000	paired test samples conditional on one fixed source checkpoint
Qwen3-8B/metamath/seed42	tulu	family_macro	hns_f4_s1 minus scalar_e	new_success_rate	0.005545286506469502	-0.003696857670979669	0.0166358595194085	2000	2000	paired test samples conditional on one fixed source checkpoint
Qwen3-8B/metamath/seed42	tulu	family_macro	hns_f4_s1 minus scalar_e	new_damage_rate	-0.01478743068391867	-0.025878003696857672	-0.0036968576709796672	2000	2000	paired test samples conditional on one fixed source checkpoint
Qwen3-8B/metamath/seed42	tulu	family_macro	hns_f4_s1 minus flat_e	recovery_rate	0.019230769230769273	-0.06521739130434778	0.11111111111111105	2000	2000	paired test samples conditional on one fixed source checkpoint
Qwen3-8B/metamath/seed42	tulu	family_macro	hns_f4_s1 minus flat_e	retention_rate	0.02777777777777779	-0.06666666666666665	0.12822580645161283	2000	2000	paired test samples conditional on one fixed source checkpoint
Qwen3-8B/metamath/seed42	tulu	family_macro	hns_f4_s1 minus flat_e	new_success_rate	0.0018484288354898362	-0.005545286506469502	0.00924214417744917	2000	2000	paired test samples conditional on one fixed source checkpoint
Qwen3-8B/metamath/seed42	tulu	family_macro	hns_f4_s1 minus flat_e	new_damage_rate	-0.011090573012939002	-0.024029574861367836	0.0	2000	2000	paired test samples conditional on one fixed source checkpoint
Qwen3-8B/metamath/seed42	tulu	family_macro	scalar_e minus flat_e	recovery_rate	0.03846153846153855	-0.0535714285714286	0.13336538461538452	2000	2000	paired test samples conditional on one fixed source checkpoint
Qwen3-8B/metamath/seed42	tulu	family_macro	scalar_e minus flat_e	retention_rate	0.0	-0.13337837837837835	0.1388888888888889	2000	2000	paired test samples conditional on one fixed source checkpoint
Qwen3-8B/metamath/seed42	tulu	family_macro	scalar_e minus flat_e	new_success_rate	-0.0036968576709796655	-0.012939001848428834	0.005545286506469502	2000	2000	paired test samples conditional on one fixed source checkpoint
Qwen3-8B/metamath/seed42	tulu	family_macro	scalar_e minus flat_e	new_damage_rate	0.003696857670979669	-0.011090573012939003	0.016635859519408505	2000	2000	paired test samples conditional on one fixed source checkpoint
Qwen3-8B/metamath/seed42	commonsense	family_macro	hns_f4_s1 minus scalar_e	recovery_rate	0.0013743866192341692	-0.031607258447528666	0.03250582760480365	2000	2000	paired test samples conditional on one fixed source checkpoint
Qwen3-8B/metamath/seed42	commonsense	family_macro	hns_f4_s1 minus scalar_e	retention_rate	-0.010043735709774793	-0.0340745324579629	0.014373759865282372	2000	2000	paired test samples conditional on one fixed source checkpoint
Qwen3-8B/metamath/seed42	commonsense	family_macro	hns_f4_s1 minus scalar_e	new_success_rate	0.0011809135917806128	-3.925553928813224e-05	0.0024283298405073234	2000	2000	paired test samples conditional on one fixed source checkpoint
Qwen3-8B/metamath/seed42	commonsense	family_macro	hns_f4_s1 minus scalar_e	new_damage_rate	-0.00041918750453012656	-0.0011612982094288636	0.00029512443270672333	2000	2000	paired test samples conditional on one fixed source checkpoint
Qwen3-8B/metamath/seed42	commonsense	family_macro	hns_f4_s1 minus flat_e	recovery_rate	0.011730311466809473	-0.002237740996543042	0.03291038992047015	2000	2000	paired test samples conditional on one fixed source checkpoint
Qwen3-8B/metamath/seed42	commonsense	family_macro	hns_f4_s1 minus flat_e	retention_rate	-0.004553621247628592	-0.018369686005803208	0.006525409629715477	2000	2000	paired test samples conditional on one fixed source checkpoint
Qwen3-8B/metamath/seed42	commonsense	family_macro	hns_f4_s1 minus flat_e	new_success_rate	-0.0006082117359496961	-0.0012163969684762022	-8.45769882204668e-05	2000	2000	paired test samples conditional on one fixed source checkpoint
Qwen3-8B/metamath/seed42	commonsense	family_macro	hns_f4_s1 minus flat_e	new_damage_rate	-0.0001463967128400986	-0.0006351289705706862	0.00032699021358176364	2000	2000	paired test samples conditional on one fixed source checkpoint
Qwen3-8B/metamath/seed42	commonsense	family_macro	scalar_e minus flat_e	recovery_rate	0.010355924847575304	-0.013760286801294	0.03802024454793939	2000	2000	paired test samples conditional on one fixed source checkpoint
Qwen3-8B/metamath/seed42	commonsense	family_macro	scalar_e minus flat_e	retention_rate	0.005490114462146201	-0.016407341624338826	0.02764972544765928	2000	2000	paired test samples conditional on one fixed source checkpoint
Qwen3-8B/metamath/seed42	commonsense	family_macro	scalar_e minus flat_e	new_success_rate	-0.001789125327730309	-0.0030047148026416436	-0.0006199913919315629	2000	2000	paired test samples conditional on one fixed source checkpoint
Qwen3-8B/metamath/seed42	commonsense	family_macro	scalar_e minus flat_e	new_damage_rate	0.00027279079169002796	-0.00036670842730540925	0.0009648463509268735	2000	2000	paired test samples conditional on one fixed source checkpoint
Qwen3-8B/metamath/seed42	all	checkpoint_macro	hns_f4_s1 minus scalar_e	recovery_rate	-0.0009740671628553077	-0.04566811801225369	0.044688250485744756	2000	2000	paired test samples conditional on one fixed source checkpoint
Qwen3-8B/metamath/seed42	all	checkpoint_macro	hns_f4_s1 minus scalar_e	retention_rate	0.08401069440212239	0.030323618722214268	0.1417992217605638	2000	2000	paired test samples conditional on one fixed source checkpoint
Qwen3-8B/metamath/seed42	all	checkpoint_macro	hns_f4_s1 minus scalar_e	new_success_rate	0.00034669730909072	-0.005404907116809134	0.00609248011663683	2000	2000	paired test samples conditional on one fixed source checkpoint
Qwen3-8B/metamath/seed42	all	checkpoint_macro	hns_f4_s1 minus scalar_e	new_damage_rate	-0.0036040270022241645	-0.009138247938754028	0.002799567760610368	2000	2000	paired test samples conditional on one fixed source checkpoint
Qwen3-8B/metamath/seed42	all	checkpoint_macro	hns_f4_s1 minus flat_e	recovery_rate	0.007740270174394714	-0.015122175582188663	0.033038771712309574	2000	2000	paired test samples conditional on one fixed source checkpoint
Qwen3-8B/metamath/seed42	all	checkpoint_macro	hns_f4_s1 minus flat_e	retention_rate	0.018969182331579848	-0.012728105502749082	0.053920336984308904	2000	2000	paired test samples conditional on one fixed source checkpoint
Qwen3-8B/metamath/seed42	all	checkpoint_macro	hns_f4_s1 minus flat_e	new_success_rate	0.0001205167464544063	-0.004681035966394862	0.004978603735796135	2000	2000	paired test samples conditional on one fixed source checkpoint
Qwen3-8B/metamath/seed42	all	checkpoint_macro	hns_f4_s1 minus flat_e	new_damage_rate	-0.002619704903014145	-0.0076807988740694635	0.0025610587036928294	2000	2000	paired test samples conditional on one fixed source checkpoint
Qwen3-8B/metamath/seed42	all	checkpoint_macro	scalar_e minus flat_e	recovery_rate	0.008714337337250022	-0.0343215597203133	0.05168579086015915	2000	2000	paired test samples conditional on one fixed source checkpoint
Qwen3-8B/metamath/seed42	all	checkpoint_macro	scalar_e minus flat_e	retention_rate	-0.06504151207054254	-0.1260987640026651	-0.0033271783240257763	2000	2000	paired test samples conditional on one fixed source checkpoint
Qwen3-8B/metamath/seed42	all	checkpoint_macro	scalar_e minus flat_e	new_success_rate	-0.0002261805626363137	-0.0037981951051714534	0.0039048229504797445	2000	2000	paired test samples conditional on one fixed source checkpoint
Qwen3-8B/metamath/seed42	all	checkpoint_macro	scalar_e minus flat_e	new_damage_rate	0.0009843220992100197	-0.004274377614148821	0.005477034919245424	2000	2000	paired test samples conditional on one fixed source checkpoint
Qwen3-8B/metamath/seed42	target	checkpoint_macro	hns_f4_s1 minus scalar_e	recovery_rate	-0.023076923076923106	-0.09160305343511455	0.04412090057261837	2000	2000	paired test samples conditional on one fixed source checkpoint
Qwen3-8B/metamath/seed42	target	checkpoint_macro	hns_f4_s1 minus scalar_e	retention_rate	0.1009174311926605	0.026779788242730737	0.1842169136433315	2000	2000	paired test samples conditional on one fixed source checkpoint
Qwen3-8B/metamath/seed42	target	checkpoint_macro	hns_f4_s1 minus scalar_e	new_success_rate	0.0007581501137225184	-0.0030515542077331316	0.005307050796057619	2000	2000	paired test samples conditional on one fixed source checkpoint
Qwen3-8B/metamath/seed42	target	checkpoint_macro	hns_f4_s1 minus scalar_e	new_damage_rate	-0.005307050796057618	-0.01288855193328279	0.00227445034116755	2000	2000	paired test samples conditional on one fixed source checkpoint
Qwen3-8B/metamath/seed42	target	checkpoint_macro	hns_f4_s1 minus flat_e	recovery_rate	0.0	-0.03677842405618962	0.03548026518655549	2000	2000	paired test samples conditional on one fixed source checkpoint
Qwen3-8B/metamath/seed42	target	checkpoint_macro	hns_f4_s1 minus flat_e	retention_rate	0.00917431192660545	-0.020618556701030858	0.04166666666666663	2000	2000	paired test samples conditional on one fixed source checkpoint
Qwen3-8B/metamath/seed42	target	checkpoint_macro	hns_f4_s1 minus flat_e	new_success_rate	-0.0007581501137225166	-0.0030515542077331316	0.001516300227445035	2000	2000	paired test samples conditional on one fixed source checkpoint
Qwen3-8B/metamath/seed42	target	checkpoint_macro	hns_f4_s1 minus flat_e	new_damage_rate	0.0007581501137225184	-0.001516300227445035	0.00303260045489007	2000	2000	paired test samples conditional on one fixed source checkpoint
Qwen3-8B/metamath/seed42	target	checkpoint_macro	scalar_e minus flat_e	recovery_rate	0.023076923076923106	-0.0444444444444444	0.09220454139102448	2000	2000	paired test samples conditional on one fixed source checkpoint
Qwen3-8B/metamath/seed42	target	checkpoint_macro	scalar_e minus flat_e	retention_rate	-0.09174311926605505	-0.17142857142857149	-0.01868726202838355	2000	2000	paired test samples conditional on one fixed source checkpoint
Qwen3-8B/metamath/seed42	target	checkpoint_macro	scalar_e minus flat_e	new_success_rate	-0.001516300227445035	-0.006823351023502654	0.003032600454890068	2000	2000	paired test samples conditional on one fixed source checkpoint
Qwen3-8B/metamath/seed42	target	checkpoint_macro	scalar_e minus flat_e	new_damage_rate	0.006065200909780136	-0.0007581501137225184	0.012907505686125751	2000	2000	paired test samples conditional on one fixed source checkpoint
Qwen3-8B/metamath/seed42	off_task	checkpoint_macro	hns_f4_s1 minus scalar_e	recovery_rate	0.006393551475167403	-0.0493495345631548	0.06272541964049198	2000	2000	paired test samples conditional on one fixed source checkpoint
Qwen3-8B/metamath/seed42	off_task	checkpoint_macro	hns_f4_s1 minus scalar_e	retention_rate	0.07837511547194309	0.011188645927623416	0.1514781235416397	2000	2000	paired test samples conditional on one fixed source checkpoint
Qwen3-8B/metamath/seed42	off_task	checkpoint_macro	hns_f4_s1 minus scalar_e	new_success_rate	0.00020954637421344985	-0.0072025389295376245	0.007898909099966636	2000	2000	paired test samples conditional on one fixed source checkpoint
Qwen3-8B/metamath/seed42	off_task	checkpoint_macro	hns_f4_s1 minus scalar_e	new_damage_rate	-0.0030363524042796835	-0.009867389092478215	0.0054637531680142	2000	2000	paired test samples conditional on one fixed source checkpoint
Qwen3-8B/metamath/seed42	off_task	checkpoint_macro	hns_f4_s1 minus flat_e	recovery_rate	0.01032036023252636	-0.018160532026073532	0.042143166466069616	2000	2000	paired test samples conditional on one fixed source checkpoint
Qwen3-8B/metamath/seed42	off_task	checkpoint_macro	hns_f4_s1 minus flat_e	retention_rate	0.02223413913323813	-0.017015740809706408	0.0677653138247425	2000	2000	paired test samples conditional on one fixed source checkpoint
Qwen3-8B/metamath/seed42	off_task	checkpoint_macro	hns_f4_s1 minus flat_e	new_success_rate	0.0004134056998467122	-0.005844747258304945	0.006561983341632394	2000	2000	paired test samples conditional on one fixed source checkpoint
Qwen3-8B/metamath/seed42	off_task	checkpoint_macro	hns_f4_s1 minus flat_e	new_damage_rate	-0.003745656575259701	-0.010467663968507755	0.003174287427319313	2000	2000	paired test samples conditional on one fixed source checkpoint
Qwen3-8B/metamath/seed42	off_task	checkpoint_macro	scalar_e minus flat_e	recovery_rate	0.003926808757358957	-0.04969700504075666	0.05685829800825386	2000	2000	paired test samples conditional on one fixed source checkpoint
Qwen3-8B/metamath/seed42	off_task	checkpoint_macro	scalar_e minus flat_e	retention_rate	-0.05614097633870496	-0.13717316936393456	0.022678888941598068	2000	2000	paired test samples conditional on one fixed source checkpoint
Qwen3-8B/metamath/seed42	off_task	checkpoint_macro	scalar_e minus flat_e	new_success_rate	0.00020385932563326235	-0.004268013452403532	0.005499712863871376	2000	2000	paired test samples conditional on one fixed source checkpoint
Qwen3-8B/metamath/seed42	off_task	checkpoint_macro	scalar_e minus flat_e	new_damage_rate	-0.0007093041709800175	-0.007508375069131435	0.004609709195985942	2000	2000	paired test samples conditional on one fixed source checkpoint
Qwen3-8B/metamath/seed43	magicoder	family_macro	hns_f4_s1 minus scalar_e	recovery_rate	0.11111111111111105	0.024375725900116166	0.21957994579945767	2000	2000	paired test samples conditional on one fixed source checkpoint
Qwen3-8B/metamath/seed43	magicoder	family_macro	hns_f4_s1 minus scalar_e	retention_rate	0.2272727272727273	0.06245265151515152	0.4166666666666667	2000	2000	paired test samples conditional on one fixed source checkpoint
Qwen3-8B/metamath/seed43	magicoder	family_macro	hns_f4_s1 minus scalar_e	new_success_rate	0.0060975609756097615	0.0	0.01829268292682927	2000	2000	paired test samples conditional on one fixed source checkpoint
Qwen3-8B/metamath/seed43	magicoder	family_macro	hns_f4_s1 minus scalar_e	new_damage_rate	0.006097560975609756	0.0	0.01829268292682927	2000	2000	paired test samples conditional on one fixed source checkpoint
Qwen3-8B/metamath/seed43	magicoder	family_macro	hns_f4_s1 minus flat_e	recovery_rate	-0.02777777777777779	-0.09375	0.0	2000	2000	paired test samples conditional on one fixed source checkpoint
Qwen3-8B/metamath/seed43	magicoder	family_macro	hns_f4_s1 minus flat_e	retention_rate	0.0	0.0	0.0	2000	2000	paired test samples conditional on one fixed source checkpoint
Qwen3-8B/metamath/seed43	magicoder	family_macro	hns_f4_s1 minus flat_e	new_success_rate	0.0060975609756097615	0.0	0.01829268292682927	2000	2000	paired test samples conditional on one fixed source checkpoint
Qwen3-8B/metamath/seed43	magicoder	family_macro	hns_f4_s1 minus flat_e	new_damage_rate	0.0	0.0	0.0	2000	2000	paired test samples conditional on one fixed source checkpoint
Qwen3-8B/metamath/seed43	magicoder	family_macro	scalar_e minus flat_e	recovery_rate	-0.13888888888888884	-0.2592592592592592	-0.03225806451612906	2000	2000	paired test samples conditional on one fixed source checkpoint
Qwen3-8B/metamath/seed43	magicoder	family_macro	scalar_e minus flat_e	retention_rate	-0.2272727272727273	-0.4166666666666667	-0.06245265151515177	2000	2000	paired test samples conditional on one fixed source checkpoint
Qwen3-8B/metamath/seed43	magicoder	family_macro	scalar_e minus flat_e	new_success_rate	0.0	0.0	0.0	2000	2000	paired test samples conditional on one fixed source checkpoint
Qwen3-8B/metamath/seed43	magicoder	family_macro	scalar_e minus flat_e	new_damage_rate	-0.006097560975609756	-0.01829268292682927	0.0	2000	2000	paired test samples conditional on one fixed source checkpoint
Qwen3-8B/metamath/seed43	metamath	family_macro	hns_f4_s1 minus scalar_e	recovery_rate	-0.007692307692307776	-0.07692307692307687	0.0625	2000	2000	paired test samples conditional on one fixed source checkpoint
Qwen3-8B/metamath/seed43	metamath	family_macro	hns_f4_s1 minus scalar_e	retention_rate	0.028037383177570097	-0.05319148936170204	0.11290673211781205	2000	2000	paired test samples conditional on one fixed source checkpoint
Qwen3-8B/metamath/seed43	metamath	family_macro	hns_f4_s1 minus scalar_e	new_success_rate	0.0007581501137225184	-0.003790750568612585	0.005307050796057619	2000	2000	paired test samples conditional on one fixed source checkpoint
Qwen3-8B/metamath/seed43	metamath	family_macro	hns_f4_s1 minus scalar_e	new_damage_rate	-0.004548900682335103	-0.012130401819560273	0.0030326004548900665	2000	2000	paired test samples conditional on one fixed source checkpoint
Qwen3-8B/metamath/seed43	metamath	family_macro	hns_f4_s1 minus flat_e	recovery_rate	0.023076923076922995	0.0	0.05185990338164243	2000	2000	paired test samples conditional on one fixed source checkpoint
Qwen3-8B/metamath/seed43	metamath	family_macro	hns_f4_s1 minus flat_e	retention_rate	-0.04672897196261683	-0.09090909090909094	-0.010201504844362011	2000	2000	paired test samples conditional on one fixed source checkpoint
Qwen3-8B/metamath/seed43	metamath	family_macro	hns_f4_s1 minus flat_e	new_success_rate	0.0	-0.0022744503411675507	0.0022744503411675516	2000	2000	paired test samples conditional on one fixed source checkpoint
Qwen3-8B/metamath/seed43	metamath	family_macro	hns_f4_s1 minus flat_e	new_damage_rate	0.003790750568612583	0.0	0.007581501137225171	2000	2000	paired test samples conditional on one fixed source checkpoint
Qwen3-8B/metamath/seed43	metamath	family_macro	scalar_e minus flat_e	recovery_rate	0.03076923076923077	-0.04580327754044398	0.10526315789473684	2000	2000	paired test samples conditional on one fixed source checkpoint
Qwen3-8B/metamath/seed43	metamath	family_macro	scalar_e minus flat_e	retention_rate	-0.07476635514018692	-0.1555601092896175	0.0	2000	2000	paired test samples conditional on one fixed source checkpoint
Qwen3-8B/metamath/seed43	metamath	family_macro	scalar_e minus flat_e	new_success_rate	-0.0007581501137225184	-0.004548900682335103	0.003032600454890068	2000	2000	paired test samples conditional on one fixed source checkpoint
Qwen3-8B/metamath/seed43	metamath	family_macro	scalar_e minus flat_e	new_damage_rate	0.008339651250947686	0.0007581501137225166	0.016679302501895376	2000	2000	paired test samples conditional on one fixed source checkpoint
Qwen3-8B/metamath/seed43	tulu	family_macro	hns_f4_s1 minus scalar_e	recovery_rate	0.04255319148936165	-0.07272727272727275	0.1578947368421053	2000	2000	paired test samples conditional on one fixed source checkpoint
Qwen3-8B/metamath/seed43	tulu	family_macro	hns_f4_s1 minus scalar_e	retention_rate	0.05555555555555558	-0.08333333333333331	0.1875	2000	2000	paired test samples conditional on one fixed source checkpoint
Qwen3-8B/metamath/seed43	tulu	family_macro	hns_f4_s1 minus scalar_e	new_success_rate	0.0	-0.011090573012939003	0.011090573012939003	2000	2000	paired test samples conditional on one fixed source checkpoint
Qwen3-8B/metamath/seed43	tulu	family_macro	hns_f4_s1 minus scalar_e	new_damage_rate	-0.005545286506469498	-0.018484288354898334	0.005545286506469502	2000	2000	paired test samples conditional on one fixed source checkpoint
Qwen3-8B/metamath/seed43	tulu	family_macro	hns_f4_s1 minus flat_e	recovery_rate	-0.021276595744680882	-0.11540697674418608	0.07273835920177368	2000	2000	paired test samples conditional on one fixed source checkpoint
Qwen3-8B/metamath/seed43	tulu	family_macro	hns_f4_s1 minus flat_e	retention_rate	-0.05555555555555547	-0.17859432234432238	0.05006578947368389	2000	2000	paired test samples conditional on one fixed source checkpoint
Qwen3-8B/metamath/seed43	tulu	family_macro	hns_f4_s1 minus flat_e	new_success_rate	0.0036968576709796655	-0.0036968576709796655	0.011090573012939002	2000	2000	paired test samples conditional on one fixed source checkpoint
Qwen3-8B/metamath/seed43	tulu	family_macro	hns_f4_s1 minus flat_e	new_damage_rate	-0.005545286506469498	-0.014787430683918672	0.003696857670979669	2000	2000	paired test samples conditional on one fixed source checkpoint
Qwen3-8B/metamath/seed43	tulu	family_macro	scalar_e minus flat_e	recovery_rate	-0.06382978723404253	-0.18967569786535307	0.05885294117647044	2000	2000	paired test samples conditional on one fixed source checkpoint
Qwen3-8B/metamath/seed43	tulu	family_macro	scalar_e minus flat_e	retention_rate	-0.11111111111111105	-0.25	0.022234848484848448	2000	2000	paired test samples conditional on one fixed source checkpoint
Qwen3-8B/metamath/seed43	tulu	family_macro	scalar_e minus flat_e	new_success_rate	0.0036968576709796655	-0.009242144177449167	0.014787430683918672	2000	2000	paired test samples conditional on one fixed source checkpoint
Qwen3-8B/metamath/seed43	tulu	family_macro	scalar_e minus flat_e	new_damage_rate	0.0	-0.012939001848428836	0.012939001848428836	2000	2000	paired test samples conditional on one fixed source checkpoint
Qwen3-8B/metamath/seed43	commonsense	family_macro	hns_f4_s1 minus scalar_e	recovery_rate	0.011279374499655104	-0.018711716077498164	0.03875205486626692	2000	2000	paired test samples conditional on one fixed source checkpoint
Qwen3-8B/metamath/seed43	commonsense	family_macro	hns_f4_s1 minus scalar_e	retention_rate	-0.014294288751353967	-0.04162836060333206	0.012147168411331703	2000	2000	paired test samples conditional on one fixed source checkpoint
Qwen3-8B/metamath/seed43	commonsense	family_macro	hns_f4_s1 minus scalar_e	new_success_rate	0.0008260668713321786	-0.00021447344797071992	0.0018496011245383566	2000	2000	paired test samples conditional on one fixed source checkpoint
Qwen3-8B/metamath/seed43	commonsense	family_macro	hns_f4_s1 minus scalar_e	new_damage_rate	0.0006765666781213373	1.5716764305027633e-05	0.0013729190161639968	2000	2000	paired test samples conditional on one fixed source checkpoint
Qwen3-8B/metamath/seed43	commonsense	family_macro	hns_f4_s1 minus flat_e	recovery_rate	-0.0012243904886157786	-0.01143465522365974	0.008782853625306546	2000	2000	paired test samples conditional on one fixed source checkpoint
Qwen3-8B/metamath/seed43	commonsense	family_macro	hns_f4_s1 minus flat_e	retention_rate	0.003074634736633164	-0.00721176919023786	0.014040991900551027	2000	2000	paired test samples conditional on one fixed source checkpoint
Qwen3-8B/metamath/seed43	commonsense	family_macro	hns_f4_s1 minus flat_e	new_success_rate	-0.00013952326396118354	-0.0004787095745460401	0.00021689446618488464	2000	2000	paired test samples conditional on one fixed source checkpoint
Qwen3-8B/metamath/seed43	commonsense	family_macro	hns_f4_s1 minus flat_e	new_damage_rate	6.799270144858347e-05	-0.0002604702418401144	0.0004090313789007827	2000	2000	paired test samples conditional on one fixed source checkpoint
Qwen3-8B/metamath/seed43	commonsense	family_macro	scalar_e minus flat_e	recovery_rate	-0.012503764988270882	-0.03955001395492825	0.01661551334973871	2000	2000	paired test samples conditional on one fixed source checkpoint
Qwen3-8B/metamath/seed43	commonsense	family_macro	scalar_e minus flat_e	retention_rate	0.01736892348798713	-0.009329672453143024	0.04480457920001335	2000	2000	paired test samples conditional on one fixed source checkpoint
Qwen3-8B/metamath/seed43	commonsense	family_macro	scalar_e minus flat_e	new_success_rate	-0.0009655901352933621	-0.0019204264528476709	4.1461585636482066e-05	2000	2000	paired test samples conditional on one fixed source checkpoint
Qwen3-8B/metamath/seed43	commonsense	family_macro	scalar_e minus flat_e	new_damage_rate	-0.0006085739766727538	-0.0012956253795689252	1.070191882349149e-05	2000	2000	paired test samples conditional on one fixed source checkpoint
Qwen3-8B/metamath/seed43	all	checkpoint_macro	hns_f4_s1 minus scalar_e	recovery_rate	0.03931284235195509	-0.0027907147777980396	0.08077967224248492	2000	2000	paired test samples conditional on one fixed source checkpoint
Qwen3-8B/metamath/seed43	all	checkpoint_macro	hns_f4_s1 minus scalar_e	retention_rate	0.07414284431362472	0.01693514801761507	0.13508162936627546	2000	2000	paired test samples conditional on one fixed source checkpoint
Qwen3-8B/metamath/seed43	all	checkpoint_macro	hns_f4_s1 minus scalar_e	new_success_rate	0.0019204444901661129	-0.0021704144534355624	0.006492549137398222	2000	2000	paired test samples conditional on one fixed source checkpoint
Qwen3-8B/metamath/seed43	all	checkpoint_macro	hns_f4_s1 minus scalar_e	new_damage_rate	-0.0008300148837683766	-0.005312814884785128	0.004369712545800728	2000	2000	paired test samples conditional on one fixed source checkpoint
Qwen3-8B/metamath/seed43	all	checkpoint_macro	hns_f4_s1 minus flat_e	recovery_rate	-0.006800460233537642	-0.03681632408423941	0.020010053557497853	2000	2000	paired test samples conditional on one fixed source checkpoint
Qwen3-8B/metamath/seed43	all	checkpoint_macro	hns_f4_s1 minus flat_e	retention_rate	-0.024802473195384755	-0.058042485332962704	0.0025188176940579444	2000	2000	paired test samples conditional on one fixed source checkpoint
Qwen3-8B/metamath/seed43	all	checkpoint_macro	hns_f4_s1 minus flat_e	new_success_rate	0.002413723845657058	-0.000528252059531916	0.0063265602750699566	2000	2000	paired test samples conditional on one fixed source checkpoint
Qwen3-8B/metamath/seed43	all	checkpoint_macro	hns_f4_s1 minus flat_e	new_damage_rate	-0.000421635809102084	-0.0030649935877264745	0.0021477196624290033	2000	2000	paired test samples conditional on one fixed source checkpoint
Qwen3-8B/metamath/seed43	all	checkpoint_macro	scalar_e minus flat_e	recovery_rate	-0.04611330258549273	-0.09264818891943874	0.0013011215644575544	2000	2000	paired test samples conditional on one fixed source checkpoint
Qwen3-8B/metamath/seed43	all	checkpoint_macro	scalar_e minus flat_e	retention_rate	-0.09894531750900948	-0.16089919848333406	-0.04409161736814086	2000	2000	paired test samples conditional on one fixed source checkpoint
Qwen3-8B/metamath/seed43	all	checkpoint_macro	scalar_e minus flat_e	new_success_rate	0.000493279355490945	-0.0026164671590648485	0.0036746773232550043	2000	2000	paired test samples conditional on one fixed source checkpoint
Qwen3-8B/metamath/seed43	all	checkpoint_macro	scalar_e minus flat_e	new_damage_rate	0.0004083790746662926	-0.0051214983846836985	0.005138157252630907	2000	2000	paired test samples conditional on one fixed source checkpoint
Qwen3-8B/metamath/seed43	target	checkpoint_macro	hns_f4_s1 minus scalar_e	recovery_rate	-0.007692307692307776	-0.07692307692307687	0.0625	2000	2000	paired test samples conditional on one fixed source checkpoint
Qwen3-8B/metamath/seed43	target	checkpoint_macro	hns_f4_s1 minus scalar_e	retention_rate	0.028037383177570097	-0.05319148936170204	0.11290673211781205	2000	2000	paired test samples conditional on one fixed source checkpoint
Qwen3-8B/metamath/seed43	target	checkpoint_macro	hns_f4_s1 minus scalar_e	new_success_rate	0.0007581501137225184	-0.003790750568612585	0.005307050796057619	2000	2000	paired test samples conditional on one fixed source checkpoint
Qwen3-8B/metamath/seed43	target	checkpoint_macro	hns_f4_s1 minus scalar_e	new_damage_rate	-0.004548900682335103	-0.012130401819560273	0.0030326004548900665	2000	2000	paired test samples conditional on one fixed source checkpoint
Qwen3-8B/metamath/seed43	target	checkpoint_macro	hns_f4_s1 minus flat_e	recovery_rate	0.023076923076922995	0.0	0.05185990338164243	2000	2000	paired test samples conditional on one fixed source checkpoint
Qwen3-8B/metamath/seed43	target	checkpoint_macro	hns_f4_s1 minus flat_e	retention_rate	-0.04672897196261683	-0.09090909090909094	-0.010201504844362011	2000	2000	paired test samples conditional on one fixed source checkpoint
Qwen3-8B/metamath/seed43	target	checkpoint_macro	hns_f4_s1 minus flat_e	new_success_rate	0.0	-0.0022744503411675507	0.0022744503411675516	2000	2000	paired test samples conditional on one fixed source checkpoint
Qwen3-8B/metamath/seed43	target	checkpoint_macro	hns_f4_s1 minus flat_e	new_damage_rate	0.003790750568612583	0.0	0.007581501137225171	2000	2000	paired test samples conditional on one fixed source checkpoint
Qwen3-8B/metamath/seed43	target	checkpoint_macro	scalar_e minus flat_e	recovery_rate	0.03076923076923077	-0.04580327754044398	0.10526315789473684	2000	2000	paired test samples conditional on one fixed source checkpoint
Qwen3-8B/metamath/seed43	target	checkpoint_macro	scalar_e minus flat_e	retention_rate	-0.07476635514018692	-0.1555601092896175	0.0	2000	2000	paired test samples conditional on one fixed source checkpoint
Qwen3-8B/metamath/seed43	target	checkpoint_macro	scalar_e minus flat_e	new_success_rate	-0.0007581501137225184	-0.004548900682335103	0.003032600454890068	2000	2000	paired test samples conditional on one fixed source checkpoint
Qwen3-8B/metamath/seed43	target	checkpoint_macro	scalar_e minus flat_e	new_damage_rate	0.008339651250947686	0.0007581501137225166	0.016679302501895376	2000	2000	paired test samples conditional on one fixed source checkpoint
Qwen3-8B/metamath/seed43	off_task	checkpoint_macro	hns_f4_s1 minus scalar_e	recovery_rate	0.0549812257000426	0.0034805235477430177	0.10709848288933327	2000	2000	paired test samples conditional on one fixed source checkpoint
Qwen3-8B/metamath/seed43	off_task	checkpoint_macro	hns_f4_s1 minus scalar_e	retention_rate	0.08951133135897626	0.018878191256319746	0.16953056691846904	2000	2000	paired test samples conditional on one fixed source checkpoint
Qwen3-8B/metamath/seed43	off_task	checkpoint_macro	hns_f4_s1 minus scalar_e	new_success_rate	0.0023078759489806484	-0.002802182694162412	0.008209936744128248	2000	2000	paired test samples conditional on one fixed source checkpoint
Qwen3-8B/metamath/seed43	off_task	checkpoint_macro	hns_f4_s1 minus scalar_e	new_damage_rate	0.0004096137157538673	-0.004780468454279831	0.006585459590188687	2000	2000	paired test samples conditional on one fixed source checkpoint
Qwen3-8B/metamath/seed43	off_task	checkpoint_macro	hns_f4_s1 minus flat_e	recovery_rate	-0.016759588003691483	-0.055570230409773484	0.017471553318827868	2000	2000	paired test samples conditional on one fixed source checkpoint
Qwen3-8B/metamath/seed43	off_task	checkpoint_macro	hns_f4_s1 minus flat_e	retention_rate	-0.017493640272974065	-0.05819261851781877	0.017112875282619976	2000	2000	paired test samples conditional on one fixed source checkpoint
Qwen3-8B/metamath/seed43	off_task	checkpoint_macro	hns_f4_s1 minus flat_e	new_success_rate	0.0032182984608760817	-0.0006499745364500374	0.008393390434280617	2000	2000	paired test samples conditional on one fixed source checkpoint
Qwen3-8B/metamath/seed43	off_task	checkpoint_macro	hns_f4_s1 minus flat_e	new_damage_rate	-0.0018257646016736368	-0.004980386939218377	0.0012660893743527129	2000	2000	paired test samples conditional on one fixed source checkpoint
Qwen3-8B/metamath/seed43	off_task	checkpoint_macro	scalar_e minus flat_e	recovery_rate	-0.07174081370373409	-0.1318629441386315	-0.01603371241250226	2000	2000	paired test samples conditional on one fixed source checkpoint
Qwen3-8B/metamath/seed43	off_task	checkpoint_macro	scalar_e minus flat_e	retention_rate	-0.10700497163195033	-0.18638650485660324	-0.03921946470932822	2000	2000	paired test samples conditional on one fixed source checkpoint
Qwen3-8B/metamath/seed43	off_task	checkpoint_macro	scalar_e minus flat_e	new_success_rate	0.0009104225118954333	-0.003199841146450262	0.00478413208502619	2000	2000	paired test samples conditional on one fixed source checkpoint
Qwen3-8B/metamath/seed43	off_task	checkpoint_macro	scalar_e minus flat_e	new_damage_rate	-0.002235378317427504	-0.00880225178941389	0.003426787390701578	2000	2000	paired test samples conditional on one fixed source checkpoint
Qwen3-8B/metamath/seed44	magicoder	family_macro	hns_f4_s1 minus scalar_e	recovery_rate	0.125	0.04250976986539292	0.22413793103448276	2000	2000	paired test samples conditional on one fixed source checkpoint
Qwen3-8B/metamath/seed44	magicoder	family_macro	hns_f4_s1 minus scalar_e	retention_rate	-0.1428571428571429	-0.42857142857142855	0.125	2000	2000	paired test samples conditional on one fixed source checkpoint
Qwen3-8B/metamath/seed44	magicoder	family_macro	hns_f4_s1 minus scalar_e	new_success_rate	0.012195121951219516	0.0	0.030487804878048787	2000	2000	paired test samples conditional on one fixed source checkpoint
Qwen3-8B/metamath/seed44	magicoder	family_macro	hns_f4_s1 minus scalar_e	new_damage_rate	0.0	-0.024390243902439025	0.024390243902439022	2000	2000	paired test samples conditional on one fixed source checkpoint
Qwen3-8B/metamath/seed44	magicoder	family_macro	hns_f4_s1 minus flat_e	recovery_rate	0.0	-0.051724137931034475	0.051724137931034475	2000	2000	paired test samples conditional on one fixed source checkpoint
Qwen3-8B/metamath/seed44	magicoder	family_macro	hns_f4_s1 minus flat_e	retention_rate	0.07142857142857145	0.0	0.23529411764705882	2000	2000	paired test samples conditional on one fixed source checkpoint
Qwen3-8B/metamath/seed44	magicoder	family_macro	hns_f4_s1 minus flat_e	new_success_rate	0.0	0.0	0.0	2000	2000	paired test samples conditional on one fixed source checkpoint
Qwen3-8B/metamath/seed44	magicoder	family_macro	hns_f4_s1 minus flat_e	new_damage_rate	0.0	0.0	0.0	2000	2000	paired test samples conditional on one fixed source checkpoint
Qwen3-8B/metamath/seed44	magicoder	family_macro	scalar_e minus flat_e	recovery_rate	-0.125	-0.21741106719367587	-0.049180327868852514	2000	2000	paired test samples conditional on one fixed source checkpoint
Qwen3-8B/metamath/seed44	magicoder	family_macro	scalar_e minus flat_e	retention_rate	0.21428571428571436	0.0	0.45454545454545453	2000	2000	paired test samples conditional on one fixed source checkpoint
Qwen3-8B/metamath/seed44	magicoder	family_macro	scalar_e minus flat_e	new_success_rate	-0.012195121951219516	-0.030487804878048787	0.0	2000	2000	paired test samples conditional on one fixed source checkpoint
Qwen3-8B/metamath/seed44	magicoder	family_macro	scalar_e minus flat_e	new_damage_rate	0.0	-0.024390243902439022	0.024390243902439025	2000	2000	paired test samples conditional on one fixed source checkpoint
Qwen3-8B/metamath/seed44	metamath	family_macro	hns_f4_s1 minus scalar_e	recovery_rate	-0.0390625	-0.10950411839549988	0.029417211328976012	2000	2000	paired test samples conditional on one fixed source checkpoint
Qwen3-8B/metamath/seed44	metamath	family_macro	hns_f4_s1 minus scalar_e	retention_rate	0.09523809523809523	0.020403009688723994	0.16842105263157892	2000	2000	paired test samples conditional on one fixed source checkpoint
Qwen3-8B/metamath/seed44	metamath	family_macro	hns_f4_s1 minus scalar_e	new_success_rate	0.0022744503411675516	-0.0022744503411675516	0.006823351023502655	2000	2000	paired test samples conditional on one fixed source checkpoint
Qwen3-8B/metamath/seed44	metamath	family_macro	hns_f4_s1 minus scalar_e	new_damage_rate	-0.01364670204700531	-0.022744503411675512	-0.00530705079605762	2000	2000	paired test samples conditional on one fixed source checkpoint
Qwen3-8B/metamath/seed44	metamath	family_macro	hns_f4_s1 minus flat_e	recovery_rate	0.0078125	-0.01667016806722694	0.03636695421366953	2000	2000	paired test samples conditional on one fixed source checkpoint
Qwen3-8B/metamath/seed44	metamath	family_macro	hns_f4_s1 minus flat_e	retention_rate	-0.01904761904761909	-0.04901960784313719	0.0	2000	2000	paired test samples conditional on one fixed source checkpoint
Qwen3-8B/metamath/seed44	metamath	family_macro	hns_f4_s1 minus flat_e	new_success_rate	0.0007581501137225166	0.0	0.0022744503411675516	2000	2000	paired test samples conditional on one fixed source checkpoint
Qwen3-8B/metamath/seed44	metamath	family_macro	hns_f4_s1 minus flat_e	new_damage_rate	0.00227445034116755	-0.0015163002274450332	0.006065200909780138	2000	2000	paired test samples conditional on one fixed source checkpoint
Qwen3-8B/metamath/seed44	metamath	family_macro	scalar_e minus flat_e	recovery_rate	0.046875	-0.02190183555173892	0.11965811965811968	2000	2000	paired test samples conditional on one fixed source checkpoint
Qwen3-8B/metamath/seed44	metamath	family_macro	scalar_e minus flat_e	retention_rate	-0.11428571428571432	-0.18868448637316568	-0.04423808414842417	2000	2000	paired test samples conditional on one fixed source checkpoint
Qwen3-8B/metamath/seed44	metamath	family_macro	scalar_e minus flat_e	new_success_rate	-0.001516300227445035	-0.006065200909780137	0.003032600454890068	2000	2000	paired test samples conditional on one fixed source checkpoint
Qwen3-8B/metamath/seed44	metamath	family_macro	scalar_e minus flat_e	new_damage_rate	0.01592115238817286	0.00758150113722517	0.024260803639120546	2000	2000	paired test samples conditional on one fixed source checkpoint
Qwen3-8B/metamath/seed44	tulu	family_macro	hns_f4_s1 minus scalar_e	recovery_rate	-0.0434782608695653	-0.15557291666666667	0.08109487038058465	2000	2000	paired test samples conditional on one fixed source checkpoint
Qwen3-8B/metamath/seed44	tulu	family_macro	hns_f4_s1 minus scalar_e	retention_rate	0.06666666666666665	-0.11544117647058816	0.25809438470728774	2000	2000	paired test samples conditional on one fixed source checkpoint
Qwen3-8B/metamath/seed44	tulu	family_macro	hns_f4_s1 minus scalar_e	new_success_rate	0.003696857670979669	-0.007393715341959338	0.014787430683918669	2000	2000	paired test samples conditional on one fixed source checkpoint
Qwen3-8B/metamath/seed44	tulu	family_macro	hns_f4_s1 minus scalar_e	new_damage_rate	0.0036968576709796655	-0.012939001848428836	0.022181146025878	2000	2000	paired test samples conditional on one fixed source checkpoint
Qwen3-8B/metamath/seed44	tulu	family_macro	hns_f4_s1 minus flat_e	recovery_rate	-0.021739130434782705	-0.11433554817275751	0.0727383592017738	2000	2000	paired test samples conditional on one fixed source checkpoint
Qwen3-8B/metamath/seed44	tulu	family_macro	hns_f4_s1 minus flat_e	retention_rate	0.033333333333333326	-0.07407407407407407	0.1515151515151515	2000	2000	paired test samples conditional on one fixed source checkpoint
Qwen3-8B/metamath/seed44	tulu	family_macro	hns_f4_s1 minus flat_e	new_success_rate	-0.0073937153419593345	-0.018484288354898334	0.0018484288354898362	2000	2000	paired test samples conditional on one fixed source checkpoint
Qwen3-8B/metamath/seed44	tulu	family_macro	hns_f4_s1 minus flat_e	new_damage_rate	0.005545286506469502	-0.0036968576709796724	0.016635859519408505	2000	2000	paired test samples conditional on one fixed source checkpoint
Qwen3-8B/metamath/seed44	tulu	family_macro	scalar_e minus flat_e	recovery_rate	0.021739130434782594	-0.07697368421052626	0.11904761904761907	2000	2000	paired test samples conditional on one fixed source checkpoint
Qwen3-8B/metamath/seed44	tulu	family_macro	scalar_e minus flat_e	retention_rate	-0.033333333333333326	-0.21739130434782605	0.13888888888888884	2000	2000	paired test samples conditional on one fixed source checkpoint
Qwen3-8B/metamath/seed44	tulu	family_macro	scalar_e minus flat_e	new_success_rate	-0.011090573012939003	-0.022181146025878	-0.0018484288354898327	2000	2000	paired test samples conditional on one fixed source checkpoint
Qwen3-8B/metamath/seed44	tulu	family_macro	scalar_e minus flat_e	new_damage_rate	0.0018484288354898362	-0.012939001848428833	0.0166358595194085	2000	2000	paired test samples conditional on one fixed source checkpoint
Qwen3-8B/metamath/seed44	commonsense	family_macro	hns_f4_s1 minus scalar_e	recovery_rate	0.003969168997412842	-0.028794323125113267	0.039399894185619525	2000	2000	paired test samples conditional on one fixed source checkpoint
Qwen3-8B/metamath/seed44	commonsense	family_macro	hns_f4_s1 minus scalar_e	retention_rate	-0.013290773729638383	-0.03458559575110757	0.009028850371990839	2000	2000	paired test samples conditional on one fixed source checkpoint
Qwen3-8B/metamath/seed44	commonsense	family_macro	hns_f4_s1 minus scalar_e	new_success_rate	0.0006668331383308627	-0.00024518895118181254	0.0015763983934477105	2000	2000	paired test samples conditional on one fixed source checkpoint
Qwen3-8B/metamath/seed44	commonsense	family_macro	hns_f4_s1 minus scalar_e	new_damage_rate	0.0008183286592458564	0.00012094484401070344	0.0016407357537308687	2000	2000	paired test samples conditional on one fixed source checkpoint
Qwen3-8B/metamath/seed44	commonsense	family_macro	hns_f4_s1 minus flat_e	recovery_rate	0.013403920348267317	0.0017822174878708243	0.027246914456612575	2000	2000	paired test samples conditional on one fixed source checkpoint
Qwen3-8B/metamath/seed44	commonsense	family_macro	hns_f4_s1 minus flat_e	retention_rate	-0.0009323625056759655	-0.011905917895653756	0.010889435514533776	2000	2000	paired test samples conditional on one fixed source checkpoint
Qwen3-8B/metamath/seed44	commonsense	family_macro	hns_f4_s1 minus flat_e	new_success_rate	-0.00018307710123364324	-0.0009179602370883435	0.00037927741987001584	2000	2000	paired test samples conditional on one fixed source checkpoint
Qwen3-8B/metamath/seed44	commonsense	family_macro	hns_f4_s1 minus flat_e	new_damage_rate	-0.00020796978967501344	-0.0005181919989045612	3.999258161592859e-05	2000	2000	paired test samples conditional on one fixed source checkpoint
Qwen3-8B/metamath/seed44	commonsense	family_macro	scalar_e minus flat_e	recovery_rate	0.009434751350854476	-0.027006957876193085	0.04384080797274608	2000	2000	paired test samples conditional on one fixed source checkpoint
Qwen3-8B/metamath/seed44	commonsense	family_macro	scalar_e minus flat_e	retention_rate	0.012358411223962418	-0.009990392564813027	0.03479981702910217	2000	2000	paired test samples conditional on one fixed source checkpoint
Qwen3-8B/metamath/seed44	commonsense	family_macro	scalar_e minus flat_e	new_success_rate	-0.000849910239564506	-0.001962045710933043	0.00015615893465603087	2000	2000	paired test samples conditional on one fixed source checkpoint
Qwen3-8B/metamath/seed44	commonsense	family_macro	scalar_e minus flat_e	new_damage_rate	-0.0010262984489208698	-0.0018336095866206888	-0.00035323892098191434	2000	2000	paired test samples conditional on one fixed source checkpoint
Qwen3-8B/metamath/seed44	all	checkpoint_macro	hns_f4_s1 minus scalar_e	recovery_rate	0.011607102031962024	-0.027661116840198778	0.05327784153373674	2000	2000	paired test samples conditional on one fixed source checkpoint
Qwen3-8B/metamath/seed44	all	checkpoint_macro	hns_f4_s1 minus scalar_e	retention_rate	0.0014392113294952047	-0.08633908410601751	0.08803302338792504	2000	2000	paired test samples conditional on one fixed source checkpoint
Qwen3-8B/metamath/seed44	all	checkpoint_macro	hns_f4_s1 minus scalar_e	new_success_rate	0.004708315775424399	-1.7913496438558813e-05	0.01053151716791217	2000	2000	paired test samples conditional on one fixed source checkpoint
Qwen3-8B/metamath/seed44	all	checkpoint_macro	hns_f4_s1 minus scalar_e	new_damage_rate	-0.0022828789291949453	-0.00993186867795416	0.0053805546817254	2000	2000	paired test samples conditional on one fixed source checkpoint
Qwen3-8B/metamath/seed44	all	checkpoint_macro	hns_f4_s1 minus flat_e	recovery_rate	-0.00013067752162865265	-0.02787459134553344	0.028146309324375295	2000	2000	paired test samples conditional on one fixed source checkpoint
Qwen3-8B/metamath/seed44	all	checkpoint_macro	hns_f4_s1 minus flat_e	retention_rate	0.0211954808021525	-0.018314118770362882	0.07069975020900361	2000	2000	paired test samples conditional on one fixed source checkpoint
Qwen3-8B/metamath/seed44	all	checkpoint_macro	hns_f4_s1 minus flat_e	new_success_rate	-0.0017046605823676127	-0.004353233665402957	0.0007808820689684758	2000	2000	paired test samples conditional on one fixed source checkpoint
Qwen3-8B/metamath/seed44	all	checkpoint_macro	hns_f4_s1 minus flat_e	new_damage_rate	0.0019029417644905143	-0.0007387747840483218	0.004863173198209413	2000	2000	paired test samples conditional on one fixed source checkpoint
Qwen3-8B/metamath/seed44	all	checkpoint_macro	scalar_e minus flat_e	recovery_rate	-0.011737779553590677	-0.049072563130580595	0.024092464279053802	2000	2000	paired test samples conditional on one fixed source checkpoint
Qwen3-8B/metamath/seed44	all	checkpoint_macro	scalar_e minus flat_e	retention_rate	0.019756269472657295	-0.05030958592189711	0.09562586903194342	2000	2000	paired test samples conditional on one fixed source checkpoint
Qwen3-8B/metamath/seed44	all	checkpoint_macro	scalar_e minus flat_e	new_success_rate	-0.006412976357792012	-0.012009932976410226	-0.0019232610729913696	2000	2000	paired test samples conditional on one fixed source checkpoint
Qwen3-8B/metamath/seed44	all	checkpoint_macro	scalar_e minus flat_e	new_damage_rate	0.00418582069368546	-0.002701129736475517	0.011830259538189978	2000	2000	paired test samples conditional on one fixed source checkpoint
Qwen3-8B/metamath/seed44	target	checkpoint_macro	hns_f4_s1 minus scalar_e	recovery_rate	-0.0390625	-0.10950411839549988	0.029417211328976012	2000	2000	paired test samples conditional on one fixed source checkpoint
Qwen3-8B/metamath/seed44	target	checkpoint_macro	hns_f4_s1 minus scalar_e	retention_rate	0.09523809523809523	0.020403009688723994	0.16842105263157892	2000	2000	paired test samples conditional on one fixed source checkpoint
Qwen3-8B/metamath/seed44	target	checkpoint_macro	hns_f4_s1 minus scalar_e	new_success_rate	0.0022744503411675516	-0.0022744503411675516	0.006823351023502655	2000	2000	paired test samples conditional on one fixed source checkpoint
Qwen3-8B/metamath/seed44	target	checkpoint_macro	hns_f4_s1 minus scalar_e	new_damage_rate	-0.01364670204700531	-0.022744503411675512	-0.00530705079605762	2000	2000	paired test samples conditional on one fixed source checkpoint
Qwen3-8B/metamath/seed44	target	checkpoint_macro	hns_f4_s1 minus flat_e	recovery_rate	0.0078125	-0.01667016806722694	0.03636695421366953	2000	2000	paired test samples conditional on one fixed source checkpoint
Qwen3-8B/metamath/seed44	target	checkpoint_macro	hns_f4_s1 minus flat_e	retention_rate	-0.01904761904761909	-0.04901960784313719	0.0	2000	2000	paired test samples conditional on one fixed source checkpoint
Qwen3-8B/metamath/seed44	target	checkpoint_macro	hns_f4_s1 minus flat_e	new_success_rate	0.0007581501137225166	0.0	0.0022744503411675516	2000	2000	paired test samples conditional on one fixed source checkpoint
Qwen3-8B/metamath/seed44	target	checkpoint_macro	hns_f4_s1 minus flat_e	new_damage_rate	0.00227445034116755	-0.0015163002274450332	0.006065200909780138	2000	2000	paired test samples conditional on one fixed source checkpoint
Qwen3-8B/metamath/seed44	target	checkpoint_macro	scalar_e minus flat_e	recovery_rate	0.046875	-0.02190183555173892	0.11965811965811968	2000	2000	paired test samples conditional on one fixed source checkpoint
Qwen3-8B/metamath/seed44	target	checkpoint_macro	scalar_e minus flat_e	retention_rate	-0.11428571428571432	-0.18868448637316568	-0.04423808414842417	2000	2000	paired test samples conditional on one fixed source checkpoint
Qwen3-8B/metamath/seed44	target	checkpoint_macro	scalar_e minus flat_e	new_success_rate	-0.001516300227445035	-0.006065200909780137	0.003032600454890068	2000	2000	paired test samples conditional on one fixed source checkpoint
Qwen3-8B/metamath/seed44	target	checkpoint_macro	scalar_e minus flat_e	new_damage_rate	0.01592115238817286	0.00758150113722517	0.024260803639120546	2000	2000	paired test samples conditional on one fixed source checkpoint
Qwen3-8B/metamath/seed44	off_task	checkpoint_macro	hns_f4_s1 minus scalar_e	recovery_rate	0.028496969375949144	-0.01867485059798838	0.08133298050679001	2000	2000	paired test samples conditional on one fixed source checkpoint
Qwen3-8B/metamath/seed44	off_task	checkpoint_macro	hns_f4_s1 minus scalar_e	retention_rate	-0.029827083306704805	-0.1420437349601139	0.08194526894585856	2000	2000	paired test samples conditional on one fixed source checkpoint
Qwen3-8B/metamath/seed44	off_task	checkpoint_macro	hns_f4_s1 minus scalar_e	new_success_rate	0.005519604253510019	-0.0006983123828813742	0.012718599998720841	2000	2000	paired test samples conditional on one fixed source checkpoint
Qwen3-8B/metamath/seed44	off_task	checkpoint_macro	hns_f4_s1 minus scalar_e	new_damage_rate	0.0015050621100751727	-0.008123291612473242	0.011292836250313196	2000	2000	paired test samples conditional on one fixed source checkpoint
Qwen3-8B/metamath/seed44	off_task	checkpoint_macro	hns_f4_s1 minus flat_e	recovery_rate	-0.002778403362171833	-0.03736404060186252	0.033490132327781294	2000	2000	paired test samples conditional on one fixed source checkpoint
Qwen3-8B/metamath/seed44	off_task	checkpoint_macro	hns_f4_s1 minus flat_e	retention_rate	0.034609847418742956	-0.016551845571594347	0.09983008069859987	2000	2000	paired test samples conditional on one fixed source checkpoint
Qwen3-8B/metamath/seed44	off_task	checkpoint_macro	hns_f4_s1 minus flat_e	new_success_rate	-0.0025255974810643247	-0.0061511969113318445	0.0006471542897935497	2000	2000	paired test samples conditional on one fixed source checkpoint
Qwen3-8B/metamath/seed44	off_task	checkpoint_macro	hns_f4_s1 minus flat_e	new_damage_rate	0.0017791055722648288	-0.001405246724877439	0.005501760431275545	2000	2000	paired test samples conditional on one fixed source checkpoint
Qwen3-8B/metamath/seed44	off_task	checkpoint_macro	scalar_e minus flat_e	recovery_rate	-0.03127537273812098	-0.07535587543504522	0.011871798810911762	2000	2000	paired test samples conditional on one fixed source checkpoint
Qwen3-8B/metamath/seed44	off_task	checkpoint_macro	scalar_e minus flat_e	retention_rate	0.06443693072544776	-0.02629113169227138	0.16227070436051266	2000	2000	paired test samples conditional on one fixed source checkpoint
Qwen3-8B/metamath/seed44	off_task	checkpoint_macro	scalar_e minus flat_e	new_success_rate	-0.008045201734574344	-0.015296496743877508	-0.0023010938789226124	2000	2000	paired test samples conditional on one fixed source checkpoint
Qwen3-8B/metamath/seed44	off_task	checkpoint_macro	scalar_e minus flat_e	new_damage_rate	0.0002740434621896562	-0.008959472057948033	0.009882786619512043	2000	2000	paired test samples conditional on one fixed source checkpoint
Qwen3-8B/tulu/seed42	magicoder	family_macro	hns_f4_s1 minus scalar_e	recovery_rate	0.18181818181818188	0.0	0.43767361111111014	2000	2000	paired test samples conditional on one fixed source checkpoint
Qwen3-8B/tulu/seed42	magicoder	family_macro	hns_f4_s1 minus scalar_e	retention_rate	0.07317073170731703	-0.024390243902439046	0.18425642594859223	2000	2000	paired test samples conditional on one fixed source checkpoint
Qwen3-8B/tulu/seed42	magicoder	family_macro	hns_f4_s1 minus scalar_e	new_success_rate	0.0	-0.018292682926829267	0.01829268292682927	2000	2000	paired test samples conditional on one fixed source checkpoint
Qwen3-8B/tulu/seed42	magicoder	family_macro	hns_f4_s1 minus scalar_e	new_damage_rate	-0.006097560975609755	-0.02439024390243903	0.012195121951219516	2000	2000	paired test samples conditional on one fixed source checkpoint
Qwen3-8B/tulu/seed42	magicoder	family_macro	hns_f4_s1 minus flat_e	recovery_rate	0.09090909090909094	0.0	0.33333333333333326	2000	2000	paired test samples conditional on one fixed source checkpoint
Qwen3-8B/tulu/seed42	magicoder	family_macro	hns_f4_s1 minus flat_e	retention_rate	0.04878048780487809	0.0	0.125	2000	2000	paired test samples conditional on one fixed source checkpoint
Qwen3-8B/tulu/seed42	magicoder	family_macro	hns_f4_s1 minus flat_e	new_success_rate	0.0	0.0	0.0	2000	2000	paired test samples conditional on one fixed source checkpoint
Qwen3-8B/tulu/seed42	magicoder	family_macro	hns_f4_s1 minus flat_e	new_damage_rate	0.01829268292682927	0.0	0.042682926829268296	2000	2000	paired test samples conditional on one fixed source checkpoint
Qwen3-8B/tulu/seed42	magicoder	family_macro	scalar_e minus flat_e	recovery_rate	-0.09090909090909094	-0.28571428571428575	0.0	2000	2000	paired test samples conditional on one fixed source checkpoint
Qwen3-8B/tulu/seed42	magicoder	family_macro	scalar_e minus flat_e	retention_rate	-0.024390243902438935	-0.13043478260869557	0.07504807692307662	2000	2000	paired test samples conditional on one fixed source checkpoint
Qwen3-8B/tulu/seed42	magicoder	family_macro	scalar_e minus flat_e	new_success_rate	0.0	-0.01829268292682927	0.018292682926829267	2000	2000	paired test samples conditional on one fixed source checkpoint
Qwen3-8B/tulu/seed42	magicoder	family_macro	scalar_e minus flat_e	new_damage_rate	0.024390243902439025	0.006097560975609756	0.04878048780487805	2000	2000	paired test samples conditional on one fixed source checkpoint
Qwen3-8B/tulu/seed42	metamath	family_macro	hns_f4_s1 minus scalar_e	recovery_rate	-0.051282051282051266	-0.18604651162790697	0.07499999999999996	2000	2000	paired test samples conditional on one fixed source checkpoint
Qwen3-8B/tulu/seed42	metamath	family_macro	hns_f4_s1 minus scalar_e	retention_rate	-0.024390243902439046	-0.09999999999999998	0.04819277108433728	2000	2000	paired test samples conditional on one fixed source checkpoint
Qwen3-8B/tulu/seed42	metamath	family_macro	hns_f4_s1 minus scalar_e	new_success_rate	0.0037907505686125857	-0.0007581501137225166	0.009097801364670205	2000	2000	paired test samples conditional on one fixed source checkpoint
Qwen3-8B/tulu/seed42	metamath	family_macro	hns_f4_s1 minus scalar_e	new_damage_rate	0.0	-0.006823351023502653	0.006065200909780138	2000	2000	paired test samples conditional on one fixed source checkpoint
Qwen3-8B/tulu/seed42	metamath	family_macro	hns_f4_s1 minus flat_e	recovery_rate	0.0	-0.10529115341545352	0.10346623563218385	2000	2000	paired test samples conditional on one fixed source checkpoint
Qwen3-8B/tulu/seed42	metamath	family_macro	hns_f4_s1 minus flat_e	retention_rate	-0.024390243902439046	-0.0864467592592593	0.03409090909090906	2000	2000	paired test samples conditional on one fixed source checkpoint
Qwen3-8B/tulu/seed42	metamath	family_macro	hns_f4_s1 minus flat_e	new_success_rate	0.001516300227445035	-0.001516300227445035	0.00530705079605762	2000	2000	paired test samples conditional on one fixed source checkpoint
Qwen3-8B/tulu/seed42	metamath	family_macro	hns_f4_s1 minus flat_e	new_damage_rate	-0.0015163002274450332	-0.006823351023502653	0.003790750568612583	2000	2000	paired test samples conditional on one fixed source checkpoint
Qwen3-8B/tulu/seed42	metamath	family_macro	scalar_e minus flat_e	recovery_rate	0.051282051282051266	-0.06976744186046507	0.17650326797385607	2000	2000	paired test samples conditional on one fixed source checkpoint
Qwen3-8B/tulu/seed42	metamath	family_macro	scalar_e minus flat_e	retention_rate	0.0	-0.05940888731730321	0.05797101449275355	2000	2000	paired test samples conditional on one fixed source checkpoint
Qwen3-8B/tulu/seed42	metamath	family_macro	scalar_e minus flat_e	new_success_rate	-0.0022744503411675507	-0.006823351023502654	0.001516300227445035	2000	2000	paired test samples conditional on one fixed source checkpoint
Qwen3-8B/tulu/seed42	metamath	family_macro	scalar_e minus flat_e	new_damage_rate	-0.0015163002274450332	-0.009097801364670205	0.00530705079605762	2000	2000	paired test samples conditional on one fixed source checkpoint
Qwen3-8B/tulu/seed42	tulu	family_macro	hns_f4_s1 minus scalar_e	recovery_rate	-0.15555555555555556	-0.28205128205128205	-0.02702702702702708	2000	2000	paired test samples conditional on one fixed source checkpoint
Qwen3-8B/tulu/seed42	tulu	family_macro	hns_f4_s1 minus scalar_e	retention_rate	-0.11428571428571432	-0.2777777777777777	0.041688829787233886	2000	2000	paired test samples conditional on one fixed source checkpoint
Qwen3-8B/tulu/seed42	tulu	family_macro	hns_f4_s1 minus scalar_e	new_success_rate	0.0	-0.011090573012939003	0.011090573012939002	2000	2000	paired test samples conditional on one fixed source checkpoint
Qwen3-8B/tulu/seed42	tulu	family_macro	hns_f4_s1 minus scalar_e	new_damage_rate	0.0018484288354898327	-0.009242144177449167	0.012939001848428836	2000	2000	paired test samples conditional on one fixed source checkpoint
Qwen3-8B/tulu/seed42	tulu	family_macro	hns_f4_s1 minus flat_e	recovery_rate	-0.022222222222222254	-0.14893617021276595	0.10869565217391308	2000	2000	paired test samples conditional on one fixed source checkpoint
Qwen3-8B/tulu/seed42	tulu	family_macro	hns_f4_s1 minus flat_e	retention_rate	-0.05714285714285716	-0.2286263736263737	0.11111111111111105	2000	2000	paired test samples conditional on one fixed source checkpoint
Qwen3-8B/tulu/seed42	tulu	family_macro	hns_f4_s1 minus flat_e	new_success_rate	0.0018484288354898362	-0.009242144177449167	0.012939001848428836	2000	2000	paired test samples conditional on one fixed source checkpoint
Qwen3-8B/tulu/seed42	tulu	family_macro	hns_f4_s1 minus flat_e	new_damage_rate	-0.012939001848428836	-0.0277264325323475	0.0	2000	2000	paired test samples conditional on one fixed source checkpoint
Qwen3-8B/tulu/seed42	tulu	family_macro	scalar_e minus flat_e	recovery_rate	0.1333333333333333	0.0	0.275	2000	2000	paired test samples conditional on one fixed source checkpoint
Qwen3-8B/tulu/seed42	tulu	family_macro	scalar_e minus flat_e	retention_rate	0.05714285714285716	-0.0869884910485934	0.2058823529411764	2000	2000	paired test samples conditional on one fixed source checkpoint
Qwen3-8B/tulu/seed42	tulu	family_macro	scalar_e minus flat_e	new_success_rate	0.0018484288354898362	-0.011090573012939	0.014787430683918669	2000	2000	paired test samples conditional on one fixed source checkpoint
Qwen3-8B/tulu/seed42	tulu	family_macro	scalar_e minus flat_e	new_damage_rate	-0.014787430683918669	-0.03142329020332717	-0.0018022181146028391	2000	2000	paired test samples conditional on one fixed source checkpoint
Qwen3-8B/tulu/seed42	commonsense	family_macro	hns_f4_s1 minus scalar_e	recovery_rate	-0.004963761695264357	-0.04720332843046958	0.040794075928457345	2000	2000	paired test samples conditional on one fixed source checkpoint
Qwen3-8B/tulu/seed42	commonsense	family_macro	hns_f4_s1 minus scalar_e	retention_rate	-0.027187089861396174	-0.05112333768046766	-0.004679704841658316	2000	2000	paired test samples conditional on one fixed source checkpoint
Qwen3-8B/tulu/seed42	commonsense	family_macro	hns_f4_s1 minus scalar_e	new_success_rate	0.0011864100179080784	0.0005984969921850329	0.0018186742916119067	2000	2000	paired test samples conditional on one fixed source checkpoint
Qwen3-8B/tulu/seed42	commonsense	family_macro	hns_f4_s1 minus scalar_e	new_damage_rate	0.0008676971135531501	0.0001863846053200908	0.0016043914389681107	2000	2000	paired test samples conditional on one fixed source checkpoint
Qwen3-8B/tulu/seed42	commonsense	family_macro	hns_f4_s1 minus flat_e	recovery_rate	0.010582143581762238	-0.004825849981966953	0.03002976759070308	2000	2000	paired test samples conditional on one fixed source checkpoint
Qwen3-8B/tulu/seed42	commonsense	family_macro	hns_f4_s1 minus flat_e	retention_rate	-0.006200396825396748	-0.015412572093453984	0.0018315740822122625	2000	2000	paired test samples conditional on one fixed source checkpoint
Qwen3-8B/tulu/seed42	commonsense	family_macro	hns_f4_s1 minus flat_e	new_success_rate	0.0002475366906657538	-0.0001568323266453714	0.000688984716723531	2000	2000	paired test samples conditional on one fixed source checkpoint
Qwen3-8B/tulu/seed42	commonsense	family_macro	hns_f4_s1 minus flat_e	new_damage_rate	0.00019681852408806122	-0.0001236360969443139	0.0005687032960670801	2000	2000	paired test samples conditional on one fixed source checkpoint
Qwen3-8B/tulu/seed42	commonsense	family_macro	scalar_e minus flat_e	recovery_rate	0.015545905277026595	-0.02750578444541405	0.05798636645068228	2000	2000	paired test samples conditional on one fixed source checkpoint
Qwen3-8B/tulu/seed42	commonsense	family_macro	scalar_e minus flat_e	retention_rate	0.020986693035999426	-0.0006176714202081989	0.04431204709336665	2000	2000	paired test samples conditional on one fixed source checkpoint
Qwen3-8B/tulu/seed42	commonsense	family_macro	scalar_e minus flat_e	new_success_rate	-0.0009388733272423246	-0.0015750619050418078	-0.0003856995281078169	2000	2000	paired test samples conditional on one fixed source checkpoint
Qwen3-8B/tulu/seed42	commonsense	family_macro	scalar_e minus flat_e	new_damage_rate	-0.0006708785894650889	-0.0013863577916590369	-3.614832894944784e-05	2000	2000	paired test samples conditional on one fixed source checkpoint
Qwen3-8B/tulu/seed42	all	checkpoint_macro	hns_f4_s1 minus scalar_e	recovery_rate	-0.007495796678672395	-0.07311854492648553	0.06995787641932308	2000	2000	paired test samples conditional on one fixed source checkpoint
Qwen3-8B/tulu/seed42	all	checkpoint_macro	hns_f4_s1 minus scalar_e	retention_rate	-0.0231730790855581	-0.07344096761017237	0.028870450339326965	2000	2000	paired test samples conditional on one fixed source checkpoint
Qwen3-8B/tulu/seed42	all	checkpoint_macro	hns_f4_s1 minus scalar_e	new_success_rate	0.0012442901466301667	-0.003917603126038483	0.006695108414177767	2000	2000	paired test samples conditional on one fixed source checkpoint
Qwen3-8B/tulu/seed42	all	checkpoint_macro	hns_f4_s1 minus scalar_e	new_damage_rate	-0.0008453587566416947	-0.007084232134762966	0.005293631388249058	2000	2000	paired test samples conditional on one fixed source checkpoint
Qwen3-8B/tulu/seed42	all	checkpoint_macro	hns_f4_s1 minus flat_e	recovery_rate	0.019817253067157647	-0.03553346379991129	0.09099311743095287	2000	2000	paired test samples conditional on one fixed source checkpoint
Qwen3-8B/tulu/seed42	all	checkpoint_macro	hns_f4_s1 minus flat_e	retention_rate	-0.00973825251645366	-0.05692189291237302	0.03680145180907519	2000	2000	paired test samples conditional on one fixed source checkpoint
Qwen3-8B/tulu/seed42	all	checkpoint_macro	hns_f4_s1 minus flat_e	new_success_rate	0.0009030664384001557	-0.002006728939941751	0.003964626741996488	2000	2000	paired test samples conditional on one fixed source checkpoint
Qwen3-8B/tulu/seed42	all	checkpoint_macro	hns_f4_s1 minus flat_e	new_damage_rate	0.0010085498437608642	-0.004951621238736919	0.007977811160708365	2000	2000	paired test samples conditional on one fixed source checkpoint
Qwen3-8B/tulu/seed42	all	checkpoint_macro	scalar_e minus flat_e	recovery_rate	0.027313049745830043	-0.043527792475003685	0.08565623687138457	2000	2000	paired test samples conditional on one fixed source checkpoint
Qwen3-8B/tulu/seed42	all	checkpoint_macro	scalar_e minus flat_e	retention_rate	0.013434826569104441	-0.03270787805637864	0.06181519852870201	2000	2000	paired test samples conditional on one fixed source checkpoint
Qwen3-8B/tulu/seed42	all	checkpoint_macro	scalar_e minus flat_e	new_success_rate	-0.00034122370823001097	-0.005602635438282761	0.004771040309353315	2000	2000	paired test samples conditional on one fixed source checkpoint
Qwen3-8B/tulu/seed42	all	checkpoint_macro	scalar_e minus flat_e	new_damage_rate	0.0018539086004025589	-0.005275242475721669	0.00959751407086177	2000	2000	paired test samples conditional on one fixed source checkpoint
Qwen3-8B/tulu/seed42	target	checkpoint_macro	hns_f4_s1 minus scalar_e	recovery_rate	-0.15555555555555556	-0.28205128205128205	-0.02702702702702708	2000	2000	paired test samples conditional on one fixed source checkpoint
Qwen3-8B/tulu/seed42	target	checkpoint_macro	hns_f4_s1 minus scalar_e	retention_rate	-0.11428571428571432	-0.2777777777777777	0.041688829787233886	2000	2000	paired test samples conditional on one fixed source checkpoint
Qwen3-8B/tulu/seed42	target	checkpoint_macro	hns_f4_s1 minus scalar_e	new_success_rate	0.0	-0.011090573012939003	0.011090573012939002	2000	2000	paired test samples conditional on one fixed source checkpoint
Qwen3-8B/tulu/seed42	target	checkpoint_macro	hns_f4_s1 minus scalar_e	new_damage_rate	0.0018484288354898327	-0.009242144177449167	0.012939001848428836	2000	2000	paired test samples conditional on one fixed source checkpoint
Qwen3-8B/tulu/seed42	target	checkpoint_macro	hns_f4_s1 minus flat_e	recovery_rate	-0.022222222222222254	-0.14893617021276595	0.10869565217391308	2000	2000	paired test samples conditional on one fixed source checkpoint
Qwen3-8B/tulu/seed42	target	checkpoint_macro	hns_f4_s1 minus flat_e	retention_rate	-0.05714285714285716	-0.2286263736263737	0.11111111111111105	2000	2000	paired test samples conditional on one fixed source checkpoint
Qwen3-8B/tulu/seed42	target	checkpoint_macro	hns_f4_s1 minus flat_e	new_success_rate	0.0018484288354898362	-0.009242144177449167	0.012939001848428836	2000	2000	paired test samples conditional on one fixed source checkpoint
Qwen3-8B/tulu/seed42	target	checkpoint_macro	hns_f4_s1 minus flat_e	new_damage_rate	-0.012939001848428836	-0.0277264325323475	0.0	2000	2000	paired test samples conditional on one fixed source checkpoint
Qwen3-8B/tulu/seed42	target	checkpoint_macro	scalar_e minus flat_e	recovery_rate	0.1333333333333333	0.0	0.275	2000	2000	paired test samples conditional on one fixed source checkpoint
Qwen3-8B/tulu/seed42	target	checkpoint_macro	scalar_e minus flat_e	retention_rate	0.05714285714285716	-0.0869884910485934	0.2058823529411764	2000	2000	paired test samples conditional on one fixed source checkpoint
Qwen3-8B/tulu/seed42	target	checkpoint_macro	scalar_e minus flat_e	new_success_rate	0.0018484288354898362	-0.011090573012939	0.014787430683918669	2000	2000	paired test samples conditional on one fixed source checkpoint
Qwen3-8B/tulu/seed42	target	checkpoint_macro	scalar_e minus flat_e	new_damage_rate	-0.014787430683918669	-0.03142329020332717	-0.0018022181146028391	2000	2000	paired test samples conditional on one fixed source checkpoint
Qwen3-8B/tulu/seed42	off_task	checkpoint_macro	hns_f4_s1 minus scalar_e	recovery_rate	0.04185745628028881	-0.039027381783690945	0.1409336334528248	2000	2000	paired test samples conditional on one fixed source checkpoint
Qwen3-8B/tulu/seed42	off_task	checkpoint_macro	hns_f4_s1 minus scalar_e	retention_rate	0.007197799314493936	-0.03355973084161714	0.052673739005771006	2000	2000	paired test samples conditional on one fixed source checkpoint
Qwen3-8B/tulu/seed42	off_task	checkpoint_macro	hns_f4_s1 minus scalar_e	new_success_rate	0.0016590535288402222	-0.004241229802927159	0.008045297894378273	2000	2000	paired test samples conditional on one fixed source checkpoint
Qwen3-8B/tulu/seed42	off_task	checkpoint_macro	hns_f4_s1 minus scalar_e	new_damage_rate	-0.0017432879540188722	-0.009155215441032231	0.005644149164734264	2000	2000	paired test samples conditional on one fixed source checkpoint
Qwen3-8B/tulu/seed42	off_task	checkpoint_macro	hns_f4_s1 minus flat_e	recovery_rate	0.033830411496951096	-0.021775813279911967	0.11845048155789477	2000	2000	paired test samples conditional on one fixed source checkpoint
Qwen3-8B/tulu/seed42	off_task	checkpoint_macro	hns_f4_s1 minus flat_e	retention_rate	0.006063282359014099	-0.022330148546746663	0.03761772190149358	2000	2000	paired test samples conditional on one fixed source checkpoint
Qwen3-8B/tulu/seed42	off_task	checkpoint_macro	hns_f4_s1 minus flat_e	new_success_rate	0.0005879456393702645	-0.000536909596589869	0.0018721798699340827	2000	2000	paired test samples conditional on one fixed source checkpoint
Qwen3-8B/tulu/seed42	off_task	checkpoint_macro	hns_f4_s1 minus flat_e	new_damage_rate	0.005657733741157429	-0.0004088482861967173	0.013769155241797974	2000	2000	paired test samples conditional on one fixed source checkpoint
Qwen3-8B/tulu/seed42	off_task	checkpoint_macro	scalar_e minus flat_e	recovery_rate	-0.008027044783337711	-0.08901851896343795	0.05761477468938924	2000	2000	paired test samples conditional on one fixed source checkpoint
Qwen3-8B/tulu/seed42	off_task	checkpoint_macro	scalar_e minus flat_e	retention_rate	-0.0011345169554798362	-0.04415694576582491	0.03845300563313866	2000	2000	paired test samples conditional on one fixed source checkpoint
Qwen3-8B/tulu/seed42	off_task	checkpoint_macro	scalar_e minus flat_e	new_success_rate	-0.0010711078894699577	-0.007425461460996857	0.004858565633075595	2000	2000	paired test samples conditional on one fixed source checkpoint
Qwen3-8B/tulu/seed42	off_task	checkpoint_macro	scalar_e minus flat_e	new_damage_rate	0.007401021695176301	0.0005110603266224122	0.01644064722575589	2000	2000	paired test samples conditional on one fixed source checkpoint
Qwen3-8B/tulu/seed43	magicoder	family_macro	hns_f4_s1 minus scalar_e	recovery_rate	0.0	0.0	0.0	2000	2000	paired test samples conditional on one fixed source checkpoint
Qwen3-8B/tulu/seed43	magicoder	family_macro	hns_f4_s1 minus scalar_e	retention_rate	-0.08108108108108103	-0.18604651162790697	0.0	2000	2000	paired test samples conditional on one fixed source checkpoint
Qwen3-8B/tulu/seed43	magicoder	family_macro	hns_f4_s1 minus scalar_e	new_success_rate	0.0	0.0	0.0	2000	2000	paired test samples conditional on one fixed source checkpoint
Qwen3-8B/tulu/seed43	magicoder	family_macro	hns_f4_s1 minus scalar_e	new_damage_rate	0.006097560975609756	-0.012195121951219513	0.03048780487804878	2000	2000	paired test samples conditional on one fixed source checkpoint
Qwen3-8B/tulu/seed43	magicoder	family_macro	hns_f4_s1 minus flat_e	recovery_rate	0.0	0.0	0.0	2000	2000	paired test samples conditional on one fixed source checkpoint
Qwen3-8B/tulu/seed43	magicoder	family_macro	hns_f4_s1 minus flat_e	retention_rate	0.0	-0.07407407407407407	0.07692307692307698	2000	2000	paired test samples conditional on one fixed source checkpoint
Qwen3-8B/tulu/seed43	magicoder	family_macro	hns_f4_s1 minus flat_e	new_success_rate	0.0	0.0	0.0	2000	2000	paired test samples conditional on one fixed source checkpoint
Qwen3-8B/tulu/seed43	magicoder	family_macro	hns_f4_s1 minus flat_e	new_damage_rate	0.0	-0.018292682926829267	0.018292682926829267	2000	2000	paired test samples conditional on one fixed source checkpoint
Qwen3-8B/tulu/seed43	magicoder	family_macro	scalar_e minus flat_e	recovery_rate	0.0	0.0	0.0	2000	2000	paired test samples conditional on one fixed source checkpoint
Qwen3-8B/tulu/seed43	magicoder	family_macro	scalar_e minus flat_e	retention_rate	0.08108108108108103	-0.02704579579579585	0.2068965517241379	2000	2000	paired test samples conditional on one fixed source checkpoint
Qwen3-8B/tulu/seed43	magicoder	family_macro	scalar_e minus flat_e	new_success_rate	0.0	0.0	0.0	2000	2000	paired test samples conditional on one fixed source checkpoint
Qwen3-8B/tulu/seed43	magicoder	family_macro	scalar_e minus flat_e	new_damage_rate	-0.006097560975609756	-0.01829268292682927	0.0	2000	2000	paired test samples conditional on one fixed source checkpoint
Qwen3-8B/tulu/seed43	metamath	family_macro	hns_f4_s1 minus scalar_e	recovery_rate	0.12195121951219512	-0.00046296296296293593	0.2600217391304347	2000	2000	paired test samples conditional on one fixed source checkpoint
Qwen3-8B/tulu/seed43	metamath	family_macro	hns_f4_s1 minus scalar_e	retention_rate	0.011627906976744207	-0.06316122584943368	0.0957483241037599	2000	2000	paired test samples conditional on one fixed source checkpoint
Qwen3-8B/tulu/seed43	metamath	family_macro	hns_f4_s1 minus scalar_e	new_success_rate	0.003790750568612585	-0.0007581501137225166	0.008339651250947688	2000	2000	paired test samples conditional on one fixed source checkpoint
Qwen3-8B/tulu/seed43	metamath	family_macro	hns_f4_s1 minus scalar_e	new_damage_rate	0.0	-0.005307050796057619	0.00530705079605762	2000	2000	paired test samples conditional on one fixed source checkpoint
Qwen3-8B/tulu/seed43	metamath	family_macro	hns_f4_s1 minus flat_e	recovery_rate	0.024390243902439046	-0.057142857142857106	0.11119047619047578	2000	2000	paired test samples conditional on one fixed source checkpoint
Qwen3-8B/tulu/seed43	metamath	family_macro	hns_f4_s1 minus flat_e	retention_rate	0.0	-0.034100705329153685	0.0337078651685393	2000	2000	paired test samples conditional on one fixed source checkpoint
Qwen3-8B/tulu/seed43	metamath	family_macro	hns_f4_s1 minus flat_e	new_success_rate	0.003032600454890068	0.0007581501137225166	0.006065200909780137	2000	2000	paired test samples conditional on one fixed source checkpoint
Qwen3-8B/tulu/seed43	metamath	family_macro	hns_f4_s1 minus flat_e	new_damage_rate	0.0	-0.003790750568612585	0.003790750568612585	2000	2000	paired test samples conditional on one fixed source checkpoint
Qwen3-8B/tulu/seed43	metamath	family_macro	scalar_e minus flat_e	recovery_rate	-0.09756097560975607	-0.2308139534883721	0.03030303030303033	2000	2000	paired test samples conditional on one fixed source checkpoint
Qwen3-8B/tulu/seed43	metamath	family_macro	scalar_e minus flat_e	retention_rate	-0.011627906976744207	-0.09723069105691055	0.07294560185185166	2000	2000	paired test samples conditional on one fixed source checkpoint
Qwen3-8B/tulu/seed43	metamath	family_macro	scalar_e minus flat_e	new_success_rate	-0.0007581501137225166	-0.004548900682335103	0.003032600454890068	2000	2000	paired test samples conditional on one fixed source checkpoint
Qwen3-8B/tulu/seed43	metamath	family_macro	scalar_e minus flat_e	new_damage_rate	0.0	-0.006065200909780136	0.0060652009097801355	2000	2000	paired test samples conditional on one fixed source checkpoint
Qwen3-8B/tulu/seed43	tulu	family_macro	hns_f4_s1 minus scalar_e	recovery_rate	-0.05999999999999994	-0.18644067796610164	0.07020676691729305	2000	2000	paired test samples conditional on one fixed source checkpoint
Qwen3-8B/tulu/seed43	tulu	family_macro	hns_f4_s1 minus scalar_e	retention_rate	0.12903225806451613	0.02777777777777779	0.2592592592592593	2000	2000	paired test samples conditional on one fixed source checkpoint
Qwen3-8B/tulu/seed43	tulu	family_macro	hns_f4_s1 minus scalar_e	new_success_rate	0.0018484288354898327	-0.00924214417744917	0.014787430683918665	2000	2000	paired test samples conditional on one fixed source checkpoint
Qwen3-8B/tulu/seed43	tulu	family_macro	hns_f4_s1 minus scalar_e	new_damage_rate	-0.0036968576709796672	-0.016635859519408505	0.009242144177449169	2000	2000	paired test samples conditional on one fixed source checkpoint
Qwen3-8B/tulu/seed43	tulu	family_macro	hns_f4_s1 minus flat_e	recovery_rate	-0.07999999999999996	-0.18757440476190476	0.023269656699889223	2000	2000	paired test samples conditional on one fixed source checkpoint
Qwen3-8B/tulu/seed43	tulu	family_macro	hns_f4_s1 minus flat_e	retention_rate	0.032258064516129004	0.0	0.11111111111111105	2000	2000	paired test samples conditional on one fixed source checkpoint
Qwen3-8B/tulu/seed43	tulu	family_macro	hns_f4_s1 minus flat_e	new_success_rate	-0.0073937153419593345	-0.020332717190388167	0.0036968576709796655	2000	2000	paired test samples conditional on one fixed source checkpoint
Qwen3-8B/tulu/seed43	tulu	family_macro	hns_f4_s1 minus flat_e	new_damage_rate	0.0	-0.0073937153419593345	0.0073937153419593345	2000	2000	paired test samples conditional on one fixed source checkpoint
Qwen3-8B/tulu/seed43	tulu	family_macro	scalar_e minus flat_e	recovery_rate	-0.020000000000000018	-0.12700101317122592	0.07692307692307687	2000	2000	paired test samples conditional on one fixed source checkpoint
Qwen3-8B/tulu/seed43	tulu	family_macro	scalar_e minus flat_e	retention_rate	-0.09677419354838712	-0.21621621621621623	0.0	2000	2000	paired test samples conditional on one fixed source checkpoint
Qwen3-8B/tulu/seed43	tulu	family_macro	scalar_e minus flat_e	new_success_rate	-0.009242144177449167	-0.022181146025878003	0.0018484288354898327	2000	2000	paired test samples conditional on one fixed source checkpoint
Qwen3-8B/tulu/seed43	tulu	family_macro	scalar_e minus flat_e	new_damage_rate	0.0036968576709796672	-0.007393715341959336	0.0166358595194085	2000	2000	paired test samples conditional on one fixed source checkpoint
Qwen3-8B/tulu/seed43	commonsense	family_macro	hns_f4_s1 minus scalar_e	recovery_rate	0.02219878650349083	-0.023088775390550747	0.06325543473768293	2000	2000	paired test samples conditional on one fixed source checkpoint
Qwen3-8B/tulu/seed43	commonsense	family_macro	hns_f4_s1 minus scalar_e	retention_rate	-0.014002996829674319	-0.03582187048955751	0.00631174189231923	2000	2000	paired test samples conditional on one fixed source checkpoint
Qwen3-8B/tulu/seed43	commonsense	family_macro	hns_f4_s1 minus scalar_e	new_success_rate	0.0007005041702633011	-0.00023491318860225795	0.001696616711081712	2000	2000	paired test samples conditional on one fixed source checkpoint
Qwen3-8B/tulu/seed43	commonsense	family_macro	hns_f4_s1 minus scalar_e	new_damage_rate	0.00046773922462869065	-0.0002987360264241383	0.0011735816961236476	2000	2000	paired test samples conditional on one fixed source checkpoint
Qwen3-8B/tulu/seed43	commonsense	family_macro	hns_f4_s1 minus flat_e	recovery_rate	0.007074361516277494	-0.004976972943193612	0.02068554774505726	2000	2000	paired test samples conditional on one fixed source checkpoint
Qwen3-8B/tulu/seed43	commonsense	family_macro	hns_f4_s1 minus flat_e	retention_rate	-0.0058211139661985545	-0.023892135782055485	0.008947155182830731	2000	2000	paired test samples conditional on one fixed source checkpoint
Qwen3-8B/tulu/seed43	commonsense	family_macro	hns_f4_s1 minus flat_e	new_success_rate	4.346664520852054e-05	-0.00044934023538344494	0.0007170420294531207	2000	2000	paired test samples conditional on one fixed source checkpoint
Qwen3-8B/tulu/seed43	commonsense	family_macro	hns_f4_s1 minus flat_e	new_damage_rate	-0.0001403904012563812	-0.00043463569891168	0.00014097205964352819	2000	2000	paired test samples conditional on one fixed source checkpoint
Qwen3-8B/tulu/seed43	commonsense	family_macro	scalar_e minus flat_e	recovery_rate	-0.015124424987213336	-0.058419850225340526	0.03230105254350704	2000	2000	paired test samples conditional on one fixed source checkpoint
Qwen3-8B/tulu/seed43	commonsense	family_macro	scalar_e minus flat_e	retention_rate	0.008181882863475765	-0.017266059977408828	0.03246384281271953	2000	2000	paired test samples conditional on one fixed source checkpoint
Qwen3-8B/tulu/seed43	commonsense	family_macro	scalar_e minus flat_e	new_success_rate	-0.0006570375250547805	-0.001519274713119633	0.00018078730419192706	2000	2000	paired test samples conditional on one fixed source checkpoint
Qwen3-8B/tulu/seed43	commonsense	family_macro	scalar_e minus flat_e	new_damage_rate	-0.0006081296258850719	-0.0013077563611058418	0.00019582177572317257	2000	2000	paired test samples conditional on one fixed source checkpoint
Qwen3-8B/tulu/seed43	all	checkpoint_macro	hns_f4_s1 minus scalar_e	recovery_rate	0.021037501503921474	-0.02659454238053136	0.07159673975837366	2000	2000	paired test samples conditional on one fixed source checkpoint
Qwen3-8B/tulu/seed43	all	checkpoint_macro	hns_f4_s1 minus scalar_e	retention_rate	0.011394021782626385	-0.03223695919736931	0.054253262995018835	2000	2000	paired test samples conditional on one fixed source checkpoint
Qwen3-8B/tulu/seed43	all	checkpoint_macro	hns_f4_s1 minus scalar_e	new_success_rate	0.00158492089359143	-0.0013471775862068107	0.0048228423578690945	2000	2000	paired test samples conditional on one fixed source checkpoint
Qwen3-8B/tulu/seed43	all	checkpoint_macro	hns_f4_s1 minus scalar_e	new_damage_rate	0.0007171106323146954	-0.004996148460010099	0.007120941604021862	2000	2000	paired test samples conditional on one fixed source checkpoint
Qwen3-8B/tulu/seed43	all	checkpoint_macro	hns_f4_s1 minus flat_e	recovery_rate	-0.012133848645320855	-0.0461519573366227	0.02238805292287637	2000	2000	paired test samples conditional on one fixed source checkpoint
Qwen3-8B/tulu/seed43	all	checkpoint_macro	hns_f4_s1 minus flat_e	retention_rate	0.006609237637482668	-0.01683741695054346	0.03465381664464093	2000	2000	paired test samples conditional on one fixed source checkpoint
Qwen3-8B/tulu/seed43	all	checkpoint_macro	hns_f4_s1 minus flat_e	new_success_rate	-0.001079412060465185	-0.004185797218778283	0.001664582388548984	2000	2000	paired test samples conditional on one fixed source checkpoint
Qwen3-8B/tulu/seed43	all	checkpoint_macro	hns_f4_s1 minus flat_e	new_damage_rate	-3.509760031409487e-05	-0.004511935204840139	0.004646860568253671	2000	2000	paired test samples conditional on one fixed source checkpoint
Qwen3-8B/tulu/seed43	all	checkpoint_macro	scalar_e minus flat_e	recovery_rate	-0.03317135014924233	-0.07777450384818528	0.008722034025012829	2000	2000	paired test samples conditional on one fixed source checkpoint
Qwen3-8B/tulu/seed43	all	checkpoint_macro	scalar_e minus flat_e	retention_rate	-0.004784784145143717	-0.049885232917283424	0.03985114296342042	2000	2000	paired test samples conditional on one fixed source checkpoint
Qwen3-8B/tulu/seed43	all	checkpoint_macro	scalar_e minus flat_e	new_success_rate	-0.002664332954056615	-0.005918658694913871	0.0002989185167978672	2000	2000	paired test samples conditional on one fixed source checkpoint
Qwen3-8B/tulu/seed43	all	checkpoint_macro	scalar_e minus flat_e	new_damage_rate	-0.0007522082326287902	-0.005183899839805337	0.0033982806173280516	2000	2000	paired test samples conditional on one fixed source checkpoint
Qwen3-8B/tulu/seed43	target	checkpoint_macro	hns_f4_s1 minus scalar_e	recovery_rate	-0.05999999999999994	-0.18644067796610164	0.07020676691729305	2000	2000	paired test samples conditional on one fixed source checkpoint
Qwen3-8B/tulu/seed43	target	checkpoint_macro	hns_f4_s1 minus scalar_e	retention_rate	0.12903225806451613	0.02777777777777779	0.2592592592592593	2000	2000	paired test samples conditional on one fixed source checkpoint
Qwen3-8B/tulu/seed43	target	checkpoint_macro	hns_f4_s1 minus scalar_e	new_success_rate	0.0018484288354898327	-0.00924214417744917	0.014787430683918665	2000	2000	paired test samples conditional on one fixed source checkpoint
Qwen3-8B/tulu/seed43	target	checkpoint_macro	hns_f4_s1 minus scalar_e	new_damage_rate	-0.0036968576709796672	-0.016635859519408505	0.009242144177449169	2000	2000	paired test samples conditional on one fixed source checkpoint
Qwen3-8B/tulu/seed43	target	checkpoint_macro	hns_f4_s1 minus flat_e	recovery_rate	-0.07999999999999996	-0.18757440476190476	0.023269656699889223	2000	2000	paired test samples conditional on one fixed source checkpoint
Qwen3-8B/tulu/seed43	target	checkpoint_macro	hns_f4_s1 minus flat_e	retention_rate	0.032258064516129004	0.0	0.11111111111111105	2000	2000	paired test samples conditional on one fixed source checkpoint
Qwen3-8B/tulu/seed43	target	checkpoint_macro	hns_f4_s1 minus flat_e	new_success_rate	-0.0073937153419593345	-0.020332717190388167	0.0036968576709796655	2000	2000	paired test samples conditional on one fixed source checkpoint
Qwen3-8B/tulu/seed43	target	checkpoint_macro	hns_f4_s1 minus flat_e	new_damage_rate	0.0	-0.0073937153419593345	0.0073937153419593345	2000	2000	paired test samples conditional on one fixed source checkpoint
Qwen3-8B/tulu/seed43	target	checkpoint_macro	scalar_e minus flat_e	recovery_rate	-0.020000000000000018	-0.12700101317122592	0.07692307692307687	2000	2000	paired test samples conditional on one fixed source checkpoint
Qwen3-8B/tulu/seed43	target	checkpoint_macro	scalar_e minus flat_e	retention_rate	-0.09677419354838712	-0.21621621621621623	0.0	2000	2000	paired test samples conditional on one fixed source checkpoint
Qwen3-8B/tulu/seed43	target	checkpoint_macro	scalar_e minus flat_e	new_success_rate	-0.009242144177449167	-0.022181146025878003	0.0018484288354898327	2000	2000	paired test samples conditional on one fixed source checkpoint
Qwen3-8B/tulu/seed43	target	checkpoint_macro	scalar_e minus flat_e	new_damage_rate	0.0036968576709796672	-0.007393715341959336	0.0166358595194085	2000	2000	paired test samples conditional on one fixed source checkpoint
Qwen3-8B/tulu/seed43	off_task	checkpoint_macro	hns_f4_s1 minus scalar_e	recovery_rate	0.04805000200522869	0.001077842647992869	0.09803406249825376	2000	2000	paired test samples conditional on one fixed source checkpoint
Qwen3-8B/tulu/seed43	off_task	checkpoint_macro	hns_f4_s1 minus scalar_e	retention_rate	-0.027818723644670307	-0.06763338692790263	0.008110512579891897	2000	2000	paired test samples conditional on one fixed source checkpoint
Qwen3-8B/tulu/seed43	off_task	checkpoint_macro	hns_f4_s1 minus scalar_e	new_success_rate	0.001497084912958629	4.473171202637843e-05	0.003088502514742335	2000	2000	paired test samples conditional on one fixed source checkpoint
Qwen3-8B/tulu/seed43	off_task	checkpoint_macro	hns_f4_s1 minus scalar_e	new_damage_rate	0.0021884334000794817	-0.004318635267052721	0.009455184143572848	2000	2000	paired test samples conditional on one fixed source checkpoint
Qwen3-8B/tulu/seed43	off_task	checkpoint_macro	hns_f4_s1 minus flat_e	recovery_rate	0.010488201806238828	-0.017144081722036075	0.03975951248369278	2000	2000	paired test samples conditional on one fixed source checkpoint
Qwen3-8B/tulu/seed43	off_task	checkpoint_macro	hns_f4_s1 minus flat_e	retention_rate	-0.0019403713220661478	-0.02864852505966205	0.027686145859980155	2000	2000	paired test samples conditional on one fixed source checkpoint
Qwen3-8B/tulu/seed43	off_task	checkpoint_macro	hns_f4_s1 minus flat_e	new_success_rate	0.0010253557000328636	0.00015452965428300474	0.0021133254356593585	2000	2000	paired test samples conditional on one fixed source checkpoint
Qwen3-8B/tulu/seed43	off_task	checkpoint_macro	hns_f4_s1 minus flat_e	new_damage_rate	-4.6796800418793735e-05	-0.005843355054323203	0.005549203078824188	2000	2000	paired test samples conditional on one fixed source checkpoint
Qwen3-8B/tulu/seed43	off_task	checkpoint_macro	scalar_e minus flat_e	recovery_rate	-0.03756180019898986	-0.08583499932623168	0.008838098206343015	2000	2000	paired test samples conditional on one fixed source checkpoint
Qwen3-8B/tulu/seed43	off_task	checkpoint_macro	scalar_e minus flat_e	retention_rate	0.02587835232260416	-0.017871840681005155	0.07558932592643741	2000	2000	paired test samples conditional on one fixed source checkpoint
Qwen3-8B/tulu/seed43	off_task	checkpoint_macro	scalar_e minus flat_e	new_success_rate	-0.0004717292129257653	-0.001818352326414532	0.0008124011576495808	2000	2000	paired test samples conditional on one fixed source checkpoint
Qwen3-8B/tulu/seed43	off_task	checkpoint_macro	scalar_e minus flat_e	new_damage_rate	-0.0022352302004982755	-0.00736568367978612	0.0013443145327779109	2000	2000	paired test samples conditional on one fixed source checkpoint
Qwen3-8B/tulu/seed44	magicoder	family_macro	hns_f4_s1 minus scalar_e	recovery_rate	0.09090909090909088	-0.3333333333333333	0.5	2000	2000	paired test samples conditional on one fixed source checkpoint
Qwen3-8B/tulu/seed44	magicoder	family_macro	hns_f4_s1 minus scalar_e	retention_rate	-0.025000000000000022	-0.13888888888888884	0.09090909090909094	2000	2000	paired test samples conditional on one fixed source checkpoint
Qwen3-8B/tulu/seed44	magicoder	family_macro	hns_f4_s1 minus scalar_e	new_success_rate	0.012195121951219511	0.0	0.03048780487804878	2000	2000	paired test samples conditional on one fixed source checkpoint
Qwen3-8B/tulu/seed44	magicoder	family_macro	hns_f4_s1 minus scalar_e	new_damage_rate	-0.01219512195121951	-0.03658536585365854	0.012195121951219511	2000	2000	paired test samples conditional on one fixed source checkpoint
Qwen3-8B/tulu/seed44	magicoder	family_macro	hns_f4_s1 minus flat_e	recovery_rate	0.09090909090909088	0.0	0.3	2000	2000	paired test samples conditional on one fixed source checkpoint
Qwen3-8B/tulu/seed44	magicoder	family_macro	hns_f4_s1 minus flat_e	retention_rate	0.0	0.0	0.0	2000	2000	paired test samples conditional on one fixed source checkpoint
Qwen3-8B/tulu/seed44	magicoder	family_macro	hns_f4_s1 minus flat_e	new_success_rate	0.006097560975609755	0.0	0.01829268292682927	2000	2000	paired test samples conditional on one fixed source checkpoint
Qwen3-8B/tulu/seed44	magicoder	family_macro	hns_f4_s1 minus flat_e	new_damage_rate	0.0	-0.018292682926829267	0.018292682926829267	2000	2000	paired test samples conditional on one fixed source checkpoint
Qwen3-8B/tulu/seed44	magicoder	family_macro	scalar_e minus flat_e	recovery_rate	0.0	-0.3846153846153846	0.375	2000	2000	paired test samples conditional on one fixed source checkpoint
Qwen3-8B/tulu/seed44	magicoder	family_macro	scalar_e minus flat_e	retention_rate	0.025000000000000022	-0.09090909090909094	0.13888888888888884	2000	2000	paired test samples conditional on one fixed source checkpoint
Qwen3-8B/tulu/seed44	magicoder	family_macro	scalar_e minus flat_e	new_success_rate	-0.006097560975609756	-0.01829268292682927	0.0	2000	2000	paired test samples conditional on one fixed source checkpoint
Qwen3-8B/tulu/seed44	magicoder	family_macro	scalar_e minus flat_e	new_damage_rate	0.01219512195121951	-0.018292682926829267	0.04268292682926829	2000	2000	paired test samples conditional on one fixed source checkpoint
Qwen3-8B/tulu/seed44	metamath	family_macro	hns_f4_s1 minus scalar_e	recovery_rate	-0.11904761904761901	-0.23913043478260865	0.0	2000	2000	paired test samples conditional on one fixed source checkpoint
Qwen3-8B/tulu/seed44	metamath	family_macro	hns_f4_s1 minus scalar_e	retention_rate	-0.04938271604938271	-0.12049185754005026	0.013893779342723038	2000	2000	paired test samples conditional on one fixed source checkpoint
Qwen3-8B/tulu/seed44	metamath	family_macro	hns_f4_s1 minus scalar_e	new_success_rate	0.003032600454890069	-0.0007581501137225175	0.0075815011372251705	2000	2000	paired test samples conditional on one fixed source checkpoint
Qwen3-8B/tulu/seed44	metamath	family_macro	hns_f4_s1 minus scalar_e	new_damage_rate	0.003032600454890068	-0.003790750568612585	0.009855951478392723	2000	2000	paired test samples conditional on one fixed source checkpoint
Qwen3-8B/tulu/seed44	metamath	family_macro	hns_f4_s1 minus flat_e	recovery_rate	-0.0714285714285714	-0.19999999999999998	0.05266714082503537	2000	2000	paired test samples conditional on one fixed source checkpoint
Qwen3-8B/tulu/seed44	metamath	family_macro	hns_f4_s1 minus flat_e	retention_rate	-0.03703703703703698	-0.10144927536231885	0.022484825003228598	2000	2000	paired test samples conditional on one fixed source checkpoint
Qwen3-8B/tulu/seed44	metamath	family_macro	hns_f4_s1 minus flat_e	new_success_rate	0.0007581501137225184	0.0	0.0022744503411675516	2000	2000	paired test samples conditional on one fixed source checkpoint
Qwen3-8B/tulu/seed44	metamath	family_macro	hns_f4_s1 minus flat_e	new_damage_rate	-0.0022744503411675516	-0.006065200909780135	0.0007581501137225175	2000	2000	paired test samples conditional on one fixed source checkpoint
Qwen3-8B/tulu/seed44	metamath	family_macro	scalar_e minus flat_e	recovery_rate	0.047619047619047616	-0.09999999999999998	0.1951219512195122	2000	2000	paired test samples conditional on one fixed source checkpoint
Qwen3-8B/tulu/seed44	metamath	family_macro	scalar_e minus flat_e	retention_rate	0.012345679012345734	-0.050632911392405	0.0736939571150097	2000	2000	paired test samples conditional on one fixed source checkpoint
Qwen3-8B/tulu/seed44	metamath	family_macro	scalar_e minus flat_e	new_success_rate	-0.0022744503411675507	-0.006065200909780137	0.001516300227445034	2000	2000	paired test samples conditional on one fixed source checkpoint
Qwen3-8B/tulu/seed44	metamath	family_macro	scalar_e minus flat_e	new_damage_rate	-0.00530705079605762	-0.01288855193328279	0.0022744503411675516	2000	2000	paired test samples conditional on one fixed source checkpoint
Qwen3-8B/tulu/seed44	tulu	family_macro	hns_f4_s1 minus scalar_e	recovery_rate	-0.05882352941176472	-0.1875	0.06386447733580009	2000	2000	paired test samples conditional on one fixed source checkpoint
Qwen3-8B/tulu/seed44	tulu	family_macro	hns_f4_s1 minus scalar_e	retention_rate	0.02777777777777779	-0.1250801282051282	0.1739402173913042	2000	2000	paired test samples conditional on one fixed source checkpoint
Qwen3-8B/tulu/seed44	tulu	family_macro	hns_f4_s1 minus scalar_e	new_success_rate	0.0018484288354898327	-0.0073937153419593345	0.011090573012939003	2000	2000	paired test samples conditional on one fixed source checkpoint
Qwen3-8B/tulu/seed44	tulu	family_macro	hns_f4_s1 minus scalar_e	new_damage_rate	0.0036968576709796655	-0.0073937153419593345	0.016635859519408498	2000	2000	paired test samples conditional on one fixed source checkpoint
Qwen3-8B/tulu/seed44	tulu	family_macro	hns_f4_s1 minus flat_e	recovery_rate	-0.05882352941176472	-0.19052197802197807	0.06123233908948197	2000	2000	paired test samples conditional on one fixed source checkpoint
Qwen3-8B/tulu/seed44	tulu	family_macro	hns_f4_s1 minus flat_e	retention_rate	0.02777777777777779	-0.06451612903225801	0.1282051282051282	2000	2000	paired test samples conditional on one fixed source checkpoint
Qwen3-8B/tulu/seed44	tulu	family_macro	hns_f4_s1 minus flat_e	new_success_rate	-0.003696857670979669	-0.011090573012939003	0.0036968576709796655	2000	2000	paired test samples conditional on one fixed source checkpoint
Qwen3-8B/tulu/seed44	tulu	family_macro	hns_f4_s1 minus flat_e	new_damage_rate	-0.003696857670979669	-0.012939001848428836	0.005545286506469502	2000	2000	paired test samples conditional on one fixed source checkpoint
Qwen3-8B/tulu/seed44	tulu	family_macro	scalar_e minus flat_e	recovery_rate	0.0	-0.11904761904761896	0.10812279670975315	2000	2000	paired test samples conditional on one fixed source checkpoint
Qwen3-8B/tulu/seed44	tulu	family_macro	scalar_e minus flat_e	retention_rate	0.0	-0.1428571428571428	0.1470588235294117	2000	2000	paired test samples conditional on one fixed source checkpoint
Qwen3-8B/tulu/seed44	tulu	family_macro	scalar_e minus flat_e	new_success_rate	-0.005545286506469502	-0.0166358595194085	0.003696857670979669	2000	2000	paired test samples conditional on one fixed source checkpoint
Qwen3-8B/tulu/seed44	tulu	family_macro	scalar_e minus flat_e	new_damage_rate	-0.0073937153419593345	-0.022181146025878	0.0073937153419593345	2000	2000	paired test samples conditional on one fixed source checkpoint
Qwen3-8B/tulu/seed44	commonsense	family_macro	hns_f4_s1 minus scalar_e	recovery_rate	-0.009609797454666003	-0.04072674236297443	0.020143617119511726	2000	2000	paired test samples conditional on one fixed source checkpoint
Qwen3-8B/tulu/seed44	commonsense	family_macro	hns_f4_s1 minus scalar_e	retention_rate	-0.018937417016918756	-0.04215306405241378	0.0031517339777856475	2000	2000	paired test samples conditional on one fixed source checkpoint
Qwen3-8B/tulu/seed44	commonsense	family_macro	hns_f4_s1 minus scalar_e	new_success_rate	0.0004598363732086902	-0.0004327263337252869	0.00128379285444155	2000	2000	paired test samples conditional on one fixed source checkpoint
Qwen3-8B/tulu/seed44	commonsense	family_macro	hns_f4_s1 minus scalar_e	new_damage_rate	0.0007757650776643176	5.710889348894866e-05	0.0016377748291873985	2000	2000	paired test samples conditional on one fixed source checkpoint
Qwen3-8B/tulu/seed44	commonsense	family_macro	hns_f4_s1 minus flat_e	recovery_rate	-0.014919033399454551	-0.05441298828060143	0.007992548526055503	2000	2000	paired test samples conditional on one fixed source checkpoint
Qwen3-8B/tulu/seed44	commonsense	family_macro	hns_f4_s1 minus flat_e	retention_rate	0.0033584105001021047	-0.006714501327571937	0.013660730324181383	2000	2000	paired test samples conditional on one fixed source checkpoint
Qwen3-8B/tulu/seed44	commonsense	family_macro	hns_f4_s1 minus flat_e	new_success_rate	-0.000694015978455398	-0.001577356679763056	-6.2894415045447e-05	2000	2000	paired test samples conditional on one fixed source checkpoint
Qwen3-8B/tulu/seed44	commonsense	family_macro	hns_f4_s1 minus flat_e	new_damage_rate	-0.00032546184272467214	-0.0006900331261044043	-3.6370694480569046e-05	2000	2000	paired test samples conditional on one fixed source checkpoint
Qwen3-8B/tulu/seed44	commonsense	family_macro	scalar_e minus flat_e	recovery_rate	-0.005309235944788548	-0.054373925138164775	0.033957990416373186	2000	2000	paired test samples conditional on one fixed source checkpoint
Qwen3-8B/tulu/seed44	commonsense	family_macro	scalar_e minus flat_e	retention_rate	0.02229582751702086	0.0012292522621286078	0.044933558583378656	2000	2000	paired test samples conditional on one fixed source checkpoint
Qwen3-8B/tulu/seed44	commonsense	family_macro	scalar_e minus flat_e	new_success_rate	-0.0011538523516640882	-0.0020905853993245425	-0.00032889849230421025	2000	2000	paired test samples conditional on one fixed source checkpoint
Qwen3-8B/tulu/seed44	commonsense	family_macro	scalar_e minus flat_e	new_damage_rate	-0.0011012269203889897	-0.0019404452795771326	-0.00031751073407145923	2000	2000	paired test samples conditional on one fixed source checkpoint
Qwen3-8B/tulu/seed44	all	checkpoint_macro	hns_f4_s1 minus scalar_e	recovery_rate	-0.0241429637512397	-0.1318583225748356	0.09166483559559155	2000	2000	paired test samples conditional on one fixed source checkpoint
Qwen3-8B/tulu/seed44	all	checkpoint_macro	hns_f4_s1 minus scalar_e	retention_rate	-0.016385588822130925	-0.06676898404673542	0.03357407232519966	2000	2000	paired test samples conditional on one fixed source checkpoint
Qwen3-8B/tulu/seed44	all	checkpoint_macro	hns_f4_s1 minus scalar_e	new_success_rate	0.004383996903702026	-6.453897280904897e-05	0.00964368727772492	2000	2000	paired test samples conditional on one fixed source checkpoint
Qwen3-8B/tulu/seed44	all	checkpoint_macro	hns_f4_s1 minus scalar_e	new_damage_rate	-0.0011724746869213633	-0.007951506434095777	0.005795616871030492	2000	2000	paired test samples conditional on one fixed source checkpoint
Qwen3-8B/tulu/seed44	all	checkpoint_macro	hns_f4_s1 minus flat_e	recovery_rate	-0.013565510832674876	-0.07080897657395974	0.05499087116045256	2000	2000	paired test samples conditional on one fixed source checkpoint
Qwen3-8B/tulu/seed44	all	checkpoint_macro	hns_f4_s1 minus flat_e	retention_rate	-0.001475212189789299	-0.028865747426202425	0.026888136968986214	2000	2000	paired test samples conditional on one fixed source checkpoint
Qwen3-8B/tulu/seed44	all	checkpoint_macro	hns_f4_s1 minus flat_e	new_success_rate	0.0006162093599743033	-0.002523376130909501	0.004601773650417528	2000	2000	paired test samples conditional on one fixed source checkpoint
Qwen3-8B/tulu/seed44	all	checkpoint_macro	hns_f4_s1 minus flat_e	new_damage_rate	-0.0015741924637179758	-0.006388107886098243	0.003343274879798812	2000	2000	paired test samples conditional on one fixed source checkpoint
Qwen3-8B/tulu/seed44	all	checkpoint_macro	scalar_e minus flat_e	recovery_rate	0.010577452918564823	-0.09887512128425541	0.11380706206079211	2000	2000	paired test samples conditional on one fixed source checkpoint
Qwen3-8B/tulu/seed44	all	checkpoint_macro	scalar_e minus flat_e	retention_rate	0.014910376632341626	-0.031219666656259977	0.06462787355030372	2000	2000	paired test samples conditional on one fixed source checkpoint
Qwen3-8B/tulu/seed44	all	checkpoint_macro	scalar_e minus flat_e	new_success_rate	-0.0037677875437277224	-0.008160951825307437	-0.000265676697197528	2000	2000	paired test samples conditional on one fixed source checkpoint
Qwen3-8B/tulu/seed44	all	checkpoint_macro	scalar_e minus flat_e	new_damage_rate	-0.0004017177767966125	-0.008301092245592506	0.008058231617255437	2000	2000	paired test samples conditional on one fixed source checkpoint
Qwen3-8B/tulu/seed44	target	checkpoint_macro	hns_f4_s1 minus scalar_e	recovery_rate	-0.05882352941176472	-0.1875	0.06386447733580009	2000	2000	paired test samples conditional on one fixed source checkpoint
Qwen3-8B/tulu/seed44	target	checkpoint_macro	hns_f4_s1 minus scalar_e	retention_rate	0.02777777777777779	-0.1250801282051282	0.1739402173913042	2000	2000	paired test samples conditional on one fixed source checkpoint
Qwen3-8B/tulu/seed44	target	checkpoint_macro	hns_f4_s1 minus scalar_e	new_success_rate	0.0018484288354898327	-0.0073937153419593345	0.011090573012939003	2000	2000	paired test samples conditional on one fixed source checkpoint
Qwen3-8B/tulu/seed44	target	checkpoint_macro	hns_f4_s1 minus scalar_e	new_damage_rate	0.0036968576709796655	-0.0073937153419593345	0.016635859519408498	2000	2000	paired test samples conditional on one fixed source checkpoint
Qwen3-8B/tulu/seed44	target	checkpoint_macro	hns_f4_s1 minus flat_e	recovery_rate	-0.05882352941176472	-0.19052197802197807	0.06123233908948197	2000	2000	paired test samples conditional on one fixed source checkpoint
Qwen3-8B/tulu/seed44	target	checkpoint_macro	hns_f4_s1 minus flat_e	retention_rate	0.02777777777777779	-0.06451612903225801	0.1282051282051282	2000	2000	paired test samples conditional on one fixed source checkpoint
Qwen3-8B/tulu/seed44	target	checkpoint_macro	hns_f4_s1 minus flat_e	new_success_rate	-0.003696857670979669	-0.011090573012939003	0.0036968576709796655	2000	2000	paired test samples conditional on one fixed source checkpoint
Qwen3-8B/tulu/seed44	target	checkpoint_macro	hns_f4_s1 minus flat_e	new_damage_rate	-0.003696857670979669	-0.012939001848428836	0.005545286506469502	2000	2000	paired test samples conditional on one fixed source checkpoint
Qwen3-8B/tulu/seed44	target	checkpoint_macro	scalar_e minus flat_e	recovery_rate	0.0	-0.11904761904761896	0.10812279670975315	2000	2000	paired test samples conditional on one fixed source checkpoint
Qwen3-8B/tulu/seed44	target	checkpoint_macro	scalar_e minus flat_e	retention_rate	0.0	-0.1428571428571428	0.1470588235294117	2000	2000	paired test samples conditional on one fixed source checkpoint
Qwen3-8B/tulu/seed44	target	checkpoint_macro	scalar_e minus flat_e	new_success_rate	-0.005545286506469502	-0.0166358595194085	0.003696857670979669	2000	2000	paired test samples conditional on one fixed source checkpoint
Qwen3-8B/tulu/seed44	target	checkpoint_macro	scalar_e minus flat_e	new_damage_rate	-0.0073937153419593345	-0.022181146025878	0.0073937153419593345	2000	2000	paired test samples conditional on one fixed source checkpoint
Qwen3-8B/tulu/seed44	off_task	checkpoint_macro	hns_f4_s1 minus scalar_e	recovery_rate	-0.012582775197731266	-0.15394585315428816	0.13739676397042994	2000	2000	paired test samples conditional on one fixed source checkpoint
Qwen3-8B/tulu/seed44	off_task	checkpoint_macro	hns_f4_s1 minus scalar_e	retention_rate	-0.031106711022100497	-0.07713406273439219	0.011564538562301354	2000	2000	paired test samples conditional on one fixed source checkpoint
Qwen3-8B/tulu/seed44	off_task	checkpoint_macro	hns_f4_s1 minus scalar_e	new_success_rate	0.0052291862597727565	0.00048252481707996387	0.01165443103970111	2000	2000	paired test samples conditional on one fixed source checkpoint
Qwen3-8B/tulu/seed44	off_task	checkpoint_macro	hns_f4_s1 minus scalar_e	new_damage_rate	-0.0027955854728883758	-0.010949977904258052	0.0051506994492387095	2000	2000	paired test samples conditional on one fixed source checkpoint
Qwen3-8B/tulu/seed44	off_task	checkpoint_macro	hns_f4_s1 minus flat_e	recovery_rate	0.0015204953603550342	-0.0641064750088806	0.0850529292274742	2000	2000	paired test samples conditional on one fixed source checkpoint
Qwen3-8B/tulu/seed44	off_task	checkpoint_macro	hns_f4_s1 minus flat_e	retention_rate	-0.011226208845644958	-0.03332013699398969	0.00875844039775765	2000	2000	paired test samples conditional on one fixed source checkpoint
Qwen3-8B/tulu/seed44	off_task	checkpoint_macro	hns_f4_s1 minus flat_e	new_success_rate	0.002053898370292292	-0.0003575546403312728	0.006517428390235016	2000	2000	paired test samples conditional on one fixed source checkpoint
Qwen3-8B/tulu/seed44	off_task	checkpoint_macro	hns_f4_s1 minus flat_e	new_damage_rate	-0.0008666373946307412	-0.006649656509680908	0.00507108826259005	2000	2000	paired test samples conditional on one fixed source checkpoint
Qwen3-8B/tulu/seed44	off_task	checkpoint_macro	scalar_e minus flat_e	recovery_rate	0.0141032705580863	-0.1280337253482876	0.15160156615827775	2000	2000	paired test samples conditional on one fixed source checkpoint
Qwen3-8B/tulu/seed44	off_task	checkpoint_macro	scalar_e minus flat_e	retention_rate	0.01988050217645554	-0.023089470437809883	0.06231371257542771	2000	2000	paired test samples conditional on one fixed source checkpoint
Qwen3-8B/tulu/seed44	off_task	checkpoint_macro	scalar_e minus flat_e	new_success_rate	-0.0031752878894804647	-0.008094787430316748	-0.0001302221182294147	2000	2000	paired test samples conditional on one fixed source checkpoint
Qwen3-8B/tulu/seed44	off_task	checkpoint_macro	scalar_e minus flat_e	new_damage_rate	0.0019289480782576345	-0.007782883757025091	0.012290705026181107	2000	2000	paired test samples conditional on one fixed source checkpoint
