base_model	task	module	gamma_fro	gamma_energy	gamma_fit	shape_residual_fraction	suppressed_original_energy_share	relative_distance_to_equal_spectrum	peak_gain_ratio	nuclear_relative_error	participation_rank_sigma_probabilities	hns_majorized_by_lora_tolerance_1e_6	cached_energy_consistency_relative_error
Qwen3-8B	magicoder	layers.0.mlp.down_proj	0.5314545349330467	0.16823984252387525	0.15140640995140095	0.190101084530781	0.9983793971339523	0.012522245242804828	0.14668459332645145	3.8083181119752396e-07	4.518390696463444	True	2.2207335604035592e-08
Qwen3-8B	magicoder	layers.0.mlp.gate_proj	0.8760725939323726	0.6880307866300115	0.5952030323009909	0.2516331751664065	0.8449212113228317	0.006737121709953074	0.3646046852398039	2.3054687448009759e-07	12.279487998544283	True	3.681810316244339e-08
Qwen3-8B	magicoder	layers.0.mlp.up_proj	0.8691712303828272	0.64739628325808	0.5534344705694227	0.26921098981903724	0.8646230378274007	0.010069968799896129	0.36253389059222163	1.4312691321016757e-07	12.086108876197734	True	4.5071100356808645e-08
Qwen3-8B	magicoder	layers.0.self_attn.k_proj	0.934101258803276	0.6677266286576314	0.6201115963586871	0.13753334400540584	0.8865001831013191	0.012324211968586223	0.5030156527844605	2.457565413394036e-07	13.958595285220749	True	8.906061308300987e-08
Qwen3-8B	magicoder	layers.0.self_attn.o_proj	0.762545162182147	0.31076784843044153	0.2845955088017861	0.161343876407958	0.9934385986125125	0.017169399884656433	0.2778234803157277	1.0584108478539633e-07	9.300861365761001	True	7.876347912355291e-09
Qwen3-8B	magicoder	layers.0.self_attn.q_proj	0.8022333333880751	0.56467048675296	0.47674860965145505	0.2871655312139678	0.9201603319626038	0.010400613384643275	0.2789960197588486	6.269360741661956e-08	10.296137965899089	True	3.3346565668864203e-08
Qwen3-8B	magicoder	layers.0.self_attn.v_proj	0.7350810133602305	0.3218588025662542	0.2836027473722371	0.22359185099108592	0.9874112543305013	0.01708428820149738	0.2750267949223863	3.479699650643653e-07	8.642976135447318	True	4.666599566311775e-09
Qwen3-8B	magicoder	layers.1.mlp.down_proj	0.4472180249841895	0.1369376474354203	0.12046155145342363	0.22615999152367794	0.9987799176368439	0.01642271150916223	0.11823078648250118	3.078357634356266e-07	3.199202285042387	True	2.334298285748875e-08
Qwen3-8B	magicoder	layers.1.mlp.gate_proj	0.4117364688876359	0.11116278458169204	0.10731341594289678	0.06805731384796443	0.9997670628257895	0.0203675476715764	0.11029567556592927	1.8301392759045854e-06	2.711295576270481	True	7.644613990898101e-09
Qwen3-8B	magicoder	layers.1.mlp.up_proj	0.44514245400804	0.12415283758197763	0.11898365917058214	0.08153768494820446	0.9997051457745144	0.024386356364247484	0.12156930149653791	8.195167744418086e-08	3.1685439528791086	True	1.287955643963686e-08
Qwen3-8B	magicoder	layers.1.self_attn.k_proj	0.5361487421673969	0.24568712187583328	0.1819546966695363	0.45151878888488306	0.9958820470620244	0.016689087613942354	0.14641078921668865	6.377675427771123e-07	4.598000695188394	True	5.456562240641673e-08
Qwen3-8B	magicoder	layers.1.self_attn.o_proj	0.506186900722338	0.16525538505576406	0.14135245239103536	0.2683633466951586	0.9975794660373849	0.012009252831833671	0.1354032952017226	2.7100799004919907e-07	4.099009380124664	True	6.695203826306051e-09
Qwen3-8B	magicoder	layers.1.self_attn.q_proj	0.5047375827520411	0.16987552152874572	0.14455350166227723	0.27590486956017746	0.9981453090092445	0.01375480604034362	0.1362055368270413	1.1273333840877697e-06	4.075398439830796	True	1.6982697225397588e-08
Qwen3-8B	magicoder	layers.1.self_attn.v_proj	0.42310923613999707	0.12312538811041691	0.11162371579691095	0.17810237401809847	0.9996011190951593	0.022583206611497233	0.114238866018827	2.0899091102144496e-07	2.8628807963485685	True	1.0985644170910596e-08
Qwen3-8B	magicoder	layers.10.mlp.down_proj	0.40324659958263154	0.12341287084616455	0.10753226895777689	0.24079910892123302	0.9994923533782768	0.016090535646618744	0.10559361656105788	3.0819763241485276e-07	2.60105312395555	True	1.132403456012158e-08
Qwen3-8B	magicoder	layers.10.mlp.gate_proj	0.6093874451397607	0.23160225567088003	0.19706475315393188	0.27601038342160733	0.9953443530707076	0.016774404227051353	0.17604814622169157	6.999812929286975e-08	5.93997789931555	True	3.0225710484047224e-08
Qwen3-8B	magicoder	layers.10.mlp.up_proj	0.5678294229820827	0.20399311781324672	0.16991018382275916	0.3062423452931867	0.9957332977104163	0.012697702816184205	0.15748950016016705	2.3819731231888852e-07	5.158049824975238	True	3.389020896450761e-08
Qwen3-8B	magicoder	layers.10.self_attn.k_proj	0.6312602198334526	0.2485430134190984	0.20706495820695694	0.3059190911916283	0.9939125384979606	0.012860756334336892	0.18501594664227425	3.9862645517807493e-07	6.374781968133547	True	8.437367545174404e-09
Qwen3-8B	magicoder	layers.10.self_attn.o_proj	0.5433884520560172	0.19147529954595313	0.16118926898359798	0.29132561386622435	0.9975263820547052	0.010845640944646065	0.15076804634878027	6.415500084511194e-07	4.723774382297426	True	1.3182704067006632e-08
Qwen3-8B	magicoder	layers.10.self_attn.q_proj	0.5089532864727241	0.15100479142763604	0.1412423721350655	0.12511987610349318	0.999154345244961	0.016384483809106398	0.1390779714090607	4.056691325082795e-07	4.143419197373864	True	6.234753472037023e-08
Qwen3-8B	magicoder	layers.10.self_attn.v_proj	0.5303829508638421	0.1758387545856209	0.15594299629225927	0.2134930750616576	0.998890353698658	0.014117220281407725	0.14730433106120883	1.3223542150164747e-07	4.499998992558942	True	1.3404680117940481e-08
Qwen3-8B	magicoder	layers.11.mlp.down_proj	0.49352794192461463	0.1795664600182286	0.15357864442404298	0.2685052427726772	0.9987542652039185	0.01053356857277201	0.13697758824271286	3.1453276472248604e-07	3.8966873138322238	True	2.9914427046734414e-08
Qwen3-8B	magicoder	layers.11.mlp.gate_proj	0.6871546951004941	0.3207291750819212	0.25586272661536136	0.363589827609603	0.9821126105231671	0.014084767762738582	0.20604549739523317	4.458251994243767e-07	7.553399717732031	True	3.4597714893123264e-08
Qwen3-8B	magicoder	layers.11.mlp.up_proj	0.6233036705759027	0.2357155460731786	0.1983881124684678	0.29163868070561716	0.9938096343938668	0.015164872287684086	0.1804503924221484	3.024461336931239e-07	6.214686151014405	True	1.7572883713478176e-08
Qwen3-8B	magicoder	layers.11.self_attn.k_proj	0.6707874459365283	0.29776746919963004	0.2609618713303642	0.23193209734828912	0.9952974813837248	0.01581583953922377	0.22952460864614613	8.152904906744141e-07	7.1974801892284	True	4.247932631029017e-08
Qwen3-8B	magicoder	layers.11.self_attn.o_proj	0.6242000034828051	0.2350573239663567	0.19493839558505685	0.3122237109509075	0.995104950133995	0.014204006415008547	0.18040516617147517	2.1321335696988797e-07	6.232755232121782	True	4.4911156545168756e-08
Qwen3-8B	magicoder	layers.11.self_attn.q_proj	0.6217375393824052	0.20434154975563937	0.1873881844100757	0.1590483226746826	0.9980136818053915	0.013463946711614092	0.1828841138458605	5.342795952323343e-07	6.1837932890204295	True	5.6344655567742744e-08
Qwen3-8B	magicoder	layers.11.self_attn.v_proj	0.5037522113493239	0.1576504979610859	0.14149928712628332	0.1944030560423703	0.9981426713839898	0.01743958173964648	0.14133690237728108	3.830999503184884e-07	4.059028873397646	True	8.300944352458593e-08
Qwen3-8B	magicoder	layers.12.mlp.down_proj	0.5810023196484346	0.23103766581634097	0.1981676623155504	0.2643012873842918	0.9960041804195234	0.014832857606728186	0.17259451545307086	6.389139628470986e-07	5.3998377290393424	True	2.2391996400729456e-08
Qwen3-8B	magicoder	layers.12.mlp.gate_proj	0.6905922668876731	0.2861750664207744	0.23299531079181196	0.33712631797235804	0.9857664428513853	0.008071205408814145	0.20567670826997322	8.350709672644285e-07	7.630173025956783	True	4.127153491416912e-08
Qwen3-8B	magicoder	layers.12.mlp.up_proj	0.692961778119759	0.2891994902687203	0.24142918308283473	0.3030775038723663	0.9898310336417188	0.014284701322285646	0.21429428380549428	8.36503257772847e-08	7.6815699354225195	True	6.440786024222686e-08
Qwen3-8B	magicoder	layers.12.self_attn.k_proj	0.7218458442240103	0.303552861721635	0.26451334954978456	0.24067704867372397	0.9912400766446108	0.013429464143905745	0.24289716407850423	7.963167814040162e-08	8.335480513641981	True	9.875816729475924e-09
Qwen3-8B	magicoder	layers.12.self_attn.o_proj	0.5828066802188472	0.20068574119682037	0.17388823412315776	0.2492292214403552	0.995693782225145	0.014491579265400754	0.16423815103676	8.990025051058836e-07	5.433466953034091	True	5.615383742447886e-08
Qwen3-8B	magicoder	layers.12.self_attn.q_proj	0.6963660925721074	0.2477462571006281	0.22468574887882936	0.17749821198057314	0.994773396369176	0.018030271050046343	0.2232351008419798	9.761919961270848e-08	7.756287926476039	True	2.4981215142266413e-08
Qwen3-8B	magicoder	layers.12.self_attn.v_proj	0.42807337743199053	0.12409887126004376	0.11392576493704033	0.15723159887508364	0.9992630414755272	0.014609622976941057	0.11238233730489024	1.4816326225908227e-06	2.9313145788024992	True	8.122767917483862e-09
Qwen3-8B	magicoder	layers.13.mlp.down_proj	0.5563303586668829	0.2374759214382374	0.1854157239035531	0.3903873657602669	0.9940879725480324	0.01717631577374366	0.15673522529605483	2.392822351371393e-08	4.950594740260092	True	4.256729086176261e-08
Qwen3-8B	magicoder	layers.13.mlp.gate_proj	0.7174667123791116	0.31610468659641605	0.2544023750623518	0.3522902218132551	0.9796169883182188	0.013164764049293275	0.2199095140493471	5.468441162115312e-07	8.234699314734328	True	1.6595528338409892e-08
Qwen3-8B	magicoder	layers.13.mlp.up_proj	0.6646177884123041	0.2662430029841448	0.2189654024564889	0.32361402587712185	0.9905499350616964	0.015070934671190944	0.1975377859693405	4.690086989889153e-07	7.0658569909708255	True	2.2364448019122366e-08
Qwen3-8B	magicoder	layers.13.self_attn.k_proj	0.802302236626305	0.38835081046776515	0.33811663339315107	0.24197306016284315	0.982576865635969	0.017535999514849562	0.3038830697934879	3.6181812856916906e-07	10.29586244734048	True	8.132698254954919e-08
Qwen3-8B	magicoder	layers.13.self_attn.o_proj	0.6937068504800581	0.31004752868004964	0.2560991126128514	0.3177247783287962	0.9860704127865249	0.01455331297660615	0.21858633124966445	2.2932077081705415e-07	7.698032798641819	True	4.120461086388926e-08
Qwen3-8B	magicoder	layers.13.self_attn.q_proj	0.7312845347214721	0.28528792537815373	0.25513636805583534	0.2002063417315626	0.990463730250403	0.015244628396607795	0.2433071855353474	6.360203914645979e-07	8.554433746079532	True	1.795712082082207e-08
Qwen3-8B	magicoder	layers.13.self_attn.v_proj	0.528592260204679	0.16686903859383048	0.1498900191067377	0.1931479582191158	0.9985849952931545	0.017410725518382745	0.14601449878825784	2.6207877867889806e-08	4.46920103170739	True	8.615673456564264e-09
Qwen3-8B	magicoder	layers.14.mlp.down_proj	0.566092856881957	0.2389076949564051	0.18720822665677084	0.38597001083081817	0.9942340933946886	0.015413452823192338	0.16139951689580428	4.189250013553192e-07	5.126155532455277	True	2.1804754388977842e-08
Qwen3-8B	magicoder	layers.14.mlp.gate_proj	0.7348530007522921	0.3380969974613675	0.2730843305537568	0.34760453327992624	0.9725866064704146	0.016402715292461366	0.23185075577993883	6.648601911241059e-07	8.63780681515349	True	1.0291126218607775e-08
Qwen3-8B	magicoder	layers.14.mlp.up_proj	0.7096862708183104	0.30563587705767825	0.24612751286245116	0.3514974902099648	0.9838644208902678	0.015005033332226879	0.21984787036074085	5.149721511443772e-07	8.056650976299926	True	2.4309318077150158e-08
Qwen3-8B	magicoder	layers.14.self_attn.k_proj	0.8138666616598892	0.4616657156154584	0.40690830624523766	0.22314876156117935	0.9732219405165247	0.0141869361982352	0.3134450187724794	3.519328701795388e-07	10.595922566033035	True	2.4161677369039504e-08
Qwen3-8B	magicoder	layers.14.self_attn.o_proj	0.723044213674543	0.33758173082393006	0.2871806501766348	0.2763101563011502	0.9833870507777185	0.01600802708549206	0.24184270697701807	1.3427692735490382e-08	8.36254367442087	True	6.769129027515901e-08
Qwen3-8B	magicoder	layers.14.self_attn.q_proj	0.705855668369171	0.26914692801992335	0.23871462075229696	0.21335427953515418	0.9943234410556203	0.017373834097912738	0.23018388393829325	5.113882981522266e-07	7.969317480692826	True	2.053597165912858e-08
Qwen3-8B	magicoder	layers.14.self_attn.v_proj	0.6015035119714819	0.20187256553342076	0.18130130845570153	0.19342032855753688	0.9979293752308535	0.008747334150139402	0.17532114992040146	1.7098999105513712e-08	5.788460457763842	True	3.0631691125055226e-08
Qwen3-8B	magicoder	layers.15.mlp.down_proj	0.5805716179169047	0.25633200809242035	0.1928952610277313	0.43371189815737976	0.9917693822749765	0.016253179340013302	0.1644776977059836	2.5212210763569942e-08	5.391589534435855	True	2.275767269153387e-08
Qwen3-8B	magicoder	layers.15.mlp.gate_proj	0.6770307515270996	0.28047985523008656	0.22493865663437695	0.3568313830359341	0.9833270649248207	0.007941391701245542	0.19836711977370186	6.799281746516783e-07	7.33345772430252	True	2.8218747021933122e-08
Qwen3-8B	magicoder	layers.15.mlp.up_proj	0.6828069059299539	0.28026586995668834	0.22727932678033946	0.3423732944732909	0.9871399785241557	0.013922565260129489	0.20611636213418227	1.0812198427689879e-06	7.458142251311269	True	2.0156299748103355e-08
Qwen3-8B	magicoder	layers.15.self_attn.k_proj	0.7547177937581688	0.3356412455455891	0.30272769156304236	0.18650731833293088	0.989024712269815	0.013563021668373264	0.28972684958424916	5.751046734392418e-07	9.111896196585446	True	2.730119689296601e-08
Qwen3-8B	magicoder	layers.15.self_attn.o_proj	0.6370371248785177	0.2429285052918188	0.2023430267558927	0.3062235908707599	0.9941121936368317	0.013523045421960807	0.18658834264515597	3.8174902194931803e-07	6.491868415117485	True	4.6468307957102237e-08
Qwen3-8B	magicoder	layers.15.self_attn.q_proj	0.6688525987603473	0.2457024747374717	0.212889676273398	0.24925898770095878	0.9950857385253711	0.015582567990659444	0.2078393815714179	4.0402306566988955e-07	7.156088527889638	True	3.5745006406984576e-08
Qwen3-8B	magicoder	layers.15.self_attn.v_proj	0.6052211109231497	0.21102930974011347	0.18516588556802543	0.23009631856470147	0.9973803118445994	0.014417206177008556	0.17690783150405553	3.307210816316797e-08	5.85946370044389	True	4.379431598296235e-08
Qwen3-8B	magicoder	layers.16.mlp.down_proj	0.4933053146635899	0.34874057690850874	0.211279259515771	0.6329639107192562	0.9219811522111436	0.013387911941850444	0.1318441801485217	1.895352135239392e-07	3.8929027855238125	True	3.425496337533603e-08
Qwen3-8B	magicoder	layers.16.mlp.gate_proj	0.6035299058739108	0.22176000202889018	0.18770427898592695	0.28355655687261627	0.9951063032886003	0.015958504085762437	0.17242956530904457	1.2379484781721573e-07	5.826490766646912	True	5.9282241476758015e-08
Qwen3-8B	magicoder	layers.16.mlp.up_proj	0.564575971190948	0.19300078601430817	0.16254811010796247	0.29067430296825936	0.9955291083883093	0.01663023639666722	0.15471752542469563	5.138547936045512e-07	5.098520733429523	True	3.780645685788127e-08
Qwen3-8B	magicoder	layers.16.self_attn.k_proj	0.7917592802329294	0.48132643844795153	0.3990581554343482	0.31262624389143323	0.9509835021957783	0.015993318351887754	0.29976841820097083	3.869394604727461e-07	10.027550797592207	True	4.1671328374073746e-08
Qwen3-8B	magicoder	layers.16.self_attn.o_proj	0.62837246963686	0.24437253597823122	0.19473953514227857	0.3649565127093194	0.9900218004834491	0.012723470403201187	0.17857349575252757	1.2496516454962858e-07	6.316610207784241	True	1.366126428191585e-08
Qwen3-8B	magicoder	layers.16.self_attn.q_proj	0.6388410429534765	0.2236145038685627	0.19451748650493808	0.24331110502595354	0.995012786938973	0.014641879076169066	0.1859423064498601	3.452907586520837e-07	6.528481634982227	True	2.6641211100860496e-08
Qwen3-8B	magicoder	layers.16.self_attn.v_proj	0.5819094820153542	0.2108816207727307	0.18086144136529672	0.2644460811424917	0.9964529991976616	0.014856492409366182	0.17058661782425483	4.760808816062223e-07	5.416697353161303	True	3.766818142821563e-08
Qwen3-8B	magicoder	layers.17.mlp.down_proj	0.4959034915772494	0.16562023511798804	0.1441129083320483	0.24285515156641924	0.9987663948596182	0.012544386082683781	0.13531675854679523	3.6813235648747167e-07	3.9341080892712226	True	7.222004610545564e-08
Qwen3-8B	magicoder	layers.17.mlp.gate_proj	0.4566105038409337	0.14089483187032414	0.12387214926727623	0.227039644935223	0.9991133776461394	0.014666589731348063	0.12052958255044828	5.354160694803767e-07	3.335176427329287	True	1.9025572014120996e-08
Qwen3-8B	magicoder	layers.17.mlp.up_proj	0.5041170437571137	0.16623671640794155	0.14192390399211005	0.27111805194461525	0.9976651479560654	0.016056908131901002	0.13552456769266605	4.482274813533138e-07	4.065091906030065	True	1.367612045980418e-08
Qwen3-8B	magicoder	layers.17.self_attn.k_proj	0.7479661831871796	0.4553890466470024	0.3656433598597299	0.3553110579577784	0.9663325511716113	0.015348895013462526	0.2523421132516091	2.0838498593356292e-07	8.949142035992695	True	3.5797815189948056e-08
Qwen3-8B	magicoder	layers.17.self_attn.o_proj	0.6093543472109108	0.21432117646971593	0.18316939819848868	0.26957493486895934	0.996420599805311	0.01408892078827435	0.17298781324594745	1.944059071501414e-07	5.939821942493785	True	1.551908395733808e-08
Qwen3-8B	magicoder	layers.17.self_attn.q_proj	0.6826608336405179	0.2605578971378969	0.2232386919586713	0.2659418629162801	0.9938309628697264	0.01551640975003255	0.21385069426371264	1.3867594872429834e-07	7.4546157547061584	True	1.3175284905669088e-08
Qwen3-8B	magicoder	layers.17.self_attn.v_proj	0.5697632464850999	0.21182811761703643	0.1735051979280238	0.32910003955899725	0.9941189483882513	0.011334808976880476	0.16035216091029272	5.207603751555823e-07	5.193420596992446	True	1.2955457978873272e-08
Qwen3-8B	magicoder	layers.18.mlp.down_proj	0.5268248436943612	0.18247733991579598	0.15122403261278708	0.3132103411005789	0.9962126883050096	0.014442732624986868	0.14300880237034683	3.801724497431991e-07	4.439787731655413	True	3.512857207631381e-08
Qwen3-8B	magicoder	layers.18.mlp.gate_proj	0.49003229867898307	0.1556757337730134	0.13436458541909851	0.25504885835651003	0.9965570525419655	0.015330574223903631	0.13019011623190901	9.185894227492497e-07	3.8411964061526067	True	4.535453149187277e-08
Qwen3-8B	magicoder	layers.18.mlp.up_proj	0.5431768834851933	0.18124768085858586	0.15556010234138745	0.26336640103222364	0.9969942770591643	0.01720098308679108	0.14819951742073756	2.401091283577017e-07	4.719259042648707	True	5.227754663910334e-08
Qwen3-8B	magicoder	layers.18.self_attn.k_proj	0.7724403627378085	0.43121579901767443	0.3892784347136779	0.1850492532896435	0.9790076905620053	0.014378159657330945	0.3065476471523391	1.8338667406858633e-07	9.544648735022095	True	1.3348868219052653e-08
Qwen3-8B	magicoder	layers.18.self_attn.o_proj	0.6559544769242986	0.24002530775827438	0.20363249318093146	0.2802526297619202	0.9906421309959971	0.01243494273476754	0.19087153174073568	3.2538677419147177e-07	6.883351410460405	True	2.6325116528888388e-08
Qwen3-8B	magicoder	layers.18.self_attn.q_proj	0.622240640749713	0.23502456799383367	0.20267871367097606	0.25631374896867776	0.9962704442400582	0.013411041139282584	0.18573043707061487	6.080639672889632e-07	6.193827976178731	True	1.5875794632237065e-08
Qwen3-8B	magicoder	layers.18.self_attn.v_proj	0.6375212703388848	0.23976187323926695	0.21019817209992114	0.23140487771676022	0.9948329436941391	0.016616350846119975	0.20239028721427674	1.5202562031468858e-07	6.501136465157913	True	2.1919454023280907e-08
Qwen3-8B	magicoder	layers.19.mlp.down_proj	0.6167222753414567	0.24048159676425235	0.2032555698549215	0.2856332747834044	0.9965796665923443	0.014648719304284094	0.18241932041803383	2.249219011041248e-08	6.084235698884929	True	2.676792979051526e-08
Qwen3-8B	magicoder	layers.19.mlp.gate_proj	0.4097221608430515	0.12281439888259485	0.10892070875387266	0.21345722967848735	0.9986646978606546	0.01873933364500648	0.10733416734540577	4.297861476709741e-07	2.6850150859827826	True	5.137645000064644e-08
Qwen3-8B	magicoder	layers.19.mlp.up_proj	0.5205578205076902	0.16460865815147038	0.14501190317007415	0.22392810608046043	0.9972213915340995	0.014739940308068761	0.14024296082488721	5.920148922200497e-07	4.334739982701124	True	2.7360909236294078e-08
Qwen3-8B	magicoder	layers.19.self_attn.k_proj	0.751903588023911	0.5205129401592361	0.4397838461289853	0.2861359940997821	0.9527370414808803	0.014753114146517764	0.2608406347899528	6.4870378202464e-07	9.04376351168591	True	1.5071860266056813e-08
Qwen3-8B	magicoder	layers.19.self_attn.o_proj	0.6679815098532059	0.25714968495841345	0.2158980300317721	0.29510348073086456	0.9904546519195352	0.01390167365647458	0.1989105153290216	5.260244926308388e-07	7.137801555923428	True	2.3863192379011286e-08
Qwen3-8B	magicoder	layers.19.self_attn.q_proj	0.6406858039989628	0.23220841518611335	0.20272973374131698	0.2377823675707652	0.9965517832453533	0.0132195186591944	0.19233803855501228	7.295862469725023e-07	6.566495474892323	True	9.621249676227952e-09
Qwen3-8B	magicoder	layers.19.self_attn.v_proj	0.5926364520391229	0.21449467683993317	0.17852635355445856	0.30725782049494876	0.9957621149241686	0.012365346361363305	0.1683386165364887	9.141170207449534e-07	5.618617926724769	True	7.502064308632527e-09
Qwen3-8B	magicoder	layers.2.mlp.down_proj	0.5679745166197591	0.20255533447759785	0.1707157052385421	0.28967093951039724	0.9961438611127618	0.013664787037556215	0.15938990897278288	1.1154800971802104e-07	5.160558183544346	True	6.971379725935625e-08
Qwen3-8B	magicoder	layers.2.mlp.gate_proj	0.4615807824547717	0.12935423249640116	0.12348136624465601	0.08874155716351584	0.9994486648200531	0.020424113665117233	0.1256500239988385	3.2183786080608456e-08	3.4074868729674495	True	1.009023558296347e-08
Qwen3-8B	magicoder	layers.2.mlp.up_proj	0.43390962988790094	0.1182137245500302	0.1146501827705218	0.05938109935027491	0.9998846720323653	0.01927262797754226	0.11809208188978221	1.134877336106399e-06	3.011328981918996	True	1.5360593619605822e-08
Qwen3-8B	magicoder	layers.2.self_attn.k_proj	0.8350710323473356	0.5796753208933404	0.5157052132158859	0.2085318895102849	0.9504403908090788	0.01345979439034279	0.39430577097541286	2.6832370103591074e-08	11.15547610637455	True	2.842986592553528e-08
Qwen3-8B	magicoder	layers.2.self_attn.o_proj	0.5230802030868088	0.18305937643881742	0.15298949420136979	0.301543665785327	0.9980654969349464	0.013239225538558424	0.14218773018564054	6.608209359715289e-07	4.377033267733338	True	1.8166590605234927e-08
Qwen3-8B	magicoder	layers.2.self_attn.q_proj	0.690810120705928	0.2784791763727019	0.24986053134434175	0.19497407466355765	0.9912792324503529	0.011089636371535042	0.2383372155107122	5.839124499473769e-07	7.634550036289619	True	3.6637572564100527e-08
Qwen3-8B	magicoder	layers.2.self_attn.v_proj	0.4180368557221198	0.12552688355328068	0.11099913794212227	0.21807388455881627	0.9993354040648244	0.013081899096934312	0.10916527611171858	4.882347428569744e-07	2.795595764389	True	3.2873429871979578e-09
Qwen3-8B	magicoder	layers.20.mlp.down_proj	0.611106565434778	0.23961985361681182	0.19238906307690812	0.3553630989620977	0.9934638543880695	0.016414581336598923	0.17548869082980317	5.346836746689121e-07	5.973603406972123	True	2.3466833369439634e-08
Qwen3-8B	magicoder	layers.20.mlp.gate_proj	0.4627707543812818	0.1404828241377551	0.12462394258714742	0.21303301301277378	0.9989292534800817	0.01295599381299024	0.12175077837539917	4.293828137491573e-08	3.425932877494648	True	2.3668077769245463e-08
Qwen3-8B	magicoder	layers.20.mlp.up_proj	0.5088602741222522	0.15765657863344892	0.13980759401202728	0.21361118337247453	0.9981817980692748	0.014394417360580102	0.13621502597366886	1.3946387145136185e-07	4.142163181904276	True	3.5736900016571574e-09
Qwen3-8B	magicoder	layers.20.self_attn.k_proj	0.7958402668199196	0.4887699866734652	0.4140827295699585	0.2822632641578565	0.9574498468009567	0.012390332655569982	0.3042651544121586	1.9324889022342973e-08	10.13223155049907	True	2.406504775408887e-08
Qwen3-8B	magicoder	layers.20.self_attn.o_proj	0.769599535151378	0.3739749198480391	0.3231255153103348	0.2534523193765982	0.9818372316690198	0.01726399349444528	0.27445677370525906	2.8318040223851426e-07	9.473705308172862	True	1.2441513995325573e-08
Qwen3-8B	magicoder	layers.20.self_attn.q_proj	0.589448510012082	0.19351000005635038	0.17001469671600333	0.22809100100599622	0.9971536371642777	0.013172430468260376	0.1648718112370142	3.8906855348574965e-07	5.558232468564478	True	5.6233896669869706e-08
Qwen3-8B	magicoder	layers.20.self_attn.v_proj	0.6459799725445252	0.26348527283978873	0.21687987182250154	0.32247425257387385	0.993172170010551	0.015684007953299342	0.19988519856715964	4.1028559361055983e-07	6.675005101657485	True	1.1892188752807722e-08
Qwen3-8B	magicoder	layers.21.mlp.down_proj	0.5969308559363401	0.2392825349634492	0.1832641571494141	0.41341214655619196	0.9886910198876191	0.01570329590871993	0.16652492525161083	3.5232090112025105e-07	5.699821280049814	True	1.2218461654490904e-08
Qwen3-8B	magicoder	layers.21.mlp.gate_proj	0.4665753368332474	0.1448855203079261	0.12653206783264842	0.23730439904350997	0.9987884078859709	0.014651991742325487	0.12306551642269052	5.684460897548149e-07	3.4823290092519477	True	2.5906530931688852e-08
Qwen3-8B	magicoder	layers.21.mlp.up_proj	0.5237332776617732	0.1661767407151617	0.14614229810448684	0.22658713602222513	0.9979368210135074	0.015506393688839621	0.14126686346430167	6.086432011720433e-07	4.387684131044599	True	3.552684112486293e-08
Qwen3-8B	magicoder	layers.21.self_attn.k_proj	0.752113093629136	0.40082688085598234	0.33883101056852616	0.2854170925078129	0.9833667673537657	0.014608336022353806	0.2617720756923884	7.64115395179843e-07	9.048840391837377	True	1.6264357198338757e-08
Qwen3-8B	magicoder	layers.21.self_attn.o_proj	0.7826902351009393	0.4078493452880085	0.3502369124191476	0.2625640726380125	0.9795002485587141	0.014390760690917527	0.2875780245852052	4.1921106297415633e-07	9.7996259839808	True	2.489207882576446e-08
Qwen3-8B	magicoder	layers.21.self_attn.q_proj	0.6683072472143844	0.24971127292076326	0.21464665874078745	0.2611233061082099	0.9931403102102201	0.018230570419568354	0.2011047298170798	3.760243680872577e-07	7.143772803951814	True	4.217137667668615e-08
Qwen3-8B	magicoder	layers.21.self_attn.v_proj	0.6173478031382001	0.22781591977968693	0.19573450205141243	0.26181259312734906	0.9968026796666662	0.016830560711423723	0.18548009811833388	5.416914103939519e-07	6.096172228555262	True	4.455482837279976e-08
Qwen3-8B	magicoder	layers.22.mlp.down_proj	0.5687366757011879	0.198130765073443	0.16730011239763648	0.2870014734291808	0.9956916058602195	0.01699381590807732	0.1587543507848083	1.0324316623844254e-07	5.173886834696038	True	1.6096305745621678e-08
Qwen3-8B	magicoder	layers.22.mlp.gate_proj	0.40750879144112645	0.1178799787715819	0.10747869773889018	0.16868676759229395	0.9996515140295051	0.01797796057181059	0.10686166919113334	2.688845963660924e-07	2.6561544473232006	True	5.361450132074642e-09
Qwen3-8B	magicoder	layers.22.mlp.up_proj	0.4395485390738471	0.12806796461443942	0.11639835298007399	0.1739379787522889	0.999059391415589	0.01586205637788003	0.11495883741054018	4.245715713446785e-07	3.0904715428773426	True	8.476919369738546e-09
Qwen3-8B	magicoder	layers.22.self_attn.k_proj	0.8013231752818702	0.4137168961881757	0.3637790442474766	0.2268409575257858	0.9811735172359265	0.014864293370945861	0.306520885502234	2.0376546872036272e-07	10.271627123990612	True	1.3592977441494328e-08
Qwen3-8B	magicoder	layers.22.self_attn.o_proj	0.640320194865025	0.24420332535586392	0.2017793064305263	0.3172682454266599	0.9942137919090706	0.012298262241740849	0.18570844947884768	5.15906059428417e-07	6.559160257338328	True	5.3174371380422044e-08
Qwen3-8B	magicoder	layers.22.self_attn.q_proj	0.6446031307399612	0.23123114457282004	0.199071865117105	0.2588141612709245	0.9943829640714226	0.011479545104827654	0.18889186849289769	1.7286845499508985e-07	6.647337335815745	True	6.138132451031014e-08
Qwen3-8B	magicoder	layers.22.self_attn.v_proj	0.6501295234446869	0.2491780143993884	0.20948474926186655	0.29321816198930917	0.9946178756992858	0.01467052086796546	0.1985542124418828	1.4800006531423548e-07	6.761236859378974	True	2.6255953645695233e-08
Qwen3-8B	magicoder	layers.23.mlp.down_proj	0.5933339522342201	0.21838861454764416	0.18074439082487168	0.3150329657677936	0.9954007903221118	0.014564147659988464	0.16884993982402877	1.127014330748466e-06	5.631515386764146	True	2.777178068777397e-08
Qwen3-8B	magicoder	layers.23.mlp.gate_proj	0.49379000126963063	0.15061353716261738	0.13458427060541361	0.20152634010871706	0.9985853910306276	0.01061747707693586	0.1309803612512424	7.376662474189999e-07	3.9008114987619504	True	2.0290595742031996e-08
Qwen3-8B	magicoder	layers.23.mlp.up_proj	0.4775016261309533	0.14732247723770558	0.12995549750088853	0.22187156408994124	0.9988570204991993	0.013208541552070678	0.12633554261259042	1.3437515908876208e-06	3.647478572525746	True	2.441923358402581e-08
Qwen3-8B	magicoder	layers.23.self_attn.k_proj	0.841314446165124	0.460294491032814	0.42167782922564523	0.16075264592499428	0.9752710572632395	0.013608965542789064	0.36244949967873996	3.1855573712213925e-07	11.32285531605584	True	4.939562243306417e-08
Qwen3-8B	magicoder	layers.23.self_attn.o_proj	0.6896037250437379	0.27066116530267975	0.22702698825493994	0.2964368558343322	0.9923540304580369	0.014574195702181022	0.21067190627438342	5.337502331226318e-07	7.607228465824196	True	6.330124553021946e-08
Qwen3-8B	magicoder	layers.23.self_attn.q_proj	0.6829707768601828	0.24894179849811018	0.21831078509261256	0.23094971526753683	0.9935170602737247	0.01717382291727029	0.21230507551600028	4.2360803709229344e-07	7.460977798337406	True	4.7389668119497836e-08
Qwen3-8B	magicoder	layers.23.self_attn.v_proj	0.6279908146971925	0.24617714880643404	0.2032593532420624	0.3182806773280127	0.991922698354299	0.016521047487207847	0.18415551978188255	7.987257750752264e-07	6.30822706447788	True	3.311588690157534e-08
Qwen3-8B	magicoder	layers.24.mlp.down_proj	0.588719814647597	0.20895953237114845	0.17524565882306373	0.296652154412981	0.9960393553372653	0.01647585983912863	0.16529210117619952	4.216016713520787e-08	5.54395051900689	True	7.0108797001386756e-09
Qwen3-8B	magicoder	layers.24.mlp.gate_proj	0.4531483686303446	0.13087997697950016	0.12055578562659808	0.15154327706382442	0.9993168769743387	0.012306930073158424	0.11899374413948384	5.351715981483096e-07	3.284993964982999	True	1.1217664711958564e-08
Qwen3-8B	magicoder	layers.24.mlp.up_proj	0.4525272570394597	0.13165370063460702	0.12105252843199464	0.1545623435226562	0.999357545956061	0.015942061940621404	0.11934711586831516	6.29621991876661e-07	3.275657850004373	True	6.563019728675154e-08
Qwen3-8B	magicoder	layers.24.self_attn.k_proj	0.8238944973238815	0.45700765988237624	0.4127145778569127	0.184446116921947	0.9742952551959666	0.012078287237602927	0.3586264412725267	2.5253521773738186e-07	10.859255335162427	True	9.271764120192964e-08
Qwen3-8B	magicoder	layers.24.self_attn.o_proj	0.537626392449335	0.16906272904193304	0.15040955202187598	0.2084924074258545	0.9973908408675435	0.014769857835640245	0.14578750161561738	6.754714929613215e-07	4.623659092759305	True	4.640225806214025e-08
Qwen3-8B	magicoder	layers.24.self_attn.q_proj	0.6492720820968426	0.22710256642019572	0.20046047919995538	0.22086368992610006	0.9939731866391265	0.014238133815351398	0.19102765994177132	2.613242582327757e-07	6.743496911324015	True	2.2574961807547483e-08
Qwen3-8B	magicoder	layers.24.self_attn.v_proj	0.6147921450375952	0.23302807738645787	0.19556539548543525	0.2956840604422475	0.9956738214242479	0.014285254912274793	0.1830295079306338	1.040378058370095e-06	6.0462634184288895	True	8.708850694526233e-08
Qwen3-8B	magicoder	layers.25.mlp.down_proj	0.6273351212664025	0.23568191217414655	0.19514247441230287	0.31443109876426734	0.9929073290497369	0.015404082167519434	0.18081678791488737	3.8868772533895424e-08	6.295296020926946	True	3.3778291690522616e-08
Qwen3-8B	magicoder	layers.25.mlp.gate_proj	0.515517844877601	0.1530968009257356	0.14077608787463858	0.15447675339049793	0.9985381142747097	0.013375578150960804	0.13818021747806997	3.1046078274865607e-07	4.251380280514853	True	7.13434042743048e-08
Qwen3-8B	magicoder	layers.25.mlp.up_proj	0.44739937192477597	0.12855685899982713	0.118160462712916	0.1552000874217243	0.999095473604608	0.01298536601179426	0.11723265936623772	3.276004532093424e-07	3.2021212344856753	True	3.314328516779912e-08
Qwen3-8B	magicoder	layers.25.self_attn.k_proj	0.6292173699146969	0.24620719233217814	0.1988318474005988	0.3478155734342412	0.9911526113458482	0.014951440141434041	0.1823096118656948	2.692707798956917e-07	6.333212488071879	True	2.6897716003097046e-08
Qwen3-8B	magicoder	layers.25.self_attn.o_proj	0.660729626252181	0.254148302953373	0.21515903760256033	0.2832878648479532	0.9897030595007383	0.017747037255204233	0.1999315922498577	5.025575371409019e-07	6.98281122288775	True	1.7321478656825472e-08
Qwen3-8B	magicoder	layers.25.self_attn.q_proj	0.574273539468488	0.17811718010079255	0.16172193540739907	0.17562229401823726	0.9970404823750568	0.015079240696132517	0.15804045106870981	6.723295586930078e-08	5.275441039543315	True	5.730249206827222e-08
Qwen3-8B	magicoder	layers.25.self_attn.v_proj	0.5984636503789129	0.2216942107315262	0.19021120684260998	0.26385477779959654	0.9962626335555617	0.01494917025769094	0.17914182880794513	1.7745034597282938e-07	5.729261238699425	True	2.2374699542938617e-08
Qwen3-8B	magicoder	layers.26.mlp.down_proj	0.5923807790037499	0.2079055034641678	0.17605358674130558	0.2829362245938494	0.9950436697144582	0.01601709401246416	0.16620586390851494	8.466276646412751e-07	5.613189872077872	True	2.0910315419295375e-08
Qwen3-8B	magicoder	layers.26.mlp.gate_proj	0.547974425098455	0.16552996413780802	0.15228721657083363	0.15360389537573438	0.9981052405475689	0.015378419119638585	0.14899293601223634	4.0972682135986815e-08	4.803279698626091	True	4.6234190933723206e-08
Qwen3-8B	magicoder	layers.26.mlp.up_proj	0.543511846088698	0.16882685971832095	0.15206556629586107	0.18870521861972278	0.997336936406874	0.015286335379966471	0.14778339219713763	2.968698686878213e-07	4.725374777034692	True	2.3669878866424308e-08
Qwen3-8B	magicoder	layers.26.self_attn.k_proj	0.7268242356179359	0.35547788486242615	0.29412124787103433	0.3154146123217917	0.9798777271112195	0.014094341810674508	0.24077171150415833	6.203569655749419e-07	8.450685958441385	True	2.1400976030908368e-08
Qwen3-8B	magicoder	layers.26.self_attn.o_proj	0.6862811599935364	0.2603138500127587	0.219070148312881	0.2917740204252224	0.9898373972144346	0.008498030830835186	0.20519229227946742	3.219115076724677e-07	7.5351602349219355	True	6.4377114477435e-08
Qwen3-8B	magicoder	layers.26.self_attn.q_proj	0.6117097225925593	0.1984659952412918	0.1775472641900231	0.1996945826592188	0.9967338199179638	0.013416434262292658	0.17340351913755495	4.6374637396873197e-07	5.985937335572828	True	3.657892837329768e-08
Qwen3-8B	magicoder	layers.26.self_attn.v_proj	0.5634121521622074	0.18898914056079938	0.16861442780626662	0.20399505428718157	0.9982933576291257	0.014021744539286056	0.16284000144247984	3.2405457717210595e-07	5.0779367769450365	True	1.901427186726853e-08
Qwen3-8B	magicoder	layers.27.mlp.down_proj	0.6700862368481879	0.24796307807845258	0.2113066986204774	0.2738062747801471	0.9923322503613426	0.010502977748314782	0.1990821248294107	2.655896723657847e-07	7.183460339948474	True	1.8550164015032085e-08
Qwen3-8B	magicoder	layers.27.mlp.gate_proj	0.549498516535542	0.16642653596054013	0.15297805548844481	0.1550847963143509	0.9983102005526894	0.015338324784207815	0.14952640158501632	1.0576572715415011e-06	4.830031094513862	True	1.2924910387429025e-08
Qwen3-8B	magicoder	layers.27.mlp.up_proj	0.6326924256199549	0.20155915291961057	0.18467896504766818	0.1604823809886794	0.99722725235481	0.015930127236476778	0.18158734877389224	2.8330541268495324e-07	6.4031663206868314	True	4.085480234514163e-09
Qwen3-8B	magicoder	layers.27.self_attn.k_proj	0.7370748765044259	0.39878665596298335	0.31939907714461674	0.35851563079683013	0.9801943709374062	0.01459839242341097	0.24030414598353578	3.3804737298304133e-07	8.690611622618876	True	2.528838948043599e-08
Qwen3-8B	magicoder	layers.27.self_attn.o_proj	0.6340774458919314	0.2325951467010231	0.199322711825019	0.2656344805852193	0.9938844541696095	0.016117153201332293	0.18523056009401667	1.0611243346225763e-06	6.431182651129546	True	8.427860243509139e-09
Qwen3-8B	magicoder	layers.27.self_attn.q_proj	0.6470491335154122	0.21332531063605323	0.1945084147379295	0.16863446737762766	0.996978706148949	0.01508173227713809	0.18973389542749708	0.0	6.69723760773719	True	7.555003987700745e-08
Qwen3-8B	magicoder	layers.27.self_attn.v_proj	0.5268738946755581	0.17732679669114432	0.15120795979788595	0.2728892432629225	0.997338675614868	0.014697236726256231	0.1444062269258029	6.160389804943378e-07	4.440572732050614	True	3.9166413611368884e-08
Qwen3-8B	magicoder	layers.28.mlp.down_proj	0.614104874187435	0.20570536779836285	0.18036438131831078	0.23120543632068113	0.9965639078624556	0.016342826675654905	0.17458438683356853	5.165817436036946e-07	6.0323789035526945	True	2.8615422043833436e-08
Qwen3-8B	magicoder	layers.28.mlp.gate_proj	0.5541794375301118	0.16674927427856248	0.1542640595396729	0.14414221230580337	0.9981921958516807	0.016073029380635154	0.15134892400667202	9.276093315691014e-08	4.912569043115154	True	7.751476048058923e-08
Qwen3-8B	magicoder	layers.28.mlp.up_proj	0.5526004485961191	0.17141402759733712	0.15550296433488478	0.1770288213985015	0.9975741069493366	0.01432187986989432	0.15107601161086356	6.138005983480355e-07	4.884867923398646	True	2.8098110368874107e-08
Qwen3-8B	magicoder	layers.28.self_attn.k_proj	0.7158098639919205	0.3820535984958888	0.3314434077791858	0.2473896578459912	0.987400864265229	0.015326423862857564	0.24235314896971857	1.692658260221691e-07	8.196211670401558	True	3.24443198648721e-08
Qwen3-8B	magicoder	layers.28.self_attn.o_proj	0.7668844502863796	0.3760701871979564	0.3153301761231938	0.2969386007072745	0.9851753944708012	0.012960231754030363	0.25918556373486124	1.4017431793078572e-07	9.408204984278097	True	1.4906673613873057e-08
Qwen3-8B	magicoder	layers.28.self_attn.q_proj	0.5779632023230784	0.18407027153454036	0.16481138636901363	0.19830879478243624	0.9969495775459741	0.013718960757682584	0.1595584752925648	2.85229083907268e-07	5.343654445018795	True	3.34632619724581e-09
Qwen3-8B	magicoder	layers.28.self_attn.v_proj	0.611980738892314	0.2191672325747131	0.19386970960051247	0.21752824108104218	0.9955682217275101	0.013116904436193724	0.1848935300534534	2.5713829732154636e-07	5.991292716328076	True	6.967106203176271e-09
Qwen3-8B	magicoder	layers.29.mlp.down_proj	0.5851930760760162	0.19442892944762774	0.17107850118117301	0.22577158969831934	0.9970369958613435	0.017874389610096304	0.1637446279733497	2.736332731512192e-07	5.477467402994501	True	1.658329539619381e-08
Qwen3-8B	magicoder	layers.29.mlp.gate_proj	0.6541806171085978	0.20704107788796286	0.1908765686063632	0.15005230951578008	0.9962980949683072	0.010727882132144982	0.1881783116198763	2.189070460456577e-07	6.846445448318563	True	5.5019779074832374e-08
Qwen3-8B	magicoder	layers.29.mlp.up_proj	0.5461479546793085	0.1651248777259208	0.15202848158245247	0.15233373870290912	0.9983247354505449	0.017375212786696452	0.14898650810360745	7.722620132266655e-07	4.7709932548790865	True	1.9092658795571558e-08
Qwen3-8B	magicoder	layers.29.self_attn.k_proj	0.7998738720446187	0.45614231556247475	0.3918870741843048	0.2618898924237114	0.9658244290427022	0.017373306502376142	0.30537103054802706	1.0719840326522956e-07	10.233679401891395	True	4.9261370247095636e-08
Qwen3-8B	magicoder	layers.29.self_attn.o_proj	0.618499038579525	0.2451981154492219	0.20371319690451986	0.3097537232820019	0.9931205018396934	0.01556274627037231	0.1822907755443473	1.8977768267980366e-07	6.119176876711601	True	3.7122830040646325e-08
Qwen3-8B	magicoder	layers.29.self_attn.q_proj	0.7318163968484075	0.28561694992987857	0.2529436894429723	0.21570446302042223	0.9894744880467534	0.01397784019199957	0.2403096361776087	1.479235844925597e-07	8.567207095893426	True	3.4567333833222695e-08
Qwen3-8B	magicoder	layers.29.self_attn.v_proj	0.6144806926619221	0.25774154982562847	0.20887425114021455	0.3432487010339801	0.9955871626504819	0.016548151562005547	0.18759388079749836	2.9024820524803374e-07	6.039726459763587	True	4.4109506848144596e-08
Qwen3-8B	magicoder	layers.3.mlp.down_proj	0.6762543097089564	0.2621821950001991	0.2174365932818571	0.3122052127724507	0.9908585689182181	0.00662814849201456	0.19994825677859474	5.33948259495709e-07	7.3168046177687955	True	2.647476748892166e-08
Qwen3-8B	magicoder	layers.3.mlp.gate_proj	0.45025089744236796	0.12367200045989181	0.11943725765865755	0.06731095694419131	0.9996394682158943	0.01528362525175734	0.11882303136882265	9.640027258672745e-07	3.242850004941207	True	2.8381092828417434e-09
Qwen3-8B	magicoder	layers.3.mlp.up_proj	0.5354568899283898	0.1590524512993198	0.15239652826103606	0.08194349255580924	0.9995378801393244	0.016094936525413862	0.1521458543858525	1.993452938275908e-07	4.586238765361741	True	3.4975835999569643e-08
Qwen3-8B	magicoder	layers.3.self_attn.k_proj	0.7559225831608241	0.533651586898779	0.43700405365285966	0.329412705609179	0.9506556444277068	0.010974726653308776	0.2693648035239686	2.1735228994401723e-07	9.141598064362748	True	2.374439083981553e-08
Qwen3-8B	magicoder	layers.3.self_attn.o_proj	0.5776427819968077	0.2090409894008566	0.1881188271182836	0.19015553148551123	0.9984917662318493	0.014886999757006521	0.17196179669905587	9.929355426763209e-08	5.3375546914509115	True	1.0472595520437046e-08
Qwen3-8B	magicoder	layers.3.self_attn.q_proj	0.6391985981277325	0.23257388941972906	0.20637768121844852	0.2125852504882192	0.9950385717034477	0.01825290444385125	0.19739087314537337	5.997434266991064e-07	6.535027415810425	True	5.938232113533268e-08
Qwen3-8B	magicoder	layers.3.self_attn.v_proj	0.45489752158631397	0.1516492641004255	0.12935046111006718	0.27246255910154626	0.9989165779784338	0.017169779969377276	0.12226445704189401	2.0288140367696883e-06	3.30994545268672	True	1.3324308155004367e-08
Qwen3-8B	magicoder	layers.30.mlp.down_proj	0.485049823973891	0.1422836889884707	0.13085763720592242	0.1541605916582378	0.9990914261260493	0.015265913596013302	0.1287919070541976	1.5762344374170567e-07	3.7634972141097984	True	1.77401321160227e-08
Qwen3-8B	magicoder	layers.30.mlp.gate_proj	0.5419238612282113	0.16131617243970253	0.15032039666263314	0.131679591875843	0.9986871683179275	0.016496305393019745	0.14751959874373485	2.656236492981634e-07	4.697622342642827	True	4.917577927656446e-08
Qwen3-8B	magicoder	layers.30.mlp.up_proj	0.47634536177211817	0.1378919132975265	0.12790987236085682	0.13954029781820232	0.9991687804997696	0.01487503997602009	0.126145199151154	2.06569260852163e-06	3.629660158966206	True	5.289590780370867e-08
Qwen3-8B	magicoder	layers.30.self_attn.k_proj	0.6631455398640491	0.28885794853324165	0.24656749083834922	0.2713768155658809	0.9923201368939819	0.016311610276207943	0.21270207031402408	2.5471655207276456e-07	7.0343235861876945	True	3.6736842282130776e-08
Qwen3-8B	magicoder	layers.30.self_attn.o_proj	0.545775490268424	0.16908100790910524	0.15335534334110007	0.1773631321876521	0.9978792368927002	0.014762419565749623	0.14913803353730662	8.672188288594285e-07	4.764903801450736	True	6.444040038511115e-08
Qwen3-8B	magicoder	layers.30.self_attn.q_proj	0.6177513901702127	0.19666404068717702	0.17884899467077034	0.17296652089159759	0.9973390009126339	0.01614401122365614	0.17583352025828794	4.923351177854585e-07	6.1042711032230725	True	6.45968522256921e-09
Qwen3-8B	magicoder	layers.30.self_attn.v_proj	0.5918961844867586	0.22739590023394865	0.1966696935355384	0.2519861810267471	0.9959832231426599	0.014057632475379615	0.1899801751041301	4.213489508408941e-07	5.604345034723139	True	1.5567064932417257e-08
Qwen3-8B	magicoder	layers.31.mlp.down_proj	0.4994467705608714	0.14821042691952527	0.13596178660145958	0.15845719923079815	0.9991502591200281	0.011085941664840941	0.13338065630573442	4.778332296506704e-07	3.990658907080516	True	2.304031971264421e-08
Qwen3-8B	magicoder	layers.31.mlp.gate_proj	0.614217819818094	0.19147616609488283	0.17615460617125078	0.153633312488356	0.9968715700420971	0.015378754471612403	0.17318481719117793	1.3964819300937847e-08	6.034788712410689	True	3.003007871049452e-08
Qwen3-8B	magicoder	layers.31.mlp.up_proj	0.4763018815516041	0.13799381912926945	0.12758194730334174	0.14521048898054134	0.9992112322160318	0.01500409972561277	0.12581511019300776	1.2314707320548735e-07	3.628999456679849	True	3.6261592610655764e-09
Qwen3-8B	magicoder	layers.31.self_attn.k_proj	0.7048109914569727	0.3461231455095739	0.28167110635263987	0.3377479436244053	0.9875346027386028	0.015098767670086515	0.22857297268421034	6.623129051863685e-07	7.946314054137236	True	5.695484159998893e-08
Qwen3-8B	magicoder	layers.31.self_attn.o_proj	0.7214383754554444	0.2947798524966785	0.2450009076829578	0.3092199407635976	0.988383093515439	0.0151549010917546	0.2259358508595796	5.350705412077161e-08	8.32565978000664	True	1.2300731375901639e-08
Qwen3-8B	magicoder	layers.31.self_attn.q_proj	0.6502989394445274	0.21471328654405655	0.19776591326051945	0.1516305147623398	0.9973781645442084	0.014441150354507184	0.1961731522616053	1.3331803494498473e-07	6.7648101004679	True	2.572303473267715e-08
Qwen3-8B	magicoder	layers.31.self_attn.v_proj	0.5868274738661982	0.20664872584202898	0.17891153956933487	0.2504316471360566	0.996818078498371	0.014756108695679126	0.16964466925439953	4.5743814625076595e-07	5.508669052246414	True	2.8437803733991788e-08
Qwen3-8B	magicoder	layers.32.mlp.down_proj	0.5527411829180988	0.17096988937291643	0.15551195744745508	0.17265182266006174	0.9977586582103926	0.016113261261823365	0.15198218731350177	1.4602818765308e-07	4.887097270650469	True	2.3006604031541996e-08
Qwen3-8B	magicoder	layers.32.mlp.gate_proj	0.5460856132588292	0.16212207782725133	0.1510810953487507	0.13156778149706083	0.9987278648286202	0.015993174102744475	0.14828092912822613	7.349386028643323e-07	4.77012451651068	True	1.5925405537949055e-08
Qwen3-8B	magicoder	layers.32.mlp.up_proj	0.46940785606787994	0.1347999411961902	0.12494923132663437	0.1408128521953954	0.9988118618233961	0.014368071836978032	0.12355423017386052	8.829524000830702e-08	3.5247713335521906	True	2.673170460640923e-08
Qwen3-8B	magicoder	layers.32.self_attn.k_proj	0.714415974676797	0.2772255096147273	0.2360810468395355	0.2748032259370994	0.9917950869134291	0.014112042642210481	0.22443443219900014	1.4589165353573463e-07	8.164619035050334	True	7.998395412896715e-09
Qwen3-8B	magicoder	layers.32.self_attn.o_proj	0.5858566800557059	0.18878181632212343	0.170873627490338	0.18072489574775707	0.9972957272686831	0.015666676256245647	0.16641349652891108	2.9747835128546285e-07	5.490297630227251	True	4.5533975408585306e-09
Qwen3-8B	magicoder	layers.32.self_attn.q_proj	0.6503628490572124	0.21403721712011178	0.19411591469180697	0.17748525155820682	0.9963482323535905	0.01399486200136163	0.18998356602611097	2.038473372323324e-07	6.766221142140311	True	2.8467041999383475e-08
Qwen3-8B	magicoder	layers.32.self_attn.v_proj	0.5842816855035416	0.20565891495487645	0.17793807701352277	0.25141226839560504	0.9970690648538326	0.014098258541802364	0.1698075781758426	4.355533140820711e-07	5.461070986977393	True	1.125328631377729e-08
Qwen3-8B	magicoder	layers.33.mlp.down_proj	0.4290631755400291	0.12111964784060494	0.11360103956149765	0.12029833821650127	0.9996683590983848	0.01707032527861093	0.11245292082065446	9.069901385494461e-07	2.9446703655098667	True	7.927350194672691e-08
Qwen3-8B	magicoder	layers.33.mlp.gate_proj	0.4689575766957202	0.13400632166656049	0.12560883017375413	0.12140289276810912	0.9994877106649239	0.009375628790871443	0.12392652807073186	1.6033017928851478e-06	3.518418751975408	True	2.453468456927589e-08
Qwen3-8B	magicoder	layers.33.mlp.up_proj	0.44291204308383	0.12596395513774336	0.1178087208360794	0.12529360079058738	0.9995422355400804	0.016100535357958277	0.11649494663811667	1.3866652748273367e-06	3.137914897868018	True	4.729506430302802e-08
Qwen3-8B	magicoder	layers.33.self_attn.k_proj	0.7810896750352544	0.4368391762627377	0.37222295089743673	0.2739556726594523	0.968518599133262	0.014153899080622536	0.2790712569283838	9.260310740444311e-08	9.759659906895719	True	1.9442469163183558e-08
Qwen3-8B	magicoder	layers.33.self_attn.o_proj	0.6752250162282852	0.25388031238379194	0.218569352438295	0.2588254760190025	0.9951200974626716	0.015789596843446777	0.20523480411704456	6.001005956601801e-07	7.293051221955124	True	3.2358818628723665e-08
Qwen3-8B	magicoder	layers.33.self_attn.q_proj	0.7496815404602422	0.29444838756326164	0.26225093654638615	0.20673967269403448	0.9912449528013831	0.010986884652308229	0.24859452243991695	1.1285038226116484e-07	8.9912751407444	True	7.498032006570761e-09
Qwen3-8B	magicoder	layers.33.self_attn.v_proj	0.5168220846230897	0.1778977881225357	0.1501400451003161	0.2877179708166546	0.9979278367884816	0.017155082379708888	0.14229936063042106	6.575875313163948e-07	4.272417724603065	True	3.0806010117757036e-08
Qwen3-8B	magicoder	layers.34.mlp.down_proj	0.38020784913999744	0.10135686543598788	0.09820224210727954	0.06127914843718085	0.9998752272925115	0.014001579531385889	0.097946600062711	2.437882322681162e-07	2.312475828057092	True	1.704039720391749e-08
Qwen3-8B	magicoder	layers.34.mlp.gate_proj	0.4145479246876251	0.11517968238945435	0.10976088372613753	0.0918795893711577	0.9996874222059152	0.016356546038308054	0.10889639244461706	5.5222821426781366e-08	2.7488643948520988	True	1.8666333701928742e-08
Qwen3-8B	magicoder	layers.34.mlp.up_proj	0.4305758526263458	0.1210884879611502	0.114413469995799	0.1072114695080284	0.9996215341328932	0.01577453074730434	0.1132240152730162	4.144064980060591e-08	2.9655911547111153	True	5.0267489315094665e-08
Qwen3-8B	magicoder	layers.34.self_attn.k_proj	0.6267005372608906	0.2104440014167136	0.1889084416619785	0.1941956100909421	0.9975633031831844	0.013472147840040045	0.182299735707101	5.861630285597386e-07	6.282909100226666	True	5.315315913941152e-08
Qwen3-8B	magicoder	layers.34.self_attn.o_proj	0.5848109984211142	0.1873961658509334	0.17016154751865184	0.17547951266001893	0.9981150542569984	0.013881387749762913	0.16605366402991403	2.500749589628981e-07	5.471005297939327	True	2.140543476840676e-08
Qwen3-8B	magicoder	layers.34.self_attn.q_proj	0.5357609049850574	0.16845328402635365	0.14982506903855708	0.20893893635410832	0.9982067192698131	0.01387882784204668	0.1451947343606827	1.72537155007646e-07	4.5917497303807595	True	3.247145031414919e-08
Qwen3-8B	magicoder	layers.34.self_attn.v_proj	0.5252254387627934	0.17082863187593722	0.15144014271512446	0.214111932066685	0.9985437275481134	0.016496738531896864	0.14624399573980626	1.216480569610212e-07	4.412588079111589	True	1.0834135785900807e-08
Qwen3-8B	magicoder	layers.35.mlp.down_proj	0.50565433459893	0.16032848207419018	0.1477099476258008	0.1512141584214146	0.9997381751888407	0.016538959869118654	0.1429674922242203	6.322605627939737e-08	4.089862379317108	True	1.0609188494734327e-08
Qwen3-8B	magicoder	layers.35.mlp.gate_proj	0.36436142449137815	0.09999739020438919	0.09335008789380578	0.12853062247630598	0.9998245615393986	0.021078935728821035	0.09603903931216158	1.8895744235969403e-07	2.1232049602331093	True	1.64930740894171e-08
Qwen3-8B	magicoder	layers.35.mlp.up_proj	0.40157216485758035	0.1119847729206888	0.10483421432568266	0.12362870895097644	0.999269053853795	0.014535724653212111	0.10403576559734827	4.826327881790604e-07	2.579615611694211	True	5.115233517557926e-08
Qwen3-8B	magicoder	layers.35.self_attn.k_proj	0.6446332182138794	0.2249418351737935	0.20221600312257854	0.19185260694342443	0.998015238370115	0.019022751382054063	0.19530050277252936	4.1931325722721624e-07	6.646420222553998	True	1.8457906172238742e-08
Qwen3-8B	magicoder	layers.35.self_attn.o_proj	0.37777685908909764	0.10211154854548804	0.09774683426554928	0.08366204258537457	0.9998378235834735	0.016187251059091568	0.0974030222644967	6.138630592733563e-07	2.2828445568593883	True	2.1344645427971503e-08
Qwen3-8B	magicoder	layers.35.self_attn.q_proj	0.4915280800665171	0.14495033437595756	0.1330382298488755	0.15760753730580312	0.9989803403566293	0.01539258628496455	0.13090658885216705	9.23684464693153e-07	3.8646889127323387	True	5.003600129091777e-08
Qwen3-8B	magicoder	layers.35.self_attn.v_proj	0.4617830541538909	0.1359977335472675	0.12530869187695828	0.15101688837917626	0.9990740124625027	0.018775603288033415	0.1236269906727995	1.6397959168301668e-07	3.4106957709605097	True	2.505015437637985e-09
Qwen3-8B	magicoder	layers.4.mlp.down_proj	0.5401075270719181	0.16932405333067344	0.1536900238330931	0.17613881255553332	0.9989317044469973	0.014110905389329078	0.14867828798821175	4.788159546631476e-07	4.6665333482930516	True	1.589142264512985e-08
Qwen3-8B	magicoder	layers.4.mlp.gate_proj	0.5463356221154462	0.15726924677039497	0.15131689304085627	0.07426386265942597	0.9995733211680039	0.014655384718178227	0.14983509911820148	7.806250341690912e-07	4.774703515414537	True	6.162913745383637e-08
Qwen3-8B	magicoder	layers.4.mlp.up_proj	0.55350664157315	0.16713782775840197	0.15529808753236254	0.13665832002035294	0.9993139428599338	0.01404653444690146	0.15442233781942308	1.1244133584220606e-06	4.900957484940242	True	6.111505040959865e-08
Qwen3-8B	magicoder	layers.4.self_attn.k_proj	0.7414275990895347	0.397370259519895	0.3246141707366015	0.33266449871099313	0.9780093836308815	0.012933965463102146	0.23821977164509914	2.1803321781366236e-07	8.793970623290331	True	4.546658684049021e-08
Qwen3-8B	magicoder	layers.4.self_attn.o_proj	0.651762301782895	0.25955699647187835	0.22021768052741364	0.280155172768618	0.9937016063917348	0.017008477764946586	0.19860176845294683	1.329714256481651e-07	6.7947375538859776	True	1.969423262101356e-08
Qwen3-8B	magicoder	layers.4.self_attn.q_proj	0.5741897422335096	0.17881712960610285	0.16277481117355247	0.17137856810114738	0.9979814298168144	0.015450697838075287	0.15886259265558178	2.2811512767617614e-07	5.2738448737374455	True	3.99707397079487e-09
Qwen3-8B	magicoder	layers.4.self_attn.v_proj	0.46459741580759484	0.14627721273328922	0.1283143040579484	0.23052096299601854	0.9992153818816197	0.015562491562322972	0.12412876916629245	1.123775207334532e-07	3.4527764821564704	True	1.499180952513849e-08
Qwen3-8B	magicoder	layers.5.mlp.down_proj	0.6266257715206868	0.2730231579350183	0.21712995343009192	0.3675291600718652	0.9924185262160246	0.016921188031763037	0.18299673492095844	5.979846635639774e-07	6.280751345535018	True	2.4359248639335578e-08
Qwen3-8B	magicoder	layers.5.mlp.gate_proj	0.6897225373289403	0.2184743138977949	0.20646677085249432	0.1069010832638776	0.9967063276798503	0.015088440388330028	0.21029532792862893	1.9068529166776926e-07	7.609744921893076	True	2.5254988101803824e-08
Qwen3-8B	magicoder	layers.5.mlp.up_proj	0.6892231032967816	0.23703150334105347	0.22229111241862548	0.12050766980629479	0.9970730372201249	0.01214065096888339	0.22390457357345817	2.500209639322293e-07	7.599331705639012	True	4.267963922362206e-09
Qwen3-8B	magicoder	layers.5.self_attn.k_proj	0.8641004967899336	0.5415247193101099	0.48908621717316936	0.18429283581531097	0.943002330559509	0.00918126294071386	0.3705688579676416	1.8934267709269648e-08	11.945708093854014	True	2.0373124182063743e-08
Qwen3-8B	magicoder	layers.5.self_attn.o_proj	0.6857703759363177	0.2954314763467834	0.2602498735490241	0.22398963010032968	0.9896912283995133	0.016064093903478512	0.2399053024743104	4.817907142129485e-07	7.522547152900696	True	2.0780685513077067e-08
Qwen3-8B	magicoder	layers.5.self_attn.q_proj	0.7526494180608972	0.3095164254662636	0.27745493354623085	0.19644149732501814	0.988273101714891	0.011872215925036367	0.26173560873835655	1.732346870397805e-07	9.06241768041887	True	1.389705292728367e-08
Qwen3-8B	magicoder	layers.5.self_attn.v_proj	0.526155733374682	0.17108571546678342	0.15118511857898687	0.219108691355694	0.9987264858794459	0.016567120774184704	0.14486344961165198	1.3261750215765034e-06	4.42821020152981	True	3.6985520168592005e-08
Qwen3-8B	magicoder	layers.6.mlp.down_proj	0.34881754092502376	0.09988960865929825	0.09103613935561808	0.1694093449811903	0.999748054581513	0.023409615104441728	0.09330624603494447	3.529378722610943e-08	1.9457118379476843	True	1.729755764013811e-08
Qwen3-8B	magicoder	layers.6.mlp.gate_proj	0.6574989003507267	0.21724356546230747	0.19555064841148573	0.18973948300130083	0.995040358539809	0.009671572720794157	0.18957047392178944	8.700239628733897e-07	6.916217828892241	True	7.257678808760866e-08
Qwen3-8B	magicoder	layers.6.mlp.up_proj	0.5679764465375992	0.19162137989800362	0.16892918639946863	0.2228202892479848	0.9971788286848131	0.00898100589335207	0.1577476451637116	1.1497674989868756e-07	5.161138391136165	True	1.8682559207661513e-08
Qwen3-8B	magicoder	layers.6.self_attn.k_proj	0.9147715707633663	0.6282962440266977	0.5760296494318877	0.1594554258449814	0.9091708532439338	0.010878423289807256	0.4594845185593302	3.4823318273424775e-07	13.387318657865825	True	6.341236862186567e-08
Qwen3-8B	magicoder	layers.6.self_attn.o_proj	0.7537771296222343	0.41289062374428576	0.33948980021087194	0.3239428348635045	0.966981558333053	0.013439912958641028	0.2588307211872288	1.804755449530404e-07	9.089234000495681	True	3.399298327445434e-08
Qwen3-8B	magicoder	layers.6.self_attn.q_proj	0.736861949426743	0.2931767381097255	0.2616325740378315	0.20361217715463065	0.9899574978344126	0.014297491701347179	0.2490328701395732	3.200835272387792e-07	8.685678207303727	True	1.579693143522147e-08
Qwen3-8B	magicoder	layers.6.self_attn.v_proj	0.6670850054915828	0.26518361806269647	0.21798597196892344	0.32428476715639376	0.9912522899988205	0.0109551927807783	0.20027074119783758	5.473355126905943e-07	7.1191761593600065	True	2.9695658683530892e-08
Qwen3-8B	magicoder	layers.7.mlp.down_proj	0.462669424954863	0.20725749846027658	0.13594348782306218	0.5697743372620345	0.9941828296035804	0.009963046359979563	0.1213632941664013	3.162848662974227e-07	3.4246701408096127	True	5.036071525639828e-08
Qwen3-8B	magicoder	layers.7.mlp.gate_proj	0.725592238955475	0.25531587406724543	0.23108484030464244	0.18080503138012904	0.9957002719025756	0.013341525661363979	0.22458827961198	4.6020155464177037e-07	8.422238408262707	True	2.8483715459975383e-08
Qwen3-8B	magicoder	layers.7.mlp.up_proj	0.48674145981895567	0.1429958609449896	0.13262469198939988	0.13979523717987474	0.9996209560698618	0.012728456083425961	0.12971342479930992	1.0543179724820106e-06	3.7900538464189095	True	5.326440311321725e-08
Qwen3-8B	magicoder	layers.7.self_attn.k_proj	0.7702809817671902	0.35487199752383997	0.30897445993928735	0.24194328108210872	0.9892869816661254	0.01251070831765645	0.2735072642009216	1.65901444693084e-07	9.491841928871777	True	5.1021343887750626e-08
Qwen3-8B	magicoder	layers.7.self_attn.o_proj	0.6592501386880002	0.32897789827604884	0.27240809542160865	0.31434353365842926	0.9816731323048453	0.013966862632407212	0.21728523409507391	3.901904981340465e-07	6.952410005330874	True	4.412113609979011e-08
Qwen3-8B	magicoder	layers.7.self_attn.q_proj	0.7407060868700088	0.28385765547011904	0.24558713628594883	0.251468627614599	0.9899883091124962	0.01291805078900538	0.23570222561985046	3.172985884036805e-07	8.776868791195751	True	8.109781528890177e-09
Qwen3-8B	magicoder	layers.7.self_attn.v_proj	0.5450207534709899	0.17770519890998415	0.16240598040971846	0.16477445625627385	0.9985829286652215	0.013327543478996142	0.15866755864608525	5.735329666745059e-07	4.751912294858433	True	4.117370268664525e-09
Qwen3-8B	magicoder	layers.8.mlp.down_proj	0.49594745845011934	0.23954825415994555	0.1629132999882849	0.5374836798489959	0.993197327850761	0.012558338910541799	0.1332122797356569	1.037788538438278e-06	3.934793274915425	True	3.022750848959649e-08
Qwen3-8B	magicoder	layers.8.mlp.gate_proj	0.6678862581593261	0.31933580746918	0.23888508295648048	0.44039340467741606	0.9777840272949909	0.006016901248665313	0.19298119215908136	8.51834021098341e-08	7.136893258456009	True	1.4086966915897286e-08
Qwen3-8B	magicoder	layers.8.mlp.up_proj	0.6578802765360034	0.29180788649239897	0.24041609722493432	0.3212137514935822	0.9880805886619632	0.016887650876667243	0.2030827550034828	4.183080637432113e-08	6.922927820658569	True	2.4967358969683324e-08
Qwen3-8B	magicoder	layers.8.self_attn.k_proj	0.7453744113306986	0.35560900988490274	0.2972112834970054	0.3014699808723308	0.9836080505988342	0.014552023433887472	0.24799741229407546	2.0672409006827763e-07	8.887442118105877	True	2.2504935973901712e-08
Qwen3-8B	magicoder	layers.8.self_attn.o_proj	0.546500021483767	0.17868610304506286	0.15667147498455103	0.23122666854386809	0.9973208293873964	0.016156057433862465	0.15025534342383676	1.5683427045942722e-07	4.777347576619005	True	3.332165595113701e-08
Qwen3-8B	magicoder	layers.8.self_attn.q_proj	0.6480144887204874	0.21415613621987545	0.19612078540357106	0.16133947418227312	0.997004689104739	0.013904693579601253	0.1934261180617603	4.7110355971824447e-07	6.717459102927215	True	4.115874383287156e-08
Qwen3-8B	magicoder	layers.8.self_attn.v_proj	0.4856292112150449	0.15480499236803064	0.13711563564569962	0.21547996682937798	0.9989213654664107	0.01612715717024327	0.13268317041934635	1.7353903047911956e-07	3.772388985126705	True	2.0628220580061667e-08
Qwen3-8B	magicoder	layers.9.mlp.down_proj	0.47035166027698094	0.19817172613685696	0.1447981688406896	0.4661211025609777	0.997083342968737	0.010944292652421861	0.12549344059308445	3.742749570267989e-07	3.5392643244083586	True	2.6415449911116247e-08
Qwen3-8B	magicoder	layers.9.mlp.gate_proj	0.6126653152698854	0.2467688517893174	0.19726298745104018	0.36098576714608366	0.9918840536675294	0.0148397104581494	0.17376810539340565	7.793862768501469e-07	6.004408690824571	True	4.816200125045708e-08
Qwen3-8B	magicoder	layers.9.mlp.up_proj	0.6525119754094165	0.26812989819176014	0.22486177992260423	0.296699701818823	0.9902273695649787	0.017101103862944673	0.19774085392530089	2.506761249687628e-07	6.810354377989571	True	3.0026375518822554e-08
Qwen3-8B	magicoder	layers.9.self_attn.k_proj	0.7042164381465816	0.36880689608479755	0.30626843982429064	0.3103854336809867	0.9834423134905768	0.01667779809382626	0.2272018749715991	5.812806547211835e-08	7.932526552744272	True	5.210792192083531e-08
Qwen3-8B	magicoder	layers.9.self_attn.o_proj	0.6306894540580885	0.23988476174096152	0.20723670964992094	0.25367488863610577	0.9953122470444238	0.015389282194023902	0.19357182733706715	4.0267105982927376e-07	6.362794616266207	True	1.3951908655987676e-08
Qwen3-8B	magicoder	layers.9.self_attn.q_proj	0.7146781622940427	0.2581572291850634	0.22693153412849212	0.2272818452148282	0.9946647160016919	0.015144174053120274	0.22427784381789326	5.050022755526129e-08	8.170362915187333	True	2.8783964424053972e-08
Qwen3-8B	magicoder	layers.9.self_attn.v_proj	0.6023389240594698	0.23330821844792338	0.20420445196889397	0.23392667993935867	0.9969084450526241	0.01845833446961912	0.18955042832101826	2.99434023798284e-07	5.803013575304856	True	2.695503965038245e-08
Qwen3-8B	metamath	layers.0.mlp.down_proj	0.5426872291253528	0.3301807987442042	0.2149836461843517	0.5760572417014599	0.9694219525419014	0.013558135756568014	0.1502783171352139	8.391758132830773e-08	4.711283865852708	True	4.853010763016385e-08
Qwen3-8B	metamath	layers.0.mlp.gate_proj	0.681474161442234	0.243387988348391	0.211533654015167	0.2446283860167412	0.9925105540514315	0.009335853336855406	0.19987577295559805	1.63037087608231e-07	7.42986731632097	True	1.1646275462223453e-08
Qwen3-8B	metamath	layers.0.mlp.up_proj	0.8000527092790002	0.3556711921441762	0.31484074845594406	0.21641792777390956	0.9839204434150294	0.011598485510135413	0.28203367194233026	1.7624166881446968e-07	10.239968076418966	True	5.949170776895047e-09
Qwen3-8B	metamath	layers.0.self_attn.k_proj	0.8691435269832516	0.6501399279544401	0.5871601262688007	0.18435827808555938	0.9102252202581473	0.014532744951908632	0.41444940437650246	3.811899349503989e-07	12.084005624115335	True	2.5618862808921644e-08
Qwen3-8B	metamath	layers.0.self_attn.o_proj	0.7373807737970528	0.3138477345471863	0.2689707942550258	0.2655330556084984	0.9897882629732829	0.011474006747509017	0.23904300902537134	2.750989593902631e-07	8.69853636477766	True	5.550562387012422e-08
Qwen3-8B	metamath	layers.0.self_attn.q_proj	0.7569808366726364	0.4366132382308868	0.39988831933506047	0.16115129518370386	0.9776165852248477	0.014294157109582721	0.25770860077021823	3.708893370202304e-07	9.166439696022723	True	6.504116405675135e-08
Qwen3-8B	metamath	layers.0.self_attn.v_proj	0.7282568496518039	0.29225643743016433	0.2435978847118139	0.3052655201465898	0.9882224794306191	0.014054617976539688	0.22712791488386133	1.2751589784087969e-08	8.484052636029004	True	2.290608490771598e-08
Qwen3-8B	metamath	layers.1.mlp.down_proj	0.504399961487058	0.272805722746772	0.17254192708059218	0.5999794195866397	0.9800549911570746	0.014183331853078428	0.1346386204563394	7.686202259105102e-07	4.069883990029462	True	2.622102482546509e-08
Qwen3-8B	metamath	layers.1.mlp.gate_proj	0.3210206775468082	0.08671643408548817	0.0806091773329977	0.13589571957083024	0.9996764843547415	0.018514102276766104	0.08378501167993778	3.9853958464508565e-06	1.648290082505085	True	3.413098670198081e-08
Qwen3-8B	metamath	layers.1.mlp.up_proj	0.5646392754410271	0.20066908987841584	0.1794895259031755	0.19994976163107803	0.9972889278281898	0.01590790587707149	0.1745984333038078	4.038656952198849e-07	5.099793414345148	True	1.4113834995282649e-08
Qwen3-8B	metamath	layers.1.self_attn.k_proj	0.7061731258935801	0.4833273651263873	0.41778369766646534	0.25282865267048105	0.9828768741324503	0.015209240367325919	0.2368097429265167	3.3052424941448777e-07	7.97704732873184	True	2.073183562559221e-08
Qwen3-8B	metamath	layers.1.self_attn.o_proj	0.6256114140336125	0.32327075748743855	0.23419062605440938	0.47518507962249557	0.9822859634100062	0.0176882661253063	0.1795281045886467	8.442594623403465e-08	6.2602760239331	True	2.0624029241468383e-08
Qwen3-8B	metamath	layers.1.self_attn.q_proj	0.4630072674947801	0.14016168650063468	0.12699189421997545	0.17909410690369465	0.9991476884890816	0.018241607517366015	0.12388866605739914	1.4274930606461567e-06	3.428860528886515	True	2.8269892625075057e-08
Qwen3-8B	metamath	layers.1.self_attn.v_proj	0.4655375652169434	0.1757454952980448	0.136999216346454	0.3923300481059103	0.9969196139841531	0.01784915426997789	0.12612554736737633	1.2702339633463566e-06	3.4664900357047808	True	1.649268964651758e-08
Qwen3-8B	metamath	layers.10.mlp.down_proj	0.5404538068811413	0.2942056758569031	0.19727386732896532	0.5503889014736382	0.9892394893756421	0.012204205746995106	0.14895645824605475	1.5373618145186896e-07	4.6727504394605335	True	2.3339865811890185e-08
Qwen3-8B	metamath	layers.10.mlp.gate_proj	0.4914889771235	0.15745924165984107	0.14016034143180878	0.20765561879864947	0.998451440765229	0.017220083859900367	0.13379964989231924	1.1667431945028284e-06	3.8638275296691114	True	4.575184456897577e-08
Qwen3-8B	metamath	layers.10.mlp.up_proj	0.655549975208989	0.2666566837066178	0.21666437459156804	0.33980828817785913	0.9900863704894559	0.01511896314228374	0.19174266227225353	1.1920498199646801e-07	6.874362237303247	True	2.9430312677056357e-08
Qwen3-8B	metamath	layers.10.self_attn.k_proj	0.6517200920384432	0.3661635685453422	0.29340579012209084	0.3579230252785367	0.9895432650728928	0.015874237721768502	0.21025103127104963	6.697112764353363e-07	6.7941036640089685	True	5.118861758229823e-08
Qwen3-8B	metamath	layers.10.self_attn.o_proj	0.6695548340185884	0.3431461282417725	0.2565648540456199	0.440968704573496	0.972454435026778	0.01295252547569176	0.19909500409583558	6.758595838540771e-08	7.171654467140142	True	1.677720735759621e-08
Qwen3-8B	metamath	layers.10.self_attn.q_proj	0.47020855519894006	0.16010941405719142	0.13056064236631168	0.33504719860020826	0.9974522187875745	0.014709518781843955	0.1246451386073026	1.567708762806319e-07	3.536770840433444	True	4.2658837590231566e-08
Qwen3-8B	metamath	layers.10.self_attn.v_proj	0.566567716841519	0.2812222932038341	0.22169083988208593	0.3785645747903047	0.9926387968226518	0.0125699008147177	0.166156512495749	7.341452135101179e-08	5.13517139250436	True	3.179108657818433e-08
Qwen3-8B	metamath	layers.11.mlp.down_proj	0.6124843442458887	0.3385535542415511	0.22999489218311286	0.5384894564543985	0.9669571648205242	0.015327314786087013	0.17632004816591343	4.844834839978773e-07	6.0007772618839	True	2.1813357679039377e-08
Qwen3-8B	metamath	layers.11.mlp.gate_proj	0.5302241437694556	0.18073665764630847	0.15568847681469794	0.25797173903406756	0.9982576243858616	0.011487248206187862	0.14569920106495315	2.1423454787949936e-07	4.497610640563937	True	6.007296915698505e-08
Qwen3-8B	metamath	layers.11.mlp.up_proj	0.749684018946756	0.33548967507523497	0.273015145797802	0.3377603747614487	0.9816174215737467	0.011749530545597986	0.23917055490505604	3.9167504728432334e-07	8.99116959247827	True	3.0091098892460243e-08
Qwen3-8B	metamath	layers.11.self_attn.k_proj	0.590739039130102	0.33355048216608424	0.24430691711299726	0.46352636766510946	0.9790918382065483	0.016186976161572313	0.19014635834289145	3.120021707658793e-08	5.5820984545158465	True	2.3500520091074106e-08
Qwen3-8B	metamath	layers.11.self_attn.o_proj	0.7583293216159632	0.40895444555766397	0.3251258301784618	0.36794760526665726	0.9597940350144115	0.008120290254353717	0.24760721553299248	2.575338959864837e-07	9.200402314835358	True	1.7646682449931365e-08
Qwen3-8B	metamath	layers.11.self_attn.q_proj	0.5734071709757804	0.21191979988545115	0.1763639714488925	0.3074092779221662	0.9955079182643384	0.013136957480418755	0.16387072620584628	5.807478400399191e-07	5.2598185349747615	True	4.0713228486620556e-08
Qwen3-8B	metamath	layers.11.self_attn.v_proj	0.4928786478259988	0.23217986919188988	0.16261551210562458	0.5094595581416128	0.9941937734810927	0.01625421706112452	0.13395326038345048	2.961417064906158e-07	3.885840572870971	True	1.6707707226733527e-08
Qwen3-8B	metamath	layers.12.mlp.down_proj	0.7364494858881546	0.41436791103801346	0.32469373639828397	0.38598979435126635	0.9647968717814279	0.009145484942331071	0.25821366357024933	1.5008369103064467e-07	8.676997115636917	True	3.393715905329001e-08
Qwen3-8B	metamath	layers.12.mlp.gate_proj	0.5293277376921945	0.17577053727788042	0.15184140540146251	0.25374325561317657	0.9974519214828812	0.015796382345473804	0.14428214674599352	1.1808828086490308e-06	4.481876451992956	True	3.7438266615787625e-08
Qwen3-8B	metamath	layers.12.mlp.up_proj	0.8165099854795906	0.45280957489844426	0.3790280802724608	0.2993331536394007	0.9667535054106109	0.014558665189925135	0.2951347421973484	5.213189011588071e-07	10.664744858027115	True	3.4839325642445135e-08
Qwen3-8B	metamath	layers.12.self_attn.k_proj	0.6751275750498081	0.3809867016345744	0.28083076468313223	0.4566624359948619	0.9661050117660378	0.01642977679042935	0.2072564966019384	3.133665347210268e-07	7.290791862094214	True	3.654760605818386e-08
Qwen3-8B	metamath	layers.12.self_attn.o_proj	0.6437796901395371	0.325595128077165	0.25559160209340004	0.38377776512446404	0.9853476141422294	0.017522737584324485	0.19877303417292963	5.024783042983927e-07	6.629193872037528	True	1.2710263789918034e-08
Qwen3-8B	metamath	layers.12.self_attn.q_proj	0.6594098972373569	0.2989130955541898	0.25292399380761554	0.2840376619738366	0.9894040325195586	0.014849641915109955	0.2175593070621625	6.324398844625989e-07	6.955599670703111	True	3.671721817278897e-08
Qwen3-8B	metamath	layers.12.self_attn.v_proj	0.42308868629123136	0.17625195006779396	0.12555500028099598	0.4925419279106865	0.9985319536753997	0.01634825418889329	0.11145434543823482	6.080685247544793e-07	2.8633026002399964	True	3.067867365711165e-08
Qwen3-8B	metamath	layers.13.mlp.down_proj	0.7454439054725464	0.47097780055461874	0.3516758378731312	0.4424495287337237	0.9312623686235995	0.013860517694875178	0.24141635942457987	4.1600529221419436e-07	8.889270380910345	True	6.25603605876458e-08
Qwen3-8B	metamath	layers.13.mlp.gate_proj	0.6466228042494214	0.22941877606747238	0.19904050043686958	0.24729466735550276	0.9946647270371046	0.014710852262450976	0.18884879745881505	3.5777149642868267e-07	6.688484266004965	True	5.394764987735695e-08
Qwen3-8B	metamath	layers.13.mlp.up_proj	0.7671519468431827	0.35355071183451325	0.29742223382009714	0.292309394794403	0.9820077165905524	0.013019025098637454	0.2538932079845347	2.8546103014726043e-07	9.414752352617954	True	1.332395496028102e-08
Qwen3-8B	metamath	layers.13.self_attn.k_proj	0.6219515754223657	0.3494565648198731	0.246363284874054	0.5029894983678659	0.9707716753006278	0.014803052830258916	0.1834865240342736	5.932912294781545e-08	6.1878232231243055	True	4.522648342747854e-08
Qwen3-8B	metamath	layers.13.self_attn.o_proj	0.6849364946152969	0.36472470390391054	0.2709802127519455	0.44799272926517375	0.9664842376992919	0.01316475655812518	0.20531623522359094	2.564872629839954e-07	7.504903269637164	True	3.284871442275003e-08
Qwen3-8B	metamath	layers.13.self_attn.q_proj	0.669080770225502	0.31702745510851194	0.26051162246905685	0.3247564282752847	0.9886763776358738	0.015142051125724853	0.21906487163919744	9.888310539274414e-07	7.1610487939064	True	2.3454268471393733e-08
Qwen3-8B	metamath	layers.13.self_attn.v_proj	0.654894716182815	0.40695077327155565	0.291683676589822	0.48626341447794796	0.9696933165638456	0.016977975271049314	0.19819814172561298	4.736587626563704e-07	6.860221888814288	True	3.725845463458161e-08
Qwen3-8B	metamath	layers.14.mlp.down_proj	0.7285381320717726	0.39453554107962024	0.32231933686241143	0.33257809271598937	0.977020444332846	0.014818667124622334	0.26033373458558967	1.6139686676019949e-07	8.49042285333502	True	1.4281668105717588e-08
Qwen3-8B	metamath	layers.14.mlp.gate_proj	0.6271515935568449	0.23323519958129313	0.19734057656473353	0.28411280059242605	0.9958557240893237	0.014858879979586225	0.18023850885582696	4.5617029931221964e-07	6.291710768963915	True	1.1673885429743439e-08
Qwen3-8B	metamath	layers.14.mlp.up_proj	0.7782545593191221	0.3893242268859118	0.32221394788511754	0.31503905060987936	0.9670080352442448	0.010734304135783782	0.2652881521419387	4.567895663942778e-07	9.689757058548214	True	1.557819627679575e-08
Qwen3-8B	metamath	layers.14.self_attn.k_proj	0.7124359526696581	0.452598181250993	0.3756543870130286	0.3111077147376188	0.9496332016245127	0.014773502413300369	0.2891230181873788	9.963632587872695e-07	8.119251138352764	True	2.53798341823095e-08
Qwen3-8B	metamath	layers.14.self_attn.o_proj	0.7538316691949116	0.4849603593347501	0.36890568294152226	0.4213469995049096	0.9373982373270202	0.010406847528120707	0.24252986578349287	1.2830401607821784e-07	9.091207927599369	True	3.489976303140536e-08
Qwen3-8B	metamath	layers.14.self_attn.q_proj	0.6189615307082039	0.26363930461463414	0.21391928336202176	0.3416155649438578	0.9937154692203218	0.014739315502098506	0.18144131280239884	6.76870691052045e-07	6.128474041283766	True	7.36560860925613e-08
Qwen3-8B	metamath	layers.14.self_attn.v_proj	0.7085212442355824	0.39887250816347	0.32372593321134885	0.34130134779134524	0.9781833154247898	0.01637870930165952	0.2437638610335993	3.534628177925825e-07	8.029888641626616	True	1.932244148589528e-08
Qwen3-8B	metamath	layers.15.mlp.down_proj	0.7920536270976681	0.5516171258271565	0.4417441112487553	0.3586928891831892	0.915685078488429	0.010601493338732577	0.30199730523358764	8.499826453789439e-08	10.036456736694738	True	3.42243866770467e-08
Qwen3-8B	metamath	layers.15.mlp.gate_proj	0.5562211684620482	0.2028833191250113	0.16744620346017858	0.3188262117349987	0.9965461123116413	0.013020584119601625	0.15338542662043417	4.7103643696644326e-07	4.949267929122777	True	5.5970389072170866e-08
Qwen3-8B	metamath	layers.15.mlp.up_proj	0.8063445656915661	0.40528018256897036	0.341655298588724	0.2893339240669883	0.9744056630867012	0.01380160564686383	0.2835300811995281	4.3686396544728723e-07	10.401074229479775	True	2.3208733747078345e-08
Qwen3-8B	metamath	layers.15.self_attn.k_proj	0.7306421325485377	0.4753688703353627	0.40056668402831475	0.28995123939192036	0.9423975910491629	0.01332564786478925	0.25897747689016126	6.769956455432435e-07	8.539878528454876	True	2.8095220098368327e-08
Qwen3-8B	metamath	layers.15.self_attn.o_proj	0.7280120799951271	0.3890594125758337	0.31103499401557816	0.36087375232830166	0.9657558122355524	0.013586883710900353	0.23244639840083786	3.995896247221964e-08	8.478460653881946	True	5.134289958509655e-08
Qwen3-8B	metamath	layers.15.self_attn.q_proj	0.6424757097989815	0.32256877385270644	0.23901343073361542	0.45096508373068145	0.9822073464785362	0.01573145175744978	0.19049238470661659	1.0533090999409467e-07	6.602767546212285	True	2.902158405041416e-08
Qwen3-8B	metamath	layers.15.self_attn.v_proj	0.7017229267555758	0.43354392418767135	0.33307024323575224	0.40979149988606256	0.9678285518780365	0.014616982588984835	0.22669369596338484	1.6013675607773337e-07	7.8769602573806585	True	4.367303431340851e-08
Qwen3-8B	metamath	layers.16.mlp.down_proj	0.6203512609031689	0.8100874928140894	0.5916869468162405	0.4665175674067019	0.8611167935571227	0.015091671686728484	0.18499746028106798	1.0983869325187356e-07	6.155967244224479	True	2.105737075473199e-08
Qwen3-8B	metamath	layers.16.mlp.gate_proj	0.5980028921293713	0.23327122626466862	0.19482413443795832	0.3024695579208675	0.9969225267178405	0.01387589603626454	0.1748430570575296	4.990334523391482e-07	5.7206119717158215	True	2.4509777698347706e-08
Qwen3-8B	metamath	layers.16.mlp.up_proj	0.7065854897059891	0.31886394926306894	0.25190814225845337	0.37587214047762496	0.9839248554992203	0.013786200971648363	0.2169226926125	5.376405813883878e-07	7.986682046594615	True	1.7260444965175064e-08
Qwen3-8B	metamath	layers.16.self_attn.k_proj	0.7845895723636167	0.5582481840478376	0.4718771384561925	0.28549834971888555	0.9406539881935375	0.014227372197743709	0.3187112698619754	2.7874345143175105e-07	9.847293587930624	True	4.053391607789182e-08
Qwen3-8B	metamath	layers.16.self_attn.o_proj	0.8155717799461919	0.4829610253357158	0.41166956795847753	0.27343686656114763	0.9660912406809349	0.01582825874006698	0.30470007840772384	5.423079936228703e-07	10.639839401750661	True	3.011138131345931e-08
Qwen3-8B	metamath	layers.16.self_attn.q_proj	0.6517481888782046	0.3144698411372449	0.23763373597462054	0.42897096780567223	0.9831022831219438	0.014723785050372314	0.19433886297896732	3.450047716402338e-07	6.794933145782051	True	4.1922030377383154e-08
Qwen3-8B	metamath	layers.16.self_attn.v_proj	0.6312484634520924	0.3508323409982986	0.25419120716597104	0.47504532889929707	0.9828678199673745	0.01491348186908509	0.18513239076911375	7.012011402629525e-07	6.3741670143895535	True	5.2775988001529164e-08
Qwen3-8B	metamath	layers.17.mlp.down_proj	0.6563988191191674	0.38182276393222475	0.28136649102142824	0.4569733864703286	0.9798524968249337	0.016776182782640866	0.2016073903422997	1.203350761258548e-07	6.891808717918914	True	4.692343945672161e-08
Qwen3-8B	metamath	layers.17.mlp.gate_proj	0.5351754343611581	0.20372257996638668	0.16190237686149891	0.3684203704004213	0.9969090049866719	0.015713114769474398	0.14748755441486225	7.613306516329743e-07	4.581465498711471	True	1.8892101206153007e-08
Qwen3-8B	metamath	layers.17.mlp.up_proj	0.5756754020049394	0.25298782095355465	0.19140791386518796	0.4275724187833396	0.9949067253060851	0.013778367027534126	0.16068240669107228	3.50757560330095e-07	5.301424344326794	True	3.964633583000221e-08
Qwen3-8B	metamath	layers.17.self_attn.k_proj	0.7460871246964317	0.5004670588200629	0.41242769881266694	0.32088291608505326	0.9598549568342578	0.016127553890067762	0.2781160286506443	5.055440818191315e-07	8.904028444838206	True	3.795560696058977e-08
Qwen3-8B	metamath	layers.17.self_attn.o_proj	0.7536024442456456	0.5232254730788513	0.4388885902214108	0.29639191266989284	0.9630952853496505	0.012658663808384886	0.26119101062518274	2.8178238209441986e-07	9.085205119979424	True	1.3016765242288045e-08
Qwen3-8B	metamath	layers.17.self_attn.q_proj	0.6012715917919508	0.2804817343149082	0.21403765382550802	0.4176672766928514	0.9909852981853929	0.012112618079414305	0.17456741783538102	2.2371876862159468e-07	5.783594354166096	True	4.007442921850069e-08
Qwen3-8B	metamath	layers.17.self_attn.v_proj	0.5988898688663138	0.30361114256763394	0.2363168284099771	0.3941656600752891	0.9884535862589312	0.013382502921895098	0.17727145376329076	3.5102268536313375e-07	5.737673419724267	True	5.790039185197532e-08
Qwen3-8B	metamath	layers.18.mlp.down_proj	0.6731029101561196	0.43334107426308927	0.3036646934122471	0.5089464115306799	0.9555641182007284	0.01564095941878847	0.20161422829515313	2.8438978061373632e-08	7.247306618134706	True	2.3907197416296157e-08
Qwen3-8B	metamath	layers.18.mlp.gate_proj	0.606166827045075	0.24759943400485765	0.1976864637007082	0.362537604969684	0.9931597724688738	0.012919645940781184	0.1740312356993201	2.105905116955853e-07	5.8780277711954865	True	2.5326941096876452e-08
Qwen3-8B	metamath	layers.18.mlp.up_proj	0.6676101821817141	0.3235291428611976	0.24721826310263745	0.41610563045257387	0.9722722915502404	0.014574145027093864	0.20173324008930252	1.3724841263496046e-07	7.129737009598618	True	5.3342331260972186e-08
Qwen3-8B	metamath	layers.18.self_attn.k_proj	0.7552058734697865	0.614021645997013	0.5161352846574371	0.2934226092509701	0.965955001408525	0.015169644811310907	0.26815843662463956	2.354405759241729e-08	9.123275096693344	True	3.5269522047213746e-08
Qwen3-8B	metamath	layers.18.self_attn.o_proj	0.8278471296437327	0.4881952119777497	0.41711089673537094	0.2700114640239225	0.9580821971742778	0.016321014807534423	0.3141444925059842	5.656249704166783e-07	10.962360633858733	True	1.975644041231789e-08
Qwen3-8B	metamath	layers.18.self_attn.q_proj	0.7462265436206191	0.43189813229540025	0.370670015050833	0.2634329968317143	0.973842951339274	0.013453824140764325	0.2930148190816854	2.818426617645642e-07	8.908057194492724	True	2.4021569564070947e-08
Qwen3-8B	metamath	layers.18.self_attn.v_proj	0.7472877986035585	0.4964446177394748	0.3979730776027042	0.3573629298979706	0.9541817464684409	0.01341756521895767	0.25872971149175816	3.340123446715637e-07	8.933410313363293	True	3.803824100211763e-08
Qwen3-8B	metamath	layers.19.mlp.down_proj	0.7079707105434306	0.561483882475965	0.41672300026405174	0.44916648849961716	0.9249709312503975	0.01568765218271795	0.22704085689748402	2.7672259717004266e-07	8.017591235776777	True	2.498241123300659e-08
Qwen3-8B	metamath	layers.19.mlp.gate_proj	0.6353690389460648	0.29991742879818584	0.23795102047905228	0.37053478583481436	0.9925900649220735	0.015973308140264708	0.19487206354640346	4.981921220004182e-08	6.457453676333116	True	4.441321812615666e-08
Qwen3-8B	metamath	layers.19.mlp.up_proj	0.7026507296598355	0.37016966235348936	0.28940754275595015	0.38875116266633936	0.9836336049163784	0.016174281365292264	0.22058335672484494	3.7048689305319016e-07	7.897428053508887	True	3.4625567474386294e-08
Qwen3-8B	metamath	layers.19.self_attn.k_proj	0.7916334600523596	0.6449389437679709	0.5619502912797888	0.2407958082104783	0.9045020978789862	0.014202515628661367	0.32052541381758015	2.4202913984083807e-07	10.024909160636021	True	3.620096238623771e-08
Qwen3-8B	metamath	layers.19.self_attn.o_proj	0.7944105381686914	0.6223100089083876	0.5102825317709626	0.3276307686784642	0.8741024037281951	0.013374202463338218	0.27580596986906236	4.865762794903361e-07	10.095593709389805	True	3.642230792762352e-08
Qwen3-8B	metamath	layers.19.self_attn.q_proj	0.7199958061735465	0.36440529979576103	0.2991317957498588	0.3261615524657766	0.9800088977249826	0.01472255146100187	0.24235887753606247	3.2647304171185e-07	8.292500140498548	True	2.3811442485200406e-08
Qwen3-8B	metamath	layers.19.self_attn.v_proj	0.6358675164762977	0.3750778147942125	0.2664670080278555	0.49528741168665824	0.9800078939455765	0.015254802427370475	0.1867866621410543	5.549204806776231e-08	6.467733807993305	True	4.868699950997266e-08
Qwen3-8B	metamath	layers.2.mlp.down_proj	0.64153031223456	0.3543923003458462	0.2643300773741699	0.443680080090491	0.9852912109423972	0.014029732253447936	0.18899238632836088	4.784890683673382e-08	6.583681490632658	True	3.266378183248601e-08
Qwen3-8B	metamath	layers.2.mlp.gate_proj	0.3377275572580576	0.08918903877462274	0.0851260702237393	0.08903392630573026	0.99990438683158	0.026396982045871396	0.08871854347179595	9.688497157878118e-07	1.823683280899807	True	9.205405556559315e-09
Qwen3-8B	metamath	layers.2.mlp.up_proj	0.3982319124778636	0.1161126666259107	0.10452718213651825	0.18960027068626795	0.999293772071243	0.02109741816137334	0.10593131548648925	3.9537819718216127e-07	2.5362910957949456	True	1.5224519927547086e-08
Qwen3-8B	metamath	layers.2.self_attn.k_proj	0.7260429423429562	0.47749019939797677	0.38048787449302385	0.36503071464999304	0.9675361999750088	0.01738333203161553	0.25216176534448553	2.0518816024051034e-07	8.431661553214946	True	2.297255930404148e-08
Qwen3-8B	metamath	layers.2.self_attn.o_proj	0.6127511533900447	0.2688092506191632	0.23532794205055785	0.23359456922559174	0.9918916833481295	0.0161458492582755	0.20936241097890523	1.002690027673836e-07	6.005858754155677	True	1.2912932716148724e-08
Qwen3-8B	metamath	layers.2.self_attn.q_proj	0.570308238238708	0.19397731019480183	0.17168210642869788	0.21666379323160867	0.9969883708638013	0.01583604711291576	0.16350492427536223	1.1672301700738075e-06	5.202706573022808	True	1.897821079099492e-08
Qwen3-8B	metamath	layers.2.self_attn.v_proj	0.45035114004000165	0.23925269462877885	0.15435073588697273	0.5837984117665169	0.9873727427755326	0.02014428159434877	0.12130170259987273	4.2931396104783914e-07	3.2437387852033432	True	3.0195622587651567e-08
Qwen3-8B	metamath	layers.20.mlp.down_proj	0.7443031237489514	0.6161229013703174	0.46780865225547597	0.4234967019488147	0.8893465866029365	0.009780791902538203	0.24023652212070856	3.534661741078082e-08	8.862945668769509	True	3.912133424616545e-08
Qwen3-8B	metamath	layers.20.mlp.gate_proj	0.6003555306060104	0.29057838953664233	0.21658278154959432	0.4444524596789987	0.9806060597995588	0.017639871907345093	0.17716578518458495	2.6948247411340276e-08	5.76503408521615	True	9.87854179305134e-09
Qwen3-8B	metamath	layers.20.mlp.up_proj	0.6848351621566767	0.3296252072336382	0.2518146707808264	0.4163920147373562	0.9807034796624355	0.012210163957489296	0.2067864761795577	7.312787877467031e-07	7.502857460632062	True	2.5572641279578227e-08
Qwen3-8B	metamath	layers.20.self_attn.k_proj	0.7463591400363608	0.6300463647328276	0.5379358824264161	0.2710193366017889	0.9450863171784742	0.015484998549245139	0.264631945438176	6.512399088887122e-07	8.910682683769629	True	1.9687451440994957e-08
Qwen3-8B	metamath	layers.20.self_attn.o_proj	0.8688745876421885	0.657250669984865	0.5967877610859843	0.1755245258365995	0.9281235698793721	0.013060908429447605	0.4142247087097644	5.122496515852504e-08	12.077027008022938	True	2.832140006161042e-08
Qwen3-8B	metamath	layers.20.self_attn.q_proj	0.7368508164965185	0.3970169371026436	0.3329300549284426	0.29678530794619296	0.9823667927439175	0.01707899928900234	0.2637805834443752	2.4630965378413805e-07	8.684647749574742	True	2.7848221991694396e-08
Qwen3-8B	metamath	layers.20.self_attn.v_proj	0.7028069576436455	0.579754052469263	0.43930929290010934	0.425813213169695	0.9135011323837005	0.015528100763631465	0.2266092663380194	1.012275755440939e-07	7.901097928072107	True	2.785754513696826e-08
Qwen3-8B	metamath	layers.21.mlp.down_proj	0.7570264781188394	0.620549835315689	0.4665436841671865	0.43476206683092933	0.8790372424361748	0.012996135719793257	0.24825113604978885	3.135163910705785e-07	9.167870956843217	True	4.925843760000753e-08
Qwen3-8B	metamath	layers.21.mlp.gate_proj	0.6345567588051798	0.26742822229184754	0.218953901073284	0.3296665369348998	0.9954998700527402	0.012481547367351449	0.1903751886944104	3.2947039674269263e-07	6.441588551876779	True	2.9017912003084928e-08
Qwen3-8B	metamath	layers.21.mlp.up_proj	0.808176031534092	0.4906024624542933	0.40298200451702426	0.3252982164451015	0.9502976141952042	0.016550790854469668	0.3025160880530818	8.916920724022503e-08	10.447515172659983	True	5.374825835611356e-08
Qwen3-8B	metamath	layers.21.self_attn.k_proj	0.7504207226247342	0.6042310776343311	0.5037003677649066	0.305074227662707	0.9669187475857272	0.016995005595287275	0.27926995957358686	3.881282159001742e-07	9.007504778073807	True	1.8707986141990873e-08
Qwen3-8B	metamath	layers.21.self_attn.o_proj	0.8614052790142674	0.6425272357038369	0.5674644458323121	0.22000067008995494	0.9095187295700264	0.013775097997662352	0.36613760368628884	2.1724852206084222e-07	11.870057223598895	True	3.574688671299313e-08
Qwen3-8B	metamath	layers.21.self_attn.q_proj	0.7945982105848695	0.5539571159561811	0.47117506120700187	0.2765437045464212	0.948504458705817	0.013586292976792287	0.29644186563712227	2.53754370627135e-07	10.100311199337606	True	3.4995217149252575e-08
Qwen3-8B	metamath	layers.21.self_attn.v_proj	0.772934692601149	0.5905533661297252	0.48736391159162284	0.31893519821321226	0.9347376632941337	0.016977172488422024	0.28938971609517233	1.3286891320518635e-07	9.556090991735115	True	3.0768875799132664e-08
Qwen3-8B	metamath	layers.22.mlp.down_proj	0.7150219529093945	0.562094147370821	0.400883989416625	0.49134970981967385	0.934058822729656	0.012379326888899674	0.22061775319234236	2.34687941969014e-07	8.178844869183147	True	2.5559063042571152e-08
Qwen3-8B	metamath	layers.22.mlp.gate_proj	0.5602961883252695	0.23514080099335474	0.18326415816854327	0.39256601553748705	0.9936469256607143	0.015159587141875423	0.16111585616636398	4.118621668158795e-07	5.021758904751286	True	3.8833880751302035e-08
Qwen3-8B	metamath	layers.22.mlp.up_proj	0.7554658055897425	0.43100483026491	0.3380684872631329	0.38475923151142133	0.9543286907878709	0.014602738451135303	0.2516844017384827	4.241253971359882e-07	9.129717844595932	True	2.2484227557460703e-08
Qwen3-8B	metamath	layers.22.self_attn.k_proj	0.757487583997983	0.48660698932573676	0.3963964306279007	0.33640548869833986	0.9615719502296558	0.013925638811544322	0.27373064811357517	8.393230954695241e-07	9.17880329747863	True	2.2726629885218072e-08
Qwen3-8B	metamath	layers.22.self_attn.o_proj	0.8502387483859162	0.7029506853312768	0.6024494976391639	0.2655003794007975	0.8691102351428743	0.01418703329981529	0.34586960373381204	3.4331505860407674e-08	11.564166063520464	True	3.9877916854481816e-08
Qwen3-8B	metamath	layers.22.self_attn.q_proj	0.7378556020968443	0.39964534455639494	0.322011238442513	0.3507790260877919	0.9775202721524505	0.01413714743796293	0.25102226332704586	5.078964269156216e-07	8.709144435974595	True	4.6597037367340725e-08
Qwen3-8B	metamath	layers.22.self_attn.v_proj	0.7731639460522991	0.541382004990003	0.4234681250034038	0.3881657008586351	0.9478054611597196	0.013932610083944454	0.2638760487186905	3.0932562378183093e-07	9.562669073703018	True	4.6494916857818926e-08
Qwen3-8B	metamath	layers.23.mlp.down_proj	0.7130186554482614	0.5453748622139707	0.39682115367303183	0.47058115254480015	0.9217376727216056	0.014418012680823102	0.22160990040603978	4.6296592071115583e-07	8.132631160969739	True	3.559091434597995e-08
Qwen3-8B	metamath	layers.23.mlp.gate_proj	0.5988330916811063	0.23802091576221518	0.19417119260295052	0.33451334253872833	0.9938691364150442	0.01725118963087753	0.17611442681767472	2.43544453160105e-07	5.735912405781346	True	5.025453585051353e-08
Qwen3-8B	metamath	layers.23.mlp.up_proj	0.7420647123961908	0.34864206159710687	0.2867562961852671	0.32350224046322684	0.9840358881291017	0.017812699300655103	0.24617637691385685	7.151678691474928e-07	8.807752477438498	True	1.3582139238062877e-08
Qwen3-8B	metamath	layers.23.self_attn.k_proj	0.8244167551248264	0.6796675681920086	0.5964184592125634	0.22996749420862794	0.9454383201726049	0.012348087238711065	0.3643733025851469	3.991531360991729e-08	10.872950537451649	True	4.45602676709357e-08
Qwen3-8B	metamath	layers.23.self_attn.o_proj	0.8510811428550538	0.6513123868998929	0.5713060739767161	0.23058790839284726	0.9066594409455275	0.012062231933300126	0.352553498968474	1.232379804871897e-07	11.587736699702676	True	3.911109874524191e-08
Qwen3-8B	metamath	layers.23.self_attn.q_proj	0.797031294623168	0.48035169717191406	0.41205611596884806	0.264141907782907	0.9612504443208414	0.013899608222823635	0.3149756597215417	3.7722224044411945e-07	10.162186117337427	True	5.5086654298198496e-08
Qwen3-8B	metamath	layers.23.self_attn.v_proj	0.7553665069329412	0.6362258571643944	0.4969722222855145	0.3898429986886117	0.8939159248758668	0.012621451216923285	0.24544437819163667	8.841911558477022e-08	9.127801042549063	True	3.779896299120788e-08
Qwen3-8B	metamath	layers.24.mlp.down_proj	0.8145342377064542	0.6648162851354984	0.5480121503856956	0.32051937620945614	0.8605966552755284	0.015370493769380683	0.30455956093462205	3.22487996751164e-07	10.612941621604156	True	3.608613561857187e-08
Qwen3-8B	metamath	layers.24.mlp.gate_proj	0.6724336572516989	0.3060743229916766	0.2427340109559971	0.3710625298196758	0.9894125481545608	0.014659511495738886	0.20830075013706154	5.933695493842706e-07	7.23312621797539	True	3.926638446575791e-08
Qwen3-8B	metamath	layers.24.mlp.up_proj	0.7428126038412262	0.3893402550336413	0.30756368502539	0.37596134327405806	0.9801652091485413	0.014515474082411899	0.245706650984046	3.5245253160454126e-08	8.82646953299733	True	1.815136543936522e-08
Qwen3-8B	metamath	layers.24.self_attn.k_proj	0.8083021902474352	0.6255957899458277	0.5379508447299726	0.26056917233359045	0.93722829058941	0.017679241243819647	0.3366417847595233	3.8815108593937e-07	10.450363436426892	True	2.7880587089416276e-08
Qwen3-8B	metamath	layers.24.self_attn.o_proj	0.867411557450255	0.7124455638788829	0.6434265851203302	0.1843673000139675	0.870716706803435	0.0097035643610059	0.37883014038524976	1.8555578606971324e-07	12.03730696290722	True	4.6048610110814276e-08
Qwen3-8B	metamath	layers.24.self_attn.q_proj	0.6271707822280795	0.3278852806471516	0.23592232278609976	0.48228085037239055	0.9787625633390986	0.015030775170872465	0.1832141841572611	3.4727797704192653e-07	6.292064819154663	True	5.78835673309208e-08
Qwen3-8B	metamath	layers.24.self_attn.v_proj	0.6640330893430372	0.47822667110076095	0.3466754559627788	0.4744928806850375	0.9363649144672902	0.016614374757855092	0.20353275764947193	6.916180006477646e-08	7.053090669277532	True	6.40593530760514e-08
Qwen3-8B	metamath	layers.25.mlp.down_proj	0.8191434983417543	0.6659282827053091	0.5572344426599894	0.2998018094143269	0.8932531386942811	0.008544542447596599	0.3232008936159622	4.4657524767011125e-07	10.735143723666061	True	3.265552430588922e-08
Qwen3-8B	metamath	layers.25.mlp.gate_proj	0.6134197655389109	0.23683326281782555	0.19426198381960103	0.3271934009491769	0.9946547842977885	0.011500641740267735	0.17785136667615986	2.336729230112411e-07	6.01974182135419	True	4.59490012549469e-09
Qwen3-8B	metamath	layers.25.mlp.up_proj	0.749081170259839	0.3801490191905169	0.3062057497608169	0.351187909731965	0.9732507407211197	0.013694851921388437	0.24674309204178455	1.778561969922876e-07	8.976280979737659	True	2.991126898975638e-08
Qwen3-8B	metamath	layers.25.self_attn.k_proj	0.6455940037070104	0.5055941243132723	0.35848094565526	0.49727773892044314	0.9402858047859232	0.01607461005222651	0.19825541568600852	5.764131032481856e-07	6.6669350589672005	True	5.3380466337635375e-08
Qwen3-8B	metamath	layers.25.self_attn.o_proj	0.8337760286528489	0.6094215953961285	0.5165799476142348	0.2814790949477476	0.9078546860416558	0.011831201930860277	0.32634437114178044	2.877752595109584e-07	11.12136889953789	True	2.1989556759895896e-08
Qwen3-8B	metamath	layers.25.self_attn.q_proj	0.6881694619324732	0.33364245361099004	0.26430746465311733	0.3724385686428644	0.9833664129506892	0.01711390506602605	0.21250611358473165	3.5264813535995643e-07	7.575021411788434	True	2.2418528344732198e-08
Qwen3-8B	metamath	layers.25.self_attn.v_proj	0.7230321265607286	0.5243743286171049	0.4108614388243138	0.3860854574665854	0.948278632037685	0.01503374401978783	0.24842219184868122	5.3483756978778274e-08	8.362515933477601	True	4.891303721299847e-08
Qwen3-8B	metamath	layers.26.mlp.down_proj	0.7899911767929647	0.5920981971657087	0.45946261086749063	0.3978386526941543	0.8974576857915939	0.014390054640729545	0.2864761073972886	3.4083146649432905e-07	9.983316047149986	True	4.546747276548943e-08
Qwen3-8B	metamath	layers.26.mlp.gate_proj	0.5929152309083314	0.22147397011725492	0.1877719140239235	0.2811870631235732	0.9959365445853512	0.012941195079195516	0.1712910704609393	4.443673884413357e-08	5.623834029859152	True	9.530636522343695e-09
Qwen3-8B	metamath	layers.26.mlp.up_proj	0.7522100159376612	0.3859702845542617	0.31725690608152285	0.32436143770687575	0.9794056050436133	0.011855193546393913	0.25525073310005975	6.969385595301247e-07	9.051833535980427	True	5.771830042498005e-08
Qwen3-8B	metamath	layers.26.self_attn.k_proj	0.7094378787025216	0.489070432493039	0.3822836145625741	0.38901780830993793	0.9628992674861095	0.015474179664658834	0.2403538119888555	6.022166978425503e-07	8.050895710113684	True	2.873059355520879e-08
Qwen3-8B	metamath	layers.26.self_attn.o_proj	0.8949716959693237	0.7448183479667592	0.6708667944683531	0.1887179640796045	0.8715691587263154	0.012376225911623566	0.40734950607496806	2.758650534673279e-07	12.813619339489485	True	2.36281495385338e-08
Qwen3-8B	metamath	layers.26.self_attn.q_proj	0.6540164968816773	0.3458491272817834	0.25986609266820937	0.4354195121454867	0.9854710260273735	0.015512089530453587	0.20245023531528147	5.7003223252749535e-08	6.842153681904952	True	2.4918562305615965e-08
Qwen3-8B	metamath	layers.26.self_attn.v_proj	0.7104826250248473	0.5151389146815718	0.3966305936262376	0.4071788321244867	0.9426488852867309	0.017398023632200155	0.23682347634509854	1.9498130643391676e-07	8.074121112224399	True	2.9509652487533784e-08
Qwen3-8B	metamath	layers.27.mlp.down_proj	0.8376845194182928	0.6191357453153135	0.5180455841519426	0.29989336193520844	0.8876564544975989	0.013782549082078356	0.3488664856378909	3.5435917600246114e-07	11.225320870233599	True	3.6377561158666866e-08
Qwen3-8B	metamath	layers.27.mlp.gate_proj	0.5582424596960023	0.21842261481029732	0.17302352073208954	0.37249804087024574	0.9935693669842068	0.014810974893186423	0.15518652177784178	1.7778795480261067e-07	4.985058740727162	True	3.9198885252961406e-08
Qwen3-8B	metamath	layers.27.mlp.up_proj	0.7008467236089831	0.29944166899148067	0.24049940390886307	0.35493491002825295	0.987622789505398	0.014256860534910164	0.21543660282974167	1.5853945045662954e-08	7.8573804300193215	True	1.712693316108834e-08
Qwen3-8B	metamath	layers.27.self_attn.k_proj	0.6535121385069128	0.5352641245081236	0.4137858070799728	0.40239405674325024	0.9725325918145242	0.015281510996745653	0.21007246556973816	7.253319183053719e-07	6.831644200603011	True	2.3764401476440564e-08
Qwen3-8B	metamath	layers.27.self_attn.o_proj	0.7623025743507779	0.5736361687326341	0.43832053279995503	0.41613750659526816	0.9048380291426348	0.010220056262059756	0.24829684011688166	1.169531356870479e-06	9.296690553383103	True	3.6270993827499834e-08
Qwen3-8B	metamath	layers.27.self_attn.q_proj	0.65681803146388	0.3159669109807804	0.24371776774654358	0.4050353336822873	0.9869413525582347	0.012662071467411976	0.19905858256790016	1.6256703161410258e-07	6.901449905578056	True	3.356751414776907e-08
Qwen3-8B	metamath	layers.27.self_attn.v_proj	0.6449063921203334	0.35053303535672026	0.2556114274011724	0.4682559683536518	0.9714280505172748	0.01470880343912402	0.1940610291714933	8.655088907794095e-07	6.653016870228601	True	2.7924492980856828e-08
Qwen3-8B	metamath	layers.28.mlp.down_proj	0.845814756511072	0.7212318896523167	0.6078574982488054	0.28968053713724584	0.8559895798964487	0.01057659336696803	0.3378070375900664	5.3520703202636355e-08	11.445159963710923	True	2.2189820210862345e-08
Qwen3-8B	metamath	layers.28.mlp.gate_proj	0.6089093896371474	0.2363628745168464	0.1940217819738501	0.3261822424770413	0.9950445250151941	0.01223771233515867	0.1771105487674305	8.396639161745156e-08	5.931442877397283	True	1.506775317260942e-08
Qwen3-8B	metamath	layers.28.mlp.up_proj	0.6781449466446083	0.2977157276361849	0.23278098040511794	0.38864786967261133	0.9836944832940707	0.014305410127338915	0.20434447326105273	7.759794051764857e-08	7.3565821624729795	True	1.4553465233463912e-08
Qwen3-8B	metamath	layers.28.self_attn.k_proj	0.7589095484067998	0.6636756978054339	0.5454961723418844	0.3244280878416451	0.8463047554788397	0.014976520432660111	0.29448041034551353	2.850515941066334e-07	9.213027078817861	True	3.541471917381707e-08
Qwen3-8B	metamath	layers.28.self_attn.o_proj	0.870629753145554	0.6608231094774502	0.5864983456547843	0.2122958410066611	0.9202036053440754	0.017077074515744577	0.40196404873322633	1.4256064884143882e-08	12.12440219069685	True	3.371147909305249e-08
Qwen3-8B	metamath	layers.28.self_attn.q_proj	0.6460304240050956	0.31879022854828787	0.2391458942335107	0.4372495433925674	0.9886096599582515	0.013719386310612324	0.19326373597674074	6.178948885882107e-08	6.676428880627984	True	2.1986367684933202e-08
Qwen3-8B	metamath	layers.28.self_attn.v_proj	0.7442998318502572	0.5564342496077624	0.44337343853687533	0.36509077630884856	0.9515473320211232	0.015139358977808664	0.2594603786537095	2.446817792822742e-08	8.861683836062818	True	2.9939131562701854e-08
Qwen3-8B	metamath	layers.29.mlp.down_proj	0.7880323863056639	0.6270046715618052	0.4842177047803389	0.4035970589839687	0.8915259976902803	0.011163780081250223	0.2662613310981813	1.9929505445936968e-07	9.934678396349614	True	4.266821352857572e-08
Qwen3-8B	metamath	layers.29.mlp.gate_proj	0.5975349509445186	0.22836890157162928	0.18567927442330523	0.33892164956266035	0.9951057089501709	0.013393124204823902	0.16974106874420886	1.2752149936012813e-06	5.711758116790757	True	1.9197040657164205e-08
Qwen3-8B	metamath	layers.29.mlp.up_proj	0.7666429887132158	0.38471338248969944	0.3085274461086714	0.3568488938322929	0.9746185871382246	0.011581078865011606	0.25210856273023796	1.764529737879883e-07	9.402598976827283	True	2.486462798463797e-08
Qwen3-8B	metamath	layers.29.self_attn.k_proj	0.8016836765048303	0.6298951308239584	0.5362172025262781	0.27532215737105403	0.9473142729957083	0.014229632140246218	0.3471076447604558	2.5800429037659e-07	10.281060012975503	True	3.440895061042871e-08
Qwen3-8B	metamath	layers.29.self_attn.o_proj	0.9235437985884084	0.7702934625719943	0.7174549386357842	0.13248531573129285	0.8109126978032773	0.01319691716017136	0.5054422683357075	1.49404681959453e-07	13.644549558863789	True	2.8325593838713298e-08
Qwen3-8B	metamath	layers.29.self_attn.q_proj	0.7723026936493261	0.422039359267843	0.35202189539532225	0.3042816730399831	0.9749726909859704	0.01795264710653979	0.281174165878629	7.151045469111494e-07	9.54013380815068	True	2.2993284876275146e-08
Qwen3-8B	metamath	layers.29.self_attn.v_proj	0.7367571191760544	0.4507181307905499	0.3635623973688833	0.349349361970257	0.9771153471325844	0.013989504823649697	0.2678326447148815	4.3820976114439247e-07	8.683269528109388	True	4.4477675738247985e-08
Qwen3-8B	metamath	layers.3.mlp.down_proj	0.7054033648776113	0.45432952791944664	0.3473618760149166	0.41544904252279635	0.9515098253556057	0.016180615658945696	0.21841533615984007	5.575312144179279e-07	7.95942697067719	True	1.1096056998161658e-08
Qwen3-8B	metamath	layers.3.mlp.gate_proj	0.3169023253128472	0.08244980386445883	0.0790098391645466	0.08170313485192005	0.9999425472265591	0.024319307624637066	0.08246366184654695	7.997005113669076e-08	1.6058832700728927	True	5.124520584277686e-08
Qwen3-8B	metamath	layers.3.mlp.up_proj	0.48574932239164387	0.14135467592921747	0.13252111646522519	0.12107905576270273	0.9990737993878492	0.014853789767072119	0.1305352653888211	1.9817468859262277e-06	3.7743905574695984	True	1.9352548510666004e-09
Qwen3-8B	metamath	layers.3.self_attn.k_proj	0.7349544817799788	0.46093908131915107	0.3566677758327612	0.4012566771004553	0.9504196218631071	0.016808725839425557	0.24396487994602248	3.5492130856518145e-07	8.64009377566514	True	5.471884866283952e-08
Qwen3-8B	metamath	layers.3.self_attn.o_proj	0.65979652191286	0.32520651768291076	0.28706396849568677	0.22081804380755443	0.988523000810957	0.01552336155143247	0.2302114848893518	1.250494425786286e-07	6.963623001433033	True	2.0937397108156828e-08
Qwen3-8B	metamath	layers.3.self_attn.q_proj	0.6182574870570273	0.21785131994781973	0.19526435795809755	0.19661158606752316	0.996353051522685	0.014874689253861649	0.18723355183531987	8.226628045449047e-09	6.114523847393692	True	2.4223010693451346e-08
Qwen3-8B	metamath	layers.3.self_attn.v_proj	0.45349850286879767	0.21009857812947602	0.15112603589381188	0.4825929345055182	0.9942742472789896	0.015044755085832797	0.12594601697534186	7.649089787120644e-07	3.289834502613152	True	2.3759341941091262e-08
Qwen3-8B	metamath	layers.30.mlp.down_proj	0.7585312335664158	0.5122079373748167	0.3877906603691753	0.4268054108360442	0.9435123919713155	0.008980468239772254	0.25365880194850715	3.455326567092243e-07	9.20517803209407	True	5.673316565959531e-08
Qwen3-8B	metamath	layers.30.mlp.gate_proj	0.5559351347648896	0.21370481359397037	0.17264404021961874	0.3473586706574383	0.9956755132674096	0.016030386481654484	0.1557769774508322	1.3966503231710448e-07	4.943752627423205	True	3.480988141022375e-08
Qwen3-8B	metamath	layers.30.mlp.up_proj	0.5864254755338943	0.2230986419467043	0.17891829437136597	0.3568450070640582	0.9924643849032853	0.012771731650321628	0.16453325064762978	3.5605460890764107e-07	5.5014159738514605	True	1.9853526827680598e-08
Qwen3-8B	metamath	layers.30.self_attn.k_proj	0.5482433821891167	0.2762238785019002	0.18898874049047915	0.5318883782465009	0.9913536928898659	0.01530347074181846	0.1533477355807212	4.2087105911470246e-08	4.808007021806285	True	2.3706475093091035e-08
Qwen3-8B	metamath	layers.30.self_attn.o_proj	0.6496616140360171	0.4366864526144904	0.302589132863328	0.5198607434471539	0.9620117126767688	0.016459926797772723	0.19458239163615493	8.459352218714855e-07	6.751122407094409	True	3.267678475837325e-08
Qwen3-8B	metamath	layers.30.self_attn.q_proj	0.5446660720375511	0.21058006997418094	0.16381439856579197	0.3948408390908795	0.9949882545075739	0.0149785819561535	0.14903622932525754	2.658031461599819e-08	4.745512895813593	True	3.750109973601718e-08
Qwen3-8B	metamath	layers.30.self_attn.v_proj	0.6784544384870606	0.45439249805835713	0.3510566574180996	0.40311299822400304	0.9715231911380958	0.018048090365971072	0.22133526990964564	2.7182858053365067e-07	7.362403834239214	True	1.6866077642152057e-08
Qwen3-8B	metamath	layers.31.mlp.down_proj	0.6515008836985715	0.49204336238473145	0.32539036106275954	0.5626767041635865	0.9364216205425344	0.0148353987921075	0.19028848125952338	2.7837945271169673e-07	6.789763522837031	True	3.884807029197101e-08
Qwen3-8B	metamath	layers.31.mlp.gate_proj	0.579953234243662	0.23700090371254798	0.1864587903699969	0.38103552909483296	0.989536319384755	0.01426804666615051	0.16471765797408125	3.649977298181284e-07	5.380432577872444	True	1.6036925866741054e-08
Qwen3-8B	metamath	layers.31.mlp.up_proj	0.6404920648777866	0.267939086272181	0.20989938864801735	0.38630836543296276	0.9870834513439234	0.014248359113666733	0.18726926135624572	2.760545351199184e-07	6.562352455264257	True	3.0982120514144636e-08
Qwen3-8B	metamath	layers.31.self_attn.k_proj	0.7711692805462438	0.6746472609126655	0.5510557915892963	0.3328282949616377	0.8213042723433366	0.017878496195680174	0.28880479193956077	7.412026812314565e-07	9.51217739220522	True	4.864883222668335e-08
Qwen3-8B	metamath	layers.31.self_attn.o_proj	0.9170433461952779	0.783311256032085	0.7149619609817511	0.16689999404970413	0.787932255661492	0.00888984462182884	0.4378024361483801	1.4214855115213254e-07	13.454428776829378	True	4.33511621274371e-08
Qwen3-8B	metamath	layers.31.self_attn.q_proj	0.8013897349855102	0.443419680741113	0.3728291202948759	0.2930483338014397	0.9712026130158812	0.014391707962245152	0.2939480173675953	2.8711002486581094e-07	10.273473921326064	True	3.987223048274791e-08
Qwen3-8B	metamath	layers.31.self_attn.v_proj	0.7758022594021505	0.4964941208476616	0.4376148175055259	0.22311664464046566	0.9617429928961303	0.009946747938701253	0.31078652096877074	3.141690461117008e-07	9.62894751916606	True	1.5308406504168864e-08
Qwen3-8B	metamath	layers.32.mlp.down_proj	0.7384492839362128	0.550600696758489	0.4069713417851612	0.45367114007860365	0.9205198750002457	0.013490465470676477	0.2432250349435226	3.0246683069279356e-07	8.72332437116563	True	3.0057247316189106e-08
Qwen3-8B	metamath	layers.32.mlp.gate_proj	0.5656340709732124	0.20885390632635897	0.17413152292019843	0.3048643026084956	0.9963996347043591	0.013774266742403798	0.15863722071483588	2.1371446512485903e-07	5.118101380150242	True	2.396893839990836e-08
Qwen3-8B	metamath	layers.32.mlp.up_proj	0.5852721105125579	0.22281455930119703	0.17958446618029147	0.35039343495022157	0.9945718004192975	0.01301453216188844	0.16588421536194492	6.483535668344587e-07	5.479759678422118	True	1.175375590835056e-08
Qwen3-8B	metamath	layers.32.self_attn.k_proj	0.7371896613033413	0.41445757784394677	0.330022046981126	0.36594674231123325	0.9799286652594614	0.014981630716156307	0.25404394506730127	4.0399398870683e-07	8.693218897546066	True	2.850217642884419e-08
Qwen3-8B	metamath	layers.32.self_attn.o_proj	0.7677688163131733	0.44045640962572646	0.33712860424447366	0.41415148095579424	0.9506620149888428	0.009629664738458853	0.25023320151257483	8.5271348870819e-07	9.43061261414135	True	4.534988615834945e-08
Qwen3-8B	metamath	layers.32.self_attn.q_proj	0.6752733953217911	0.2909960524388849	0.23140937941069983	0.36760602989751234	0.9915911786522388	0.016666983947692667	0.20532080808935765	5.944779641886555e-07	7.293888489113481	True	9.228455440633624e-09
Qwen3-8B	metamath	layers.32.self_attn.v_proj	0.720180102848804	0.378992079995234	0.30627155333918	0.34694004566804226	0.98446898433689	0.01342294155377683	0.24593877007223156	3.4168794016409265e-07	8.297049224375405	True	6.462659737728656e-08
Qwen3-8B	metamath	layers.33.mlp.down_proj	0.6241982347542364	0.3855348379223052	0.2505590769010406	0.5776300380921824	0.9620425377487397	0.012468693855151182	0.17662039536809565	1.5829344568452086e-07	6.23300776795593	True	4.886864298092829e-08
Qwen3-8B	metamath	layers.33.mlp.gate_proj	0.49361307250613934	0.1680551666878059	0.14148596174195932	0.29120121479599337	0.9981276598115998	0.016414658343051367	0.1342833548904568	8.29401725299661e-07	3.8974049750603705	True	1.4882438827824882e-08
Qwen3-8B	metamath	layers.33.mlp.up_proj	0.5863439002722536	0.2338450285616653	0.1847892170578297	0.3755510094448067	0.9928452664316155	0.013075134053755095	0.16487699449199728	8.544488754314017e-07	5.4998369018075595	True	1.6687912845831986e-08
Qwen3-8B	metamath	layers.33.self_attn.k_proj	0.7533276937365398	0.560831151209372	0.4470119188706757	0.36470717660065166	0.919291727135137	0.017395509762838494	0.29289020274683475	6.135425094644376e-07	9.077283033008381	True	2.516500048970808e-08
Qwen3-8B	metamath	layers.33.self_attn.o_proj	0.8884004896988676	0.7076401891817534	0.6407811155502505	0.18003667380361732	0.8996318068129125	0.010713178254048855	0.40954212234334403	5.603023292000131e-07	12.626623378932585	True	2.2229640708679035e-08
Qwen3-8B	metamath	layers.33.self_attn.q_proj	0.6964383217680394	0.38753955915126126	0.28813988833858895	0.4471915341816367	0.9728978084869657	0.01741929304760635	0.22079826494817872	7.016582188601461e-07	7.758055731026016	True	3.154554160862447e-08
Qwen3-8B	metamath	layers.33.self_attn.v_proj	0.5293747288243029	0.27028083979409384	0.19447801014484517	0.482261471314385	0.986726058936366	0.012560437075157012	0.14608935262767733	6.732796162811638e-07	4.483088234456032	True	1.996493398163877e-08
Qwen3-8B	metamath	layers.34.mlp.down_proj	0.4245318059184311	0.2275918889227955	0.1296727751348674	0.6753734397483347	0.9881087160408898	0.015207840310670734	0.11049870350101414	1.474914063326338e-06	2.8829606407812944	True	5.908272446141181e-08
Qwen3-8B	metamath	layers.34.mlp.gate_proj	0.42630593277281426	0.14128584620984	0.11602035630381927	0.3256721826602571	0.9983671672802673	0.015591667861581731	0.11160433118859124	1.952958293971463e-07	2.9070822249922124	True	2.292774376534671e-08
Qwen3-8B	metamath	layers.34.mlp.up_proj	0.529471383677346	0.19017301768712896	0.15518355770623424	0.3341236160563319	0.9953308312533333	0.01355800222373213	0.1439461517561504	5.668761211552464e-07	4.48460954285359	True	9.572493801223881e-09
Qwen3-8B	metamath	layers.34.self_attn.k_proj	0.6795138259240463	0.32478725159789207	0.25955498484878187	0.3613531126948978	0.9862982696028959	0.01736472764931557	0.22063134919215274	6.184734138159342e-07	7.385587819781815	True	4.7636725784252255e-08
Qwen3-8B	metamath	layers.34.self_attn.o_proj	0.8421902918830384	0.48226208433365114	0.3977856368904291	0.31965067575697903	0.9463069655542297	0.01285143306180173	0.3093531480352557	1.5722887214408843e-08	11.346677127835381	True	5.928769057414241e-08
Qwen3-8B	metamath	layers.34.self_attn.q_proj	0.5245459451939666	0.19259605058239637	0.15305850479714747	0.3684319107250611	0.9961738500259542	0.011793239316458154	0.14147896648618333	6.950752198253696e-07	4.4017567742920205	True	2.764099134433418e-08
Qwen3-8B	metamath	layers.34.self_attn.v_proj	0.6403917279969125	0.3792042111357118	0.2828574611393058	0.4435976256089774	0.9695217118799888	0.016524224134330637	0.1976088372460075	3.859306820785946e-07	6.559838456266365	True	4.7469389640225295e-08
Qwen3-8B	metamath	layers.35.mlp.down_proj	0.6676635453259063	0.41639825071092146	0.3332935962802297	0.3593274066793405	0.9762229051105454	0.013964150644549932	0.2315738182896428	5.675497060098067e-07	7.131011051544244	True	3.480519206596698e-08
Qwen3-8B	metamath	layers.35.mlp.gate_proj	0.449899761636909	0.1644036441694649	0.12917624360060803	0.3826344055317651	0.9980517895787686	0.014490303422434035	0.12000515502262402	2.4011709154336813e-07	3.2378751772245806	True	1.903768479915871e-08
Qwen3-8B	metamath	layers.35.mlp.up_proj	0.5730732014490489	0.25686092605945365	0.18902049224283624	0.45847103403142686	0.9846583440049139	0.01545308435761703	0.15966604723654682	6.458137788989404e-07	5.253344733626942	True	2.0851547946332196e-08
Qwen3-8B	metamath	layers.35.self_attn.k_proj	0.6645324453231249	0.3627794853914753	0.2913489196311182	0.3550272247299775	0.9860639985983878	0.017733018566142913	0.20809125791748653	1.733765195854886e-07	7.063429619763242	True	1.8509095782300828e-08
Qwen3-8B	metamath	layers.35.self_attn.o_proj	0.715245227665634	0.36897440526900666	0.27360681274973286	0.45012834732544016	0.9611771565277494	0.011647027897659009	0.21753225130768303	3.3386147069158767e-07	8.184106885239313	True	3.0909865197874986e-08
Qwen3-8B	metamath	layers.35.self_attn.q_proj	0.5028996108766439	0.1945325806802973	0.14677133391326555	0.4307568854854431	0.9957851018920509	0.011171096953540993	0.1348542534101889	4.0405122969655594e-07	4.046026587468047	True	1.5638305773916592e-08
Qwen3-8B	metamath	layers.35.self_attn.v_proj	0.5021270312489785	0.21335551253411064	0.15424021621202413	0.47737820888855464	0.9935587901258428	0.012728059073821612	0.13564881965074413	9.323797782734289e-07	4.033443827706192	True	6.3832813668492e-08
Qwen3-8B	metamath	layers.4.mlp.down_proj	0.6280205528091325	0.37852858884099744	0.26759200610553924	0.5002544916440883	0.9709773895357406	0.016366976097162214	0.18236695617150966	2.9127842648968283e-07	6.308862901931094	True	3.713227916586079e-08
Qwen3-8B	metamath	layers.4.mlp.gate_proj	0.33456711881550594	0.09661064985337427	0.08457868113275527	0.23357120905955508	0.9994227192789201	0.029483965090353344	0.08737372925148758	4.06888600812394e-07	1.7894041644744803	True	5.327520738583221e-08
Qwen3-8B	metamath	layers.4.mlp.up_proj	0.52542651001725	0.16890422498871097	0.14732805194510978	0.23916607991857042	0.9982463923498995	0.015143289535725519	0.1427923586922205	1.1848834458039192e-07	4.416156383813254	True	7.573067550045833e-09
Qwen3-8B	metamath	layers.4.self_attn.k_proj	0.7561978325526572	0.4777322679423858	0.4100345508770761	0.2633320861788967	0.9627534791326308	0.014353010544305043	0.3166255763017489	2.580609983482418e-07	9.147482462303643	True	6.06792962463656e-08
Qwen3-8B	metamath	layers.4.self_attn.o_proj	0.8028717071746921	0.4876430581033748	0.4195207875175956	0.25987874218533136	0.9525005567630619	0.007453437261364769	0.31979787463112525	2.6597229707547854e-07	10.313069203357466	True	2.0656984128677946e-08
Qwen3-8B	metamath	layers.4.self_attn.q_proj	0.6176816560660238	0.21334781470478292	0.1876128933283573	0.2266983005218045	0.9956210523717829	0.015531276998693529	0.1780921365206107	2.1711859421458257e-07	6.103020173464859	True	9.583438698746962e-09
Qwen3-8B	metamath	layers.4.self_attn.v_proj	0.5413381981108294	0.2819302605498902	0.2010235518169728	0.4915941971829182	0.9934715506049375	0.010796557297485989	0.14921555574332357	2.7618045961297355e-07	4.688203578655725	True	3.584810738130504e-08
Qwen3-8B	metamath	layers.5.mlp.down_proj	0.7375357437812637	0.494333426867775	0.3763665412253166	0.42032835259844625	0.9307679276857963	0.009452629524087784	0.24215806694256511	1.4023590821921061e-07	8.702563469917276	True	2.8882072718660167e-08
Qwen3-8B	metamath	layers.5.mlp.gate_proj	0.41930294573617494	0.1276630120565842	0.112884847790953	0.21811815387189049	0.9989343704604069	0.01598086052128719	0.11019121501013579	7.316346495311876e-08	2.8123213601424264	True	8.981804368813497e-09
Qwen3-8B	metamath	layers.5.mlp.up_proj	0.6232803058581888	0.2058137458271738	0.18921121438820337	0.15482821092974652	0.9977065079160041	0.015706420943251028	0.18423407735168618	2.2365016527636783e-07	6.214117305297172	True	2.793581176611923e-08
Qwen3-8B	metamath	layers.5.self_attn.k_proj	0.7890492589919232	0.4930942213280874	0.408133861707635	0.31491346632141115	0.954866033033621	0.015603113254698124	0.2939176957378419	5.863664016558801e-07	9.959142832691155	True	1.842737450371499e-08
Qwen3-8B	metamath	layers.5.self_attn.o_proj	0.7675599265411276	0.430636548205893	0.364752621169753	0.282577370256355	0.9609027220995618	0.01384828541728235	0.2882934524647417	1.5568393996190366e-07	9.424561176256285	True	6.057144213940554e-08
Qwen3-8B	metamath	layers.5.self_attn.q_proj	0.6647909708862085	0.2377517213826641	0.20994223880538068	0.2202555212064159	0.9945534543036879	0.016263265845377847	0.2047305092394473	2.0193514105315558e-07	7.069279428353386	True	3.15089100974214e-08
Qwen3-8B	metamath	layers.5.self_attn.v_proj	0.4426753952082744	0.20236745182143878	0.13598275329223736	0.5484702872463401	0.9973665844498921	0.016192608375528172	0.11650784627142004	1.2628004664172465e-07	3.1345627805476433	True	5.1927943585932684e-08
Qwen3-8B	metamath	layers.6.mlp.down_proj	0.34401135064471483	0.18579005739337723	0.09950223288845605	0.713172547568147	0.9967649545083643	0.02401834837919214	0.09018618082256614	1.4448155110091676e-06	1.8924031567746247	True	6.108826337998807e-08
Qwen3-8B	metamath	layers.6.mlp.gate_proj	0.4035684158314592	0.1207272479475209	0.10642122592634114	0.22295545933696503	0.99900111716949	0.015645993130429532	0.10477866363397689	6.23764017770867e-07	2.6052382982611006	True	6.276360912001385e-08
Qwen3-8B	metamath	layers.6.mlp.up_proj	0.5663198653444019	0.18079773772571725	0.16182275642811186	0.19888805914816798	0.9966573120333481	0.011414389608195115	0.15643208922644897	2.4814957910734847e-07	5.130819918524135	True	5.5981148274756145e-08
Qwen3-8B	metamath	layers.6.self_attn.k_proj	0.8025194814561826	0.40668794838967587	0.34659409803833896	0.27369385204522556	0.971118730594819	0.015081952192186382	0.2982711634174897	5.368657118864917e-08	10.302257457242842	True	3.0077959108991855e-08
Qwen3-8B	metamath	layers.6.self_attn.o_proj	0.825491801060657	0.4496388196957855	0.3740262472379174	0.3080470560291141	0.962946718991059	0.013512979808901763	0.29696357164229664	1.3603401316508723e-07	10.900993559783362	True	1.870494391001946e-08
Qwen3-8B	metamath	layers.6.self_attn.q_proj	0.5529365726368507	0.2047825069098256	0.1654167080872684	0.34751123648875526	0.9930111992064418	0.013128937264397698	0.15166579359778853	1.4297487205272574e-07	4.890979853948753	True	1.0490733801351892e-08
Qwen3-8B	metamath	layers.6.self_attn.v_proj	0.7306721253844282	0.4825026584712986	0.3858436974011429	0.3605252509531722	0.9581302503279698	0.009941885450437666	0.24322113999807168	6.284818931945324e-08	8.54126269217323	True	6.281810643130936e-08
Qwen3-8B	metamath	layers.7.mlp.down_proj	0.5745842841153538	0.2678815231738926	0.18547986505187203	0.5205889684994253	0.982985839722884	0.017213704649146455	0.1577229522192233	3.21694547000817e-07	5.280784972446218	True	6.540169853786351e-08
Qwen3-8B	metamath	layers.7.mlp.gate_proj	0.4632161745250228	0.13757136564520997	0.12454488444642327	0.18041181108944282	0.9987157891809464	0.014266112398777342	0.1222404519662846	5.698782257201884e-07	3.432404964563014	True	3.762293366895951e-08
Qwen3-8B	metamath	layers.7.mlp.up_proj	0.4870327079831354	0.13901353856081505	0.13028893258289354	0.12158275057738066	0.9987997832390515	0.014416371635878491	0.1288017884240208	1.3507968898984757e-07	3.794423947233787	True	6.646625652607638e-09
Qwen3-8B	metamath	layers.7.self_attn.k_proj	0.6857550928372086	0.3537819316187391	0.2733405523167808	0.4030515379703319	0.9786334692964517	0.018084143512860557	0.2204440725306877	4.534310693582455e-07	7.5216932632013656	True	3.7423192424051374e-08
Qwen3-8B	metamath	layers.7.self_attn.o_proj	0.8028960033353528	0.5566175475467193	0.46046557136071337	0.3156464241932585	0.9200229681567157	0.011740285414112123	0.28792967861226104	1.477151878592764e-07	10.31284716756117	True	2.8829023567603346e-08
Qwen3-8B	metamath	layers.7.self_attn.q_proj	0.6828911383007883	0.2690623437936884	0.2252427422915917	0.2991972936395757	0.9947166990668749	0.014109326509273063	0.2082027876489143	7.420079572995064e-08	7.459960642458255	True	2.1002978282468507e-08
Qwen3-8B	metamath	layers.7.self_attn.v_proj	0.6453014947934629	0.3218287415254104	0.26126292151369834	0.3409689087082076	0.9861779561393519	0.01516041281495761	0.2117024125245113	4.7090575816532976e-07	6.661086708410074	True	6.795968036710592e-08
Qwen3-8B	metamath	layers.8.mlp.down_proj	0.6292109526704625	0.35910132536303874	0.24882853831662444	0.51986168856703	0.9734540398377405	0.01778919435870178	0.1853309459890237	1.441064032103867e-06	6.33247992850161	True	1.906008342930318e-08
Qwen3-8B	metamath	layers.8.mlp.gate_proj	0.61279158390811	0.20694557988379284	0.18351821010852976	0.21359544562211163	0.9958537646806539	0.014435743376471367	0.17583034147256754	1.6588613505064131e-07	6.006966341539201	True	4.3931321974551706e-09
Qwen3-8B	metamath	layers.8.mlp.up_proj	0.7762024261165621	0.3497679582247759	0.3052792179306198	0.23821145616901385	0.9784548148715335	0.015324684644542995	0.2736958985322701	6.939720287313378e-08	9.637578085056818	True	8.556679240385631e-08
Qwen3-8B	metamath	layers.8.self_attn.k_proj	0.5754895675519616	0.28626796621341843	0.2058602580634288	0.48287025295507724	0.9820324842082613	0.010573871940778232	0.16366456606112662	8.65182776754736e-07	5.298410244197063	True	4.5722596053766557e-08
Qwen3-8B	metamath	layers.8.self_attn.o_proj	0.6624705036855103	0.38713267057455386	0.2959963738523325	0.4154076411404102	0.9721609930957089	0.018631728680965375	0.20912610351558922	4.3362906110289146e-07	7.019443196916324	True	3.8976961251277277e-08
Qwen3-8B	metamath	layers.8.self_attn.q_proj	0.586569367448536	0.22546788181095945	0.18414128433486732	0.3329890459857048	0.994431279906879	0.014891614359813165	0.16706813945593482	1.6492549326230233e-07	5.503795356065933	True	2.8397659357962358e-08
Qwen3-8B	metamath	layers.8.self_attn.v_proj	0.5696619417307672	0.3601994919120344	0.2583492823197528	0.48556758390650145	0.9804127626307622	0.013547728925736673	0.1668470805557843	1.5280664622530082e-07	5.191284244318837	True	3.688694594004696e-08
Qwen3-8B	metamath	layers.9.mlp.down_proj	0.5460228801536732	0.2978094405634847	0.19258552394585854	0.5818131642854305	0.9821243363572476	0.01579007234614659	0.15190710705294647	3.4032612850065647e-07	4.769069665873163	True	2.494279108109613e-08
Qwen3-8B	metamath	layers.9.mlp.gate_proj	0.5872289901533799	0.1885048964454997	0.1707199999119416	0.17979288447030584	0.9982343884803002	0.01019809926374863	0.16524580820409296	3.658810838746973e-07	5.516836410013955	True	1.7545292860016136e-08
Qwen3-8B	metamath	layers.9.mlp.up_proj	0.7634104249656062	0.3470651890809036	0.2881995291511348	0.31045212829458735	0.9837137529118177	0.013899323041825964	0.2513511028315545	3.6464804953340035e-08	9.322925496077586	True	2.528939588845163e-08
Qwen3-8B	metamath	layers.9.self_attn.k_proj	0.5054814546997993	0.2659267172909191	0.17981966559378057	0.5427534615341065	0.9932463831939964	0.01579292259751132	0.13689489707593874	1.1271502864396155e-07	4.087163435200224	True	6.197907281709725e-08
Qwen3-8B	metamath	layers.9.self_attn.o_proj	0.7726165143258875	0.5654147219721963	0.45930291475566315	0.34012119615430547	0.9254305527559259	0.014272513976160695	0.274022899535395	7.630641938316529e-07	9.549020299129179	True	2.6557341899265936e-08
Qwen3-8B	metamath	layers.9.self_attn.q_proj	0.5303216368435713	0.18552565893406348	0.15440705164399077	0.30733013287862976	0.9964110144580399	0.014675941904906849	0.14481114061979233	4.470277170653958e-07	4.49888339998298	True	1.2500756349628133e-08
Qwen3-8B	metamath	layers.9.self_attn.v_proj	0.6175867227550802	0.348526402387591	0.2885329256317495	0.3146389929828475	0.9861382051685323	0.014959615116512582	0.21332278342696465	3.3252825859531043e-07	6.10125211520151	True	1.4341143506694424e-08
Qwen3-8B	tulu	layers.0.mlp.down_proj	0.6947882014480571	0.556091682920691	0.4156752005674635	0.44125270884929435	0.9517077697284541	0.016947401098422066	0.26210733435955347	1.9095068326535625e-07	7.721469013991687	True	5.367103493211802e-08
Qwen3-8B	tulu	layers.0.mlp.gate_proj	0.8118799077678531	0.5204091110517118	0.45593701568599787	0.2324265897679768	0.9553062471207562	0.014410441724354949	0.29655878003822006	1.8172138727123865e-07	10.54418985117306	True	4.5830592259804875e-08
Qwen3-8B	tulu	layers.0.mlp.up_proj	0.7860829326714222	0.3821984615927641	0.32522761678170214	0.2759026398419415	0.9770240242841273	0.012882553407985439	0.27919007696115816	1.203252608661387e-08	9.885180975922468	True	2.8946234500224917e-08
Qwen3-8B	tulu	layers.0.self_attn.k_proj	0.8291371530932603	0.6761477876385256	0.5856247921737352	0.24983699015309424	0.8539577983978502	0.014943872304450156	0.3616017549060866	1.2168406304802204e-07	10.997035622235105	True	1.9705552125864342e-08
Qwen3-8B	tulu	layers.0.self_attn.o_proj	0.7678822152193311	0.5240265934405126	0.4310141797205957	0.32348650915927	0.9530370409890133	0.012835667345059837	0.27430380822202904	3.4910405721788607e-07	9.432728616893716	True	2.6856221898120648e-08
Qwen3-8B	tulu	layers.0.self_attn.q_proj	0.8489043551675726	0.577811136543884	0.508191960578952	0.22645823923362507	0.9314474504311689	0.009928911838570918	0.33274224274633835	5.46434432369125e-07	11.529093580548006	True	4.797948387924434e-08
Qwen3-8B	tulu	layers.0.self_attn.v_proj	0.6273299229720516	0.38513669923048977	0.2981590207641175	0.4006698874661544	0.9760402681888802	0.013642986392222159	0.1870834008820957	3.277032869508645e-07	6.2955091811553325	True	1.519702911989675e-08
Qwen3-8B	tulu	layers.1.mlp.down_proj	0.7196063780242435	0.5946437601106854	0.43900189611470875	0.45497169124922154	0.9197048005272062	0.014470505089716102	0.24598648248000163	3.9773751625560294e-08	8.283597858069799	True	3.817662011543424e-08
Qwen3-8B	tulu	layers.1.mlp.gate_proj	0.5020794383715351	0.19862512124308984	0.15570598378545733	0.3854711801017985	0.9895405036577346	0.015625227441673863	0.137011409499224	4.7364218258572066e-07	4.032359287893224	True	3.713566623200791e-08
Qwen3-8B	tulu	layers.1.mlp.up_proj	0.6238474744313238	0.4301998937127862	0.3579379008029877	0.30773117247266124	0.9897461430234072	0.016487842785366476	0.19670827501869367	1.343698237121771e-06	6.225261216394877	True	5.087029742428697e-08
Qwen3-8B	tulu	layers.1.self_attn.k_proj	0.6863658481651345	0.37105100724627926	0.28760573948517015	0.3992028448978061	0.9751771870328853	0.01641234223304787	0.22011543732424185	6.35171621965469e-08	7.53553792599769	True	2.0567180397482766e-08
Qwen3-8B	tulu	layers.1.self_attn.o_proj	0.6490782711607508	0.36382313256069987	0.2661007105282924	0.4650521447779722	0.9855829585374186	0.015164712695738174	0.19439095498863002	7.934332368897401e-08	6.739290382738714	True	2.6240260387159453e-08
Qwen3-8B	tulu	layers.1.self_attn.q_proj	0.6385014154499594	0.3740694440447961	0.31006822189010214	0.3129156617018083	0.9888844228780886	0.015446755523699325	0.21585143622012867	2.3869632770345817e-07	6.521391644394568	True	5.3235114143587e-08
Qwen3-8B	tulu	layers.1.self_attn.v_proj	0.611930827291716	0.4222750174602488	0.30595129820202366	0.4750549757892374	0.974616175538229	0.013864665476291978	0.18608837289612157	1.3704994494823097e-07	5.990196045530057	True	4.735402286935597e-08
Qwen3-8B	tulu	layers.10.mlp.down_proj	0.6099752181409297	0.33613966475463203	0.23474995970016127	0.5122789191598962	0.9854498892415015	0.015496323728529392	0.18057906139815735	3.7034379740674694e-07	5.9516823017787175	True	2.5770536227486134e-08
Qwen3-8B	tulu	layers.10.mlp.gate_proj	0.713240410195376	0.3288020230991211	0.2825109954171937	0.26175290176280364	0.9893461394766061	0.012512695383290945	0.22704745132292345	1.1978746816687647e-07	8.138113809746857	True	2.158196193051202e-08
Qwen3-8B	tulu	layers.10.mlp.up_proj	0.7821970559756033	0.46226421707900145	0.37958558817829385	0.3257221763162157	0.9583465187834852	0.012801964344042332	0.27799928731105794	1.7046465439207736e-07	9.78770803930599	True	4.3509410644547234e-08
Qwen3-8B	tulu	layers.10.self_attn.k_proj	0.6416909064817341	0.4570979609444589	0.3348758992241702	0.4632782218409184	0.9656968922229959	0.014925529687053664	0.19915377659028707	1.966890978977176e-07	6.5868052406764495	True	3.889380212966901e-08
Qwen3-8B	tulu	layers.10.self_attn.o_proj	0.7203459154563491	0.4713538314734233	0.3501665661475264	0.44810650985101197	0.9427683695041046	0.015425154570917173	0.2306861106084239	1.243459557542792e-08	8.300396172107089	True	2.94016337937698e-08
Qwen3-8B	tulu	layers.10.self_attn.q_proj	0.7261384609868387	0.5545669471551161	0.4361937750386329	0.38134152918605047	0.9389496393245325	0.01580551308342156	0.2506889549601644	1.0150160600908009e-07	8.434327203446168	True	3.0908226611815233e-08
Qwen3-8B	tulu	layers.10.self_attn.v_proj	0.6113488061211456	0.44535048041727615	0.32676216455363716	0.46165624645426284	0.9541619661484403	0.016587405893395784	0.19394224276038305	8.853357387206273e-07	5.978301880563656	True	3.261924862161088e-08
Qwen3-8B	tulu	layers.11.mlp.down_proj	0.6442965123950354	0.40265570549844976	0.28396167777700465	0.502661875251895	0.9756178536466666	0.017873873178269616	0.20300471389368735	2.0087814522895542e-08	6.639765747971828	True	3.707503052121297e-08
Qwen3-8B	tulu	layers.11.mlp.gate_proj	0.7549530090063623	0.364124180737021	0.30681788978775204	0.2899935136218561	0.9858008431432578	0.011853264607428	0.24760466032454506	6.695986838334278e-07	9.117971266539394	True	2.662594014499798e-08
Qwen3-8B	tulu	layers.11.mlp.up_proj	0.8335998129142852	0.548728247874731	0.46358806102978484	0.2862438714241662	0.9320957581324032	0.015733051556177262	0.3177819162893094	5.887279501681775e-07	11.11545320100365	True	5.209273152743634e-08
Qwen3-8B	tulu	layers.11.self_attn.k_proj	0.6201111083513167	0.3843760079086311	0.2733605333166568	0.4942229927531111	0.9597046718241968	0.017139245455615706	0.19641613382080697	1.6725641494019783e-07	6.150795179114936	True	4.3356721175920904e-08
Qwen3-8B	tulu	layers.11.self_attn.o_proj	0.759477596249249	0.5054577964322212	0.39448644228838925	0.3908919144770794	0.9416200152143159	0.012053958497699383	0.25408632917046525	9.164725334187551e-08	9.2275568760516	True	4.7064916745792987e-08
Qwen3-8B	tulu	layers.11.self_attn.q_proj	0.7255377801867238	0.4674161864451222	0.38243884509007153	0.33055253632543624	0.9594926894482035	0.01483104272846139	0.2650219033047023	1.7315339173595845e-07	8.420631436270337	True	2.0133065820177003e-08
Qwen3-8B	tulu	layers.11.self_attn.v_proj	0.6953474867702482	0.44084900080706646	0.35685254694849855	0.34476380456542577	0.9753866786315734	0.010181339179398896	0.28661472199800003	1.9429262176906548e-07	7.735331118891103	True	3.2061996662570134e-08
Qwen3-8B	tulu	layers.12.mlp.down_proj	0.6969229142593062	0.49212944484033533	0.36711106580076924	0.44353705403437027	0.9503018168400537	0.015333621037330583	0.233648939713161	2.711344198047527e-07	7.769393391757398	True	3.090744754904308e-08
Qwen3-8B	tulu	layers.12.mlp.gate_proj	0.7330966456109091	0.43557666871744044	0.33634534850200964	0.40373181999153707	0.9696117998018624	0.014370763419941927	0.22741404493437628	6.007382924444471e-08	8.597114202952527	True	6.513535309635985e-08
Qwen3-8B	tulu	layers.12.mlp.up_proj	0.8305440523515344	0.5658744500820516	0.465783966472729	0.3224694243673931	0.8893090191189595	0.014855899230225518	0.30852780132757734	1.8267181767228635e-07	11.034414926065468	True	2.3699894697025013e-08
Qwen3-8B	tulu	layers.12.self_attn.k_proj	0.6010869733641712	0.4560301959066927	0.348762913282332	0.4151110818386955	0.9752898350255483	0.016279362153237192	0.17759881657781215	2.5669820113982666e-07	5.779353788210386	True	2.5501498889975507e-08
Qwen3-8B	tulu	layers.12.self_attn.o_proj	0.8386606596874593	0.6829553875146457	0.5875829076478782	0.2597922338301205	0.8698453723329302	0.012274088846687051	0.3328373102011756	4.6522345165112e-07	11.251942307454904	True	3.3974879434503824e-08
Qwen3-8B	tulu	layers.12.self_attn.q_proj	0.7726611574856211	0.5213537119652608	0.44917870193858805	0.25771040736905115	0.9511566558816672	0.01369875178358881	0.30727665129349285	4.0142815005417276e-07	9.550299392097134	True	1.6873895052800933e-08
Qwen3-8B	tulu	layers.12.self_attn.v_proj	0.626689977169132	0.4083274539745659	0.29823378617948126	0.46654655688044266	0.9743427509020358	0.016190673027863284	0.19583260087773438	3.358233562344992e-07	6.282193786380756	True	3.374136192275493e-08
Qwen3-8B	tulu	layers.13.mlp.down_proj	0.6222189859811941	0.3930396912200881	0.27230562127591357	0.5200009326842097	0.9777730043832074	0.01474108120631629	0.18355057324115243	6.677587597314627e-07	6.193165672974463	True	6.021411063095668e-08
Qwen3-8B	tulu	layers.13.mlp.gate_proj	0.7806947283022773	0.4331587927984603	0.36733612822586426	0.2808275883615433	0.9805826207815057	0.009148178576490508	0.26783723319001707	7.530674057676379e-07	9.750917338861575	True	5.99982608268714e-08
Qwen3-8B	tulu	layers.13.mlp.up_proj	0.8290267985142211	0.5761470321389783	0.47214673445762306	0.32843613110965175	0.926823245201171	0.015679004550958768	0.3005855758259315	3.297775599264696e-07	10.99385637235708	True	3.832716133625644e-08
Qwen3-8B	tulu	layers.13.self_attn.k_proj	0.6850903498196143	0.4399541496899159	0.34219890893388405	0.39501806828625285	0.9685980485094828	0.016801843840535315	0.2562644463911819	6.137029704422758e-07	7.507451414667029	True	1.954842785957831e-08
Qwen3-8B	tulu	layers.13.self_attn.o_proj	0.7932254608330396	0.6055603962842484	0.5122881064277424	0.28432867378682847	0.9328759757445755	0.014139520453312201	0.294475714771971	6.543684269999517e-07	10.0652802179832	True	2.9470024207914404e-08
Qwen3-8B	tulu	layers.13.self_attn.q_proj	0.7779737753773561	0.5870722072515284	0.4932050324483327	0.2942157591208735	0.9514392812292818	0.0141384365048599	0.28133121364896585	7.24955535824634e-07	9.681941319677609	True	3.503560553422835e-08
Qwen3-8B	tulu	layers.13.self_attn.v_proj	0.6544681663564269	0.5152351528464865	0.3813434696567727	0.45220046963583316	0.9525142990161778	0.01436970731124976	0.20355010756709038	6.792536653144055e-07	6.851832865377136	True	3.1102136470785736e-08
Qwen3-8B	tulu	layers.14.mlp.down_proj	0.5682212898445543	0.33384762590388234	0.21872616461328512	0.5707553500333264	0.9731777606377857	0.014805204274606652	0.1596970913678658	8.24157399215153e-07	5.164866076285868	True	3.807375157210642e-08
Qwen3-8B	tulu	layers.14.mlp.gate_proj	0.7576407591784152	0.40826244886617136	0.350037445285594	0.2648937105101946	0.9831654625551224	0.009822073995109103	0.2517871675955261	1.5174742995505142e-07	9.183423492947245	True	4.0050545981471975e-08
Qwen3-8B	tulu	layers.14.mlp.up_proj	0.7908965182310091	0.49056010905027464	0.3908745968923612	0.36512177300932924	0.9390473338662412	0.011866224831445666	0.2656054904879407	4.3110418013192486e-07	10.006858974442562	True	2.2028496151990636e-08
Qwen3-8B	tulu	layers.14.self_attn.k_proj	0.774774302101764	0.5518412224970406	0.44843084342135886	0.3396674982654644	0.9208156905226339	0.018194837672056156	0.29673567813240914	7.076245123194269e-08	9.601222590221935	True	2.469941501424029e-08
Qwen3-8B	tulu	layers.14.self_attn.o_proj	0.8191606249012318	0.6527544986834771	0.5409444576721663	0.3132390323913078	0.8899125331612756	0.014372998941220487	0.3023555776284966	5.035368251249395e-07	10.734157304225757	True	3.952665205271628e-08
Qwen3-8B	tulu	layers.14.self_attn.q_proj	0.7446398786464875	0.5130164678296331	0.41971628861331006	0.33065652290743686	0.9619789827977513	0.014282002255156771	0.2558176601960324	2.719793099625889e-07	8.870002322967196	True	2.9094061847926208e-08
Qwen3-8B	tulu	layers.14.self_attn.v_proj	0.6806314202415454	0.43486495751151233	0.3303656567382868	0.4228602826217841	0.9721953661254618	0.018181348725823467	0.22650253719293714	1.0053589618586045e-06	7.409681015040557	True	3.727148768880681e-08
Qwen3-8B	tulu	layers.15.mlp.down_proj	0.6049809060692262	0.3557616325492891	0.24787857794645995	0.5145329335115486	0.9724180727008227	0.015023978568852531	0.1806722489000937	3.040732292625137e-07	5.85471208508334	True	1.4534562758476061e-08
Qwen3-8B	tulu	layers.15.mlp.gate_proj	0.7702913129043178	0.4484880503329768	0.3914716083390276	0.23809857093376685	0.9760700741626035	0.010621279569172078	0.26439886528867323	3.1997958727103537e-07	9.49250224728026	True	2.5220513039363624e-08
Qwen3-8B	tulu	layers.15.mlp.up_proj	0.8363838304243529	0.5534446622954889	0.47391166967450776	0.2667595767257045	0.9464339265211357	0.010936941577217203	0.3219421917250024	3.8236806465530293e-07	11.19127632453219	True	1.5271912902563945e-08
Qwen3-8B	tulu	layers.15.self_attn.k_proj	0.6433842478376143	0.35607622746656187	0.2697395898182568	0.4261433411998613	0.9794493694825389	0.019897482217465155	0.20310140699254295	4.930129979818787e-07	6.62046397062248	True	5.744375919457374e-08
Qwen3-8B	tulu	layers.15.self_attn.o_proj	0.7777256077087884	0.5561707129742727	0.44496035301268566	0.3599315799460151	0.9318666124326459	0.015528599678498442	0.2666048446947566	3.297067263652309e-07	9.675373895250098	True	4.948826547401648e-08
Qwen3-8B	tulu	layers.15.self_attn.q_proj	0.7537186397227291	0.5596894888389677	0.4471795997370315	0.36163412318668786	0.9277234185593661	0.014360980581982884	0.28894248559222324	4.1421910079719737e-07	9.087586485667694	True	4.199457611486223e-08
Qwen3-8B	tulu	layers.15.self_attn.v_proj	0.6555802204597336	0.4720235552203847	0.33745481205651157	0.48890232214563656	0.9580369914869238	0.018350646239570927	0.20542715888267726	1.9132091955142982e-07	6.874248519092046	True	2.9800107039844946e-08
Qwen3-8B	tulu	layers.16.mlp.down_proj	0.653235357321286	0.6901756989818356	0.5672402972316442	0.324516376626654	0.8820811294396304	0.014532461678135824	0.19817351532673536	8.050076052423805e-07	6.826031994317461	True	2.191261770451545e-08
Qwen3-8B	tulu	layers.16.mlp.gate_proj	0.8244916827383685	0.4594269863873038	0.4225007202948717	0.15428914702381458	0.9743097330544273	0.013700410471501275	0.35912900111223445	6.240118683997764e-07	10.874529438315163	True	3.126757212925504e-08
Qwen3-8B	tulu	layers.16.mlp.up_proj	0.7846749333905563	0.5087131062670527	0.40241124065036604	0.3742593723894393	0.9333223457984479	0.013545029772007966	0.2689403746008218	3.3340803706760624e-07	9.84963516375401	True	2.7638347360772505e-08
Qwen3-8B	tulu	layers.16.self_attn.k_proj	0.7543607734316388	0.5807946805386194	0.5017037926174088	0.25380985652774823	0.9524415901979449	0.01867659992409305	0.2868925285997037	3.8359979415147905e-07	9.101779889884643	True	2.5282461916924417e-08
Qwen3-8B	tulu	layers.16.self_attn.o_proj	0.7361907783726073	0.4573685235376586	0.33497472532805084	0.4635965854643649	0.9373596628488877	0.013098375834497564	0.23142283783208492	7.73555963062833e-07	8.670128611502404	True	3.431124881512653e-08
Qwen3-8B	tulu	layers.16.self_attn.q_proj	0.7742386967849891	0.6035609085767456	0.5057865973287724	0.2977489025080168	0.9283363313220512	0.01822181029027668	0.29365098775344894	4.27499475375015e-07	9.587936171449837	True	4.336148680426128e-08
Qwen3-8B	tulu	layers.16.self_attn.v_proj	0.6671485491969767	0.4685918320365831	0.35241120899674305	0.4343992217378967	0.9775841213459966	0.014255312783684283	0.2144924285148862	2.4871811166171653e-07	7.119944278659594	True	2.8391624424293262e-08
Qwen3-8B	tulu	layers.17.mlp.down_proj	0.609313577483509	0.40816979700743855	0.26970457531371594	0.5633887749351912	0.9715511936472438	0.017461511940095913	0.1743897828423766	4.362695327220223e-07	5.938402557053367	True	3.201396866000958e-08
Qwen3-8B	tulu	layers.17.mlp.gate_proj	0.7436336951762932	0.3985032864961269	0.3345329732455534	0.29528413928468333	0.9813190078852715	0.014514989566440484	0.25011903840681365	1.5926023189116734e-07	8.845990233898661	True	3.178263014689395e-08
Qwen3-8B	tulu	layers.17.mlp.up_proj	0.8123398916640759	0.5163153614817735	0.4349616466340308	0.2903048531794806	0.9560679740197922	0.014674968676830387	0.30698419911085845	1.2958859363365605e-07	10.556061069845693	True	2.9190538127168446e-08
Qwen3-8B	tulu	layers.17.self_attn.k_proj	0.7644958739762123	0.5408020499507488	0.4456372602620506	0.3209741110013785	0.9363447319051527	0.015637177949940444	0.2947273561265239	3.5855904334525235e-07	9.348983182229631	True	3.6381363072279154e-08
Qwen3-8B	tulu	layers.17.self_attn.o_proj	0.8250400278093488	0.5965206666578369	0.5092243141082584	0.27126894965393356	0.9262563221941316	0.01436159694002207	0.33454429920362816	3.098577243676459e-07	10.888803671847018	True	3.1477645648817836e-08
Qwen3-8B	tulu	layers.17.self_attn.q_proj	0.7351694207858885	0.4782997046527188	0.38290232522813317	0.35912138239273295	0.9561298198170214	0.014776547340762574	0.2519520342950769	3.000106341133346e-07	8.645691879854771	True	4.2480522089472026e-08
Qwen3-8B	tulu	layers.17.self_attn.v_proj	0.6968406574924868	0.4676439200897087	0.35525879746212036	0.42288933782283267	0.9628955880458496	0.01719211261410927	0.2492904246628765	7.299971960250673e-08	7.767092908051506	True	2.890214690938233e-08
Qwen3-8B	tulu	layers.18.mlp.down_proj	0.70096189410036	0.5205391762184611	0.3855700439627824	0.45134451024634836	0.9360129552385209	0.01630612364002594	0.22950925397837554	2.593091330549413e-07	7.859466847721489	True	2.811054570655816e-08
Qwen3-8B	tulu	layers.18.mlp.gate_proj	0.830614195380426	0.4736287521793572	0.41641269134376024	0.22701369954128836	0.95857188445517	0.010113277939770219	0.3230624482345561	1.8436860482751172e-08	11.037589635661334	True	3.882674866522333e-08
Qwen3-8B	tulu	layers.18.mlp.up_proj	0.8551355859092714	0.616131469654227	0.540461332356542	0.23054633583148554	0.8872493230754337	0.007395615259569515	0.37779338990722267	1.3983416669027804e-07	11.699466713668068	True	3.3652090585027027e-08
Qwen3-8B	tulu	layers.18.self_attn.k_proj	0.7984193471600076	0.6344199918777704	0.5420801033534666	0.2699153556342392	0.9182329934065188	0.01569943265922051	0.37188388347499285	2.7319338213871447e-07	10.19705577956408	True	2.9767377103776795e-08
Qwen3-8B	tulu	layers.18.self_attn.o_proj	0.7988901731550615	0.5739036075209076	0.47828178784248876	0.305471968809351	0.940660547577169	0.015766008935737517	0.292412998030702	2.6865774438444845e-07	10.209075356526968	True	2.989164554642478e-08
Qwen3-8B	tulu	layers.18.self_attn.q_proj	0.7774067225577219	0.6072980377437976	0.5050893074753816	0.3082763987513636	0.912158162629859	0.013564910671564368	0.30190304615832264	5.616645382122698e-07	9.667989230932339	True	4.813599818309272e-08
Qwen3-8B	tulu	layers.18.self_attn.v_proj	0.7287038553996279	0.5711222632362505	0.44332169134970756	0.39746846323003504	0.9448513339587532	0.015383073775950381	0.28053968986772126	3.6937283121041276e-08	8.494139049649926	True	4.2237921113221804e-08
Qwen3-8B	tulu	layers.19.mlp.down_proj	0.7520334896356397	0.5796862632170039	0.44695668395313093	0.40550958833236095	0.8869816207210625	0.01793439682982756	0.272379230016151	4.994490998555534e-08	9.045960314184176	True	3.6284189380674255e-08
Qwen3-8B	tulu	layers.19.mlp.gate_proj	0.785063510927207	0.4275761799979897	0.3582052032533534	0.2981621688405649	0.9721531447703928	0.015253566808051152	0.2849548414937637	1.0506624170680823e-07	9.858898970183983	True	3.252552549452785e-08
Qwen3-8B	tulu	layers.19.mlp.up_proj	0.8781910416121326	0.6547678997641224	0.5856482891425566	0.19998340056506403	0.8753208438283034	0.013226135537527259	0.39212242742480574	4.359471794668224e-08	12.33735460576247	True	3.2789015052506135e-08
Qwen3-8B	tulu	layers.19.self_attn.k_proj	0.7056836096785731	0.549988644317863	0.4261775311249025	0.39955441892772225	0.9421742555349323	0.01529238753640568	0.2356664752948038	3.8005301794541424e-08	7.965966983320035	True	2.8148917473721453e-08
Qwen3-8B	tulu	layers.19.self_attn.o_proj	0.8595489173930436	0.6601575343140759	0.5780185463974761	0.2333654662307716	0.8851764513763547	0.011733374837743466	0.3727275955609312	1.515579062250083e-07	11.819558431768096	True	2.965394870542274e-08
Qwen3-8B	tulu	layers.19.self_attn.q_proj	0.7730432262087873	0.5572129660668519	0.4659038753101882	0.300882427557288	0.94981837077865	0.015583471555374989	0.29238071403908944	2.2919427911105572e-08	9.55921086862675	True	4.158212515516114e-08
Qwen3-8B	tulu	layers.19.self_attn.v_proj	0.653706467486079	0.45917196394563836	0.3192796815573615	0.516505167242383	0.9586118242813968	0.015805465538562557	0.19730176672190378	4.814123610863419e-07	6.835599700410938	True	3.7896273520834274e-08
Qwen3-8B	tulu	layers.2.mlp.down_proj	0.752805341849217	0.5753381044896443	0.4616872116360183	0.35605405336016804	0.9327327813000093	0.012145356914746509	0.294826560646433	4.3310540864816005e-07	9.066108732915874	True	3.40487463836409e-08
Qwen3-8B	tulu	layers.2.mlp.gate_proj	0.43817117192010185	0.16879014742360118	0.12420509713905507	0.45851721663215705	0.9950590390604667	0.022606815798577207	0.11986927823093857	9.382620544950981e-07	3.070339423985876	True	2.871345057785022e-08
Qwen3-8B	tulu	layers.2.mlp.up_proj	0.6045657300233662	0.42845583809492377	0.3381122519830603	0.377255806341916	0.9913820447400541	0.017055097396976103	0.19149708538928004	2.1529859972613252e-07	5.846297024513477	True	5.021669370611454e-09
Qwen3-8B	tulu	layers.2.self_attn.k_proj	0.7955865503612217	0.5529057276270576	0.4960532051894603	0.19507699014886581	0.9664186872698134	0.014932516428888747	0.36151295535417816	4.011174814522178e-07	10.125061031244568	True	4.6492890911101894e-08
Qwen3-8B	tulu	layers.2.self_attn.o_proj	0.6500237197553101	0.3525810115865805	0.2822989473234386	0.35893704891034217	0.9764948979323442	0.016953418214368743	0.22172190553199186	6.863542074686535e-07	6.758541012286052	True	1.9386613661711313e-08
Qwen3-8B	tulu	layers.2.self_attn.q_proj	0.7380800768794702	0.4581505482292548	0.3916552732696768	0.2692117845281816	0.9746049345565772	0.013988721361754518	0.3096561060665543	2.2143420719267226e-07	8.714493434779078	True	3.8340049949769676e-08
Qwen3-8B	tulu	layers.2.self_attn.v_proj	0.5612432477715116	0.44936732061784496	0.2939007845967826	0.5722416272850432	0.964027196189944	0.00983695263702883	0.15766909409489824	4.011178234009094e-08	5.039415636930092	True	2.3384684755399387e-08
Qwen3-8B	tulu	layers.20.mlp.down_proj	0.7546048627619626	0.5911432677583965	0.4614695543430108	0.39060258015602434	0.9102974337455075	0.010981685999863579	0.2733683590215485	5.429787007793507e-07	9.109767129487466	True	4.2024132604855814e-08
Qwen3-8B	tulu	layers.20.mlp.gate_proj	0.7708620875195648	0.41282651302522	0.351643230928114	0.27444663454494367	0.9754781547471285	0.012898396616281829	0.2739786176460725	3.470563965102258e-07	9.506078550514635	True	2.6782192657654343e-08
Qwen3-8B	tulu	layers.20.mlp.up_proj	0.8820322366972653	0.6223248714274867	0.5636134519900804	0.179783722136182	0.9176916291501694	0.010604136440650128	0.43272143509533845	1.6005021508114226e-07	12.446290166442148	True	3.632816243191308e-08
Qwen3-8B	tulu	layers.20.self_attn.k_proj	0.7889395947728732	0.5548404113980132	0.47085114833533787	0.2798365141844348	0.9147048232332673	0.016734741142296214	0.3273718567321424	1.2824721040693987e-07	9.956019412990104	True	3.046232286483261e-08
Qwen3-8B	tulu	layers.20.self_attn.o_proj	0.8310537547208108	0.6154642580010133	0.5063179257040935	0.3232302591633186	0.8974685486565451	0.014772549364697634	0.3119087143565228	4.535031106200904e-08	11.047992979446523	True	5.5331302769211906e-08
Qwen3-8B	tulu	layers.20.self_attn.q_proj	0.7928897347078877	0.6812257979318252	0.5720845612821008	0.29475781407326285	0.9323028500111423	0.012524138911044187	0.29376780823302223	6.716702105613592e-08	10.057206990063793	True	2.5822780531284315e-08
Qwen3-8B	tulu	layers.20.self_attn.v_proj	0.7104724923271444	0.5633725585209678	0.4296428826992931	0.41840071266615064	0.9442928765337165	0.009462232643565594	0.23793573146568106	7.015592975445628e-07	8.075604160961266	True	3.506139278545927e-08
Qwen3-8B	tulu	layers.21.mlp.down_proj	0.7701029066415164	0.6312809435551733	0.5038812490479421	0.36289496766826546	0.9166871161111957	0.01088943566886018	0.29630603723715726	4.406541997958868e-08	9.487809756719482	True	3.9888187885525456e-08
Qwen3-8B	tulu	layers.21.mlp.gate_proj	0.8303923741906272	0.49420941122746137	0.4324245261839281	0.23440583706293683	0.9718594383996816	0.012296172613773618	0.33428272057554465	4.897707588380484e-07	11.03114499904444	True	2.6931654352266072e-08
Qwen3-8B	tulu	layers.21.mlp.up_proj	0.8579038126035033	0.6089784231498283	0.5256460933534163	0.25495402738709516	0.9200288097185992	0.013961555806537572	0.3443060478761279	5.163758420856368e-07	11.773675633579666	True	5.1767375794318884e-08
Qwen3-8B	tulu	layers.21.self_attn.k_proj	0.7748708384048427	0.6701481223682394	0.5724899855570897	0.2702162682630831	0.9227987423348771	0.01459008700466895	0.3193632243801133	4.776465969413835e-07	9.604742878989	True	2.5474992711554788e-08
Qwen3-8B	tulu	layers.21.self_attn.o_proj	0.8616522228894857	0.6660901264855776	0.5899333651445497	0.2155957705346705	0.8683875028545425	0.012091833569192792	0.3956260224505528	4.195610376900305e-07	11.877385943877	True	5.00036802286695e-08
Qwen3-8B	tulu	layers.21.self_attn.q_proj	0.8021417877640175	0.5913039882413972	0.4943353017447069	0.30108938783677486	0.9079952825410943	0.01031181133527024	0.3274054993748452	1.8498180964776623e-07	10.293804661900733	True	4.390250468140089e-08
Qwen3-8B	tulu	layers.21.self_attn.v_proj	0.6934431958693222	0.5081519107497573	0.38941144148066814	0.4127401778366435	0.9707528668428447	0.017043182558114787	0.2442530934550841	2.0705176018154248e-08	7.691580312721552	True	2.4876814907795996e-08
Qwen3-8B	tulu	layers.22.mlp.down_proj	0.7589080352774958	0.6106776776602737	0.4747548182430346	0.39561361644997606	0.9291070683023565	0.01793281799689834	0.2818795039146453	1.2441162033915987e-07	9.212096769224713	True	3.543079290292917e-08
Qwen3-8B	tulu	layers.22.mlp.gate_proj	0.7973056333685735	0.45469267514922795	0.38112267468155814	0.2974234353070092	0.9531432718582994	0.01680157595240216	0.30123988412977937	1.6862146967611125e-07	10.16826569757913	True	1.8921596947775955e-08
Qwen3-8B	tulu	layers.22.mlp.up_proj	0.8951939878495773	0.6575585226403354	0.5942104670305335	0.1833954917918298	0.8916675294942121	0.015033816419327705	0.433144785384373	1.7694729126382924e-07	12.819053914882963	True	3.604027259547273e-08
Qwen3-8B	tulu	layers.22.self_attn.k_proj	0.7510666074860515	0.5599887901290858	0.46660007514918056	0.305725935295474	0.9575299693451753	0.015876494934946705	0.2727311285440898	8.727423794763212e-08	9.023343332232397	True	2.796223912956435e-08
Qwen3-8B	tulu	layers.22.self_attn.o_proj	0.8436190048345915	0.5320749864429625	0.45903926706808196	0.25568976728107107	0.9417260396468113	0.012055856530281722	0.3386561813299422	3.4342271804099767e-07	11.385425543765328	True	6.563418789506207e-08
Qwen3-8B	tulu	layers.22.self_attn.q_proj	0.7891335985679255	0.6306513945367507	0.5260299683949514	0.30426756087292783	0.8825367702102497	0.013157276322498388	0.31294028047802697	8.384957950191563e-08	9.961982854812849	True	7.062822888033707e-08
Qwen3-8B	tulu	layers.22.self_attn.v_proj	0.6926532025888996	0.5164077564458818	0.386283643165792	0.4404651722866021	0.9435278374388129	0.013921759707022125	0.22317076331569258	5.989354305846462e-07	7.674816754141479	True	2.2193796766334627e-08
Qwen3-8B	tulu	layers.23.mlp.down_proj	0.7400504574860014	0.5960700006168248	0.44914116160591466	0.4322316414314028	0.909641552979376	0.011699281076003631	0.2819463768019043	8.57134785370306e-09	8.761595632621308	True	3.13231619588223e-08
Qwen3-8B	tulu	layers.23.mlp.gate_proj	0.8351387413257721	0.5194180672821375	0.46570894853413075	0.19611289553356848	0.9691686571779191	0.011964133132738015	0.37313569389045964	2.0492939434291202e-07	11.1577055544803	True	5.192473690780724e-08
Qwen3-8B	tulu	layers.23.mlp.up_proj	0.8933095904607202	0.6931978455912652	0.6227570954618216	0.1929081528938863	0.8952314334361737	0.01274202811930047	0.40397237267652325	5.673254954707829e-08	12.76596083048305	True	2.7657104569822202e-08
Qwen3-8B	tulu	layers.23.self_attn.k_proj	0.8426753193255214	0.6432580930733941	0.5822236339476679	0.180763783310548	0.94714056118302	0.015754107908422788	0.38772421227633747	9.273123513509063e-08	11.358805130174838	True	3.0970952650453896e-08
Qwen3-8B	tulu	layers.23.self_attn.o_proj	0.8991592195788125	0.7627640672239516	0.6888490222141744	0.184417983805106	0.8096642398961653	0.01079036341061616	0.41534841689576785	1.0513174086845822e-07	12.934287974895053	True	2.7207376312154862e-08
Qwen3-8B	tulu	layers.23.self_attn.q_proj	0.8328303248745137	0.5642540464102289	0.4935291070759853	0.23497402989555094	0.931539862132027	0.015493999935798097	0.34547278939694365	1.0494116731152303e-07	11.095035112822957	True	2.365902005662679e-08
Qwen3-8B	tulu	layers.23.self_attn.v_proj	0.7368720538594564	0.6051825244775416	0.47524372536625614	0.38331976974630577	0.9049320666666724	0.013716673976977017	0.2526256692651633	2.515630713739725e-07	8.686056586862199	True	3.0836611653587065e-08
Qwen3-8B	tulu	layers.24.mlp.down_proj	0.7464828915413825	0.5940129841615253	0.4436227660468608	0.44225488572570304	0.9078258950548307	0.013882330559159902	0.2515572171629475	3.3748092209684444e-07	8.914063058646956	True	1.8871872974643795e-08
Qwen3-8B	tulu	layers.24.mlp.gate_proj	0.8131850874581017	0.4705389521090906	0.40278907395619357	0.26723587158523154	0.9548125751435196	0.015311657475948938	0.3164664716066497	4.1466631905962004e-08	10.577838383478635	True	3.4544652239727825e-08
Qwen3-8B	tulu	layers.24.mlp.up_proj	0.8789139091796343	0.6346336388466111	0.5631107304086722	0.2126978636838276	0.9059703314445325	0.013003907081145773	0.3823754309743471	1.7497566195956438e-07	12.357740163591487	True	2.4718480975367383e-08
Qwen3-8B	tulu	layers.24.self_attn.k_proj	0.8319345796174856	0.6145699573019923	0.542124690634352	0.22186361692378087	0.9510301179512642	0.014569964022378519	0.3854475199513805	2.549529443118814e-07	11.071485872897552	True	2.5890018723438933e-08
Qwen3-8B	tulu	layers.24.self_attn.o_proj	0.8747205872618639	0.6627586703875171	0.5857567786569936	0.2188691137722889	0.8832745034133126	0.007857734374034697	0.4146949314596585	5.908174194324545e-07	12.241407346707353	True	3.878532984647965e-08
Qwen3-8B	tulu	layers.24.self_attn.q_proj	0.8394394879720285	0.6608501510333363	0.5739984256540265	0.24557614000810557	0.8987232766545298	0.012555505529242497	0.38605022002305306	2.3110242708401785e-07	11.27276634744374	True	2.3733516884548176e-08
Qwen3-8B	tulu	layers.24.self_attn.v_proj	0.7162686998409882	0.591217882748496	0.4617456195286479	0.3900272348298631	0.9177316206991869	0.014692009130277753	0.25209175023915775	1.9658608918504683e-07	8.206878499223793	True	3.423667839356648e-08
Qwen3-8B	tulu	layers.25.mlp.down_proj	0.7650657752354508	0.5845689627564727	0.45839173824732804	0.3851034491119706	0.9237990348492549	0.008849265763928702	0.29995124219282887	3.584176279103346e-07	9.364483574802172	True	2.608560479669543e-08
Qwen3-8B	tulu	layers.25.mlp.gate_proj	0.7893411005971572	0.4392291983937461	0.3714267961845577	0.28490447714417055	0.9613201031669737	0.012741383422534565	0.2942179959844697	3.836884159280629e-07	9.96732393301127	True	3.5457896903804946e-08
Qwen3-8B	tulu	layers.25.mlp.up_proj	0.859244812791331	0.5303992349799779	0.4568234131036981	0.258192994301235	0.9422900574063192	0.00956237636572585	0.3445407036662591	8.48669554631698e-08	11.811748224271067	True	4.2997211367387904e-08
Qwen3-8B	tulu	layers.25.self_attn.k_proj	0.8076370771830602	0.7410283283213531	0.6323326632703891	0.2718487312599762	0.869371950326697	0.013234300878875553	0.3168153204677368	5.054963803097223e-08	10.434615521336912	True	4.051548439230166e-08
Qwen3-8B	tulu	layers.25.self_attn.o_proj	0.8946010965847149	0.7054885426904559	0.6348230795208331	0.19029749136133167	0.8927004497584619	0.011880337001405552	0.4529581834487047	3.4681763794175424e-08	12.803171514829145	True	5.144764053344597e-08
Qwen3-8B	tulu	layers.25.self_attn.q_proj	0.8351726943751802	0.6335249334640803	0.5439556761908011	0.26277576742117714	0.925808326895882	0.010836840297404152	0.3337148441250102	9.099072095786198e-08	11.158902216810183	True	4.2216333238003575e-08
Qwen3-8B	tulu	layers.25.self_attn.v_proj	0.7045365653567449	0.5467013536330103	0.4238259674235939	0.3989995106637382	0.9392981771795672	0.013285107030667242	0.24239111008181743	2.1624836032962946e-08	7.940546987442151	True	4.145675540540916e-08
Qwen3-8B	tulu	layers.26.mlp.down_proj	0.7389345990437242	0.5781172612876292	0.4313809504017829	0.44321176167153076	0.8978949520408435	0.012783329225751195	0.2650469702693527	3.7610621261841004e-07	8.734968393139729	True	1.7670969811292154e-08
Qwen3-8B	tulu	layers.26.mlp.gate_proj	0.7798198545199154	0.4117389143423561	0.3498468508372322	0.27804170973438824	0.9723874513471694	0.01458779755414494	0.27892434452462517	4.1509587700439e-07	9.727825451164987	True	4.755632147795647e-08
Qwen3-8B	tulu	layers.26.mlp.up_proj	0.9016964149485852	0.6757773470052859	0.618794048027461	0.1615348884443627	0.8865324214204012	0.014788090347115982	0.45401135804784015	4.439218004304024e-07	13.00604636241984	True	3.35916961525108e-08
Qwen3-8B	tulu	layers.26.self_attn.k_proj	0.8079603286583292	0.6612474518426462	0.5827354963600485	0.2233686393915142	0.916076467044957	0.013904735368448877	0.3490742610801027	5.886249332398563e-08	10.442780097649337	True	2.9490733317559776e-08
Qwen3-8B	tulu	layers.26.self_attn.o_proj	0.8987863509949592	0.7051735446414724	0.6342934759500106	0.19092558640045132	0.8670385378390248	0.011521000370209393	0.41733241612892347	9.668954636943283e-09	12.923355136478335	True	2.1808302194013068e-08
Qwen3-8B	tulu	layers.26.self_attn.q_proj	0.8035392645964797	0.5440543305204791	0.4653191965169774	0.2684948365770591	0.9454703030505603	0.01632613300902665	0.31405065581285235	5.012675905469166e-07	10.328062350235063	True	6.574724254991265e-08
Qwen3-8B	tulu	layers.26.self_attn.v_proj	0.7377277248674936	0.5907845373882236	0.47698878076508266	0.34813436238237994	0.9240675890336726	0.017082572874685762	0.2569237438301135	3.27872315963873e-08	8.7053334833103	True	4.1435726673607795e-08
Qwen3-8B	tulu	layers.27.mlp.down_proj	0.7436852700557587	0.60027459981668	0.4413213249958761	0.4594823336782001	0.9042531159330611	0.012472750417355596	0.2514362287256245	3.244510837774328e-07	8.84770210539594	True	3.985731967671651e-08
Qwen3-8B	tulu	layers.27.mlp.gate_proj	0.8047213223519322	0.44305576566240196	0.37966433758208473	0.26568428068297634	0.9709712961009991	0.013488720193979275	0.30850064835758	6.51494152403842e-07	10.35932382972286	True	6.812274049617204e-08
Qwen3-8B	tulu	layers.27.mlp.up_proj	0.8883466006414747	0.6273457669765584	0.561770276358365	0.19813073163736084	0.900853556984024	0.013260092832160238	0.40999794204696677	0.0	12.624334798005785	True	1.96339918763654e-08
Qwen3-8B	tulu	layers.27.self_attn.k_proj	0.7339101968780692	0.5563907971086646	0.446793188704876	0.35515815562668207	0.9124109269759433	0.012493671624628576	0.2492344880222224	1.1784470399511804e-07	8.616639605113445	True	1.9724244523335042e-08
Qwen3-8B	tulu	layers.27.self_attn.o_proj	0.8705308371178635	0.7109122704305857	0.6281821303939555	0.21920120288336875	0.8963908845264543	0.013587530453833749	0.3685996080198184	2.0020412816457167e-07	12.122939596627258	True	3.465138893182115e-08
Qwen3-8B	tulu	layers.27.self_attn.q_proj	0.8279805435592925	0.5772459554388828	0.4999094468881006	0.2500006443776617	0.9511895410441666	0.007242587471567019	0.3695850126977086	2.3709679863870292e-07	10.968247916428135	True	3.29153680268493e-08
Qwen3-8B	tulu	layers.27.self_attn.v_proj	0.6226425469040685	0.4793410287731136	0.3287287798791188	0.5296877959517727	0.9378322992925975	0.013767978967011013	0.1832479003087067	1.0403171346595741e-07	6.201762756893241	True	2.6640791334521957e-08
Qwen3-8B	tulu	layers.28.mlp.down_proj	0.7756297689256447	0.6579108436768799	0.5192045643374602	0.3772081589428543	0.8791684535778167	0.013371104321934465	0.27838220559937715	9.848864601647023e-08	9.623905579720114	True	3.8546903942895166e-08
Qwen3-8B	tulu	layers.28.mlp.gate_proj	0.8444617515796932	0.5328142137421209	0.46692998338562947	0.23201644343965555	0.953026822147375	0.010826859738773563	0.342281534575551	1.1967518864786086e-08	11.40851319832088	True	3.152547439422788e-08
Qwen3-8B	tulu	layers.28.mlp.up_proj	0.8395598930813808	0.5978656391723194	0.5016350266971217	0.29600671164485914	0.9116705843445204	0.01014108637446438	0.32160392092858464	2.345047624974228e-07	11.276618489381109	True	3.502185038220957e-08
Qwen3-8B	tulu	layers.28.self_attn.k_proj	0.7881779304889541	0.5333809065970303	0.4655967968007325	0.23801742999184117	0.9495318555832901	0.0150447335868981	0.3325689525872844	1.2664181747723546e-07	9.937338917874673	True	5.3603499319770896e-08
Qwen3-8B	tulu	layers.28.self_attn.o_proj	0.8601636458274526	0.6442634348809746	0.5673607096511282	0.22448259909418733	0.9000657977968964	0.01391565661180931	0.3959460352006569	5.182743800791201e-08	11.835812792942352	True	2.2367573979341795e-08
Qwen3-8B	tulu	layers.28.self_attn.q_proj	0.7460961939130042	0.5985629188649153	0.464742260528651	0.3971563164744857	0.9252525285292286	0.01378595162923388	0.2507471148387454	3.291194594634561e-07	8.904853915389783	True	3.521455962022855e-08
Qwen3-8B	tulu	layers.28.self_attn.v_proj	0.6784515345477812	0.5688511279421127	0.4370261776112051	0.40977492457416764	0.9387623353490381	0.017368997854642545	0.21989648353724348	5.18345810940346e-07	7.362514311762378	True	2.675482703519749e-08
Qwen3-8B	tulu	layers.29.mlp.down_proj	0.7333651479064099	0.5832270726818638	0.433347894571228	0.44792506324684545	0.9192053265822595	0.015884972953891737	0.25888703817401226	7.681988223318115e-08	8.603020996173235	True	4.4986203541771364e-08
Qwen3-8B	tulu	layers.29.mlp.gate_proj	0.8016478772848835	0.47008311915446566	0.38459461906109904	0.3306441001916387	0.9436146471924345	0.014027654718713563	0.28452219212024693	4.469418670716152e-07	10.280196630554295	True	2.8125937136340325e-08
Qwen3-8B	tulu	layers.29.mlp.up_proj	0.8963675835085518	0.7005898050121078	0.6416494067423133	0.16118156259805405	0.8755583711290519	0.013025607270971096	0.41723246230169125	1.2783281633232946e-07	12.8534130665371	True	3.3902498793089106e-08
Qwen3-8B	tulu	layers.29.self_attn.k_proj	0.7833727575132698	0.5172614421728522	0.4424697257504475	0.26827665733830575	0.9607415394984014	0.012922037143237473	0.3272269896842432	2.4935277209703344e-07	9.817131403115178	True	4.1483724723321344e-08
Qwen3-8B	tulu	layers.29.self_attn.o_proj	0.809687496799416	0.42991883175679635	0.3569147761216645	0.3107827827645818	0.9661225655208122	0.012171219361017428	0.29266373779430305	1.1393629262279603e-07	10.48794518979575	True	2.090714827887517e-08
Qwen3-8B	tulu	layers.29.self_attn.q_proj	0.8224009798017933	0.5664509235696573	0.4844285001746736	0.26863395541519997	0.9368946999168619	0.01333985230306423	0.34141872364462295	6.483932324385933e-08	10.819566839390886	True	4.385852333374614e-08
Qwen3-8B	tulu	layers.29.self_attn.v_proj	0.687569740939803	0.579262901460937	0.45519495108445557	0.38249078610896436	0.9430455904238062	0.01571586140410784	0.23037455251106842	5.733639394378542e-07	7.562157478767336	True	4.4602024866250364e-08
Qwen3-8B	tulu	layers.3.mlp.down_proj	0.7567157473661782	0.5779464517093816	0.4496705132850096	0.3946401454085451	0.9198753579059	0.014204978110680664	0.27389300768233127	7.047020766925982e-08	9.160049565022122	True	3.090777110008814e-08
Qwen3-8B	tulu	layers.3.mlp.gate_proj	0.45278840989323654	0.15737184084964756	0.12726376100307848	0.3460335667474156	0.9954549410045553	0.01512710025916382	0.119903778188471	4.1333373590468625e-07	3.279524171908134	True	3.775193879440669e-08
Qwen3-8B	tulu	layers.3.mlp.up_proj	0.5726052137589916	0.3732178865541574	0.31034905053670164	0.3085258587007206	0.9898006915771829	0.01401244425701973	0.16335124292341546	1.1828868862195918e-07	5.2449988838697585	True	2.172451956158066e-08
Qwen3-8B	tulu	layers.3.self_attn.k_proj	0.7724903685840424	0.528950726336414	0.4285402153300062	0.3436239419755377	0.9297681022565761	0.016482357915303142	0.2923456466787669	1.2959609518858883e-07	9.545270537221905	True	4.141318459402977e-08
Qwen3-8B	tulu	layers.3.self_attn.o_proj	0.6642156378559425	0.4081995859107787	0.2985190674657152	0.46519059885118563	0.9838915690263039	0.01573108042164027	0.20734902497971888	8.888314306787493e-08	7.057173023039759	True	3.944805792962257e-08
Qwen3-8B	tulu	layers.3.self_attn.q_proj	0.7790472657617907	0.5831232095230193	0.4879627290910665	0.2997507570639104	0.9166998734806882	0.013892317023547757	0.28362326150847317	3.910738733958752e-07	9.708767752185066	True	2.7755659282703567e-08
Qwen3-8B	tulu	layers.3.self_attn.v_proj	0.6450583855081435	0.3962921241043495	0.28380339908579194	0.4871335348035827	0.9739881324824095	0.015417688749085461	0.20172973636557087	3.173719140825426e-07	6.656018359693672	True	2.719560415034389e-08
Qwen3-8B	tulu	layers.30.mlp.down_proj	0.6953642359003872	0.6326225891995679	0.4535377392071872	0.48603035411920836	0.8823023626170233	0.015102915825278933	0.23578433622376122	8.867940892720583e-08	7.734736675972052	True	4.795479570177587e-08
Qwen3-8B	tulu	layers.30.mlp.gate_proj	0.8047113018924896	0.4510223345977343	0.36743781949784476	0.33630031268113647	0.9693189162545228	0.011477657398141832	0.2824787868301886	2.5183891316782336e-07	10.35960476976613	True	3.813094081349188e-08
Qwen3-8B	tulu	layers.30.mlp.up_proj	0.8670525487369182	0.5687840918589581	0.49037968571199986	0.2566898564494028	0.9273041326944708	0.011783574361039375	0.34648711614338684	4.1874927214635704e-07	12.026801697616888	True	2.6892175703589578e-08
Qwen3-8B	tulu	layers.30.self_attn.k_proj	0.7281669250920032	0.5533304951028873	0.44018914646800766	0.36713737399493795	0.9372442225073255	0.015311976169140847	0.2691068639875243	2.919007857649092e-07	8.481639137271651	True	2.509129157139227e-08
Qwen3-8B	tulu	layers.30.self_attn.o_proj	0.8237558484632823	0.6105778874495933	0.5078096638184083	0.3082968093864803	0.8811185734720803	0.015173623918741028	0.31560287288484834	9.919480925546509e-08	10.854677267999307	True	3.304768390875825e-08
Qwen3-8B	tulu	layers.30.self_attn.q_proj	0.7465673511917886	0.4577820367539118	0.35554476349445274	0.39678646294158626	0.9517989918546225	0.013362621435687637	0.25508400977188983	7.199757900977488e-09	8.916212469312622	True	3.6151996019765994e-08
Qwen3-8B	tulu	layers.30.self_attn.v_proj	0.6559618421845111	0.48801424153610784	0.3690287579759113	0.42818514839787736	0.9631211923659994	0.014052142513769999	0.21373948507900997	4.839140732570968e-08	6.8832149014224004	True	2.2967496314824593e-08
Qwen3-8B	tulu	layers.31.mlp.down_proj	0.7026563063820451	0.6456146005377094	0.47649808892669454	0.4552770920721152	0.902156293645287	0.016807672689944896	0.23231451471899098	1.8392780731790737e-07	7.897385439368184	True	3.093413428378355e-08
Qwen3-8B	tulu	layers.31.mlp.gate_proj	0.824001248761354	0.47821068654971033	0.413493769969754	0.25234819363786454	0.9643316644517889	0.011416377797851863	0.32479224089164327	3.1332896666125265e-07	10.862239834907118	True	3.584505178819036e-08
Qwen3-8B	tulu	layers.31.mlp.up_proj	0.8247800206888959	0.5388390158766535	0.4456555831683162	0.3159613599272567	0.9376893793759196	0.015915547395725187	0.3028601959334506	9.723233462821668e-07	10.8814151431553	True	3.990848377822103e-08
Qwen3-8B	tulu	layers.31.self_attn.k_proj	0.7407874701545795	0.5072488385593646	0.40494640511032903	0.3626867126696772	0.9371629124239904	0.016037554761510173	0.2711540215990603	2.511948147265741e-07	8.77800331506036	True	3.443223595137867e-08
Qwen3-8B	tulu	layers.31.self_attn.o_proj	0.8395893688003364	0.5790892477733284	0.5029406865769508	0.24570272610857702	0.9316949173577704	0.014248551258830736	0.3413011619236179	4.6893721017404744e-08	11.27627620088087	True	2.8425627301983193e-08
Qwen3-8B	tulu	layers.31.self_attn.q_proj	0.8062103180601027	0.5866122444961612	0.48239806840892363	0.3237475172240929	0.9503791356343817	0.013930148527775446	0.3006469157062267	2.645247090260483e-07	10.397577697697447	True	4.2920816253494765e-08
Qwen3-8B	tulu	layers.31.self_attn.v_proj	0.7251729900333574	0.5508595599882753	0.47027777021895045	0.2711685260849169	0.9538105533550352	0.013406222253760397	0.2604980086291026	5.81664356236189e-07	8.41251141035304	True	1.9238609081036693e-08
Qwen3-8B	tulu	layers.32.mlp.down_proj	0.7708274842702157	0.6858901499265146	0.5473118278761475	0.3632623423903616	0.8671408484268266	0.015287026302525843	0.3133601572675333	4.84717161741699e-07	9.5045877078749	True	4.7113895844772425e-08
Qwen3-8B	tulu	layers.32.mlp.gate_proj	0.7914225595068523	0.4265048593615849	0.355242145506071	0.3062531864105491	0.9683125697760222	0.009144769943072704	0.2789212231177975	3.838843727343999e-07	10.020748915454993	True	2.4188612139698157e-08
Qwen3-8B	tulu	layers.32.mlp.up_proj	0.8721271024048531	0.5710173657233486	0.5111951605942888	0.19855294901236076	0.936092762355714	0.014433315226820254	0.3967614993184882	2.0445981219197051e-07	12.167150751423765	True	3.3553597672961785e-08
Qwen3-8B	tulu	layers.32.self_attn.k_proj	0.7711727639716095	0.5268411838180825	0.4322717636950683	0.32678419675398807	0.959646387755654	0.01596622607544627	0.2811234789580797	3.153820897772164e-07	9.512899261995214	True	3.0343228381636606e-08
Qwen3-8B	tulu	layers.32.self_attn.o_proj	0.8276621361557676	0.5288553259578341	0.47193666970891357	0.2036688902685151	0.9449357902190925	0.013790581729459357	0.3560127295232328	1.315468453055857e-07	10.95831221980416	True	2.4227133216598297e-08
Qwen3-8B	tulu	layers.32.self_attn.q_proj	0.746180115120626	0.4373605280237793	0.3401123066297612	0.39526441761510256	0.9636933564999574	0.015601699755221255	0.2484237771513867	2.1426414464897903e-07	8.90638395187402	True	2.409678717254517e-08
Qwen3-8B	tulu	layers.32.self_attn.v_proj	0.650443046972593	0.48482121947981344	0.40228609651108194	0.3114954622032078	0.9771725468561003	0.016316546005584767	0.21400448434142422	5.467481976051403e-07	6.767408950704371	True	2.1167510759512607e-08
Qwen3-8B	tulu	layers.33.mlp.down_proj	0.656727745932823	0.47021018097600553	0.32802711748762947	0.5133290327393084	0.9456547625312216	0.016079294587690723	0.21441399402928454	6.614919083602899e-07	6.898868066745446	True	4.327777547221626e-08
Qwen3-8B	tulu	layers.33.mlp.gate_proj	0.756453646000924	0.3988245885327095	0.3329197267406153	0.30318866392521904	0.9812730497948248	0.01683817456026979	0.25826119677405607	8.301525133980192e-09	9.152958228351698	True	7.749670865765337e-08
Qwen3-8B	tulu	layers.33.mlp.up_proj	0.8389511551721909	0.5199295092821818	0.45235987618649576	0.24302903984644908	0.951399936843476	0.014439353057363932	0.34522901749189205	1.2625968270896237e-08	11.259076418127608	True	1.7374805803868207e-08
Qwen3-8B	tulu	layers.33.self_attn.k_proj	0.8098444803290875	0.6869406116295895	0.594046987027488	0.2521694372950315	0.9404482460165784	0.01294169839402005	0.3504383722583747	2.0052475879772658e-07	10.491807567084543	True	3.446812034331249e-08
Qwen3-8B	tulu	layers.33.self_attn.o_proj	0.8120345187517438	0.4647841224705831	0.4143790628795345	0.20513561089108656	0.9646801486970985	0.007236725793296464	0.3275368089793028	6.661876694735724e-07	10.549862484071696	True	1.4437806947284458e-08
Qwen3-8B	tulu	layers.33.self_attn.q_proj	0.7737305829649651	0.49300703687945047	0.395470212108025	0.3565403516319814	0.9445817989605453	0.011199425603880639	0.2733113643397106	1.84693435878458e-07	9.577339293150573	True	3.327259286384845e-08
Qwen3-8B	tulu	layers.33.self_attn.v_proj	0.61776903416873	0.412518818269755	0.30621729355624316	0.4489742459476527	0.9807000035637703	0.014731404488007867	0.18996934441718083	1.280084735988396e-07	6.104893699866375	True	4.8990225123182214e-08
Qwen3-8B	tulu	layers.34.mlp.down_proj	0.5651575454386457	0.357963503301436	0.24771252971984875	0.5211290969183296	0.9867143913171537	0.01440335846415578	0.1654097141982284	4.2741057071360444e-07	5.109392989249429	True	3.4288318813072734e-08
Qwen3-8B	tulu	layers.34.mlp.gate_proj	0.7052709966186252	0.36966596183522604	0.2855866754524841	0.40316132869445986	0.9760515745353927	0.015496563862570844	0.2211111909038645	8.83581329547134e-07	7.956617733828698	True	4.143879722744839e-08
Qwen3-8B	tulu	layers.34.mlp.up_proj	0.7030015446868433	0.37798557252665554	0.29611093651447157	0.38629671368582763	0.9746933675939032	0.016248507174766832	0.22180972424847792	3.6297511984972886e-07	7.905296829586751	True	1.8410542954310763e-08
Qwen3-8B	tulu	layers.34.self_attn.k_proj	0.7556847613443847	0.4422057776610333	0.3708179952465982	0.2968098508734398	0.965055318760998	0.01779352241358241	0.2836452815338464	1.5712683243407355e-07	9.134055620994365	True	2.585684411834129e-08
Qwen3-8B	tulu	layers.34.self_attn.o_proj	0.7861118767536315	0.4135529161486523	0.37263061921156293	0.1881142829853898	0.9794893777874164	0.013089327016398705	0.31558712431006475	1.0601580813229816e-07	9.885853989530098	True	3.9436686894683504e-08
Qwen3-8B	tulu	layers.34.self_attn.q_proj	0.5772981336952641	0.34148690312088376	0.2319878920650592	0.5384884935440031	0.9782567447512278	0.01568400123570934	0.1608654051299097	6.994868737564275e-07	5.331051006175134	True	3.1180554617910684e-08
Qwen3-8B	tulu	layers.34.self_attn.v_proj	0.6288763313163432	0.4182906609601222	0.3311595485922416	0.37321553017257403	0.9758195246458292	0.0123252859122235	0.2134733116981183	1.4335647113838945e-09	6.326805791573986	True	2.401200367382653e-08
Qwen3-8B	tulu	layers.35.mlp.down_proj	0.6536853579614281	0.4635596767622896	0.36561292736743034	0.3779407053663675	0.9624997486706094	0.015920862668381164	0.23443435282712885	1.3271372611978194e-07	6.835141601061609	True	2.614598396714216e-08
Qwen3-8B	tulu	layers.35.mlp.gate_proj	0.6735092541131956	0.3959191445175297	0.29670354108256214	0.43839307502757396	0.968799210678017	0.015217111759287279	0.20677719337604258	1.0877661260622062e-07	7.256156396683593	True	2.096378329717098e-08
Qwen3-8B	tulu	layers.35.mlp.up_proj	0.6991832195033237	0.3490570405882857	0.2701902227114797	0.40083497553356395	0.9751759476520889	0.016611344996454818	0.22085473063293154	2.49820594211414e-07	7.819560399120722	True	1.7846861788320302e-08
Qwen3-8B	tulu	layers.35.self_attn.k_proj	0.6822320086044313	0.31384343791808755	0.26207885796300845	0.30267076963587913	0.9950406602856718	0.0171935692790089	0.22541402929459836	5.086772105755699e-07	7.444839155348734	True	4.761757168122434e-08
Qwen3-8B	tulu	layers.35.self_attn.o_proj	0.6343719328537826	0.2072741497361195	0.18746158802305324	0.18203579514694623	0.9970188471173136	0.01304328442807888	0.18285271013312757	7.048029264655753e-07	6.437739489462916	True	9.46497319484021e-08
Qwen3-8B	tulu	layers.35.self_attn.q_proj	0.6331456997818358	0.31826294925010656	0.2297744065858015	0.4787679160414843	0.976732544578405	0.013325807262655026	0.18385790229263396	2.626148452034016e-07	6.412833290780731	True	2.2681996693650507e-08
Qwen3-8B	tulu	layers.35.self_attn.v_proj	0.6090666570624556	0.3318219061729908	0.24258889681654888	0.4655196644570404	0.9795192086974139	0.016580443804782328	0.18586823426990892	8.183821442742101e-08	5.933762406615722	True	2.5857854158056853e-08
Qwen3-8B	tulu	layers.4.mlp.down_proj	0.6919503631007367	0.5669518577980447	0.40700823504989125	0.4846360603317721	0.9206785470390867	0.017660969492603335	0.2203160661391265	3.364576681708087e-07	7.658330271017333	True	3.960140583646562e-08
Qwen3-8B	tulu	layers.4.mlp.gate_proj	0.5134372773959874	0.1879641074417013	0.15155970149030187	0.34984391902716216	0.9947134811426628	0.015585554109094913	0.13910877890758785	5.043031796603259e-07	4.216856587545737	True	4.7885401848805185e-08
Qwen3-8B	tulu	layers.4.mlp.up_proj	0.695414235045331	0.4885395426295666	0.35408883679911807	0.4746786794012431	0.9504582668757249	0.01571593401958943	0.21963237765754645	6.16261466745982e-07	7.735694680319699	True	3.435195099685566e-08
Qwen3-8B	tulu	layers.4.self_attn.k_proj	0.7239468540549754	0.34638643394385116	0.276307214924713	0.3636988601736051	0.9806840263956375	0.014660272507772111	0.23340312389556783	4.6019946986497473e-07	8.383790216386512	True	5.268104788466171e-08
Qwen3-8B	tulu	layers.4.self_attn.o_proj	0.7259753395933775	0.5072805973955884	0.3910672631267429	0.405699055161713	0.9451082108915579	0.011979711276710934	0.23820003761597647	4.075843396122991e-07	8.431426028151764	True	4.246756499813691e-08
Qwen3-8B	tulu	layers.4.self_attn.q_proj	0.6424399294879456	0.3435330059238927	0.25757549909838284	0.43782418127063116	0.9847668268083297	0.012845670342521482	0.18924699336270853	2.6749494086431014e-07	6.602578861325276	True	3.1975673833542134e-08
Qwen3-8B	tulu	layers.4.self_attn.v_proj	0.6514453153268818	0.39664308981728796	0.28872485671948755	0.4701309365086508	0.9733256622652345	0.01698295353400955	0.2030168799077609	6.052835637149201e-07	6.788129359983655	True	4.367716043765717e-08
Qwen3-8B	tulu	layers.5.mlp.down_proj	0.6150985171723047	0.47564990084365705	0.3118782302255835	0.5700724249502185	0.9650112592702798	0.015750423344197698	0.1809802298718591	3.056120496669479e-07	6.052040935655144	True	3.535278576895473e-08
Qwen3-8B	tulu	layers.5.mlp.gate_proj	0.6862638892211824	0.3167080164043792	0.26594853494187143	0.29485717373468645	0.9955690807917957	0.016066508234151726	0.21354060710404205	6.078287662081294e-07	7.533375737394198	True	3.703721379855224e-08
Qwen3-8B	tulu	layers.5.mlp.up_proj	0.8077771865160991	0.5715702354936463	0.4641310201794462	0.34061056985960136	0.8929143146779783	0.015519340028367702	0.2997034536605063	2.0406072653855745e-07	10.437553500222077	True	2.434134505046764e-08
Qwen3-8B	tulu	layers.5.self_attn.k_proj	0.7113904311919163	0.47431706051849276	0.37457379411924385	0.3763552247023886	0.9585320551365495	0.014174152691873854	0.2495780311066531	8.136881068931956e-08	8.095596061637085	True	2.9260644357244486e-08
Qwen3-8B	tulu	layers.5.self_attn.o_proj	0.7422711220335326	0.5296150394237632	0.41734019364095526	0.3790454581506799	0.9220555395149673	0.013373678007685822	0.27206877339502733	8.988860833447632e-08	8.813887590311563	True	4.359347354827068e-08
Qwen3-8B	tulu	layers.5.self_attn.q_proj	0.7568775435420672	0.49815017722701144	0.4228503660402358	0.2794687132102186	0.9529692938292893	0.014393297961759043	0.27164972239536617	7.266096713198777e-07	9.163905682294756	True	3.3660623243887224e-08
Qwen3-8B	tulu	layers.5.self_attn.v_proj	0.6332159125371907	0.41971928862686414	0.29096136017062885	0.5194342887569136	0.9657263522596108	0.014685613142910043	0.1883380909703171	7.414101197422696e-07	6.414005168228711	True	3.92083986478222e-08
Qwen3-8B	tulu	layers.6.mlp.down_proj	0.3165487847624889	0.4452950876010888	0.1528447044928104	0.882183807067492	0.9847891273892028	0.06973999470106834	0.08592581357700771	1.0322695600528675e-06	1.5954491617570556	True	3.3000664139613944e-08
Qwen3-8B	tulu	layers.6.mlp.gate_proj	0.6908429584940694	0.3066651643594066	0.24454882652524096	0.3640803042354245	0.9827152465443997	0.012952488379932675	0.208429722963605	1.2053787012966666e-07	7.634944627381263	True	4.079551057418966e-08
Qwen3-8B	tulu	layers.6.mlp.up_proj	0.6002717860104407	0.3954436716244369	0.2900124497879394	0.46214646894971156	0.9669086848181887	0.013920332632961418	0.17079132819847628	7.608494013711109e-07	5.764111085308219	True	2.0601800147051753e-08
Qwen3-8B	tulu	layers.6.self_attn.k_proj	0.7254355881844131	0.4723937230699012	0.37841523397256843	0.3583045105213708	0.9708756975622108	0.012913110316790802	0.24089098590057323	9.84960024652537e-08	8.418702983451677	True	3.413770237766156e-08
Qwen3-8B	tulu	layers.6.self_attn.o_proj	0.7765279146220427	0.4869462084117318	0.404553223897019	0.3097771132786976	0.9494782452021961	0.01343459236367457	0.2875841929427926	8.65944871364377e-09	9.646188463909496	True	6.167554752829636e-08
Qwen3-8B	tulu	layers.6.self_attn.q_proj	0.6696982270545279	0.4147022216681481	0.32392890937449975	0.3898639394733513	0.9694501391203193	0.015124105342248726	0.22015202322912378	3.264953736259457e-07	7.174285348134267	True	3.71035997166988e-08
Qwen3-8B	tulu	layers.6.self_attn.v_proj	0.776760045204231	0.5610957797608837	0.45440763871567524	0.34413079142195635	0.9372340295544571	0.018061095030051388	0.2952596229792827	5.877713815660712e-08	9.650550752718502	True	4.392478635826484e-08
Qwen3-8B	tulu	layers.7.mlp.down_proj	0.5124607155373423	0.2621043407915194	0.16836823505998938	0.5873594612957118	0.9850176358853687	0.014797887345230541	0.1386460949088924	3.8276144564974857e-07	4.200932431851136	True	2.2206113283096156e-08
Qwen3-8B	tulu	layers.7.mlp.gate_proj	0.748790355892366	0.3605425738648849	0.2860343853066809	0.37060486820230676	0.9821530880116057	0.012377086733207582	0.23559668867533282	1.386745718257032e-08	8.969617417791776	True	7.314695707423327e-08
Qwen3-8B	tulu	layers.7.mlp.up_proj	0.6546293999791655	0.33821860833609163	0.24802485459000567	0.46223143650764986	0.9775663110286159	0.015431583643028697	0.2007405819170202	4.92024220699605e-07	6.8549948791948365	True	2.8627752293214024e-08
Qwen3-8B	tulu	layers.7.self_attn.k_proj	0.771106460132356	0.6517348450796091	0.5385611035034281	0.31714564130865885	0.9539342571248094	0.01775558919573787	0.29561952013007836	4.3044021791338594e-08	9.510684291837107	True	2.0535919651438988e-08
Qwen3-8B	tulu	layers.7.self_attn.o_proj	0.7186278994862825	0.49498968226634793	0.3561636760878786	0.4822656768259723	0.9310239552869782	0.015929935807566926	0.2247517970324601	2.8275786201348296e-07	8.260715459143627	True	3.200772874457204e-08
Qwen3-8B	tulu	layers.7.self_attn.q_proj	0.6962071428153473	0.47724859435722367	0.356487073806685	0.44204617639967514	0.9722929315098379	0.018800652923260643	0.22022515724500852	1.7219585890515532e-07	7.752531628137329	True	4.094131025123739e-08
Qwen3-8B	tulu	layers.7.self_attn.v_proj	0.640849526666421	0.4106887520424074	0.30660906254732867	0.44262901428362345	0.9727431390121758	0.015511738877221256	0.24608668053235047	8.53542044598754e-07	6.569417561456882	True	3.995603031469988e-08
Qwen3-8B	tulu	layers.8.mlp.down_proj	0.6235907734368923	0.4012424772902435	0.2754821232191296	0.5286179542010878	0.9620985801063097	0.017260131252411548	0.19531338750754848	2.2551955025651438e-07	6.219996485141125	True	5.26685778214009e-08
Qwen3-8B	tulu	layers.8.mlp.gate_proj	0.6813895649000308	0.30591266818783697	0.23713941742332983	0.3990856527040374	0.9813328799991781	0.008627596158144665	0.19926999972007556	1.9144408680560332e-07	7.428112026361895	True	3.797767050454191e-08
Qwen3-8B	tulu	layers.8.mlp.up_proj	0.799499329096201	0.5080024866066276	0.40428409973678314	0.3666531046045787	0.9310889912852149	0.011176198293172184	0.2775727217110319	4.10646489146238e-07	10.225917782675436	True	3.148325514108373e-08
Qwen3-8B	tulu	layers.8.self_attn.k_proj	0.6968742970399501	0.4606818932299121	0.36955086869667736	0.3565035296462832	0.9628193395119724	0.01802227450628809	0.2396313717899371	4.18091985254776e-07	7.767610318707415	True	1.99284379896008e-08
Qwen3-8B	tulu	layers.8.self_attn.o_proj	0.7518530646250767	0.5514602811452822	0.43634478086993017	0.37391817622658574	0.9223709422840418	0.014537266152390151	0.2545893273626341	5.255298876072345e-07	9.042607588989485	True	3.333892336376493e-08
Qwen3-8B	tulu	layers.8.self_attn.q_proj	0.7182370208179473	0.5245526602399819	0.41679128384832087	0.368666159749918	0.9350540003768328	0.015958812639756712	0.2572824769922537	1.914345690856578e-07	8.251725413697466	True	1.7222751740766124e-08
Qwen3-8B	tulu	layers.8.self_attn.v_proj	0.5489183063385455	0.41733560172487755	0.2727686957589674	0.5728128456971385	0.956180922110394	0.01576659063073534	0.15791962000024856	8.337711625561184e-07	4.8197744499833135	True	3.642895121693856e-08
Qwen3-8B	tulu	layers.9.mlp.down_proj	0.5724727609135333	0.34148716241734395	0.22420336089530754	0.5689422343513002	0.9804479074222398	0.011343653584435483	0.1621260345817448	1.3478484632845067e-06	5.2429121199080475	True	4.183319355996705e-08
Qwen3-8B	tulu	layers.9.mlp.gate_proj	0.675961043936481	0.33496076926318374	0.2741379486987915	0.3301918510051802	0.9872624813207517	0.014875455034231598	0.2032401969202728	7.68265705497484e-08	7.309156727991219	True	3.370890660645833e-08
Qwen3-8B	tulu	layers.9.mlp.up_proj	0.798222084549739	0.511638881681803	0.4054680948748652	0.3719614662570603	0.927079878777613	0.011922883012522359	0.2859262391137268	1.4586270369321142e-07	10.193083760948172	True	3.110453400012771e-08
Qwen3-8B	tulu	layers.9.self_attn.k_proj	0.6328064137203475	0.4206817780655435	0.30616549785278013	0.47033034317279665	0.968700369596031	0.013416668516906588	0.19222148088530827	3.116749480724934e-07	6.405945999374587	True	3.742399833407624e-08
Qwen3-8B	tulu	layers.9.self_attn.o_proj	0.7927970123105609	0.5908379608998736	0.486480740902204	0.3220549058244302	0.9098449270983446	0.015097969630287835	0.29867671296782844	4.4431224244245726e-07	10.054150227174361	True	4.0334401309233684e-08
Qwen3-8B	tulu	layers.9.self_attn.q_proj	0.8116866431493318	0.6285806337606668	0.550977612809739	0.23167332199523372	0.9271296350680991	0.011033723927227006	0.3641060637009038	1.155814803865951e-07	10.540077532332267	True	3.497361901883276e-08
Qwen3-8B	tulu	layers.9.self_attn.v_proj	0.6508477716654241	0.4623150827282323	0.34935540093711803	0.4289701660377707	0.9744698435985283	0.01492395268045962	0.21864381171932823	2.281155674355162e-07	6.77613869489184	True	3.7613654011596474e-08
Qwen3-8B	commonsense	layers.0.mlp.down_proj	0.6550794140586086	0.5520606705482674	0.3784597784005286	0.5300346443647641	0.9616789544534315	0.00018540673121383286	0.20270948158137772	4.269692555070037e-08	6.866064969868161	True	4.379161754242342e-08
Qwen3-8B	commonsense	layers.0.mlp.gate_proj	0.8084097578198058	0.6853498853887522	0.5603227138433513	0.3315764128837466	0.8815908984954877	0.00013433319393484834	0.3030930436348274	2.7958418979956434e-07	10.456415349024407	True	3.29693192114847e-08
Qwen3-8B	commonsense	layers.0.mlp.up_proj	0.7984001874375081	0.7217689547145417	0.5931305859971472	0.3246883468276822	0.8674807345001201	0.00012757016974916609	0.29209365922234876	4.7443551443038245e-07	10.199075905212588	True	3.5072379388171976e-08
Qwen3-8B	commonsense	layers.0.self_attn.k_proj	0.583918031915338	0.4974969158038274	0.34468384672283636	0.5199780722043618	0.9553420739784265	0.00021773511504268183	0.17666525323404686	1.590126370576428e-07	5.455365764247085	True	2.8983433001412756e-08
Qwen3-8B	commonsense	layers.0.self_attn.o_proj	0.7044584861773643	0.6616590814102326	0.49437919619837534	0.4417203226652431	0.9079101661649408	0.00015370588368899434	0.22623267590362509	6.642777463650162e-07	7.9401774033961505	True	4.032152770068024e-08
Qwen3-8B	commonsense	layers.0.self_attn.q_proj	0.6239727196620591	0.5147693871660447	0.35983513791387167	0.5113682126684242	0.9560608889191946	0.00013851293331375964	0.19725321856135786	4.844707963691519e-07	6.2294651226125515	True	2.998924701196665e-08
Qwen3-8B	commonsense	layers.0.self_attn.v_proj	0.7817246817772998	0.6864985945428571	0.5589520670006285	0.33706671010744127	0.8950762488781648	0.00014399700340878214	0.32327145989959544	1.5918266704773032e-07	9.777498559675763	True	3.857870050122014e-08
Qwen3-8B	commonsense	layers.1.mlp.down_proj	0.5592361816459308	0.5196328397754049	0.30344994814476983	0.658979131924393	0.9460954460113555	0.00011046444304442288	0.15291653102824768	2.679698871688174e-07	5.003924330532627	True	5.249960590689335e-08
Qwen3-8B	commonsense	layers.1.mlp.gate_proj	0.4462728486967734	0.4497452782813311	0.2806493718727633	0.6106009173809803	0.9760091978742884	0.000191391691888603	0.11690477575644123	8.619714026991687e-07	3.1865456775922114	True	6.311593251430406e-08
Qwen3-8B	commonsense	layers.1.mlp.up_proj	0.47719295559856495	0.4206954926191396	0.2556240922650492	0.6307947666344658	0.971897345149076	0.00015258012646143803	0.12890411685202202	3.434052575634894e-07	3.6434122874786286	True	2.519038754616628e-08
Qwen3-8B	commonsense	layers.1.self_attn.k_proj	0.5829706728264444	0.426369744957934	0.3028758172979232	0.49538931926704755	0.9820199409114226	0.0001965635811843675	0.18344544637973398	8.281975945045872e-07	5.437667668984346	True	2.600244571655385e-08
Qwen3-8B	commonsense	layers.1.self_attn.o_proj	0.6258663573152327	0.42769240807267944	0.2979366133602025	0.5147286281330794	0.9794964195798216	0.0002010729354180226	0.1905919429315014	6.223276778349884e-07	6.267331101444406	True	4.954941428580016e-08
Qwen3-8B	commonsense	layers.1.self_attn.q_proj	0.4670607697389898	0.29233106406335974	0.1702610734834933	0.6607805077384905	0.9860607735228013	0.0001831615186676145	0.12529952998338995	8.823283426107054e-08	3.490332700896548	True	1.636237128287455e-08
Qwen3-8B	commonsense	layers.1.self_attn.v_proj	0.4568360838452568	0.3595542096972758	0.21131506922802798	0.654592167800985	0.9895003705911202	0.00017342871753400692	0.1249480284872885	3.033449373912589e-07	3.3391892454666516	True	4.287359242787364e-08
Qwen3-8B	commonsense	layers.10.mlp.down_proj	0.721630697866874	0.6286180376743538	0.4677720895680003	0.44627397789502243	0.9155762418278129	0.00015480013722351648	0.2505408853670474	1.8644900845465884e-07	8.332016732992793	True	3.437880221552521e-08
Qwen3-8B	commonsense	layers.10.mlp.gate_proj	0.47985194016466987	0.3139441136932812	0.18305510364572947	0.66001559692387	0.9779652364068792	0.00018783021202595346	0.12578117686722032	9.611111773111247e-08	3.6841253135292655	True	3.4991095032802396e-08
Qwen3-8B	commonsense	layers.10.mlp.up_proj	0.7896269868475252	0.656584871957157	0.5112103803629315	0.39379769513062757	0.8908957810724755	0.00016114120940130362	0.2825902077421408	7.630686165160938e-07	9.976156969689848	True	2.4958332030288185e-08
Qwen3-8B	commonsense	layers.10.self_attn.k_proj	0.5258409177104828	0.45361302201407694	0.2723548111734273	0.6395051406477675	0.9763252133089815	0.00015229670310876092	0.14587991586734272	8.370650061984009e-07	4.424131222628947	True	2.172238968778074e-08
Qwen3-8B	commonsense	layers.10.self_attn.o_proj	0.7198735585998298	0.5365816471881125	0.40720371464135763	0.4240936944849236	0.9372942260334359	0.00017579311642493462	0.24886640401490834	1.977046577561481e-07	8.291483511175128	True	3.3769617302690345e-08
Qwen3-8B	commonsense	layers.10.self_attn.q_proj	0.6406185908571674	0.5209811894274516	0.360616576198513	0.5208767062765451	0.9398152054728006	0.0001627669191136756	0.1941378023654605	4.7423810611846307e-07	6.56626846131747	True	2.811638739527993e-08
Qwen3-8B	commonsense	layers.10.self_attn.v_proj	0.5847788358395012	0.4149063828979852	0.27291287360768074	0.5673389374190614	0.9661154536290633	0.00011991064416237704	0.19153076878070963	8.86181095616223e-07	5.471450813464249	True	4.0094970197361886e-08
Qwen3-8B	commonsense	layers.11.mlp.down_proj	0.616118266848651	0.428929706678141	0.276095711909195	0.5856693396498771	0.9548739345374123	0.0002063541673713842	0.18055196507802546	5.925682247109876e-07	6.073620043215278	True	2.1599859502691832e-08
Qwen3-8B	commonsense	layers.11.mlp.gate_proj	0.5706068150080759	0.3813835576125569	0.23471638097163489	0.6212410801518393	0.9744618765506751	0.0001557404483495046	0.1574085663318857	6.412066291261453e-07	5.209467390290125	True	3.584576143443167e-08
Qwen3-8B	commonsense	layers.11.mlp.up_proj	0.7753012432422314	0.6317512937764274	0.48842110463107524	0.4022816856375322	0.909346862761141	0.00012041953480976792	0.2668972102104404	1.5843501621759515e-08	9.61747184015667	True	3.388989353383121e-08
Qwen3-8B	commonsense	layers.11.self_attn.k_proj	0.6457375272106849	0.5874800590213053	0.41628646629267574	0.49789063194529837	0.9540587641344075	0.00016958135699564428	0.20200096612514704	5.152675277564356e-07	6.671624197564653	True	4.53237440805589e-08
Qwen3-8B	commonsense	layers.11.self_attn.o_proj	0.7645999902631795	0.7103519325597747	0.554758884894409	0.3900961141084981	0.8723822549729516	0.0001387054539402025	0.2931577616039335	3.655159230842031e-07	9.35380330387806	True	3.885168352139919e-08
Qwen3-8B	commonsense	layers.11.self_attn.q_proj	0.694151517650853	0.656499510401927	0.4751034531428554	0.47626986827719875	0.9386976192455532	0.00018175465306915337	0.24733941423513356	1.0697641661394641e-08	7.709540851681108	True	3.912475291357525e-08
Qwen3-8B	commonsense	layers.11.self_attn.v_proj	0.5246836149102249	0.45092706989185105	0.25551396369899326	0.6789174797803634	0.9634600278299653	0.00020984693318819563	0.1470516058906211	1.3798416598209684e-06	4.404673982606871	True	3.582312111791449e-08
Qwen3-8B	commonsense	layers.12.mlp.down_proj	0.679872401617644	0.570610891722111	0.3742517757697619	0.5698225655924127	0.9235567245790129	0.00015692339041060483	0.21482405303178612	3.19413956950676e-07	7.39562826211764	True	3.148442669940172e-08
Qwen3-8B	commonsense	layers.12.mlp.gate_proj	0.6166878404166031	0.4809464811299566	0.3009895040088564	0.6083400180853153	0.951698456197688	0.00017836952415976643	0.17393000259858274	1.3912924323733478e-07	6.084860393524864	True	3.9813160166003964e-08
Qwen3-8B	commonsense	layers.12.mlp.up_proj	0.7453159263498085	0.619670625646278	0.497994097898803	0.3541575724450031	0.9259421571801519	0.0001778867981806517	0.2566389827861278	8.864461875646157e-08	8.887931424148903	True	2.1354051045138446e-08
Qwen3-8B	commonsense	layers.12.self_attn.k_proj	0.6458917643311191	0.5187696106169318	0.38237853103579145	0.45670220014821084	0.9770175206857371	0.0002086000026708661	0.21196927459735695	1.4140234516624162e-07	6.6748203369148165	True	3.332576038953104e-08
Qwen3-8B	commonsense	layers.12.self_attn.o_proj	0.668464809508877	0.44916963595909687	0.3088825619618298	0.5271036070927927	0.9530239671723896	0.00015519952018229962	0.20738952176291	3.0477620516222714e-07	7.149518694611024	True	3.463240686115777e-08
Qwen3-8B	commonsense	layers.12.self_attn.q_proj	0.6049026520735575	0.47862688333924486	0.3046185023641842	0.5949409118427266	0.9522431462120429	0.00013057207686431667	0.17443502817197667	1.0935716887594538e-08	5.854515524002594	True	3.262297613316402e-08
Qwen3-8B	commonsense	layers.12.self_attn.v_proj	0.4727025470119739	0.29348862880617266	0.16436679817479416	0.6863497542401111	0.9841520605587922	0.00014862298568189502	0.12410752401573912	1.9181906019127837e-07	3.575164459823923	True	4.567690124539467e-08
Qwen3-8B	commonsense	layers.13.mlp.down_proj	0.5884976601860975	0.3691783803689275	0.23274557259213202	0.6025428295951725	0.961708329723404	0.00020532958056803546	0.16636818280124088	1.2979073527041862e-07	5.541270264679671	True	2.755317998275717e-08
Qwen3-8B	commonsense	layers.13.mlp.gate_proj	0.6445066518290945	0.4960572733375453	0.32408992754355437	0.5731577270302846	0.9548054131778584	0.00013873069815734657	0.1911559013492116	2.2799681254070947e-08	6.646221363180101	True	3.963381790153174e-08
Qwen3-8B	commonsense	layers.13.mlp.up_proj	0.6513715602605318	0.4022055720755777	0.2699030703244662	0.5496818162060535	0.9571745250987864	0.00019765888747305668	0.19038898477318766	1.722736338027886e-07	6.788555948058795	True	2.779979927137097e-08
Qwen3-8B	commonsense	layers.13.self_attn.k_proj	0.6073825759551567	0.49156391047431147	0.34124073457962134	0.5180946414679779	0.9708313857502417	0.00021481656438806853	0.18926346817424017	4.989229596130684e-07	5.9026113349015334	True	3.3685479108340885e-08
Qwen3-8B	commonsense	layers.13.self_attn.o_proj	0.6771347282618086	0.4383702305202394	0.3434869349350954	0.38604245940694715	0.9665341214770695	0.00015400359347733086	0.23406444651683625	2.8616239378109753e-07	7.33617867082056	True	2.865142938916908e-08
Qwen3-8B	commonsense	layers.13.self_attn.q_proj	0.6968136226978278	0.5650858540448195	0.40394413921819655	0.4890084111295814	0.9481648017093938	0.00015017615920725585	0.23857647584919067	2.2190346893324886e-07	7.768783973387196	True	3.077383655926896e-08
Qwen3-8B	commonsense	layers.13.self_attn.v_proj	0.5112925077815877	0.4023538630795698	0.22664541318683357	0.6826945600906502	0.965420981837722	0.0001771177099400367	0.13770011566280763	2.351432539793308e-06	4.18270065430259	True	3.934366953970756e-08
Qwen3-8B	commonsense	layers.14.mlp.down_proj	0.6201839001197111	0.512639310171005	0.33712149159765287	0.5675368888752448	0.9426762005212258	0.0001725982967873072	0.18139294803474873	2.1210558698303572e-07	6.154051546770103	True	4.109203028199636e-08
Qwen3-8B	commonsense	layers.14.mlp.gate_proj	0.6822486007900013	0.4794720484458292	0.33635378926633414	0.5078856144188848	0.9418628694126601	0.00019531456320687302	0.20844915177966444	5.3004256872490885e-08	7.447410957865412	True	3.5314615228571916e-08
Qwen3-8B	commonsense	layers.14.mlp.up_proj	0.736492307033719	0.6030274501015651	0.4384992377593209	0.471234000224098	0.9245074487078563	0.0001698821293263189	0.23939345528365585	2.1610621514511763e-08	8.67873481775556	True	3.433919646619092e-08
Qwen3-8B	commonsense	layers.14.self_attn.k_proj	0.6544131542927478	0.5289986404558398	0.4037045172985356	0.41760437175856346	0.9700929463422956	0.00018104815110733924	0.22999931140233754	2.0201877681813585e-07	6.85210776808945	True	3.0997274910153833e-08
Qwen3-8B	commonsense	layers.14.self_attn.o_proj	0.7188794165429142	0.5793628083182525	0.45177678685359646	0.39193977013375714	0.9512418133129135	0.00015037625417997438	0.2507830242156915	3.9055055400805117e-07	8.26860812010495	True	2.1769502905857307e-08
Qwen3-8B	commonsense	layers.14.self_attn.q_proj	0.6641249821763191	0.5354166712871774	0.38001256446880805	0.49625339443653615	0.9617539931832285	0.00019394652900386878	0.20682378988499167	2.8349936509464158e-08	7.056992005891125	True	4.5045395519209506e-08
Qwen3-8B	commonsense	layers.14.self_attn.v_proj	0.5292206724601564	0.40693740502562376	0.23896395228130385	0.6551664108661426	0.9776002762822495	0.00015364011592492987	0.15073805785998795	2.009329003183069e-07	4.481194017605497	True	4.388300131547207e-08
Qwen3-8B	commonsense	layers.15.mlp.down_proj	0.6958572167231133	0.6389462754596678	0.4634307219277166	0.4739331255557777	0.9313831597797876	0.00018700231780537235	0.2598762385656152	5.658882852310754e-07	7.747484754541238	True	3.652704267798281e-08
Qwen3-8B	commonsense	layers.15.mlp.gate_proj	0.5351070576671311	0.43887663763726315	0.2495291305251388	0.676735822766524	0.9503213737320694	0.00019655709189882688	0.14663012565513275	1.5534995243537963e-06	4.581418599166256	True	3.9495001149658064e-08
Qwen3-8B	commonsense	layers.15.mlp.up_proj	0.6303748247697851	0.442864033438263	0.30223862171161525	0.5342433140412419	0.9641304715193739	0.00013787118619040857	0.19121454489819875	8.727736946489983e-07	6.3579474962980695	True	2.3720682843133375e-08
Qwen3-8B	commonsense	layers.15.self_attn.k_proj	0.6804918134265534	0.5808832875686886	0.4295110706113924	0.4532724472424289	0.928839727291936	0.00015025925984900578	0.2412226297644548	3.6141236359199524e-07	7.409110918454915	True	3.497813536996414e-08
Qwen3-8B	commonsense	layers.15.self_attn.o_proj	0.6646199232570842	0.4780255619431954	0.3604300417062476	0.4314878865101507	0.9481389989081679	0.00017874904621318223	0.2271404444722706	1.1176242233901235e-06	7.067498254805	True	3.70183696407332e-08
Qwen3-8B	commonsense	layers.15.self_attn.q_proj	0.5670610820307423	0.4543184322221681	0.2671406632604751	0.6542523110932166	0.9477874694416508	0.00017989866110703628	0.157531966266949	5.503359175040856e-07	5.144926502676604	True	3.7191287163325026e-08
Qwen3-8B	commonsense	layers.15.self_attn.v_proj	0.566258001013602	0.4762852791242969	0.29805083789454256	0.6083966694426571	0.9634850137605082	0.00018463454313160174	0.15732214897991798	4.647302778160167e-07	5.130365036023809	True	3.6259438959678464e-08
Qwen3-8B	commonsense	layers.16.mlp.down_proj	0.7128013980431895	0.6437066729502638	0.4739664117307517	0.4578504404091396	0.9261680930804888	0.00010619784272194142	0.27830443030218294	2.794762055113864e-07	8.129368693223418	True	2.994874047233521e-08
Qwen3-8B	commonsense	layers.16.mlp.gate_proj	0.5015942638245554	0.5259169427053801	0.29815897193457797	0.67858847869365	0.9527651698104911	0.00014374190444757767	0.13383330751548997	1.3456429508451606e-06	4.02553797097146	True	3.7378382000699254e-08
Qwen3-8B	commonsense	layers.16.mlp.up_proj	0.713964760427575	0.547345661101379	0.3945869302956384	0.4802888515819126	0.9456262824691914	0.00016844083072522763	0.22611094893205014	5.424884294003007e-07	8.155939483719047	True	3.2442630509524506e-08
Qwen3-8B	commonsense	layers.16.self_attn.k_proj	0.6720422100375711	0.6512591854422196	0.4646664607960442	0.49093301778569753	0.900524374395929	0.0001724790414362825	0.232013833446696	4.577716781195562e-07	7.226244882239014	True	3.8813581096283944e-08
Qwen3-8B	commonsense	layers.16.self_attn.o_proj	0.7460038538204622	0.4162309463432077	0.3326183947336049	0.36140752935886866	0.9624880241479657	0.00019200035691702537	0.2559577353344081	9.461506100816308e-07	8.904330820704548	True	1.8211121463707604e-08
Qwen3-8B	commonsense	layers.16.self_attn.q_proj	0.5986519499662137	0.512650891164416	0.31958786053145466	0.6113692905198925	0.9543986503364981	0.0001848484070187905	0.17253622995404116	6.16606237180406e-08	5.734145612101919	True	3.944351840878076e-08
Qwen3-8B	commonsense	layers.16.self_attn.v_proj	0.6234634129735438	0.5285283958178915	0.3490609967664452	0.5638197485707104	0.9349067345769622	0.0001855272412574308	0.1987389836519075	2.9305880344665525e-07	6.2193021777521365	True	3.994262360258306e-08
Qwen3-8B	commonsense	layers.17.mlp.down_proj	0.6185988954958505	0.6012286237773277	0.38715023917575364	0.5853518171234244	0.9364632527369473	0.00015878295276470518	0.20984012084857204	9.705338723797752e-07	6.122621457346186	True	2.750434527863972e-08
Qwen3-8B	commonsense	layers.17.mlp.gate_proj	0.5601392957966534	0.34641733630525	0.22848649193891774	0.5649673791831684	0.983401410248994	0.00019797529915084778	0.1579778261718807	2.8769877546963585e-07	5.020093405820505	True	4.6096002332570273e-08
Qwen3-8B	commonsense	layers.17.mlp.up_proj	0.6850752705120343	0.45702675864235276	0.32504649751850284	0.494166341178654	0.9519417067362014	0.00010011509874916036	0.21628054082430936	1.760969692288228e-08	7.509250209479969	True	3.514461552639056e-08
Qwen3-8B	commonsense	layers.17.self_attn.k_proj	0.6450575322797513	0.5855330619574486	0.3962160956541204	0.5421097633996235	0.961218568138829	0.00018296127421388767	0.21020724901470428	5.029294360969772e-07	6.657580599763684	True	2.3164114897511573e-08
Qwen3-8B	commonsense	layers.17.self_attn.o_proj	0.7451384512196845	0.5150142583139545	0.4202856319052236	0.334036264058996	0.9639844356144079	0.00019053329027349675	0.3101735740079992	3.203900966752826e-07	8.883694968776013	True	2.1140153218575643e-08
Qwen3-8B	commonsense	layers.17.self_attn.q_proj	0.6208604186292457	0.49438644287147415	0.3239059397536266	0.5707555205888877	0.9561976077700967	0.00017187351922940528	0.18564159894358423	1.933838289502887e-08	6.167482607075435	True	3.1669997751945016e-08
Qwen3-8B	commonsense	layers.17.self_attn.v_proj	0.5787612290681001	0.39146106349884036	0.24906243993479532	0.5952010909318073	0.9703979201352201	0.00018458147512494418	0.1736086748692243	7.408874815872935e-07	5.3594248402965965	True	2.3172863925889234e-08
Qwen3-8B	commonsense	layers.18.mlp.down_proj	0.6714609466487979	0.6415308575614559	0.44942251323398763	0.5092339104837839	0.9346483446743298	0.00011740940279987363	0.2115399582009886	2.8926851070032455e-07	7.213752573127057	True	4.570015617065838e-08
Qwen3-8B	commonsense	layers.18.mlp.gate_proj	0.6125588791551088	0.487834929414995	0.3114715175133077	0.5923467663491094	0.955830141366448	0.0001328222139988994	0.1760797787779655	2.1647633952071033e-07	6.003656580292222	True	2.982996031720667e-08
Qwen3-8B	commonsense	layers.18.mlp.up_proj	0.7087191917555862	0.5129220922759249	0.37339625289354944	0.47004731051588033	0.9521875390603968	0.00014776005247618036	0.2355402929100986	7.916024458154425e-08	8.036524836394724	True	2.9394302462323697e-08
Qwen3-8B	commonsense	layers.18.self_attn.k_proj	0.699157216452876	0.6523379367181783	0.4808298394146045	0.45670269420012544	0.9282709709635814	0.00022055547452928012	0.2538526848233943	4.997495024472443e-07	7.821124815424907	True	3.3474081026949844e-08
Qwen3-8B	commonsense	layers.18.self_attn.o_proj	0.7915730047162204	0.6355221319713015	0.5097129975029828	0.35673479965302046	0.9160470049654392	0.00017147231446001612	0.3131568465985328	6.935784868655759e-07	10.025390947157133	True	2.1894924430717244e-08
Qwen3-8B	commonsense	layers.18.self_attn.q_proj	0.7679929081929109	0.6598837132035499	0.5347070037738241	0.34340597509029713	0.9481926832812304	0.00019691211706876865	0.33193414522143155	2.0416785662114023e-07	9.4370054931727	True	3.398925269962893e-08
Qwen3-8B	commonsense	layers.18.self_attn.v_proj	0.6873365373313534	0.5822017308298515	0.41391874785351	0.49454416928597433	0.9301960106146272	0.00015742081828400896	0.25917563842342733	8.789775540751776e-07	7.558890773294408	True	3.6430156410870423e-08
Qwen3-8B	commonsense	layers.19.mlp.down_proj	0.688614683129298	0.6217439352210195	0.43645495761470254	0.5072169666309232	0.9185514635440425	0.00018939940267063317	0.24146793149088755	1.9882884649824462e-07	7.587039619931824	True	1.8529059256035004e-08
Qwen3-8B	commonsense	layers.19.mlp.gate_proj	0.6060666987595219	0.5238164741874064	0.3310842346840782	0.6004982402248789	0.9268306376395524	0.00016765233933107836	0.1723312297747096	4.1214944168643797e-07	5.877064483876957	True	3.1408969426085326e-08
Qwen3-8B	commonsense	layers.19.mlp.up_proj	0.7527586487313076	0.5795741188786016	0.45958732653014095	0.37119190918173295	0.9243706632085689	0.0001756777819645768	0.2835774347177847	8.099323878241194e-09	9.06632890516303	True	2.4577522843022782e-08
Qwen3-8B	commonsense	layers.19.self_attn.k_proj	0.6734380440477954	0.5627265815545354	0.42769198038659406	0.42234657463860825	0.9494112031128986	0.00019428672613807106	0.2660388042852839	1.1609190830874638e-07	7.256298828033478	True	4.482040798922787e-08
Qwen3-8B	commonsense	layers.19.self_attn.o_proj	0.7858508500157098	0.6489033294992116	0.5337329399433495	0.32346852242814694	0.9318445792175857	0.00013149763802329384	0.31999833102537234	4.96665177873723e-08	9.880983783160156	True	3.597495260827706e-08
Qwen3-8B	commonsense	layers.19.self_attn.q_proj	0.5931280640942437	0.5794258576260791	0.37551217374114465	0.5799970919154608	0.9710433930123281	0.00018429353477087396	0.18153635738339507	2.5909037537630297e-07	5.628811298739265	True	4.8122361760199475e-08
Qwen3-8B	commonsense	layers.19.self_attn.v_proj	0.6176682327732602	0.5388049838474555	0.3660881626428433	0.5383549701731025	0.9648893582172018	0.00016572439740513586	0.19716577462964574	2.890198202987193e-07	6.104228093271237	True	3.799850029074687e-08
Qwen3-8B	commonsense	layers.2.mlp.down_proj	0.6858611172428503	0.5778912302321141	0.4007070710309611	0.5192029385556746	0.9476067290500629	0.00012471270598351082	0.23198624039541485	5.164508933841461e-07	7.526479663152059	True	3.926266176190206e-08
Qwen3-8B	commonsense	layers.2.mlp.gate_proj	0.37381812223048283	0.295834263346409	0.13588483276784472	0.7890181851079316	0.9952106699022035	0.00018320541942190455	0.09507691090703015	5.164159893045195e-07	2.23583743183756	True	3.186181190133119e-08
Qwen3-8B	commonsense	layers.2.mlp.up_proj	0.51344246439339	0.5174321516001301	0.29689554810427227	0.6707691303738645	0.9641843331488975	0.00016748506533480233	0.13989377468587944	6.19651788991149e-07	4.217975736909188	True	3.69233948967512e-08
Qwen3-8B	commonsense	layers.2.self_attn.k_proj	0.7139952206451383	0.5841858739874844	0.4487420905204729	0.40994633641931055	0.9387438388421829	0.00017394868836065612	0.25741853966121825	4.212759225907803e-07	8.156619682484779	True	3.896860349109877e-08
Qwen3-8B	commonsense	layers.2.self_attn.o_proj	0.5249893655841436	0.3053382668429963	0.2001334628394228	0.5703874620050061	0.9824175816445208	0.00016668705089646524	0.15851917946340996	4.1964480346212696e-07	4.409824922217511	True	2.6723603925649583e-08
Qwen3-8B	commonsense	layers.2.self_attn.q_proj	0.6785907975945163	0.5258166869635899	0.39019664657819664	0.44932122657120666	0.9556687670101952	0.00018378453678552062	0.24497163808451636	1.712503330253412e-07	7.367764756955551	True	3.155598714310103e-08
Qwen3-8B	commonsense	layers.2.self_attn.v_proj	0.3917115412628422	0.29524936199650104	0.14834525163984025	0.7475534943583833	0.9830093222305858	0.00013974651766579933	0.10028376515017004	2.9556098979366396e-07	2.455008308201289	True	4.1738734690077804e-08
Qwen3-8B	commonsense	layers.20.mlp.down_proj	0.6577866924902815	0.6437858270292475	0.4278943234339337	0.5582360960934991	0.9159363006117561	0.00016360749154285042	0.22796027314409534	7.814379341386513e-07	6.9229223200954015	True	2.3685564246451202e-08
Qwen3-8B	commonsense	layers.20.mlp.gate_proj	0.6485074119780544	0.5368888758936465	0.3500222024322238	0.5749672695345307	0.9105012227084747	0.00014837723096064364	0.18962730480948484	6.407533714725133e-07	6.728981042866129	True	3.3239944558944085e-08
Qwen3-8B	commonsense	layers.20.mlp.up_proj	0.6926818519471454	0.6068317809038205	0.4228739093764931	0.5143927674678168	0.9224938727349379	0.00017410963012768244	0.2146094017367743	1.457770826274185e-07	7.676927897310645	True	4.6955497412957906e-08
Qwen3-8B	commonsense	layers.20.self_attn.k_proj	0.6126324473922622	0.5245467150803744	0.4095356431901448	0.3904419539505648	0.9790213734570756	0.00018956824162229442	0.18303816761847272	4.6841812118003645e-07	6.005090407977827	True	4.6621452376205054e-08
Qwen3-8B	commonsense	layers.20.self_attn.o_proj	0.7091708968454111	0.5030075057002001	0.3780329520588287	0.4351795864907322	0.9449833787686861	0.00016441656766074279	0.2210506334059054	7.892390414543371e-07	8.046760855752845	True	2.916111054494055e-08
Qwen3-8B	commonsense	layers.20.self_attn.q_proj	0.6476618025433127	0.6773117962241412	0.4910125867368471	0.47445734439145715	0.8653358692299263	0.00018598940625430167	0.21783898711513253	1.5386849994136753e-07	6.711450670053616	True	3.922401909922913e-08
Qwen3-8B	commonsense	layers.20.self_attn.v_proj	0.724673912424883	0.6192432410958766	0.4605489009868605	0.4468677882128358	0.9146823518547118	0.0001868363744701062	0.2684414397325756	1.267345093314276e-07	8.402434046519312	True	4.524570888875038e-08
Qwen3-8B	commonsense	layers.21.mlp.down_proj	0.609927828910585	0.581963090604616	0.3665779566812982	0.6032272760517785	0.9444863976293683	0.00018846155512812084	0.19959804361323571	4.966336055733933e-07	5.952185180152948	True	3.136223624944634e-08
Qwen3-8B	commonsense	layers.21.mlp.gate_proj	0.6148140883283756	0.4685734987219644	0.2920578891815615	0.6115076786181323	0.9522582815351424	0.00018549505011129943	0.17716974576346559	1.0780538077792556e-06	6.047928563220879	True	4.337535372106406e-08
Qwen3-8B	commonsense	layers.21.mlp.up_proj	0.6746997590170053	0.5689023603174806	0.3898763425597956	0.5303457082294264	0.9240808854737096	0.00016789916202894422	0.20915066460796466	4.4604001248060854e-07	7.283522529241931	True	3.527615171536179e-08
Qwen3-8B	commonsense	layers.21.self_attn.k_proj	0.6578432577282339	0.5176991434121256	0.354404977278492	0.5313541967766509	0.9405037599101997	0.00018451716124224352	0.22975540475787276	8.523885020039756e-08	6.924124972482022	True	4.160778394913635e-08
Qwen3-8B	commonsense	layers.21.self_attn.o_proj	0.7976919565320729	0.6301343735764693	0.523913061751818	0.3087229952271964	0.9154647918923857	0.00012598288956197222	0.32448710386532614	3.5354670124831955e-07	10.181006357586966	True	4.391081072665357e-08
Qwen3-8B	commonsense	layers.21.self_attn.q_proj	0.7410302929933515	0.6259946041142651	0.47015364714331886	0.4359229383469654	0.922844647024406	0.00016039168349391597	0.2738606958137382	6.085297989955052e-07	8.786003403023438	True	3.3869124996041895e-08
Qwen3-8B	commonsense	layers.21.self_attn.v_proj	0.5685867628821373	0.4926992860604581	0.3156599450335037	0.5895359866539553	0.9595604567560116	0.0001533671569584061	0.16315300156334547	7.878291286012029e-08	5.1726535740946264	True	3.255758711617726e-08
Qwen3-8B	commonsense	layers.22.mlp.down_proj	0.6272374614490722	0.5628873236787865	0.3686781840466536	0.5710052843569443	0.9463903357615223	0.00016845472566242716	0.19634443632771936	4.354000842088368e-07	6.2948236685581795	True	2.513335087069485e-08
Qwen3-8B	commonsense	layers.22.mlp.gate_proj	0.6494692376180206	0.47817435675070863	0.3156749647925515	0.5641794376241677	0.9501647365239819	0.000161094574826527	0.1916910655189354	3.179903618200086e-07	6.748960182439361	True	3.495394999784593e-08
Qwen3-8B	commonsense	layers.22.mlp.up_proj	0.6343907821220148	0.4523029972423465	0.29741821315051564	0.5676094548519046	0.9624874468783194	0.0001439780781473453	0.18448664199817763	5.743270179436877e-07	6.439219101141823	True	4.997885155797681e-08
Qwen3-8B	commonsense	layers.22.self_attn.k_proj	0.5820760012896027	0.6446238650535704	0.44765733410884023	0.5177428796386903	0.9421607651070621	0.00019615764766039837	0.16818736135235857	5.726325207344729e-07	5.420993123372745	True	2.2389512620691222e-08
Qwen3-8B	commonsense	layers.22.self_attn.o_proj	0.607656875585904	0.44425285928547614	0.30083147559604007	0.5414506474884506	0.9510189874965137	0.0002062768395213785	0.18283449104552846	3.6074046694256623e-07	5.907954066240542	True	3.1362014467052985e-08
Qwen3-8B	commonsense	layers.22.self_attn.q_proj	0.5402391390348182	0.448871964163511	0.2710512479048625	0.6353654133384244	0.9568283104178154	0.00020662008572340968	0.17428470900132603	4.942261928597702e-07	4.66972842235637	True	3.283906686104817e-08
Qwen3-8B	commonsense	layers.22.self_attn.v_proj	0.5185777940885515	0.40830396482032777	0.2651789951898511	0.5781956569980184	0.972762450930027	0.00014464287360871066	0.1469947663707892	1.247891623368247e-07	4.302765692450251	True	2.350307597250424e-08
Qwen3-8B	commonsense	layers.23.mlp.down_proj	0.6144573149620601	0.518012674994393	0.3468588915686913	0.5516420332587998	0.9633717586216128	0.0002060056848323068	0.19466489108014046	9.272779626368077e-07	6.040913210982736	True	3.40732059589869e-08
Qwen3-8B	commonsense	layers.23.mlp.gate_proj	0.6592731595419787	0.5220868595648243	0.3566679206442428	0.533294870055834	0.9321155506455884	0.00017890002713102113	0.1973296052759064	3.9651089522863003e-08	6.9542579111946665	True	5.030995267162187e-08
Qwen3-8B	commonsense	layers.23.mlp.up_proj	0.6755938727882171	0.5953266140398814	0.4285820872962043	0.4817283715467513	0.9263457409115967	0.00021223432454564047	0.22144333162981733	6.521631872313804e-07	7.3028234409708785	True	3.5978688703673336e-08
Qwen3-8B	commonsense	layers.23.self_attn.k_proj	0.517671139060992	0.3959845167585742	0.24541532123956433	0.6158976765824283	0.9687005944098499	0.00017440913101363298	0.15768797890017014	1.8766081621990338e-07	4.287732791761613	True	3.220638289235795e-08
Qwen3-8B	commonsense	layers.23.self_attn.o_proj	0.7399911985532318	0.5366199263609431	0.42291559652443683	0.3788824329796442	0.9371894416404889	0.0001869069603435535	0.2614312662373953	7.770273391383142e-07	8.761377661242436	True	4.1681890355060925e-08
Qwen3-8B	commonsense	layers.23.self_attn.q_proj	0.4657550085689021	0.29927066756467585	0.1830136991453228	0.6260281664170518	0.9881037174569323	0.00017869428175252143	0.12291063538529672	6.433876562628171e-07	3.47083907109107	True	4.834925176084094e-08
Qwen3-8B	commonsense	layers.23.self_attn.v_proj	0.6291676390541994	0.4885207555147395	0.32717026764094725	0.5514802014869942	0.9531191632768861	0.00017318513256128407	0.20849547550330091	2.773615195295065e-07	6.333626985154112	True	3.450224332169664e-08
Qwen3-8B	commonsense	layers.24.mlp.down_proj	0.6658092793287789	0.5499195202937903	0.39522706826044507	0.4834705477930167	0.9581385374805731	0.0001314121869916605	0.22252922952454884	8.840695591150194e-07	7.092844361687687	True	2.980863549077546e-08
Qwen3-8B	commonsense	layers.24.mlp.gate_proj	0.5741076438226758	0.3199937785645192	0.21062162928438122	0.566765666768673	0.985223119648071	0.00017754072196047292	0.15823440342227202	1.6418806436657718e-07	5.273594952625147	True	3.252878075652256e-08
Qwen3-8B	commonsense	layers.24.mlp.up_proj	0.5370267294935264	0.3310079751647122	0.1965147834425354	0.6475369954654748	0.9795278003376806	0.00017302003168721044	0.1441976872078701	2.0252843868640014e-07	4.6143650619930625	True	2.4861618861589214e-08
Qwen3-8B	commonsense	layers.24.self_attn.k_proj	0.6141673358111859	0.4038257574848054	0.31016364813513586	0.4100791315477287	0.9815738615384982	0.00017215881644417694	0.1933931560726107	3.1563846758508873e-07	6.035227893062178	True	4.390183273281125e-08
Qwen3-8B	commonsense	layers.24.self_attn.o_proj	0.7099038540580636	0.6054668575477928	0.4562873688284863	0.4320682579833739	0.932838916581624	0.0001504589266985286	0.2232832213604716	5.931994075947244e-07	8.063405963147053	True	3.3105804943056655e-08
Qwen3-8B	commonsense	layers.24.self_attn.q_proj	0.6990461940115242	0.6623335845152745	0.5240764610353581	0.3739114616870287	0.9419556481908629	0.0001658747907644143	0.2504610102548043	7.37424181496138e-07	7.818637555357107	True	4.4742974580950514e-08
Qwen3-8B	commonsense	layers.24.self_attn.v_proj	0.39205129641797526	0.1530816504567244	0.10597626540958077	0.5207402575370683	0.9976970286919725	0.00019567904498646245	0.10010338809106159	6.742693658967625e-07	2.4592640937881787	True	1.6533477611429727e-08
Qwen3-8B	commonsense	layers.25.mlp.down_proj	0.6186272711582846	0.6309812203051491	0.4271730720999538	0.5416736051754809	0.9289643974826353	0.00019477605030644222	0.1932511169876	1.3537488907644502e-07	6.123193319778586	True	4.595308548133075e-08
Qwen3-8B	commonsense	layers.25.mlp.gate_proj	0.8541024315738315	0.789818408328664	0.6839022152954777	0.2502205765012888	0.8198748159491118	0.00010943859080888683	0.4004016595736767	1.5526734586934765e-07	11.67185890265059	True	3.86141556777445e-08
Qwen3-8B	commonsense	layers.25.mlp.up_proj	0.8108375483635334	0.7848292382258469	0.6570725405215336	0.29906735316291055	0.8377023605869424	8.519635001847386e-05	0.3599545961824709	3.224940603452353e-07	10.519313616191928	True	3.962791379272549e-08
Qwen3-8B	commonsense	layers.25.self_attn.k_proj	0.41900749370475193	0.4399870914470449	0.22794768459660736	0.7315950629067537	0.9915783385797018	0.00017860468813339747	0.10928569638816964	3.8955523695705097e-07	2.8090741983037337	True	4.828035111912941e-08
Qwen3-8B	commonsense	layers.25.self_attn.o_proj	0.8432829151773679	0.6875556953168673	0.5916994587388065	0.25939510824981304	0.8732054827704993	0.000109191046729827	0.38665056888597493	9.125961608624777e-08	11.378014988117473	True	2.1392149423514553e-08
Qwen3-8B	commonsense	layers.25.self_attn.q_proj	0.5576449875357737	0.44046651643448037	0.2789503198300329	0.5989228427236886	0.9714208818816364	0.00017975480241913728	0.15827805189241012	9.853497326961502e-07	4.975476948038895	True	2.8180679549239406e-08
Qwen3-8B	commonsense	layers.25.self_attn.v_proj	0.663425010046049	0.493062868536278	0.34515094198335344	0.5099803114181259	0.9488561136261723	0.00016635679214100849	0.20953695686437246	8.780225349003246e-07	7.042111342115435	True	4.7679402766863094e-08
Qwen3-8B	commonsense	layers.26.mlp.down_proj	0.6793327227736676	0.5582033520752275	0.37604736874615285	0.5461626568535691	0.9649366547298156	0.0001451468438965417	0.22413375973220198	6.332173017042919e-07	7.383877664935384	True	2.6646891026863443e-08
Qwen3-8B	commonsense	layers.26.mlp.gate_proj	0.8751193639033626	0.8122212741360025	0.7208749510859016	0.21228131224849933	0.8090143099999602	0.00015587199758229991	0.39421776210294973	2.2065680349570016e-07	12.253336711985014	True	2.8468823657870844e-08
Qwen3-8B	commonsense	layers.26.mlp.up_proj	0.8435754064664843	0.8096243387604343	0.6918303465600764	0.26981634792837395	0.7946185183147073	0.0001330203304717912	0.34934290803812185	2.286082962932312e-07	11.385906055028782	True	4.665083015847375e-08
Qwen3-8B	commonsense	layers.26.self_attn.k_proj	0.5265926438494409	0.4388287003982232	0.26603715554160645	0.6324685194415473	0.9762746840530723	0.00018631130596392492	0.1437486598833168	6.410248448718292e-07	4.436802535091329	True	3.938875718867435e-08
Qwen3-8B	commonsense	layers.26.self_attn.o_proj	0.8070111807585137	0.7594115875222496	0.6308202591173024	0.3099877105114087	0.904160344097577	0.0001539303797995693	0.3019518016816861	1.0973909714273589e-07	10.420270199981998	True	3.6771145285895506e-08
Qwen3-8B	commonsense	layers.26.self_attn.q_proj	0.5698011154884154	0.4493563895221936	0.29147961055946225	0.5792399303253453	0.9691577365223675	0.00014835133922293516	0.16451413649025862	3.381883938446961e-07	5.194776378687859	True	3.313920276956998e-08
Qwen3-8B	commonsense	layers.26.self_attn.v_proj	0.5515243623180969	0.3814145629218016	0.22711078561763098	0.6454471528317787	0.9735248425202669	0.000112883909169304	0.15105336858634127	2.8452588285432512e-08	4.866866170618623	True	2.6888728073586936e-08
Qwen3-8B	commonsense	layers.27.mlp.down_proj	0.5948606275948451	0.5148237378190006	0.3492682767541445	0.5397422012552062	0.9539320246992534	0.00013623809135363584	0.17716697825684438	7.052614009461777e-07	5.661754541144942	True	2.366971324724485e-08
Qwen3-8B	commonsense	layers.27.mlp.gate_proj	0.8046855227174662	0.6700395677729993	0.5435266055233651	0.3419775428958719	0.8383278152972711	0.00010299048173698697	0.28607915744890683	7.232563095094235e-07	10.36028555135599	True	3.189041475807326e-08
Qwen3-8B	commonsense	layers.27.mlp.up_proj	0.8054451271693346	0.7225984484559218	0.6005840922486625	0.3091979779173536	0.8689882708979887	7.154612686442951e-05	0.3285056638385268	2.3056314280012202e-07	10.379864806531174	True	3.0573555848895685e-08
Qwen3-8B	commonsense	layers.27.self_attn.k_proj	0.6093292351531254	0.4245491446726993	0.32603728117654823	0.41023555703759307	0.968011819330921	0.0001588698098539451	0.21406563879279025	6.362171975915487e-07	5.940506160153623	True	4.532399482005533e-08
Qwen3-8B	commonsense	layers.27.self_attn.o_proj	0.7712302207200763	0.5193133745580716	0.4131316914570836	0.36712490316882673	0.9602290640510511	0.00017902076943456901	0.2801343768296631	1.552794843817651e-07	9.516733593127269	True	4.261863873662766e-08
Qwen3-8B	commonsense	layers.27.self_attn.q_proj	0.71908871996314	0.5485318843147509	0.42096143612048775	0.41104668412212353	0.9741374005687025	0.00020167840884203128	0.2640512693336814	2.711845406011548e-07	8.273412571093381	True	3.6261941335560144e-08
Qwen3-8B	commonsense	layers.27.self_attn.v_proj	0.35419175944194375	0.16852496072693032	0.09708950725088526	0.6680932194666652	0.9955291330415986	0.00017199040394074558	0.08945348663015706	8.775883524325678e-07	2.0072252568934856	True	3.464210084833454e-08
Qwen3-8B	commonsense	layers.28.mlp.down_proj	0.6238326543144578	0.6660988304461679	0.4581139222619029	0.5269907448152367	0.8974891104875979	0.0001506225330619964	0.20009434569674023	3.2736600008576033e-07	6.226670671357647	True	2.8144290471302526e-08
Qwen3-8B	commonsense	layers.28.mlp.gate_proj	0.766995842706112	0.5786462188061414	0.4399331440858353	0.42197432987253614	0.907992793977349	0.000134776456001673	0.2518180530191806	2.4760718031480167e-08	9.412522258801383	True	4.198073603972295e-08
Qwen3-8B	commonsense	layers.28.mlp.up_proj	0.8389874930791721	0.6911351283159263	0.5924008947931627	0.2653077192332577	0.8850200036715642	0.00012887378668203716	0.4112036510275245	5.4574594177125846e-08	11.262401258923258	True	2.3536605797610842e-08
Qwen3-8B	commonsense	layers.28.self_attn.k_proj	0.4141664971310251	0.3455085241323752	0.20090312316413172	0.6618916911435839	0.9771882562438792	0.00021273143613236912	0.10913801280806326	4.5696944805939665e-07	2.744539564987167	True	2.373558572262423e-08
Qwen3-8B	commonsense	layers.28.self_attn.o_proj	0.7846612200239743	0.6743701436959033	0.5727054365680726	0.27878302093526586	0.9399674351319275	0.00018540186249779963	0.3094415279223667	4.0859095218337416e-08	9.851090539718928	True	3.1722821121269976e-08
Qwen3-8B	commonsense	layers.28.self_attn.q_proj	0.6270795670534879	0.49374607839526197	0.33055074368610143	0.5518029861350696	0.9574778396234058	8.184844064186483e-05	0.19816976054881902	1.9769382242351696e-07	6.291658004862863	True	3.5989336062591453e-08
Qwen3-8B	commonsense	layers.28.self_attn.v_proj	0.5202713698641045	0.265558489057439	0.17551395087131183	0.5631796053507607	0.9898792567371425	0.00016208962216593542	0.1411775414731874	2.4858171776553917e-07	4.330918812192183	True	2.7175134172598626e-08
Qwen3-8B	commonsense	layers.29.mlp.down_proj	0.6609017714964953	0.5737610629795206	0.3915442939552729	0.5343070603761514	0.9280492062927395	0.00017789530429750534	0.22602494606960166	3.9582311617269994e-07	6.988663736455261	True	2.4807276079641016e-08
Qwen3-8B	commonsense	layers.29.mlp.gate_proj	0.8606983157638963	0.6485520144791848	0.5523149361304074	0.27475632396121397	0.884991592524175	0.0001315607444695248	0.36132220710824847	2.789751907261717e-07	11.852818633703905	True	3.631919565287828e-08
Qwen3-8B	commonsense	layers.29.mlp.up_proj	0.8567619959291106	0.7464490169336916	0.6492376381565007	0.24350323094660875	0.8808112816282431	6.537587424286554e-05	0.3685360197351955	8.11521614352273e-08	11.744655926289704	True	3.96306385003647e-08
Qwen3-8B	commonsense	layers.29.self_attn.k_proj	0.581582587961164	0.473319102937333	0.32391093215671807	0.5316795241770421	0.9777499139629028	0.00016999487253523775	0.18473573545357327	1.1954321887941433e-07	5.4118140434129876	True	2.132428728688725e-08
Qwen3-8B	commonsense	layers.29.self_attn.o_proj	0.75862547137971	0.4852555836923118	0.40287569487179703	0.31071146897043955	0.9411432924242403	0.00013591668837982607	0.2749710646558087	1.4272474158083526e-07	9.20820415158803	True	2.8874133893009744e-08
Qwen3-8B	commonsense	layers.29.self_attn.q_proj	0.7518990029510358	0.633418287585858	0.5357123434431155	0.28471007066717247	0.9360524811621702	0.00015869715176700284	0.31614056548842856	7.903680052656625e-07	9.04561924366611	True	4.622514531347661e-08
Qwen3-8B	commonsense	layers.29.self_attn.v_proj	0.6276788491200751	0.4437237318509311	0.2925610196884184	0.565282014767942	0.9388560042997669	0.00017905465345545446	0.18418655106259824	2.376401613268797e-07	6.303688604003776	True	2.800556862640588e-08
Qwen3-8B	commonsense	layers.3.mlp.down_proj	0.7266789159465349	0.6266250003573026	0.46786708640795527	0.442519663961231	0.9226058552057128	0.00015540615383167352	0.25288877498718604	3.2435423502619187e-07	8.449001226985153	True	2.6702952838207432e-08
Qwen3-8B	commonsense	layers.3.mlp.gate_proj	0.33583451445811713	0.19086094769898096	0.09413109491853683	0.756761638727546	0.9957104937706511	0.00018418735024576427	0.08443201237998688	1.403764039231703e-06	1.8045621427568737	True	4.673614625521291e-08
Qwen3-8B	commonsense	layers.3.mlp.up_proj	0.5132963189871486	0.4100857828645055	0.22730825319307726	0.6927577175023754	0.9551711722151511	0.00014142521227126733	0.14191304012159217	3.0246499105324176e-07	4.2155671429327715	True	3.401586858761937e-08
Qwen3-8B	commonsense	layers.3.self_attn.k_proj	0.553234498136356	0.42018348204579387	0.26962327843701794	0.5882469557323637	0.9649842401530553	0.00018242072419067716	0.17839267211430948	5.00710286566175e-08	4.897094886293928	True	2.669820184524414e-08
Qwen3-8B	commonsense	layers.3.self_attn.o_proj	0.6228634286243628	0.4667017310434344	0.3110351511089721	0.5558393067942677	0.9700712976311335	0.00010743840243824853	0.18175354182440015	1.0724282795138151e-08	6.207341672970315	True	2.5544601663701123e-08
Qwen3-8B	commonsense	layers.3.self_attn.q_proj	0.6374027717105666	0.5320167567658376	0.3631800410717953	0.5339920517211092	0.9589527689361181	0.00019870919978294646	0.19647139769946476	7.633838363663159e-07	6.500506512706863	True	4.736243243774405e-08
Qwen3-8B	commonsense	layers.3.self_attn.v_proj	0.49848551168553734	0.3976427145278248	0.23351079260285967	0.6551518851702404	0.9826726012692014	0.00017271013365054134	0.13436549216442684	7.170530935685093e-08	3.975805337345504	True	3.449972948527727e-08
Qwen3-8B	commonsense	layers.30.mlp.down_proj	0.6684737685566957	0.580893488558334	0.4081824118999947	0.5062403933505621	0.9477479687694591	0.00018232469761476458	0.2535313775487945	1.8683207336778196e-07	7.149717301894086	True	3.2990141774550176e-08
Qwen3-8B	commonsense	layers.30.mlp.gate_proj	0.8493213050757824	0.6714446759994586	0.5733402009482818	0.2708710881847598	0.8881732733007646	0.00016522289009976226	0.3859587121366708	1.6294613014444792e-07	11.541542791722199	True	4.216501526521652e-08
Qwen3-8B	commonsense	layers.30.mlp.up_proj	0.8002344535139554	0.6597175451137264	0.5445651348320604	0.3186290763175167	0.897252383267142	0.0001697821304953979	0.3158253416317753	3.7662126328719125e-07	10.245994876380946	True	3.933507021480326e-08
Qwen3-8B	commonsense	layers.30.self_attn.k_proj	0.6797127622523853	0.5221705600999684	0.37489312100674976	0.484545687296114	0.9492130783719006	0.00016522083701442911	0.23281546102887168	7.691739032367195e-07	7.39213945322401	True	4.2651226693876124e-08
Qwen3-8B	commonsense	layers.30.self_attn.o_proj	0.7879275970475712	0.5514260838097906	0.4902969349839945	0.20942378211978918	0.9539346698402502	0.00015155807976062406	0.3111493320694328	4.0647709154129075e-07	9.933286218165568	True	1.6797808343450914e-08
Qwen3-8B	commonsense	layers.30.self_attn.q_proj	0.4643220938419316	0.3464801097042454	0.21048111404363226	0.6309632210226882	0.9868349747807796	0.00018588417021639806	0.12463469513032872	1.0980786386838304e-06	3.4495124144091283	True	3.31515379858896e-08
Qwen3-8B	commonsense	layers.30.self_attn.v_proj	0.3886391743023709	0.3314540154386996	0.1416603494406353	0.817337226265264	0.9738207237668374	0.00021282876275185295	0.0985961315190976	4.848618088137968e-07	2.4166487588550463	True	2.78070890850445e-08
Qwen3-8B	commonsense	layers.31.mlp.down_proj	0.7146136673562576	0.4842667178947361	0.36637157056295055	0.4276333937377127	0.974998451856813	0.0001755392492520328	0.25659157631910157	6.581436517993922e-07	8.17075209032286	True	3.033610557984694e-08
Qwen3-8B	commonsense	layers.31.mlp.gate_proj	0.8322058730540451	0.6258868544142373	0.5243571212605864	0.298120301581434	0.8987646899504826	0.00012414470835253624	0.3466046564185657	5.296873428761728e-08	11.08106684545009	True	2.70390459954386e-08
Qwen3-8B	commonsense	layers.31.mlp.up_proj	0.8147936552439702	0.6525889044550196	0.5418448846447949	0.310601102648954	0.9215497072871257	0.00017749199623912947	0.32162000836848414	1.2779523217432143e-08	10.622218603883383	True	2.5773619497005817e-08
Qwen3-8B	commonsense	layers.31.self_attn.k_proj	0.6394440498671395	0.34644666000140534	0.2746187564888912	0.3716702327477761	0.9878898442397621	0.00018471983693782456	0.20731593573639684	9.466589168116712e-07	6.542206476855971	True	2.793688244474445e-08
Qwen3-8B	commonsense	layers.31.self_attn.o_proj	0.626844910667393	0.354696725036238	0.2510190678236136	0.499159929804747	0.9803587322478899	0.00015253519140864032	0.1789803767450802	1.593838669933234e-07	6.28695052211823	True	3.140431731780727e-08
Qwen3-8B	commonsense	layers.31.self_attn.q_proj	0.4620369726238668	0.29496994645295527	0.1612914610763578	0.7010027366412366	0.9848268131893516	0.0001486226286131025	0.12229675890216953	8.385848482284075e-07	3.4156448210772226	True	3.28180853107562e-08
Qwen3-8B	commonsense	layers.31.self_attn.v_proj	0.6229700660323628	0.3885900756629117	0.2628297004282344	0.5425269964939881	0.9664947968944481	0.00013179857145815592	0.18586024639092047	4.0059957062688056e-07	6.209462167877302	True	3.1138792826984754e-08
Qwen3-8B	commonsense	layers.32.mlp.down_proj	0.7163456856342322	0.586481594927067	0.44533396735392583	0.42341562609487926	0.9447436408315606	0.00014305135052688394	0.2927032590945335	2.2036097424571466e-07	8.21042171172566	True	3.8807513322692136e-08
Qwen3-8B	commonsense	layers.32.mlp.gate_proj	0.7930029536592298	0.5064310834355302	0.4238162885247357	0.29965089103020137	0.9699118063093336	0.00012386876234910153	0.30874572740194706	2.0992407456787987e-07	10.061654573447946	True	2.4188161199091838e-08
Qwen3-8B	commonsense	layers.32.mlp.up_proj	0.8140473157800243	0.5297584136406449	0.45564703856155747	0.2602220574973565	0.9563476926584502	0.00016058822423359038	0.36308882058020064	2.932779084030557e-07	10.602762024715629	True	5.4375774906913376e-08
Qwen3-8B	commonsense	layers.32.self_attn.k_proj	0.515965445700177	0.251603002244185	0.1901450210097787	0.42886565440187485	0.9943552626197464	0.0001931496185886975	0.14544858603257613	1.5659573875392852e-06	4.259511959157273	True	2.5077141987511617e-08
Qwen3-8B	commonsense	layers.32.self_attn.o_proj	0.7478820125642397	0.4490620937051813	0.3651197868386221	0.3389140235376571	0.957351659496541	0.00019468021458448942	0.26591811869677356	5.980881476741473e-07	8.949229031435722	True	3.567999887818086e-08
Qwen3-8B	commonsense	layers.32.self_attn.q_proj	0.6599605688756459	0.40215105276240737	0.3332666788654919	0.31323940647440063	0.9856565044105489	0.00018221302286608988	0.21746207961702366	5.326174878916845e-08	6.96876775049403	True	2.6108862670053306e-08
Qwen3-8B	commonsense	layers.32.self_attn.v_proj	0.5900899568090645	0.38559290144018393	0.26535082381730113	0.5264314856047537	0.9734455686894348	0.0001621026030741918	0.18682617857699435	2.090339007443376e-06	5.571275075900783	True	3.13527649914985e-08
Qwen3-8B	commonsense	layers.33.mlp.down_proj	0.677281387057203	0.46151623723624297	0.3419936745230903	0.45088642963933534	0.9745479221894637	0.0001755473105527648	0.23932972581619963	1.9531016048901506e-07	7.339358142987292	True	3.3998172759257775e-08
Qwen3-8B	commonsense	layers.33.mlp.gate_proj	0.7007951383640005	0.3273197470495361	0.2598481411370276	0.3697761782519591	0.9865562725988006	0.00017628766291487335	0.21559609345832037	2.456846788234657e-07	7.857817109982698	True	2.6588526434044592e-08
Qwen3-8B	commonsense	layers.33.mlp.up_proj	0.782069443938432	0.579105126909717	0.49190911907779633	0.2784691118334125	0.9334773011074884	0.00016018310836794168	0.292851501472593	1.7020305320691875e-07	9.786118259921532	True	2.5125899469787316e-08
Qwen3-8B	commonsense	layers.33.self_attn.k_proj	0.48819517411133145	0.2903205925283213	0.1814814938159194	0.609240983692831	0.9860254926092689	0.00018481231000050345	0.12928564782454433	3.8115147615869205e-07	3.8133494112341215	True	2.985704431811881e-08
Qwen3-8B	commonsense	layers.33.self_attn.o_proj	0.7312005007180938	0.4642530842450492	0.37549082765090613	0.34583234009386155	0.9706530563405671	0.0001510124491476098	0.23511549046882743	2.5666356640030585e-07	8.554462169685594	True	2.229032689031911e-08
Qwen3-8B	commonsense	layers.33.self_attn.q_proj	0.6914565682025972	0.4958996263094462	0.3674818257458661	0.45085862255748	0.9677595127491739	0.00010680619674966514	0.22587835230245756	7.547410998398618e-07	7.649783336886546	True	2.3202034473899617e-08
Qwen3-8B	commonsense	layers.33.self_attn.v_proj	0.6283617461167459	0.36790194574575624	0.2675322058892543	0.47120423115241283	0.984004293078215	0.00017703089612769893	0.1886080722688132	2.1371553526883247e-07	6.317418245999307	True	3.565245326887543e-08
Qwen3-8B	commonsense	layers.34.mlp.down_proj	0.7135086587843271	0.4848815935461904	0.39481676632835994	0.3369904595650992	0.9693185552411291	0.00020094421565636908	0.27336329172593776	2.2131395571722834e-07	8.145516975091857	True	2.555759544633763e-08
Qwen3-8B	commonsense	layers.34.mlp.gate_proj	0.7331363553776742	0.3691814042057915	0.30003546989397734	0.33951103738659205	0.9855294398501295	0.00018643933608928137	0.23958092432422745	1.3309945168238357e-07	8.59982006103391	True	1.602437118567564e-08
Qwen3-8B	commonsense	layers.34.mlp.up_proj	0.734023446101725	0.42164996268133803	0.3204061635279967	0.4225723299246089	0.9572394671964504	0.0001243803523071096	0.23736885876889613	7.201572815862534e-07	8.620634161037959	True	3.349436939824221e-08
Qwen3-8B	commonsense	layers.34.self_attn.k_proj	0.572354345255719	0.3388724221834512	0.2649792342751107	0.388563687085534	0.9939514042898564	0.00018967607815999175	0.16990820703022821	2.6183193768680724e-07	5.241429011211183	True	2.8318525283693007e-08
Qwen3-8B	commonsense	layers.34.self_attn.o_proj	0.7354582054459408	0.3777995878254355	0.3317798778142839	0.22878205527366025	0.9871639284503144	0.00021235955829221375	0.268146697176725	1.6818168513399456e-07	8.654382872058388	True	5.376953799674915e-08
Qwen3-8B	commonsense	layers.34.self_attn.q_proj	0.47967507706824597	0.15287030725345183	0.1333031796285697	0.23961290030392746	0.9992105339308076	0.00014588495096253315	0.1284958839747368	1.1770425383250682e-06	3.681402128278603	True	2.3937386519927403e-08
Qwen3-8B	commonsense	layers.34.self_attn.v_proj	0.4873873486060988	0.3245233058196507	0.19542213523042062	0.6373766834320298	0.9860722608149272	0.00013462177891686777	0.12919640350601977	1.2466905019437036e-06	3.800733295737468	True	2.0304364137484255e-08
Qwen3-8B	commonsense	layers.35.mlp.down_proj	0.7223029916845405	0.5174543445705712	0.4136282049866082	0.36103625730026656	0.9679227512686187	0.00015399431924238992	0.2577449008090629	2.9771725751359668e-08	8.347545093745548	True	3.544903296131368e-08
Qwen3-8B	commonsense	layers.35.mlp.gate_proj	0.5861607138550908	0.2578028771067931	0.19414554401436218	0.4328742916716526	0.9898321038329354	0.00018890256936252375	0.16921021494804997	1.6826705362404937e-08	5.4973501083099	True	5.354133093834784e-08
Qwen3-8B	commonsense	layers.35.mlp.up_proj	0.5678079259530024	0.21084839588926313	0.1669227764252504	0.3732554057065246	0.9931427517460518	0.00014425462998478495	0.1546080735478118	5.093311208348439e-07	5.15848809029728	True	5.244819980734544e-08
Qwen3-8B	commonsense	layers.35.self_attn.k_proj	0.5095719662919839	0.3291231670219424	0.2540496240807194	0.4041729630202354	0.9887285063984538	0.00017399535494730216	0.1555844963854817	1.6162268046127082e-06	4.154603865937265	True	3.222616449399972e-08
Qwen3-8B	commonsense	layers.35.self_attn.o_proj	0.7879921790107944	0.4383790948747733	0.3907381785246689	0.20554002176670672	0.9834758209325812	0.00015001866700119416	0.299810276792276	7.327937754375569e-07	9.93489200286446	True	2.3258269976770332e-08
Qwen3-8B	commonsense	layers.35.self_attn.q_proj	0.474467437871535	0.20867408697870332	0.14578056431560177	0.5119523677834761	0.9901245454706153	0.0002015236778967402	0.1262810014345207	8.046769315317448e-07	3.6019036505861712	True	7.798753896937902e-08
Qwen3-8B	commonsense	layers.35.self_attn.v_proj	0.5988629334310032	0.4163327371444409	0.25696024520299454	0.6190651092609532	0.9642913108270923	0.00013150318329104883	0.16981476752254396	4.177186907483588e-08	5.738188429980653	True	2.6707531169977158e-08
Qwen3-8B	commonsense	layers.4.mlp.down_proj	0.6488143738091443	0.6034398919192406	0.41135422237975905	0.5353094024039013	0.9401191620700422	0.00016122930756285643	0.19286850805431885	6.590464391997841e-07	6.735352413673677	True	2.6186163138622516e-08
Qwen3-8B	commonsense	layers.4.mlp.gate_proj	0.42783723751022545	0.25523590433306637	0.1505093796597671	0.6522688495407427	0.994048408206363	0.0001816321976054165	0.11101482859516226	2.179407573077441e-06	2.9287023665008896	True	2.5729892094876248e-08
Qwen3-8B	commonsense	layers.4.mlp.up_proj	0.5432921868676877	0.3609288311355342	0.22471853253001073	0.6123546041000147	0.9852099493899487	0.00010515224117864147	0.1481619429953654	1.661437646571784e-06	4.722646659986202	True	2.7259780011407333e-08
Qwen3-8B	commonsense	layers.4.self_attn.k_proj	0.6195117183915602	0.5362472656898818	0.3623181084008603	0.5434904164777237	0.951900589622729	0.00016033162154044806	0.19921526768890402	2.619933854308698e-07	6.140712932084002	True	4.2723112204411994e-08
Qwen3-8B	commonsense	layers.4.self_attn.o_proj	0.573233531901696	0.4684943321248874	0.2914786771037312	0.6129162878530332	0.9675299569108587	0.0001958202846387367	0.16545926137325603	1.1010207323636223e-07	5.257545554206786	True	3.329437337764174e-08
Qwen3-8B	commonsense	layers.4.self_attn.q_proj	0.646179400826469	0.49502664923851175	0.3624238028286501	0.4639858343007499	0.9670331219740097	0.0001596358743930352	0.21793118678598233	5.598135597306708e-07	6.680757438629944	True	3.1758693757483563e-08
Qwen3-8B	commonsense	layers.4.self_attn.v_proj	0.48789490953785486	0.29884835784357494	0.18161523590775924	0.6306800136495407	0.9829852978564784	0.00021404152397827336	0.13181322852832403	7.755779178886257e-07	3.808657001735169	True	3.544312655585912e-08
Qwen3-8B	commonsense	layers.5.mlp.down_proj	0.6367943766379542	0.64678177944324	0.4222872896319271	0.5737145927344367	0.9121242617410543	0.0001854167276986995	0.20029319815663887	5.520171710848842e-07	6.488105863732668	True	3.2923192482707663e-08
Qwen3-8B	commonsense	layers.5.mlp.gate_proj	0.48619669309964786	0.3833742617735592	0.2210539764485691	0.6675313056422948	0.9900090863813441	0.0001298188610216988	0.13105997120699178	8.328788030365075e-07	3.782189226142334	True	3.440227362738932e-08
Qwen3-8B	commonsense	layers.5.mlp.up_proj	0.6739298958477075	0.6615177113442077	0.4750606617420182	0.48427856081382115	0.9205367629203562	0.00021677767894162013	0.2079081258996043	1.8021697600900666e-07	7.266906350025926	True	2.1731514961266675e-08
Qwen3-8B	commonsense	layers.5.self_attn.k_proj	0.6568889107688329	0.4854891681111653	0.35278996247470173	0.47195206214168606	0.9816495643128775	0.00016535624751331995	0.23779593851107067	2.3016027361766334e-07	6.904051646758233	True	2.855616984070084e-08
Qwen3-8B	commonsense	layers.5.self_attn.o_proj	0.6958223473605617	0.5734947921404365	0.423040050161462	0.4558683184740787	0.9342523141521867	0.00016214677107738825	0.26064333344808344	2.4229251938123753e-09	7.746699584169509	True	3.158861979527412e-08
Qwen3-8B	commonsense	layers.5.self_attn.q_proj	0.5838419389535815	0.38442715815010864	0.2456772455435075	0.5915849416071546	0.9777009549702813	0.00016611156563446888	0.17082784714685323	6.691021323668167e-07	5.4539351059246615	True	2.7328108158853604e-08
Qwen3-8B	commonsense	layers.5.self_attn.v_proj	0.49653551809545016	0.3777878501489326	0.24027937031817564	0.595482795818842	0.9762023141036986	0.00016626449138562555	0.13984650192530748	9.354922891890993e-08	3.9447609606952465	True	5.014290223357394e-08
Qwen3-8B	commonsense	layers.6.mlp.down_proj	0.379534169559605	1.1845994919106744	0.9667699042141109	0.3339556317904857	0.9185868458135494	0.00020876597997126125	0.09662532323756104	2.4817689268097354e-06	2.304727433748751	True	4.6481552983115654e-08
Qwen3-8B	commonsense	layers.6.mlp.gate_proj	0.4715644194190821	0.277452717099231	0.1569121071346195	0.6801584035488776	0.9791750675785775	0.00019716518722901507	0.12227348829789617	5.11345998877033e-08	3.557967524409549	True	3.772549792200971e-08
Qwen3-8B	commonsense	layers.6.mlp.up_proj	0.5207164550308685	0.4779289633535647	0.2560109568519384	0.7130604552552209	0.943730537053951	0.00015112212911809795	0.13905834998042865	4.984749130132471e-07	4.338334250660791	True	3.232127240748699e-08
Qwen3-8B	commonsense	layers.6.self_attn.k_proj	0.5979352520045754	0.5092316816646293	0.35884981883573513	0.50341381648438	0.9633593360828274	0.00018829293790295997	0.1736219002970729	8.830867281872656e-08	5.720423836297016	True	2.1487598015929468e-08
Qwen3-8B	commonsense	layers.6.self_attn.o_proj	0.6830564637253799	0.6169327271472945	0.4440882994847478	0.4818410035277517	0.9027723289493497	0.00019377920261906954	0.22082576384602434	5.746284514884792e-08	7.465056983949723	True	4.427337299366593e-08
Qwen3-8B	commonsense	layers.6.self_attn.q_proj	0.5705237868070913	0.4257949771881294	0.25994509396963433	0.6272976059839661	0.9678319564797923	0.00013606656225260454	0.1619675447323656	1.4771078398201354e-06	5.207942779184963	True	2.7854072381630134e-08
Qwen3-8B	commonsense	layers.6.self_attn.v_proj	0.5370733796784984	0.38968563250850524	0.23923138457424936	0.6231161568628691	0.9735672629974887	0.0001978421939823563	0.153769623613153	8.413981280597227e-07	4.615157095531565	True	2.7661349923712955e-08
Qwen3-8B	commonsense	layers.7.mlp.down_proj	0.6429842179050123	0.6335941899835146	0.4218335349360427	0.5567386831136929	0.9332378020057571	0.00015232821769519035	0.20536904528784142	4.918610823079206e-07	6.614852610929556	True	2.7354454262797743e-08
Qwen3-8B	commonsense	layers.7.mlp.gate_proj	0.6378149370745988	0.5217503311338286	0.36206679454146307	0.5184383126556642	0.943742385016374	0.00014985450203992842	0.19112951601025457	1.5511627937669914e-07	6.508928176402005	True	3.418197415274912e-08
Qwen3-8B	commonsense	layers.7.mlp.up_proj	0.4707200197635577	0.34878121302672715	0.18010910138659028	0.7333355321343935	0.9707832073199266	0.00014345788100471717	0.12185836307061747	2.1142254835737617e-07	3.5452358200519605	True	2.636323155564603e-08
Qwen3-8B	commonsense	layers.7.self_attn.k_proj	0.6305850847049567	0.4845813213367994	0.3415727164085603	0.5031411756311266	0.9655034951529922	0.00015551081067420225	0.22177628667542612	8.599237020234796e-07	6.362189688976598	True	4.256065635488432e-08
Qwen3-8B	commonsense	layers.7.self_attn.o_proj	0.6728037865176619	0.5848640552889794	0.4200523544503274	0.4841814168103775	0.9521884262346292	0.00016446881105841585	0.2161053263575779	1.0804724204227512e-06	7.242623115609237	True	2.952024473870346e-08
Qwen3-8B	commonsense	layers.7.self_attn.q_proj	0.6304341212639709	0.5227947182824502	0.3559525603524779	0.5364230224120587	0.9472374943409096	0.0001810350801225458	0.2113650707994783	4.931089991888626e-07	6.359148420140794	True	2.8096879874506475e-08
Qwen3-8B	commonsense	layers.7.self_attn.v_proj	0.5218049348700843	0.4841695273369488	0.29357822581704096	0.6323345856345028	0.9712011766317945	0.0001423217013455783	0.1461597536770319	1.0000805383825195e-06	4.356477438972742	True	3.120966955862379e-08
Qwen3-8B	commonsense	layers.8.mlp.down_proj	0.5023904106845347	0.4516337796785249	0.23517056287303434	0.7288603177599423	0.9581876372673934	0.00017642535082583867	0.13413439305177466	1.4770540583963765e-06	4.038325940607234	True	3.1518707690005514e-08
Qwen3-8B	commonsense	layers.8.mlp.gate_proj	0.5777411939293329	0.4716029346115044	0.28815715108279943	0.6266588973969314	0.9460811618174872	0.0001411158347538285	0.15825315651291783	3.2119955184484184e-07	5.340554657488018	True	4.655759200981646e-08
Qwen3-8B	commonsense	layers.8.mlp.up_proj	0.6883451777808054	0.5770399533749717	0.4090649429959688	0.4974575466063612	0.9137191756183575	0.0001631355237236766	0.20983918143594574	1.9030035591782735e-07	7.581102253254764	True	2.934620639962101e-08
Qwen3-8B	commonsense	layers.8.self_attn.k_proj	0.6176363891492533	0.6208527182972451	0.40221828194079967	0.5802927808662042	0.9114475619463304	0.00020728473966811537	0.22417668278749933	3.635873158103209e-08	6.103595528806263	True	3.550198897916958e-08
Qwen3-8B	commonsense	layers.8.self_attn.o_proj	0.701592911438154	0.6968006526729015	0.5247861675843541	0.43278506037275677	0.8699484823280191	0.0001572415456361872	0.23988828083002478	5.611200617483547e-07	7.875712780914419	True	3.805601301494239e-08
Qwen3-8B	commonsense	layers.8.self_attn.q_proj	0.7338281112659999	0.6269488142235573	0.48690885176132664	0.3968418935496272	0.958642677208891	0.00016014795079675488	0.2844787368813913	6.997875512393392e-07	8.61604687035947	True	3.5257499645533894e-08
Qwen3-8B	commonsense	layers.8.self_attn.v_proj	0.5125466953179052	0.43796225689608737	0.26133826446040354	0.6439322542418247	0.972660972210849	0.00020632265294078398	0.14078264603883886	9.761078234582499e-08	4.203264838603929	True	2.7477607904787432e-08
Qwen3-8B	commonsense	layers.9.mlp.down_proj	0.6105558643758177	0.4822466585480111	0.3029898522965902	0.6052540230987884	0.9671218095784219	0.00019716721551726345	0.17319086009977466	6.825507083974003e-07	5.96444704243367	True	3.08886216724067e-08
Qwen3-8B	commonsense	layers.9.mlp.gate_proj	0.5958596506749336	0.4502620106302475	0.27805609217564836	0.6186408095299412	0.9502840984810424	0.00017637193599982548	0.1678342782402604	5.388054056254532e-07	5.6807732744625685	True	4.345071684447012e-08
Qwen3-8B	commonsense	layers.9.mlp.up_proj	0.6563984580398669	0.5177700069462842	0.3436376378971596	0.5595185013598772	0.9241386400051917	0.00016841306581302039	0.19558425178465313	8.517591638668165e-07	6.893731032344715	True	2.5238842107776397e-08
Qwen3-8B	commonsense	layers.9.self_attn.k_proj	0.6926077414989383	0.5772944667561202	0.42353077817626833	0.46176100038898926	0.9608975454705061	0.00016323638660406325	0.23466211643133522	6.842434143727871e-07	7.675277029312425	True	3.635890800583824e-08
Qwen3-8B	commonsense	layers.9.self_attn.o_proj	0.6856668023387459	0.6306072170264687	0.4632088433291409	0.46044488910423464	0.9070836887577465	0.00016015217081802462	0.24823512059079347	1.6930638691015076e-07	7.522220681215445	True	4.884303048951189e-08
Qwen3-8B	commonsense	layers.9.self_attn.q_proj	0.6523963056277265	0.48335725299916443	0.3286227465113752	0.5377693257391108	0.9544177833941201	0.00017759585397362612	0.21680548620229909	3.8256868362118723e-07	6.809929608227377	True	4.347738126835337e-08
Qwen3-8B	commonsense	layers.9.self_attn.v_proj	0.4876959693432841	0.42958030707511813	0.23751608622955717	0.694298669765369	0.9805806444028738	0.00019081848259633333	0.13484216062648044	4.6042075707575236e-07	3.8055540933391665	True	2.17519343580095e-08
Llama-3.1-8B-Instruct	magicoder	layers.0.mlp.down_proj	0.7247186491577684	0.367039338021324	0.28421112227053213	0.40040650411489453	0.9705988341880712	0.015032807502022452	0.22936214162576293	5.803503664303378e-07	8.401565113699215	True	2.53754424248086e-08
Llama-3.1-8B-Instruct	magicoder	layers.0.mlp.gate_proj	0.9428710614400181	0.6122284507971623	0.5640837429879706	0.15109292847175482	0.8843296828412488	0.011450457333342656	0.45911542211307177	2.5760403676855503e-07	14.2222211254343	True	1.6280459107159076e-08
Llama-3.1-8B-Instruct	magicoder	layers.0.mlp.up_proj	0.9337454095631489	0.5698024565596741	0.518725458190391	0.17124437055850694	0.9067279502103773	0.008407475529481375	0.4266438104804733	9.069961937058224e-08	13.949099236774387	True	1.1688351720483448e-08
Llama-3.1-8B-Instruct	magicoder	layers.0.self_attn.k_proj	0.8302396863540351	0.6024067617987298	0.5278168768944959	0.23230825753424345	0.9311434756320973	0.010694227558583019	0.3648190009994252	1.336101069782103e-07	11.02750861401523	True	1.570495513515225e-08
Llama-3.1-8B-Instruct	magicoder	layers.0.self_attn.o_proj	0.8129680016074986	0.5340544203537566	0.46980967920591077	0.22612130262727415	0.9495601418260053	0.015234140335683108	0.3212061234320732	2.3005953608823404e-07	10.572212522192162	True	3.2381498609641095e-08
Llama-3.1-8B-Instruct	magicoder	layers.0.self_attn.q_proj	0.8311476943992414	0.45307406726293026	0.40158437278928694	0.21437517432617026	0.9626542534963919	0.010382001203892079	0.32963307522971164	4.057207223517878e-07	11.051703522941294	True	2.58141563587352e-08
Llama-3.1-8B-Instruct	magicoder	layers.0.self_attn.v_proj	0.6697997617594899	0.32040056616345197	0.2709272745704713	0.28497881960489235	0.9894047311158772	0.015997234443008858	0.2321803543769132	1.58799147276234e-07	7.176272852484328	True	2.4834041001504538e-08
Llama-3.1-8B-Instruct	magicoder	layers.1.mlp.down_proj	0.42923498633880125	0.1428255220955067	0.11816848233648651	0.31547127839637	0.9989974427281851	0.016712224491359416	0.11373754820519393	4.824759008981161e-07	2.947062280646118	True	3.11260619034477e-08
Llama-3.1-8B-Instruct	magicoder	layers.1.mlp.gate_proj	0.9401864448213353	0.6098440424641497	0.5545231571698039	0.17319745779700224	0.8929776657032258	0.007835518040745441	0.4405005255985984	2.7845322514430393e-07	14.142332613299217	True	1.5566484852565813e-08
Llama-3.1-8B-Instruct	magicoder	layers.1.mlp.up_proj	0.9150858094719526	0.505983039093243	0.45559413236318996	0.18925491261372762	0.9308938494759125	0.0079864673298099	0.38971187714205485	4.282543331068922e-07	13.397246563625346	True	7.530429036552522e-09
Llama-3.1-8B-Instruct	magicoder	layers.1.self_attn.k_proj	0.7412547011238041	0.32714123238023524	0.2715885614021121	0.3107887171507988	0.9855166228495552	0.015254441546467169	0.24265290333520564	8.307667362927873e-07	8.789276181019378	True	5.248861425142453e-08
Llama-3.1-8B-Instruct	magicoder	layers.1.self_attn.o_proj	0.8875150710203192	0.6439462771539022	0.5797224004683219	0.18952263544103065	0.8779153531186898	0.008172263791022925	0.3973122828375954	9.969459047187712e-08	12.60208883549788	True	1.677980195105084e-08
Llama-3.1-8B-Instruct	magicoder	layers.1.self_attn.q_proj	0.7174958107869688	0.27590307885768905	0.23472401978783627	0.27622767240920976	0.9896527918134927	0.013779070734746084	0.22494797438831338	9.6526165949129e-08	8.235241543226344	True	7.088545941677216e-09
Llama-3.1-8B-Instruct	magicoder	layers.1.self_attn.v_proj	0.6088720662900089	0.22052046346019352	0.18948596682565133	0.2616601467315586	0.9969158542665374	0.016281290848102523	0.18225688577721347	9.234094368038015e-07	5.930041689532509	True	1.3683616434668925e-08
Llama-3.1-8B-Instruct	magicoder	layers.10.mlp.down_proj	0.6729953644057368	0.3438275583862865	0.26142827209688657	0.421872353077835	0.9767478669274873	0.012669446616302302	0.2010723919277053	3.0138984108418754e-07	7.245596587223511	True	1.627520260000058e-08
Llama-3.1-8B-Instruct	magicoder	layers.10.mlp.gate_proj	0.6084168479863884	0.2016794240125068	0.17751600836844664	0.22526734325232678	0.9958226989442647	0.015643212836106504	0.1707215856653728	9.464594619146283e-07	5.921276412513852	True	5.642916832989728e-09
Llama-3.1-8B-Instruct	magicoder	layers.10.mlp.up_proj	0.7915656414261006	0.3599633059489845	0.299742049874192	0.30660791086619577	0.9694405349394786	0.008585414570780027	0.26192618970709175	4.892303502312956e-07	10.024469874146263	True	2.4806185962877673e-08
Llama-3.1-8B-Instruct	magicoder	layers.10.self_attn.k_proj	0.8661086813080058	0.5336252624224991	0.456317895949998	0.26875612750854505	0.9484495148087244	0.012089594304354854	0.3452740034094253	6.738918612025913e-08	12.000555345995142	True	2.3800429695536826e-08
Llama-3.1-8B-Instruct	magicoder	layers.10.self_attn.o_proj	0.8502483294753422	0.5653146097058077	0.49985055706442605	0.2181923020836547	0.9459091192646635	0.014868455305750766	0.3609137474766477	3.654932720920101e-07	11.564190021350973	True	2.675931243546862e-08
Llama-3.1-8B-Instruct	magicoder	layers.10.self_attn.q_proj	0.84193252160752	0.4424286801507235	0.3840739088804266	0.24639622247555448	0.9622591469184169	0.010892741119884485	0.32406120535792005	5.016357735865284e-07	11.340248855632142	True	6.774561261152519e-08
Llama-3.1-8B-Instruct	magicoder	layers.10.self_attn.v_proj	0.7933122776418633	0.4730809070595663	0.39698408478801317	0.29583351547643577	0.9680649664856369	0.013838941032355351	0.3115466894008706	1.03754179692217e-08	10.067581651457413	True	5.051183276777086e-08
Llama-3.1-8B-Instruct	magicoder	layers.11.mlp.down_proj	0.6696373324223729	0.32121911231301703	0.246188535499921	0.4126014170073279	0.9816056432556187	0.016383574700865215	0.20614866603221704	6.629019451143137e-07	7.172710197030436	True	1.547855206931624e-08
Llama-3.1-8B-Instruct	magicoder	layers.11.mlp.gate_proj	0.656707715357197	0.24610208895346253	0.2106026663211399	0.26768634821859316	0.993970229622589	0.01460684267800689	0.19298470620382993	3.385395943578118e-07	6.898763469272626	True	3.9975098986217425e-08
Llama-3.1-8B-Instruct	magicoder	layers.11.mlp.up_proj	0.7503216275551609	0.3271139777508992	0.26751576739459193	0.33119337783460945	0.9806646845876479	0.01126178357213343	0.23894498716284077	2.287359678332379e-07	9.006582407566352	True	1.6614413595126588e-08
Llama-3.1-8B-Instruct	magicoder	layers.11.self_attn.k_proj	0.8884936488899804	0.6325627576681527	0.5711430389042642	0.1847655236573873	0.9132212803104836	0.009937656630428957	0.4502341210693473	5.919465406734048e-08	12.629489547299508	True	1.2529400416888884e-08
Llama-3.1-8B-Instruct	magicoder	layers.11.self_attn.o_proj	0.8483337325787399	0.5431142397428483	0.4880788861323908	0.1923974852933934	0.9661970962135944	0.012335988383459489	0.3779976807224037	4.695921069775011e-07	11.512958865159478	True	4.108562284510369e-08
Llama-3.1-8B-Instruct	magicoder	layers.11.self_attn.q_proj	0.8600908163303623	0.4816404897238465	0.4178110592095189	0.24748721303759136	0.9569398589930014	0.010625304531199704	0.3389990881547039	7.749931296707757e-08	11.834761301747017	True	1.695238481707091e-08
Llama-3.1-8B-Instruct	magicoder	layers.11.self_attn.v_proj	0.7588890369058189	0.4047503396160809	0.3262368951589579	0.3503316543680074	0.963402945866781	0.01701020537818325	0.26124873273107735	1.876040367498888e-07	9.211931450988514	True	4.067901931807278e-08
Llama-3.1-8B-Instruct	magicoder	layers.12.mlp.down_proj	0.7165974988773882	0.37607071462598135	0.2853458070914322	0.4242897523455813	0.9655156986080812	0.014510190842519262	0.22551849021583678	3.2476153477567493e-07	8.214456387571415	True	2.504389056900238e-08
Llama-3.1-8B-Instruct	magicoder	layers.12.mlp.gate_proj	0.6530080829113214	0.23491006117395227	0.2015867305144712	0.26358835668503366	0.9933760087875526	0.016506343691385914	0.19006258907693943	3.1667610711494376e-07	6.820849669418266	True	3.442704654035996e-08
Llama-3.1-8B-Instruct	magicoder	layers.12.mlp.up_proj	0.8221030557975594	0.4203832574819828	0.3580629777234323	0.2745157044578572	0.9673320632606056	0.01410475729974464	0.30007878352380185	4.0496537212497685e-07	10.811494879362723	True	4.769458008458646e-08
Llama-3.1-8B-Instruct	magicoder	layers.12.self_attn.k_proj	0.8561762698073856	0.4575920642691158	0.39456228329464293	0.25651164967163786	0.9604589658165054	0.012053290859180917	0.33316462968280613	4.489976390686934e-09	11.72690103193837	True	1.656446206449701e-08
Llama-3.1-8B-Instruct	magicoder	layers.12.self_attn.o_proj	0.8968502215255232	0.6722652537818667	0.6206143950111542	0.14775912667944224	0.9006657933594329	0.015369574738148607	0.46254684252241685	2.07511568595109e-07	12.86641038787836	True	3.4695006857652255e-08
Llama-3.1-8B-Instruct	magicoder	layers.12.self_attn.q_proj	0.817643418368517	0.4403818074911611	0.3646139644153398	0.31449937316686505	0.9551568655453381	0.011297683496825072	0.2931557210350114	3.14609118978737e-07	10.695280128385914	True	7.266480128386192e-08
Llama-3.1-8B-Instruct	magicoder	layers.12.self_attn.v_proj	0.7308578238684388	0.34119300969733557	0.27823509207285185	0.33499707076831187	0.9798973981593257	0.013764710002903443	0.23955853320325063	7.335179088574506e-07	8.544818731387624	True	3.719804688344638e-08
Llama-3.1-8B-Instruct	magicoder	layers.13.mlp.down_proj	0.6464618809626542	0.29887091842166524	0.22082647425628876	0.4540725136543966	0.9808503496450638	0.012647575091890354	0.18583895443094745	4.4780864949522936e-07	6.685543806841606	True	2.346720985069752e-08
Llama-3.1-8B-Instruct	magicoder	layers.13.mlp.gate_proj	0.6088162535063657	0.20534830306596427	0.17943558533087128	0.23645451261284323	0.9959203943051933	0.014922541383307664	0.17257279205661363	5.158767661939123e-07	5.92918895054741	True	2.8837642263002067e-08
Llama-3.1-8B-Instruct	magicoder	layers.13.mlp.up_proj	0.7547565864328741	0.30734770112538295	0.2632319136052554	0.26647124412616363	0.9868005177990951	0.012800881152742334	0.24461225339423828	3.0366617331800683e-07	9.11302101301035	True	2.3684818857722948e-08
Llama-3.1-8B-Instruct	magicoder	layers.13.self_attn.k_proj	0.9512291028059555	0.8148531535240223	0.7753350529206351	0.0946424315089609	0.8089699281199725	0.013983752788526576	0.5858011039086839	9.035968728809962e-08	14.474555294603926	True	4.7432171709097486e-08
Llama-3.1-8B-Instruct	magicoder	layers.13.self_attn.o_proj	0.8623485319488906	0.603394500474537	0.5420742625001341	0.19292316891327166	0.9495042407320042	0.011444556568829558	0.36869550792742517	3.380204049996394e-08	11.896760627950375	True	1.7916434360042828e-08
Llama-3.1-8B-Instruct	magicoder	layers.13.self_attn.q_proj	0.8450950486878649	0.4838631012854069	0.4034395924063974	0.304796382358305	0.9470331401922356	0.015432108733501645	0.3181185939775556	2.510593029025898e-07	11.424243192003425	True	5.409981534188547e-08
Llama-3.1-8B-Instruct	magicoder	layers.13.self_attn.v_proj	0.7919693102596977	0.5148728150296445	0.42722480754191905	0.31148564132168244	0.9575203454793274	0.01696673808276364	0.3069798864134695	2.0151752133656942e-07	10.032561351844398	True	2.6557595464958443e-08
Llama-3.1-8B-Instruct	magicoder	layers.14.mlp.down_proj	0.7705311966831707	0.42365610285912336	0.34711117450052786	0.3287098783829121	0.9692348898648392	0.011245351818055242	0.26468750614173114	1.4990733454567362e-07	9.498294762402267	True	4.5933425739108137e-08
Llama-3.1-8B-Instruct	magicoder	layers.14.mlp.gate_proj	0.5319732314438718	0.16951028569624252	0.1493481131826117	0.22373971249462787	0.9968185297959469	0.015314719092731991	0.14417742088644656	1.0581350526894795e-06	4.526856740393042	True	4.626740515150573e-08
Llama-3.1-8B-Instruct	magicoder	layers.14.mlp.up_proj	0.7399454457187802	0.295305843951255	0.2455595499678637	0.3085359994015444	0.9850673350605003	0.013324903425110984	0.23036939116513955	3.3003597788017203e-07	8.758758564197835	True	2.79216537972122e-08
Llama-3.1-8B-Instruct	magicoder	layers.14.self_attn.k_proj	0.8948360900529309	0.5442841509583503	0.48630636577427333	0.20169558234958818	0.9338936306804022	0.009963228033177219	0.39496392131144215	1.212358942126457e-07	12.81043117711512	True	2.7666542712130012e-08
Llama-3.1-8B-Instruct	magicoder	layers.14.self_attn.o_proj	0.9075188249007246	0.6752983487632657	0.6235165445174027	0.14747997760205878	0.9139118998522672	0.012383739082227715	0.492665042543782	2.7027973659166094e-07	13.175418705081677	True	4.4601914476829995e-08
Llama-3.1-8B-Instruct	magicoder	layers.14.self_attn.q_proj	0.8338457676657088	0.42167504199206357	0.36739831137582357	0.2408658687671067	0.9751224551590811	0.012987283418932585	0.31917990243828404	5.599359367280954e-07	11.122916272842707	True	1.9847259837975325e-08
Llama-3.1-8B-Instruct	magicoder	layers.14.self_attn.v_proj	0.8192581497449226	0.48501132054619306	0.4003287264395564	0.3187135382438434	0.9532511489510305	0.014140434198864283	0.301965092620844	1.6597633667458922e-07	10.736791818902676	True	3.3218958191519206e-08
Llama-3.1-8B-Instruct	magicoder	layers.15.mlp.down_proj	0.7394892916553488	0.38973705241192075	0.29859483665595565	0.41302285082742696	0.9683735180606617	0.012867333000374256	0.23344986037819154	2.0581661217544678e-06	8.748025948515465	True	2.0908594362410877e-08
Llama-3.1-8B-Instruct	magicoder	layers.15.mlp.gate_proj	0.536865679871448	0.16738429670344132	0.15015898772297515	0.19522729171474762	0.9977273400501111	0.013906521080626507	0.14559562803581833	1.4053406982572625e-07	4.610705584800964	True	2.3017961456905542e-08
Llama-3.1-8B-Instruct	magicoder	layers.15.mlp.up_proj	0.8286180492232468	0.4536317401454138	0.389245969933979	0.2637227502579864	0.9509379578558304	0.01512626959307036	0.31187148778273766	4.4831470957795716e-07	10.983222213466316	True	5.2384924983869305e-08
Llama-3.1-8B-Instruct	magicoder	layers.15.self_attn.k_proj	0.9029215194121187	0.5831725995482756	0.5138313928823364	0.22366878688583947	0.9235052849594689	0.009955647313920367	0.38890290379039116	3.329492548331814e-08	13.04298257263087	True	2.611486153589962e-08
Llama-3.1-8B-Instruct	magicoder	layers.15.self_attn.o_proj	0.9087736798697372	0.7024083123053632	0.6420717166699964	0.16442046541325817	0.8939133186807025	0.011572311682695515	0.44085430052688984	1.842179939703925e-07	13.212139165616705	True	4.1613159383440094e-08
Llama-3.1-8B-Instruct	magicoder	layers.15.self_attn.q_proj	0.8777009127048774	0.491438269863864	0.43368623674336626	0.2212226124955321	0.9501806777960631	0.012657821793130108	0.3591881563174299	1.787129042529756e-07	12.323771843436107	True	3.204475891669105e-08
Llama-3.1-8B-Instruct	magicoder	layers.15.self_attn.v_proj	0.782239631844626	0.3946458051205801	0.3279506597817896	0.3094390179969263	0.9699418444028666	0.014027688303190313	0.276864278911232	5.441462269661912e-07	9.788444300875211	True	1.496599744411107e-08
Llama-3.1-8B-Instruct	magicoder	layers.16.mlp.down_proj	0.7259474304848677	0.36936678370899034	0.2792273234756923	0.4285211642213076	0.9659339312147404	0.0127706971676423	0.22268412824829525	2.7089966425641876e-07	8.4306241369693	True	2.3857307429340098e-08
Llama-3.1-8B-Instruct	magicoder	layers.16.mlp.gate_proj	0.5184112992665681	0.16101913386814734	0.1452072906255648	0.1867541198494057	0.9987214692296348	0.014129515751387118	0.14034732458500468	4.806936348966673e-07	4.299150069757997	True	2.2975339684819138e-08
Llama-3.1-8B-Instruct	magicoder	layers.16.mlp.up_proj	0.7411088237835303	0.30974755996434095	0.26710474776120485	0.2563862228940673	0.98719135939151	0.01182409697444331	0.24160387633224711	2.0225530072970344e-07	8.78664443813727	True	1.153020882929903e-08
Llama-3.1-8B-Instruct	magicoder	layers.16.self_attn.k_proj	0.8769782627504178	0.5017806200918584	0.4500556784636364	0.19553950175097934	0.9497313831709701	0.013961348640363	0.3826092286653905	4.667219650755783e-07	12.303043919252024	True	2.257714221323791e-08
Llama-3.1-8B-Instruct	magicoder	layers.16.self_attn.o_proj	0.8717925408863829	0.6273853431903205	0.5666545703642906	0.18422939031909646	0.9267315762086178	0.012398375099058076	0.3888842801124382	2.753277221767547e-07	12.158493158362013	True	3.6905064237103884e-08
Llama-3.1-8B-Instruct	magicoder	layers.16.self_attn.q_proj	0.8419518120404393	0.4080779344133988	0.35249298999683176	0.2538695832839427	0.9686386227259237	0.014727650870228077	0.31387509972263195	8.408752583122237e-09	11.339665321042538	True	1.3848955007542876e-08
Llama-3.1-8B-Instruct	magicoder	layers.16.self_attn.v_proj	0.8696370895013483	0.5864688169560168	0.5136415653759935	0.23293799517840752	0.9391203562706629	0.010437816282400291	0.3736743407590857	4.4024813039555966e-07	12.098969722435776	True	3.551890382393848e-08
Llama-3.1-8B-Instruct	magicoder	layers.17.mlp.down_proj	0.6944148817866874	0.37722934321917817	0.29613609358897736	0.3837289717449085	0.975720127136571	0.013213911702147847	0.21538724882868193	3.6935805236559816e-07	7.714039585165327	True	2.7595963843066804e-08
Llama-3.1-8B-Instruct	magicoder	layers.17.mlp.gate_proj	0.5396918154728648	0.16948239685337993	0.15220629191020663	0.1934783742541255	0.9973464134319042	0.01376540300175887	0.14671210397961565	1.4273925086349948e-07	4.659391702292348	True	1.5962641393357326e-08
Llama-3.1-8B-Instruct	magicoder	layers.17.mlp.up_proj	0.7325849674276358	0.2908323926470252	0.24511317959543882	0.28969025185399455	0.9902666599709273	0.012830589996551107	0.22829892350525377	2.905878471182177e-07	8.585473153537826	True	1.4073525481452662e-08
Llama-3.1-8B-Instruct	magicoder	layers.17.self_attn.k_proj	0.8959111393573248	0.5610732693970168	0.4966140838980091	0.21657232948621707	0.9232498140435296	0.010760985557484568	0.3846863683142304	7.061303053390589e-08	12.841019353323656	True	5.356730447329934e-08
Llama-3.1-8B-Instruct	magicoder	layers.17.self_attn.o_proj	0.8571524436720047	0.6128825863368952	0.5407474087499812	0.22154353476396882	0.9240626959099155	0.012323259524107797	0.3533656044278402	3.507202706032331e-08	11.753578960878716	True	2.6403826927818877e-08
Llama-3.1-8B-Instruct	magicoder	layers.17.self_attn.q_proj	0.7210806941636881	0.26904263407484147	0.23088414285202968	0.2635453638770412	0.9895408066218461	0.012401109232896302	0.22094104496376007	2.2265370858143285e-07	8.318034768663022	True	1.8459578285104668e-08
Llama-3.1-8B-Instruct	magicoder	layers.17.self_attn.v_proj	0.8066657954236728	0.4622117908368979	0.3774927554938447	0.3329856106138751	0.959879011865213	0.012271672832357751	0.2917861606022477	4.8997226609337474e-08	10.409788421045187	True	2.4651739244193167e-08
Llama-3.1-8B-Instruct	magicoder	layers.18.mlp.down_proj	0.7163975897359707	0.36844466876099546	0.2848305016778092	0.40237544144201076	0.97177193466608	0.012354177890035152	0.228141414769041	3.3097841578566545e-07	8.21036023764698	True	5.0329904705651095e-08
Llama-3.1-8B-Instruct	magicoder	layers.18.mlp.gate_proj	0.614708287694684	0.20340449494115106	0.1818644049281006	0.20058126904262297	0.9970352261437598	0.015037405074072243	0.17585714109650388	5.100377749034379e-07	6.04448718609431	True	5.032599519106392e-08
Llama-3.1-8B-Instruct	magicoder	layers.18.mlp.up_proj	0.6888360966752535	0.25726551524478003	0.22064299767538806	0.2644416212424401	0.9921580455561883	0.012194943347339789	0.2055859457864057	1.5678630194138066e-07	7.590796024332143	True	1.3130960166915779e-08
Llama-3.1-8B-Instruct	magicoder	layers.18.self_attn.k_proj	0.8568973508547962	0.4816516183663153	0.4143720465508418	0.25985833477835607	0.9630224974018479	0.011320162272251159	0.33777444595224443	2.9108379484554803e-07	11.746856772414294	True	3.8258229552628694e-08
Llama-3.1-8B-Instruct	magicoder	layers.18.self_attn.o_proj	0.8727914198415816	0.5637221111951941	0.4919693530923558	0.2383666375145479	0.9325073228985645	0.009131651072683083	0.3533723919138174	1.2188757647635384e-07	12.1872184886332	True	2.4014607351352004e-08
Llama-3.1-8B-Instruct	magicoder	layers.18.self_attn.q_proj	0.768271650371218	0.30395834614127226	0.2645473342967489	0.24250698262672088	0.9885691883476442	0.011450583208489781	0.24859798789965795	7.46162195364164e-08	9.442624429420336	True	5.776149146497804e-08
Llama-3.1-8B-Instruct	magicoder	layers.18.self_attn.v_proj	0.8277871753023389	0.5561336374985515	0.47712529266853626	0.26395129872776213	0.9386556053777539	0.009213371112012213	0.332339972140902	1.567188661066865e-07	10.962771617977777	True	3.833744805806435e-08
Llama-3.1-8B-Instruct	magicoder	layers.19.mlp.down_proj	0.7042411934820862	0.351372182637411	0.26181981311874974	0.44477339997286236	0.9622916303417609	0.010432660945222716	0.21014285943661493	8.303414248400642e-07	7.93444003382571	True	6.09613212721785e-08
Llama-3.1-8B-Instruct	magicoder	layers.19.mlp.gate_proj	0.5433056036946567	0.16988383466227097	0.15331666028812863	0.18553094200584674	0.9986762361122385	0.015623735479900303	0.14852609798613967	9.56966048182295e-07	4.721733762938468	True	1.1608392147424977e-08
Llama-3.1-8B-Instruct	magicoder	layers.19.mlp.up_proj	0.6884404426874989	0.2479335403749768	0.21599515934820082	0.2410424725897764	0.9931039335455388	0.009089572629263076	0.20624264573433151	1.2028234142036354e-07	7.582575539131891	True	5.014397197659331e-08
Llama-3.1-8B-Instruct	magicoder	layers.19.self_attn.k_proj	0.8288244627754102	0.3644191983323271	0.3196387185469368	0.23066362827949605	0.9788625462608749	0.011123710267120383	0.2952214486276745	6.056279839850021e-07	10.989826512695593	True	3.988224954402778e-08
Llama-3.1-8B-Instruct	magicoder	layers.19.self_attn.o_proj	0.8449192205896546	0.5529692142919779	0.462637537927449	0.3000293512226948	0.9142829042407434	0.01109208191560127	0.3181589368477164	4.50395640561041e-07	11.420800217275191	True	2.1465279056621046e-08
Llama-3.1-8B-Instruct	magicoder	layers.19.self_attn.q_proj	0.7007665139509329	0.23985394696282097	0.2150137214782435	0.19640243303217675	0.994437371694125	0.012693719416117664	0.2125693208627589	4.0891925401354e-08	7.855912639381841	True	2.718652281424614e-08
Llama-3.1-8B-Instruct	magicoder	layers.19.self_attn.v_proj	0.7696879577532384	0.4403619465178189	0.3779431395077252	0.26339719689643104	0.9701026405688211	0.012113617893207064	0.29257052747341694	1.1243144493189305e-07	9.477324064221316	True	4.86649805513669e-08
Llama-3.1-8B-Instruct	magicoder	layers.2.mlp.down_proj	0.794353867132795	0.5085836684686937	0.39869828664484946	0.3854405254471084	0.9314191524550585	0.0120914099713236	0.2721303651801923	6.561502281510201e-07	10.094479759828346	True	4.319761853917811e-08
Llama-3.1-8B-Instruct	magicoder	layers.2.mlp.gate_proj	0.8890043608108232	0.4463130917013294	0.3996263593141483	0.198268401572805	0.9490482646771224	0.008201554257145123	0.35191812554511775	1.608696986732383e-07	12.644405398804741	True	4.9311202378121214e-08
Llama-3.1-8B-Instruct	magicoder	layers.2.mlp.up_proj	0.9116722091508086	0.5545325580276553	0.4978878570198602	0.19386278758435105	0.9172835913229047	0.012100778989119624	0.40191061716266246	3.592473751812264e-07	13.296382657039642	True	3.5828887734919974e-08
Llama-3.1-8B-Instruct	magicoder	layers.2.self_attn.k_proj	0.8869354667851959	0.5869156411190486	0.5089759105860725	0.2479562798617465	0.90426804459258	0.009448472295175087	0.3733458227441772	8.330650602683676e-08	12.585350812686789	True	5.119567162818926e-08
Llama-3.1-8B-Instruct	magicoder	layers.2.self_attn.o_proj	0.8237295718085464	0.5109703085422304	0.4478518135526004	0.23179461949150804	0.9619713766430653	0.014920362491069318	0.33496023773149647	5.270458642847586e-07	10.85405823756032	True	3.268427199276798e-08
Llama-3.1-8B-Instruct	magicoder	layers.2.self_attn.q_proj	0.839724256422385	0.3990161174584833	0.3413917687107336	0.2679761781699561	0.9689719224503359	0.011961468058062889	0.3057872969554877	3.3828123802148724e-07	11.280582642595734	True	9.740011002745307e-09
Llama-3.1-8B-Instruct	magicoder	layers.2.self_attn.v_proj	0.6413943997456526	0.25706222547068996	0.21352970944005611	0.3100142967530969	0.9925200923090912	0.017374330077914918	0.19856535792776625	5.512779903682485e-07	6.580194213621022	True	1.2852053333244548e-08
Llama-3.1-8B-Instruct	magicoder	layers.20.mlp.down_proj	0.6776563257332869	0.30396631160818893	0.2316516609644652	0.41920893085562383	0.9792170450356004	0.0074749885221023285	0.1974100525998708	2.7364238697202836e-07	7.347074967649565	True	1.3965389985966624e-08
Llama-3.1-8B-Instruct	magicoder	layers.20.mlp.gate_proj	0.5160483515316242	0.15924316850982595	0.14271189050333014	0.19684623796112155	0.9977112143009831	0.01622020270461186	0.1387927829636636	4.2371858544054675e-07	4.259777007875048	True	6.694429510825035e-08
Llama-3.1-8B-Instruct	magicoder	layers.20.mlp.up_proj	0.7032278420223798	0.265191193622998	0.22780913511245643	0.26205486435102976	0.994270385523546	0.01212024419018413	0.21537595294915943	6.57338139253838e-07	7.911297619506047	True	2.3581884322515906e-08
Llama-3.1-8B-Instruct	magicoder	layers.20.self_attn.k_proj	0.8649473472385761	0.4594021948199876	0.4020900737644358	0.23394390467182902	0.960403076987292	0.014036153701107083	0.3407472213570056	4.4286295497464323e-07	11.96777373473356	True	5.212122402242467e-08
Llama-3.1-8B-Instruct	magicoder	layers.20.self_attn.o_proj	0.9188460952449357	0.6645935826434012	0.6151818622170607	0.14316981434681575	0.89770680045713	0.01138075619932274	0.455325209174552	5.547634582825367e-07	13.506715697750103	True	2.459332299555459e-08
Llama-3.1-8B-Instruct	magicoder	layers.20.self_attn.q_proj	0.7109051737644176	0.24814533485108572	0.2201016431013182	0.2132543693940292	0.993691329952448	0.011855050059897478	0.2168019443758817	3.359984146467099e-07	8.085036774805772	True	1.1869968437628808e-08
Llama-3.1-8B-Instruct	magicoder	layers.20.self_attn.v_proj	0.7423339922979023	0.3090191415861179	0.2702877589992402	0.23496378977488686	0.9896360203922172	0.011639887875620876	0.2524378507111495	3.564366957142795e-07	8.8157552305761	True	2.8866395683213336e-08
Llama-3.1-8B-Instruct	magicoder	layers.21.mlp.down_proj	0.7202110833750122	0.3867540589134052	0.28766394297885306	0.44677589164688003	0.9723357486408477	0.011858488216663804	0.21997814437445218	7.496584153443564e-08	8.298098244430705	True	5.6578372889670314e-08
Llama-3.1-8B-Instruct	magicoder	layers.21.mlp.gate_proj	0.6038277524844073	0.19509873078053672	0.1758134485410789	0.18792657774360566	0.9979701380605265	0.01492256902784982	0.17103505528880866	3.4861328090940447e-07	5.8324241359261695	True	1.6543578369456247e-08
Llama-3.1-8B-Instruct	magicoder	layers.21.mlp.up_proj	0.665457544007535	0.23394620561384655	0.20569065508467993	0.22696864245193726	0.9960841554698476	0.012770316736693767	0.19655237777957443	8.510295379515753e-08	7.084185607554887	True	3.5359717902923774e-08
Llama-3.1-8B-Instruct	magicoder	layers.21.self_attn.k_proj	0.8080055456599662	0.3490698095014256	0.3008039071051888	0.2574215050384885	0.9772323445377584	0.00968117633747567	0.2749933290260958	4.461102538488859e-07	10.44497901972511	True	1.7948227502922457e-08
Llama-3.1-8B-Instruct	magicoder	layers.21.self_attn.o_proj	0.8872138608978394	0.6322967722332643	0.5773393182826925	0.1662797683984274	0.9161454120380217	0.013605044279636002	0.44043284343552447	2.5481897070189774e-07	12.592050192977021	True	3.1141857447734e-08
Llama-3.1-8B-Instruct	magicoder	layers.21.self_attn.q_proj	0.7922630923626058	0.3214194785840974	0.2840177774618282	0.21918766646890042	0.9842589363603911	0.008906678205693666	0.26806244271755386	6.585277845250204e-08	10.042097551103852	True	2.3055208898246426e-08
Llama-3.1-8B-Instruct	magicoder	layers.21.self_attn.v_proj	0.7951566577134062	0.38056349186661403	0.3318884648696852	0.23944597331097706	0.9752558860607604	0.012933420083807852	0.299830811276489	3.0043625587339307e-07	10.114687485468673	True	6.62997772031114e-08
Llama-3.1-8B-Instruct	magicoder	layers.22.mlp.down_proj	0.702005522810786	0.3621922159716715	0.2713899442112495	0.4385523368600184	0.9675100468715532	0.010188034366105164	0.21170948729784742	1.8432245452171259e-07	7.884172540799264	True	2.7791357309669182e-08
Llama-3.1-8B-Instruct	magicoder	layers.22.mlp.gate_proj	0.5429953425900218	0.1675988881723459	0.15279059747591442	0.168904383213609	0.9982302546708839	0.01691805922142489	0.14838773638412645	7.944944535598353e-07	4.716145332122586	True	2.737312695260616e-08
Llama-3.1-8B-Instruct	magicoder	layers.22.mlp.up_proj	0.7222800436496812	0.27831722084479626	0.23821878182023945	0.267391689695633	0.9918870542172754	0.012659082153506512	0.22418875075743191	4.673220010964485e-07	8.345669954118963	True	1.97029528269316e-08
Llama-3.1-8B-Instruct	magicoder	layers.22.self_attn.k_proj	0.9064716177223445	0.5804773155955406	0.5167425532005853	0.20753890886437265	0.9117705605368601	0.011922836285958301	0.40343633021689795	1.1829273560692855e-08	13.14518348232319	True	1.1935395589431402e-08
Llama-3.1-8B-Instruct	magicoder	layers.22.self_attn.o_proj	0.8622074961340981	0.5639705654036775	0.4971458351941891	0.22293967572952622	0.9448038772987396	0.010337111200573009	0.3515461887321543	3.3700781898460264e-07	11.893149256611355	True	4.259192271782349e-08
Llama-3.1-8B-Instruct	magicoder	layers.22.self_attn.q_proj	0.7604211459951835	0.27775505248938376	0.24885641785777116	0.19726212318586178	0.9915856491060339	0.011809338786077732	0.24343859453548006	5.963021795230006e-07	9.250565873904513	True	1.354014063919834e-08
Llama-3.1-8B-Instruct	magicoder	layers.22.self_attn.v_proj	0.8102812726187716	0.46001134030223034	0.3882729075306679	0.28757836540557746	0.9538169952215441	0.015042784420247238	0.31034146692706294	2.1822291729201027e-07	10.502519332620228	True	1.82305615231768e-08
Llama-3.1-8B-Instruct	magicoder	layers.23.mlp.down_proj	0.6859163529564118	0.3466825343242864	0.2547672966680421	0.4599631041717761	0.9709562080869436	0.008594675601143515	0.20103715142007514	4.5847304686041923e-07	7.52713693055479	True	4.357722281068819e-08
Llama-3.1-8B-Instruct	magicoder	layers.23.mlp.gate_proj	0.557183568363955	0.1756850289868864	0.1577115504964053	0.19414390771310996	0.9972533237122074	0.015308285407649643	0.15269787406385274	6.828891940813264e-08	4.966091738646649	True	4.586440033763579e-09
Llama-3.1-8B-Instruct	magicoder	layers.23.mlp.up_proj	0.6830975810683447	0.24238919546936813	0.21345556991908063	0.22448809487334753	0.9936025406521757	0.008382596891044848	0.20415643618358162	1.0871080808882994e-06	7.46541603540528	True	2.769503288285184e-08
Llama-3.1-8B-Instruct	magicoder	layers.23.self_attn.k_proj	0.8343063683568249	0.42618300734859216	0.35787731735035383	0.29485880530695685	0.9625023987704079	0.014587408296243129	0.310377004849695	1.9309377718990106e-07	11.134699674833572	True	4.10882665827745e-08
Llama-3.1-8B-Instruct	magicoder	layers.23.self_attn.o_proj	0.9166703634726099	0.695224268748534	0.6485341885368318	0.12980636328804218	0.8858613775858439	0.012587164661823276	0.4731299578717445	6.047245915130617e-08	13.442424399313783	True	6.817528704227557e-08
Llama-3.1-8B-Instruct	magicoder	layers.23.self_attn.q_proj	0.768762265860973	0.3006208251200614	0.2622990315188362	0.2387010178472042	0.9847742105780118	0.010375023441596954	0.24908801311315404	3.0219523050600827e-07	9.454914610582476	True	2.8071711486877654e-08
Llama-3.1-8B-Instruct	magicoder	layers.23.self_attn.v_proj	0.7241839028264134	0.3401509559493136	0.2911543501726125	0.26733883022200544	0.9865887761648227	0.014486928918912099	0.2704430245557226	6.047289407007383e-07	8.389306010608742	True	3.944177748253384e-08
Llama-3.1-8B-Instruct	magicoder	layers.24.mlp.down_proj	0.6810413955308986	0.34149372744153783	0.2559705384519849	0.4381576109658434	0.9763524674949438	0.012226726530418341	0.20339330245719053	3.222780586842333e-07	7.41996393818678	True	1.3545091585879632e-08
Llama-3.1-8B-Instruct	magicoder	layers.24.mlp.gate_proj	0.539401699114244	0.16238579252258176	0.1491057771840143	0.15687322161357287	0.998197272897011	0.013195683130880395	0.14585642090788226	3.628921962928189e-08	4.654456147019096	True	2.2993509753494516e-08
Llama-3.1-8B-Instruct	magicoder	layers.24.mlp.up_proj	0.653550226868831	0.2244094694161575	0.19719380619232912	0.22784554469956442	0.9946819636261932	0.009189017245985216	0.1882094753975575	4.592058870933613e-07	6.83346305524248	True	3.877927794993535e-08
Llama-3.1-8B-Instruct	magicoder	layers.24.self_attn.k_proj	0.9095178284511051	0.6296397355200681	0.5804954880345334	0.15001073395456932	0.9125668681582969	0.01172305061596891	0.4883460937227413	3.871396869747912e-07	13.233733675425592	True	7.287955397489737e-08
Llama-3.1-8B-Instruct	magicoder	layers.24.self_attn.o_proj	0.8916675963310003	0.5828805966990971	0.523300540704075	0.19398491491491165	0.9356440287050998	0.008773160416764424	0.38151190417266917	1.4516673529918478e-07	12.720162205741907	True	4.4462328400771995e-08
Llama-3.1-8B-Instruct	magicoder	layers.24.self_attn.q_proj	0.7761890641300603	0.3057357415876678	0.2753232218919229	0.18905152445811246	0.9888567628223028	0.011532478805925112	0.26228230149112586	9.085579510959008e-07	9.638211862256965	True	1.103711669112401e-08
Llama-3.1-8B-Instruct	magicoder	layers.24.self_attn.v_proj	0.7709222725658672	0.3817269088520076	0.33648390255251526	0.22299639515697045	0.9799716458568961	0.009823656848150227	0.30597603785825317	6.445127986864918e-09	9.508220610729959	True	2.8307206166854317e-08
Llama-3.1-8B-Instruct	magicoder	layers.25.mlp.down_proj	0.688966617845288	0.39050231388694034	0.2888821417789823	0.45273941870857004	0.9695562701342113	0.008697979080528325	0.20574850009320414	4.3581216191412864e-07	7.594218805395436	True	5.694112577956312e-08
Llama-3.1-8B-Instruct	magicoder	layers.25.mlp.gate_proj	0.4874905677123318	0.14176885024893573	0.13094068450282909	0.14692428396913138	0.9984768801904711	0.014474459716206721	0.12892280538785103	1.288056014070449e-07	3.801557206172849	True	2.1529590505920786e-09
Llama-3.1-8B-Instruct	magicoder	layers.25.mlp.up_proj	0.6629186460009642	0.22226961304017592	0.19920100518928102	0.19680154512917036	0.9961644734859073	0.011977856412644407	0.1929405676560461	3.3530759968591894e-07	7.030364599686246	True	3.382076663514963e-08
Llama-3.1-8B-Instruct	magicoder	layers.25.self_attn.k_proj	0.8654231498451436	0.46630006714878813	0.4105113994240391	0.22496826292731364	0.9601343458219005	0.008807987760365416	0.3510057580779217	1.150457045184794e-07	11.982388736252634	True	5.4949763115216134e-08
Llama-3.1-8B-Instruct	magicoder	layers.25.self_attn.o_proj	0.8780741549926516	0.5734797558361595	0.5097178859475786	0.2100064179364396	0.9395806496750146	0.011479699542634322	0.3687703976649418	8.904976422918764e-08	12.334604032181517	True	5.049704799350708e-08
Llama-3.1-8B-Instruct	magicoder	layers.25.self_attn.q_proj	0.8940471264175744	0.504594225078931	0.44780124672943045	0.21243565730827474	0.9452691010213985	0.012611212183965893	0.37244149944840055	1.5678485931758246e-07	12.787086201945668	True	1.7241664643647196e-08
Llama-3.1-8B-Instruct	magicoder	layers.25.self_attn.v_proj	0.7563801557718941	0.3715688027695074	0.32994967675689824	0.21147234709475082	0.9858787630955252	0.017009634694210723	0.2956172762109094	1.914661140745011e-07	9.15112309604146	True	4.371730623825032e-08
Llama-3.1-8B-Instruct	magicoder	layers.26.mlp.down_proj	0.6796836900555226	0.32280480213545876	0.24189303315636781	0.4384780378423122	0.9689895192890354	0.008130174396381072	0.19806522116555242	4.2778395936693414e-08	7.39102948665471	True	4.866571423326393e-08
Llama-3.1-8B-Instruct	magicoder	layers.26.mlp.gate_proj	0.4728200393880469	0.13532162616646226	0.12603543601029527	0.13253707939098935	0.9989164479683279	0.013948113198949086	0.12448092439141273	3.033744226943469e-07	3.5762425711631307	True	4.041907839016945e-09
Llama-3.1-8B-Instruct	magicoder	layers.26.mlp.up_proj	0.6366735052784066	0.2104328123196189	0.19022392654344858	0.18284702657246588	0.9976076205069648	0.01627911205475733	0.18473760637846404	4.959650816704908e-07	6.483925246663185	True	4.347997655489099e-08
Llama-3.1-8B-Instruct	magicoder	layers.26.self_attn.k_proj	0.8455004912550825	0.42264667454856664	0.3705025960563548	0.23152879612893296	0.9725818432434411	0.009083323416817564	0.3271027632953932	1.49892456224876e-08	11.436993241341451	True	6.103313207771692e-08
Llama-3.1-8B-Instruct	magicoder	layers.26.self_attn.o_proj	0.8635338514124775	0.5687403353254864	0.4917073992471743	0.25254435208565706	0.921436108531597	0.009964075114922838	0.3541557049771059	2.8193585466240734e-08	11.929866179767618	True	3.6617474854365277e-08
Llama-3.1-8B-Instruct	magicoder	layers.26.self_attn.q_proj	0.6685338453419484	0.22212679227135582	0.2009089101017134	0.18191862497230193	0.9965224309580057	0.013020646399409806	0.19546551298587764	4.762155266790913e-07	7.149794486810582	True	1.2351324309373114e-08
Llama-3.1-8B-Instruct	magicoder	layers.26.self_attn.v_proj	0.6922931055646743	0.2901923663300136	0.24926797275071616	0.26216203887181533	0.9931572284762461	0.01552773882182145	0.22626890643728498	7.462943174552095e-08	7.666465847102263	True	7.243913642291337e-09
Llama-3.1-8B-Instruct	magicoder	layers.27.mlp.down_proj	0.6313275918432508	0.32784149801265	0.23812378672124027	0.47243289379757014	0.979518865576962	0.014560236966880172	0.1827997881034003	6.631667016643306e-07	6.3758489400684715	True	2.7139899003679668e-08
Llama-3.1-8B-Instruct	magicoder	layers.27.mlp.gate_proj	0.47079904168898157	0.13622382732850993	0.12600659638481781	0.14438102833270272	0.9988538527977185	0.015292548956240583	0.12439057891134124	7.114010258657544e-07	3.545593382916122	True	5.62190062204489e-09
Llama-3.1-8B-Instruct	magicoder	layers.27.mlp.up_proj	0.6496277627753738	0.21680261755522365	0.19575706669365245	0.18472175289987602	0.9970118004157341	0.015443111325046773	0.1897757918137664	5.01822441378863e-08	6.750648660870227	True	5.5866577769693294e-08
Llama-3.1-8B-Instruct	magicoder	layers.27.self_attn.k_proj	0.7994455220357134	0.34524967354040614	0.305170367023751	0.21869938380337572	0.9834336509875976	0.009114352728177755	0.2802164518291721	3.6412533965801686e-07	10.2249682569473	True	1.896972479407831e-08
Llama-3.1-8B-Instruct	magicoder	layers.27.self_attn.o_proj	0.9058677436647545	0.7168160863450432	0.6467426544746109	0.18595666702403935	0.8502192835804105	0.010250369520087963	0.4550917767015377	5.492366157433537e-07	13.12814796131679	True	2.8758309152727595e-08
Llama-3.1-8B-Instruct	magicoder	layers.27.self_attn.q_proj	0.7641604298905614	0.29359064250049743	0.26005923665069325	0.21537860162535294	0.9893082450564399	0.014261569122045147	0.24917150931254922	4.93325018613433e-08	9.34115737344217	True	1.372007561528732e-08
Llama-3.1-8B-Instruct	magicoder	layers.27.self_attn.v_proj	0.6043168679379288	0.20276631296732064	0.17845166657616318	0.22544973278965807	0.9969836012539208	0.013659255102746388	0.1729755265547073	5.523357926584538e-07	5.842085383253604	True	6.419630093829936e-09
Llama-3.1-8B-Instruct	magicoder	layers.28.mlp.down_proj	0.7315174948408842	0.40994487074767944	0.3198296955390819	0.39132333058741064	0.9732009389068734	0.010971160005256062	0.2382223311175553	1.188805102136925e-07	8.560856996644912	True	4.131887237873394e-08
Llama-3.1-8B-Instruct	magicoder	layers.28.mlp.gate_proj	0.4423861394581132	0.1270932584568698	0.11788246194104242	0.1396931796205072	0.9994575059046592	0.016894525427991917	0.1164449698870155	1.3405258081355953e-07	3.130395033601647	True	3.824410434108179e-08
Llama-3.1-8B-Instruct	magicoder	layers.28.mlp.up_proj	0.5743109280971063	0.1780858049349306	0.16233208015538325	0.16909743348088035	0.9972964594771184	0.017398351059939466	0.15834175373344322	0.0	5.275731212893983	True	4.6974777858994595e-08
Llama-3.1-8B-Instruct	magicoder	layers.28.self_attn.k_proj	0.8609424266357291	0.4243992340428679	0.366456143872514	0.254419000596079	0.9629735783067109	0.012197920700218792	0.325604618110112	1.368307298577065e-07	11.857781972935511	True	3.160602607021352e-08
Llama-3.1-8B-Instruct	magicoder	layers.28.self_attn.o_proj	0.9312606356660209	0.777067520211317	0.7211082902853572	0.13884076457045857	0.8320552117793718	0.009546760941079011	0.4796587852733024	6.692051777168473e-07	13.874658712372778	True	4.9506857006448725e-08
Llama-3.1-8B-Instruct	magicoder	layers.28.self_attn.q_proj	0.7870925793813456	0.3049320769369151	0.27085887036052303	0.21099473343605124	0.9900069430069878	0.010709748848057912	0.25862503384973273	2.2459376047834212e-07	9.911094283588545	True	2.0818304719635694e-08
Llama-3.1-8B-Instruct	magicoder	layers.28.self_attn.v_proj	0.8449413915562616	0.4917724856375636	0.4350886512670803	0.21724282409802254	0.9613155913054267	0.01340993498176432	0.3713283535298118	4.74175155806833e-08	11.420762242478826	True	3.030131813938485e-08
Llama-3.1-8B-Instruct	magicoder	layers.29.mlp.down_proj	0.7167977052481108	0.30416345113556237	0.24483149734654236	0.35208128755841517	0.9863715760777195	0.014614292231372285	0.22159456135022618	4.697329036851272e-08	8.219026657201448	True	3.792564534308479e-08
Llama-3.1-8B-Instruct	magicoder	layers.29.mlp.gate_proj	0.35760475149470816	0.09672362742413734	0.09204938790667691	0.09431607622301375	0.9998788465682243	0.015482778903594025	0.0917313545932629	6.744503602273966e-07	2.0456052898846795	True	3.5643497440998876e-08
Llama-3.1-8B-Instruct	magicoder	layers.29.mlp.up_proj	0.508388826496114	0.1509152316660764	0.13857436093483794	0.156860143793785	0.9986821863946761	0.014789134034869261	0.13587713507021648	1.3403806549128205e-06	4.1344316221929995	True	9.001189698987346e-09
Llama-3.1-8B-Instruct	magicoder	layers.29.self_attn.k_proj	0.7723295907125253	0.2898668418807857	0.2598502571996408	0.19638279848173856	0.9902404861730183	0.010739784967543596	0.25181102294537405	5.5293620904173224e-08	9.54278818186586	True	3.9082315158537837e-08
Llama-3.1-8B-Instruct	magicoder	layers.29.self_attn.o_proj	0.8990001827725129	0.6915789827631924	0.6291711842461285	0.17233598234700043	0.8742383326450093	0.01136815903691032	0.47361305454022085	5.218232210779661e-07	12.92953659723671	True	3.100804639339933e-08
Llama-3.1-8B-Instruct	magicoder	layers.29.self_attn.q_proj	0.9250058654057658	0.63453621664671	0.5753221748585964	0.17792886861876367	0.8831417741395955	0.009420132229773441	0.4382703689481693	0.0	13.688958765733682	True	4.101359546968631e-08
Llama-3.1-8B-Instruct	magicoder	layers.29.self_attn.v_proj	0.6890954348760413	0.2625249212945278	0.23282044968356488	0.21349556926424984	0.9935519814317765	0.016501756449622304	0.22398585503423152	1.1372685526644943e-07	7.5955696682571645	True	4.713471419686289e-09
Llama-3.1-8B-Instruct	magicoder	layers.3.mlp.down_proj	0.7771008537664613	0.45249856677976036	0.35941096922641724	0.3691178506458249	0.9663977043646155	0.012952736313810005	0.2633616637994628	1.617827044553266e-07	9.66055386141351	True	3.24057863332339e-08
Llama-3.1-8B-Instruct	magicoder	layers.3.mlp.gate_proj	0.846827624047711	0.37310321223584425	0.32874023414402387	0.22366754216255447	0.968364100927814	0.008335613552620304	0.3020347887299854	1.2472793131657056e-07	11.473078026828038	True	1.1226266770746468e-08
Llama-3.1-8B-Instruct	magicoder	layers.3.mlp.up_proj	0.8030184743447758	0.3623494470919104	0.3050467288451672	0.2912753493915541	0.9732891076956905	0.00782838924135858	0.26837497527268933	2.0599191152825824e-07	10.316790683206667	True	2.651692943441527e-08
Llama-3.1-8B-Instruct	magicoder	layers.3.self_attn.k_proj	0.8977950297521214	0.7873580061990579	0.7092922576640742	0.18846745195126902	0.7943102004611405	0.012216664021745814	0.4220733056887345	1.3691779110480695e-07	12.894646342622114	True	3.428728382481884e-08
Llama-3.1-8B-Instruct	magicoder	layers.3.self_attn.o_proj	0.79741779970317	0.46323588845338287	0.377904882538548	0.3344807689218733	0.9519474380991236	0.012092858733687591	0.2764859358668025	1.09902904554815e-07	10.172516774566702	True	3.3802356420149155e-08
Llama-3.1-8B-Instruct	magicoder	layers.3.self_attn.q_proj	0.809091529334209	0.3612767699029124	0.30814418372260166	0.2725085813145345	0.9735793702403458	0.010180389627564975	0.27578603725537587	2.005151069628397e-07	10.472975909814684	True	2.618273040037341e-08
Llama-3.1-8B-Instruct	magicoder	layers.3.self_attn.v_proj	0.606959436508359	0.2553919898777389	0.2157046477160833	0.2866470496568998	0.9932618989433533	0.014936458532011424	0.1812687309197067	1.898773306363566e-07	5.893083332221868	True	3.587352659735595e-08
Llama-3.1-8B-Instruct	magicoder	layers.30.mlp.down_proj	0.5114155238116849	0.15994037499500677	0.14480118670549608	0.18035079431619672	0.9986945944918763	0.012361557736003115	0.13979458550262078	1.6556325133088023e-07	4.18409256126373	True	5.534867135274991e-09
Llama-3.1-8B-Instruct	magicoder	layers.30.mlp.gate_proj	0.3770761200004302	0.10383201905195	0.09821093433350828	0.10534192270201992	0.9997263474716195	0.015586921128937616	0.09769329601618217	7.98162162141125e-07	2.2744260618941694	True	5.9232337984193617e-08
Llama-3.1-8B-Instruct	magicoder	layers.30.mlp.up_proj	0.5678765220923455	0.18000851569382934	0.16226558739506383	0.18741883628165124	0.9979997686763094	0.015651115347045188	0.15690924319465757	5.433193834836203e-07	5.158470387570953	True	2.086666289949192e-08
Llama-3.1-8B-Instruct	magicoder	layers.30.self_attn.k_proj	0.8722274630774363	0.5216084042356822	0.45730766325902883	0.2313514757199011	0.9473913286883536	0.012598141198430593	0.3655072331088237	3.587094163925997e-07	12.170551291475928	True	3.612676118482169e-08
Llama-3.1-8B-Instruct	magicoder	layers.30.self_attn.o_proj	0.8415515163584651	0.5496206212308586	0.47906283749335227	0.24027060944848	0.9411289630982398	0.012066213005429562	0.3639926284460176	5.395612709957476e-07	11.329681278960857	True	3.708615648630028e-08
Llama-3.1-8B-Instruct	magicoder	layers.30.self_attn.q_proj	0.6669148738311793	0.22206854186288505	0.20111648902529172	0.17979714694879423	0.9953932777475376	0.011053538197850174	0.19570662659292654	7.061000362185155e-07	7.115547743910898	True	6.098930100506962e-09
Llama-3.1-8B-Instruct	magicoder	layers.30.self_attn.v_proj	0.8057897400156507	0.4263182738057075	0.3616127189266639	0.2805187221147951	0.96312979741197	0.010123788097193484	0.311711904583857	5.793311221857778e-07	10.387676891378147	True	4.261169254446697e-08
Llama-3.1-8B-Instruct	magicoder	layers.31.mlp.down_proj	0.7884231804689493	0.44909986066562974	0.4026502910963149	0.1961589250360607	0.9794517483900599	0.015024650840791139	0.3082706837803291	1.3195632764251286e-07	9.943535247038358	True	6.456594945297825e-08
Llama-3.1-8B-Instruct	magicoder	layers.31.mlp.gate_proj	0.44035915495487776	0.12666103940614182	0.1186069844598784	0.12313157222262472	0.999779677542293	0.01540016075622243	0.11702119093312577	5.321618794518201e-07	3.1019198222308	True	1.4271817139474968e-08
Llama-3.1-8B-Instruct	magicoder	layers.31.mlp.up_proj	0.6625254491436184	0.23467992498335433	0.20484434783905134	0.2381033062496959	0.9928029038564938	0.013036136188693407	0.19526850156023695	3.7446280476416405e-07	7.0218407720851665	True	4.617679118164536e-08
Llama-3.1-8B-Instruct	magicoder	layers.31.self_attn.k_proj	0.6965241277032459	0.27702990536470457	0.24968517024415762	0.1876705654064339	0.9924056097361853	0.01619098526120218	0.23613246786793377	1.702544294435171e-07	7.760296244812998	True	3.551513023236338e-08
Llama-3.1-8B-Instruct	magicoder	layers.31.self_attn.o_proj	0.7823528661141075	0.42280076610610984	0.3523459039159117	0.3055085185749241	0.9673972179255297	0.014016453636131814	0.2786893199066558	3.032567323923985e-07	9.791286190561554	True	6.44251932374751e-08
Llama-3.1-8B-Instruct	magicoder	layers.31.self_attn.q_proj	0.6602248139303079	0.21927829195742388	0.20095940798022924	0.16010420687967142	0.9973094803293553	0.0159053678526073	0.1986821985371917	7.047228547385487e-07	6.972574675553605	True	7.202822297806566e-09
Llama-3.1-8B-Instruct	magicoder	layers.31.self_attn.v_proj	0.8186798869697564	0.5101392928993247	0.4516379658047286	0.21620347515426008	0.9636959834017457	0.008371602056806546	0.3333163894894349	5.077622493576683e-07	10.723025664788535	True	2.8466272643731146e-08
Llama-3.1-8B-Instruct	magicoder	layers.4.mlp.down_proj	0.7584922668108609	0.44259717769338197	0.36480357504917604	0.3206385631964902	0.9682376265020165	0.01255163355638116	0.27572227816113765	4.098520114403925e-07	9.20351057386492	True	5.8308826020831485e-08
Llama-3.1-8B-Instruct	magicoder	layers.4.mlp.gate_proj	0.8414257599981921	0.35527558913158985	0.32003060305027786	0.18856771514653325	0.981002397877927	0.010384726368420643	0.3034281192938522	1.9674036288996888e-07	11.326730860895191	True	5.992439721748641e-08
Llama-3.1-8B-Instruct	magicoder	layers.4.mlp.up_proj	0.8465061206634034	0.43294039297603604	0.36791362688607315	0.2778365016971782	0.9577663960487992	0.013739120883982709	0.3140269551261819	2.5080787002806915e-08	11.462997018716154	True	1.5260947449449542e-08
Llama-3.1-8B-Instruct	magicoder	layers.4.self_attn.k_proj	0.857974303299502	0.5321571045421959	0.4652550600239356	0.23563202820942764	0.9452263777097437	0.011025576394178572	0.3711498970589714	3.5131304620961146e-07	11.776478444445814	True	3.015600430916e-08
Llama-3.1-8B-Instruct	magicoder	layers.4.self_attn.o_proj	0.7777534442209777	0.4226717913574645	0.3500454133933316	0.314129294247366	0.9729631066877915	0.010892523260080278	0.27014139494964173	2.3941804982996473e-07	9.67725377161092	True	1.506275921591292e-08
Llama-3.1-8B-Instruct	magicoder	layers.4.self_attn.q_proj	0.8120618668496574	0.3731991357141293	0.31729450963394723	0.27715720595447546	0.9810094369191764	0.010141210227122676	0.2812375771762832	4.395084793884507e-07	10.550035763069014	True	1.5561942277755026e-08
Llama-3.1-8B-Instruct	magicoder	layers.4.self_attn.v_proj	0.6025012722009034	0.22835275507228167	0.19346965734567678	0.28218386936313977	0.9955242483790174	0.013836319064403121	0.17478672957275912	5.584994480223315e-07	5.807006112641709	True	1.4145119404436013e-08
Llama-3.1-8B-Instruct	magicoder	layers.5.mlp.down_proj	0.6785875389507148	0.35976917883676035	0.2707923580479574	0.4334674093707017	0.9748539049064219	0.016694286227567717	0.20766768492703766	8.280477218347571e-07	7.365655595389624	True	4.24036774653553e-08
Llama-3.1-8B-Instruct	magicoder	layers.5.mlp.gate_proj	0.7078161328891157	0.24245518972091534	0.21686394915124246	0.19995990060941504	0.9915647511899012	0.010336337187769119	0.2113960922884919	1.6787460577205593e-07	8.015199721895613	True	1.1057227987960505e-08
Llama-3.1-8B-Instruct	magicoder	layers.5.mlp.up_proj	0.7576208907382073	0.3100525937983366	0.2595645774697866	0.2991580148345093	0.983465619930576	0.011927167867684805	0.24054310595719683	3.9490071102044055e-07	9.182516905706288	True	1.139846228543329e-08
Llama-3.1-8B-Instruct	magicoder	layers.5.self_attn.k_proj	0.9420378473420954	0.8095105579158144	0.7563160701995955	0.1271057713251853	0.7970346795850205	0.012959668456348756	0.5455156214877046	5.746696210007229e-07	14.1965638176833	True	6.100380096852134e-08
Llama-3.1-8B-Instruct	magicoder	layers.5.self_attn.o_proj	0.7824354658772971	0.44485264748495656	0.36494132280015545	0.3270020758076567	0.9703942600846602	0.01315386586186425	0.2695721034704109	4.396041486387503e-08	9.793588450067018	True	2.4504785177952567e-08
Llama-3.1-8B-Instruct	magicoder	layers.5.self_attn.q_proj	0.8610919981301292	0.42927521937105956	0.37848691812946633	0.22262582490792038	0.9676921948862773	0.011177078172205248	0.3345659427858958	5.0319557631794964e-08	11.86218758038202	True	6.589521206090588e-09
Llama-3.1-8B-Instruct	magicoder	layers.5.self_attn.v_proj	0.7277566469493485	0.3396255594243388	0.2958410804428938	0.24121938666102005	0.9882468949559738	0.013922717646983544	0.25737978185395427	6.163843463413698e-07	8.47244360705809	True	4.210122337769431e-08
Llama-3.1-8B-Instruct	magicoder	layers.6.mlp.down_proj	0.676838897248386	0.31835672718971797	0.24768413777828288	0.3947032725048367	0.9878078921783121	0.014413336503082005	0.20926546516873074	6.246178894109278e-07	7.328242411947168	True	3.238704641032801e-08
Llama-3.1-8B-Instruct	magicoder	layers.6.mlp.gate_proj	0.7442105173979225	0.26215269820213644	0.2343892696836221	0.20059513379289218	0.9905327927339489	0.013323166147247996	0.23297864912696983	3.917995193836177e-07	8.860022658128718	True	1.5851522484401085e-08
Llama-3.1-8B-Instruct	magicoder	layers.6.mlp.up_proj	0.8783025153709028	0.5535216313812029	0.48893186759521345	0.21976128835563535	0.939461606945891	0.011552618412358787	0.3638737591901018	2.0962312641259473e-07	12.340992475869673	True	5.1514132763919424e-08
Llama-3.1-8B-Instruct	magicoder	layers.6.self_attn.k_proj	0.8891761968776513	0.6123336189636552	0.5339193714415913	0.23971723106884202	0.9198259600361847	0.013271210560786124	0.38701684070318904	3.471063456661483e-07	12.647912157298842	True	3.444334228473756e-08
Llama-3.1-8B-Instruct	magicoder	layers.6.self_attn.o_proj	0.8445848524378047	0.5581808949375879	0.49474050263716857	0.21439362928947048	0.9516963959593662	0.013707464527642583	0.3450147883324811	1.630286842191353e-07	11.411036413956966	True	3.272855766837134e-08
Llama-3.1-8B-Instruct	magicoder	layers.6.self_attn.q_proj	0.8505103435318722	0.49234480834516015	0.416098524074103	0.285744447575204	0.9473118925599193	0.01036455466511639	0.3293113537677841	7.903542376119788e-08	11.572640368977257	True	2.985757379734883e-08
Llama-3.1-8B-Instruct	magicoder	layers.6.self_attn.v_proj	0.7155783737670424	0.29646493503498833	0.25465549724135467	0.26216467483470607	0.9925388325160613	0.011684692746129698	0.23591435860185578	5.970018670531374e-07	8.191710178116637	True	2.0182770137936512e-08
Llama-3.1-8B-Instruct	magicoder	layers.7.mlp.down_proj	0.7203487697571078	0.361633011363021	0.2983036871728779	0.3195736755537518	0.9835335788721625	0.013645872962606023	0.24788477014294116	8.776779947261559e-07	8.300877034797283	True	1.320857444302521e-08
Llama-3.1-8B-Instruct	magicoder	layers.7.mlp.gate_proj	0.7563945297502296	0.2799981886280458	0.24718909431667435	0.22062195251376004	0.9884406316695992	0.012140247909656308	0.24024449430153064	6.065898228158062e-09	9.152773657056725	True	7.146294452450079e-09
Llama-3.1-8B-Instruct	magicoder	layers.7.mlp.up_proj	0.7968555462728374	0.3534950350879639	0.30162753355295224	0.2719263244838289	0.9785104438255801	0.010541389858303876	0.269486646835257	1.446098114588068e-07	10.158528297381546	True	4.2697277224044126e-08
Llama-3.1-8B-Instruct	magicoder	layers.7.self_attn.k_proj	0.8904873914079321	0.5688194008378404	0.5068019188658333	0.20616964812244298	0.9381018934457575	0.013013011213018497	0.40483563922692045	2.2730103355073084e-09	12.685336286639583	True	3.147170606260938e-08
Llama-3.1-8B-Instruct	magicoder	layers.7.self_attn.o_proj	0.8380542788162657	0.5534684592404275	0.4815159974978308	0.24310491075413565	0.9513010466742907	0.014282513182271321	0.33281866041370706	1.5095869665415762e-08	11.235066937633265	True	3.7877166573587646e-08
Llama-3.1-8B-Instruct	magicoder	layers.7.self_attn.q_proj	0.8355874067954309	0.4008164010130385	0.34329103956319273	0.26644282833573807	0.9709895716987395	0.015295213583385125	0.3056171201832026	1.7029864707307496e-07	11.168691380430749	True	4.0965501761655686e-08
Llama-3.1-8B-Instruct	magicoder	layers.7.self_attn.v_proj	0.713402719200653	0.3689603697160657	0.2824611873463631	0.4139183565476755	0.9673153669817991	0.018865470769042943	0.2251991352814487	1.720369066093852e-07	8.140199660756622	True	2.684051192605449e-08
Llama-3.1-8B-Instruct	magicoder	layers.8.mlp.down_proj	0.6729287777779814	0.3466586387638604	0.2623471505822822	0.42727169309134205	0.9775777434763944	0.015616303507100882	0.20894990559693402	6.322132262148727e-07	7.24355416947305	True	4.1376598147217746e-08
Llama-3.1-8B-Instruct	magicoder	layers.8.mlp.gate_proj	0.6353572538314156	0.21245053444083617	0.18815373299371752	0.21564978032445203	0.9958003362063126	0.014145081572120445	0.18164451753407146	7.831408290748243e-07	6.45755901505673	True	4.166265695708333e-09
Llama-3.1-8B-Instruct	magicoder	layers.8.mlp.up_proj	0.7546206085492109	0.32911633695537046	0.27212961841969063	0.31632020700376295	0.9779882954885675	0.012999130585291436	0.24249451581714548	3.493622782180239e-07	9.109690247421396	True	2.3010182260399955e-08
Llama-3.1-8B-Instruct	magicoder	layers.8.self_attn.k_proj	0.9133372224852098	0.6790086197362118	0.6073383252131344	0.199961660062685	0.8626826219089925	0.011883993160935512	0.42408827878004174	4.237455566435955e-07	13.345061820344464	True	2.0734684109978422e-08
Llama-3.1-8B-Instruct	magicoder	layers.8.self_attn.o_proj	0.8696572353312461	0.6035204183470073	0.5495251789055204	0.1709298917913552	0.95520590111284	0.01443963454137852	0.40845226577017363	9.807031475794759e-08	12.098333872426961	True	2.5867848428887332e-08
Llama-3.1-8B-Instruct	magicoder	layers.8.self_attn.q_proj	0.8359637448529241	0.42962988872529206	0.36214602761619974	0.28947644901370506	0.9653958884674255	0.01482290197149864	0.30579411188362077	2.546100862366174e-07	11.178915063734722	True	3.096349715513425e-08
Llama-3.1-8B-Instruct	magicoder	layers.8.self_attn.v_proj	0.7830049678150868	0.43326678097879595	0.36377514446924214	0.2950549607287546	0.9753458371962671	0.01690485369795985	0.29211113417014856	3.505186032537466e-07	9.80673828440393	True	1.873802145409179e-08
Llama-3.1-8B-Instruct	magicoder	layers.9.mlp.down_proj	0.6536375038319238	0.3415838358304248	0.25573118389818644	0.439503692206178	0.9772100073533239	0.014994581654513367	0.1953667606315171	3.645139973196265e-07	6.8343398048958495	True	4.8927380554390304e-08
Llama-3.1-8B-Instruct	magicoder	layers.9.mlp.gate_proj	0.7083774818153716	0.25484964543954364	0.22528065502019162	0.21858861773991856	0.9930959406576834	0.014901081706682709	0.21877225842838882	1.5033092748417687e-07	8.026993366546026	True	1.3448488067088928e-08
Llama-3.1-8B-Instruct	magicoder	layers.9.mlp.up_proj	0.816587048591753	0.4265236122284461	0.3552770660461182	0.30617780242715087	0.9593626894376909	0.009862728290584712	0.28864759286426034	2.0148338308878522e-07	10.66799701271883	True	2.7555225594154444e-08
Llama-3.1-8B-Instruct	magicoder	layers.9.self_attn.k_proj	0.8207712899496205	0.4468735049058216	0.36991346880624465	0.31477834914092995	0.9612584538923142	0.01511860175638799	0.29775198565751276	3.192956774533684e-07	10.776177586461968	True	2.2448089888241268e-08
Llama-3.1-8B-Instruct	magicoder	layers.9.self_attn.o_proj	0.8586687656185035	0.5866928701978014	0.5153100410390541	0.22853613456348132	0.9280687803505292	0.011945292327455158	0.3575984684881346	7.605262797305556e-08	11.795307677648374	True	2.2537020547996788e-08
Llama-3.1-8B-Instruct	magicoder	layers.9.self_attn.q_proj	0.7741145093070845	0.3308742625348386	0.27974094474015043	0.2851974357359207	0.9810021588567145	0.00939683942123153	0.25352807897779767	2.9839677684329047e-07	9.587200024043533	True	7.729733057345266e-08
Llama-3.1-8B-Instruct	magicoder	layers.9.self_attn.v_proj	0.7972666877968936	0.5338746781282913	0.4544425863286933	0.2754315818356281	0.9370596199778063	0.013596051146756258	0.31381468362590426	1.323244706030735e-07	10.168269456414707	True	5.2836710724369996e-08
Llama-3.1-8B-Instruct	metamath	layers.0.mlp.down_proj	0.7729857144603266	0.642339151948011	0.510778099892832	0.36768170375500886	0.865980987996573	0.011833911612725841	0.26938998661725017	3.962914962851727e-08	9.558772581877863	True	3.9929059793019564e-08
Llama-3.1-8B-Instruct	metamath	layers.0.mlp.gate_proj	0.948585379643929	0.8112613889699177	0.762855164840863	0.11577545060010253	0.7935076438922202	0.010658772728587911	0.5377797223248588	1.7695581300269936e-07	14.395397016103113	True	4.6643934016020804e-08
Llama-3.1-8B-Instruct	metamath	layers.0.mlp.up_proj	0.9321459173216083	0.7873394152525214	0.7292961429734615	0.14200679827127272	0.7811379004523301	0.00834218059591308	0.47419883585862405	6.072915518240407e-07	13.90138557219146	True	5.136293973017524e-08
Llama-3.1-8B-Instruct	metamath	layers.0.self_attn.k_proj	0.8485053627107434	0.6627300129735638	0.5958734405663189	0.19158422601966096	0.9203026893898136	0.013097748292448513	0.3810001167003014	1.256598070042969e-07	11.517402552679508	True	4.070555839234716e-08
Llama-3.1-8B-Instruct	metamath	layers.0.self_attn.o_proj	0.902562134905386	0.7850196442135589	0.7167633848259112	0.1663369091552661	0.796690388100948	0.01307813980392886	0.45701503536522103	4.031156486394849e-07	13.031654723438223	True	2.892306522442873e-08
Llama-3.1-8B-Instruct	metamath	layers.0.self_attn.q_proj	0.8603247823590519	0.6275749902253993	0.5672367632967268	0.1830462239299563	0.9199951905860548	0.012690480782456935	0.413820181101845	3.246596769201915e-09	11.840632554226346	True	2.969093494286092e-08
Llama-3.1-8B-Instruct	metamath	layers.0.self_attn.v_proj	0.8265403417016777	0.6658683428368065	0.5530890230797161	0.3100567932844335	0.9005701838438878	0.008112480015050568	0.34196844805206783	1.8488572894881372e-09	10.92998356789558	True	4.738848256539415e-08
Llama-3.1-8B-Instruct	metamath	layers.1.mlp.down_proj	0.427491245827183	0.28766587671543936	0.16376950866912357	0.6758922653259671	0.9922979482246199	0.02321067004469415	0.11507427332574902	5.2843108022671e-07	2.922401904472127	True	3.22170793366274e-08
Llama-3.1-8B-Instruct	metamath	layers.1.mlp.gate_proj	0.9454693289529574	0.8013259693772786	0.7519077379212034	0.11953788587502245	0.7705522670070027	0.014750077093151365	0.5491108576889913	2.655893900360695e-07	14.299476695195576	True	2.9315402130841723e-08
Llama-3.1-8B-Instruct	metamath	layers.1.mlp.up_proj	0.9462009719897071	0.8238801798554675	0.780946086490976	0.10150845320037638	0.8235612808868429	0.012636141853701693	0.5592489261595721	9.171853010414566e-08	14.322450581919991	True	2.6600395103725885e-08
Llama-3.1-8B-Instruct	metamath	layers.1.self_attn.k_proj	0.7518523825659222	0.45970410117355653	0.360705537741398	0.3843287649537783	0.9618064973823052	0.016621314233511687	0.2529106018138211	1.340917316072776e-07	9.042015797590237	True	2.2126381323041903e-08
Llama-3.1-8B-Instruct	metamath	layers.1.self_attn.o_proj	0.8950971910275537	0.7138605177954139	0.6363622308783103	0.2053386952150983	0.8418022946637389	0.009812667728251918	0.39995210390466646	7.266732704458434e-08	12.817947499972036	True	3.7811763966425115e-08
Llama-3.1-8B-Instruct	metamath	layers.1.self_attn.q_proj	0.842473101096599	0.6669494302719792	0.5902246918738339	0.21684281541705297	0.9153651354975275	0.011377207093140431	0.3985992584543228	9.671620437856632e-08	11.354707060687755	True	4.360310381154605e-08
Llama-3.1-8B-Instruct	metamath	layers.1.self_attn.v_proj	0.7540751174871891	0.5636546416051379	0.44912242348254494	0.3651029602681024	0.9198825664469698	0.014692181768784828	0.28095861738625677	3.7591656409929897e-07	9.09609777532609	True	2.9709048470187523e-08
Llama-3.1-8B-Instruct	metamath	layers.10.mlp.down_proj	0.8506843676343258	0.7266880716653181	0.6295717552166793	0.2494244576574285	0.8528300182190901	0.014645372446745833	0.37022862033306625	1.8236541188265676e-07	11.576134608028244	True	3.81804090244517e-08
Llama-3.1-8B-Instruct	metamath	layers.10.mlp.gate_proj	0.9228068052531976	0.7520807994529668	0.6973637194825939	0.14021533258698105	0.8545096071656275	0.011965578517078409	0.4811696684131187	9.103668552334909e-08	13.623210094572453	True	3.079867963365583e-08
Llama-3.1-8B-Instruct	metamath	layers.10.mlp.up_proj	0.9398604887780775	0.8006632801162042	0.7448617505469861	0.13453098554457477	0.8129377692140264	0.013504509598330907	0.4923147869325275	4.685880428123568e-07	14.130813036791713	True	4.308665167618265e-08
Llama-3.1-8B-Instruct	metamath	layers.10.self_attn.k_proj	0.8827510466742597	0.7244423186773842	0.6441226663774955	0.20944964096142704	0.8536120688870439	0.010787081374493234	0.38303599656383663	2.261484630672328e-07	12.466534138492738	True	3.068232336854016e-08
Llama-3.1-8B-Instruct	metamath	layers.10.self_attn.o_proj	0.9221939877999712	0.7611439929511756	0.7020087280658935	0.1493490819553006	0.8541398938412811	0.011406745372476525	0.45973568196162956	3.7838659072697567e-07	13.605287254161267	True	3.557840287741214e-08
Llama-3.1-8B-Instruct	metamath	layers.10.self_attn.q_proj	0.896004445659741	0.7398632662776277	0.6632411808980432	0.19639979857531853	0.8180266190179399	0.010703605117212502	0.4195579957393272	5.390872417354586e-07	12.843697982299558	True	2.8270453897593194e-08
Llama-3.1-8B-Instruct	metamath	layers.10.self_attn.v_proj	0.8822315023530212	0.7491044980969016	0.6705743223468543	0.19867437845758595	0.8724787675019829	0.013345568336020915	0.4354187621427202	1.0098555436321988e-07	12.45110330636156	True	3.429352465561283e-08
Llama-3.1-8B-Instruct	metamath	layers.11.mlp.down_proj	0.8044511641788263	0.6469349258852594	0.5296679089094987	0.3296739049922627	0.9028714640922063	0.012662507326196169	0.3144204926879949	2.811024861770761e-07	10.352600794758011	True	3.413728106042154e-08
Llama-3.1-8B-Instruct	metamath	layers.11.mlp.gate_proj	0.8739748169207752	0.6121561681317798	0.5457552791553714	0.20517516036145833	0.9101007955411874	0.00808042906084657	0.4165048459801676	2.3002233673352634e-07	12.2205193415877	True	2.1311855570989657e-08
Llama-3.1-8B-Instruct	metamath	layers.11.mlp.up_proj	0.91445815460539	0.6902351744296457	0.6109688904757977	0.216490944742036	0.8393999317395126	0.010635429552878082	0.40610248895481155	6.846679312388915e-08	13.378224218529699	True	4.963514982502868e-08
Llama-3.1-8B-Instruct	metamath	layers.11.self_attn.k_proj	0.816121292243859	0.5871547105821366	0.49917040212760133	0.27724258865231133	0.9240345177999746	0.009202990131176371	0.33228757723976327	3.7339943759207017e-07	10.65595287726673	True	2.7800961738341004e-08
Llama-3.1-8B-Instruct	metamath	layers.11.self_attn.o_proj	0.9101034755906977	0.6977888470659558	0.6414356663983526	0.15499717262080048	0.8783154607138719	0.012107852059825326	0.47304016210419025	3.202324794226996e-08	13.250671394973635	True	3.760158570444186e-08
Llama-3.1-8B-Instruct	metamath	layers.11.self_attn.q_proj	0.9214876192952974	0.7701128167079206	0.7101216873978963	0.1497300116156285	0.8078811329103296	0.01514476621376564	0.46851843858239733	3.1248103593561893e-07	13.583106239801227	True	2.8202150831585715e-08
Llama-3.1-8B-Instruct	metamath	layers.11.self_attn.v_proj	0.8706093320503073	0.6246046155896594	0.5447851542449851	0.2392531720856681	0.9177016581482401	0.013397591870720772	0.3796874061805484	1.5868713210132057e-07	12.125196785167253	True	3.122127882913358e-08
Llama-3.1-8B-Instruct	metamath	layers.12.mlp.down_proj	0.8247337429176674	0.6742922620414098	0.5624461067971679	0.30423035382094565	0.9069282495334022	0.014905826405957787	0.3337013316145827	8.940997988649002e-07	10.880534472187577	True	3.178587032972775e-08
Llama-3.1-8B-Instruct	metamath	layers.12.mlp.gate_proj	0.8951071766867489	0.7317931225651508	0.6571119290493228	0.19368998262891313	0.8821646118732697	0.011478457493053146	0.39614219396844114	7.971845406018474e-09	12.817780490675828	True	3.755596475661918e-08
Llama-3.1-8B-Instruct	metamath	layers.12.mlp.up_proj	0.9459326954671265	0.8271863894351537	0.7738268976276709	0.12485325269421843	0.7686604368485639	0.011932392095724128	0.5243206314074722	2.619779519985599e-07	14.314572700929878	True	3.449879733930422e-08
Llama-3.1-8B-Instruct	metamath	layers.12.self_attn.k_proj	0.9064466585343677	0.7513710146376904	0.6875909872006588	0.16256429041152998	0.8700491080984082	0.011419456622552428	0.4689361628193332	1.1136151045754161e-07	13.144611454969601	True	3.25269223027653e-08
Llama-3.1-8B-Instruct	metamath	layers.12.self_attn.o_proj	0.9379967387515551	0.825013052214472	0.7800068901043213	0.10612819409046881	0.7554640460152793	0.010856723307275468	0.5121664991319195	2.4651545782461426e-07	14.075739888849908	True	3.29374344476449e-08
Llama-3.1-8B-Instruct	metamath	layers.12.self_attn.q_proj	0.8477642270142663	0.6602134515022798	0.5518767300784626	0.30126028633713153	0.840424558372579	0.014107745406221875	0.3221399249019507	4.258273852419947e-07	11.49698806351615	True	3.3657968837707617e-08
Llama-3.1-8B-Instruct	metamath	layers.12.self_attn.v_proj	0.90067428982018	0.712515512997424	0.6415263693232447	0.1893369542729041	0.8525772826447836	0.011221600850866662	0.42418046226341954	5.691932605245142e-07	12.977777622188148	True	2.5344247132643266e-08
Llama-3.1-8B-Instruct	metamath	layers.13.mlp.down_proj	0.8079965166634633	0.6180389490517108	0.508875140879024	0.3220607469452361	0.9125337608174945	0.013820051424035418	0.33010805806375465	7.111915734103746e-08	10.443740349903425	True	3.983678522476901e-08
Llama-3.1-8B-Instruct	metamath	layers.13.mlp.gate_proj	0.8876121120435411	0.710454064117281	0.6453608241846032	0.17484945430161503	0.9107510048817912	0.013118916345421476	0.4129976081764681	4.773936572721738e-07	12.603502636020607	True	2.8198931204840536e-08
Llama-3.1-8B-Instruct	metamath	layers.13.mlp.up_proj	0.9414474043971064	0.8005273045970963	0.7481738632607937	0.12652040140162413	0.8111119888273466	0.01260875757355093	0.5238249415418919	5.060856655969559e-07	14.178902558933574	True	2.9117869705532786e-08
Llama-3.1-8B-Instruct	metamath	layers.13.self_attn.k_proj	0.8909222700658637	0.6809468002459552	0.6205622039897256	0.16949113069941102	0.9366219172948518	0.012342286683309613	0.4752168382893187	1.814548432621521e-07	12.697949870383349	True	5.328315586368768e-08
Llama-3.1-8B-Instruct	metamath	layers.13.self_attn.o_proj	0.9348459215739271	0.7901861454817314	0.7372209251970107	0.1295647191346757	0.780828484360568	0.013279630179438605	0.557478452306244	4.6434137601636394e-07	13.980511489410736	True	4.560488327538268e-08
Llama-3.1-8B-Instruct	metamath	layers.13.self_attn.q_proj	0.8897121646550705	0.6928932135903223	0.6218407291263828	0.19457387504025914	0.8594979718561591	0.012855225936364175	0.4303186996366294	4.3525900661478545e-08	12.663309628071843	True	3.438633538349209e-08
Llama-3.1-8B-Instruct	metamath	layers.13.self_attn.v_proj	0.87376670650908	0.6753940103141762	0.5859690751793464	0.24727735187223154	0.8710497260159328	0.012451581090340624	0.3690271390725442	3.8069657870565266e-08	12.213597275763476	True	4.004255511907459e-08
Llama-3.1-8B-Instruct	metamath	layers.14.mlp.down_proj	0.8612761181920142	0.7649714490657729	0.6626269711164825	0.2496778529476238	0.8505103476145407	0.012903220272342555	0.3760390317067134	6.831833840870161e-07	11.866752549903405	True	3.328663893847651e-08
Llama-3.1-8B-Instruct	metamath	layers.14.mlp.gate_proj	0.8873266315333763	0.6559677379945765	0.5832392122084655	0.2094515913820728	0.9116618692930293	0.011682010447572007	0.39688233976382653	2.6233201944059203e-07	12.595851024515257	True	3.480379936821237e-08
Llama-3.1-8B-Instruct	metamath	layers.14.mlp.up_proj	0.9633302290977953	0.8999135406766976	0.8672836752258504	0.07120307154647287	0.7688323404804571	0.014105667607103101	0.6144278280834617	2.464932833401434e-07	14.845135082355547	True	3.280861596988806e-08
Llama-3.1-8B-Instruct	metamath	layers.14.self_attn.k_proj	0.8759209100277181	0.6455195593119382	0.5773320473858934	0.200105852413769	0.9073772888048817	0.013800827564508117	0.3918283641839556	3.2966852270277514e-07	12.273452874068765	True	2.282320015151985e-08
Llama-3.1-8B-Instruct	metamath	layers.14.self_attn.o_proj	0.9524189760249346	0.8526888843898305	0.8116569451213065	0.09392569389842964	0.7721833993729501	0.013358413410092366	0.5948584715189306	2.9066526385790326e-07	14.5110321417192	True	4.206393012768779e-08
Llama-3.1-8B-Instruct	metamath	layers.14.self_attn.q_proj	0.902984169669088	0.7223544377867471	0.6507147493632996	0.18851478591784998	0.8633343871331807	0.011784892870930371	0.43638712272396774	1.8264298340398e-07	13.044269917105174	True	2.0212978168558322e-08
Llama-3.1-8B-Instruct	metamath	layers.14.self_attn.v_proj	0.9095697912059956	0.7475018831807282	0.6838028792222266	0.16316994815572827	0.8623637012777762	0.012527401015765681	0.46608336110978843	5.400685259004945e-07	13.234983614908248	True	2.083997617835061e-08
Llama-3.1-8B-Instruct	metamath	layers.15.mlp.down_proj	0.8885793528790371	0.7916055312778542	0.7099836816340389	0.19558697580699547	0.8408939061887268	0.013189466354795759	0.4610848855613997	1.5010851062147168e-07	12.630978361641182	True	2.8470892997820597e-08
Llama-3.1-8B-Instruct	metamath	layers.15.mlp.gate_proj	0.8677757754091667	0.6374921676722307	0.5536478770926803	0.24574608804150344	0.8913639775249392	0.013053360853144316	0.3628238024050907	1.997353724636497e-07	12.046498973618093	True	2.5907688904415227e-08
Llama-3.1-8B-Instruct	metamath	layers.15.mlp.up_proj	0.9416075135132916	0.7833553050905246	0.7285874146837481	0.13494095302273246	0.8052781727727515	0.010393272705728242	0.5009462697682324	9.786202359585161e-08	14.184460202949559	True	3.511286796821961e-08
Llama-3.1-8B-Instruct	metamath	layers.15.self_attn.k_proj	0.8889836599101114	0.7145861648410241	0.6373235634680618	0.20455392282098273	0.8865091421764979	0.013121097321863225	0.3951420096572428	3.674884041515725e-08	12.642493285214892	True	3.5161007357126314e-08
Llama-3.1-8B-Instruct	metamath	layers.15.self_attn.o_proj	0.9518865247405973	0.8529748955213309	0.8109006337806159	0.09621988649347357	0.7359373939414532	0.014663423954712202	0.5799162713608343	5.022887328287595e-07	14.494275560540254	True	2.061670760844752e-08
Llama-3.1-8B-Instruct	metamath	layers.15.self_attn.q_proj	0.8675061749445678	0.6760107717248556	0.599094440738307	0.2146136537610539	0.8909700625078375	0.01178319989871978	0.4119491671590145	1.651875802810565e-07	12.039395611443844	True	2.764542900007967e-08
Llama-3.1-8B-Instruct	metamath	layers.15.self_attn.v_proj	0.9056102540343036	0.7586762347945297	0.6827828691657494	0.19006107347670087	0.8039999463308839	0.011342634143954759	0.4436529043374083	3.464514251039219e-07	13.120381598595117	True	4.151096621505331e-08
Llama-3.1-8B-Instruct	metamath	layers.16.mlp.down_proj	0.8188233782245173	0.6650919306990634	0.5368070725015598	0.34856198163943075	0.8769385096577508	0.013702458606722196	0.3024723387275246	2.909888086044532e-07	10.725527177471367	True	3.294782348433987e-08
Llama-3.1-8B-Instruct	metamath	layers.16.mlp.gate_proj	0.8067525906209259	0.4719431291616169	0.39585710173369293	0.29644582296167865	0.9494426871776754	0.014415174094380959	0.3052375608719921	6.791871509648217e-07	10.411417820444298	True	2.25259024312891e-08
Llama-3.1-8B-Instruct	metamath	layers.16.mlp.up_proj	0.9391216789652351	0.7780879606695684	0.7251212485967509	0.13151189977229205	0.7770837255503058	0.010473887368618637	0.5178909461068824	1.2363922552438567e-07	14.109640926927835	True	3.007891852285527e-08
Llama-3.1-8B-Instruct	metamath	layers.16.self_attn.k_proj	0.872266867902557	0.6628587104145895	0.5901707412281947	0.20729168373445805	0.9009479231163354	0.009172082824092659	0.4296915047429786	9.301539782846646e-08	12.172569956904274	True	4.179696211104311e-08
Llama-3.1-8B-Instruct	metamath	layers.16.self_attn.o_proj	0.9079297400827475	0.7368131028996965	0.6698075117756219	0.17360944151182078	0.873871255795313	0.009034813663169832	0.42970978890903483	1.7580999167599032e-07	13.188301348507311	True	3.458690724365806e-08
Llama-3.1-8B-Instruct	metamath	layers.16.self_attn.q_proj	0.9251842746394242	0.8109707288235372	0.7545466898115171	0.13431104159245433	0.8245183819158752	0.012060313467619177	0.47984713190694833	1.4149926585993455e-07	13.693459177572244	True	3.140818180408147e-08
Llama-3.1-8B-Instruct	metamath	layers.16.self_attn.v_proj	0.8753454647713708	0.692254447583165	0.6019532196131275	0.24387434454453893	0.8400198052210351	0.011788384605138284	0.38387962446439217	6.133340277880706e-07	12.257956208557431	True	3.9781825702994596e-08
Llama-3.1-8B-Instruct	metamath	layers.17.mlp.down_proj	0.8526767544393321	0.6971460729691261	0.5986514097711131	0.2626045585611173	0.8691655498912166	0.01180363180682003	0.3577060213070804	2.2817427947074975e-07	11.631296287724972	True	3.804839967589927e-08
Llama-3.1-8B-Instruct	metamath	layers.17.mlp.gate_proj	0.8514680079512134	0.5498475333672072	0.46614216014999343	0.28129245099461564	0.9359734751023886	0.01639462006985013	0.33078597465337706	2.4259915742952387e-07	11.596840790478677	True	3.789237028633097e-08
Llama-3.1-8B-Instruct	metamath	layers.17.mlp.up_proj	0.927785729048199	0.7157883394950093	0.650488111962683	0.17413418558853444	0.8454827270967673	0.008820931507992104	0.43236801474713027	2.8261592022182924e-07	13.771502331806895	True	3.85405483410701e-08
Llama-3.1-8B-Instruct	metamath	layers.17.self_attn.k_proj	0.863572949733093	0.6108771571373504	0.5529393991242477	0.18069180047897504	0.941441918335721	0.013826691018273392	0.4249917389788318	1.0037010222951892e-08	11.92985091789615	True	5.287094406345054e-08
Llama-3.1-8B-Instruct	metamath	layers.17.self_attn.o_proj	0.886903195626043	0.7361904782501455	0.6635122131198573	0.18769813501665966	0.8369598302735267	0.01262846637974733	0.3884068109866889	2.4459971048607088e-08	12.583549948748498	True	2.2521030478114192e-08
Llama-3.1-8B-Instruct	metamath	layers.17.self_attn.q_proj	0.873106601926061	0.6743290031181838	0.6070589801510899	0.18956516987921013	0.8939637289744928	0.013929052391434885	0.4389725286220073	2.9063220829961267e-07	12.194682849723122	True	4.9692326701943275e-08
Llama-3.1-8B-Instruct	metamath	layers.17.self_attn.v_proj	0.8519693290740222	0.6922800513899384	0.602755345236717	0.24191394773708152	0.8667958663885205	0.011752235928484159	0.35435300495492017	4.020836146256812e-07	11.612014448145299	True	2.5119636926748524e-08
Llama-3.1-8B-Instruct	metamath	layers.18.mlp.down_proj	0.826596544649208	0.6970842809367818	0.5850070313184064	0.2957098853341351	0.8630743366381979	0.011144558491610423	0.31877826486120303	3.7130984553712665e-07	10.930823653682749	True	3.788058099659429e-08
Llama-3.1-8B-Instruct	metamath	layers.18.mlp.gate_proj	0.7918746197995528	0.46774588663338973	0.37424384583715264	0.35983875176460556	0.9565910356233573	0.01117801439745425	0.2728350133118816	3.6537509418010927e-07	10.031785675824937	True	2.7287501538114104e-08
Llama-3.1-8B-Instruct	metamath	layers.18.mlp.up_proj	0.9372240527047947	0.7617240320793581	0.7053247418754076	0.14260110008692817	0.7698500582548127	0.010802176848366807	0.4814905884490106	8.174661592086352e-08	14.052580556550064	True	4.160389182035693e-08
Llama-3.1-8B-Instruct	metamath	layers.18.self_attn.k_proj	0.7949741173397993	0.47763388738092694	0.388109070147017	0.3397364520467109	0.9439953992792054	0.01739391647995197	0.2985114978838757	2.516137243002703e-08	10.108682774013456	True	3.392982845486056e-08
Llama-3.1-8B-Instruct	metamath	layers.18.self_attn.o_proj	0.8854254653604261	0.6776581799755972	0.5967459090349998	0.22454333917538893	0.8948568081748791	0.01159816099790542	0.38900103141108006	1.2192069953620432e-07	12.541961678397302	True	3.053107442529131e-08
Llama-3.1-8B-Instruct	metamath	layers.18.self_attn.q_proj	0.9080130079895112	0.7804026855711442	0.716131340440487	0.15793066878661444	0.8474821308714657	0.013438575801444735	0.48031282668774944	3.9869163126482476e-07	13.189409068143233	True	3.411586319840054e-08
Llama-3.1-8B-Instruct	metamath	layers.18.self_attn.v_proj	0.8713559294424648	0.6680077376266149	0.5856526378858214	0.2313701940512165	0.9014129463735228	0.013321799338454208	0.3866411966637312	2.9139188884030887e-07	12.146015472552415	True	2.700913414656033e-08
Llama-3.1-8B-Instruct	metamath	layers.19.mlp.down_proj	0.8516460726156216	0.6972819420681802	0.5976624773722471	0.26532519725612536	0.898829228378569	0.013639256165467859	0.3743388893633372	3.4972626061779977e-07	11.602649576525035	True	3.130255491699704e-08
Llama-3.1-8B-Instruct	metamath	layers.19.mlp.gate_proj	0.8001829446539926	0.4561147634092661	0.37549723911152016	0.3222566935342609	0.951777710609943	0.01153147674198837	0.2857375367642678	4.390003902621231e-07	10.243312638611902	True	2.2503170546237374e-08
Llama-3.1-8B-Instruct	metamath	layers.19.mlp.up_proj	0.9065457073322917	0.6642018782677213	0.5933227585375466	0.2020387248312896	0.8964416654252418	0.009724501963691708	0.4101429782051153	4.352868843149338e-08	13.147959589729982	True	1.902093869271039e-08
Llama-3.1-8B-Instruct	metamath	layers.19.self_attn.k_proj	0.7683084777659805	0.5166713091161981	0.40802652443883364	0.37633969810905077	0.9468675577719378	0.01209158623876945	0.2611040034352133	6.411396835659389e-08	9.443384575327899	True	3.5036190139905105e-08
Llama-3.1-8B-Instruct	metamath	layers.19.self_attn.o_proj	0.8871972305057404	0.7446128475257282	0.673384401741141	0.18216620291169483	0.850639069714967	0.009310320369987832	0.41489894522911874	4.7537165226430034e-07	12.592799175043366	True	2.16750584597695e-08
Llama-3.1-8B-Instruct	metamath	layers.19.self_attn.q_proj	0.8995304562226252	0.6992186824862825	0.639705855343415	0.16298237236367374	0.8949139799680884	0.013138379287202753	0.44195311264130077	1.0327816557520464e-07	12.944243210251294	True	5.915183918012239e-08
Llama-3.1-8B-Instruct	metamath	layers.19.self_attn.v_proj	0.802955518051605	0.5830226958511392	0.48083215752860864	0.31983216922158964	0.9038695644698869	0.009122408024679885	0.3255863996967829	4.5337049003890684e-08	10.314941624499397	True	3.744830580376922e-08
Llama-3.1-8B-Instruct	metamath	layers.2.mlp.down_proj	0.871307100033526	0.7900366145155874	0.6937559354858466	0.2288852951743494	0.8469640747527678	0.014536725732303525	0.43255996643283445	1.7127732754307345e-07	12.14425433959223	True	3.3571678676611865e-08
Llama-3.1-8B-Instruct	metamath	layers.2.mlp.gate_proj	0.9373086827833785	0.798842628961923	0.7409313727543079	0.13973252397584723	0.7655097654616456	0.013313588388952654	0.48719693848892587	4.0114962884807426e-07	14.054258209521182	True	3.3410031066137463e-08
Llama-3.1-8B-Instruct	metamath	layers.2.mlp.up_proj	0.9407233758289121	0.8265481849272961	0.7763606556368099	0.11775199862512209	0.7640777738266362	0.01176760033526312	0.538067432574	5.2793838412057426e-08	14.157405283957544	True	4.961875437717628e-08
Llama-3.1-8B-Instruct	metamath	layers.2.self_attn.k_proj	0.8680825904959028	0.6699030336206961	0.5956118440036082	0.20949838478239624	0.8991176602994144	0.013691082869122075	0.4046096195800387	9.235852793665345e-08	12.054815867966203	True	3.6740424029542954e-08
Llama-3.1-8B-Instruct	metamath	layers.2.self_attn.o_proj	0.8953408514420763	0.6833251510720089	0.6130559377056715	0.1950935748807643	0.8981588623956681	0.014730270710384805	0.4322277399286202	1.0580803788684534e-07	12.823378098286872	True	2.305322142264851e-08
Llama-3.1-8B-Instruct	metamath	layers.2.self_attn.q_proj	0.8946486786121437	0.7352110114976608	0.6605172998240816	0.19286833123756797	0.8717015246721076	0.013036355273308436	0.4049742692322335	2.403703101006016e-07	12.804157581363764	True	3.98797125660928e-08
Llama-3.1-8B-Instruct	metamath	layers.2.self_attn.v_proj	0.8488151179325928	0.7164045643874504	0.6191871723627695	0.25298862897860785	0.8561909252264819	0.013624872885676815	0.3568680454406744	5.168715915271349e-07	11.52564176944665	True	5.511844645048034e-08
Llama-3.1-8B-Instruct	metamath	layers.20.mlp.down_proj	0.8381455484748194	0.6743264900470886	0.5602254711375074	0.30978362320433794	0.8759934597354184	0.012410144905728579	0.32179568588861707	6.360213911094093e-08	11.238077734580202	True	3.5777175509033214e-08
Llama-3.1-8B-Instruct	metamath	layers.20.mlp.gate_proj	0.8541138033279894	0.5637235773468182	0.4925726890254596	0.23650137651908176	0.9364520183583517	0.011617940091302594	0.35496945254758966	5.862523444477574e-08	11.670589387666826	True	2.1443764592646676e-08
Llama-3.1-8B-Instruct	metamath	layers.20.mlp.up_proj	0.9143076481251101	0.6615423471049013	0.5918589656903741	0.1995740462673824	0.8907951746048359	0.00951665963651251	0.42243653377139057	2.2867846061203068e-07	13.374118128487828	True	2.0438636032702127e-08
Llama-3.1-8B-Instruct	metamath	layers.20.self_attn.k_proj	0.9023510116128329	0.7520844115843233	0.6881221254345322	0.16286043162445163	0.8580244379296343	0.011740173842587217	0.4969292942574198	1.507662283906086e-08	13.026002320065487	True	4.200896820997235e-08
Llama-3.1-8B-Instruct	metamath	layers.20.self_attn.o_proj	0.9202898312986324	0.7417290288592367	0.6860151367310134	0.14458503373910614	0.8340415914380566	0.01443005575565843	0.5141918082726933	1.3082731176172757e-07	13.54811585871624	True	3.4789115957196115e-08
Llama-3.1-8B-Instruct	metamath	layers.20.self_attn.q_proj	0.8294618176492118	0.6341598382517787	0.5413036433501148	0.2714079442390954	0.9104457042611557	0.008815867583189379	0.3398429398791106	3.251074607302229e-07	11.007247808850291	True	3.424288904934726e-08
Llama-3.1-8B-Instruct	metamath	layers.20.self_attn.v_proj	0.8652965781699862	0.6635788206491845	0.5824569985405147	0.2295531154992424	0.9162986634362159	0.011958036661947778	0.40720156946868113	4.538922777630461e-07	11.978086768831623	True	3.355462022587249e-08
Llama-3.1-8B-Instruct	metamath	layers.21.mlp.down_proj	0.8138540135989923	0.6351389544628174	0.5141124887392676	0.3447925784544865	0.8843931376210534	0.014642160925283991	0.3062951258739014	4.3486616885246576e-07	10.595452393399198	True	3.923763858571191e-08
Llama-3.1-8B-Instruct	metamath	layers.21.mlp.gate_proj	0.8203674206363033	0.5117014729172865	0.4237080197457007	0.31435386181211866	0.9471263708633231	0.014744814981376935	0.3009556745296574	1.0955125029354917e-08	10.765702437696463	True	3.864382147251747e-08
Llama-3.1-8B-Instruct	metamath	layers.21.mlp.up_proj	0.9119251862840079	0.6405738199819958	0.5822388126214887	0.1738404362661704	0.8725933183083914	0.011463960270781509	0.4405445172761277	5.1179653848265616e-08	13.303973418298275	True	2.0259817507157402e-08
Llama-3.1-8B-Instruct	metamath	layers.21.self_attn.k_proj	0.8072010532910711	0.49494550190922443	0.4043103390638829	0.3327095166255095	0.9616194965791668	0.01630719529751348	0.3007054082036197	1.3093459139135177e-07	10.422401606519125	True	2.6492923581335288e-08
Llama-3.1-8B-Instruct	metamath	layers.21.self_attn.o_proj	0.9180976738827967	0.7902151273107019	0.7286323622173809	0.14978994944998025	0.7934753988896409	0.012872152688626744	0.45274254314410806	3.925240577018485e-08	13.484217760361803	True	3.611322671290984e-08
Llama-3.1-8B-Instruct	metamath	layers.21.self_attn.q_proj	0.8332052325670348	0.6613380707639841	0.559370179231296	0.2845956584646848	0.8921992386196178	0.015848010023916996	0.3128101711069423	8.338688450848508e-08	11.104903698885126	True	2.1911079247402414e-08
Llama-3.1-8B-Instruct	metamath	layers.21.self_attn.v_proj	0.8722382644230882	0.6795315439511068	0.6045149630175501	0.20860214837906577	0.881971405803472	0.013856181698564854	0.4060116081984578	2.531910516800906e-07	12.170450175362749	True	3.467709419451685e-08
Llama-3.1-8B-Instruct	metamath	layers.22.mlp.down_proj	0.8303843177739891	0.6395278374135965	0.5267759948376537	0.3215262564100174	0.9164051497200565	0.011999937807340334	0.3197602634341791	6.534353036435903e-08	11.031019722318044	True	4.199403411492156e-08
Llama-3.1-8B-Instruct	metamath	layers.22.mlp.gate_proj	0.8158017922805942	0.48918606464538683	0.4005412874279989	0.3295808284181213	0.963070559192236	0.012707220899511974	0.29225021697885173	3.195465936300934e-07	10.646794770750384	True	5.0281157216096137e-08
Llama-3.1-8B-Instruct	metamath	layers.22.mlp.up_proj	0.9108788608727839	0.6263378547287227	0.564768001699736	0.18693953408761332	0.8966451078557244	0.011742495576807907	0.4227657385275355	4.6032331368905943e-07	13.27336209930577	True	3.496929048147722e-08
Llama-3.1-8B-Instruct	metamath	layers.22.self_attn.k_proj	0.7991203722467165	0.5636693166919254	0.44675140245736666	0.3718215122234618	0.9016743793338314	0.010111843394757306	0.2782427103734098	7.465661284733471e-07	10.216433922557846	True	4.420537875093592e-08
Llama-3.1-8B-Instruct	metamath	layers.22.self_attn.o_proj	0.8909982727519845	0.7485767765654967	0.6691129279569097	0.2010379657864234	0.8198702038033288	0.009108369070826764	0.39969708165227	5.991960883022784e-08	12.700991438555342	True	3.4734100451316383e-08
Llama-3.1-8B-Instruct	metamath	layers.22.self_attn.q_proj	0.9095677280469621	0.7793767192202701	0.7096368858040352	0.17095614414036941	0.7987165884404928	0.015068240068506456	0.4703645477326101	1.3337495108345365e-08	13.234009388542582	True	2.536317589845396e-08
Llama-3.1-8B-Instruct	metamath	layers.22.self_attn.v_proj	0.8296163546524316	0.5634153605083615	0.47896067713998863	0.2773261298800904	0.9376150417529104	0.012217847515174912	0.3456000900221566	5.737156949514599e-07	11.010556243804512	True	1.747949145795002e-08
Llama-3.1-8B-Instruct	metamath	layers.23.mlp.down_proj	0.8616019780335928	0.7062547435892149	0.6156371910981546	0.24015162257286782	0.8952723661867518	0.01198595469053008	0.4157667224599277	1.0220956969675399e-07	11.876018677866686	True	3.350736920214703e-08
Llama-3.1-8B-Instruct	metamath	layers.23.mlp.gate_proj	0.8533566085953425	0.5093868888224077	0.4487429372237942	0.2239320868490965	0.9508012449621617	0.012020622202946238	0.3523832245041235	3.5337972104088067e-07	11.649804671762661	True	3.9595637407905874e-08
Llama-3.1-8B-Instruct	metamath	layers.23.mlp.up_proj	0.9197761616854331	0.6481556449218969	0.5885426805994687	0.17548737408150972	0.9091113791418481	0.014136727005114657	0.43616227479280945	2.784915138498434e-07	13.533098372065766	True	5.251614454152748e-08
Llama-3.1-8B-Instruct	metamath	layers.23.self_attn.k_proj	0.8759527169058117	0.7177519147521382	0.6407848250766974	0.20296807530027905	0.8685535951447946	0.0138635761344418	0.40479492314247095	2.433381898203635e-07	12.274337005200282	True	2.7954673423804428e-08
Llama-3.1-8B-Instruct	metamath	layers.23.self_attn.o_proj	0.9283164535940478	0.8059085755495022	0.7465014401185783	0.1419951443039834	0.813071878637447	0.009825384041273852	0.4760023789807333	2.1867193056301915e-07	13.787005877129	True	5.035361895639335e-08
Llama-3.1-8B-Instruct	metamath	layers.23.self_attn.q_proj	0.8743080443440494	0.6867076443922537	0.6095633699255949	0.21205852922108126	0.879494503166949	0.012757196667030552	0.4160257179878065	6.539367514157846e-08	12.228640815724505	True	1.8646982859072137e-08
Llama-3.1-8B-Instruct	metamath	layers.23.self_attn.v_proj	0.826301263495179	0.6351760082270551	0.5408960021165368	0.27483076387569605	0.9140199876878464	0.012243305133378804	0.36683258401816216	2.130419810564277e-07	10.922747554399091	True	4.184287690325785e-08
Llama-3.1-8B-Instruct	metamath	layers.24.mlp.down_proj	0.8275746849783626	0.5535683219101283	0.4475533707979998	0.34634707979822	0.9048070392420555	0.013481164947390364	0.3092708267837693	2.842336639385934e-07	10.956079978432445	True	2.833667136872957e-08
Llama-3.1-8B-Instruct	metamath	layers.24.mlp.gate_proj	0.8562247656222285	0.5309446053311963	0.45832646290044626	0.2548367269889439	0.9380553247148449	0.0107425043442313	0.3435692550378973	2.393344920026408e-07	11.728574323378883	True	3.267371949303549e-08
Llama-3.1-8B-Instruct	metamath	layers.24.mlp.up_proj	0.886780132765711	0.5359383153898429	0.4663658347754735	0.24277692336955103	0.9355540426927033	0.010676209053473433	0.36020259750852446	1.4178803486863956e-07	12.580626372545876	True	3.087699969341116e-08
Llama-3.1-8B-Instruct	metamath	layers.24.self_attn.k_proj	0.8085491889434775	0.4938849587651595	0.4098532217492553	0.3113396059836001	0.9534355497113431	0.016521497561210928	0.304645798038176	4.0225167530216765e-07	10.457165074048556	True	2.7431429445062484e-08
Llama-3.1-8B-Instruct	metamath	layers.24.self_attn.o_proj	0.9111447731351655	0.7578785226793526	0.6993050997762777	0.1485989311810505	0.8747532693450892	0.011260681730445171	0.4821880585398263	1.917699368192416e-07	13.281277537541111	True	3.122027079579315e-08
Llama-3.1-8B-Instruct	metamath	layers.24.self_attn.q_proj	0.8201948859218975	0.6272778958420566	0.525761098312421	0.2974828514394816	0.9154142013795104	0.013999031957787957	0.3055575640729841	4.958495625206893e-07	10.761394385122644	True	4.667456357587439e-08
Llama-3.1-8B-Instruct	metamath	layers.24.self_attn.v_proj	0.8445539143931509	0.640434917355188	0.5599401707618098	0.23557787874145908	0.9015794555020313	0.010396547677437456	0.4016088889484478	3.571936488810934e-07	11.411099337682014	True	3.9735705786894694e-08
Llama-3.1-8B-Instruct	metamath	layers.25.mlp.down_proj	0.860024893545401	0.6371350461057594	0.5504687043914542	0.2535473270257216	0.901658677471312	0.013043284291126053	0.3769776390938309	3.975698625868773e-07	11.832262337425648	True	3.8136590220881597e-08
Llama-3.1-8B-Instruct	metamath	layers.25.mlp.gate_proj	0.7633516582870377	0.4011902503479004	0.31897119467011587	0.3678761313852127	0.9683831079236971	0.010506411644919172	0.24899120683041087	2.336469322461454e-07	9.322258562454284	True	1.6162336269551173e-08
Llama-3.1-8B-Instruct	metamath	layers.25.mlp.up_proj	0.9049420270542101	0.5441185804063693	0.4821766403555664	0.21471876343144203	0.9390137011095345	0.009384052698315219	0.3869385453616282	2.300918102715599e-07	13.101561296682712	True	3.1513449200539226e-08
Llama-3.1-8B-Instruct	metamath	layers.25.self_attn.k_proj	0.7666570268617142	0.5190688789491463	0.42084684200140304	0.34264773661780334	0.9457827208086819	0.01329963721107236	0.27605043670045926	8.7913608359802e-07	9.402561062044189	True	3.0619770879143945e-08
Llama-3.1-8B-Instruct	metamath	layers.25.self_attn.o_proj	0.9412342395514499	0.7928709123573847	0.738804821214115	0.13173064953483204	0.8424742708878379	0.010619851816816494	0.5056634030068196	5.948084869089598e-08	14.173149967107706	True	3.0815339223361245e-08
Llama-3.1-8B-Instruct	metamath	layers.25.self_attn.q_proj	0.8254723867361208	0.5795460574056854	0.4876286168833701	0.29205020910884183	0.9094168250886667	0.013740084028543664	0.3206136992937689	6.0677601609882e-08	10.900414980214041	True	4.048160375881922e-08
Llama-3.1-8B-Instruct	metamath	layers.25.self_attn.v_proj	0.7348173027297805	0.3977009784636825	0.3147015219022781	0.373841374637071	0.9783578515456555	0.01668507417812519	0.24893789411447778	4.3101993441041486e-07	8.636890938521756	True	1.7376135925020862e-08
Llama-3.1-8B-Instruct	metamath	layers.26.mlp.down_proj	0.8424291233742575	0.6087903285130798	0.5116813764067543	0.29357878763306255	0.9106611619448038	0.011960000139751575	0.33886231630413083	2.143420640976501e-08	11.35336452397743	True	2.846910896017918e-08
Llama-3.1-8B-Instruct	metamath	layers.26.mlp.gate_proj	0.7433950635410419	0.3836529927130272	0.31385459265478477	0.33076322826456883	0.9775209172364241	0.013800189356476731	0.24773728893948432	5.075797218090372e-07	8.840486602568333	True	3.669310724849452e-08
Llama-3.1-8B-Instruct	metamath	layers.26.mlp.up_proj	0.8975363516479523	0.6159849169369694	0.557020123943296	0.18228565806704589	0.9100881575042928	0.012594346678540909	0.41942317411219265	7.80513780718195e-07	12.887079478693524	True	2.5868480470140017e-08
Llama-3.1-8B-Instruct	metamath	layers.26.self_attn.k_proj	0.8095340676703414	0.5857989231182578	0.4843855124508857	0.31626918638881485	0.899125922211891	0.00795022942744116	0.350862252912897	6.080218313275765e-07	10.484851007721968	True	2.983928545894409e-08
Llama-3.1-8B-Instruct	metamath	layers.26.self_attn.o_proj	0.9085782484315165	0.6828244251053878	0.6236375353188996	0.16584569111277114	0.8734083911805838	0.009599595965448189	0.4712003167329592	3.407880200256841e-08	13.207012868104867	True	3.000540714290358e-08
Llama-3.1-8B-Instruct	metamath	layers.26.self_attn.q_proj	0.8306855258337945	0.5317814034825772	0.4573968692063779	0.26019019402679977	0.9342048683808076	0.012162348991903434	0.3502306085679976	1.5894247384906635e-07	11.038978418193503	True	2.233989934974025e-08
Llama-3.1-8B-Instruct	metamath	layers.26.self_attn.v_proj	0.7808057630700636	0.5418867393121893	0.4622184230119679	0.27242552221051153	0.9424198971060149	0.011239187382649942	0.31889910913466263	6.155076248681723e-07	9.753278043114495	True	3.721877472429429e-08
Llama-3.1-8B-Instruct	metamath	layers.27.mlp.down_proj	0.795942019914969	0.6047778264264029	0.47483840062752325	0.383547032722546	0.9152979768228536	0.015472439021889488	0.2968086524722163	3.723539254707475e-08	10.133951818003162	True	2.395099961969479e-08
Llama-3.1-8B-Instruct	metamath	layers.27.mlp.gate_proj	0.7263926812379081	0.324450289074882	0.2616695216750093	0.3495559426841067	0.9822685682358497	0.016612343472963843	0.23020475270973242	8.615687163704422e-08	8.44001285948904	True	1.5246684549855265e-08
Llama-3.1-8B-Instruct	metamath	layers.27.mlp.up_proj	0.912436893720066	0.6645694717341006	0.6080055458554436	0.16298294582583261	0.8848125902811123	0.009405888822538157	0.45410729581618137	4.7225016808205567e-07	13.319466291626552	True	4.1736903402487746e-08
Llama-3.1-8B-Instruct	metamath	layers.27.self_attn.k_proj	0.888176402499583	0.7067546236966074	0.6423395343298282	0.1739772887464397	0.8765148412555875	0.010069335071333998	0.46227861419667093	4.335926169218851e-07	12.620426472118416	True	4.2983353628272056e-08
Llama-3.1-8B-Instruct	metamath	layers.27.self_attn.o_proj	0.918663379344451	0.709695298070252	0.6544662437027049	0.149585519229389	0.8931170613590687	0.008869924327228457	0.4356550531684322	6.058962327415429e-07	13.501999748922778	True	5.051339723225318e-08
Llama-3.1-8B-Instruct	metamath	layers.27.self_attn.q_proj	0.8482142496519246	0.6300463472251554	0.5273245305653603	0.2994954615397468	0.8982984508434194	0.013789133880040452	0.3288260942144407	1.1670604105340487e-07	11.509287131597123	True	2.809074374578072e-08
Llama-3.1-8B-Instruct	metamath	layers.27.self_attn.v_proj	0.7788787656062601	0.5338866953463612	0.42362512978749894	0.3703992548139382	0.9284637205319143	0.012892013216034276	0.2877312933985216	1.758017766917419e-07	9.704817443728626	True	6.814378876964533e-08
Llama-3.1-8B-Instruct	metamath	layers.28.mlp.down_proj	0.7695034295072214	0.5257325105391667	0.39597994744017084	0.43269485884704495	0.9346815348684139	0.01341712867406709	0.2590407908003783	2.02188591202912e-07	9.472466745254314	True	2.6623672146985825e-08
Llama-3.1-8B-Instruct	metamath	layers.28.mlp.gate_proj	0.8049235378070382	0.4104964546375499	0.34876404802728256	0.2781539265688623	0.9775214517013002	0.016186684735190443	0.2979987119454605	2.511742469568645e-07	10.363709125648372	True	2.514612889603947e-08
Llama-3.1-8B-Instruct	metamath	layers.28.mlp.up_proj	0.9170795806086154	0.7283167098723264	0.6624764753207927	0.17262884906446319	0.8341415753561395	0.011750351955869416	0.43911035681849503	2.9220312702804563e-07	13.454693494179445	True	1.9890316908310642e-08
Llama-3.1-8B-Instruct	metamath	layers.28.self_attn.k_proj	0.9032296781757684	0.7198472834380701	0.6570718081189101	0.16680831343136404	0.8497221869989182	0.014901894238520891	0.4458231345522683	2.2692696166615178e-08	13.050283543162935	True	3.5827319467475445e-08
Llama-3.1-8B-Instruct	metamath	layers.28.self_attn.o_proj	0.9410116139219818	0.8092789204584926	0.753929106818037	0.13211024039917552	0.7852843713291038	0.012430854774277909	0.506637242537745	3.2894686285978025e-07	14.165847067389251	True	2.6775195523726257e-08
Llama-3.1-8B-Instruct	metamath	layers.28.self_attn.q_proj	0.8476057038260512	0.6849216139050331	0.5909616780553446	0.25554766623620506	0.8868739012225498	0.01459752130022923	0.3630561433177974	2.3158963857738968e-08	11.4925179636201	True	3.9141610391579773e-08
Llama-3.1-8B-Instruct	metamath	layers.28.self_attn.v_proj	0.8278104879885081	0.6342092639267152	0.5366398750496079	0.28402028750700137	0.878009788136079	0.0120743400183058	0.3262574105754831	3.376685462352924e-07	10.962717375593888	True	2.9677634281091618e-08
Llama-3.1-8B-Instruct	metamath	layers.29.mlp.down_proj	0.7422924403136544	0.5558629964215563	0.44249098234854134	0.3663151552355821	0.9438855191597078	0.014637845699637258	0.2494773637243056	6.522848934320535e-07	8.814068605504843	True	2.9760152162967404e-08
Llama-3.1-8B-Instruct	metamath	layers.29.mlp.gate_proj	0.7910183759263093	0.46427282688061394	0.37017472091824905	0.36427837693163134	0.9560706869443605	0.0100296554378213	0.27185311783494015	3.815287530350986e-08	10.010353290257918	True	2.0496368797470785e-08
Llama-3.1-8B-Instruct	metamath	layers.29.mlp.up_proj	0.9115688673673996	0.6119622788042289	0.5528030702826711	0.18399731726171598	0.905128346476124	0.0075239833430392105	0.4227890995574363	1.342030148121509e-07	13.294575714937311	True	4.163429543086134e-08
Llama-3.1-8B-Instruct	metamath	layers.29.self_attn.k_proj	0.8298271468463893	0.6181427135637774	0.5339717854481323	0.25379335651038304	0.9190523461544009	0.012729779774614198	0.33471450138150294	4.17529262941585e-07	11.016014893067226	True	5.8054613760403915e-08
Llama-3.1-8B-Instruct	metamath	layers.29.self_attn.o_proj	0.9088052022629369	0.7044478539441608	0.6393920273924836	0.1761716507713712	0.863605333209349	0.009790177015210582	0.44062767984902457	4.533963848807332e-07	13.2135517392848	True	3.401191782983344e-08
Llama-3.1-8B-Instruct	metamath	layers.29.self_attn.q_proj	0.9224886434178518	0.6493493275432511	0.5889879375133085	0.177272506106955	0.9120058551095543	0.01206221541049537	0.4401608599069807	3.3606402149999326e-07	13.613792852491352	True	1.6383197564691672e-08
Llama-3.1-8B-Instruct	metamath	layers.29.self_attn.v_proj	0.8151017593985588	0.5871365446872517	0.4981521916124473	0.2801436080593849	0.929328696561585	0.008628699861438938	0.36558104060812263	5.500503186262051e-08	10.629461411607435	True	3.641336893840942e-08
Llama-3.1-8B-Instruct	metamath	layers.3.mlp.down_proj	0.8378220008937899	0.74207509337899	0.6337557214497523	0.2706296990526026	0.8777644699732858	0.011798316147399757	0.37427213758979017	3.233952072800861e-07	11.229560643294791	True	3.798102003987897e-08
Llama-3.1-8B-Instruct	metamath	layers.3.mlp.gate_proj	0.8600650332019003	0.624455649688273	0.5314531137857714	0.27568627705081006	0.8968998824159619	0.008959359307563333	0.3412819059697692	1.8877421381624515e-07	11.834444221312205	True	4.117919136969804e-08
Llama-3.1-8B-Instruct	metamath	layers.3.mlp.up_proj	0.9413200883920146	0.845476101332787	0.7957054752666283	0.11426864160108141	0.767147305405567	0.012497306683880955	0.5388648946237712	1.4037536644195825e-07	14.175117907016913	True	3.5180680500036795e-08
Llama-3.1-8B-Instruct	metamath	layers.3.self_attn.k_proj	0.892341353182983	0.7384049422348112	0.6678751168379954	0.18190952407589567	0.8852716626359523	0.01174696115887746	0.4333949731489265	6.362513182978091e-09	12.738611554156398	True	3.114095723173164e-08
Llama-3.1-8B-Instruct	metamath	layers.3.self_attn.o_proj	0.8935680282903741	0.7173917992099648	0.6382460378112449	0.20847718187993813	0.8736287427496698	0.010266758351667024	0.4157704804637729	3.7971003075121246e-07	12.77406482782222	True	4.419824184384889e-08
Llama-3.1-8B-Instruct	metamath	layers.3.self_attn.q_proj	0.9255469245544532	0.8062952039863797	0.7541597035974946	0.1251401342398184	0.8689767920643114	0.014265805688684416	0.5338172223975801	5.037589501100115e-08	13.70340298067868	True	4.020550654533116e-08
Llama-3.1-8B-Instruct	metamath	layers.3.self_attn.v_proj	0.8348601338112642	0.6617930654009773	0.5582130943121795	0.28853160041031145	0.8470852472763467	0.013640847331485385	0.33808824985175306	5.979753763263318e-07	11.149774696399922	True	1.99847663622535e-08
Llama-3.1-8B-Instruct	metamath	layers.30.mlp.down_proj	0.8069510172126548	0.7162015139668455	0.5968976921705437	0.3054087148218336	0.8848212749347655	0.012463483601287578	0.3123156791593501	2.1080696566144752e-07	10.417096287494495	True	3.6173867475997435e-08
Llama-3.1-8B-Instruct	metamath	layers.30.mlp.gate_proj	0.8024049251929432	0.45128706274402164	0.3640173511372257	0.34936353004710874	0.9601542854717404	0.010355748981020627	0.2809005234908753	4.5890046607155455e-07	10.300544404026851	True	1.639998757035097e-08
Llama-3.1-8B-Instruct	metamath	layers.30.mlp.up_proj	0.9456650824297052	0.8049406675433805	0.7569137348047559	0.11577043311864599	0.8240856821518677	0.012098585931687849	0.5177671817021732	5.213500364753543e-07	14.306409832053749	True	2.5112079774419174e-08
Llama-3.1-8B-Instruct	metamath	layers.30.self_attn.k_proj	0.7848159956302642	0.5182653551056636	0.41665044445914035	0.3536922814639397	0.9460235086127433	0.014001990938788034	0.2850458198259574	1.394773850860176e-07	9.853048975334294	True	2.470794023766858e-08
Llama-3.1-8B-Instruct	metamath	layers.30.self_attn.o_proj	0.866773495165325	0.5762034570057573	0.5087123908949447	0.2205416515627916	0.9346900636272993	0.008753428074469789	0.39577530813809564	1.413470707145592e-07	12.019823009432354	True	5.308223819311066e-08
Llama-3.1-8B-Instruct	metamath	layers.30.self_attn.q_proj	0.7216048950866559	0.4156634530334641	0.3112462337917812	0.4393077828462888	0.9630105300877023	0.0171798726828335	0.23215907819190745	2.5936285830141514e-07	8.328954671795195	True	2.5105415607764608e-08
Llama-3.1-8B-Instruct	metamath	layers.30.self_attn.v_proj	0.8126511583563938	0.556454316207755	0.48802704743344455	0.23081863603725505	0.9309972640489906	0.00986376183372333	0.3720433226557829	3.068409832884811e-07	10.56539595090603	True	4.4409341307698446e-08
Llama-3.1-8B-Instruct	metamath	layers.31.mlp.down_proj	0.9308918096548178	0.8724839454796572	0.8086481772868106	0.140977903261282	0.7314159164755447	0.012577675240602701	0.5042750074477481	4.089682473784606e-07	13.862770912737098	True	2.8339331040865213e-08
Llama-3.1-8B-Instruct	metamath	layers.31.mlp.gate_proj	0.9297575301350692	0.6859573570826029	0.6263257503720985	0.16630672553356718	0.877911085288795	0.010582097670464216	0.4682882375288729	1.2448756403493633e-07	13.829639653679466	True	1.4197134192360715e-08
Llama-3.1-8B-Instruct	metamath	layers.31.mlp.up_proj	0.9572842115503644	0.8621453363102467	0.822812729549329	0.08916221739559471	0.7604032040182089	0.015420736928223244	0.5548622843835739	6.3079763634732444e-09	14.658802122475965	True	4.290187982772468e-08
Llama-3.1-8B-Instruct	metamath	layers.31.self_attn.k_proj	0.835050103889585	0.6581364602471456	0.5739141543313331	0.2395652243074411	0.9145221808906635	0.010849546656140203	0.3233157793663492	3.4823643368930846e-07	11.155617733534692	True	6.359471642843037e-08
Llama-3.1-8B-Instruct	metamath	layers.31.self_attn.o_proj	0.9013040209090374	0.7728999119066335	0.6934897787201847	0.1949300559768814	0.7792813388087279	0.012300548703917972	0.413854279666377	6.156210590191336e-07	12.995600429192912	True	3.792496466031969e-08
Llama-3.1-8B-Instruct	metamath	layers.31.self_attn.q_proj	0.8186212606421562	0.5378702443007523	0.4558962894399412	0.28158221258421956	0.9494255626099412	0.014690186965730675	0.2994782712720713	3.08080563060642e-07	10.71993180967284	True	4.1218215288151964e-08
Llama-3.1-8B-Instruct	metamath	layers.31.self_attn.v_proj	0.9029023520513902	0.6745824205435309	0.6155488005051659	0.16736446830232266	0.8717732480855436	0.011793325180005993	0.48261788359403696	4.220863658588314e-07	13.041897354040211	True	3.2556857809011546e-08
Llama-3.1-8B-Instruct	metamath	layers.4.mlp.down_proj	0.8216650751866765	0.7064204008609831	0.5888742936209179	0.3051057358244741	0.8601803582759373	0.013652151136340815	0.33842833583189696	3.3606697047439127e-07	10.800115357990366	True	2.5639346558575212e-08
Llama-3.1-8B-Instruct	metamath	layers.4.mlp.gate_proj	0.7949234735777099	0.4615837947089882	0.36230387258508623	0.383909026512696	0.949484225280079	0.01065180417758167	0.26690918568827127	8.943278235751251e-07	10.109288038022017	True	4.486771149942796e-08
Llama-3.1-8B-Instruct	metamath	layers.4.mlp.up_proj	0.9497973811120405	0.8511822932341949	0.8085718990367026	0.0976144620011744	0.7665292953025346	0.01469143176874112	0.5806331941979693	1.1858795678776346e-07	14.43072224625729	True	2.7123476451328728e-08
Llama-3.1-8B-Instruct	metamath	layers.4.self_attn.k_proj	0.8498478066989783	0.6515429427376564	0.5700818606623956	0.23442392140880453	0.9002661361051154	0.01201706288900623	0.37654398447267645	1.2116434411346688e-07	11.554189133365467	True	3.0113956007891204e-08
Llama-3.1-8B-Instruct	metamath	layers.4.self_attn.o_proj	0.878309405415245	0.690906572839024	0.6098098868643509	0.2209770107876593	0.896636065644183	0.013798010687480551	0.38982109332826614	8.17376160089367e-08	12.340490711073256	True	3.072819555655249e-08
Llama-3.1-8B-Instruct	metamath	layers.4.self_attn.q_proj	0.9125090423462924	0.7467416899633259	0.6853587101519865	0.15764515821662917	0.869335349386553	0.012052245187724766	0.5046745734786885	1.0668383920720004e-07	13.320831660460614	True	3.928305321705353e-08
Llama-3.1-8B-Instruct	metamath	layers.4.self_attn.v_proj	0.7156082016494456	0.4411810278506649	0.3341764314936328	0.42625623650579525	0.9707487378560966	0.01470124011698182	0.23297252852604514	1.8672663881780238e-07	8.191747676231595	True	2.76873521551139e-08
Llama-3.1-8B-Instruct	metamath	layers.5.mlp.down_proj	0.8094643840533787	0.661363599440034	0.540571845585401	0.33192338688351974	0.91688023940718	0.01071090861388833	0.31479279419785233	8.064760026460505e-08	10.482520385715944	True	2.7833354159987916e-08
Llama-3.1-8B-Instruct	metamath	layers.5.mlp.gate_proj	0.8834372766627243	0.6266053336271333	0.5456946723429288	0.24157742256204373	0.8834906562330582	0.009516502081764114	0.38031578713559594	1.0221419333156234e-07	12.486249291230047	True	4.205119363077096e-08
Llama-3.1-8B-Instruct	metamath	layers.5.mlp.up_proj	0.9100069688590003	0.766258914560173	0.6918212736298304	0.1848514790671606	0.7977387495817659	0.010114820732175398	0.4376340995496499	2.1676983941176786e-07	13.248441608207747	True	3.549227736738214e-08
Llama-3.1-8B-Instruct	metamath	layers.5.self_attn.k_proj	0.8447848834097494	0.6283149712856165	0.5373830804159689	0.26850197003734355	0.8957746380312396	0.008843093095250396	0.35009278022911144	9.454247451579079e-08	11.417688892246819	True	2.4473802500961154e-08
Llama-3.1-8B-Instruct	metamath	layers.5.self_attn.o_proj	0.8897012119156981	0.6996712442296329	0.6236202968672377	0.20557585932316258	0.845122562754781	0.01617419124067353	0.41830161675979843	1.416455815972384e-07	12.661782286151169	True	4.4971516436743395e-08
Llama-3.1-8B-Instruct	metamath	layers.5.self_attn.q_proj	0.9202973371121825	0.7952620236903923	0.734112669459996	0.14787177519244998	0.824554833603849	0.011563891307890874	0.48035257097595474	3.303835220958007e-07	13.549333957185716	True	2.922946252066319e-08
Llama-3.1-8B-Instruct	metamath	layers.5.self_attn.v_proj	0.825521106006717	0.6442304870071072	0.5306052201618913	0.32163959572439293	0.8863585419531952	0.012458656830228428	0.3210896946036081	3.439261968551932e-07	10.902061582913525	True	4.248446596010589e-08
Llama-3.1-8B-Instruct	metamath	layers.6.mlp.down_proj	0.7894903457558381	0.6440981316388645	0.5192524206190319	0.35009035706400005	0.8799163272118498	0.010343007216088522	0.31547083533816533	2.2310334335529092e-07	9.97165768644788	True	3.7686679920501864e-08
Llama-3.1-8B-Instruct	metamath	layers.6.mlp.gate_proj	0.8885596931854342	0.6472851895181888	0.5593636933874855	0.25321221059975274	0.8716892442959294	0.011468600012860234	0.3698869753410397	5.7430185051998706e-08	12.630950250576545	True	2.4118185881083153e-08
Llama-3.1-8B-Instruct	metamath	layers.6.mlp.up_proj	0.9460930702895498	0.8673264644981686	0.8241917944970795	0.0969924598576577	0.8110462206373357	0.01049364660916053	0.5970917067411813	1.657826693701736e-07	14.3198917821683	True	3.4691654458679444e-08
Llama-3.1-8B-Instruct	metamath	layers.6.self_attn.k_proj	0.87124488667266	0.6663940666798023	0.5923001415833601	0.2100102986697705	0.8901108582388838	0.015532194237329034	0.3867822567773236	1.4175526708015695e-07	12.14215589358488	True	2.5175328919672237e-08
Llama-3.1-8B-Instruct	metamath	layers.6.self_attn.o_proj	0.9272353649854816	0.7768337974521131	0.7202005139737004	0.14049060156685944	0.7973244670747631	0.013871354040962347	0.5346115787278978	3.0154974073326457e-09	13.753599769497301	True	3.855202273302134e-08
Llama-3.1-8B-Instruct	metamath	layers.6.self_attn.q_proj	0.9066903310001925	0.7732865060908422	0.7086511668832873	0.16018399004136652	0.8514832987786902	0.012849728653652371	0.461768278648697	2.650803941905977e-07	13.151232843348515	True	2.178949626063331e-08
Llama-3.1-8B-Instruct	metamath	layers.6.self_attn.v_proj	0.8121916095770809	0.5404882392434296	0.43829473542819686	0.34240271480606055	0.9149862314154633	0.013185124048346746	0.30150644093702206	3.976197349153665e-07	10.552640108293591	True	3.9250879389622764e-08
Llama-3.1-8B-Instruct	metamath	layers.7.mlp.down_proj	0.8271601526134428	0.6780775427518398	0.5667500363873136	0.30140674054277916	0.8679463108822013	0.012215066643161519	0.32766383993547865	2.7419454140531485e-07	10.945475297832362	True	4.115602577955102e-08
Llama-3.1-8B-Instruct	metamath	layers.7.mlp.gate_proj	0.9281166181589452	0.7607497457280045	0.6980110538409738	0.15813787982174388	0.7985786784864491	0.014303430809038155	0.4617732945791763	1.3856907843390331e-07	13.779583774617407	True	4.7589509172785434e-08
Llama-3.1-8B-Instruct	metamath	layers.7.mlp.up_proj	0.9532050604322078	0.8395223680250483	0.7986253526996654	0.09505613075124963	0.7800743272449084	0.01258549104599245	0.5873284642510043	3.8048014383562645e-07	14.535284458129556	True	3.2329849437067466e-08
Llama-3.1-8B-Instruct	metamath	layers.7.self_attn.k_proj	0.8325987942707673	0.5668354632790337	0.4935600752628871	0.24183101114768257	0.9388990007854048	0.014373659906879332	0.34244016449348935	3.3902802032415025e-07	11.089232982614499	True	3.097657591719224e-08
Llama-3.1-8B-Instruct	metamath	layers.7.self_attn.o_proj	0.9217568601543181	0.8056970669753322	0.747096442557267	0.14017558764695148	0.8250411355099838	0.012938892160835208	0.5161445508947365	8.022225272963368e-08	13.591897661360596	True	2.8176172533791622e-08
Llama-3.1-8B-Instruct	metamath	layers.7.self_attn.q_proj	0.9025174584834997	0.7477864219315647	0.6778512839873686	0.17829922640770268	0.8549656819061845	0.010795154522735403	0.41870621665465135	3.982539076297087e-07	13.031075067286933	True	3.352328265195394e-08
Llama-3.1-8B-Instruct	metamath	layers.7.self_attn.v_proj	0.7845888725430221	0.4829904964321691	0.3828537497141758	0.37166878003412107	0.9525667102543133	0.013213915859759106	0.28353260512281425	6.624795199083877e-07	9.847542377069633	True	1.924371922029331e-08
Llama-3.1-8B-Instruct	metamath	layers.8.mlp.down_proj	0.8240553950375036	0.6907346715856856	0.5731713035999209	0.31143274538552845	0.90499241018703	0.013757814190597151	0.32299252413743573	3.1572365166709915e-08	10.863020877362151	True	4.1046159157162646e-08
Llama-3.1-8B-Instruct	metamath	layers.8.mlp.gate_proj	0.8623640838816046	0.6039465531836884	0.5162433922461716	0.2693456105515918	0.9050111769799608	0.011377198494902404	0.3395642261441529	1.7519134543064752e-07	11.89720466037471	True	3.135994601249338e-08
Llama-3.1-8B-Instruct	metamath	layers.8.mlp.up_proj	0.9423650484830504	0.7849822806937442	0.7279803324309695	0.13995814855311095	0.8065076728252212	0.014537386293631894	0.500408192859992	2.5510100920556056e-07	14.205820074151017	True	1.8846991022377744e-08
Llama-3.1-8B-Instruct	metamath	layers.8.self_attn.k_proj	0.8611636874284417	0.636109609168054	0.5723065797794261	0.1905434051784164	0.9245399605289436	0.01374501948124368	0.4087990777425699	3.0482784096896864e-07	11.863411853434114	True	4.107541107312156e-08
Llama-3.1-8B-Instruct	metamath	layers.8.self_attn.o_proj	0.9105724296481208	0.6887886325768586	0.6246621944710835	0.177532959883962	0.8660673596078513	0.011151964278348232	0.43457322752563216	6.615128700371287e-08	13.264626271551073	True	3.99764696186671e-08
Llama-3.1-8B-Instruct	metamath	layers.8.self_attn.q_proj	0.9032951205289363	0.7591970698605196	0.6875496582956895	0.1798390366316338	0.8402461769834982	0.01325213757277215	0.43850364399440084	2.9589275474251053e-09	13.052780398236544	True	3.138583823720193e-08
Llama-3.1-8B-Instruct	metamath	layers.8.self_attn.v_proj	0.8373757632604397	0.5919882364804804	0.49791339863644235	0.292573258627182	0.9139356608585741	0.012433564542698951	0.33668668707473326	3.002284691966395e-07	11.217429555580093	True	5.229633865034332e-08
Llama-3.1-8B-Instruct	metamath	layers.9.mlp.down_proj	0.7936928007696272	0.6608265174974145	0.5381911375281794	0.3367180790274854	0.8920254093872345	0.012827905051659995	0.290105654123121	1.3426860934195872e-07	10.077516318412684	True	3.9276316026435695e-08
Llama-3.1-8B-Instruct	metamath	layers.9.mlp.gate_proj	0.9179811384892996	0.7426314623748643	0.684822171367568	0.1496280321485235	0.8799505162217335	0.009399842626109732	0.4544249026526157	2.787619239885686e-07	13.481831092876721	True	2.9470167034688043e-08
Llama-3.1-8B-Instruct	metamath	layers.9.mlp.up_proj	0.9445499855611821	0.8332227615496829	0.783972922875583	0.11472158415854572	0.7883320089875742	0.0132839647917422	0.5726573712103654	1.0090331425960386e-07	14.272278700416699	True	5.7186474400953024e-08
Llama-3.1-8B-Instruct	metamath	layers.9.self_attn.k_proj	0.7607209763470242	0.43919547113024404	0.3504291012602001	0.3633736305722153	0.9739969885199055	0.012917209328767627	0.2694257884626821	6.467268582888153e-07	9.25758555970278	True	2.6568622226605354e-08
Llama-3.1-8B-Instruct	metamath	layers.9.self_attn.o_proj	0.8586807353080762	0.6635763853241231	0.5708163616100578	0.2600353356996882	0.8488126643394514	0.011460189642361568	0.36487293570800255	2.2917772857233842e-07	11.795766863961715	True	3.20528934938894e-08
Llama-3.1-8B-Instruct	metamath	layers.9.self_attn.q_proj	0.8130828198872503	0.5427912810165051	0.44081375624676067	0.34045481826392776	0.9249906889368947	0.01686475874412622	0.29851532579868867	3.056254542777026e-07	10.574643789543487	True	5.3933955599949453e-08
Llama-3.1-8B-Instruct	metamath	layers.9.self_attn.v_proj	0.8715861548324536	0.7218413110473305	0.6372528973724494	0.2206363051285707	0.8476088888510594	0.01101183612133489	0.4353850669731532	5.232568036639407e-07	12.153112213178428	True	2.7571697409618982e-08
Llama-3.1-8B-Instruct	tulu	layers.0.mlp.down_proj	0.9357608857781523	0.865784374958932	0.8130753103537827	0.11805386826492137	0.7465455873004967	0.00015795949562976937	0.4781436715560558	1.8043743588158634e-07	14.01036956007052	True	2.6972049367676635e-08
Llama-3.1-8B-Instruct	tulu	layers.0.mlp.gate_proj	0.9661635792665768	0.7153573873976538	0.6809125637604712	0.09398254998802336	0.877789670965816	0.00015488126724289372	0.553074992403816	1.8551173930347886e-08	14.935552077998052	True	2.845951970379378e-08
Llama-3.1-8B-Instruct	tulu	layers.0.mlp.up_proj	0.9761343111056557	0.8051167480632799	0.7779404310938334	0.06636964260338485	0.8046155802952158	0.00011654253816634367	0.620574656634014	1.5026697874898076e-07	15.24541546778245	True	1.3703245290703047e-08
Llama-3.1-8B-Instruct	tulu	layers.0.self_attn.k_proj	0.8578500693965413	0.6182240173149572	0.5429383531226293	0.228724924913429	0.9367678009532243	0.00015642991639742358	0.3853605600074395	5.203448147916845e-07	11.774495323294081	True	3.1123747977036924e-08
Llama-3.1-8B-Instruct	tulu	layers.0.self_attn.o_proj	0.9276647655932788	0.735985718779739	0.6892087475918517	0.12307432162781407	0.875161739328875	9.859331946789479e-05	0.4824505424575332	1.6045059536562434e-07	13.768994961814814	True	3.56174939809589e-08
Llama-3.1-8B-Instruct	tulu	layers.0.self_attn.q_proj	0.8561058957662896	0.4997470836101029	0.4322826671492368	0.25177001567078383	0.9475858056987967	0.00012435603627512426	0.3283132793540306	2.1914428049996104e-09	11.726676643509835	True	1.112938748352317e-08
Llama-3.1-8B-Instruct	tulu	layers.0.self_attn.v_proj	0.8767483280125838	0.7220293953207678	0.6427879956770121	0.20745166641062063	0.8662262596650737	0.00016553129821983512	0.421068591825744	1.9402213813357605e-07	12.298996981209772	True	2.735136733299279e-08
Llama-3.1-8B-Instruct	tulu	layers.1.mlp.down_proj	0.5769612373631101	0.5622239125005353	0.37884270765595757	0.545954644345516	0.9201242439744228	0.00015757252008563512	0.1570586882741706	2.6538499509065616e-07	5.326145351511183	True	1.3127626839977054e-08
Llama-3.1-8B-Instruct	tulu	layers.1.mlp.gate_proj	0.9674484138255954	0.7202654238179861	0.6927180191650882	0.07502959934483444	0.8948079002725295	0.0001606512569371472	0.5769977791127386	2.0364056774191397e-07	14.975296448967212	True	3.1971941846635505e-08
Llama-3.1-8B-Instruct	tulu	layers.1.mlp.up_proj	0.9789498239537929	0.8320363880910474	0.8080856544220525	0.05674274568460502	0.7925714864720869	0.00012898477135833063	0.6380290942029042	1.9177296506356356e-07	15.333477988908685	True	2.027066571761803e-08
Llama-3.1-8B-Instruct	tulu	layers.1.self_attn.k_proj	0.8479614608066958	0.693143564894923	0.6034784310569948	0.24198619710745617	0.8834081165455135	0.0001035243263845429	0.36133684166736	2.9237647636293218e-08	11.504617428180612	True	4.8168696163767244e-08
Llama-3.1-8B-Instruct	tulu	layers.1.self_attn.o_proj	0.9454659523653549	0.8048254447994425	0.7590190367550657	0.11059013872210777	0.821189892514566	0.00013308195760853157	0.5177210052595702	2.4097822703961214e-07	14.302500513186931	True	3.9922639977127626e-08
Llama-3.1-8B-Instruct	tulu	layers.1.self_attn.q_proj	0.9137485145392221	0.7539659068490991	0.6868136222726221	0.17019817747024568	0.8351531286105753	0.00012796320992558758	0.4235517567679118	2.3676900418045932e-07	13.358975020431231	True	2.998637135280242e-08
Llama-3.1-8B-Instruct	tulu	layers.1.self_attn.v_proj	0.8744106033449767	0.7370483303951613	0.659683797937586	0.198912966776417	0.8426316763498607	0.00016838718365574408	0.3934453693599549	2.2733416749076696e-07	12.233496542818173	True	2.4016235247539413e-08
Llama-3.1-8B-Instruct	tulu	layers.10.mlp.down_proj	0.8783218077378177	0.7714935118240325	0.6886636936902	0.20319909418707005	0.8598047970417267	0.00013262567857767163	0.37302661629959954	5.684911259518088e-07	12.343172916081361	True	3.7525572487051406e-08
Llama-3.1-8B-Instruct	tulu	layers.10.mlp.gate_proj	0.8141947534196902	0.3895724902941854	0.35019844749673457	0.19192462990589076	0.9843898106617756	0.00015315240484923263	0.2992436076082554	1.0416419848890968e-07	10.60661150481164	True	3.144730678304455e-08
Llama-3.1-8B-Instruct	tulu	layers.10.mlp.up_proj	0.9557921844506821	0.8291166469193854	0.7863650765137173	0.10046686521929471	0.7773175537066239	0.0001385824852233948	0.542962227811338	1.3983184876664723e-07	14.616614829261561	True	2.302380481520521e-08
Llama-3.1-8B-Instruct	tulu	layers.10.self_attn.k_proj	0.8971009155257069	0.7500925724518026	0.6827096985419978	0.17159556579586766	0.8499153249010425	0.0001418109579531434	0.4624162371090012	2.2318005710175726e-07	12.876634835622419	True	3.430874944806297e-08
Llama-3.1-8B-Instruct	tulu	layers.10.self_attn.o_proj	0.9431126526820507	0.8627521718318379	0.8214377130935672	0.09348049419440663	0.7644091708764669	0.00016650890096228384	0.5443618880668303	2.565436196810822e-07	14.231375913877113	True	2.849697024997365e-08
Llama-3.1-8B-Instruct	tulu	layers.10.self_attn.q_proj	0.9341115071391	0.7781050335477908	0.7258585102474251	0.12978313346949688	0.877127315723732	0.00014428325541246523	0.46552039530071426	3.0965511466085616e-07	13.961019987475144	True	5.5569528684883626e-08
Llama-3.1-8B-Instruct	tulu	layers.10.self_attn.v_proj	0.9111438267796773	0.8091099280587734	0.7400838399429746	0.16334428434492132	0.7816609111580284	0.00014800768618754352	0.48603244381678207	6.930207829825008e-08	13.282930719349281	True	4.2493251924834385e-08
Llama-3.1-8B-Instruct	tulu	layers.11.mlp.down_proj	0.8657806777498457	0.7136055923491006	0.614474900946622	0.2585330343483938	0.8673299922662192	0.00011793547398497268	0.3438946917360751	2.0583841631172106e-07	11.993213807299934	True	3.77774135437023e-08
Llama-3.1-8B-Instruct	tulu	layers.11.mlp.gate_proj	0.8367816556837226	0.4481048888882652	0.40142833984540155	0.19747846643814237	0.9799009934882402	0.00016234580028590175	0.3256266362769593	6.203039015773015e-08	11.20325494346127	True	3.0007499402827365e-08
Llama-3.1-8B-Instruct	tulu	layers.11.mlp.up_proj	0.901983164351893	0.6833920047341201	0.617854212778528	0.18260450952356	0.8511185947544304	0.00016145314524521008	0.42175993727116023	1.613994233817806e-07	13.017173519138806	True	2.089447949108128e-08
Llama-3.1-8B-Instruct	tulu	layers.11.self_attn.k_proj	0.8991223289004124	0.7513052160336393	0.6870196705023912	0.16380891003617937	0.8241044663506327	0.0001109714025532845	0.4512776048304536	2.297061363343289e-08	12.934734643712464	True	3.64552778576565e-08
Llama-3.1-8B-Instruct	tulu	layers.11.self_attn.o_proj	0.9230816429844378	0.7973401243789807	0.7524930458626996	0.10932811733384384	0.8731804106815941	0.00014856710125116173	0.5148931886991852	1.6598378493881683e-07	13.633270687117305	True	2.8514570586738084e-08
Llama-3.1-8B-Instruct	tulu	layers.11.self_attn.q_proj	0.940859293078728	0.801135553297809	0.752924482630253	0.11673539510162267	0.8151194698549645	0.00013379226110681088	0.5056679563794365	3.945891484669062e-07	14.163447918942596	True	2.4923826831648747e-08
Llama-3.1-8B-Instruct	tulu	layers.11.self_attn.v_proj	0.885630132561775	0.7376652987805222	0.6441044950204995	0.2375805759779871	0.855316686691049	0.00013177770906551238	0.3598010712854258	1.2670870641606768e-07	12.549454669546522	True	4.216852915391242e-08
Llama-3.1-8B-Instruct	tulu	layers.12.mlp.down_proj	0.8798186633749068	0.7436764433527221	0.6550151204593777	0.22422710636227317	0.8556851271118635	0.00017227225225694844	0.3780342099960144	5.7138714648630184e-08	12.385292303838117	True	2.578091191146939e-08
Llama-3.1-8B-Instruct	tulu	layers.12.mlp.gate_proj	0.8492803039823243	0.46546938217352796	0.4161856037160982	0.20054896563241809	0.9684701665172519	9.979621626457259e-05	0.33703728097346575	3.225750289104212e-08	11.540433185313592	True	2.2161461283231162e-08
Llama-3.1-8B-Instruct	tulu	layers.12.mlp.up_proj	0.9652366379131225	0.8866025289866616	0.858789058386786	0.06175756027283208	0.7880096879755382	0.00012922467387577793	0.6003705625246035	6.928391993454852e-07	14.906887369627578	True	3.806279065476761e-08
Llama-3.1-8B-Instruct	tulu	layers.12.self_attn.k_proj	0.8841738139492271	0.7385015061714598	0.6634705571456431	0.1928754838357596	0.8878142174224071	0.00016780343089711162	0.4496099617229517	1.1229828467129721e-07	12.508210170868946	True	3.4478385063378783e-08
Llama-3.1-8B-Instruct	tulu	layers.12.self_attn.o_proj	0.9487958701241719	0.8325341647597548	0.7944726262450272	0.08934527203206755	0.8222879151315475	0.00018817524515938415	0.5560448336452971	1.5804992914425497e-07	14.403421693530237	True	3.308449474656601e-08
Llama-3.1-8B-Instruct	tulu	layers.12.self_attn.q_proj	0.9038158380674768	0.6933382216694273	0.6325501049881253	0.16766227354187346	0.8996177146146663	0.0001712691227945151	0.45822920437192344	2.7577159800173945e-07	13.070121514140695	True	3.5885125338979664e-08
Llama-3.1-8B-Instruct	tulu	layers.12.self_attn.v_proj	0.8996301022522891	0.7236071957659214	0.6468697785077886	0.20085061572272933	0.838183028756118	0.00017288711541685997	0.4057214206338186	4.6227654104669114e-07	12.949336774647971	True	2.5361196575231838e-08
Llama-3.1-8B-Instruct	tulu	layers.13.mlp.down_proj	0.8881432795797879	0.7717696528842151	0.6922826980842326	0.19537863474993966	0.805123119538168	0.00014595951234283542	0.42440264884511614	2.782089723041281e-07	12.620768469705565	True	3.7635563003805325e-08
Llama-3.1-8B-Instruct	tulu	layers.13.mlp.gate_proj	0.8248523648861477	0.43694974516250523	0.3829910235312953	0.2317294078857326	0.9720021033590895	0.00012788397541021245	0.30954261483309453	7.442345606456513e-08	10.886104224060556	True	3.2406311903757985e-08
Llama-3.1-8B-Instruct	tulu	layers.13.mlp.up_proj	0.9225885777813528	0.7270281664728219	0.6642881992716708	0.16514586641395346	0.8626074701009573	9.90886799160916e-05	0.4347395813715433	1.0753762702542247e-07	13.618711878877578	True	2.2297130789984484e-08
Llama-3.1-8B-Instruct	tulu	layers.13.self_attn.k_proj	0.9201136838223534	0.6701608060218245	0.6203568197761478	0.14311000452381406	0.9058599241809253	0.00014462504775874724	0.46942989867306684	7.4052544096758766e-09	13.545746574566545	True	2.3830760299310996e-08
Llama-3.1-8B-Instruct	tulu	layers.13.self_attn.o_proj	0.9431240028284086	0.8266193268270254	0.787780455207516	0.09176278458158238	0.8062763019516935	0.00017177774271088665	0.5461680823054328	5.520470613973316e-08	14.231724164116951	True	2.876997684978747e-08
Llama-3.1-8B-Instruct	tulu	layers.13.self_attn.q_proj	0.9320506647228783	0.8095491630022851	0.763447955668189	0.11065059920068232	0.8568072175795585	0.00016208437298183303	0.5515785187436443	4.1809122164337964e-08	13.899493538356062	True	2.1521522190156192e-08
Llama-3.1-8B-Instruct	tulu	layers.13.self_attn.v_proj	0.93079403569949	0.825530828129888	0.7684495329096173	0.13350889254564646	0.8004072065992608	0.00014583293224510748	0.4630807838579551	8.606277923650651e-08	13.862042681504228	True	2.776927676809555e-08
Llama-3.1-8B-Instruct	tulu	layers.14.mlp.down_proj	0.9208200002073891	0.8366082590700616	0.7748835467205367	0.14211596910414603	0.7529222571685225	0.00019384252281851434	0.4972335985224616	1.3658726971677027e-07	13.566547348713263	True	4.2540428413842014e-08
Llama-3.1-8B-Instruct	tulu	layers.14.mlp.gate_proj	0.8318753087493913	0.42615466813266195	0.37574419311290996	0.22259012141811485	0.9666316528597327	0.00014580135758473362	0.3072531067829819	1.5222117610846908e-07	11.07226086267033	True	2.2971329464046967e-08
Llama-3.1-8B-Instruct	tulu	layers.14.mlp.up_proj	0.9635991554836898	0.8559067181975533	0.8243122906764151	0.07246420195730563	0.8090352184499755	0.000146511525921882	0.5917148579514656	4.5277303906132715e-08	14.856371654967777	True	3.2804700201599564e-08
Llama-3.1-8B-Instruct	tulu	layers.14.self_attn.k_proj	0.9048562078808184	0.7207520229830859	0.657719569597805	0.16725930655336718	0.891004616888456	0.00018178996969223953	0.440685785474818	5.569047223374923e-08	13.100234218999503	True	5.654372697032694e-08
Llama-3.1-8B-Instruct	tulu	layers.14.self_attn.o_proj	0.9588524905896737	0.8691009181167632	0.8326141639893129	0.08220186305484312	0.744872804235803	0.00010908504256832597	0.5991336507199088	1.9830741493365167e-07	14.710375238665996	True	2.618142918616436e-08
Llama-3.1-8B-Instruct	tulu	layers.14.self_attn.q_proj	0.9321137973742342	0.7238412286305612	0.6711875985804523	0.14019252815390415	0.872260386355949	0.0001441643204854652	0.4816284344407601	2.103356602223272e-07	13.901383659082216	True	1.9569939076387912e-08
Llama-3.1-8B-Instruct	tulu	layers.14.self_attn.v_proj	0.933851587180133	0.8178948650634015	0.7652893114154646	0.12449963352877502	0.8463978588349912	0.0001951648736312018	0.5285011176459002	3.6746476483884294e-07	13.953249803934131	True	3.516224708948964e-08
Llama-3.1-8B-Instruct	tulu	layers.15.mlp.down_proj	0.9436468884800947	0.8656956613481739	0.8163935181438533	0.11065838663263916	0.7989730654775697	0.00017802610078790408	0.5525115690291876	1.0515700199498212e-07	14.247507754209526	True	3.947182065874822e-08
Llama-3.1-8B-Instruct	tulu	layers.15.mlp.gate_proj	0.7744716248415366	0.35498599959509625	0.3076187177281665	0.24906375820945703	0.9770229446576035	0.00012163225811815545	0.25925267982998784	3.187293604600683e-07	9.59690673860551	True	5.14353234419182e-08
Llama-3.1-8B-Instruct	tulu	layers.15.mlp.up_proj	0.9296378164976467	0.7315297482155246	0.6741939892480042	0.1506126884509027	0.8351022979826065	0.00013763166852326288	0.4623681349716233	2.2516961784013745e-07	13.82761702875158	True	3.2304059871006823e-08
Llama-3.1-8B-Instruct	tulu	layers.15.self_attn.k_proj	0.9196375124661836	0.7357936461106924	0.6820791456210615	0.14067494166564465	0.8895750766742221	0.00018765393811982724	0.5042513320431905	2.5567800099324245e-08	13.531730684806643	True	2.8577620881641113e-08
Llama-3.1-8B-Instruct	tulu	layers.15.self_attn.o_proj	0.9764279544110736	0.9178518599166032	0.8983250296504659	0.04209637618370643	0.7840936882391902	0.00016424214005432428	0.6860702336237099	2.207002358645127e-08	15.254585064324633	True	4.2031291644051485e-08
Llama-3.1-8B-Instruct	tulu	layers.15.self_attn.q_proj	0.9105312676595501	0.6633295408113762	0.5957643286316125	0.1933403840661425	0.874597878874922	0.0001324867929536421	0.4227031342921625	1.716628241776874e-07	13.26507024309353	True	1.5134353534341558e-08
Llama-3.1-8B-Instruct	tulu	layers.15.self_attn.v_proj	0.9370324286071001	0.8175050093679872	0.765773878979889	0.12255429730347289	0.8118097765412217	0.00013435219921722975	0.5124881127268398	1.2817613459503718e-07	14.04847250124088	True	2.3333287724471836e-08
Llama-3.1-8B-Instruct	tulu	layers.16.mlp.down_proj	0.9408419967285323	0.8710738651444959	0.8227188473167113	0.10794234287994986	0.7562615597216252	0.0001699104344676774	0.5392131342970203	5.052052931553419e-08	14.162936765014198	True	3.128774868620805e-08
Llama-3.1-8B-Instruct	tulu	layers.16.mlp.gate_proj	0.7784590490792653	0.3543782030306913	0.3015258506691584	0.2760391195439873	0.9833991618460256	8.109539458877026e-05	0.25789186400534153	1.7651277262054066e-07	9.695972370802842	True	1.3733673446625274e-08
Llama-3.1-8B-Instruct	tulu	layers.16.mlp.up_proj	0.9209444676489603	0.6951463698229441	0.6336132321425498	0.1692010129390814	0.8621613286531903	0.00010232466534299186	0.42136403601242345	5.437964694099406e-07	13.57020449894425	True	4.0518536574065117e-08
Llama-3.1-8B-Instruct	tulu	layers.16.self_attn.k_proj	0.8855250909505686	0.6190913262748968	0.544843552120251	0.2254772255299905	0.9035890978305858	0.0001745813113044235	0.386058001602211	4.7495432964339557e-07	12.546462686852403	True	3.359780997090314e-08
Llama-3.1-8B-Instruct	tulu	layers.16.self_attn.o_proj	0.9583304280773508	0.8516437201722695	0.8186215411471287	0.07604580812176698	0.7697631896019992	0.00014086589821453378	0.5980493086082068	7.971245952198558e-08	14.694352715833562	True	6.265185084405114e-08
Llama-3.1-8B-Instruct	tulu	layers.16.self_attn.q_proj	0.8919204951317076	0.6589159029021093	0.5872872286767433	0.20559652618989732	0.8497647252039578	0.00014353854548321678	0.397240888151701	2.461109392948302e-07	12.728360717106408	True	4.8426889371275255e-08
Llama-3.1-8B-Instruct	tulu	layers.16.self_attn.v_proj	0.9315408029517748	0.8371821888364199	0.7790459450703997	0.1340632274194089	0.7329838090853543	0.0001591647118219329	0.46111845055352685	1.9541903417685802e-07	13.884297355799623	True	3.797057863970348e-08
Llama-3.1-8B-Instruct	tulu	layers.17.mlp.down_proj	0.9466460301626556	0.8996616923222751	0.8550796329768928	0.09665287404322565	0.7697365614969239	0.00018264600761691148	0.5445311888318348	6.730464507942457e-08	14.338220754504356	True	3.8794596882206945e-08
Llama-3.1-8B-Instruct	tulu	layers.17.mlp.gate_proj	0.7698113358678845	0.3529264918898986	0.30852106906922216	0.23581037589828824	0.9803781673360816	0.0001138518825896445	0.2651929216531569	1.477470725763652e-07	9.48174896058479	True	3.787829667678527e-08
Llama-3.1-8B-Instruct	tulu	layers.17.mlp.up_proj	0.9397617333165302	0.7294246983666012	0.681405762233975	0.12732873745172868	0.8739182267628146	0.00017997530283027835	0.4891738367278902	4.2192074434233007e-07	14.130421464958594	True	3.7070140503670744e-08
Llama-3.1-8B-Instruct	tulu	layers.17.self_attn.k_proj	0.8689973427257007	0.5197761200750858	0.45310490112556123	0.24008525081857524	0.9417922647007513	0.00012831840863164923	0.35205502982033376	5.162946048464789e-08	12.082503155309652	True	3.643836214071306e-08
Llama-3.1-8B-Instruct	tulu	layers.17.self_attn.o_proj	0.9751297598142594	0.9059787687965098	0.8860663720551206	0.04347468473061478	0.7583297175191627	0.0001577552607441836	0.7045664371325785	2.1029157437624235e-07	15.214041998208474	True	3.9394956307816e-08
Llama-3.1-8B-Instruct	tulu	layers.17.self_attn.q_proj	0.8483291574523601	0.48097355829711375	0.411200205692161	0.2690894283710119	0.9564660985177786	0.00015777942826191167	0.32035906004218584	4.7527675284264603e-07	11.514586518259717	True	1.8380877955949564e-08
Llama-3.1-8B-Instruct	tulu	layers.17.self_attn.v_proj	0.9450766244848886	0.857274755599594	0.8132174674081989	0.10014335795836249	0.7766700305496992	0.00015244657167095304	0.5477191341855928	4.167475997629566e-07	14.290704975011892	True	2.3647251553606246e-08
Llama-3.1-8B-Instruct	tulu	layers.18.mlp.down_proj	0.9393908565563042	0.901361380646659	0.8497831618619132	0.11117072602882083	0.7177292852175523	0.00017238882030988056	0.4683527059726797	5.138255889658438e-07	14.119267972823788	True	2.908746820219206e-08
Llama-3.1-8B-Instruct	tulu	layers.18.mlp.gate_proj	0.7487856456671583	0.33637799381498673	0.284959946928724	0.28235032861940346	0.9843971807665673	7.885880657320832e-05	0.24079381536724456	4.049147204199244e-07	8.97087176985008	True	7.065232932555595e-08
Llama-3.1-8B-Instruct	tulu	layers.18.mlp.up_proj	0.9349807433764858	0.7081436703167092	0.657734636899773	0.13730223997522806	0.8778484776963258	0.00015424245817743376	0.46931747301801846	2.6896247562469e-07	13.987015991030038	True	4.704230770326111e-08
Llama-3.1-8B-Instruct	tulu	layers.18.self_attn.k_proj	0.8723980551250999	0.6372581527249301	0.5662566987456465	0.2104204260664183	0.9318890964580063	0.00019606908922098525	0.39911069772831914	2.453759293530311e-07	12.177247421238132	True	4.827285872958644e-08
Llama-3.1-8B-Instruct	tulu	layers.18.self_attn.o_proj	0.9524536974677752	0.8628978445246637	0.8260938479469468	0.08348409176887717	0.7731244699921189	0.00017742315189211007	0.5185195813560667	2.0746623508038908e-07	14.514682253599469	True	3.2244241893171475e-08
Llama-3.1-8B-Instruct	tulu	layers.18.self_attn.q_proj	0.8399093134331581	0.439194084467358	0.37953618121168164	0.2532187535759115	0.9653328851790657	0.0001615538289583951	0.3125878308671713	7.515180433514956e-07	11.287145217084321	True	4.876861679824258e-08
Llama-3.1-8B-Instruct	tulu	layers.18.self_attn.v_proj	0.9168110713216676	0.7967787623824227	0.7269173047799908	0.16767197878914275	0.7707356518974378	0.00016093277076929759	0.4555713817034933	2.0984334425655504e-07	13.448685943889444	True	1.9719522216658108e-08
Llama-3.1-8B-Instruct	tulu	layers.19.mlp.down_proj	0.9401316598149287	0.882438289175941	0.830248630164252	0.11478727663238097	0.7334466856183912	0.00015348704889364025	0.4890586406740758	1.5951638254740885e-07	14.141555759811204	True	3.100948712346749e-08
Llama-3.1-8B-Instruct	tulu	layers.19.mlp.gate_proj	0.7506010320255568	0.337324137280302	0.29675726583943096	0.2260589443242721	0.9869325401277468	0.00015958256087763602	0.25298100479147867	7.415145353295571e-08	9.014431655744822	True	1.5697539339172302e-08
Llama-3.1-8B-Instruct	tulu	layers.19.mlp.up_proj	0.9142768575258341	0.670257608380211	0.6024972570506487	0.19197156700656215	0.8955128709032633	0.0001563667853545891	0.40715958050003337	3.7864883051241804e-07	13.374424299882294	True	4.469261574312916e-08
Llama-3.1-8B-Instruct	tulu	layers.19.self_attn.k_proj	0.8937219206511618	0.6521886998179224	0.582359783017265	0.20267347594318808	0.9169514671910446	0.00014339330508391854	0.41019352924954844	1.4390505853612012e-07	12.779818002303157	True	3.827666814270827e-08
Llama-3.1-8B-Instruct	tulu	layers.19.self_attn.o_proj	0.9645280231503608	0.8838510385675837	0.8547183920229553	0.06483564351451876	0.7835124407946227	0.00012053186412111544	0.6083464852494026	1.1080999806623026e-07	14.885025404009367	True	2.9235664396181327e-08
Llama-3.1-8B-Instruct	tulu	layers.19.self_attn.q_proj	0.8744844324268609	0.5384045638967097	0.46633152282809065	0.24980859850573556	0.9470702346642982	9.713743082080897e-05	0.34971565420310496	2.789176567485896e-07	12.235561420030761	True	1.6930337498230254e-08
Llama-3.1-8B-Instruct	tulu	layers.19.self_attn.v_proj	0.9396050595684787	0.8378293888151284	0.7900384146323174	0.11082910768657439	0.7933939451773987	0.00016313457977456066	0.5368128880571418	2.0584249438293512e-07	14.125716496194595	True	3.280538452208922e-08
Llama-3.1-8B-Instruct	tulu	layers.2.mlp.down_proj	0.9112726743012748	0.8376339374073318	0.7617414568965459	0.17299781918857282	0.7794749714803002	0.0001363884410046939	0.40698529903333375	4.2472353212197334e-07	13.28667465736561	True	3.231802012015202e-08
Llama-3.1-8B-Instruct	tulu	layers.2.mlp.gate_proj	0.9505280751456756	0.631043339722388	0.594483750188384	0.11251381538093275	0.9326833374026176	0.00015954260959376434	0.4922362153676591	4.407962375108099e-07	14.456044833936886	True	3.923689641768438e-08
Llama-3.1-8B-Instruct	tulu	layers.2.mlp.up_proj	0.9627839948874155	0.806314562092175	0.7650861981409747	0.09964925441416628	0.770856233536817	0.0001649247443318918	0.5273952843232843	7.061326501300869e-08	14.831245835003978	True	3.365576291229164e-08
Llama-3.1-8B-Instruct	tulu	layers.2.self_attn.k_proj	0.9312995880473157	0.7704556757790891	0.722399920328662	0.12085590967137283	0.8850930338063058	0.00015751735251972148	0.5351519742399335	8.003035456560781e-09	13.877102640956748	True	3.421164354714245e-08
Llama-3.1-8B-Instruct	tulu	layers.2.self_attn.o_proj	0.9246085899617367	0.7069019267457031	0.6614124628144067	0.12455993768979401	0.8998156326254818	0.00015756244262281024	0.4989863076793071	4.8757664794507605e-08	13.678415040661985	True	4.220537466100594e-08
Llama-3.1-8B-Instruct	tulu	layers.2.self_attn.q_proj	0.9481925502681404	0.8759861733394725	0.8345444598248548	0.0923791703956135	0.7792906852926096	0.00017856971950128457	0.5469814731767769	6.378580852395288e-08	14.385107174575376	True	2.5872561645597903e-08
Llama-3.1-8B-Instruct	tulu	layers.2.self_attn.v_proj	0.8476921819795544	0.6550046986196782	0.5662350950658774	0.25268321661990856	0.8680574756315169	0.00011818142102413859	0.3603761854887007	5.110256480200803e-07	11.49730065481287	True	4.8048177514259816e-08
Llama-3.1-8B-Instruct	tulu	layers.20.mlp.down_proj	0.9328128070568789	0.8570484277599711	0.8020204595388374	0.12429028152832289	0.7651982588807603	0.00013812529717129924	0.510096846951276	1.727936207451819e-07	13.922230651186904	True	3.787148725621199e-08
Llama-3.1-8B-Instruct	tulu	layers.20.mlp.gate_proj	0.7735397651241611	0.3567339743881427	0.3145977711411234	0.22228166429435758	0.987767725019472	0.00013438019271869584	0.27061511588472764	3.001765132015777e-07	9.573825866443554	True	4.716567844456502e-08
Llama-3.1-8B-Instruct	tulu	layers.20.mlp.up_proj	0.9127703352592538	0.6390803221881267	0.5726515595636593	0.19708419901664787	0.9120745651653692	0.00019477756619213767	0.4002595245710766	3.592261954565856e-08	13.330393495410798	True	3.754272252500839e-08
Llama-3.1-8B-Instruct	tulu	layers.20.self_attn.k_proj	0.9016081097927784	0.7766842321111848	0.7043094405574772	0.17768532140795312	0.8222840627204533	0.0001318781811319266	0.44887330939285913	7.825877308409446e-07	13.006334354897728	True	3.648152268146062e-08
Llama-3.1-8B-Instruct	tulu	layers.20.self_attn.o_proj	0.9587471027590422	0.8479348202652377	0.8113890691201373	0.0843418492007767	0.8031153479446899	0.00016512302808617153	0.5559828350217342	3.164963724433534e-07	14.707126402276831	True	4.2568141062275606e-08
Llama-3.1-8B-Instruct	tulu	layers.20.self_attn.q_proj	0.8713273542963946	0.538100552078217	0.4758960893200739	0.21783676799347007	0.9450025732710836	0.00013365403480475479	0.36487139575305516	2.66388348824087e-07	12.147387988373325	True	4.039947220498812e-08
Llama-3.1-8B-Instruct	tulu	layers.20.self_attn.v_proj	0.912784146331513	0.7536875270532024	0.6810295198418832	0.18351310549875532	0.8199843192305234	0.00014021162828836456	0.4158574025089031	2.1337956557232474e-07	13.33079241359421	True	2.4554259608328087e-08
Llama-3.1-8B-Instruct	tulu	layers.21.mlp.down_proj	0.9112395278500252	0.8414827487693107	0.7706648483944292	0.16123429128961142	0.7419359144165644	0.00013958054056872985	0.40996364498864163	2.575612485511414e-07	13.285712531249041	True	3.684731115151917e-08
Llama-3.1-8B-Instruct	tulu	layers.21.mlp.gate_proj	0.7255004792036682	0.295789441605869	0.25666945708249933	0.2470206798214949	0.9933486744379421	0.00014841079831131324	0.2287118691576164	5.595791721102472e-07	8.421605514590802	True	3.621793501593194e-08
Llama-3.1-8B-Instruct	tulu	layers.21.mlp.up_proj	0.9111471312760687	0.6466668919306083	0.5777333271516564	0.20183332902953632	0.89939487904494	0.00013014625782466582	0.4047745282325079	3.58098637409654e-08	13.28302434100662	True	5.4006840298434957e-08
Llama-3.1-8B-Instruct	tulu	layers.21.self_attn.k_proj	0.8484148606630038	0.47265956179073504	0.40905197305417923	0.25103747550877487	0.9591484458999975	9.320744138673343e-05	0.3234916958497475	2.2057626836158306e-07	11.516929393368496	True	3.250936287949312e-08
Llama-3.1-8B-Instruct	tulu	layers.21.self_attn.o_proj	0.9542254225977251	0.874618924760763	0.8398054875122818	0.07802387337705541	0.7517800094305267	0.00016675379642404914	0.583214776997441	3.41042971641059e-09	14.568738009627188	True	4.442634873282232e-08
Llama-3.1-8B-Instruct	tulu	layers.21.self_attn.q_proj	0.9285805812377942	0.7238044744082405	0.6711841175101837	0.14011412479388596	0.8786340586505703	0.00011037429160040472	0.4862899456099689	5.650075423080381e-07	13.796174575669063	True	3.000712137091078e-08
Llama-3.1-8B-Instruct	tulu	layers.21.self_attn.v_proj	0.9368970305963055	0.8175489269853964	0.7644330284645386	0.12571831520630627	0.795074973014396	0.00013222250131445125	0.5099682684855136	1.3271514520685201e-07	14.0444202173215	True	4.6863785604745806e-08
Llama-3.1-8B-Instruct	tulu	layers.22.mlp.down_proj	0.9118511227626839	0.815007553240279	0.738432167435144	0.1790854621015735	0.7949733612006635	0.00017675905467156604	0.39918097852030027	3.016550422785258e-07	13.30355107951607	True	3.851716636778514e-08
Llama-3.1-8B-Instruct	tulu	layers.22.mlp.gate_proj	0.7159300621816568	0.2990079746362911	0.2586535878859737	0.25170736349197953	0.9918024465006472	0.000166354893828495	0.22517380553198368	9.25178607058541e-08	8.200891918557744	True	3.117546090187291e-08
Llama-3.1-8B-Instruct	tulu	layers.22.mlp.up_proj	0.9320129372372061	0.6895060666361142	0.6404866874647033	0.1371326593537725	0.9035008799716189	0.0001618706696302065	0.4694969622882563	2.2780278530198927e-07	13.898375810850444	True	4.0270903451578016e-08
Llama-3.1-8B-Instruct	tulu	layers.22.self_attn.k_proj	0.9236391430597174	0.7673554461770702	0.7198633503199229	0.11995077045350411	0.8701951048871158	0.00017561455984599895	0.48271415488013986	1.4948311488627297e-07	13.649751925323292	True	4.755024963770903e-08
Llama-3.1-8B-Instruct	tulu	layers.22.self_attn.o_proj	0.9664832283420393	0.8775131292911077	0.8477509091353799	0.06668277254729382	0.7927203415609426	0.00015710576779366886	0.6025386849557718	5.8869116470461336e-08	14.945438681426095	True	4.087579038259234e-08
Llama-3.1-8B-Instruct	tulu	layers.22.self_attn.q_proj	0.8685235747023955	0.5656529823017226	0.4964842030421078	0.22960987508909558	0.9359018389103637	0.00013740248511694708	0.3490219536182893	3.467718252547769e-07	12.069322598555486	True	4.410399616512861e-08
Llama-3.1-8B-Instruct	tulu	layers.22.self_attn.v_proj	0.8955696384994661	0.7507622180946443	0.6793789046229035	0.181121822841259	0.8678102672871559	0.00019933106590797292	0.4174709434836915	5.920450409924172e-07	12.832703933470247	True	1.966118711918983e-08
Llama-3.1-8B-Instruct	tulu	layers.23.mlp.down_proj	0.93510559955424	0.8701425277505527	0.8119535714471189	0.12927381966257723	0.7405192084700583	9.22869797671043e-05	0.44683867890844253	1.5910013451136962e-07	13.990764049789929	True	2.8878789457030493e-08
Llama-3.1-8B-Instruct	tulu	layers.23.mlp.gate_proj	0.7008945110651513	0.2805800686557393	0.2405941416452022	0.2647137202582157	0.9922978693262349	0.0001909097288532872	0.2135184259982746	5.4753234701721e-07	7.860040956532917	True	4.90474559610189e-08
Llama-3.1-8B-Instruct	tulu	layers.23.mlp.up_proj	0.8919297018518891	0.5859504004486414	0.5207235129488377	0.2102444873694369	0.9255529578963024	0.00010172433767829577	0.37673864517316297	5.932888718085394e-07	12.728602253535264	True	4.0373181443705995e-08
Llama-3.1-8B-Instruct	tulu	layers.23.self_attn.k_proj	0.9073295415130608	0.7774925276099977	0.7082418232598062	0.17020523439838142	0.8154918611936516	0.00016992081962600108	0.5048684045219208	1.6377019851354646e-07	13.17194565577732	True	4.528558694343022e-08
Llama-3.1-8B-Instruct	tulu	layers.23.self_attn.o_proj	0.9718920759147085	0.8955605152342969	0.8711036128732557	0.0538723059531937	0.7068035637609623	0.0001277217139212307	0.6534503386793928	3.871931003596174e-07	15.113198772524186	True	3.303133506180431e-08
Llama-3.1-8B-Instruct	tulu	layers.23.self_attn.q_proj	0.8984134412226419	0.5865078449975004	0.5224584168893033	0.20648377859933864	0.9299623687410299	0.00013122285866848377	0.39679270514984344	2.46568719441953e-07	12.914340790988605	True	2.5855605900967995e-08
Llama-3.1-8B-Instruct	tulu	layers.23.self_attn.v_proj	0.8568880768997051	0.5899897459552546	0.5060321426932921	0.2643567064690373	0.8905958031345372	0.00013474838741401023	0.3561189358721051	1.3297245704535499e-07	11.74811148366327	True	2.9526721231971163e-08
Llama-3.1-8B-Instruct	tulu	layers.24.mlp.down_proj	0.9462905095584969	0.8951667927833137	0.8485031633672249	0.1015394654391113	0.7206812498836072	0.00017922430959159036	0.4962782310944946	3.711823803875802e-07	14.327440559281584	True	3.213488669561223e-08
Llama-3.1-8B-Instruct	tulu	layers.24.mlp.gate_proj	0.6787870094994393	0.24998808728921262	0.2152420790650008	0.2586629094048475	0.9930630464991533	0.00013325742710774526	0.198630041886081	2.9235307730246518e-08	7.372029168381034	True	3.328109459923468e-08
Llama-3.1-8B-Instruct	tulu	layers.24.mlp.up_proj	0.8862330361974894	0.5477056666076102	0.47985673180535987	0.23241104807461266	0.945537633980575	0.00013845385644129096	0.3577421286046546	1.2993601239408292e-07	12.566540404578628	True	2.1008462216163358e-08
Llama-3.1-8B-Instruct	tulu	layers.24.self_attn.k_proj	0.8788806255308502	0.601061787830524	0.5284205161182527	0.22710392079070196	0.9320909649470117	0.00010698682824890208	0.36316016818560604	3.415533604833598e-07	12.358906763924615	True	2.985170541947282e-08
Llama-3.1-8B-Instruct	tulu	layers.24.self_attn.o_proj	0.953599552274915	0.8193346922899345	0.7865479897044062	0.07843120138840642	0.8239364031597144	0.0001540989826524007	0.6056980483344062	7.116022104902697e-08	14.549631281369832	True	5.765670395010665e-08
Llama-3.1-8B-Instruct	tulu	layers.24.self_attn.q_proj	0.9367531813545816	0.741401507717372	0.700686043679503	0.10681791262471751	0.893900896924401	0.000154540081822467	0.5380358553675466	1.504666610196992e-07	14.040108254268263	True	2.0343689400061155e-08
Llama-3.1-8B-Instruct	tulu	layers.24.self_attn.v_proj	0.8597427557982629	0.6505830418253712	0.5605173077381271	0.257711764903229	0.9143419142080954	7.619733311609591e-05	0.3445539916477586	1.9531795825145082e-07	11.826517009833521	True	3.085201594633903e-08
Llama-3.1-8B-Instruct	tulu	layers.25.mlp.down_proj	0.9507590854975733	0.8846852503672703	0.8402034868620228	0.09803146882872193	0.7224881208513557	0.00013586514912851367	0.5170027952098057	1.6809568625930638e-08	14.463084665283482	True	4.0208269389793824e-08
Llama-3.1-8B-Instruct	tulu	layers.25.mlp.gate_proj	0.6728862296485595	0.23864025497519267	0.2082945267081525	0.23815204207074736	0.992776496850031	0.00015113183144550515	0.19500708048624005	2.861615799876205e-07	7.244409737197967	True	1.2336387144495717e-08
Llama-3.1-8B-Instruct	tulu	layers.25.mlp.up_proj	0.8668451692702802	0.4860019276004235	0.42403570154461434	0.23874726973585547	0.9556208246271224	0.0001334317498916671	0.33274156961910417	1.7286458597887133e-07	12.02272438913558	True	5.052288523771443e-08
Llama-3.1-8B-Instruct	tulu	layers.25.self_attn.k_proj	0.7920290608112913	0.4427307134601578	0.3590171357375181	0.342416279469523	0.9548069653869475	7.45922641656779e-05	0.2744757977473894	7.454879753510113e-07	10.036945510018198	True	3.940290246197657e-08
Llama-3.1-8B-Instruct	tulu	layers.25.self_attn.o_proj	0.9561489938717258	0.8541744434304032	0.8162999889510943	0.08671476917779075	0.7606493548168849	0.00018406924993550136	0.5599201850892552	1.926413339958799e-08	14.627533316534466	True	3.6267718786694536e-08
Llama-3.1-8B-Instruct	tulu	layers.25.self_attn.q_proj	0.948689269456542	0.8705479648880827	0.820777447402984	0.11107438603660047	0.7366142033611351	0.0001282623149550277	0.5394844568334405	3.498455669603828e-07	14.400170967137505	True	3.6034346995494756e-08
Llama-3.1-8B-Instruct	tulu	layers.25.self_attn.v_proj	0.8944532909905538	0.7143639966164383	0.6416059374792409	0.1933267939565283	0.8159204980739397	0.00017106934756657097	0.4178776747719708	4.39845799338201e-07	12.800735400909154	True	2.9532709611702843e-08
Llama-3.1-8B-Instruct	tulu	layers.26.mlp.down_proj	0.9386926858648952	0.8425830229772941	0.7898747800500352	0.1211978998359059	0.7774553843667363	0.00019021760779407642	0.4943189928983872	3.349862691681693e-07	14.098312271305268	True	3.10171604809282e-08
Llama-3.1-8B-Instruct	tulu	layers.26.mlp.gate_proj	0.6826987015902473	0.2522687929702023	0.22252881501834082	0.22188201747470304	0.9932310081881028	0.00018738549150153726	0.2046883821874328	3.096206986352712e-07	7.457244630433538	True	3.2796370276861696e-08
Llama-3.1-8B-Instruct	tulu	layers.26.mlp.up_proj	0.8855304895751395	0.49953087050704964	0.44669850077365414	0.20034192884739432	0.9565149802561947	0.00013958717571366155	0.3595242491865721	1.997227079275632e-07	12.546622711317784	True	3.574066196312654e-08
Llama-3.1-8B-Instruct	tulu	layers.26.self_attn.k_proj	0.8125752204086893	0.38542594467767904	0.33594059649212604	0.2402983197407661	0.9779776553163652	0.00013778114216329623	0.292418815485671	1.495379884364212e-07	10.564452461029648	True	2.1745582814535976e-08
Llama-3.1-8B-Instruct	tulu	layers.26.self_attn.o_proj	0.9160960136615549	0.7135068233222114	0.657046604419637	0.15199953748048411	0.8927788014031104	0.00012538430723191317	0.43136433123326884	2.813494914821746e-07	13.427717844607528	True	3.160858579859286e-08
Llama-3.1-8B-Instruct	tulu	layers.26.self_attn.q_proj	0.8408172426903077	0.4156221811495567	0.36463775013981736	0.23029231616563017	0.9748252239164203	0.00017340529578661873	0.3070330885137871	5.136790077742148e-07	11.311566208521779	True	1.453844929475123e-08
Llama-3.1-8B-Instruct	tulu	layers.26.self_attn.v_proj	0.9005812647613012	0.7179006491426417	0.6443820666404155	0.19432813348526667	0.874486187513652	0.0001694034979015101	0.4297595469356356	1.3267532361638246e-07	12.976742015237173	True	3.998260405469264e-08
Llama-3.1-8B-Instruct	tulu	layers.27.mlp.down_proj	0.9327935271139797	0.8621790887420688	0.8133872518606464	0.10998002786464245	0.7766283133333823	0.00019389420900334272	0.49913211394414697	2.2349007577915359e-07	13.921653481524023	True	2.487054835976926e-08
Llama-3.1-8B-Instruct	tulu	layers.27.mlp.gate_proj	0.6938712294911812	0.25410154458364786	0.22043513025006825	0.24742981864786529	0.9930750106577457	0.0001404146460583509	0.20389520292799673	2.158946437180731e-07	7.703313051760553	True	8.851781695940362e-09
Llama-3.1-8B-Instruct	tulu	layers.27.mlp.up_proj	0.8914162691617381	0.5171237209231127	0.4714946366905628	0.1686869569705154	0.9651695203289441	0.0001528477718068999	0.3898411433035818	1.8938081325359235e-07	12.713962326228893	True	1.2012876790565201e-08
Llama-3.1-8B-Instruct	tulu	layers.27.self_attn.k_proj	0.883966221251932	0.6487345510570109	0.5839144478944918	0.18985196119855818	0.9005028996734021	0.00014838068188301223	0.389410713776004	1.7483874292789636e-07	12.502344581556885	True	3.254847649478539e-08
Llama-3.1-8B-Instruct	tulu	layers.27.self_attn.o_proj	0.9344736112259805	0.7337085623363151	0.6892658026308401	0.11747647879714662	0.8449868617218084	0.00010589227683577213	0.5143037351631886	1.4916890278549033e-07	13.971850556243206	True	3.960556982866758e-08
Llama-3.1-8B-Instruct	tulu	layers.27.self_attn.q_proj	0.9033913080386692	0.6281070705103754	0.5702725575275238	0.17567668831028782	0.9158382101228464	0.00015973612951750374	0.4141225991999874	5.8643158551419106e-08	13.057851822350317	True	4.50927239263394e-08
Llama-3.1-8B-Instruct	tulu	layers.27.self_attn.v_proj	0.8549344652534642	0.5333448479275219	0.4698802594374845	0.22382760750859254	0.9340363726882126	0.00013321432201723028	0.3537271049558446	3.4832002082652025e-07	11.694598683591348	True	2.6037299543001277e-08
Llama-3.1-8B-Instruct	tulu	layers.28.mlp.down_proj	0.8699278394033635	0.7808716512246384	0.6714762566562835	0.26056158628622395	0.7392166221123282	0.00012886207411840468	0.3265590896810843	7.448029464285355e-07	12.108372894528644	True	3.9362861876436795e-08
Llama-3.1-8B-Instruct	tulu	layers.28.mlp.gate_proj	0.6633844528281615	0.24945455013491108	0.21489778939740012	0.25786820904375896	0.9934057502607001	0.00015697667319272308	0.19415729119668776	5.729998222570032e-07	7.041254673279725	True	2.8886781023481023e-08
Llama-3.1-8B-Instruct	tulu	layers.28.mlp.up_proj	0.892119747592852	0.5064868888373019	0.4612988471533861	0.17047720740404626	0.9676169978836276	0.00012748326101477396	0.37873060235626704	4.914413964662856e-08	12.734040846161724	True	3.055647785273433e-08
Llama-3.1-8B-Instruct	tulu	layers.28.self_attn.k_proj	0.9096252675737517	0.7833333482649832	0.7141495337713626	0.16883914272825928	0.8527981888258429	0.00013591520874005206	0.4284746494194264	2.570643649058013e-07	13.238682987592187	True	3.4361441196224854e-08
Llama-3.1-8B-Instruct	tulu	layers.28.self_attn.o_proj	0.9675495578320343	0.8843485350019864	0.8540487481204295	0.06735063379940698	0.764709959464148	0.00016644218085882983	0.6072198333120996	2.767763764843778e-07	14.978425643477987	True	3.197376781185983e-08
Llama-3.1-8B-Instruct	tulu	layers.28.self_attn.q_proj	0.895676735072593	0.5638184900427613	0.4987076135925057	0.21762787499206815	0.9377694379299479	0.00011357548079399682	0.38081061444467335	3.1617288764884677e-07	12.835780737777943	True	2.7891345360308022e-08
Llama-3.1-8B-Instruct	tulu	layers.28.self_attn.v_proj	0.8827470505700299	0.7535498451828254	0.6810815906217403	0.18308981010224512	0.8473920548056216	0.0001441736526243751	0.3781438245977817	1.832895595299533e-07	12.467872855021287	True	3.888821775290664e-08
Llama-3.1-8B-Instruct	tulu	layers.29.mlp.down_proj	0.8695495497816875	0.8017170599305308	0.7072930831931704	0.22168290084700493	0.7911120854841363	9.639545416101719e-05	0.34830387473101543	2.1592315890828218e-07	12.097857375578494	True	2.910491506096692e-08
Llama-3.1-8B-Instruct	tulu	layers.29.mlp.gate_proj	0.7421155143512792	0.30322314164768455	0.2657026449902387	0.232166476855578	0.9927865383651238	0.00014098019958023677	0.23795141737504716	5.80821552187416e-07	8.81177704725335	True	8.234314739152343e-08
Llama-3.1-8B-Instruct	tulu	layers.29.mlp.up_proj	0.8344584861008616	0.4187485458782409	0.3637024448338894	0.24562755423599025	0.9667149863926442	0.00017094105794553162	0.30412556200030644	2.4121693975587277e-07	11.14112973999938	True	3.1028654117465723e-08
Llama-3.1-8B-Instruct	tulu	layers.29.self_attn.k_proj	0.8757247216966347	0.5973181540435626	0.5190737470186944	0.24482657228856997	0.9166570274938829	7.793476270661694e-05	0.367298310342623	1.4972611994679141e-07	12.270296862154531	True	3.288767834206372e-08
Llama-3.1-8B-Instruct	tulu	layers.29.self_attn.o_proj	0.9304086736037588	0.69046689471736	0.6401595495704142	0.14041122488650049	0.8766032533197103	0.00014276433432010326	0.4621027218703789	6.324947110503132e-08	13.850566268458184	True	5.0549464787224805e-08
Llama-3.1-8B-Instruct	tulu	layers.29.self_attn.q_proj	0.9304680810471	0.7572468808163751	0.685003772112058	0.18170303605245652	0.7923011215050894	0.00014290676211902063	0.43756450858016044	6.087722159708875e-08	13.852335001245743	True	3.1248290967201163e-08
Llama-3.1-8B-Instruct	tulu	layers.29.self_attn.v_proj	0.8466205865298227	0.4945857549091143	0.4426607208672602	0.19895158285792014	0.9637987863282749	0.00015825977878006667	0.3459934896217135	1.302218088916618e-07	11.468259406506535	True	4.5151222888793236e-08
Llama-3.1-8B-Instruct	tulu	layers.3.mlp.down_proj	0.8875421456052887	0.8047515310104731	0.7155343866474996	0.20943534082897652	0.7890313042649035	0.00015466248721063844	0.4052531806924786	1.0154333729417431e-07	12.603694102481237	True	2.5442197097560908e-08
Llama-3.1-8B-Instruct	tulu	layers.3.mlp.gate_proj	0.8980051371698875	0.4864468122414454	0.44912480769523344	0.14756089381708726	0.9688841789326091	0.00012197098731784529	0.3831998998688162	5.185619260661412e-07	12.902598048589331	True	1.588350481563752e-08
Llama-3.1-8B-Instruct	tulu	layers.3.mlp.up_proj	0.9595557127448305	0.841687247961387	0.8043665504450828	0.08671461145110837	0.7449503820806583	0.0001619345178869334	0.5692417432397667	1.961755979884572e-08	14.731953689456939	True	3.722406495779615e-08
Llama-3.1-8B-Instruct	tulu	layers.3.self_attn.k_proj	0.9133956456038501	0.7731061296041833	0.7042470043217232	0.17020314713451845	0.828771232317725	0.00016764455827134432	0.44502496564384325	2.7856981588136875e-07	13.348657874301603	True	3.2464661012236504e-08
Llama-3.1-8B-Instruct	tulu	layers.3.self_attn.o_proj	0.9287014881921697	0.8003366462422782	0.7472943037395801	0.12815769734522608	0.7896831686396798	0.00015601964698838775	0.5065378894647994	2.289499905216985e-07	13.799776611891316	True	3.071502405770222e-08
Llama-3.1-8B-Instruct	tulu	layers.3.self_attn.q_proj	0.9499865934875672	0.8046208248140873	0.7547362850410393	0.1201514503212473	0.7974332199723467	0.0001845740643005753	0.5056749315133947	2.5025508487708237e-07	14.439584725815847	True	2.9282579135486407e-08
Llama-3.1-8B-Instruct	tulu	layers.3.self_attn.v_proj	0.8940625141095575	0.7508134585010467	0.6701761764669769	0.2032650416795625	0.8281471262134723	0.00016957034329458516	0.43894081775749955	2.08043124838575e-07	12.789569419985432	True	2.396168026367402e-08
Llama-3.1-8B-Instruct	tulu	layers.30.mlp.down_proj	0.8255964734039748	0.6269785032465328	0.5376057485240824	0.2647712073730716	0.908299571192033	0.0001495855035028188	0.32291697835938254	5.484796696819672e-07	10.905740383171048	True	2.765850110842449e-08
Llama-3.1-8B-Instruct	tulu	layers.30.mlp.gate_proj	0.6632700508047811	0.2559489757736267	0.21902511335278524	0.26771348691781927	0.9915013510198488	0.00014796325747896654	0.1954368130084001	3.359903555377741e-07	7.038829680652574	True	2.38256893712176e-08
Llama-3.1-8B-Instruct	tulu	layers.30.mlp.up_proj	0.8355419166131749	0.4493356914371878	0.38891011232639267	0.2508709509509912	0.9658382495017521	0.00013885221840276367	0.3132522249716596	6.171510580355033e-08	11.170085874049356	True	5.8264865630064306e-08
Llama-3.1-8B-Instruct	tulu	layers.30.self_attn.k_proj	0.7761973669447093	0.33296403722071066	0.29275733417317257	0.2269262797559084	0.9890323868080901	0.0001444833287438854	0.261501000160606	7.2584035559764e-08	9.639718837376462	True	1.3753077364855017e-08
Llama-3.1-8B-Instruct	tulu	layers.30.self_attn.o_proj	0.9458852835738387	0.7433625972770699	0.6978083263599201	0.11880731487330876	0.8445535887577515	0.0001555132438529822	0.49712672128305385	1.0722554066866508e-07	14.315180098795283	True	4.864068731823845e-08
Llama-3.1-8B-Instruct	tulu	layers.30.self_attn.q_proj	0.8074378014458078	0.38050799516890627	0.33133992580773924	0.24173681930173607	0.9796042549251816	0.0001363610738146798	0.28952086391491966	1.9556169772450005e-07	10.431288577373799	True	3.2438858368186486e-08
Llama-3.1-8B-Instruct	tulu	layers.30.self_attn.v_proj	0.8850529092977569	0.6578392293854417	0.5815643230745973	0.21845142521971472	0.8856888836163386	0.00014887772151910773	0.42387054417793896	1.566736274050129e-08	12.533097765590783	True	3.754307669040486e-08
Llama-3.1-8B-Instruct	tulu	layers.31.mlp.down_proj	0.9327401370405729	0.8202422402005786	0.7785286885965179	0.09912407557088365	0.8163067450420686	0.00017362909566655298	0.5234353030770668	1.5890172044841222e-07	13.920061768450465	True	5.058969815471399e-08
Llama-3.1-8B-Instruct	tulu	layers.31.mlp.gate_proj	0.6652599922631788	0.2604308017308898	0.21743938276124689	0.3029054019112465	0.9926816358936928	0.00016126376539138377	0.19508942315105088	3.289793792937701e-08	7.081133066834736	True	6.02251659364521e-08
Llama-3.1-8B-Instruct	tulu	layers.31.mlp.up_proj	0.8829599019242621	0.5445608972101169	0.4751844716171917	0.23856721229455657	0.9237893096585903	0.00014820245036515584	0.35237855408987806	3.7995282231584326e-07	12.473881261546937	True	1.7090430657860577e-08
Llama-3.1-8B-Instruct	tulu	layers.31.self_attn.k_proj	0.8773404277402231	0.6747712035401309	0.5974414080881587	0.21606950504021927	0.9094518981683127	0.0001633605233874173	0.40758014115596086	4.413767382693834e-07	12.31560841804706	True	5.42527379350601e-08
Llama-3.1-8B-Instruct	tulu	layers.31.self_attn.o_proj	0.9300576917862027	0.7588785150749522	0.7067583760572091	0.13264394759429943	0.8573839965306583	0.00012835660174343418	0.46209180386118803	1.848445068119986e-07	13.840111616251482	True	3.0343686050976166e-08
Llama-3.1-8B-Instruct	tulu	layers.31.self_attn.q_proj	0.9091131815460624	0.5994091304756741	0.5489542783731376	0.16126331206632916	0.9374883887700164	0.00011078430839644086	0.42665498061594775	2.2638700958310665e-07	13.223782280089418	True	1.4304894492375839e-08
Llama-3.1-8B-Instruct	tulu	layers.31.self_attn.v_proj	0.9322832696467651	0.8335884173698677	0.7807804815264668	0.12268702380779195	0.7530832605335387	0.0001613168280591126	0.5316668356028582	4.0782366050873264e-07	13.90644449867532	True	4.066556755618511e-08
Llama-3.1-8B-Instruct	tulu	layers.4.mlp.down_proj	0.884584147424979	0.800104739556603	0.7151305228613459	0.20112847118049393	0.7976314947153813	0.00014751076200219932	0.40937505789430084	4.671258946320478e-08	12.519826719252046	True	3.3307431906323086e-08
Llama-3.1-8B-Instruct	tulu	layers.4.mlp.gate_proj	0.9188934844194242	0.5651155118120913	0.5288782496345728	0.12413543395628535	0.9402523310540167	0.00018452292318745918	0.43288906084014217	1.7426530440900478e-07	13.5098386027501	True	2.504842041346609e-08
Llama-3.1-8B-Instruct	tulu	layers.4.mlp.up_proj	0.9588699479643925	0.8299746014930036	0.795324099532141	0.0817547723613331	0.7683602961649716	0.00018031346541904638	0.5591126658213393	3.388513791779957e-07	14.71089478583726	True	2.936431452215042e-08
Llama-3.1-8B-Instruct	tulu	layers.4.self_attn.k_proj	0.8708084895342392	0.7231522722157573	0.6297200599171588	0.24170962077977065	0.8365479578367472	0.00016257408963500406	0.37780111170270875	3.1506982578477505e-08	12.13291772189808	True	2.6814083847059375e-08
Llama-3.1-8B-Instruct	tulu	layers.4.self_attn.o_proj	0.9457812677254716	0.8270135458793023	0.784914290154326	0.09921898204544899	0.7986153930249664	0.0001384740993616058	0.5409433290533604	7.21385244872863e-08	14.312037092550431	True	2.572276683794275e-08
Llama-3.1-8B-Instruct	tulu	layers.4.self_attn.q_proj	0.9280204160269597	0.7769836373346667	0.7211205500571781	0.13862552543580298	0.8354853522982645	0.00015935729928493426	0.5152296120884202	3.498596463646919e-07	13.77954028926553	True	2.221363714739125e-08
Llama-3.1-8B-Instruct	tulu	layers.4.self_attn.v_proj	0.8081414868700301	0.5298964805991399	0.43819250398774245	0.31617052254249334	0.927076449365338	0.0001880091932419569	0.2974775255361647	1.708804464595204e-08	10.449482592567861	True	3.879271173790758e-08
Llama-3.1-8B-Instruct	tulu	layers.5.mlp.down_proj	0.8733578589614388	0.7939858707299208	0.7006560724050908	0.22127479376359993	0.8241099392288942	0.00010821437559900594	0.3485429075395639	8.52192714173583e-08	12.204060973999011	True	3.876876393753441e-08
Llama-3.1-8B-Instruct	tulu	layers.5.mlp.gate_proj	0.8116038685446877	0.3735257646125334	0.32377827365551837	0.2486292587618355	0.9782499380797548	0.00016533345236967	0.2776238898604276	3.844592282309378e-07	10.539205039105433	True	1.338076392364072e-08
Llama-3.1-8B-Instruct	tulu	layers.5.mlp.up_proj	0.9616847433025096	0.8725822678081926	0.8381838585338158	0.07728874146985598	0.7491396762560296	0.0001535909199236108	0.5751698284446097	1.4619172250540657e-07	14.79739605242586	True	4.598291433048769e-08
Llama-3.1-8B-Instruct	tulu	layers.5.self_attn.k_proj	0.897967175296156	0.7588586095121177	0.6929008289421481	0.16627959587965113	0.8780695691147965	5.999228767551148e-05	0.4324113187894219	2.965208636407368e-07	12.90151306897945	True	2.7457384785389918e-08
Llama-3.1-8B-Instruct	tulu	layers.5.self_attn.o_proj	0.9426030102661536	0.8358856476088616	0.7949901146663592	0.0954559521353785	0.8023866403463491	0.000159079062779043	0.5614293313541132	5.19295306533607e-07	14.215991835053138	True	4.1282342239239005e-08
Llama-3.1-8B-Instruct	tulu	layers.5.self_attn.q_proj	0.945042029596787	0.8255687213924248	0.7765604359880478	0.11520214679350316	0.7940468792880363	0.0001280228269692394	0.5154610802699269	2.1418971607456427e-07	14.289676890468169	True	3.084661396118958e-08
Llama-3.1-8B-Instruct	tulu	layers.5.self_attn.v_proj	0.8752004634358663	0.6754289744999175	0.5923471076914537	0.23088165477027545	0.8797092152817719	0.00012185770485226258	0.36963317531753725	3.813628501880828e-08	12.255614371953584	True	3.9874133132295134e-08
Llama-3.1-8B-Instruct	tulu	layers.6.mlp.down_proj	0.9039973014909268	0.7900949519639184	0.7212238122136772	0.1667380701524408	0.8248250069767863	0.0001736221032619418	0.4312530960308302	6.086347870137843e-08	13.075379135119626	True	4.243274991568426e-08
Llama-3.1-8B-Instruct	tulu	layers.6.mlp.gate_proj	0.8841029389954235	0.5216010638422711	0.48014295821095326	0.15264735244779803	0.9641854980394067	0.00015665107482133297	0.36961408059178963	3.458537212175372e-08	12.506206935885038	True	1.959809962528496e-08
Llama-3.1-8B-Instruct	tulu	layers.6.mlp.up_proj	0.9653380484350476	0.8859319272959448	0.8551433892648943	0.06829767499186779	0.7315042821071521	0.00014010530057995127	0.5912547010420651	4.7628394561627374e-08	14.910039051143123	True	2.9457390702249684e-08
Llama-3.1-8B-Instruct	tulu	layers.6.self_attn.k_proj	0.8956044275545498	0.7204417570713729	0.6430655811203639	0.20326705196002104	0.8667184587329335	0.00016779349202217144	0.4201085176449738	3.813098299332296e-07	12.833706501917378	True	3.065356303521139e-08
Llama-3.1-8B-Instruct	tulu	layers.6.self_attn.o_proj	0.9480428778785136	0.8562398425337607	0.8160030162884526	0.09177665028368887	0.7619036357119617	0.000189173225496909	0.5494829979042171	1.737657639999668e-07	14.380569255809343	True	3.213228090924395e-08
Llama-3.1-8B-Instruct	tulu	layers.6.self_attn.q_proj	0.9083716616025017	0.6739106856420359	0.6124992787488596	0.17394972918652096	0.8819408671117609	0.0001693022696561746	0.4456988501420687	4.130195507823231e-08	13.202225921776506	True	4.827756271176226e-08
Llama-3.1-8B-Instruct	tulu	layers.6.self_attn.v_proj	0.862969891966824	0.6682627856861942	0.5782342032106964	0.2512910912892239	0.9094353787095278	0.00016603744047586955	0.3783037280087698	3.985375965909199e-07	11.91548172010182	True	4.9496884081203116e-08
Llama-3.1-8B-Instruct	tulu	layers.7.mlp.down_proj	0.8077006370862443	0.6755766623631794	0.5421758473665436	0.3559329868597405	0.828293744952799	0.0001347371789188627	0.2759280017195562	7.388328684410084e-07	10.438069492914936	True	4.422688966235312e-08
Llama-3.1-8B-Instruct	tulu	layers.7.mlp.gate_proj	0.869589322418857	0.47665828868035565	0.42861595894786364	0.19142115260171344	0.9655373123725572	0.00017615117844143718	0.34554518660519595	2.2310916847345652e-07	12.098963660436343	True	1.674326534342574e-08
Llama-3.1-8B-Instruct	tulu	layers.7.mlp.up_proj	0.9431347610040786	0.8111076829387815	0.768875695533616	0.10142312960207978	0.8252975244539014	0.00016378943736008862	0.5552514178260726	8.11843070547269e-09	14.23205068790842	True	4.5143969455573114e-08
Llama-3.1-8B-Instruct	tulu	layers.7.self_attn.k_proj	0.8728875850333639	0.7126249523762023	0.6234388737904273	0.23464009433438715	0.8520230878960886	0.00011170690357158277	0.36555912873210183	6.344536696012426e-08	12.190922078647334	True	2.6796717905362188e-08
Llama-3.1-8B-Instruct	tulu	layers.7.self_attn.o_proj	0.9331169216766143	0.844114954421934	0.7926086435853352	0.11831303627082324	0.7897102956814839	0.00016017995746307425	0.45637564919051715	2.193792025817487e-07	13.931308562384086	True	4.1304221531240554e-08
Llama-3.1-8B-Instruct	tulu	layers.7.self_attn.q_proj	0.9429295796467851	0.7822516590250065	0.7357173801793988	0.11543643759969457	0.8014988116364937	0.0001024520622190435	0.5230908998873043	2.467531652339261e-07	14.225851904896306	True	4.309190703709025e-08
Llama-3.1-8B-Instruct	tulu	layers.7.self_attn.v_proj	0.8998200622934669	0.7709620424399376	0.7006515885153619	0.17407953205672433	0.857715864637247	0.00016532659180742255	0.43897174025309427	1.2666352966483885e-07	12.954814676195262	True	3.9937027797173346e-08
Llama-3.1-8B-Instruct	tulu	layers.8.mlp.down_proj	0.8805884182680158	0.7678617707153284	0.6845560888654254	0.2052107519978511	0.8566179510418414	0.00010917647392529499	0.3775141471750636	3.251100930690143e-07	12.406967183057457	True	4.4082195627522384e-08
Llama-3.1-8B-Instruct	tulu	layers.8.mlp.gate_proj	0.8568864229096148	0.43968234198866424	0.40033648992179033	0.170966069911628	0.978753286920177	0.00017877097355103498	0.33602467544831127	3.960951389103684e-08	11.74806816214154	True	5.2800220244904774e-08
Llama-3.1-8B-Instruct	tulu	layers.8.mlp.up_proj	0.9437446146873443	0.8154128847535691	0.7616533332388851	0.12751181470973183	0.7916083326885766	0.00013546884773948668	0.48168405149692956	6.486908477043585e-08	14.250460253671376	True	2.1749677342749085e-08
Llama-3.1-8B-Instruct	tulu	layers.8.self_attn.k_proj	0.9151321372887053	0.7770815474705294	0.7145732578299578	0.15440905130491522	0.8594263054654092	0.00015633429406700675	0.46175206952207115	2.669608627492437e-07	13.39946177742425	True	3.195930063946605e-08
Llama-3.1-8B-Instruct	tulu	layers.8.self_attn.o_proj	0.9445095000279177	0.8476405045898648	0.8036628363655751	0.1010731161401015	0.8266518194382373	0.00012412293131761737	0.5175196631108485	1.4133230363810867e-07	14.273566875749532	True	3.39415790323942e-08
Llama-3.1-8B-Instruct	tulu	layers.8.self_attn.q_proj	0.9415697550873597	0.8281956280998288	0.7848387107121152	0.10196148278512418	0.8458205295806157	0.00015816447078765102	0.5351950637891656	1.5645223561122634e-08	14.184856860425413	True	4.392986695564369e-08
Llama-3.1-8B-Instruct	tulu	layers.8.self_attn.v_proj	0.8924116830695099	0.7854530807250019	0.7031994726346003	0.19847591343157656	0.8054625573145546	0.0001560693916360004	0.4019351308182535	2.8337407309564355e-08	12.742376760716992	True	3.5240597778870735e-08
Llama-3.1-8B-Instruct	tulu	layers.9.mlp.down_proj	0.8770124391902482	0.7746637441758498	0.6933965199037951	0.1988075388902938	0.8334277865285261	0.0001986441995772006	0.39061295080664554	2.435180079807253e-08	12.306412010939134	True	4.2266402769757706e-08
Llama-3.1-8B-Instruct	tulu	layers.9.mlp.gate_proj	0.8696990189439834	0.46535572467542197	0.42024820129368373	0.1844668766088221	0.9720883199189665	0.00013429704009477317	0.34719245434459806	3.008525402137252e-07	12.102014636720867	True	1.3585767107270493e-08
Llama-3.1-8B-Instruct	tulu	layers.9.mlp.up_proj	0.9545935198557162	0.8291121569233484	0.7898262470704683	0.09252105472610372	0.7496920880754734	0.00014962054244059835	0.5491839448935336	4.6127354136338283e-07	14.579966833307523	True	2.3030978455970196e-08
Llama-3.1-8B-Instruct	tulu	layers.9.self_attn.k_proj	0.8250889201399516	0.46741415677653003	0.3977338986452402	0.27592843832516223	0.9593590644014547	0.00016551885993122106	0.31640425205905015	4.7465856800599227e-08	10.892348353820527	True	4.0353516639819555e-08
Llama-3.1-8B-Instruct	tulu	layers.9.self_attn.o_proj	0.9394211732763617	0.8394656153050217	0.7949490623219333	0.10324712286726823	0.7840534502910574	0.00017042919696372736	0.49986356196036946	3.3672794108596804e-07	14.120184333339441	True	1.98967167820071e-08
Llama-3.1-8B-Instruct	tulu	layers.9.self_attn.q_proj	0.9315845913010546	0.7876881517533222	0.7343456679185065	0.13085457491416996	0.8363474058765243	0.0001043209720970971	0.48619667939724776	1.5290573895931914e-07	13.885593214503654	True	2.8876881609321048e-08
Llama-3.1-8B-Instruct	tulu	layers.9.self_attn.v_proj	0.9098279357118861	0.811202632366026	0.7419561042625339	0.1634387924604016	0.8135213972028592	0.00016598125726220218	0.43541332364591684	1.3263394016416186e-07	13.244593110107427	True	2.58270244965577e-08
Llama-3.1-8B-Instruct	commonsense	layers.0.mlp.down_proj	0.6536606504451452	0.7102103321099865	0.490386017091866	0.5232373949232672	0.8801419348972684	0.00019835076185471405	0.2008723090283738	8.362495829139505e-08	6.8363568094630605	True	2.5615194035788383e-08
Llama-3.1-8B-Instruct	commonsense	layers.0.mlp.gate_proj	0.8844802478191903	0.79656386363089	0.7140167353846989	0.19651905651537305	0.847865554647205	0.0001655738622237132	0.38943233570337876	1.8259753864491302e-07	12.516889168475934	True	2.2041636197185263e-08
Llama-3.1-8B-Instruct	commonsense	layers.0.mlp.up_proj	0.8962665054976092	0.771286044976721	0.6941816834734497	0.18994342157204946	0.8458900594820298	0.00015653609147312948	0.4245660162267387	8.667533579753695e-08	12.852695839070075	True	3.230712854296519e-08
Llama-3.1-8B-Instruct	commonsense	layers.0.self_attn.k_proj	0.6580944074409941	0.44973795643910264	0.3535285361014466	0.38208339571233885	0.9745088553456441	0.00014078092507951415	0.24154442315714628	3.955077276796004e-08	6.92941239647315	True	2.341677488704101e-08
Llama-3.1-8B-Instruct	commonsense	layers.0.self_attn.o_proj	0.8005069740357731	0.7302225845160754	0.6105794934283912	0.30084429319986683	0.8448708758129133	0.0001655942501966684	0.3199450002279238	3.7115920892283327e-07	10.252974755553439	True	4.857954430824684e-08
Llama-3.1-8B-Instruct	commonsense	layers.0.self_attn.q_proj	0.5764581602150883	0.3738373768808767	0.25187673675240885	0.546047225561685	0.9797662643228984	0.0001940178916838036	0.16495284606287403	4.3440074426470687e-07	5.316868586816959	True	2.7338659224950098e-08
Llama-3.1-8B-Instruct	commonsense	layers.0.self_attn.v_proj	0.8370915889868166	0.809035626754355	0.695951618189881	0.2600151903997381	0.8147375385505844	0.0001614710356418993	0.35449049287725226	1.1899605922849332e-07	11.211554293060098	True	3.1016916291799355e-08
Llama-3.1-8B-Instruct	commonsense	layers.1.mlp.down_proj	0.4594689883640498	0.988650713501544	0.6362463587790835	0.5858431474029822	0.7273021946755254	0.000190600934747722	0.11990277430916521	1.4002306081284388e-06	3.377778438237694	True	2.877441070522319e-08
Llama-3.1-8B-Instruct	commonsense	layers.1.mlp.gate_proj	0.8851927319460746	0.7694043453666387	0.6841978588932849	0.20922277631398023	0.8068491537819695	0.0001627598540476496	0.389977031221203	4.00740092887375e-07	12.53704838272826	True	2.1867070982768507e-08
Llama-3.1-8B-Instruct	commonsense	layers.1.mlp.up_proj	0.8800733381490545	0.7960756169381076	0.7012599105973683	0.22402205141877263	0.8373746152041895	0.00012647440861933854	0.4143232543394326	2.1873085254142666e-07	12.39245966887889	True	2.75701481470503e-08
Llama-3.1-8B-Instruct	commonsense	layers.1.self_attn.k_proj	0.6789835942343982	0.43389147958962987	0.3279127771852988	0.4288444056715518	0.9732731760220218	8.537328726993355e-05	0.22173690691023276	6.522979878464952e-07	7.376289862987298	True	3.116404344036118e-08
Llama-3.1-8B-Instruct	commonsense	layers.1.self_attn.o_proj	0.7726254942632088	0.6522558682595234	0.5274225112843023	0.34614517272458356	0.9088821578608445	0.0001830690744022757	0.27922586152674567	1.4603965747816972e-07	9.551199360357781	True	3.5882918759136317e-08
Llama-3.1-8B-Instruct	commonsense	layers.1.self_attn.q_proj	0.6499889403380867	0.4534238367221435	0.3203536730017928	0.5008274206942388	0.9609876403853235	0.00015863051990093813	0.2100337770167174	7.632429078752168e-07	6.75978010959335	True	3.498555412973763e-08
Llama-3.1-8B-Instruct	commonsense	layers.1.self_attn.v_proj	0.7267202945190602	0.6588990477164266	0.49943531069207053	0.4254593931711723	0.9082387642995	0.00020471124480400012	0.2583610538649542	2.6544171172204756e-07	8.449953343403347	True	3.7010930644092096e-08
Llama-3.1-8B-Instruct	commonsense	layers.10.mlp.down_proj	0.7279904777903075	0.5682890723429492	0.4455827302379187	0.3852223218995383	0.950008320687751	0.00018443104983576283	0.28281907780389925	6.174082389787117e-07	8.479511412980756	True	3.286306208413046e-08
Llama-3.1-8B-Instruct	commonsense	layers.10.mlp.gate_proj	0.7106126518948802	0.4324188299012808	0.316350697658523	0.4647848495769098	0.95792851765123	0.00016581079263010463	0.21988373278217216	1.8687245195714297e-07	8.079522214716487	True	3.0238851245043296e-08
Llama-3.1-8B-Instruct	commonsense	layers.10.mlp.up_proj	0.8608741860830924	0.7239880723307351	0.6220340653224676	0.2618144903349221	0.8392663603113646	0.00011984475299428624	0.34092703036356276	1.6138960723388607e-08	11.857670040659643	True	4.163998445466865e-08
Llama-3.1-8B-Instruct	commonsense	layers.10.self_attn.k_proj	0.7377285039595025	0.581690741779431	0.4571174562494295	0.38245116124873624	0.9522395254228319	0.00017895912950275045	0.2766025872522289	6.349121866033869e-07	8.707904307492608	True	2.1224729714313015e-08
Llama-3.1-8B-Instruct	commonsense	layers.10.self_attn.o_proj	0.8286185861331301	0.72509078358179	0.6227362270359769	0.2623956110349064	0.8490989946377986	0.00018342387934179176	0.338574443747376	8.03649067293577e-08	10.98573804522083	True	3.4434097849365534e-08
Llama-3.1-8B-Instruct	commonsense	layers.10.self_attn.q_proj	0.762396803688493	0.632582231700699	0.5041639385934695	0.36480133144442906	0.907997539635269	0.00014170924094950073	0.262365891870521	6.137856134458275e-08	9.299983135272349	True	3.077641965995987e-08
Llama-3.1-8B-Instruct	commonsense	layers.10.self_attn.v_proj	0.8581415152543423	0.7474621630031837	0.6594880612483192	0.22154152846074449	0.8919265042669902	0.00016133232077397277	0.4100665242292195	4.1905337422321054e-08	11.782508469071743	True	2.2186312221864132e-08
Llama-3.1-8B-Instruct	commonsense	layers.11.mlp.down_proj	0.6480597178338856	0.6117352503015274	0.4315936700269395	0.5022364175794953	0.9625453002522402	0.00018322667329734286	0.21949537016715143	7.369901301457205e-07	6.719712045188286	True	4.068887448297654e-08
Llama-3.1-8B-Instruct	commonsense	layers.11.mlp.gate_proj	0.7174281434784004	0.46251867705739763	0.33909445822969464	0.46249459601224785	0.9613445354600823	0.00014067554374187693	0.22910518592705179	1.509950209310773e-08	8.235249845209104	True	4.001497992050495e-08
Llama-3.1-8B-Instruct	commonsense	layers.11.mlp.up_proj	0.8784064410842676	0.7802517325652458	0.6876604136638027	0.22325482364979987	0.8024791144955891	0.0001442627276871316	0.40490592422753247	4.9180151062699906e-08	12.345566969194287	True	3.763701519846916e-08
Llama-3.1-8B-Instruct	commonsense	layers.11.self_attn.k_proj	0.7355201901844419	0.5271520328866627	0.4113550971967274	0.39107753760521935	0.9354305836585458	0.00019154171082285632	0.27272621470447445	8.337436263605724e-08	8.655840328486208	True	4.569273032557093e-08
Llama-3.1-8B-Instruct	commonsense	layers.11.self_attn.o_proj	0.8073371327833258	0.601026284245671	0.5094894343031009	0.28140625258196406	0.934605724092607	0.0001129138697188124	0.3368695569020977	6.806995100916424e-08	10.428690382810844	True	3.375087322439716e-08
Llama-3.1-8B-Instruct	commonsense	layers.11.self_attn.q_proj	0.9012158820960245	0.8496904243565595	0.7698378744416566	0.17912486745321088	0.7671422625744804	0.0001418141031294552	0.49545408936347185	1.7427159115790403e-07	12.995036267595774	True	4.547021761782599e-08
Llama-3.1-8B-Instruct	commonsense	layers.11.self_attn.v_proj	0.7894577958294163	0.6200330075861783	0.5111976670041614	0.3202517369492984	0.9331907795761774	0.0001546481277499532	0.33866269864411264	1.2010724215194557e-07	9.971899939239762	True	2.5463927011154536e-08
Llama-3.1-8B-Instruct	commonsense	layers.12.mlp.down_proj	0.6205177093273766	0.5221163998612193	0.3454971841624064	0.5621207608188056	0.9446155012377462	0.00016849692440572107	0.18683388524825217	4.704690370616049e-07	6.160669669703241	True	2.2090854923194774e-08
Llama-3.1-8B-Instruct	commonsense	layers.12.mlp.gate_proj	0.7396566212948227	0.4901152928610817	0.3781652690833624	0.40465765564524125	0.9562466367397665	0.00013630947561965955	0.2427638348623341	8.919862770628839e-07	8.753454900232224	True	2.0768681634443546e-08
Llama-3.1-8B-Instruct	commonsense	layers.12.mlp.up_proj	0.7259173966147047	0.5344857372984713	0.3997165381570199	0.44071651706177906	0.9434532786771165	0.0001415092565900042	0.23122816229930218	3.873769478524025e-07	8.43129036631398	True	3.1575692383732255e-08
Llama-3.1-8B-Instruct	commonsense	layers.12.self_attn.k_proj	0.6834602829876446	0.46151810414964867	0.3493209957391218	0.4271091379889701	0.9576881593807023	0.00019014705151100558	0.24572439912466518	6.472164117976575e-07	7.473877390084346	True	2.6971917330054668e-08
Llama-3.1-8B-Instruct	commonsense	layers.12.self_attn.o_proj	0.8906183377448466	0.7070415934234472	0.6477352369371001	0.1607233879470471	0.9065705116853562	0.0001895894161303824	0.47536676391646987	3.378482715810094e-07	12.691207344856975	True	2.300997382256896e-08
Llama-3.1-8B-Instruct	commonsense	layers.12.self_attn.q_proj	0.6860768200163643	0.5700631893103929	0.43757028407608123	0.41081776259800806	0.9509992110736334	0.00012184339072053507	0.21745597391713356	6.434225756635215e-07	7.53121264410556	True	3.231852623736428e-08
Llama-3.1-8B-Instruct	commonsense	layers.12.self_attn.v_proj	0.8046655851124807	0.7191016174439865	0.607029299535873	0.2874115542180957	0.8597987450871009	0.0001446122626887583	0.30325885466823554	6.42975285902736e-07	10.359773723018156	True	3.788077943727484e-08
Llama-3.1-8B-Instruct	commonsense	layers.13.mlp.down_proj	0.6878737522202683	0.5292120476641706	0.395266746060283	0.4421452798432326	0.9661931810037397	0.00021157611797005272	0.2542920548876605	6.021845178061369e-08	7.570725356792789	True	3.083348708600523e-08
Llama-3.1-8B-Instruct	commonsense	layers.13.mlp.gate_proj	0.7823503136388017	0.6143975973995595	0.4720174153211065	0.40977577927091446	0.8846365875661346	0.00010431506212987664	0.26152131269804585	1.522597835590389e-07	9.793155087653343	True	3.608675373101823e-08
Llama-3.1-8B-Instruct	commonsense	layers.13.mlp.up_proj	0.8697766766830042	0.6875786606318599	0.6021945385835347	0.23294086624481136	0.8758474541440558	0.00015156113586561532	0.36998295420119603	2.5798037484037195e-08	12.10418257425687	True	2.2419772733773675e-08
Llama-3.1-8B-Instruct	commonsense	layers.13.self_attn.k_proj	0.5845818670023982	0.38713037808452627	0.2511688322948948	0.5790631084590654	0.9710661178424287	0.00018476787340031294	0.17337796543215064	3.66046125188646e-07	5.467771158069234	True	3.378540429874285e-08
Llama-3.1-8B-Instruct	commonsense	layers.13.self_attn.o_proj	0.8376469133174321	0.674445491976885	0.5856494012166806	0.24598203244413486	0.8583369593357374	0.0001228025115160265	0.3858760265095043	6.05914254769857e-07	11.226423848439138	True	2.10447318227573e-08
Llama-3.1-8B-Instruct	commonsense	layers.13.self_attn.q_proj	0.7705996970855814	0.5871351734126552	0.4670199088130462	0.3673047227563957	0.9328920683268183	0.00019940138721334855	0.2827544083757947	4.363150782893399e-07	9.50117362158612	True	4.953923901757335e-08
Llama-3.1-8B-Instruct	commonsense	layers.13.self_attn.v_proj	0.8493793090599755	0.731089770824042	0.640701018331301	0.23198551039047632	0.8889644623433718	9.118356011855637e-05	0.4010269576476815	1.3523475916876748e-07	11.543120152510241	True	2.6891806525894442e-08
Llama-3.1-8B-Instruct	commonsense	layers.14.mlp.down_proj	0.621862833742877	0.4977648940951043	0.33566323209631216	0.5452643358914964	0.9542466235899988	0.00015984080823630456	0.19553661872178374	1.8288295544621747e-08	6.187413759454269	True	2.627499456104851e-08
Llama-3.1-8B-Instruct	commonsense	layers.14.mlp.gate_proj	0.7216920532463275	0.4010792608048561	0.3099842031996327	0.4026639665040347	0.9630549093507881	0.00016091230677084845	0.23802460175760712	5.084332446170237e-07	8.333422025747037	True	2.20430509533276e-08
Llama-3.1-8B-Instruct	commonsense	layers.14.mlp.up_proj	0.7627958799516255	0.4992224513196092	0.3847053569110888	0.40616163660818794	0.9333923312513775	0.00011882352943069377	0.25714911124556933	3.560995598395067e-07	9.309727370473011	True	4.627593893911975e-08
Llama-3.1-8B-Instruct	commonsense	layers.14.self_attn.k_proj	0.6889614073403507	0.5379031161017945	0.4024827891197962	0.4401308888787998	0.9487478997489615	0.00018725096971821051	0.2656202773193451	2.563345475881107e-07	7.594680973019742	True	4.508284380261271e-08
Llama-3.1-8B-Instruct	commonsense	layers.14.self_attn.o_proj	0.744980024858324	0.4694315378748897	0.36854515906133234	0.3836365250178112	0.968962002065245	0.0001870118372344753	0.2508262828046729	3.598315095887372e-07	8.879929879001171	True	3.180655759501852e-08
Llama-3.1-8B-Instruct	commonsense	layers.14.self_attn.q_proj	0.7428681759712787	0.48645516884702006	0.3770190622569317	0.3993230415278022	0.956082199062409	0.00018303640328352352	0.2657170013216124	7.607252834329614e-07	8.829636300260248	True	3.217791977105114e-08
Llama-3.1-8B-Instruct	commonsense	layers.14.self_attn.v_proj	0.8066783640308691	0.7111960731074242	0.5809472306588885	0.33274064460080743	0.8736143012093178	0.00012290744927844188	0.30507215533154697	8.13381275666103e-08	10.411677876914132	True	3.6103447815172004e-08
Llama-3.1-8B-Instruct	commonsense	layers.15.mlp.down_proj	0.641808952352599	0.5527644170192813	0.3795729533604971	0.5284688794674146	0.9534265998001156	0.00013274089947887602	0.22750373856737555	6.347487806479535e-07	6.590691218120875	True	3.2597533448147515e-08
Llama-3.1-8B-Instruct	commonsense	layers.15.mlp.gate_proj	0.7480660414997087	0.494690989855593	0.3870622954695236	0.3877994223291571	0.9669467383534063	0.00016083350074559013	0.25593044537575704	3.037087468182875e-07	8.953639168915169	True	2.3814273352762728e-08
Llama-3.1-8B-Instruct	commonsense	layers.15.mlp.up_proj	0.6913671681058694	0.5412662515308645	0.39189455900849657	0.47577639920418735	0.9344427652118303	0.00016536778822307639	0.21583911438326517	3.0924663529940943e-07	7.6478214991400035	True	2.7763807609153956e-08
Llama-3.1-8B-Instruct	commonsense	layers.15.self_attn.k_proj	0.48382580526355384	0.3571097949077594	0.1961701507365629	0.6982395442517051	0.97532520612074	0.00017560770120745973	0.1267178537630156	1.729038855424747e-07	3.7453997371102004	True	2.4412269730277294e-08
Llama-3.1-8B-Instruct	commonsense	layers.15.self_attn.o_proj	0.7669489906484876	0.634709795916318	0.5071839600473985	0.36147101177313046	0.8895239786486903	0.00017402894375825414	0.2721174802513881	7.285905501142054e-08	9.411370411667077	True	4.335560264862766e-08
Llama-3.1-8B-Instruct	commonsense	layers.15.self_attn.q_proj	0.562092891367857	0.3343818198925141	0.23491196229370484	0.5064570517006712	0.9845435842742251	0.00018355975022079583	0.18637769120454362	1.1281024736575773e-06	5.055163120599988	True	3.8360973799740474e-08
Llama-3.1-8B-Instruct	commonsense	layers.15.self_attn.v_proj	0.8175367824390231	0.7135268603124183	0.6003037898239212	0.2921821392432681	0.907364352155905	0.00014153753715559755	0.33027291063888053	4.7600427155458647e-08	10.693861017958481	True	3.791764670807518e-08
Llama-3.1-8B-Instruct	commonsense	layers.16.mlp.down_proj	0.7624531957186274	0.6467368126552109	0.5066645788543187	0.38625788819140694	0.9138059171832461	0.0001937938043962868	0.30752375171049323	1.4034092565839984e-07	9.301360271985441	True	3.472830613955658e-08
Llama-3.1-8B-Instruct	commonsense	layers.16.mlp.gate_proj	0.8176903911889313	0.5408675296800692	0.444587155062643	0.324334098443007	0.9225444544737285	0.00016306804338023066	0.31557009320531937	4.7817224624324695e-08	10.697879905928087	True	2.4876265308030184e-08
Llama-3.1-8B-Instruct	commonsense	layers.16.mlp.up_proj	0.828423212966014	0.5508078211381533	0.45032189148915946	0.33158540699926153	0.9234425836424335	0.00015360744365820126	0.3139625353472675	2.518477567603483e-07	10.980565588266836	True	4.527789803035373e-08
Llama-3.1-8B-Instruct	commonsense	layers.16.self_attn.k_proj	0.44728254695762837	0.2407227387332199	0.15975939627129748	0.5595479965407715	0.987302948455496	0.00016563987551720282	0.1171538679978623	3.6415510451526245e-07	3.200984409872305	True	1.656148570363992e-08
Llama-3.1-8B-Instruct	commonsense	layers.16.self_attn.o_proj	0.786629063086331	0.6012252980644868	0.5287685387165932	0.22650640554797874	0.9479844343103603	0.00012956498545361184	0.28484668904166155	4.2557087742700617e-07	9.900555933293292	True	2.2673654315161955e-08
Llama-3.1-8B-Instruct	commonsense	layers.16.self_attn.q_proj	0.4745600223384525	0.19864414490118976	0.14541132334605505	0.4641479253914813	0.9965217308340704	0.0001925611054275652	0.13010766543192268	5.253305326302637e-07	3.603311517359707	True	4.4716775632218987e-08
Llama-3.1-8B-Instruct	commonsense	layers.16.self_attn.v_proj	0.613346207381729	0.467543231942733	0.3050414394206515	0.5743289311143334	0.9468631298224407	0.0001793295611694764	0.17943776538339282	1.4525448421842668e-07	6.01909517958286	True	3.2622814960504155e-08
Llama-3.1-8B-Instruct	commonsense	layers.17.mlp.down_proj	0.6454213438766593	0.538850546946771	0.3819125992855602	0.4976674551383513	0.9427888156848854	0.00016352799367232482	0.2128769341079498	3.1011604961772576e-07	6.665103333781117	True	3.046000453136196e-08
Llama-3.1-8B-Instruct	commonsense	layers.17.mlp.gate_proj	0.7896919859432567	0.45141886901030875	0.3758920797424199	0.30662698868409966	0.9599007819491896	0.00018522015166974224	0.2942437391524778	3.440423168576956e-09	9.977814648959932	True	3.09376061907535e-08
Llama-3.1-8B-Instruct	commonsense	layers.17.mlp.up_proj	0.8740589237425712	0.6921053695325485	0.6253122726814384	0.18370061814165373	0.8953343375205775	0.0001331802264662191	0.4457407249733119	1.3085016303815422e-07	12.223667016910992	True	4.059671774406509e-08
Llama-3.1-8B-Instruct	commonsense	layers.17.self_attn.k_proj	0.45348402716342817	0.18215096898753286	0.12953601643848078	0.4942707151043878	0.9974680570212687	0.0001694128146434656	0.11819047068510809	9.007607353339608e-07	3.2903581841884257	True	4.341942418696474e-08
Llama-3.1-8B-Instruct	commonsense	layers.17.self_attn.o_proj	0.7377583496540483	0.46498705969926707	0.3643210160399054	0.38611543342862076	0.9649418484871497	0.00016727511552914367	0.23507483223913558	2.2022428614043577e-07	8.708594040385035	True	2.260662622178304e-08
Llama-3.1-8B-Instruct	commonsense	layers.17.self_attn.q_proj	0.6561959482025798	0.6117262280627844	0.4530515885635716	0.4514943416318351	0.9414185575184941	0.0001419903834572637	0.20510920630302937	1.7280832531607615e-07	6.889492201221874	True	2.855868858280146e-08
Llama-3.1-8B-Instruct	commonsense	layers.17.self_attn.v_proj	0.6400703760556955	0.4788290451618585	0.31387184297329773	0.5703213821609763	0.9563576180190654	0.00017099567702952417	0.18425734472448047	6.009427528930189e-07	6.555033310797105	True	2.7899312668900973e-08
Llama-3.1-8B-Instruct	commonsense	layers.18.mlp.down_proj	0.5204167257191921	0.35180587433383254	0.21757780946447103	0.6175074097369855	0.987792296636124	0.00014356831160975295	0.14196629878015413	6.336788793692705e-07	4.333331513331364	True	3.094930616631613e-08
Llama-3.1-8B-Instruct	commonsense	layers.18.mlp.gate_proj	0.7926141638410233	0.5336637964954356	0.4256371130272034	0.36387349006728	0.9368088140430895	6.881118715343548e-05	0.2721083839831868	1.876405688605587e-07	10.051791583699295	True	4.216361134781935e-08
Llama-3.1-8B-Instruct	commonsense	layers.18.mlp.up_proj	0.8428473731736595	0.5711952509727433	0.4850078911532423	0.2790113409447511	0.938475543780422	0.00012129006263360426	0.32731861467893286	1.1968180624322144e-07	11.366264223569255	True	2.4453259935543034e-08
Llama-3.1-8B-Instruct	commonsense	layers.18.self_attn.k_proj	0.5742039186858057	0.31223073223899406	0.24383602512749084	0.39011992492053804	0.9901405056520597	0.0001863708085794784	0.17183143268293438	1.5508011297349356e-07	5.2753636967191895	True	4.3134997475738825e-08
Llama-3.1-8B-Instruct	commonsense	layers.18.self_attn.o_proj	0.6641069947852523	0.4275515489911652	0.3033306196164576	0.49666684800633554	0.9734245909254785	9.859507772899116e-05	0.19524080531434093	4.971219719207554e-07	7.056616555762488	True	2.067216311511443e-08
Llama-3.1-8B-Instruct	commonsense	layers.18.self_attn.q_proj	0.7301077410050988	0.5781548364629674	0.46748620638050264	0.34619343631323063	0.9447989183479453	0.00015526805899325946	0.2668317867221133	2.904845350926166e-07	8.528911854957805	True	6.56987042649498e-08
Llama-3.1-8B-Instruct	commonsense	layers.18.self_attn.v_proj	0.7655953598974397	0.6366544606807234	0.49622525174620713	0.39249459125541863	0.906203081518863	0.00018216658407306266	0.28291308705657425	1.7208680369584783e-08	9.378180093104287	True	3.486208117003058e-08
Llama-3.1-8B-Instruct	commonsense	layers.19.mlp.down_proj	0.5734388468692911	0.4252372634888837	0.2634953797122963	0.6160423017654265	0.9774811621080166	0.00018345124628661066	0.16668307896459844	2.1229932634092563e-07	5.261311366568416	True	4.582054879199652e-08
Llama-3.1-8B-Instruct	commonsense	layers.19.mlp.gate_proj	0.8381692650721794	0.5247111958960217	0.4478023406614089	0.27166353036746094	0.9397822257266379	0.0001423126375168626	0.3481353754724771	3.7567227995083385e-08	11.240442398390227	True	2.126284610999553e-08
Llama-3.1-8B-Instruct	commonsense	layers.19.mlp.up_proj	0.861543962113433	0.6142664302064691	0.516464808056056	0.2930838481747915	0.8933056587973918	0.00010483003130230947	0.3470501877540993	9.987537830102866e-08	11.876130220220919	True	7.67596986659827e-08
Llama-3.1-8B-Instruct	commonsense	layers.19.self_attn.k_proj	0.48413182012390377	0.30942302817246203	0.20256246861152624	0.5714389493429362	0.982747831619548	0.00015191731615886358	0.1296392388320472	3.467918741062448e-07	3.7501352205215004	True	4.737576948205631e-08
Llama-3.1-8B-Instruct	commonsense	layers.19.self_attn.o_proj	0.5583916379207664	0.2622508237749494	0.18348877479048892	0.5104632735205692	0.9911631384914669	0.0001396002494663912	0.15136393119714642	3.32102327416095e-07	4.988822757172866	True	4.4910259469877515e-08
Llama-3.1-8B-Instruct	commonsense	layers.19.self_attn.q_proj	0.623365484477537	0.4205807023335919	0.31532106228885654	0.4379081631387717	0.983007893517654	0.00016833436504722955	0.2163434102979674	3.438960118895551e-07	6.217356535876379	True	2.5803069472749673e-08
Llama-3.1-8B-Instruct	commonsense	layers.19.self_attn.v_proj	0.6160440323007731	0.4930609092007988	0.3409566279668165	0.5218136993022341	0.9523966187869932	0.0001569716734343381	0.17511451639996126	2.475508034116558e-07	6.0721608397786095	True	4.011088385798197e-08
Llama-3.1-8B-Instruct	commonsense	layers.2.mlp.down_proj	0.667506332826281	0.5953954314295751	0.41588480215252205	0.5120951847457516	0.894068798240077	0.00015660412775461003	0.22225991885166826	5.823539517280096e-07	7.129026791736229	True	3.763783311335498e-08
Llama-3.1-8B-Instruct	commonsense	layers.2.mlp.gate_proj	0.8779657069641156	0.7090277955371893	0.6134138845370396	0.2515191692397467	0.8402016447698155	6.960525643820563e-05	0.3615112746097814	7.177235195054976e-07	12.33316275831875	True	2.5980998011031955e-08
Llama-3.1-8B-Instruct	commonsense	layers.2.mlp.up_proj	0.8600574806490658	0.6573794832502426	0.5504177258479079	0.2989442884018595	0.8631574031308968	0.00014384344064310227	0.3325309235498708	1.5458692348424563e-07	11.835178016317908	True	3.404951337762775e-08
Llama-3.1-8B-Instruct	commonsense	layers.2.self_attn.k_proj	0.7514498678383045	0.6542354693023671	0.5298971187260652	0.3439832250131736	0.9086767591702269	0.00018868277878894682	0.26605650959607935	6.156108689481243e-08	9.034829027948735	True	5.967729885498555e-08
Llama-3.1-8B-Instruct	commonsense	layers.2.self_attn.o_proj	0.8364548659388805	0.6740280207420408	0.5816319189481634	0.25536994598470797	0.8786554366179699	0.00017121774585420087	0.3945594965594419	1.610811106722565e-07	11.194503949425954	True	3.5513344027174225e-08
Llama-3.1-8B-Instruct	commonsense	layers.2.self_attn.q_proj	0.8184403165410378	0.7358134649928068	0.6315813882422174	0.2632448417122065	0.8572617591019484	0.00017874956193236755	0.34650905103688856	1.8203900509217164e-07	10.71751638740879	True	4.410092114188649e-08
Llama-3.1-8B-Instruct	commonsense	layers.2.self_attn.v_proj	0.8010781028642571	0.7229079126297818	0.5984539728233651	0.31467661388769097	0.8371385907420061	0.00011777567510739599	0.33065300544757126	4.1484086632515016e-07	10.267609368944605	True	4.538788852823808e-08
Llama-3.1-8B-Instruct	commonsense	layers.20.mlp.down_proj	0.6414549188641994	0.4565279090486074	0.3074070242015356	0.5465881058229849	0.9576310790865113	0.00019533987865201426	0.20805527961319947	2.9619340047304377e-07	6.583426455817347	True	3.244522865439535e-08
Llama-3.1-8B-Instruct	commonsense	layers.20.mlp.gate_proj	0.6896172424803914	0.3403082923063604	0.2510596964466456	0.4557368443489661	0.9752289590865273	0.00016822169960618074	0.20364353374882804	1.3031878065561386e-07	7.60915282592318	True	4.835626893753819e-08
Llama-3.1-8B-Instruct	commonsense	layers.20.mlp.up_proj	0.73098011008333	0.4462365342976378	0.3313098826545898	0.44876278058019214	0.9635022263873012	0.00018475095526569905	0.23005083941876492	1.5025016275593828e-07	8.5493078805161	True	2.176918915295118e-08
Llama-3.1-8B-Instruct	commonsense	layers.20.self_attn.k_proj	0.7400722459348058	0.48019607729874564	0.38335816050391397	0.3626584841717576	0.9695107313846365	0.000175101920886057	0.27481201770180924	4.874803503085445e-07	8.763302054681516	True	3.08665072267204e-08
Llama-3.1-8B-Instruct	commonsense	layers.20.self_attn.o_proj	0.5353440247400347	0.24933056096854234	0.16879227457294027	0.5416955196687884	0.9888131803226947	0.00020692810208575673	0.1434702550118339	6.307806046379483e-07	4.585485615977875	True	1.5716619649059515e-08
Llama-3.1-8B-Instruct	commonsense	layers.20.self_attn.q_proj	0.5917369652088889	0.28074440596440314	0.20062809278849836	0.4893053989845617	0.9851486229621699	0.00011910584777154316	0.16553487216526913	2.955586694275425e-07	5.602445408138761	True	1.4990498131085757e-08
Llama-3.1-8B-Instruct	commonsense	layers.20.self_attn.v_proj	0.6898062444022958	0.4361523716912708	0.32463781015562243	0.4459847447738684	0.970195089476613	0.00015929607907432542	0.21704066363126415	1.542798575560056e-07	7.6133199347084926	True	2.6146318510103325e-08
Llama-3.1-8B-Instruct	commonsense	layers.21.mlp.down_proj	0.7527549648879909	0.6227902069596352	0.4992046904478368	0.3574990639741986	0.9425967349240674	0.00013485141977062203	0.32630120277758073	1.8767026344068682e-07	9.06624383267602	True	3.289676922021072e-08
Llama-3.1-8B-Instruct	commonsense	layers.21.mlp.gate_proj	0.7027667252430726	0.37245377082226205	0.2757216884500475	0.4519791176696143	0.9710869757889306	0.00018912311915648389	0.21370463102387752	5.477266395992331e-07	7.902088182732483	True	4.166903204874963e-08
Llama-3.1-8B-Instruct	commonsense	layers.21.mlp.up_proj	0.8645917062052821	0.656678079970098	0.5715170536488499	0.2425510838253092	0.8699294268335167	6.460657509943278e-05	0.37739387879278186	1.3299570666980287e-07	11.960297863764216	True	2.76713154367873e-08
Llama-3.1-8B-Instruct	commonsense	layers.21.self_attn.k_proj	0.41820922582364894	0.19392495334847587	0.12253555744321616	0.6007390182061896	0.9963226020644863	0.00019300970962813442	0.10748507534916507	8.586347743921863e-09	2.798383248832568	True	2.278090511195695e-08
Llama-3.1-8B-Instruct	commonsense	layers.21.self_attn.o_proj	0.794607384860963	0.6118928262466807	0.5100214622816794	0.30525379853114554	0.9239435666232395	0.00016309923570934315	0.29516659290456404	1.6104382249970683e-07	10.102410814609321	True	3.839676537660955e-08
Llama-3.1-8B-Instruct	commonsense	layers.21.self_attn.q_proj	0.4716650942421861	0.2957185530474025	0.16110877804195264	0.7031881319155324	0.9877351858657379	0.0001698837031301148	0.12322162473426498	6.02876050415091e-07	3.559482983439978	True	2.922591717901196e-08
Llama-3.1-8B-Instruct	commonsense	layers.21.self_attn.v_proj	0.7266080277685836	0.5512776894454618	0.43706542470541654	0.37143228570422326	0.9460602591535526	0.0002012908005108624	0.29563368449705446	1.4399769865391931e-07	8.447344841217886	True	3.855959123654332e-08
Llama-3.1-8B-Instruct	commonsense	layers.22.mlp.down_proj	0.6302298576843011	0.4238344574912388	0.31265324331474875	0.4558315568567428	0.9774023955446474	0.00017264444642168907	0.20223602697123094	5.164029343029952e-07	6.3550411503716555	True	2.608331181921718e-08
Llama-3.1-8B-Instruct	commonsense	layers.22.mlp.gate_proj	0.8055488180177712	0.5375704464425072	0.44960671523174583	0.30048858076897733	0.935396109110821	0.00017520738159612504	0.30816553130579444	6.162977339574383e-07	10.382529255175397	True	2.941895930940608e-08
Llama-3.1-8B-Instruct	commonsense	layers.22.mlp.up_proj	0.8606471260531872	0.6111429495046752	0.5286891927066724	0.25163192254798306	0.9230447488713505	0.000161562116092156	0.3900854303650885	1.0728733790266176e-07	11.85141275697517	True	4.217455544129663e-08
Llama-3.1-8B-Instruct	commonsense	layers.22.self_attn.k_proj	0.43929890014129663	0.1978319480485675	0.13419908477296127	0.5398427669243234	0.9933378433965849	0.00016424187576308472	0.11403137520349829	3.3254053510844983e-07	3.0877342417588047	True	2.578522233842096e-08
Llama-3.1-8B-Instruct	commonsense	layers.22.self_attn.o_proj	0.7071501759790292	0.34562651224968555	0.2732042656420667	0.3751714662894149	0.9783949012593488	0.00016625529443208166	0.22301079558643594	3.3128690546391226e-07	8.000987022284612	True	2.7256115365178886e-08
Llama-3.1-8B-Instruct	commonsense	layers.22.self_attn.q_proj	0.6216541620180212	0.4141256446336684	0.3232791458831728	0.3906158835447042	0.9844796851654568	0.00017518563198826905	0.18265763050450973	4.3359312362767355e-07	6.183256802668468	True	1.651719873874679e-08
Llama-3.1-8B-Instruct	commonsense	layers.22.self_attn.v_proj	0.8223541799244244	0.6372872067538877	0.5415644466831167	0.2778458848818145	0.9357346765457263	9.215279423853549e-05	0.3607108250530627	6.564656540586356e-08	10.820263684565855	True	4.9090075000264366e-08
Llama-3.1-8B-Instruct	commonsense	layers.23.mlp.down_proj	0.5627550872565733	0.3664786925055157	0.22428863523751214	0.6254437243722595	0.9692874589563245	0.00017984719584613663	0.15818129745036155	1.1261569001774774e-06	5.067081035172309	True	3.0405198844170674e-08
Llama-3.1-8B-Instruct	commonsense	layers.23.mlp.gate_proj	0.8174412801841546	0.5010798928754177	0.413982171694327	0.3174266544307881	0.9487771309981365	7.408003004837012e-05	0.3161310232959464	1.9540928464234497e-07	10.691368064497906	True	1.969768767400234e-08
Llama-3.1-8B-Instruct	commonsense	layers.23.mlp.up_proj	0.8774413358971533	0.6495099483363393	0.5691134471440817	0.23223894272105805	0.9187479423494213	0.0001350615184824815	0.40987205788130426	6.887788783771498e-09	12.318452372653445	True	1.1914428047901304e-08
Llama-3.1-8B-Instruct	commonsense	layers.23.self_attn.k_proj	0.6580300341078701	0.46564673863427897	0.3657439955748376	0.3830623440667773	0.9743100066261965	0.00017642424281424677	0.21108706222413265	3.9866790291220866e-07	6.928050672984796	True	2.1802037423388615e-08
Llama-3.1-8B-Instruct	commonsense	layers.23.self_attn.o_proj	0.7209776995717054	0.3731460448438522	0.2902853480775609	0.3948088812636239	0.9788237279211557	0.00014330425866102727	0.2299495892811904	2.661784770374709e-08	8.316940878919565	True	6.669132221019405e-08
Llama-3.1-8B-Instruct	commonsense	layers.23.self_attn.q_proj	0.63045650614509	0.3680933141060202	0.24990110357981105	0.5390853739552796	0.9773889493871917	0.00012229085470969343	0.18265595989321337	7.45571565374803e-07	6.359596920069733	True	1.6506908935341688e-08
Llama-3.1-8B-Instruct	commonsense	layers.23.self_attn.v_proj	0.5278961337004879	0.3945168541379004	0.24122823475351157	0.6261260944273468	0.9726784514238863	0.00018342457908461236	0.14240643356795127	6.525813274205206e-07	4.45878327816138	True	3.384011861478483e-08
Llama-3.1-8B-Instruct	commonsense	layers.24.mlp.down_proj	0.6076989936932223	0.4286661618371277	0.28027359285633735	0.5725100031327182	0.9746087592548927	0.00016193191364857697	0.17922428878194077	3.860510682240914e-07	5.908764353862204	True	3.936630906113293e-08
Llama-3.1-8B-Instruct	commonsense	layers.24.mlp.gate_proj	0.8515859044790546	0.6598718012012095	0.563639784985016	0.2704011485164335	0.8889946989843703	0.00015078835426896627	0.36250772535827785	1.8206309126966858e-07	11.603172354476396	True	3.412381349025417e-08
Llama-3.1-8B-Instruct	commonsense	layers.24.mlp.up_proj	0.8738007517667276	0.7148500996239973	0.6374131882318967	0.20491762616017395	0.9002978354688485	0.00014292773727776694	0.40102727228030277	1.012133470368326e-07	12.216441338113968	True	3.2439406993076906e-08
Llama-3.1-8B-Instruct	commonsense	layers.24.self_attn.k_proj	0.672333452130581	0.4200717718089413	0.3049148107333701	0.47312202662746483	0.9793208999999915	0.0001841093568921432	0.20402603507691858	6.141118857883043e-08	7.232515200191234	True	3.470939065497779e-08
Llama-3.1-8B-Instruct	commonsense	layers.24.self_attn.o_proj	0.7565562317032789	0.3943293318556984	0.33552598985704685	0.2760073341663891	0.9815871404937792	0.00019271893789497184	0.2759575728500122	3.583089742686951e-07	9.158030404720009	True	1.864453751748242e-08
Llama-3.1-8B-Instruct	commonsense	layers.24.self_attn.q_proj	0.7312420970815952	0.4568709677319774	0.37204908306031087	0.33684758666903136	0.9810172888322772	0.00020527737783245973	0.26479665912387224	3.427547818901644e-07	8.555433847359897	True	5.122609589906142e-08
Llama-3.1-8B-Instruct	commonsense	layers.24.self_attn.v_proj	0.7042635020550606	0.5023495104465232	0.3654994847839953	0.4706272625694661	0.9429789680980284	0.00020346542851199862	0.21837877910201653	5.263281700473854e-07	7.935801310371693	True	2.7833384008692198e-08
Llama-3.1-8B-Instruct	commonsense	layers.25.mlp.down_proj	0.7095018164880166	0.45501899451556954	0.35246203643973933	0.3999801204412671	0.9601486680532146	0.00019186350600143294	0.2637498132487619	6.53583123177981e-07	8.054274416826459	True	1.7820005882721342e-08
Llama-3.1-8B-Instruct	commonsense	layers.25.mlp.gate_proj	0.847308252856064	0.5472293215524213	0.4564338065104532	0.30430819418646304	0.9248355528372044	0.00014032958326595273	0.3363612952933499	1.7708711741448724e-07	11.48690424788855	True	3.198254230262612e-08
Llama-3.1-8B-Instruct	commonsense	layers.25.mlp.up_proj	0.9033846719964896	0.6570957497892134	0.6045015347024847	0.1536743579873362	0.9292339680432661	0.00016026000585007605	0.4728835471110979	1.3508725715816183e-07	13.057657986361193	True	2.614112637443837e-08
Llama-3.1-8B-Instruct	commonsense	layers.25.self_attn.k_proj	0.5739376944744634	0.3117905599331986	0.22604496710244124	0.4743898298223723	0.9876208583496797	0.00018752299791055	0.1842663332840817	2.40928114680905e-07	5.27047398849354	True	2.0686353824369162e-08
Llama-3.1-8B-Instruct	commonsense	layers.25.self_attn.o_proj	0.7545598826577149	0.35524636616759436	0.29382726783266155	0.31589162803320925	0.9766078540994426	0.00012544928248630892	0.24474935617932161	3.966792996301649e-07	9.109762493587741	True	1.4158449861616554e-08
Llama-3.1-8B-Instruct	commonsense	layers.25.self_attn.q_proj	0.5835315953142393	0.31352436171654113	0.21870306320913133	0.5134055545406658	0.9848793935592637	0.00016782964578122264	0.16558850358441185	2.2236970131928047e-07	5.448148233228836	True	4.155685757277776e-08
Llama-3.1-8B-Instruct	commonsense	layers.25.self_attn.v_proj	0.6552900060448867	0.41789054409058	0.30513449268774406	0.4668400499287261	0.9543637353258412	0.0001815656701921744	0.21656378559210143	1.767767967564282e-07	6.870477216781922	True	3.679442636435364e-08
Llama-3.1-8B-Instruct	commonsense	layers.26.mlp.down_proj	0.6098840425414416	0.3201419280140651	0.22883938589129801	0.48905231584829423	0.9863625670956987	0.00013895317911935773	0.1805175547410299	4.7198604136156064e-08	5.951336048849208	True	3.584570121322857e-08
Llama-3.1-8B-Instruct	commonsense	layers.26.mlp.gate_proj	0.7999711772486425	0.4466089085658404	0.36556855856893355	0.3299874937869398	0.961401051889448	0.00017046952663833876	0.28297971680935935	2.5491885202733044e-07	10.239256632945994	True	1.9893054173924705e-08
Llama-3.1-8B-Instruct	commonsense	layers.26.mlp.up_proj	0.8982030878160675	0.7151154675365723	0.6491805607062178	0.17590236083599964	0.8619226831940261	0.0001484265360596762	0.44837834824095385	2.737029773935973e-07	12.908293240944042	True	2.583610715733075e-08
Llama-3.1-8B-Instruct	commonsense	layers.26.self_attn.k_proj	0.5967834369016796	0.41928137230812895	0.32027674192012345	0.4165016026597572	0.9766945389925387	0.0001963117812396243	0.1793387086835311	9.611042621759935e-07	5.698396355844556	True	2.2495356525669727e-08
Llama-3.1-8B-Instruct	commonsense	layers.26.self_attn.o_proj	0.7948175074990911	0.5095806666067012	0.39890171590532764	0.3872181072318378	0.9406456335614105	0.0001545173218395922	0.2729516652129872	1.162460860903991e-08	10.107757447306822	True	2.1411329925227185e-08
Llama-3.1-8B-Instruct	commonsense	layers.26.self_attn.q_proj	0.7817945417473551	0.65883029284881	0.5538810809183867	0.29321724784926007	0.9367611861559133	0.00018296024849306656	0.28081513774832795	1.3687610822543661e-08	9.779243228449443	True	3.5964923650482145e-08
Llama-3.1-8B-Instruct	commonsense	layers.26.self_attn.v_proj	0.5130409368791846	0.24308398874557385	0.16855153678423793	0.5192129902004555	0.9916174156904728	0.0002024101455864351	0.14372276215539562	6.660790079493495e-07	4.211370263869904	True	5.8517748855259e-08
Llama-3.1-8B-Instruct	commonsense	layers.27.mlp.down_proj	0.47980290242159046	0.18214515953842647	0.13911084844080698	0.4167070466089742	0.9973299341509547	0.00016037845300400025	0.12800197602161095	1.2370754524093641e-06	3.6833822212517773	True	2.2552023173875254e-08
Llama-3.1-8B-Instruct	commonsense	layers.27.mlp.gate_proj	0.7963730616673591	0.47923464829895734	0.37335029124167585	0.39307284428633515	0.940174567216763	0.00012879916776979317	0.26919930181572227	3.2609539890593453e-07	10.147354067242212	True	3.777893309979949e-08
Llama-3.1-8B-Instruct	commonsense	layers.27.mlp.up_proj	0.7792871838677565	0.4165115151673104	0.3288420645356757	0.37666615713202456	0.9706211928353389	0.00013147164809207838	0.25972575495369804	2.3881210542420206e-07	9.71661143020949	True	4.509381840135074e-08
Llama-3.1-8B-Instruct	commonsense	layers.27.self_attn.k_proj	0.6614534322025316	0.42140050009667496	0.2977409173454025	0.5007857762753426	0.9574716101851847	0.0001999568969880538	0.19584065563725278	1.450223873211698e-07	7.000332038077195	True	3.075256993331925e-08
Llama-3.1-8B-Instruct	commonsense	layers.27.self_attn.o_proj	0.8162033446780307	0.45751659915395937	0.37358865397679875	0.33323369369420985	0.957931103314217	0.00015640612897774577	0.29022956269347694	3.668137140699912e-07	10.658998317332749	True	6.741524791236797e-08
Llama-3.1-8B-Instruct	commonsense	layers.27.self_attn.q_proj	0.5230757308423984	0.37140881517008195	0.22420017795817582	0.6356091262323897	0.9853542036539017	0.00019528696803573087	0.14099913262987943	3.247210613732676e-07	4.377728513105641	True	2.971755427283462e-08
Llama-3.1-8B-Instruct	commonsense	layers.27.self_attn.v_proj	0.5064005399527692	0.24621265362963912	0.18393654793522962	0.44189575575881423	0.9955686958173074	0.00018840088916034252	0.14091788536287403	2.7000445224079073e-07	4.1030661798854435	True	4.849089126306774e-08
Llama-3.1-8B-Instruct	commonsense	layers.28.mlp.down_proj	0.6707300186331266	0.32857779324957354	0.2596710899541607	0.3754448631899493	0.9843003021646116	0.00019182755827828186	0.2195598476494816	3.824439995803175e-07	7.198054355750199	True	5.312459646154576e-08
Llama-3.1-8B-Instruct	commonsense	layers.28.mlp.gate_proj	0.8236548465058087	0.558416064330103	0.45114144614438867	0.3473059587543431	0.9265917868291667	0.00015918350771503023	0.3132405983956193	7.263535239943053e-08	10.854515046870178	True	4.644725297351273e-08
Llama-3.1-8B-Instruct	commonsense	layers.28.mlp.up_proj	0.8868232461477594	0.619477610327101	0.5461163821581456	0.2228243586020695	0.936885050769499	0.00014053482843805662	0.4099734373525983	2.0324434779617206e-07	12.583282155045913	True	5.2986645773549675e-08
Llama-3.1-8B-Instruct	commonsense	layers.28.self_attn.k_proj	0.452636195250174	0.20193044597143542	0.14319702532407802	0.4971199766988912	0.995778928651726	0.00014746857891183768	0.12028351163645509	4.3698546070558564e-07	3.278075197662453	True	1.732357802150708e-08
Llama-3.1-8B-Instruct	commonsense	layers.28.self_attn.o_proj	0.7861348049876317	0.3923494005166195	0.32356401513406496	0.3198973842324693	0.9652262033707631	0.00014515380576879668	0.2646193607031572	4.27736839281323e-07	9.888118238441223	True	2.5074759499878632e-08
Llama-3.1-8B-Instruct	commonsense	layers.28.self_attn.q_proj	0.6712204967108771	0.41293585852661807	0.29930951271565526	0.47461720786791317	0.9756243581794428	0.00016901845449376123	0.2077639641756536	1.756727430191063e-07	7.208593610053806	True	3.172442445012155e-08
Llama-3.1-8B-Instruct	commonsense	layers.28.self_attn.v_proj	0.5291976593820501	0.23146782367166283	0.16333513121845175	0.5020589222966141	0.9916486198605833	0.0001786354532139432	0.14142189598905458	1.7965591658786195e-07	4.48080085013692	True	1.9743676466763826e-08
Llama-3.1-8B-Instruct	commonsense	layers.29.mlp.down_proj	0.7261137986989383	0.33231121798427454	0.2883846484040378	0.24689718443337116	0.9941355517566185	0.0001931717394341716	0.24775453515979817	2.6803913011352876e-07	8.435864186072003	True	2.64376370002006e-08
Llama-3.1-8B-Instruct	commonsense	layers.29.mlp.gate_proj	0.7651610235612345	0.5001167503663633	0.3975767223401659	0.368026166576191	0.9451765054429305	0.00014827559877216421	0.2684739274335485	1.5195100266929273e-07	9.367539218870713	True	2.442052587410823e-08
Llama-3.1-8B-Instruct	commonsense	layers.29.mlp.up_proj	0.736617578054569	0.3316054338311471	0.26882057150313	0.3428239568842376	0.9781903835181367	0.00011955598876401996	0.228186790578262	2.781031025467229e-07	8.681682347884534	True	1.6819336286593556e-08
Llama-3.1-8B-Instruct	commonsense	layers.29.self_attn.k_proj	0.5040949731947343	0.18717509364481166	0.1470373813957773	0.3828945225154967	0.996319316869475	0.00021316752148792625	0.1339716336850123	5.049924709510378e-07	4.0657835808709715	True	4.4203950578455125e-08
Llama-3.1-8B-Instruct	commonsense	layers.29.self_attn.o_proj	0.853104249174624	0.5554594224455586	0.47766368507175627	0.2604972844797816	0.9435435243823571	0.00010413967982084098	0.35062067888650816	2.3495182510657742e-07	11.644595104907463	True	2.8091683700778577e-08
Llama-3.1-8B-Instruct	commonsense	layers.29.self_attn.q_proj	0.7481317883386813	0.5132375503031286	0.3941865166901677	0.4101159095378818	0.954541866096026	7.807572210994653e-05	0.2493419935108721	4.1332796107962366e-07	8.95522611186512	True	3.751334719698538e-08
Llama-3.1-8B-Instruct	commonsense	layers.29.self_attn.v_proj	0.5636728396096568	0.30329834252482174	0.21086514706465578	0.516641308439191	0.9848208993649944	0.0001679169661019756	0.16318822497279215	7.902408003523931e-07	5.083641013077068	True	1.7742479385814827e-08
Llama-3.1-8B-Instruct	commonsense	layers.3.mlp.down_proj	0.7577299712873041	0.6785481848088859	0.5310557266115923	0.3874820692483212	0.9107826974624392	0.00018736241424793982	0.29903589507068906	4.714218071466547e-07	9.18648368912016	True	4.7688382997662046e-08
Llama-3.1-8B-Instruct	commonsense	layers.3.mlp.gate_proj	0.8090510418612058	0.5410661154053736	0.4385242894847984	0.3431191010205884	0.9148098565337971	0.0001368313818212414	0.2938551779142554	3.0841613596344075e-07	10.473010757210726	True	2.4549759105733357e-08
Llama-3.1-8B-Instruct	commonsense	layers.3.mlp.up_proj	0.8665229439102117	0.7567855359339812	0.6543457824064853	0.25240055727026645	0.8352337363893364	0.00014694953757646338	0.3419149319293236	9.802799962876918e-07	12.013768384012087	True	2.3820051140784443e-08
Llama-3.1-8B-Instruct	commonsense	layers.3.self_attn.k_proj	0.8202887672290503	0.6574756788662168	0.5513661271057891	0.296732124919728	0.9297771246576898	0.00014985216775038746	0.36790935507343947	4.3590802656368055e-07	10.765968958570586	True	2.864177041111561e-08
Llama-3.1-8B-Instruct	commonsense	layers.3.self_attn.o_proj	0.8023863468579088	0.5587436995464262	0.4594121054927481	0.32394879491159057	0.930604200409678	0.00012478727941974928	0.30372774993257873	1.0742283265141594e-06	10.30115930196895	True	2.7573637396470327e-08
Llama-3.1-8B-Instruct	commonsense	layers.3.self_attn.q_proj	0.7889432302755642	0.682285128304716	0.5410177143223451	0.3712309440694802	0.8859727265962744	0.00018766070988303468	0.29740834646797987	3.348679620263084e-07	9.958895709012818	True	2.4152439692627888e-08
Llama-3.1-8B-Instruct	commonsense	layers.3.self_attn.v_proj	0.7709316318335498	0.734727653327938	0.5794742986864049	0.3779639065090542	0.8177811386297276	0.00019165178996291484	0.29240859490366755	8.087833271996914e-07	9.509384328158394	True	3.008926969251261e-08
Llama-3.1-8B-Instruct	commonsense	layers.30.mlp.down_proj	0.6537865482342582	0.4496437710385907	0.37358223284179937	0.3097041474849058	0.9827705532828058	0.00015328577340652355	0.20768385615625123	1.1765558416421129e-08	6.8389896106696035	True	5.776449364298881e-08
Llama-3.1-8B-Instruct	commonsense	layers.30.mlp.gate_proj	0.8763717410919134	0.5676051358512509	0.5306452637153668	0.12599090548831993	0.9731758030643204	0.0001417813646466884	0.42152547409219177	2.938527385865086e-07	12.288431388350405	True	5.8057869275020524e-08
Llama-3.1-8B-Instruct	commonsense	layers.30.mlp.up_proj	0.8178127157973737	0.5806158308264983	0.5103265210108162	0.2274643472293899	0.9447687698289023	6.229290040660228e-05	0.31240208973184586	5.789500896469235e-07	10.701069777619278	True	2.3813650101886802e-08
Llama-3.1-8B-Instruct	commonsense	layers.30.self_attn.k_proj	0.6395465477789224	0.29121478053838623	0.22725480240131263	0.3910252135741382	0.9911855621682761	0.0001990616952153005	0.19502438756019816	3.9815317798286287e-07	6.544311117815223	True	2.6699479241354816e-08
Llama-3.1-8B-Instruct	commonsense	layers.30.self_attn.o_proj	0.6806137072062526	0.28961331514692723	0.23653996377385597	0.3329290900834665	0.9866848400314009	0.0002029506529504923	0.20820086741469196	4.483156164081237e-07	7.411753344098833	True	9.682449891642622e-09
Llama-3.1-8B-Instruct	commonsense	layers.30.self_attn.q_proj	0.7651001003605848	0.5294343223213	0.45622555577919577	0.25743404665255887	0.9740574398476419	0.00018916580043599148	0.28804479497718927	9.290538383055491e-08	9.366048541683737	True	1.8524217105247742e-08
Llama-3.1-8B-Instruct	commonsense	layers.30.self_attn.v_proj	0.5527142075236172	0.3030736385141568	0.20381405883349082	0.5477568995980368	0.985202773393686	0.00012409157536216942	0.15127238073662683	7.52445761698084e-07	4.887880492175463	True	3.334869736719427e-08
Llama-3.1-8B-Instruct	commonsense	layers.31.mlp.down_proj	0.5835942855397113	0.29480018280781906	0.23360475430653688	0.372074879611186	0.9935442216182061	0.00017569184394864383	0.19403245744766498	9.991859650781976e-07	5.44930558388148	True	6.525308121306955e-08
Llama-3.1-8B-Instruct	commonsense	layers.31.mlp.gate_proj	0.8037926861346221	0.47142185363231565	0.4169218775741728	0.2178501840223518	0.9660199157390149	0.0001443990822749587	0.3088904002920822	2.026204821703459e-07	10.33732689009957	True	1.0620394259354732e-08
Llama-3.1-8B-Instruct	commonsense	layers.31.mlp.up_proj	0.8283074413481042	0.4177708537750412	0.37543038073214524	0.19242558337510318	0.9806174551338492	9.88248092866359e-05	0.3237572848067254	2.186024574690748e-07	10.977486571660735	True	4.005127068989889e-08
Llama-3.1-8B-Instruct	commonsense	layers.31.self_attn.k_proj	0.491735918993222	0.1974002422187819	0.1470551886067123	0.44503532174667004	0.994377215983773	0.00017127254241138562	0.13174901750728127	2.1355987422921885e-08	3.868867145712325	True	8.68053478042836e-09
Llama-3.1-8B-Instruct	commonsense	layers.31.self_attn.o_proj	0.8075106338833965	0.44753825836565675	0.39963979891538426	0.20259835240617485	0.9801849459826097	0.00016288419217523243	0.33120972752277966	4.567551170620021e-08	10.433175457632197	True	2.653857241522841e-08
Llama-3.1-8B-Instruct	commonsense	layers.31.self_attn.q_proj	0.5544772456544053	0.40765020822555964	0.2812530496250631	0.5239866384517229	0.9914691902742646	0.0001475232692365251	0.15386047624040441	6.558218388352799e-07	4.919113695994056	True	4.398115951688717e-08
Llama-3.1-8B-Instruct	commonsense	layers.31.self_attn.v_proj	0.5076947893654284	0.19051871174711407	0.14865654997961744	0.3911745106517396	0.9945443034314062	0.00017697398302693785	0.13562674681065784	1.0069686973146474e-07	4.124063026655571	True	7.235651122450798e-09
Llama-3.1-8B-Instruct	commonsense	layers.4.mlp.down_proj	0.7229287650886836	0.6507201820737434	0.4867175443949317	0.44054462673770634	0.9093061086884018	0.00015555955518438725	0.23803399330915367	4.2548139123077533e-07	8.362008672172161	True	2.4260166912517627e-08
Llama-3.1-8B-Instruct	commonsense	layers.4.mlp.gate_proj	0.8495385473980999	0.6038639428145933	0.5078062936264108	0.2928395531389293	0.9155848804231203	0.00013378945980714783	0.3283678852430734	1.849695772104809e-07	11.547447417696054	True	3.0432608444725576e-08
Llama-3.1-8B-Instruct	commonsense	layers.4.mlp.up_proj	0.8795293641541502	0.7842323984683287	0.699727277346764	0.2038992218292086	0.8235824078589106	0.00013239834542406044	0.3836802506017433	4.2953791234978667e-07	12.377139588683725	True	2.3645776948797077e-08
Llama-3.1-8B-Instruct	commonsense	layers.4.self_attn.k_proj	0.7945775077883016	0.6822256013480096	0.5635554869141676	0.3176340625462336	0.8900777341455448	0.00015326516365406892	0.32939658263162386	1.4829435612817576e-07	10.101651420803094	True	2.991077501917968e-08
Llama-3.1-8B-Instruct	commonsense	layers.4.self_attn.o_proj	0.7725024804059709	0.5582317415466316	0.4642063166210636	0.30849864240123437	0.9395767815809092	0.00012512640311075876	0.2809049872541813	4.932502251087101e-08	9.548160224315676	True	3.877171604342307e-08
Llama-3.1-8B-Instruct	commonsense	layers.4.self_attn.q_proj	0.8022769662220887	0.7132967221872722	0.5769424778840682	0.3457788588260854	0.904190371394103	0.00013560878032741838	0.32924373129285434	2.22250772896615e-07	10.298368521462638	True	3.7259595035636196e-08
Llama-3.1-8B-Instruct	commonsense	layers.4.self_attn.v_proj	0.7081200012084577	0.60776826621518	0.4474178405290579	0.45806081459529924	0.9176166627044688	0.00018012148687142606	0.2202023404995623	2.806023409185343e-07	8.022938214977982	True	3.8783005201315454e-08
Llama-3.1-8B-Instruct	commonsense	layers.5.mlp.down_proj	0.6518403625879504	0.582071503853475	0.40904283980600986	0.5061615360689443	0.887902840027728	0.00015144017706504188	0.19807686995948434	1.8856522565613432e-07	6.798336140726135	True	4.261422337414836e-08
Llama-3.1-8B-Instruct	commonsense	layers.5.mlp.gate_proj	0.8136945947178122	0.6394543595358119	0.5253737458138312	0.32497846625653604	0.9041664406404057	0.00015639953072616396	0.30878775043675755	3.552344336466007e-07	10.593574510033898	True	3.2672418529420775e-08
Llama-3.1-8B-Instruct	commonsense	layers.5.mlp.up_proj	0.8887575239302375	0.7153907052481717	0.6436756599645801	0.19044271092212006	0.8986040261609646	0.0001309098743453602	0.44596981287266796	1.0777833603370368e-06	12.638211522372366	True	2.243354296715334e-08
Llama-3.1-8B-Instruct	commonsense	layers.5.self_attn.k_proj	0.726386054056175	0.5647030226000428	0.44299680144683873	0.38459509079339693	0.9541457092451713	0.00013472787269053134	0.2756356297330975	6.724436074634355e-08	8.442185903818778	True	5.0084276093657984e-08
Llama-3.1-8B-Instruct	commonsense	layers.5.self_attn.o_proj	0.7652184311203023	0.6193585881272632	0.5216552213731881	0.29061371218991794	0.9372872536549008	0.00014788588574274442	0.2829635261975776	1.4333758935336505e-07	9.368945066474181	True	1.7955870602547217e-08
Llama-3.1-8B-Instruct	commonsense	layers.5.self_attn.q_proj	0.8359350832968822	0.7002876579358202	0.5994805416601969	0.26718012824856674	0.8653975003537435	0.0001374026112834954	0.35455169897241046	7.00611054060829e-07	11.180583538214842	True	2.2389664762730358e-08
Llama-3.1-8B-Instruct	commonsense	layers.5.self_attn.v_proj	0.7588458612962322	0.6725864387240327	0.5283028290011091	0.38302202653956086	0.9025596513663383	0.00020006999325536114	0.27501906028381234	2.0200673911396905e-07	9.213548568104445	True	3.2738109468085796e-08
Llama-3.1-8B-Instruct	commonsense	layers.6.mlp.down_proj	0.694023374564451	0.5697238438300533	0.4222168232647456	0.4507851440305314	0.9460654950935592	0.00016823547252302868	0.23602714123449617	8.969931981628321e-07	7.706681067258124	True	2.587353127745144e-08
Llama-3.1-8B-Instruct	commonsense	layers.6.mlp.gate_proj	0.7681467585347485	0.6361071716972924	0.4947756998744777	0.3949989343757718	0.8727968866474981	0.00014324391130145678	0.25740658190944893	1.178378566724092e-06	9.440768639033243	True	3.755435944202705e-08
Llama-3.1-8B-Instruct	commonsense	layers.6.mlp.up_proj	0.8673821088780447	0.6972436788500205	0.5955636929315407	0.27039591479143843	0.8832672761001567	0.00013229289166960992	0.35050441622309625	6.732254080876743e-07	12.037611146095333	True	2.5689671428397168e-08
Llama-3.1-8B-Instruct	commonsense	layers.6.self_attn.k_proj	0.7966462072571918	0.6963515604656961	0.5788622565987774	0.30897563537123796	0.8719990243727068	0.00019058132644211943	0.31423775119866154	1.4592775321453644e-07	10.154319540184392	True	4.895857730370078e-08
Llama-3.1-8B-Instruct	commonsense	layers.6.self_attn.o_proj	0.7990734667738405	0.6087958396586667	0.512157360637876	0.2922767135755232	0.9369000580054607	7.813822699954281e-05	0.3231011418995647	3.4713030772071107e-07	10.21630151522954	True	3.867273632958338e-08
Llama-3.1-8B-Instruct	commonsense	layers.6.self_attn.q_proj	0.851133111965665	0.7553476272990051	0.6502893625113315	0.2588270497209202	0.8465172868497289	0.00016841352489045804	0.3711158312389768	7.726869797330949e-07	11.590822947634479	True	4.6680438045762106e-08
Llama-3.1-8B-Instruct	commonsense	layers.6.self_attn.v_proj	0.7362335394908301	0.6779708314460867	0.5246985520937859	0.40104014833091195	0.8717541222970886	9.233301231159777e-05	0.2506835270602939	2.7810757030621858e-09	8.672637169040081	True	2.7770497696269354e-08
Llama-3.1-8B-Instruct	commonsense	layers.7.mlp.down_proj	0.7320067903107687	0.5805740830081068	0.43575015763503433	0.43667397449548906	0.9278157331786244	0.000185001022052641	0.2644775350129847	1.0096151004113096e-07	8.573344494706792	True	3.085996727077087e-08
Llama-3.1-8B-Instruct	commonsense	layers.7.mlp.gate_proj	0.859741182051311	0.6214571698216578	0.5484043182913615	0.22128359132298026	0.9286532635205472	0.00018564193773737536	0.3887886139881597	7.490523046271846e-08	11.826476222534758	True	2.93934104115989e-08
Llama-3.1-8B-Instruct	commonsense	layers.7.mlp.up_proj	0.8447415342160891	0.726891387011597	0.6159901662884213	0.2818610003191433	0.8371255564494918	0.00011923037920642757	0.3283409601685652	4.929350212456995e-07	11.417400735691308	True	3.769466587816627e-08
Llama-3.1-8B-Instruct	commonsense	layers.7.self_attn.k_proj	0.6915440784474975	0.505824476565193	0.3737501178132572	0.4540372722998902	0.9536532983966828	0.00019781850447965515	0.2253097325593149	5.076103209988858e-07	7.651738867745267	True	3.519907144578186e-08
Llama-3.1-8B-Instruct	commonsense	layers.7.self_attn.o_proj	0.826164374133708	0.5242480091178127	0.4541859749027304	0.24942540819005132	0.9493006661537444	0.00012175523970459538	0.36069558510851213	3.9360497972040775e-08	10.92076014781767	True	2.5010905359349497e-08
Llama-3.1-8B-Instruct	commonsense	layers.7.self_attn.q_proj	0.850508024679915	0.7133453727261758	0.6152820691101148	0.2560413104434741	0.8902112162656198	0.00016123252082762783	0.39228326614323844	1.427203749626571e-07	11.573825403487836	True	4.7727816542915796e-08
Llama-3.1-8B-Instruct	commonsense	layers.7.self_attn.v_proj	0.827689174632951	0.7650097900069328	0.6498440884428409	0.27842021294350516	0.8405884583260538	0.00014266448200605971	0.358668987105935	4.1467928957317213e-07	10.961100603095339	True	2.472198065303866e-08
Llama-3.1-8B-Instruct	commonsense	layers.8.mlp.down_proj	0.7333337455167757	0.6531588546555437	0.48876770039623274	0.4400266495131526	0.9423453081681705	0.00019482563314450414	0.26257435615325353	3.080045267722653e-07	8.60444849000012	True	3.357499679534473e-08
Llama-3.1-8B-Instruct	commonsense	layers.8.mlp.gate_proj	0.7779075518380205	0.5873878371469172	0.4614912835524104	0.38272724819559023	0.9112899847684118	0.00017109549092332222	0.26561678160505325	1.0833716213021205e-07	9.682240165978255	True	3.144417430153793e-08
Llama-3.1-8B-Instruct	commonsense	layers.8.mlp.up_proj	0.8785741217124087	0.7864859273143712	0.6873085983012505	0.2363020202705165	0.8356987464598835	0.00016390775814848895	0.37069727825303217	4.741908858907351e-07	12.350267752912528	True	4.3570817505610786e-08
Llama-3.1-8B-Instruct	commonsense	layers.8.self_attn.k_proj	0.7397009743879976	0.5216393703066882	0.39729985350127384	0.41990905564611847	0.9362245635381518	0.00015804698638171693	0.2519060558232866	4.916248930175726e-08	8.754521146279076	True	2.862478225879024e-08
Llama-3.1-8B-Instruct	commonsense	layers.8.self_attn.o_proj	0.8598536029041125	0.6575227745195191	0.5829557637359019	0.21395103336328136	0.8954060706408268	0.0001408447847515675	0.4278663678553405	2.632873987717943e-07	11.829565031017097	True	2.6496235409018734e-08
Llama-3.1-8B-Instruct	commonsense	layers.8.self_attn.q_proj	0.8253459586986949	0.7015943001492462	0.5974300432077773	0.27489314225387274	0.9015785978920836	0.0001482817957622057	0.35778279601515167	1.2722279152388438e-07	10.899137758236934	True	4.5682844260797735e-08
Llama-3.1-8B-Instruct	commonsense	layers.8.self_attn.v_proj	0.8111990183761825	0.678410820434357	0.5729525854760198	0.28673348722737135	0.8895424380658028	0.00013113044581129028	0.33843428669829184	5.608153159641915e-07	10.528689568284603	True	2.5518330036600545e-08
Llama-3.1-8B-Instruct	commonsense	layers.9.mlp.down_proj	0.7555991453123321	0.6260233026728913	0.48853204974643194	0.3910170659742661	0.9233765625566923	0.00016634338272388248	0.3046410636219704	6.541830759321243e-07	9.134868889827194	True	3.1002374936708235e-08
Llama-3.1-8B-Instruct	commonsense	layers.9.mlp.gate_proj	0.758729492324816	0.5736925101219958	0.4367808140441588	0.42034612053329534	0.9200454198922434	0.0001505267660745969	0.2475270243431621	1.4695320227353648e-07	9.210729578768296	True	3.148465307500184e-08
Llama-3.1-8B-Instruct	commonsense	layers.9.mlp.up_proj	0.9256275528720082	0.8146489368784936	0.7551099796837697	0.1408293556725475	0.8272610603953677	0.00019394445609562455	0.475202610221555	1.951010990541846e-07	13.708576001415345	True	4.3505031307521894e-08
Llama-3.1-8B-Instruct	commonsense	layers.9.self_attn.k_proj	0.7227013993233441	0.568162650450018	0.43179336756291176	0.42242741278298135	0.9375812886482869	0.00014584029047713695	0.2554711860177069	4.0596073369592034e-07	8.356750038573459	True	2.973649377229585e-08
Llama-3.1-8B-Instruct	commonsense	layers.9.self_attn.o_proj	0.8313553300216224	0.7277156793103257	0.6222825264360283	0.2687737931991162	0.8360112323742451	0.0001331128844246703	0.3558948940303345	2.6137014774718637e-09	11.058426702334206	True	4.2516992603849166e-08
Llama-3.1-8B-Instruct	commonsense	layers.9.self_attn.q_proj	0.8194182043571119	0.6711184912253167	0.5723929580093168	0.27257176489609525	0.9300943419536137	0.00014913544718519138	0.3724608006038462	4.850440233905573e-07	10.743128437384067	True	3.530925884679752e-08
Llama-3.1-8B-Instruct	commonsense	layers.9.self_attn.v_proj	0.8250319030248204	0.6785166084499165	0.5860491799696124	0.2539856868901531	0.897312984536808	0.00016049938488367323	0.3605060889333933	3.0158681707526114e-07	10.890835406525682	True	2.946524595380153e-08
