group	comparison	outcome	n_checkpoints	mean_difference	ci_low	ci_high	uncertainty
overall	base minus original_lora	target	18	-1.524988111855758	-4.140281120597359	0.7230119901701175	paired source-checkpoint bootstrap; fixed test set; 2000 draws; subgroup CIs descriptive/unadjusted
overall	base minus original_lora	off_score	18	0.4419078838853257	-1.8011303093823632	2.4871405445350736	paired source-checkpoint bootstrap; fixed test set; 2000 draws; subgroup CIs descriptive/unadjusted
overall	base minus original_lora	forgetting_gap	18	-2.708166011271413	-3.8667820497397525	-1.6865622538133416	paired source-checkpoint bootstrap; fixed test set; 2000 draws; subgroup CIs descriptive/unadjusted
model/Qwen3-8B	base minus original_lora	target	9	2.2133344123629817	1.706510580443626	2.8119812935330137	paired source-checkpoint bootstrap; fixed test set; 2000 draws; subgroup CIs descriptive/unadjusted
model/Qwen3-8B	base minus original_lora	off_score	9	-0.4052372130926298	-4.161989355119872	3.3515054018212957	paired source-checkpoint bootstrap; fixed test set; 2000 draws; subgroup CIs descriptive/unadjusted
model/Qwen3-8B	base minus original_lora	forgetting_gap	9	-2.2045652076565645	-4.2168501617126015	-0.7342888179129025	paired source-checkpoint bootstrap; fixed test set; 2000 draws; subgroup CIs descriptive/unadjusted
model/Llama-3.1-8B-Instruct	base minus original_lora	target	9	-5.263310636074498	-9.087747973400436	-1.6011639090512961	paired source-checkpoint bootstrap; fixed test set; 2000 draws; subgroup CIs descriptive/unadjusted
model/Llama-3.1-8B-Instruct	base minus original_lora	off_score	9	1.2890529808632811	-1.199649945193298	3.425395598956506	paired source-checkpoint bootstrap; fixed test set; 2000 draws; subgroup CIs descriptive/unadjusted
model/Llama-3.1-8B-Instruct	base minus original_lora	forgetting_gap	9	-3.2117668148862615	-4.242671988210924	-2.0378071527292407	paired source-checkpoint bootstrap; fixed test set; 2000 draws; subgroup CIs descriptive/unadjusted
task/magicoder	base minus original_lora	target	6	0.10162601626016017	-1.9308943089430943	2.1341463414634156	paired source-checkpoint bootstrap; fixed test set; 2000 draws; subgroup CIs descriptive/unadjusted
task/magicoder	base minus original_lora	off_score	6	2.7161167091520304	1.5647968922773867	3.973217055602136	paired source-checkpoint bootstrap; fixed test set; 2000 draws; subgroup CIs descriptive/unadjusted
task/magicoder	base minus original_lora	forgetting_gap	6	-3.131166310707629	-4.288806280403596	-2.001530606783256	paired source-checkpoint bootstrap; fixed test set; 2000 draws; subgroup CIs descriptive/unadjusted
task/metamath	base minus original_lora	target	6	-5.724033358605006	-11.207985847864542	-0.5812484205206019	paired source-checkpoint bootstrap; fixed test set; 2000 draws; subgroup CIs descriptive/unadjusted
task/metamath	base minus original_lora	off_score	6	4.085859944474955	2.4958078931597605	6.407466965596914	paired source-checkpoint bootstrap; fixed test set; 2000 draws; subgroup CIs descriptive/unadjusted
task/metamath	base minus original_lora	forgetting_gap	6	-4.5068662511399245	-6.6909839647526494	-2.8670610477356067	paired source-checkpoint bootstrap; fixed test set; 2000 draws; subgroup CIs descriptive/unadjusted
task/tulu	base minus original_lora	target	6	1.047443006777571	-0.3080714725816402	2.4953789279112755	paired source-checkpoint bootstrap; fixed test set; 2000 draws; subgroup CIs descriptive/unadjusted
task/tulu	base minus original_lora	off_score	6	-5.476253001971009	-7.155344018081977	-3.6207563441412116	paired source-checkpoint bootstrap; fixed test set; 2000 draws; subgroup CIs descriptive/unadjusted
task/tulu	base minus original_lora	forgetting_gap	6	-0.4864654719666856	-1.1224408098011607	0.0	paired source-checkpoint bootstrap; fixed test set; 2000 draws; subgroup CIs descriptive/unadjusted
model_task/Qwen3-8B/magicoder	base minus original_lora	target	3	2.235772357723578	1.2195121951219505	3.6585365853658587	paired source-checkpoint bootstrap; fixed test set; 2000 draws; subgroup CIs descriptive/unadjusted
model_task/Qwen3-8B/magicoder	base minus original_lora	off_score	3	1.332427067047168	0.8161355854349921	1.6097953451608902	paired source-checkpoint bootstrap; fixed test set; 2000 draws; subgroup CIs descriptive/unadjusted
model_task/Qwen3-8B/magicoder	base minus original_lora	forgetting_gap	3	-1.6655167511624869	-1.985624576956435	-1.1105054007101292	paired source-checkpoint bootstrap; fixed test set; 2000 draws; subgroup CIs descriptive/unadjusted
model_task/Qwen3-8B/metamath	base minus original_lora	target	3	1.6932019206469466	1.5921152388172715	1.7437452615617843	paired source-checkpoint bootstrap; fixed test set; 2000 draws; subgroup CIs descriptive/unadjusted
model_task/Qwen3-8B/metamath	base minus original_lora	off_score	3	4.783673033545024	1.6483283623606155	9.42688707578894	paired source-checkpoint bootstrap; fixed test set; 2000 draws; subgroup CIs descriptive/unadjusted
model_task/Qwen3-8B/metamath	base minus original_lora	forgetting_gap	3	-4.948178871807206	-9.522414078114908	-1.798836842342548	paired source-checkpoint bootstrap; fixed test set; 2000 draws; subgroup CIs descriptive/unadjusted
model_task/Qwen3-8B/tulu	base minus original_lora	target	3	2.7110289587184204	1.8484288354898268	3.5120147874306866	paired source-checkpoint bootstrap; fixed test set; 2000 draws; subgroup CIs descriptive/unadjusted
model_task/Qwen3-8B/tulu	base minus original_lora	off_score	3	-7.331811739870081	-7.722989138166014	-6.829680442885703	paired source-checkpoint bootstrap; fixed test set; 2000 draws; subgroup CIs descriptive/unadjusted
model_task/Qwen3-8B/tulu	base minus original_lora	forgetting_gap	3	0.0	0.0	0.0	paired source-checkpoint bootstrap; fixed test set; 2000 draws; subgroup CIs descriptive/unadjusted
model_task/Llama-3.1-8B-Instruct/magicoder	base minus original_lora	target	3	-2.032520325203258	-3.6585365853658587	-1.2195121951219576	paired source-checkpoint bootstrap; fixed test set; 2000 draws; subgroup CIs descriptive/unadjusted
model_task/Llama-3.1-8B-Instruct/magicoder	base minus original_lora	off_score	3	4.099806351256892	2.965569221926934	4.9783827473534075	paired source-checkpoint bootstrap; fixed test set; 2000 draws; subgroup CIs descriptive/unadjusted
model_task/Llama-3.1-8B-Instruct/magicoder	base minus original_lora	forgetting_gap	3	-4.5968158702527715	-4.97838274735341	-4.001707710681046	paired source-checkpoint bootstrap; fixed test set; 2000 draws; subgroup CIs descriptive/unadjusted
model_task/Llama-3.1-8B-Instruct/metamath	base minus original_lora	target	3	-13.141268637856959	-14.708112206216825	-12.05458680818802	paired source-checkpoint bootstrap; fixed test set; 2000 draws; subgroup CIs descriptive/unadjusted
model_task/Llama-3.1-8B-Instruct/metamath	base minus original_lora	off_score	3	3.3880468554048875	2.3338030022907787	4.0955565967536245	paired source-checkpoint bootstrap; fixed test set; 2000 draws; subgroup CIs descriptive/unadjusted
model_task/Llama-3.1-8B-Instruct/metamath	base minus original_lora	forgetting_gap	3	-4.065553630472642	-4.705312694314604	-3.3500631648924064	paired source-checkpoint bootstrap; fixed test set; 2000 draws; subgroup CIs descriptive/unadjusted
model_task/Llama-3.1-8B-Instruct/tulu	base minus original_lora	target	3	-0.6161429451632779	-1.1090573012939018	0.0	paired source-checkpoint bootstrap; fixed test set; 2000 draws; subgroup CIs descriptive/unadjusted
model_task/Llama-3.1-8B-Instruct/tulu	base minus original_lora	off_score	3	-3.620694264071936	-5.490650612549594	-1.7506105718624312	paired source-checkpoint bootstrap; fixed test set; 2000 draws; subgroup CIs descriptive/unadjusted
model_task/Llama-3.1-8B-Instruct/tulu	base minus original_lora	forgetting_gap	3	-0.9729309439333712	-1.907926013503425	0.0	paired source-checkpoint bootstrap; fixed test set; 2000 draws; subgroup CIs descriptive/unadjusted
overall	base minus hns_f4_s1	target	18	-5.610448369215419	-8.322630295916134	-3.341313181677945	paired source-checkpoint bootstrap; fixed test set; 2000 draws; subgroup CIs descriptive/unadjusted
overall	base minus hns_f4_s1	off_score	18	-2.7983956628245448	-3.8909351097393823	-1.7944940125599618	paired source-checkpoint bootstrap; fixed test set; 2000 draws; subgroup CIs descriptive/unadjusted
overall	base minus hns_f4_s1	forgetting_gap	18	-0.3440958896830035	-0.6462168272678973	-0.0923358663654417	paired source-checkpoint bootstrap; fixed test set; 2000 draws; subgroup CIs descriptive/unadjusted
model/Qwen3-8B	base minus hns_f4_s1	target	9	-3.8579183794581855	-5.998532414095164	-2.0110563126252012	paired source-checkpoint bootstrap; fixed test set; 2000 draws; subgroup CIs descriptive/unadjusted
model/Qwen3-8B	base minus hns_f4_s1	off_score	9	-3.6207964043005965	-5.103701269951518	-2.2634826790351017	paired source-checkpoint bootstrap; fixed test set; 2000 draws; subgroup CIs descriptive/unadjusted
model/Qwen3-8B	base minus hns_f4_s1	forgetting_gap	9	0.0	0.0	0.0	paired source-checkpoint bootstrap; fixed test set; 2000 draws; subgroup CIs descriptive/unadjusted
model/Llama-3.1-8B-Instruct	base minus hns_f4_s1	target	9	-7.3629783589726525	-12.19659193068495	-3.5318260729985442	paired source-checkpoint bootstrap; fixed test set; 2000 draws; subgroup CIs descriptive/unadjusted
model/Llama-3.1-8B-Instruct	base minus hns_f4_s1	off_score	9	-1.9759949213484935	-3.3672897377667543	-0.7036306155633619	paired source-checkpoint bootstrap; fixed test set; 2000 draws; subgroup CIs descriptive/unadjusted
model/Llama-3.1-8B-Instruct	base minus hns_f4_s1	forgetting_gap	9	-0.688191779366007	-1.1429691819928363	-0.2738413089614569	paired source-checkpoint bootstrap; fixed test set; 2000 draws; subgroup CIs descriptive/unadjusted
task/magicoder	base minus hns_f4_s1	target	6	-5.182926829268293	-7.317073170731704	-2.845528455284557	paired source-checkpoint bootstrap; fixed test set; 2000 draws; subgroup CIs descriptive/unadjusted
task/magicoder	base minus hns_f4_s1	off_score	6	-1.197387582435513	-1.802026769767609	-0.47961542130087526	paired source-checkpoint bootstrap; fixed test set; 2000 draws; subgroup CIs descriptive/unadjusted
task/magicoder	base minus hns_f4_s1	forgetting_gap	6	-0.6445266586049793	-1.1785172110798194	-0.15161230247435734	paired source-checkpoint bootstrap; fixed test set; 2000 draws; subgroup CIs descriptive/unadjusted
task/metamath	base minus hns_f4_s1	target	6	-9.337882234015673	-14.847106393732629	-3.9802880970432213	paired source-checkpoint bootstrap; fixed test set; 2000 draws; subgroup CIs descriptive/unadjusted
task/metamath	base minus hns_f4_s1	off_score	6	-1.532765188292706	-2.463675473940628	-0.7234297264992892	paired source-checkpoint bootstrap; fixed test set; 2000 draws; subgroup CIs descriptive/unadjusted
task/metamath	base minus hns_f4_s1	forgetting_gap	6	-0.3330318946839598	-0.8861361441052779	-0.01026904908605491	paired source-checkpoint bootstrap; fixed test set; 2000 draws; subgroup CIs descriptive/unadjusted
task/tulu	base minus hns_f4_s1	target	6	-2.3105360443622907	-2.8958718422674075	-1.694393099199009	paired source-checkpoint bootstrap; fixed test set; 2000 draws; subgroup CIs descriptive/unadjusted
task/tulu	base minus hns_f4_s1	off_score	6	-5.665034217745416	-6.54061662332007	-4.75492772457637	paired source-checkpoint bootstrap; fixed test set; 2000 draws; subgroup CIs descriptive/unadjusted
task/tulu	base minus hns_f4_s1	forgetting_gap	6	-0.05472911576007138	-0.16418734728021414	0.0	paired source-checkpoint bootstrap; fixed test set; 2000 draws; subgroup CIs descriptive/unadjusted
model_task/Qwen3-8B/magicoder	base minus hns_f4_s1	target	3	-8.130081300813004	-8.536585365853654	-7.926829268292678	paired source-checkpoint bootstrap; fixed test set; 2000 draws; subgroup CIs descriptive/unadjusted
model_task/Qwen3-8B/magicoder	base minus hns_f4_s1	off_score	3	-1.8913865175300515	-1.9639816804493506	-1.82216563520889	paired source-checkpoint bootstrap; fixed test set; 2000 draws; subgroup CIs descriptive/unadjusted
model_task/Qwen3-8B/magicoder	base minus hns_f4_s1	forgetting_gap	3	0.0	0.0	0.0	paired source-checkpoint bootstrap; fixed test set; 2000 draws; subgroup CIs descriptive/unadjusted
model_task/Qwen3-8B/metamath	base minus hns_f4_s1	target	3	-1.7184735911043798	-2.426080363912064	-1.0614101592115333	paired source-checkpoint bootstrap; fixed test set; 2000 draws; subgroup CIs descriptive/unadjusted
model_task/Qwen3-8B/metamath	base minus hns_f4_s1	off_score	3	-2.335306834942822	-3.7090199851010937	-1.3178977014229503	paired source-checkpoint bootstrap; fixed test set; 2000 draws; subgroup CIs descriptive/unadjusted
model_task/Qwen3-8B/metamath	base minus hns_f4_s1	forgetting_gap	3	0.0	0.0	0.0	paired source-checkpoint bootstrap; fixed test set; 2000 draws; subgroup CIs descriptive/unadjusted
model_task/Qwen3-8B/tulu	base minus hns_f4_s1	target	3	-1.7252002464571727	-2.7726432532347474	-1.1090573012938876	paired source-checkpoint bootstrap; fixed test set; 2000 draws; subgroup CIs descriptive/unadjusted
model_task/Qwen3-8B/tulu	base minus hns_f4_s1	off_score	3	-6.635695860428915	-7.067621830761212	-6.180837592922913	paired source-checkpoint bootstrap; fixed test set; 2000 draws; subgroup CIs descriptive/unadjusted
model_task/Qwen3-8B/tulu	base minus hns_f4_s1	forgetting_gap	3	0.0	0.0	0.0	paired source-checkpoint bootstrap; fixed test set; 2000 draws; subgroup CIs descriptive/unadjusted
model_task/Llama-3.1-8B-Instruct/magicoder	base minus hns_f4_s1	target	3	-2.235772357723583	-3.0487804878048834	-1.2195121951219576	paired source-checkpoint bootstrap; fixed test set; 2000 draws; subgroup CIs descriptive/unadjusted
model_task/Llama-3.1-8B-Instruct/magicoder	base minus hns_f4_s1	off_score	3	-0.5033886473409742	-1.2857540775893739	0.505327087527462	paired source-checkpoint bootstrap; fixed test set; 2000 draws; subgroup CIs descriptive/unadjusted
model_task/Llama-3.1-8B-Instruct/magicoder	base minus hns_f4_s1	forgetting_gap	3	-1.2890533172099585	-1.6019716574245209	-0.9096738148461441	paired source-checkpoint bootstrap; fixed test set; 2000 draws; subgroup CIs descriptive/unadjusted
model_task/Llama-3.1-8B-Instruct/metamath	base minus hns_f4_s1	target	3	-16.957290876926965	-18.271417740712664	-15.996967399545113	paired source-checkpoint bootstrap; fixed test set; 2000 draws; subgroup CIs descriptive/unadjusted
model_task/Llama-3.1-8B-Instruct/metamath	base minus hns_f4_s1	off_score	3	-0.7302235416425896	-1.358660592282753	-0.31320873600913757	paired source-checkpoint bootstrap; fixed test set; 2000 draws; subgroup CIs descriptive/unadjusted
model_task/Llama-3.1-8B-Instruct/metamath	base minus hns_f4_s1	forgetting_gap	3	-0.6660637893679195	-1.6901198955221186	-0.06161429451632946	paired source-checkpoint bootstrap; fixed test set; 2000 draws; subgroup CIs descriptive/unadjusted
model_task/Llama-3.1-8B-Instruct/tulu	base minus hns_f4_s1	target	3	-2.895871842267409	-3.142329020332717	-2.7726432532347545	paired source-checkpoint bootstrap; fixed test set; 2000 draws; subgroup CIs descriptive/unadjusted
model_task/Llama-3.1-8B-Instruct/tulu	base minus hns_f4_s1	off_score	3	-4.694372575061917	-5.610362170269845	-4.132805514674779	paired source-checkpoint bootstrap; fixed test set; 2000 draws; subgroup CIs descriptive/unadjusted
model_task/Llama-3.1-8B-Instruct/tulu	base minus hns_f4_s1	forgetting_gap	3	-0.10945823152014277	-0.3283746945604283	0.0	paired source-checkpoint bootstrap; fixed test set; 2000 draws; subgroup CIs descriptive/unadjusted
overall	base minus para_e90	target	18	-2.3047712756594865	-5.100268792155696	0.09101533648177361	paired source-checkpoint bootstrap; fixed test set; 2000 draws; subgroup CIs descriptive/unadjusted
overall	base minus para_e90	off_score	18	-0.01950412864717974	-2.2395520922437937	2.2210379882410076	paired source-checkpoint bootstrap; fixed test set; 2000 draws; subgroup CIs descriptive/unadjusted
overall	base minus para_e90	forgetting_gap	18	-2.370642144558633	-3.533994164539801	-1.346994030094248	paired source-checkpoint bootstrap; fixed test set; 2000 draws; subgroup CIs descriptive/unadjusted
model/Qwen3-8B	base minus para_e90	target	9	1.541188415503938	0.3390350890135494	2.8356979874885497	paired source-checkpoint bootstrap; fixed test set; 2000 draws; subgroup CIs descriptive/unadjusted
model/Qwen3-8B	base minus para_e90	off_score	9	-0.5196436737399731	-4.109691684142681	2.9939364976247114	paired source-checkpoint bootstrap; fixed test set; 2000 draws; subgroup CIs descriptive/unadjusted
model/Qwen3-8B	base minus para_e90	forgetting_gap	9	-2.10145996588139	-4.149225654883718	-0.6555438381855154	paired source-checkpoint bootstrap; fixed test set; 2000 draws; subgroup CIs descriptive/unadjusted
model/Llama-3.1-8B-Instruct	base minus para_e90	target	9	-6.150730966822911	-9.919435337425831	-2.7893725636833477	paired source-checkpoint bootstrap; fixed test set; 2000 draws; subgroup CIs descriptive/unadjusted
model/Llama-3.1-8B-Instruct	base minus para_e90	off_score	9	0.4806354164456137	-2.244977414051884	2.993269477700043	paired source-checkpoint bootstrap; fixed test set; 2000 draws; subgroup CIs descriptive/unadjusted
model/Llama-3.1-8B-Instruct	base minus para_e90	forgetting_gap	9	-2.6398243232358762	-3.7959730977294055	-1.339613691379468	paired source-checkpoint bootstrap; fixed test set; 2000 draws; subgroup CIs descriptive/unadjusted
task/magicoder	base minus para_e90	target	6	-0.6097560975609753	-3.6585365853658516	2.743902439024391	paired source-checkpoint bootstrap; fixed test set; 2000 draws; subgroup CIs descriptive/unadjusted
task/magicoder	base minus para_e90	off_score	6	2.438188161364851	1.6081053765359796	3.3840457893594675	paired source-checkpoint bootstrap; fixed test set; 2000 draws; subgroup CIs descriptive/unadjusted
task/magicoder	base minus para_e90	forgetting_gap	6	-2.9592661068010773	-3.858854742674721	-2.0291775935304126	paired source-checkpoint bootstrap; fixed test set; 2000 draws; subgroup CIs descriptive/unadjusted
task/metamath	base minus para_e90	target	6	-6.027293404094013	-11.245893353550665	-0.8718726307808992	paired source-checkpoint bootstrap; fixed test set; 2000 draws; subgroup CIs descriptive/unadjusted
task/metamath	base minus para_e90	off_score	6	3.54137332935467	1.5797660491429504	5.878045846095151	paired source-checkpoint bootstrap; fixed test set; 2000 draws; subgroup CIs descriptive/unadjusted
task/metamath	base minus para_e90	forgetting_gap	6	-4.152660326874822	-6.441740495188399	-2.2915830373315402	paired source-checkpoint bootstrap; fixed test set; 2000 draws; subgroup CIs descriptive/unadjusted
task/tulu	base minus para_e90	target	6	-0.2772643253234719	-0.9242144177449146	0.7085643869377721	paired source-checkpoint bootstrap; fixed test set; 2000 draws; subgroup CIs descriptive/unadjusted
task/tulu	base minus para_e90	off_score	6	-6.03807387666106	-7.0643184190352635	-4.957281939482339	paired source-checkpoint bootstrap; fixed test set; 2000 draws; subgroup CIs descriptive/unadjusted
task/tulu	base minus para_e90	forgetting_gap	6	0.0	0.0	0.0	paired source-checkpoint bootstrap; fixed test set; 2000 draws; subgroup CIs descriptive/unadjusted
model_task/Qwen3-8B/magicoder	base minus para_e90	target	3	3.0487804878048785	0.6097560975609753	6.09756097560976	paired source-checkpoint bootstrap; fixed test set; 2000 draws; subgroup CIs descriptive/unadjusted
model_task/Qwen3-8B/magicoder	base minus para_e90	off_score	3	1.3544414797463464	1.2207046896499918	1.5071276027466496	paired source-checkpoint bootstrap; fixed test set; 2000 draws; subgroup CIs descriptive/unadjusted
model_task/Qwen3-8B/magicoder	base minus para_e90	forgetting_gap	3	-1.6992123117723785	-1.8561364614149245	-1.5401237984862253	paired source-checkpoint bootstrap; fixed test set; 2000 draws; subgroup CIs descriptive/unadjusted
model_task/Qwen3-8B/metamath	base minus para_e90	target	3	1.3899418751579447	0.833965125094764	1.8195602729340408	paired source-checkpoint bootstrap; fixed test set; 2000 draws; subgroup CIs descriptive/unadjusted
model_task/Qwen3-8B/metamath	base minus para_e90	off_score	3	4.263352398419566	0.045114006874754864	8.936697431900527	paired source-checkpoint bootstrap; fixed test set; 2000 draws; subgroup CIs descriptive/unadjusted
model_task/Qwen3-8B/metamath	base minus para_e90	forgetting_gap	3	-4.605167585871793	-9.134319162045598	-0.6097560975609753	paired source-checkpoint bootstrap; fixed test set; 2000 draws; subgroup CIs descriptive/unadjusted
model_task/Qwen3-8B/tulu	base minus para_e90	target	3	0.18484288354899073	-1.1090573012938876	2.0332717190388223	paired source-checkpoint bootstrap; fixed test set; 2000 draws; subgroup CIs descriptive/unadjusted
model_task/Qwen3-8B/tulu	base minus para_e90	off_score	3	-7.176724899385832	-7.829859805204009	-6.54505411851936	paired source-checkpoint bootstrap; fixed test set; 2000 draws; subgroup CIs descriptive/unadjusted
model_task/Qwen3-8B/tulu	base minus para_e90	forgetting_gap	3	0.0	0.0	0.0	paired source-checkpoint bootstrap; fixed test set; 2000 draws; subgroup CIs descriptive/unadjusted
model_task/Llama-3.1-8B-Instruct/magicoder	base minus para_e90	target	3	-4.2682926829268295	-4.878048780487802	-3.6585365853658587	paired source-checkpoint bootstrap; fixed test set; 2000 draws; subgroup CIs descriptive/unadjusted
model_task/Llama-3.1-8B-Instruct/magicoder	base minus para_e90	off_score	3	3.521934842983356	2.858896727547993	4.151940814891816	paired source-checkpoint bootstrap; fixed test set; 2000 draws; subgroup CIs descriptive/unadjusted
model_task/Llama-3.1-8B-Instruct/magicoder	base minus para_e90	forgetting_gap	3	-4.219319901829777	-4.439475452519869	-4.066543438077633	paired source-checkpoint bootstrap; fixed test set; 2000 draws; subgroup CIs descriptive/unadjusted
model_task/Llama-3.1-8B-Instruct/metamath	base minus para_e90	target	3	-13.44452868334597	-14.02577710386656	-13.115996967399553	paired source-checkpoint bootstrap; fixed test set; 2000 draws; subgroup CIs descriptive/unadjusted
model_task/Llama-3.1-8B-Instruct/metamath	base minus para_e90	off_score	3	2.819394260289774	2.4295736257236626	3.3146451190877784	paired source-checkpoint bootstrap; fixed test set; 2000 draws; subgroup CIs descriptive/unadjusted
model_task/Llama-3.1-8B-Instruct/metamath	base minus para_e90	forgetting_gap	3	-3.7001530678778525	-3.9334762311798337	-3.242581755804968	paired source-checkpoint bootstrap; fixed test set; 2000 draws; subgroup CIs descriptive/unadjusted
model_task/Llama-3.1-8B-Instruct/tulu	base minus para_e90	target	3	-0.7393715341959345	-1.1090573012939018	-0.36968576709796963	paired source-checkpoint bootstrap; fixed test set; 2000 draws; subgroup CIs descriptive/unadjusted
model_task/Llama-3.1-8B-Instruct/tulu	base minus para_e90	off_score	3	-4.899422853936289	-5.616596221683885	-3.815017961631362	paired source-checkpoint bootstrap; fixed test set; 2000 draws; subgroup CIs descriptive/unadjusted
model_task/Llama-3.1-8B-Instruct/tulu	base minus para_e90	forgetting_gap	3	0.0	0.0	0.0	paired source-checkpoint bootstrap; fixed test set; 2000 draws; subgroup CIs descriptive/unadjusted
overall	base minus para_e95	target	18	-2.109338714141119	-4.843321729131271	0.3286436583417931	paired source-checkpoint bootstrap; fixed test set; 2000 draws; subgroup CIs descriptive/unadjusted
overall	base minus para_e95	off_score	18	0.3573972706421864	-1.9406208616337304	2.565392266461155	paired source-checkpoint bootstrap; fixed test set; 2000 draws; subgroup CIs descriptive/unadjusted
overall	base minus para_e95	forgetting_gap	18	-2.6954382949274827	-3.8038838030804336	-1.546815927275055	paired source-checkpoint bootstrap; fixed test set; 2000 draws; subgroup CIs descriptive/unadjusted
model/Qwen3-8B	base minus para_e95	target	9	1.5034500066615197	0.7178028828579355	2.4147263131410486	paired source-checkpoint bootstrap; fixed test set; 2000 draws; subgroup CIs descriptive/unadjusted
model/Qwen3-8B	base minus para_e95	off_score	9	-0.3061517834506091	-3.997222816100448	3.3458560764482126	paired source-checkpoint bootstrap; fixed test set; 2000 draws; subgroup CIs descriptive/unadjusted
model/Qwen3-8B	base minus para_e95	forgetting_gap	9	-2.3212955154378974	-4.4190527747267865	-0.7426997148575909	paired source-checkpoint bootstrap; fixed test set; 2000 draws; subgroup CIs descriptive/unadjusted
model/Llama-3.1-8B-Instruct	base minus para_e95	target	9	-5.722127434943757	-9.536434817443066	-2.1103827945797837	paired source-checkpoint bootstrap; fixed test set; 2000 draws; subgroup CIs descriptive/unadjusted
model/Llama-3.1-8B-Instruct	base minus para_e95	off_score	9	1.020946324734982	-1.4326407912962098	3.1401309540885256	paired source-checkpoint bootstrap; fixed test set; 2000 draws; subgroup CIs descriptive/unadjusted
model/Llama-3.1-8B-Instruct	base minus para_e95	forgetting_gap	9	-3.0695810744170675	-4.01695264658131	-1.8219873178194317	paired source-checkpoint bootstrap; fixed test set; 2000 draws; subgroup CIs descriptive/unadjusted
task/magicoder	base minus para_e95	target	6	-0.40650406504065256	-2.0325203252032567	1.7276422764227657	paired source-checkpoint bootstrap; fixed test set; 2000 draws; subgroup CIs descriptive/unadjusted
task/magicoder	base minus para_e95	off_score	6	2.6821223813610757	1.864564653493468	3.4628531173519277	paired source-checkpoint bootstrap; fixed test set; 2000 draws; subgroup CIs descriptive/unadjusted
task/magicoder	base minus para_e95	forgetting_gap	6	-3.132090948763785	-3.969831960388588	-2.192146013589332	paired source-checkpoint bootstrap; fixed test set; 2000 draws; subgroup CIs descriptive/unadjusted
task/metamath	base minus para_e95	target	6	-5.736669193833717	-11.233257518321965	-0.2520849128127467	paired source-checkpoint bootstrap; fixed test set; 2000 draws; subgroup CIs descriptive/unadjusted
task/metamath	base minus para_e95	off_score	6	3.8768843975233325	2.1234171505192356	6.2655020015099145	paired source-checkpoint bootstrap; fixed test set; 2000 draws; subgroup CIs descriptive/unadjusted
task/metamath	base minus para_e95	forgetting_gap	6	-4.406864506047637	-6.799936879000649	-2.4749171750444865	paired source-checkpoint bootstrap; fixed test set; 2000 draws; subgroup CIs descriptive/unadjusted
task/tulu	base minus para_e95	target	6	-0.184842883548986	-1.3555144793592138	0.8626001232285851	paired source-checkpoint bootstrap; fixed test set; 2000 draws; subgroup CIs descriptive/unadjusted
task/tulu	base minus para_e95	off_score	6	-5.486814966957849	-7.123313228824206	-3.1567137450403493	paired source-checkpoint bootstrap; fixed test set; 2000 draws; subgroup CIs descriptive/unadjusted
task/tulu	base minus para_e95	forgetting_gap	6	-0.5473594299710255	-1.6420782899130764	0.0	paired source-checkpoint bootstrap; fixed test set; 2000 draws; subgroup CIs descriptive/unadjusted
model_task/Qwen3-8B/magicoder	base minus para_e95	target	3	1.6260162601626031	0.0	4.268292682926834	paired source-checkpoint bootstrap; fixed test set; 2000 draws; subgroup CIs descriptive/unadjusted
model_task/Qwen3-8B/magicoder	base minus para_e95	off_score	3	1.7435948890454587	1.2112235627543981	2.5358766311393452	paired source-checkpoint bootstrap; fixed test set; 2000 draws; subgroup CIs descriptive/unadjusted
model_task/Qwen3-8B/magicoder	base minus para_e95	forgetting_gap	3	-2.077321969022814	-2.8925085145910003	-1.5560061791803435	paired source-checkpoint bootstrap; fixed test set; 2000 draws; subgroup CIs descriptive/unadjusted
model_task/Qwen3-8B/metamath	base minus para_e95	target	3	2.0217336365933676	1.2130401819560177	2.501895375284292	paired source-checkpoint bootstrap; fixed test set; 2000 draws; subgroup CIs descriptive/unadjusted
model_task/Qwen3-8B/metamath	base minus para_e95	off_score	3	4.707363167830349	0.7905245327069679	9.483210855388357	paired source-checkpoint bootstrap; fixed test set; 2000 draws; subgroup CIs descriptive/unadjusted
model_task/Qwen3-8B/metamath	base minus para_e95	forgetting_gap	3	-4.886564577290877	-9.620846670573918	-0.8994184211712763	paired source-checkpoint bootstrap; fixed test set; 2000 draws; subgroup CIs descriptive/unadjusted
model_task/Qwen3-8B/tulu	base minus para_e95	target	3	0.8626001232285887	0.18484288354898126	1.8484288354898268	paired source-checkpoint bootstrap; fixed test set; 2000 draws; subgroup CIs descriptive/unadjusted
model_task/Qwen3-8B/tulu	base minus para_e95	off_score	3	-7.369413407227635	-7.990635922121882	-6.738731420462528	paired source-checkpoint bootstrap; fixed test set; 2000 draws; subgroup CIs descriptive/unadjusted
model_task/Qwen3-8B/tulu	base minus para_e95	forgetting_gap	3	0.0	0.0	0.0	paired source-checkpoint bootstrap; fixed test set; 2000 draws; subgroup CIs descriptive/unadjusted
model_task/Llama-3.1-8B-Instruct/magicoder	base minus para_e95	target	3	-2.439024390243908	-2.439024390243908	-2.439024390243908	paired source-checkpoint bootstrap; fixed test set; 2000 draws; subgroup CIs descriptive/unadjusted
model_task/Llama-3.1-8B-Instruct/magicoder	base minus para_e95	off_score	3	3.6206498736766926	3.445205813499115	3.8088978161068567	paired source-checkpoint bootstrap; fixed test set; 2000 draws; subgroup CIs descriptive/unadjusted
model_task/Llama-3.1-8B-Instruct/magicoder	base minus para_e95	forgetting_gap	3	-4.186859928504756	-4.4362292051756	-3.808897816106864	paired source-checkpoint bootstrap; fixed test set; 2000 draws; subgroup CIs descriptive/unadjusted
model_task/Llama-3.1-8B-Instruct/metamath	base minus para_e95	target	3	-13.495072024260802	-14.177407126611072	-13.040181956027297	paired source-checkpoint bootstrap; fixed test set; 2000 draws; subgroup CIs descriptive/unadjusted
model_task/Llama-3.1-8B-Instruct/metamath	base minus para_e95	off_score	3	3.0464056272163162	2.437033240768585	3.4343430453499693	paired source-checkpoint bootstrap; fixed test set; 2000 draws; subgroup CIs descriptive/unadjusted
model_task/Llama-3.1-8B-Instruct/metamath	base minus para_e95	forgetting_gap	3	-3.927164434804396	-4.247351175431272	-3.656545435890545	paired source-checkpoint bootstrap; fixed test set; 2000 draws; subgroup CIs descriptive/unadjusted
model_task/Llama-3.1-8B-Instruct/tulu	base minus para_e95	target	3	-1.2322858903265608	-2.7726432532347545	-0.36968576709796963	paired source-checkpoint bootstrap; fixed test set; 2000 draws; subgroup CIs descriptive/unadjusted
model_task/Llama-3.1-8B-Instruct/tulu	base minus para_e95	off_score	3	-3.604216526688063	-5.8404811786540805	-0.37438000553970596	paired source-checkpoint bootstrap; fixed test set; 2000 draws; subgroup CIs descriptive/unadjusted
model_task/Llama-3.1-8B-Instruct/tulu	base minus para_e95	forgetting_gap	3	-1.094718859942051	-3.2841565798261527	0.0	paired source-checkpoint bootstrap; fixed test set; 2000 draws; subgroup CIs descriptive/unadjusted
overall	base minus para_e99	target	18	-1.9690825666600185	-4.543265960830808	0.24967355004564382	paired source-checkpoint bootstrap; fixed test set; 2000 draws; subgroup CIs descriptive/unadjusted
overall	base minus para_e99	off_score	18	0.21555347684189308	-1.9887226105379856	2.4438243568861697	paired source-checkpoint bootstrap; fixed test set; 2000 draws; subgroup CIs descriptive/unadjusted
overall	base minus para_e99	forgetting_gap	18	-2.563722945196388	-3.781954662596057	-1.5605586926639061	paired source-checkpoint bootstrap; fixed test set; 2000 draws; subgroup CIs descriptive/unadjusted
model/Qwen3-8B	base minus para_e99	target	9	1.6486619449359066	1.2018433504233719	2.0506838042795326	paired source-checkpoint bootstrap; fixed test set; 2000 draws; subgroup CIs descriptive/unadjusted
model/Qwen3-8B	base minus para_e99	off_score	9	-0.46034213189055684	-4.277156840909293	3.094762269285828	paired source-checkpoint bootstrap; fixed test set; 2000 draws; subgroup CIs descriptive/unadjusted
model/Qwen3-8B	base minus para_e99	forgetting_gap	9	-2.184149303553999	-4.263694153919104	-0.7622514875657916	paired source-checkpoint bootstrap; fixed test set; 2000 draws; subgroup CIs descriptive/unadjusted
model/Llama-3.1-8B-Instruct	base minus para_e99	target	9	-5.5868270782559435	-9.470438059207108	-2.4461894227552903	paired source-checkpoint bootstrap; fixed test set; 2000 draws; subgroup CIs descriptive/unadjusted
model/Llama-3.1-8B-Instruct	base minus para_e99	off_score	9	0.891449085574343	-1.80943507393743	3.4205866442625035	paired source-checkpoint bootstrap; fixed test set; 2000 draws; subgroup CIs descriptive/unadjusted
model/Llama-3.1-8B-Instruct	base minus para_e99	forgetting_gap	9	-2.943296586838778	-4.1607922705568745	-1.55052251055765	paired source-checkpoint bootstrap; fixed test set; 2000 draws; subgroup CIs descriptive/unadjusted
task/magicoder	base minus para_e99	target	6	-0.3048780487804912	-1.6260162601626067	1.1178861788617869	paired source-checkpoint bootstrap; fixed test set; 2000 draws; subgroup CIs descriptive/unadjusted
task/magicoder	base minus para_e99	off_score	6	2.844336949582677	1.863189010011853	3.885185229068458	paired source-checkpoint bootstrap; fixed test set; 2000 draws; subgroup CIs descriptive/unadjusted
task/magicoder	base minus para_e99	forgetting_gap	6	-3.3334544405592648	-4.270639263224924	-2.235357790870967	paired source-checkpoint bootstrap; fixed test set; 2000 draws; subgroup CIs descriptive/unadjusted
task/metamath	base minus para_e99	target	6	-5.787212534748551	-11.233257518321961	-0.6441117007834305	paired source-checkpoint bootstrap; fixed test set; 2000 draws; subgroup CIs descriptive/unadjusted
task/metamath	base minus para_e99	off_score	6	3.8327977948430636	2.191586291190234	6.13619983573498	paired source-checkpoint bootstrap; fixed test set; 2000 draws; subgroup CIs descriptive/unadjusted
task/metamath	base minus para_e99	forgetting_gap	6	-4.299878450381402	-6.481260854006672	-2.5729666274768745	paired source-checkpoint bootstrap; fixed test set; 2000 draws; subgroup CIs descriptive/unadjusted
task/tulu	base minus para_e99	target	6	0.184842883548986	-1.293900184842882	1.694393099199015	paired source-checkpoint bootstrap; fixed test set; 2000 draws; subgroup CIs descriptive/unadjusted
task/tulu	base minus para_e99	off_score	6	-6.030474313900061	-7.099926501728195	-4.886819906262859	paired source-checkpoint bootstrap; fixed test set; 2000 draws; subgroup CIs descriptive/unadjusted
task/tulu	base minus para_e99	forgetting_gap	6	-0.05783594464849845	-0.15892262647816738	0.0	paired source-checkpoint bootstrap; fixed test set; 2000 draws; subgroup CIs descriptive/unadjusted
model_task/Qwen3-8B/magicoder	base minus para_e99	target	3	1.2195121951219505	0.6097560975609753	2.439024390243901	paired source-checkpoint bootstrap; fixed test set; 2000 draws; subgroup CIs descriptive/unadjusted
model_task/Qwen3-8B/magicoder	base minus para_e99	off_score	3	1.7076935868839531	1.3820113251089907	1.8889863711211916	paired source-checkpoint bootstrap; fixed test set; 2000 draws; subgroup CIs descriptive/unadjusted
model_task/Qwen3-8B/magicoder	base minus para_e99	forgetting_gap	3	-2.045712917249214	-2.2289519917673175	-1.6854942947218632	paired source-checkpoint bootstrap; fixed test set; 2000 draws; subgroup CIs descriptive/unadjusted
model_task/Qwen3-8B/metamath	base minus para_e99	target	3	1.6932019206469466	1.5163002274450292	1.895375284306283	paired source-checkpoint bootstrap; fixed test set; 2000 draws; subgroup CIs descriptive/unadjusted
model_task/Qwen3-8B/metamath	base minus para_e99	off_score	3	4.317831134910641	1.0934867496414995	9.303058840517544	paired source-checkpoint bootstrap; fixed test set; 2000 draws; subgroup CIs descriptive/unadjusted
model_task/Qwen3-8B/metamath	base minus para_e99	forgetting_gap	3	-4.506734993412783	-9.442390634627237	-1.2691041882692389	paired source-checkpoint bootstrap; fixed test set; 2000 draws; subgroup CIs descriptive/unadjusted
model_task/Qwen3-8B/tulu	base minus para_e99	target	3	2.0332717190388223	1.4787430683918785	2.587800369685766	paired source-checkpoint bootstrap; fixed test set; 2000 draws; subgroup CIs descriptive/unadjusted
model_task/Qwen3-8B/tulu	base minus para_e99	off_score	3	-7.406551117466265	-7.836850660735067	-7.111717168846084	paired source-checkpoint bootstrap; fixed test set; 2000 draws; subgroup CIs descriptive/unadjusted
model_task/Qwen3-8B/tulu	base minus para_e99	forgetting_gap	3	0.0	0.0	0.0	paired source-checkpoint bootstrap; fixed test set; 2000 draws; subgroup CIs descriptive/unadjusted
model_task/Llama-3.1-8B-Instruct/magicoder	base minus para_e99	target	3	-1.829268292682933	-2.439024390243908	-1.2195121951219576	paired source-checkpoint bootstrap; fixed test set; 2000 draws; subgroup CIs descriptive/unadjusted
model_task/Llama-3.1-8B-Instruct/magicoder	base minus para_e99	off_score	3	3.980980312281401	2.975460688040819	4.739534365275972	paired source-checkpoint bootstrap; fixed test set; 2000 draws; subgroup CIs descriptive/unadjusted
model_task/Llama-3.1-8B-Instruct/magicoder	base minus para_e99	forgetting_gap	3	-4.621195963869315	-4.739534365275982	-4.44121757457103	paired source-checkpoint bootstrap; fixed test set; 2000 draws; subgroup CIs descriptive/unadjusted
model_task/Llama-3.1-8B-Instruct/metamath	base minus para_e99	target	3	-13.267626990144047	-14.556482183472326	-12.50947687642153	paired source-checkpoint bootstrap; fixed test set; 2000 draws; subgroup CIs descriptive/unadjusted
model_task/Llama-3.1-8B-Instruct/metamath	base minus para_e99	off_score	3	3.3477644547754863	2.4239603138726196	3.92711436441175	paired source-checkpoint bootstrap; fixed test set; 2000 draws; subgroup CIs descriptive/unadjusted
model_task/Llama-3.1-8B-Instruct/metamath	base minus para_e99	forgetting_gap	3	-4.093021907350021	-4.536870461972735	-3.6434725089945794	paired source-checkpoint bootstrap; fixed test set; 2000 draws; subgroup CIs descriptive/unadjusted
model_task/Llama-3.1-8B-Instruct/tulu	base minus para_e99	target	3	-1.6635859519408502	-2.4029574861367777	-0.9242144177449205	paired source-checkpoint bootstrap; fixed test set; 2000 draws; subgroup CIs descriptive/unadjusted
model_task/Llama-3.1-8B-Instruct/tulu	base minus para_e99	off_score	3	-4.654397510333858	-5.213667502622364	-4.043320691878968	paired source-checkpoint bootstrap; fixed test set; 2000 draws; subgroup CIs descriptive/unadjusted
model_task/Llama-3.1-8B-Instruct/tulu	base minus para_e99	forgetting_gap	3	-0.1156718892969969	-0.3032600454890068	0.0	paired source-checkpoint bootstrap; fixed test set; 2000 draws; subgroup CIs descriptive/unadjusted
overall	original_lora minus hns_f4_s1	target	18	-4.08546025735966	-5.617283346002968	-2.6521975308833965	paired source-checkpoint bootstrap; fixed test set; 2000 draws; subgroup CIs descriptive/unadjusted
overall	original_lora minus hns_f4_s1	off_score	18	-3.2403035467098706	-4.550703757115048	-1.896432119693649	paired source-checkpoint bootstrap; fixed test set; 2000 draws; subgroup CIs descriptive/unadjusted
overall	original_lora minus hns_f4_s1	forgetting_gap	18	2.3640701215884095	1.4380572926353274	3.4774395557302196	paired source-checkpoint bootstrap; fixed test set; 2000 draws; subgroup CIs descriptive/unadjusted
model/Qwen3-8B	original_lora minus hns_f4_s1	target	9	-6.071252791821167	-8.207976041956615	-4.037866037557281	paired source-checkpoint bootstrap; fixed test set; 2000 draws; subgroup CIs descriptive/unadjusted
model/Qwen3-8B	original_lora minus hns_f4_s1	off_score	9	-3.2155591912079666	-5.77263281557586	-0.9750553950934506	paired source-checkpoint bootstrap; fixed test set; 2000 draws; subgroup CIs descriptive/unadjusted
model/Qwen3-8B	original_lora minus hns_f4_s1	forgetting_gap	9	2.2045652076565645	0.7437559624835178	4.2886915270156205	paired source-checkpoint bootstrap; fixed test set; 2000 draws; subgroup CIs descriptive/unadjusted
model/Llama-3.1-8B-Instruct	original_lora minus hns_f4_s1	target	9	-2.099667722898155	-3.0975687345059266	-0.9950414662489309	paired source-checkpoint bootstrap; fixed test set; 2000 draws; subgroup CIs descriptive/unadjusted
model/Llama-3.1-8B-Instruct	original_lora minus hns_f4_s1	off_score	9	-3.2650479022117747	-4.36754653793849	-2.0891151409341764	paired source-checkpoint bootstrap; fixed test set; 2000 draws; subgroup CIs descriptive/unadjusted
model/Llama-3.1-8B-Instruct	original_lora minus hns_f4_s1	forgetting_gap	9	2.5235750355202544	1.6648952749334163	3.3055572679141596	paired source-checkpoint bootstrap; fixed test set; 2000 draws; subgroup CIs descriptive/unadjusted
task/magicoder	original_lora minus hns_f4_s1	target	6	-5.284552845528453	-9.04471544715447	-1.4227642276422756	paired source-checkpoint bootstrap; fixed test set; 2000 draws; subgroup CIs descriptive/unadjusted
task/magicoder	original_lora minus hns_f4_s1	off_score	6	-3.913504291587543	-4.551783558572628	-3.3278380249339934	paired source-checkpoint bootstrap; fixed test set; 2000 draws; subgroup CIs descriptive/unadjusted
task/magicoder	original_lora minus hns_f4_s1	forgetting_gap	6	2.48663965210265	1.7493925187173698	3.2771657711222395	paired source-checkpoint bootstrap; fixed test set; 2000 draws; subgroup CIs descriptive/unadjusted
task/metamath	original_lora minus hns_f4_s1	target	6	-3.6138488754106675	-4.068738943644175	-3.1968663128632833	paired source-checkpoint bootstrap; fixed test set; 2000 draws; subgroup CIs descriptive/unadjusted
task/metamath	original_lora minus hns_f4_s1	off_score	6	-5.6186251327676615	-7.885859564263512	-3.743679641899861	paired source-checkpoint bootstrap; fixed test set; 2000 draws; subgroup CIs descriptive/unadjusted
task/metamath	original_lora minus hns_f4_s1	forgetting_gap	6	4.173834356455964	2.654858974920985	6.500091430374496	paired source-checkpoint bootstrap; fixed test set; 2000 draws; subgroup CIs descriptive/unadjusted
task/tulu	original_lora minus hns_f4_s1	target	6	-3.357979051139862	-4.559457794208257	-2.3105360443622907	paired source-checkpoint bootstrap; fixed test set; 2000 draws; subgroup CIs descriptive/unadjusted
task/tulu	original_lora minus hns_f4_s1	off_score	6	-0.18878121577440746	-1.2253457021952983	0.6961158794411659	paired source-checkpoint bootstrap; fixed test set; 2000 draws; subgroup CIs descriptive/unadjusted
task/tulu	original_lora minus hns_f4_s1	forgetting_gap	6	0.43173635620661416	0.0	0.9582534625209465	paired source-checkpoint bootstrap; fixed test set; 2000 draws; subgroup CIs descriptive/unadjusted
model_task/Qwen3-8B/magicoder	original_lora minus hns_f4_s1	target	3	-10.365853658536581	-11.585365853658537	-9.756097560975604	paired source-checkpoint bootstrap; fixed test set; 2000 draws; subgroup CIs descriptive/unadjusted
model_task/Qwen3-8B/magicoder	original_lora minus hns_f4_s1	off_score	3	-3.22381358457722	-3.5353319509949728	-2.704147822366906	paired source-checkpoint bootstrap; fixed test set; 2000 draws; subgroup CIs descriptive/unadjusted
model_task/Qwen3-8B/magicoder	original_lora minus hns_f4_s1	forgetting_gap	3	1.6655167511624869	1.1105054007101292	1.985624576956435	paired source-checkpoint bootstrap; fixed test set; 2000 draws; subgroup CIs descriptive/unadjusted
model_task/Qwen3-8B/metamath	original_lora minus hns_f4_s1	target	3	-3.4116755117513264	-4.018195602729335	-2.8051554207733176	paired source-checkpoint bootstrap; fixed test set; 2000 draws; subgroup CIs descriptive/unadjusted
model_task/Qwen3-8B/metamath	original_lora minus hns_f4_s1	off_score	3	-7.118979868487846	-10.74478477721189	-3.6273311806650383	paired source-checkpoint bootstrap; fixed test set; 2000 draws; subgroup CIs descriptive/unadjusted
model_task/Qwen3-8B/metamath	original_lora minus hns_f4_s1	forgetting_gap	3	4.948178871807206	1.798836842342548	9.522414078114908	paired source-checkpoint bootstrap; fixed test set; 2000 draws; subgroup CIs descriptive/unadjusted
model_task/Qwen3-8B/tulu	original_lora minus hns_f4_s1	target	3	-4.436229205175593	-6.284658040665434	-2.9574861367837144	paired source-checkpoint bootstrap; fixed test set; 2000 draws; subgroup CIs descriptive/unadjusted
model_task/Qwen3-8B/tulu	original_lora minus hns_f4_s1	off_score	3	0.6961158794411659	0.17105228528308203	1.2619280456356137	paired source-checkpoint bootstrap; fixed test set; 2000 draws; subgroup CIs descriptive/unadjusted
model_task/Qwen3-8B/tulu	original_lora minus hns_f4_s1	forgetting_gap	3	0.0	0.0	0.0	paired source-checkpoint bootstrap; fixed test set; 2000 draws; subgroup CIs descriptive/unadjusted
model_task/Llama-3.1-8B-Instruct/magicoder	original_lora minus hns_f4_s1	target	3	-0.2032520325203251	-1.2195121951219505	0.6097560975609753	paired source-checkpoint bootstrap; fixed test set; 2000 draws; subgroup CIs descriptive/unadjusted
model_task/Llama-3.1-8B-Instruct/magicoder	original_lora minus hns_f4_s1	off_score	3	-4.603194998597867	-5.085206036451346	-4.251323299516308	paired source-checkpoint bootstrap; fixed test set; 2000 draws; subgroup CIs descriptive/unadjusted
model_task/Llama-3.1-8B-Instruct/magicoder	original_lora minus hns_f4_s1	forgetting_gap	3	3.3077625530428123	2.6461932313218357	4.068708932507266	paired source-checkpoint bootstrap; fixed test set; 2000 draws; subgroup CIs descriptive/unadjusted
model_task/Llama-3.1-8B-Instruct/metamath	original_lora minus hns_f4_s1	target	3	-3.8160222390700085	-4.548900682335102	-3.335860500379084	paired source-checkpoint bootstrap; fixed test set; 2000 draws; subgroup CIs descriptive/unadjusted
model_task/Llama-3.1-8B-Instruct/metamath	original_lora minus hns_f4_s1	off_score	3	-4.118270397047477	-5.4542171890363775	-2.852604298926657	paired source-checkpoint bootstrap; fixed test set; 2000 draws; subgroup CIs descriptive/unadjusted
model_task/Llama-3.1-8B-Instruct/metamath	original_lora minus hns_f4_s1	forgetting_gap	3	3.3994898411047223	3.0151927987924854	3.8948278541456056	paired source-checkpoint bootstrap; fixed test set; 2000 draws; subgroup CIs descriptive/unadjusted
model_task/Llama-3.1-8B-Instruct/tulu	original_lora minus hns_f4_s1	target	3	-2.2797288971041305	-2.7726432532347545	-1.6635859519408527	paired source-checkpoint bootstrap; fixed test set; 2000 draws; subgroup CIs descriptive/unadjusted
model_task/Llama-3.1-8B-Instruct/tulu	original_lora minus hns_f4_s1	off_score	3	-1.0736783109899808	-2.5893394683786966	-0.119711557720251	paired source-checkpoint bootstrap; fixed test set; 2000 draws; subgroup CIs descriptive/unadjusted
model_task/Llama-3.1-8B-Instruct/tulu	original_lora minus hns_f4_s1	forgetting_gap	3	0.8634727124132283	0.0	1.5795513189429968	paired source-checkpoint bootstrap; fixed test set; 2000 draws; subgroup CIs descriptive/unadjusted
overall	original_lora minus para_e90	target	18	-0.7797831638037285	-1.516405407390829	-0.05489854239697916	paired source-checkpoint bootstrap; fixed test set; 2000 draws; subgroup CIs descriptive/unadjusted
overall	original_lora minus para_e90	off_score	18	-0.46141201253250547	-0.859457403013921	-0.10445959699839062	paired source-checkpoint bootstrap; fixed test set; 2000 draws; subgroup CIs descriptive/unadjusted
overall	original_lora minus para_e90	forgetting_gap	18	0.3375238667127797	0.08085269205330309	0.6227528090900805	paired source-checkpoint bootstrap; fixed test set; 2000 draws; subgroup CIs descriptive/unadjusted
model/Qwen3-8B	original_lora minus para_e90	target	9	-0.6721459968590437	-1.8163955462249748	0.48032986709679576	paired source-checkpoint bootstrap; fixed test set; 2000 draws; subgroup CIs descriptive/unadjusted
model/Qwen3-8B	original_lora minus para_e90	off_score	9	-0.11440646064734336	-0.5726563779176367	0.28994350409281205	paired source-checkpoint bootstrap; fixed test set; 2000 draws; subgroup CIs descriptive/unadjusted
model/Qwen3-8B	original_lora minus para_e90	forgetting_gap	9	0.10310524177517404	-0.18607203293496835	0.4360211620974894	paired source-checkpoint bootstrap; fixed test set; 2000 draws; subgroup CIs descriptive/unadjusted
model/Llama-3.1-8B-Instruct	original_lora minus para_e90	target	9	-0.8874203307484131	-1.8864207637958377	-0.07581501137225485	paired source-checkpoint bootstrap; fixed test set; 2000 draws; subgroup CIs descriptive/unadjusted
model/Llama-3.1-8B-Instruct	original_lora minus para_e90	off_score	9	-0.8084175644176675	-1.346048530927909	-0.3149155432193313	paired source-checkpoint bootstrap; fixed test set; 2000 draws; subgroup CIs descriptive/unadjusted
model/Llama-3.1-8B-Instruct	original_lora minus para_e90	forgetting_gap	9	0.5719424916503855	0.222398324825189	0.9776697020050311	paired source-checkpoint bootstrap; fixed test set; 2000 draws; subgroup CIs descriptive/unadjusted
task/magicoder	original_lora minus para_e90	target	6	-0.7113821138211355	-2.439024390243896	1.0162601626016254	paired source-checkpoint bootstrap; fixed test set; 2000 draws; subgroup CIs descriptive/unadjusted
task/magicoder	original_lora minus para_e90	off_score	6	-0.27792854778717907	-0.6038174900849894	0.06507628914060604	paired source-checkpoint bootstrap; fixed test set; 2000 draws; subgroup CIs descriptive/unadjusted
task/magicoder	original_lora minus para_e90	forgetting_gap	6	0.1719002039065517	-0.12687997949615948	0.489557604812114	paired source-checkpoint bootstrap; fixed test set; 2000 draws; subgroup CIs descriptive/unadjusted
task/metamath	original_lora minus para_e90	target	6	-0.3032600454890068	-0.7202426080363887	0.18953752843063162	paired source-checkpoint bootstrap; fixed test set; 2000 draws; subgroup CIs descriptive/unadjusted
task/metamath	original_lora minus para_e90	off_score	6	-0.5444866151202857	-1.121395220891653	0.04622433209799176	paired source-checkpoint bootstrap; fixed test set; 2000 draws; subgroup CIs descriptive/unadjusted
task/metamath	original_lora minus para_e90	forgetting_gap	6	0.3542059242651019	-0.09137062022492566	0.7545823094448181	paired source-checkpoint bootstrap; fixed test set; 2000 draws; subgroup CIs descriptive/unadjusted
task/tulu	original_lora minus para_e90	target	6	-1.324707332101043	-2.556993222427598	-0.18484288354898246	paired source-checkpoint bootstrap; fixed test set; 2000 draws; subgroup CIs descriptive/unadjusted
task/tulu	original_lora minus para_e90	off_score	6	-0.5618208746900516	-1.4254691676474138	0.28320782172193615	paired source-checkpoint bootstrap; fixed test set; 2000 draws; subgroup CIs descriptive/unadjusted
task/tulu	original_lora minus para_e90	forgetting_gap	6	0.4864654719666856	0.0	1.1224408098011607	paired source-checkpoint bootstrap; fixed test set; 2000 draws; subgroup CIs descriptive/unadjusted
model_task/Qwen3-8B/magicoder	original_lora minus para_e90	target	3	0.8130081300813004	-1.2195121951219505	2.439024390243901	paired source-checkpoint bootstrap; fixed test set; 2000 draws; subgroup CIs descriptive/unadjusted
model_task/Qwen3-8B/magicoder	original_lora minus para_e90	off_score	3	0.022014412699178365	-0.235858123703224	0.4045691042149997	paired source-checkpoint bootstrap; fixed test set; 2000 draws; subgroup CIs descriptive/unadjusted
model_task/Qwen3-8B/magicoder	original_lora minus para_e90	forgetting_gap	3	-0.03369556060989173	-0.4296183977760961	0.19904360040491054	paired source-checkpoint bootstrap; fixed test set; 2000 draws; subgroup CIs descriptive/unadjusted
model_task/Qwen3-8B/metamath	original_lora minus para_e90	target	3	-0.30326004548900204	-0.7581501137225075	0.07581501137225644	paired source-checkpoint bootstrap; fixed test set; 2000 draws; subgroup CIs descriptive/unadjusted
model_task/Qwen3-8B/metamath	original_lora minus para_e90	off_score	3	-0.5203206351254579	-1.6032143554858607	0.5324420939979007	paired source-checkpoint bootstrap; fixed test set; 2000 draws; subgroup CIs descriptive/unadjusted
model_task/Qwen3-8B/metamath	original_lora minus para_e90	forgetting_gap	3	0.3430112859354138	-0.5481418030446412	1.1890807447815728	paired source-checkpoint bootstrap; fixed test set; 2000 draws; subgroup CIs descriptive/unadjusted
model_task/Qwen3-8B/tulu	original_lora minus para_e90	target	3	-2.5261860751694294	-3.881700554528649	-0.739371534195925	paired source-checkpoint bootstrap; fixed test set; 2000 draws; subgroup CIs descriptive/unadjusted
model_task/Qwen3-8B/tulu	original_lora minus para_e90	off_score	3	0.15508684048424945	-0.3255803315484229	0.8977115200391665	paired source-checkpoint bootstrap; fixed test set; 2000 draws; subgroup CIs descriptive/unadjusted
model_task/Qwen3-8B/tulu	original_lora minus para_e90	forgetting_gap	3	0.0	0.0	0.0	paired source-checkpoint bootstrap; fixed test set; 2000 draws; subgroup CIs descriptive/unadjusted
model_task/Llama-3.1-8B-Instruct/magicoder	original_lora minus para_e90	target	3	-2.235772357723571	-3.6585365853658445	0.0	paired source-checkpoint bootstrap; fixed test set; 2000 draws; subgroup CIs descriptive/unadjusted
model_task/Llama-3.1-8B-Instruct/magicoder	original_lora minus para_e90	off_score	3	-0.5778715082735365	-0.8264419324615915	-0.106672494378941	paired source-checkpoint bootstrap; fixed test set; 2000 draws; subgroup CIs descriptive/unadjusted
model_task/Llama-3.1-8B-Instruct/magicoder	original_lora minus para_e90	forgetting_gap	3	0.3774959684229951	-0.06483572739658694	0.8264419324615844	paired source-checkpoint bootstrap; fixed test set; 2000 draws; subgroup CIs descriptive/unadjusted
model_task/Llama-3.1-8B-Instruct/metamath	original_lora minus para_e90	target	3	-0.30326004548901153	-1.1372251705837755	0.6823351023502653	paired source-checkpoint bootstrap; fixed test set; 2000 draws; subgroup CIs descriptive/unadjusted
model_task/Llama-3.1-8B-Instruct/metamath	original_lora minus para_e90	off_score	3	-0.5686525951151135	-1.3815925606957435	0.0957706234328839	paired source-checkpoint bootstrap; fixed test set; 2000 draws; subgroup CIs descriptive/unadjusted
model_task/Llama-3.1-8B-Instruct/metamath	original_lora minus para_e90	forgetting_gap	3	0.36540056259478987	0.10748140908743853	0.7718364631347705	paired source-checkpoint bootstrap; fixed test set; 2000 draws; subgroup CIs descriptive/unadjusted
model_task/Llama-3.1-8B-Instruct/tulu	original_lora minus para_e90	target	3	-0.12322858903265654	-0.36968576709796963	0.0	paired source-checkpoint bootstrap; fixed test set; 2000 draws; subgroup CIs descriptive/unadjusted
model_task/Llama-3.1-8B-Instruct/tulu	original_lora minus para_e90	off_score	3	-1.2787285898643528	-2.064407389768931	0.22399623405597424	paired source-checkpoint bootstrap; fixed test set; 2000 draws; subgroup CIs descriptive/unadjusted
model_task/Llama-3.1-8B-Instruct/tulu	original_lora minus para_e90	forgetting_gap	3	0.9729309439333712	0.0	1.907926013503425	paired source-checkpoint bootstrap; fixed test set; 2000 draws; subgroup CIs descriptive/unadjusted
overall	original_lora minus para_e95	target	18	-0.5843506022853605	-1.1027080174493202	-0.08073174183903806	paired source-checkpoint bootstrap; fixed test set; 2000 draws; subgroup CIs descriptive/unadjusted
overall	original_lora minus para_e95	off_score	18	-0.0845106132431393	-0.5061120365791573	0.2965341604388104	paired source-checkpoint bootstrap; fixed test set; 2000 draws; subgroup CIs descriptive/unadjusted
overall	original_lora minus para_e95	forgetting_gap	18	0.01272771634393065	-0.30413272778212047	0.3124405944849394	paired source-checkpoint bootstrap; fixed test set; 2000 draws; subgroup CIs descriptive/unadjusted
model/Qwen3-8B	original_lora minus para_e95	target	9	-0.7098844057014619	-1.5178113346618824	0.07647330699888834	paired source-checkpoint bootstrap; fixed test set; 2000 draws; subgroup CIs descriptive/unadjusted
model/Qwen3-8B	original_lora minus para_e95	off_score	9	0.09908542964202066	-0.2671397607028276	0.4560737560272894	paired source-checkpoint bootstrap; fixed test set; 2000 draws; subgroup CIs descriptive/unadjusted
model/Qwen3-8B	original_lora minus para_e95	forgetting_gap	9	-0.11673030778133286	-0.4415104948919562	0.22226846797777355	paired source-checkpoint bootstrap; fixed test set; 2000 draws; subgroup CIs descriptive/unadjusted
model/Llama-3.1-8B-Instruct	original_lora minus para_e95	target	9	-0.4588167988692591	-1.0162497518947669	0.19192779444382913	paired source-checkpoint bootstrap; fixed test set; 2000 draws; subgroup CIs descriptive/unadjusted
model/Llama-3.1-8B-Instruct	original_lora minus para_e95	off_score	9	-0.26810665612829926	-0.9601902471203289	0.3906696743478745	paired source-checkpoint bootstrap; fixed test set; 2000 draws; subgroup CIs descriptive/unadjusted
model/Llama-3.1-8B-Instruct	original_lora minus para_e95	forgetting_gap	9	0.14218574046919422	-0.35048645892035235	0.6068788209007429	paired source-checkpoint bootstrap; fixed test set; 2000 draws; subgroup CIs descriptive/unadjusted
task/magicoder	original_lora minus para_e95	target	6	-0.5081300813008127	-1.2195121951219505	0.30487804878048763	paired source-checkpoint bootstrap; fixed test set; 2000 draws; subgroup CIs descriptive/unadjusted
task/magicoder	original_lora minus para_e95	off_score	6	-0.033994327790954536	-0.6894276671708207	0.5631440151694627	paired source-checkpoint bootstrap; fixed test set; 2000 draws; subgroup CIs descriptive/unadjusted
task/magicoder	original_lora minus para_e95	forgetting_gap	6	-0.0009246380561557984	-0.591975642207891	0.6124712443808794	paired source-checkpoint bootstrap; fixed test set; 2000 draws; subgroup CIs descriptive/unadjusted
task/metamath	original_lora minus para_e95	target	6	-0.012635835228711775	-0.6065200909780089	0.5054334091483383	paired source-checkpoint bootstrap; fixed test set; 2000 draws; subgroup CIs descriptive/unadjusted
task/metamath	original_lora minus para_e95	off_score	6	-0.20897554695162293	-0.5964751339697768	0.2026653042340314	paired source-checkpoint bootstrap; fixed test set; 2000 draws; subgroup CIs descriptive/unadjusted
task/metamath	original_lora minus para_e95	forgetting_gap	6	0.1000017450922877	-0.27999911427704854	0.4991716498052454	paired source-checkpoint bootstrap; fixed test set; 2000 draws; subgroup CIs descriptive/unadjusted
task/tulu	original_lora minus para_e95	target	6	-1.2322858903265572	-2.187307455329641	-0.4305298829328469	paired source-checkpoint bootstrap; fixed test set; 2000 draws; subgroup CIs descriptive/unadjusted
task/tulu	original_lora minus para_e95	off_score	6	-0.010561964986840403	-1.0631132977755064	0.8032390552251207	paired source-checkpoint bootstrap; fixed test set; 2000 draws; subgroup CIs descriptive/unadjusted
task/tulu	original_lora minus para_e95	forgetting_gap	6	-0.06089395800433987	-0.6881152831613638	0.5054334091483442	paired source-checkpoint bootstrap; fixed test set; 2000 draws; subgroup CIs descriptive/unadjusted
model_task/Qwen3-8B/magicoder	original_lora minus para_e95	target	3	-0.6097560975609753	-1.2195121951219505	0.6097560975609753	paired source-checkpoint bootstrap; fixed test set; 2000 draws; subgroup CIs descriptive/unadjusted
model_task/Qwen3-8B/magicoder	original_lora minus para_e95	off_score	3	0.4111678219982906	-0.360126707791224	0.9260812859784551	paired source-checkpoint bootstrap; fixed test set; 2000 draws; subgroup CIs descriptive/unadjusted
model_task/Qwen3-8B/magicoder	original_lora minus para_e95	forgetting_gap	3	-0.41180521786032726	-0.9068839376345655	0.3444140966405531	paired source-checkpoint bootstrap; fixed test set; 2000 draws; subgroup CIs descriptive/unadjusted
model_task/Qwen3-8B/metamath	original_lora minus para_e95	target	3	0.3285317159464209	-0.37907505686125376	0.7581501137225075	paired source-checkpoint bootstrap; fixed test set; 2000 draws; subgroup CIs descriptive/unadjusted
model_task/Qwen3-8B/metamath	original_lora minus para_e95	off_score	3	-0.07630986571467464	-0.8578038296536477	0.5725504529102068	paired source-checkpoint bootstrap; fixed test set; 2000 draws; subgroup CIs descriptive/unadjusted
model_task/Qwen3-8B/metamath	original_lora minus para_e95	forgetting_gap	3	0.06161429451632864	-0.6161429451632752	0.8994184211712716	paired source-checkpoint bootstrap; fixed test set; 2000 draws; subgroup CIs descriptive/unadjusted
model_task/Qwen3-8B/tulu	original_lora minus para_e95	target	3	-1.8484288354898315	-3.3271719038817054	-0.9242144177449205	paired source-checkpoint bootstrap; fixed test set; 2000 draws; subgroup CIs descriptive/unadjusted
model_task/Qwen3-8B/tulu	original_lora minus para_e95	off_score	3	-0.03760166735755396	-0.5478702835633555	0.3441162590675191	paired source-checkpoint bootstrap; fixed test set; 2000 draws; subgroup CIs descriptive/unadjusted
model_task/Qwen3-8B/tulu	original_lora minus para_e95	forgetting_gap	3	0.0	0.0	0.0	paired source-checkpoint bootstrap; fixed test set; 2000 draws; subgroup CIs descriptive/unadjusted
model_task/Llama-3.1-8B-Instruct/magicoder	original_lora minus para_e95	target	3	-0.4065040650406502	-1.2195121951219505	1.2195121951219505	paired source-checkpoint bootstrap; fixed test set; 2000 draws; subgroup CIs descriptive/unadjusted
model_task/Llama-3.1-8B-Instruct/magicoder	original_lora minus para_e95	off_score	3	-0.4791564775801997	-1.1694849312465507	0.47963659157218075	paired source-checkpoint bootstrap; fixed test set; 2000 draws; subgroup CIs descriptive/unadjusted
model_task/Llama-3.1-8B-Instruct/magicoder	original_lora minus para_e95	forgetting_gap	3	0.40995594174801564	-0.4345214944945539	1.1694849312465463	paired source-checkpoint bootstrap; fixed test set; 2000 draws; subgroup CIs descriptive/unadjusted
model_task/Llama-3.1-8B-Instruct/metamath	original_lora minus para_e95	target	3	-0.3538033864038444	-1.2130401819560177	0.5307050796057524	paired source-checkpoint bootstrap; fixed test set; 2000 draws; subgroup CIs descriptive/unadjusted
model_task/Llama-3.1-8B-Instruct/metamath	original_lora minus para_e95	off_score	3	-0.34164122818857123	-0.6612135514036552	0.10323023847780632	paired source-checkpoint bootstrap; fixed test set; 2000 draws; subgroup CIs descriptive/unadjusted
model_task/Llama-3.1-8B-Instruct/metamath	original_lora minus para_e95	forgetting_gap	3	0.13838919566824673	-0.3064822709981385	0.4579615188833319	paired source-checkpoint bootstrap; fixed test set; 2000 draws; subgroup CIs descriptive/unadjusted
model_task/Llama-3.1-8B-Instruct/tulu	original_lora minus para_e95	target	3	-0.6161429451632827	-1.6635859519408527	0.3696857670979625	paired source-checkpoint bootstrap; fixed test set; 2000 draws; subgroup CIs descriptive/unadjusted
model_task/Llama-3.1-8B-Instruct/tulu	original_lora minus para_e95	off_score	3	0.016477737383873148	-2.219659570850297	1.3762305663227252	paired source-checkpoint bootstrap; fixed test set; 2000 draws; subgroup CIs descriptive/unadjusted
model_task/Llama-3.1-8B-Instruct/tulu	original_lora minus para_e95	forgetting_gap	3	-0.12178791600867973	-1.3762305663227277	1.0108668182966885	paired source-checkpoint bootstrap; fixed test set; 2000 draws; subgroup CIs descriptive/unadjusted
overall	original_lora minus para_e99	target	18	-0.4440944548042604	-0.7834329580063213	-0.08840039526164245	paired source-checkpoint bootstrap; fixed test set; 2000 draws; subgroup CIs descriptive/unadjusted
overall	original_lora minus para_e99	off_score	18	-0.22635440704343265	-0.565779048113947	0.031087196668339236	paired source-checkpoint bootstrap; fixed test set; 2000 draws; subgroup CIs descriptive/unadjusted
overall	original_lora minus para_e99	forgetting_gap	18	0.14444306607502463	-0.0730818873606147	0.4238113613751866	paired source-checkpoint bootstrap; fixed test set; 2000 draws; subgroup CIs descriptive/unadjusted
model/Qwen3-8B	original_lora minus para_e99	target	9	-0.5646724674270752	-0.9370551155562606	-0.18882423597820427	paired source-checkpoint bootstrap; fixed test set; 2000 draws; subgroup CIs descriptive/unadjusted
model/Qwen3-8B	original_lora minus para_e99	off_score	9	-0.05510491879792707	-0.32133681259895697	0.1872336688069986	paired source-checkpoint bootstrap; fixed test set; 2000 draws; subgroup CIs descriptive/unadjusted
model/Qwen3-8B	original_lora minus para_e99	forgetting_gap	9	0.020415904102565403	-0.20339160862505357	0.26486932333904584	paired source-checkpoint bootstrap; fixed test set; 2000 draws; subgroup CIs descriptive/unadjusted
model/Llama-3.1-8B-Instruct	original_lora minus para_e99	target	9	-0.32351644218144554	-0.9235343393875856	0.2369866273468734	paired source-checkpoint bootstrap; fixed test set; 2000 draws; subgroup CIs descriptive/unadjusted
model/Llama-3.1-8B-Instruct	original_lora minus para_e99	off_score	9	-0.39760389528893825	-0.9477161610010276	0.0028459478628617835	paired source-checkpoint bootstrap; fixed test set; 2000 draws; subgroup CIs descriptive/unadjusted
model/Llama-3.1-8B-Instruct	original_lora minus para_e99	forgetting_gap	9	0.2684702280474839	-0.09042135259962816	0.72771572948387	paired source-checkpoint bootstrap; fixed test set; 2000 draws; subgroup CIs descriptive/unadjusted
task/magicoder	original_lora minus para_e99	target	6	-0.40650406504065134	-1.0162601626016279	0.30487804878048763	paired source-checkpoint bootstrap; fixed test set; 2000 draws; subgroup CIs descriptive/unadjusted
task/magicoder	original_lora minus para_e99	off_score	6	0.12822024043064673	-0.09594052782265443	0.35500497298257133	paired source-checkpoint bootstrap; fixed test set; 2000 draws; subgroup CIs descriptive/unadjusted
task/magicoder	original_lora minus para_e99	forgetting_gap	6	-0.20228812985163544	-0.4324328533419805	0.027856593638709626	paired source-checkpoint bootstrap; fixed test set; 2000 draws; subgroup CIs descriptive/unadjusted
task/metamath	original_lora minus para_e99	target	6	-0.06317917614354467	-0.34116755117513264	0.13899418751579162	paired source-checkpoint bootstrap; fixed test set; 2000 draws; subgroup CIs descriptive/unadjusted
task/metamath	original_lora minus para_e99	off_score	6	-0.25306214963189194	-0.4871993393315258	-0.03284673445098818	paired source-checkpoint bootstrap; fixed test set; 2000 draws; subgroup CIs descriptive/unadjusted
task/metamath	original_lora minus para_e99	forgetting_gap	6	0.20698780075852222	-0.0485045040135592	0.48074396340170295	paired source-checkpoint bootstrap; fixed test set; 2000 draws; subgroup CIs descriptive/unadjusted
task/tulu	original_lora minus para_e99	target	6	-0.8626001232285851	-1.4787430683918632	-0.18484288354898126	paired source-checkpoint bootstrap; fixed test set; 2000 draws; subgroup CIs descriptive/unadjusted
task/tulu	original_lora minus para_e99	off_score	6	-0.5542213119290528	-1.3285332132723133	0.06406055898441484	paired source-checkpoint bootstrap; fixed test set; 2000 draws; subgroup CIs descriptive/unadjusted
task/tulu	original_lora minus para_e99	forgetting_gap	6	0.4286295273181871	0.0	1.0500196576853342	paired source-checkpoint bootstrap; fixed test set; 2000 draws; subgroup CIs descriptive/unadjusted
model_task/Qwen3-8B/magicoder	original_lora minus para_e99	target	3	-1.0162601626016279	-1.2195121951219576	-0.6097560975609753	paired source-checkpoint bootstrap; fixed test set; 2000 draws; subgroup CIs descriptive/unadjusted
model_task/Qwen3-8B/magicoder	original_lora minus para_e99	off_score	3	0.37526651983678505	0.27919102596030143	0.5658757396739986	paired source-checkpoint bootstrap; fixed test set; 2000 draws; subgroup CIs descriptive/unadjusted
model_task/Qwen3-8B/magicoder	original_lora minus para_e99	forgetting_gap	3	-0.3801961660867272	-0.574988894011734	-0.2433274148108826	paired source-checkpoint bootstrap; fixed test set; 2000 draws; subgroup CIs descriptive/unadjusted
model_task/Qwen3-8B/metamath	original_lora minus para_e99	target	3	0.0	-0.2274450341167551	0.15163002274449866	paired source-checkpoint bootstrap; fixed test set; 2000 draws; subgroup CIs descriptive/unadjusted
model_task/Qwen3-8B/metamath	original_lora minus para_e99	off_score	3	-0.4658418986343828	-0.7188558479126357	-0.12382823527139664	paired source-checkpoint bootstrap; fixed test set; 2000 draws; subgroup CIs descriptive/unadjusted
model_task/Qwen3-8B/metamath	original_lora minus para_e99	forgetting_gap	3	0.4414438783944234	0.08002344348767032	0.7145755376222906	paired source-checkpoint bootstrap; fixed test set; 2000 draws; subgroup CIs descriptive/unadjusted
model_task/Qwen3-8B/tulu	original_lora minus para_e99	target	3	-0.677757239679598	-1.2939001848428688	0.18484288354899547	paired source-checkpoint bootstrap; fixed test set; 2000 draws; subgroup CIs descriptive/unadjusted
model_task/Qwen3-8B/tulu	original_lora minus para_e99	off_score	3	-0.07473937759618347	-0.2820367259603813	0.17168011574088382	paired source-checkpoint bootstrap; fixed test set; 2000 draws; subgroup CIs descriptive/unadjusted
model_task/Qwen3-8B/tulu	original_lora minus para_e99	forgetting_gap	3	0.0	0.0	0.0	paired source-checkpoint bootstrap; fixed test set; 2000 draws; subgroup CIs descriptive/unadjusted
model_task/Llama-3.1-8B-Instruct/magicoder	original_lora minus para_e99	target	3	0.2032520325203251	-0.6097560975609753	1.2195121951219505	paired source-checkpoint bootstrap; fixed test set; 2000 draws; subgroup CIs descriptive/unadjusted
model_task/Llama-3.1-8B-Instruct/magicoder	original_lora minus para_e99	off_score	3	-0.1188260389754916	-0.23884838207743542	0.009891466113884917	paired source-checkpoint bootstrap; fixed test set; 2000 draws; subgroup CIs descriptive/unadjusted
model_task/Llama-3.1-8B-Instruct/magicoder	original_lora minus para_e99	forgetting_gap	3	-0.024380093616543697	-0.4395098638899837	0.2388483820774283	paired source-checkpoint bootstrap; fixed test set; 2000 draws; subgroup CIs descriptive/unadjusted
model_task/Llama-3.1-8B-Instruct/metamath	original_lora minus para_e99	target	3	-0.12635835228708933	-0.6823351023502653	0.15163002274449866	paired source-checkpoint bootstrap; fixed test set; 2000 draws; subgroup CIs descriptive/unadjusted
model_task/Llama-3.1-8B-Instruct/metamath	original_lora minus para_e99	off_score	3	-0.04028240062940114	-0.1684422323418744	0.09015731158184082	paired source-checkpoint bootstrap; fixed test set; 2000 draws; subgroup CIs descriptive/unadjusted
model_task/Llama-3.1-8B-Instruct/metamath	original_lora minus para_e99	forgetting_gap	3	-0.027468276877378923	-0.293409344102173	0.16844223234186906	paired source-checkpoint bootstrap; fixed test set; 2000 draws; subgroup CIs descriptive/unadjusted
model_task/Llama-3.1-8B-Instruct/tulu	original_lora minus para_e99	target	3	-1.0474430067775724	-1.6635859519408527	0.18484288354898126	paired source-checkpoint bootstrap; fixed test set; 2000 draws; subgroup CIs descriptive/unadjusted
model_task/Llama-3.1-8B-Instruct/tulu	original_lora minus para_e99	off_score	3	-1.033703246261922	-2.2927101200165367	0.2769831099272295	paired source-checkpoint bootstrap; fixed test set; 2000 draws; subgroup CIs descriptive/unadjusted
model_task/Llama-3.1-8B-Instruct/tulu	original_lora minus para_e99	forgetting_gap	3	0.8572590546363742	0.0	1.8641703911014413	paired source-checkpoint bootstrap; fixed test set; 2000 draws; subgroup CIs descriptive/unadjusted
overall	hns_f4_s1 minus para_e90	target	18	3.3056770935559325	1.4956452889081977	5.3482377847772655	paired source-checkpoint bootstrap; fixed test set; 2000 draws; subgroup CIs descriptive/unadjusted
overall	hns_f4_s1 minus para_e90	off_score	18	2.7788915341773652	1.5056898811273722	4.116377803546939	paired source-checkpoint bootstrap; fixed test set; 2000 draws; subgroup CIs descriptive/unadjusted
overall	hns_f4_s1 minus para_e90	forgetting_gap	18	-2.0265462548756297	-3.1291140038582603	-1.0799251384948099	paired source-checkpoint bootstrap; fixed test set; 2000 draws; subgroup CIs descriptive/unadjusted
model/Qwen3-8B	hns_f4_s1 minus para_e90	target	9	5.399106794962123	2.7603442254981183	8.398064998422713	paired source-checkpoint bootstrap; fixed test set; 2000 draws; subgroup CIs descriptive/unadjusted
model/Qwen3-8B	hns_f4_s1 minus para_e90	off_score	9	3.101152730560623	0.9863398736078343	5.434392308269459	paired source-checkpoint bootstrap; fixed test set; 2000 draws; subgroup CIs descriptive/unadjusted
model/Qwen3-8B	hns_f4_s1 minus para_e90	forgetting_gap	9	-2.10145996588139	-4.265934789955257	-0.6015166220273149	paired source-checkpoint bootstrap; fixed test set; 2000 draws; subgroup CIs descriptive/unadjusted
model/Llama-3.1-8B-Instruct	hns_f4_s1 minus para_e90	target	9	1.2122473921497416	-0.5233436986945074	2.659099882936376	paired source-checkpoint bootstrap; fixed test set; 2000 draws; subgroup CIs descriptive/unadjusted
model/Llama-3.1-8B-Instruct	hns_f4_s1 minus para_e90	off_score	9	2.4566303377941074	1.1295481107900278	3.608928432177667	paired source-checkpoint bootstrap; fixed test set; 2000 draws; subgroup CIs descriptive/unadjusted
model/Llama-3.1-8B-Instruct	hns_f4_s1 minus para_e90	forgetting_gap	9	-1.9516325438698692	-2.9099804997763723	-0.9261135190832275	paired source-checkpoint bootstrap; fixed test set; 2000 draws; subgroup CIs descriptive/unadjusted
task/magicoder	hns_f4_s1 minus para_e90	target	6	4.573170731707318	-0.508130081300808	9.961890243902424	paired source-checkpoint bootstrap; fixed test set; 2000 draws; subgroup CIs descriptive/unadjusted
task/magicoder	hns_f4_s1 minus para_e90	off_score	6	3.635575743800364	3.293744843733902	4.014151884756863	paired source-checkpoint bootstrap; fixed test set; 2000 draws; subgroup CIs descriptive/unadjusted
task/magicoder	hns_f4_s1 minus para_e90	forgetting_gap	6	-2.3147394481960983	-2.8091582443954817	-1.835898054564156	paired source-checkpoint bootstrap; fixed test set; 2000 draws; subgroup CIs descriptive/unadjusted
task/metamath	hns_f4_s1 minus para_e90	target	6	3.310588829921661	2.893606267374276	3.714935557240338	paired source-checkpoint bootstrap; fixed test set; 2000 draws; subgroup CIs descriptive/unadjusted
task/metamath	hns_f4_s1 minus para_e90	off_score	6	5.074138517647376	2.900113802345333	7.363800129415669	paired source-checkpoint bootstrap; fixed test set; 2000 draws; subgroup CIs descriptive/unadjusted
task/metamath	hns_f4_s1 minus para_e90	forgetting_gap	6	-3.819628432190863	-6.0842042202777655	-2.0113599648357763	paired source-checkpoint bootstrap; fixed test set; 2000 draws; subgroup CIs descriptive/unadjusted
task/tulu	hns_f4_s1 minus para_e90	target	6	2.0332717190388188	1.1082871226124478	2.74183610597659	paired source-checkpoint bootstrap; fixed test set; 2000 draws; subgroup CIs descriptive/unadjusted
task/tulu	hns_f4_s1 minus para_e90	off_score	6	-0.37303965891564417	-0.8922078692852667	0.1462751338723308	paired source-checkpoint bootstrap; fixed test set; 2000 draws; subgroup CIs descriptive/unadjusted
task/tulu	hns_f4_s1 minus para_e90	forgetting_gap	6	0.05472911576007138	0.0	0.16418734728021414	paired source-checkpoint bootstrap; fixed test set; 2000 draws; subgroup CIs descriptive/unadjusted
model_task/Qwen3-8B/magicoder	hns_f4_s1 minus para_e90	target	3	11.178861788617882	8.536585365853654	14.024390243902438	paired source-checkpoint bootstrap; fixed test set; 2000 draws; subgroup CIs descriptive/unadjusted
model_task/Qwen3-8B/magicoder	hns_f4_s1 minus para_e90	off_score	3	3.245827997276398	3.1087169265819057	3.3292932379555396	paired source-checkpoint bootstrap; fixed test set; 2000 draws; subgroup CIs descriptive/unadjusted
model_task/Qwen3-8B/magicoder	hns_f4_s1 minus para_e90	forgetting_gap	3	-1.6992123117723785	-1.8561364614149245	-1.5401237984862253	paired source-checkpoint bootstrap; fixed test set; 2000 draws; subgroup CIs descriptive/unadjusted
model_task/Qwen3-8B/metamath	hns_f4_s1 minus para_e90	target	3	3.1084154662623242	2.5777103866565625	3.487490523123583	paired source-checkpoint bootstrap; fixed test set; 2000 draws; subgroup CIs descriptive/unadjusted
model_task/Qwen3-8B/metamath	hns_f4_s1 minus para_e90	off_score	3	6.598659233362388	2.0241168251791777	10.254595133323477	paired source-checkpoint bootstrap; fixed test set; 2000 draws; subgroup CIs descriptive/unadjusted
model_task/Qwen3-8B/metamath	hns_f4_s1 minus para_e90	forgetting_gap	3	-4.605167585871793	-9.134319162045598	-0.6097560975609753	paired source-checkpoint bootstrap; fixed test set; 2000 draws; subgroup CIs descriptive/unadjusted
model_task/Qwen3-8B/tulu	hns_f4_s1 minus para_e90	target	3	1.9100431300061633	0.0	3.3271719038817054	paired source-checkpoint bootstrap; fixed test set; 2000 draws; subgroup CIs descriptive/unadjusted
model_task/Qwen3-8B/tulu	hns_f4_s1 minus para_e90	off_score	3	-0.5410290389569165	-0.7622379744427974	-0.3642165255964471	paired source-checkpoint bootstrap; fixed test set; 2000 draws; subgroup CIs descriptive/unadjusted
model_task/Qwen3-8B/tulu	hns_f4_s1 minus para_e90	forgetting_gap	3	0.0	0.0	0.0	paired source-checkpoint bootstrap; fixed test set; 2000 draws; subgroup CIs descriptive/unadjusted
model_task/Llama-3.1-8B-Instruct/magicoder	hns_f4_s1 minus para_e90	target	3	-2.032520325203246	-3.0640243902438926	-0.6097560975609753	paired source-checkpoint bootstrap; fixed test set; 2000 draws; subgroup CIs descriptive/unadjusted
model_task/Llama-3.1-8B-Instruct/magicoder	hns_f4_s1 minus para_e90	off_score	3	4.02532349032433	3.646613727364354	4.284705938471269	paired source-checkpoint bootstrap; fixed test set; 2000 draws; subgroup CIs descriptive/unadjusted
model_task/Llama-3.1-8B-Instruct/magicoder	hns_f4_s1 minus para_e90	forgetting_gap	3	-2.9302665846198175	-3.2422670000456812	-2.7110289587184226	paired source-checkpoint bootstrap; fixed test set; 2000 draws; subgroup CIs descriptive/unadjusted
model_task/Llama-3.1-8B-Instruct/metamath	hns_f4_s1 minus para_e90	target	3	3.512762193580997	2.88097043214556	4.245640636846105	paired source-checkpoint bootstrap; fixed test set; 2000 draws; subgroup CIs descriptive/unadjusted
model_task/Llama-3.1-8B-Instruct/metamath	hns_f4_s1 minus para_e90	off_score	3	3.5496178019323636	2.948374922359541	4.072624628340634	paired source-checkpoint bootstrap; fixed test set; 2000 draws; subgroup CIs descriptive/unadjusted
model_task/Llama-3.1-8B-Instruct/metamath	hns_f4_s1 minus para_e90	forgetting_gap	3	-3.0340892785099327	-3.6779440385834454	-2.2433563356577153	paired source-checkpoint bootstrap; fixed test set; 2000 draws; subgroup CIs descriptive/unadjusted
model_task/Llama-3.1-8B-Instruct/tulu	hns_f4_s1 minus para_e90	target	3	2.156500308071474	1.6635859519408527	2.402957486136785	paired source-checkpoint bootstrap; fixed test set; 2000 draws; subgroup CIs descriptive/unadjusted
model_task/Llama-3.1-8B-Instruct/tulu	hns_f4_s1 minus para_e90	off_score	3	-0.20505027887437186	-1.4837907070091063	0.5249320786097655	paired source-checkpoint bootstrap; fixed test set; 2000 draws; subgroup CIs descriptive/unadjusted
model_task/Llama-3.1-8B-Instruct/tulu	hns_f4_s1 minus para_e90	forgetting_gap	3	0.10945823152014277	0.0	0.3283746945604283	paired source-checkpoint bootstrap; fixed test set; 2000 draws; subgroup CIs descriptive/unadjusted
overall	hns_f4_s1 minus para_e95	target	18	3.5011096550743	2.114005077314549	5.063317875194874	paired source-checkpoint bootstrap; fixed test set; 2000 draws; subgroup CIs descriptive/unadjusted
overall	hns_f4_s1 minus para_e95	off_score	18	3.1557929334667314	1.757195594419891	4.5466123812419585	paired source-checkpoint bootstrap; fixed test set; 2000 draws; subgroup CIs descriptive/unadjusted
overall	hns_f4_s1 minus para_e95	forgetting_gap	18	-2.3513424052444787	-3.502040015810639	-1.4012014177623109	paired source-checkpoint bootstrap; fixed test set; 2000 draws; subgroup CIs descriptive/unadjusted
model/Qwen3-8B	hns_f4_s1 minus para_e95	target	9	5.361368386119705	3.448069216159428	7.6751215240434725	paired source-checkpoint bootstrap; fixed test set; 2000 draws; subgroup CIs descriptive/unadjusted
model/Qwen3-8B	hns_f4_s1 minus para_e95	off_score	9	3.3146446208499873	0.9756029470412775	6.06136914764279	paired source-checkpoint bootstrap; fixed test set; 2000 draws; subgroup CIs descriptive/unadjusted
model/Qwen3-8B	hns_f4_s1 minus para_e95	forgetting_gap	9	-2.3212955154378974	-4.482604112673489	-0.7669203232623256	paired source-checkpoint bootstrap; fixed test set; 2000 draws; subgroup CIs descriptive/unadjusted
model/Llama-3.1-8B-Instruct	hns_f4_s1 minus para_e95	target	9	1.6408509240288955	0.4547605467923133	2.732710406955772	paired source-checkpoint bootstrap; fixed test set; 2000 draws; subgroup CIs descriptive/unadjusted
model/Llama-3.1-8B-Instruct	hns_f4_s1 minus para_e95	off_score	9	2.9969412460834755	1.5241924298428018	4.131445865522373	paired source-checkpoint bootstrap; fixed test set; 2000 draws; subgroup CIs descriptive/unadjusted
model/Llama-3.1-8B-Instruct	hns_f4_s1 minus para_e95	forgetting_gap	9	-2.38138929505106	-3.146867631414557	-1.411209890223287	paired source-checkpoint bootstrap; fixed test set; 2000 draws; subgroup CIs descriptive/unadjusted
task/magicoder	hns_f4_s1 minus para_e95	target	6	4.7764227642276404	0.9146341463414629	8.943089430894307	paired source-checkpoint bootstrap; fixed test set; 2000 draws; subgroup CIs descriptive/unadjusted
task/magicoder	hns_f4_s1 minus para_e95	off_score	6	3.8795099637965884	3.4230780186250507	4.365431507442048	paired source-checkpoint bootstrap; fixed test set; 2000 draws; subgroup CIs descriptive/unadjusted
task/magicoder	hns_f4_s1 minus para_e95	forgetting_gap	6	-2.4875642901588058	-2.926525264813797	-2.0106678286232316	paired source-checkpoint bootstrap; fixed test set; 2000 draws; subgroup CIs descriptive/unadjusted
task/metamath	hns_f4_s1 minus para_e95	target	6	3.6012130401819555	3.297952994692949	3.9171089208996697	paired source-checkpoint bootstrap; fixed test set; 2000 draws; subgroup CIs descriptive/unadjusted
task/metamath	hns_f4_s1 minus para_e95	off_score	6	5.409649585816038	3.335180655399506	7.975898124442099	paired source-checkpoint bootstrap; fixed test set; 2000 draws; subgroup CIs descriptive/unadjusted
task/metamath	hns_f4_s1 minus para_e95	forgetting_gap	6	-4.0738326113636765	-6.4489753900782105	-2.1836116995160118	paired source-checkpoint bootstrap; fixed test set; 2000 draws; subgroup CIs descriptive/unadjusted
task/tulu	hns_f4_s1 minus para_e95	target	6	2.1256931608133045	1.1706715958102254	2.8650646950092367	paired source-checkpoint bootstrap; fixed test set; 2000 draws; subgroup CIs descriptive/unadjusted
task/tulu	hns_f4_s1 minus para_e95	off_score	6	0.17821925078756706	-1.2377170495922887	1.8365637144074718	paired source-checkpoint bootstrap; fixed test set; 2000 draws; subgroup CIs descriptive/unadjusted
task/tulu	hns_f4_s1 minus para_e95	forgetting_gap	6	-0.49263031421095405	-1.4778909426328621	0.0	paired source-checkpoint bootstrap; fixed test set; 2000 draws; subgroup CIs descriptive/unadjusted
model_task/Qwen3-8B/magicoder	hns_f4_s1 minus para_e95	target	3	9.756097560975606	8.536585365853654	12.195121951219512	paired source-checkpoint bootstrap; fixed test set; 2000 draws; subgroup CIs descriptive/unadjusted
model_task/Qwen3-8B/magicoder	hns_f4_s1 minus para_e95	off_score	3	3.6349814065755104	3.1752052432037488	4.358042266348235	paired source-checkpoint bootstrap; fixed test set; 2000 draws; subgroup CIs descriptive/unadjusted
model_task/Qwen3-8B/magicoder	hns_f4_s1 minus para_e95	forgetting_gap	3	-2.077321969022814	-2.8925085145910003	-1.5560061791803435	paired source-checkpoint bootstrap; fixed test set; 2000 draws; subgroup CIs descriptive/unadjusted
model_task/Qwen3-8B/metamath	hns_f4_s1 minus para_e95	target	3	3.740207227697747	3.563305534495825	4.018195602729335	paired source-checkpoint bootstrap; fixed test set; 2000 draws; subgroup CIs descriptive/unadjusted
model_task/Qwen3-8B/metamath	hns_f4_s1 minus para_e95	off_score	3	7.042670002773171	2.7695273510113907	10.801108556811307	paired source-checkpoint bootstrap; fixed test set; 2000 draws; subgroup CIs descriptive/unadjusted
model_task/Qwen3-8B/metamath	hns_f4_s1 minus para_e95	forgetting_gap	3	-4.886564577290877	-9.620846670573918	-0.8994184211712763	paired source-checkpoint bootstrap; fixed test set; 2000 draws; subgroup CIs descriptive/unadjusted
model_task/Qwen3-8B/tulu	hns_f4_s1 minus para_e95	target	3	2.587800369685761	1.6635859519408456	3.14232902033271	paired source-checkpoint bootstrap; fixed test set; 2000 draws; subgroup CIs descriptive/unadjusted
model_task/Qwen3-8B/tulu	hns_f4_s1 minus para_e95	off_score	3	-0.7337175467987199	-1.8097983291989692	-0.08010326285990743	paired source-checkpoint bootstrap; fixed test set; 2000 draws; subgroup CIs descriptive/unadjusted
model_task/Qwen3-8B/tulu	hns_f4_s1 minus para_e95	forgetting_gap	3	0.0	0.0	0.0	paired source-checkpoint bootstrap; fixed test set; 2000 draws; subgroup CIs descriptive/unadjusted
model_task/Llama-3.1-8B-Instruct/magicoder	hns_f4_s1 minus para_e95	target	3	-0.2032520325203251	-1.2195121951219505	0.6097560975609753	paired source-checkpoint bootstrap; fixed test set; 2000 draws; subgroup CIs descriptive/unadjusted
model_task/Llama-3.1-8B-Instruct/magicoder	hns_f4_s1 minus para_e95	off_score	3	4.124038521017667	3.3035707285793947	4.730959891088489	paired source-checkpoint bootstrap; fixed test set; 2000 draws; subgroup CIs descriptive/unadjusted
model_task/Llama-3.1-8B-Instruct/magicoder	hns_f4_s1 minus para_e95	forgetting_gap	3	-2.897806611294797	-3.08071472581639	-2.7134811068072815	paired source-checkpoint bootstrap; fixed test set; 2000 draws; subgroup CIs descriptive/unadjusted
model_task/Llama-3.1-8B-Instruct/metamath	hns_f4_s1 minus para_e95	target	3	3.462218852666164	2.9567854435178162	4.094010614101592	paired source-checkpoint bootstrap; fixed test set; 2000 draws; subgroup CIs descriptive/unadjusted
model_task/Llama-3.1-8B-Instruct/metamath	hns_f4_s1 minus para_e95	off_score	3	3.7766291688589058	2.9558345374044634	4.793003637632722	paired source-checkpoint bootstrap; fixed test set; 2000 draws; subgroup CIs descriptive/unadjusted
model_task/Llama-3.1-8B-Instruct/metamath	hns_f4_s1 minus para_e95	forgetting_gap	3	-3.261100645436476	-3.631139515026059	-2.5572312799091534	paired source-checkpoint bootstrap; fixed test set; 2000 draws; subgroup CIs descriptive/unadjusted
model_task/Llama-3.1-8B-Instruct/tulu	hns_f4_s1 minus para_e95	target	3	1.663585951940848	0.0	2.7726432532347474	paired source-checkpoint bootstrap; fixed test set; 2000 draws; subgroup CIs descriptive/unadjusted
model_task/Llama-3.1-8B-Instruct/tulu	hns_f4_s1 minus para_e95	off_score	3	1.090156048373854	-1.7076756639793018	3.9655700347014218	paired source-checkpoint bootstrap; fixed test set; 2000 draws; subgroup CIs descriptive/unadjusted
model_task/Llama-3.1-8B-Instruct/tulu	hns_f4_s1 minus para_e95	forgetting_gap	3	-0.9852606284219081	-2.9557818852657243	0.0	paired source-checkpoint bootstrap; fixed test set; 2000 draws; subgroup CIs descriptive/unadjusted
overall	hns_f4_s1 minus para_e99	target	18	3.6413658025554003	2.4150994358655846	5.039395953118882	paired source-checkpoint bootstrap; fixed test set; 2000 draws; subgroup CIs descriptive/unadjusted
overall	hns_f4_s1 minus para_e99	off_score	18	3.013949139666438	1.705289324858718	4.357077402093185	paired source-checkpoint bootstrap; fixed test set; 2000 draws; subgroup CIs descriptive/unadjusted
overall	hns_f4_s1 minus para_e99	forgetting_gap	18	-2.219627055513385	-3.3834103822854735	-1.3125900966072785	paired source-checkpoint bootstrap; fixed test set; 2000 draws; subgroup CIs descriptive/unadjusted
model/Qwen3-8B	hns_f4_s1 minus para_e99	target	9	5.506580324394092	3.7944242687509036	7.465714914718731	paired source-checkpoint bootstrap; fixed test set; 2000 draws; subgroup CIs descriptive/unadjusted
model/Qwen3-8B	hns_f4_s1 minus para_e99	off_score	9	3.1604542724100395	1.0161929150939737	5.434750923158315	paired source-checkpoint bootstrap; fixed test set; 2000 draws; subgroup CIs descriptive/unadjusted
model/Qwen3-8B	hns_f4_s1 minus para_e99	forgetting_gap	9	-2.184149303553999	-4.264337494143626	-0.7462210450676638	paired source-checkpoint bootstrap; fixed test set; 2000 draws; subgroup CIs descriptive/unadjusted
model/Llama-3.1-8B-Instruct	hns_f4_s1 minus para_e99	target	9	1.7761512807167092	0.8028643133011744	2.7427693548750556	paired source-checkpoint bootstrap; fixed test set; 2000 draws; subgroup CIs descriptive/unadjusted
model/Llama-3.1-8B-Instruct	hns_f4_s1 minus para_e99	off_score	9	2.8674440069228364	1.4571334213246059	4.1281513971926564	paired source-checkpoint bootstrap; fixed test set; 2000 draws; subgroup CIs descriptive/unadjusted
model/Llama-3.1-8B-Instruct	hns_f4_s1 minus para_e99	forgetting_gap	9	-2.2551048074727706	-3.226020219536727	-1.1157856440808744	paired source-checkpoint bootstrap; fixed test set; 2000 draws; subgroup CIs descriptive/unadjusted
task/magicoder	hns_f4_s1 minus para_e99	target	6	4.878048780487802	1.5243902439024382	8.231707317073166	paired source-checkpoint bootstrap; fixed test set; 2000 draws; subgroup CIs descriptive/unadjusted
task/magicoder	hns_f4_s1 minus para_e99	off_score	6	4.04172453201819	3.6172358235824937	4.484413184168756	paired source-checkpoint bootstrap; fixed test set; 2000 draws; subgroup CIs descriptive/unadjusted
task/magicoder	hns_f4_s1 minus para_e99	forgetting_gap	6	-2.6889277819542854	-3.312353945873781	-2.1876722196502763	paired source-checkpoint bootstrap; fixed test set; 2000 draws; subgroup CIs descriptive/unadjusted
task/metamath	hns_f4_s1 minus para_e99	target	6	3.550669699267123	3.2347738185494066	3.8539297447561296	paired source-checkpoint bootstrap; fixed test set; 2000 draws; subgroup CIs descriptive/unadjusted
task/metamath	hns_f4_s1 minus para_e99	off_score	6	5.36556298313577	3.5536174559424283	7.587121447702893	paired source-checkpoint bootstrap; fixed test set; 2000 draws; subgroup CIs descriptive/unadjusted
task/metamath	hns_f4_s1 minus para_e99	forgetting_gap	6	-3.9668465556974426	-6.312156434966731	-2.3145283722053667	paired source-checkpoint bootstrap; fixed test set; 2000 draws; subgroup CIs descriptive/unadjusted
task/tulu	hns_f4_s1 minus para_e99	target	6	2.495378927911277	1.3555144793592138	3.820086260012322	paired source-checkpoint bootstrap; fixed test set; 2000 draws; subgroup CIs descriptive/unadjusted
task/tulu	hns_f4_s1 minus para_e99	off_score	6	-0.3654400961546453	-0.7730941986828601	0.06364901644405402	paired source-checkpoint bootstrap; fixed test set; 2000 draws; subgroup CIs descriptive/unadjusted
task/tulu	hns_f4_s1 minus para_e99	forgetting_gap	6	-0.003106828888427069	-0.1516300227445034	0.1423095360792222	paired source-checkpoint bootstrap; fixed test set; 2000 draws; subgroup CIs descriptive/unadjusted
model_task/Qwen3-8B/magicoder	hns_f4_s1 minus para_e99	target	3	9.349593495934954	8.536585365853654	10.36585365853658	paired source-checkpoint bootstrap; fixed test set; 2000 draws; subgroup CIs descriptive/unadjusted
model_task/Qwen3-8B/magicoder	hns_f4_s1 minus para_e99	off_score	3	3.599080104414005	3.2700235620409046	3.816064744871028	paired source-checkpoint bootstrap; fixed test set; 2000 draws; subgroup CIs descriptive/unadjusted
model_task/Qwen3-8B/magicoder	hns_f4_s1 minus para_e99	forgetting_gap	3	-2.045712917249214	-2.2289519917673175	-1.6854942947218632	paired source-checkpoint bootstrap; fixed test set; 2000 draws; subgroup CIs descriptive/unadjusted
model_task/Qwen3-8B/metamath	hns_f4_s1 minus para_e99	target	3	3.4116755117513264	2.9567854435178162	4.094010614101592	paired source-checkpoint bootstrap; fixed test set; 2000 draws; subgroup CIs descriptive/unadjusted
model_task/Qwen3-8B/metamath	hns_f4_s1 minus para_e99	off_score	3	6.653137969853463	3.0724895679459223	10.620956541940494	paired source-checkpoint bootstrap; fixed test set; 2000 draws; subgroup CIs descriptive/unadjusted
model_task/Qwen3-8B/metamath	hns_f4_s1 minus para_e99	forgetting_gap	3	-4.506734993412783	-9.442390634627237	-1.2691041882692389	paired source-checkpoint bootstrap; fixed test set; 2000 draws; subgroup CIs descriptive/unadjusted
model_task/Qwen3-8B/tulu	hns_f4_s1 minus para_e99	target	3	3.758471965495995	2.7726432532347616	5.3604436229205135	paired source-checkpoint bootstrap; fixed test set; 2000 draws; subgroup CIs descriptive/unadjusted
model_task/Qwen3-8B/tulu	hns_f4_s1 minus para_e99	off_score	3	-0.7708552570373494	-1.0902479298947299	-0.45308901124346335	paired source-checkpoint bootstrap; fixed test set; 2000 draws; subgroup CIs descriptive/unadjusted
model_task/Qwen3-8B/tulu	hns_f4_s1 minus para_e99	forgetting_gap	3	0.0	0.0	0.0	paired source-checkpoint bootstrap; fixed test set; 2000 draws; subgroup CIs descriptive/unadjusted
model_task/Llama-3.1-8B-Instruct/magicoder	hns_f4_s1 minus para_e99	target	3	0.4065040650406502	-0.6097560975609753	1.2195121951219505	paired source-checkpoint bootstrap; fixed test set; 2000 draws; subgroup CIs descriptive/unadjusted
model_task/Llama-3.1-8B-Instruct/magicoder	hns_f4_s1 minus para_e99	off_score	3	4.484368959622375	4.23420727774851	4.957684835488422	paired source-checkpoint bootstrap; fixed test set; 2000 draws; subgroup CIs descriptive/unadjusted
model_task/Llama-3.1-8B-Instruct/magicoder	hns_f4_s1 minus para_e99	forgetting_gap	3	-3.3321426466593564	-3.8298605504298373	-3.0808642943364126	paired source-checkpoint bootstrap; fixed test set; 2000 draws; subgroup CIs descriptive/unadjusted
model_task/Llama-3.1-8B-Instruct/metamath	hns_f4_s1 minus para_e99	target	3	3.689663886782919	3.487490523123583	3.8665655799848366	paired source-checkpoint bootstrap; fixed test set; 2000 draws; subgroup CIs descriptive/unadjusted
model_task/Llama-3.1-8B-Instruct/metamath	hns_f4_s1 minus para_e99	off_score	3	4.077987996418076	2.942761610508498	5.285774956694503	paired source-checkpoint bootstrap; fixed test set; 2000 draws; subgroup CIs descriptive/unadjusted
model_task/Llama-3.1-8B-Instruct/metamath	hns_f4_s1 minus para_e99	forgetting_gap	3	-3.426958117982102	-3.8522655730174384	-2.8467505664506163	paired source-checkpoint bootstrap; fixed test set; 2000 draws; subgroup CIs descriptive/unadjusted
model_task/Llama-3.1-8B-Instruct/tulu	hns_f4_s1 minus para_e99	target	3	1.2322858903265583	0.7393715341959393	1.848428835489834	paired source-checkpoint bootstrap; fixed test set; 2000 draws; subgroup CIs descriptive/unadjusted
model_task/Llama-3.1-8B-Instruct/tulu	hns_f4_s1 minus para_e99	off_score	3	0.03997506472805886	-0.5733988218254638	0.3966946676474805	paired source-checkpoint bootstrap; fixed test set; 2000 draws; subgroup CIs descriptive/unadjusted
model_task/Llama-3.1-8B-Instruct/tulu	hns_f4_s1 minus para_e99	forgetting_gap	3	-0.006213657776854138	-0.3032600454890068	0.2846190721584444	paired source-checkpoint bootstrap; fixed test set; 2000 draws; subgroup CIs descriptive/unadjusted
overall	para_e90 minus para_e95	target	18	0.19543256151836788	-0.36451370728068616	0.7460488324492361	paired source-checkpoint bootstrap; fixed test set; 2000 draws; subgroup CIs descriptive/unadjusted
overall	para_e90 minus para_e95	off_score	18	0.37690139928936617	0.002684295986474498	0.8466193039075787	paired source-checkpoint bootstrap; fixed test set; 2000 draws; subgroup CIs descriptive/unadjusted
overall	para_e90 minus para_e95	forgetting_gap	18	-0.324796150368849	-0.7359579397037255	-0.04718802124703585	paired source-checkpoint bootstrap; fixed test set; 2000 draws; subgroup CIs descriptive/unadjusted
model/Qwen3-8B	para_e90 minus para_e95	target	9	-0.03773840884241824	-0.8707755117547465	0.6924667377013868	paired source-checkpoint bootstrap; fixed test set; 2000 draws; subgroup CIs descriptive/unadjusted
model/Qwen3-8B	para_e90 minus para_e95	off_score	9	0.21349189028936402	-0.2944611004703247	0.5953560994255841	paired source-checkpoint bootstrap; fixed test set; 2000 draws; subgroup CIs descriptive/unadjusted
model/Qwen3-8B	para_e90 minus para_e95	forgetting_gap	9	-0.2198355495565069	-0.46116646328395616	-0.026890504516659013	paired source-checkpoint bootstrap; fixed test set; 2000 draws; subgroup CIs descriptive/unadjusted
model/Llama-3.1-8B-Instruct	para_e90 minus para_e95	target	9	0.428603531879154	-0.33705557831764127	1.2211267875183618	paired source-checkpoint bootstrap; fixed test set; 2000 draws; subgroup CIs descriptive/unadjusted
model/Llama-3.1-8B-Instruct	para_e90 minus para_e95	off_score	9	0.5403109082893683	-0.017947933067447155	1.338872491988731	paired source-checkpoint bootstrap; fixed test set; 2000 draws; subgroup CIs descriptive/unadjusted
model/Llama-3.1-8B-Instruct	para_e90 minus para_e95	forgetting_gap	9	-0.42975675118119117	-1.1980003950780709	0.04461317929074347	paired source-checkpoint bootstrap; fixed test set; 2000 draws; subgroup CIs descriptive/unadjusted
task/magicoder	para_e90 minus para_e95	target	6	0.20325203252032273	-1.2195121951219516	1.5243902439024346	paired source-checkpoint bootstrap; fixed test set; 2000 draws; subgroup CIs descriptive/unadjusted
task/magicoder	para_e90 minus para_e95	off_score	6	0.24393421999622453	-0.10312739620657159	0.6001944319925094	paired source-checkpoint bootstrap; fixed test set; 2000 draws; subgroup CIs descriptive/unadjusted
task/magicoder	para_e90 minus para_e95	forgetting_gap	6	-0.1728248419627075	-0.5750667488190553	0.15133705017195642	paired source-checkpoint bootstrap; fixed test set; 2000 draws; subgroup CIs descriptive/unadjusted
task/metamath	para_e90 minus para_e95	target	6	0.290624210260295	-0.012635835228704847	0.6317917614354253	paired source-checkpoint bootstrap; fixed test set; 2000 draws; subgroup CIs descriptive/unadjusted
task/metamath	para_e90 minus para_e95	off_score	6	0.3355110681686628	0.08521691824642354	0.6008589259972178	paired source-checkpoint bootstrap; fixed test set; 2000 draws; subgroup CIs descriptive/unadjusted
task/metamath	para_e90 minus para_e95	forgetting_gap	6	-0.2542041791728142	-0.4007532741815891	-0.10361964739051628	paired source-checkpoint bootstrap; fixed test set; 2000 draws; subgroup CIs descriptive/unadjusted
task/tulu	para_e90 minus para_e95	target	6	0.0924214417744859	-0.7093345656192286	0.8626001232285828	paired source-checkpoint bootstrap; fixed test set; 2000 draws; subgroup CIs descriptive/unadjusted
task/tulu	para_e90 minus para_e95	off_score	6	0.5512589097032112	-0.518638592001686	1.9059601460918678	paired source-checkpoint bootstrap; fixed test set; 2000 draws; subgroup CIs descriptive/unadjusted
task/tulu	para_e90 minus para_e95	forgetting_gap	6	-0.5473594299710255	-1.6420782899130764	0.0	paired source-checkpoint bootstrap; fixed test set; 2000 draws; subgroup CIs descriptive/unadjusted
model_task/Qwen3-8B/magicoder	para_e90 minus para_e95	target	3	-1.4227642276422756	-2.439024390243901	0.0	paired source-checkpoint bootstrap; fixed test set; 2000 draws; subgroup CIs descriptive/unadjusted
model_task/Qwen3-8B/magicoder	para_e90 minus para_e95	off_score	3	0.38915340929911224	-0.12426858408800001	1.0287490283926957	paired source-checkpoint bootstrap; fixed test set; 2000 draws; subgroup CIs descriptive/unadjusted
model_task/Qwen3-8B/magicoder	para_e90 minus para_e95	forgetting_gap	3	-0.3781096572504355	-1.0363720531760758	0.14537049623564258	paired source-checkpoint bootstrap; fixed test set; 2000 draws; subgroup CIs descriptive/unadjusted
model_task/Qwen3-8B/metamath	para_e90 minus para_e95	target	3	0.6317917614354229	0.37907505686125376	0.9855951478392626	paired source-checkpoint bootstrap; fixed test set; 2000 draws; subgroup CIs descriptive/unadjusted
model_task/Qwen3-8B/metamath	para_e90 minus para_e95	off_score	3	0.44401076941078327	0.04010835891230613	0.745410525832213	paired source-checkpoint bootstrap; fixed test set; 2000 draws; subgroup CIs descriptive/unadjusted
model_task/Qwen3-8B/metamath	para_e90 minus para_e95	forgetting_gap	3	-0.2813969914190852	-0.4865275085283205	-0.06800114211863395	paired source-checkpoint bootstrap; fixed test set; 2000 draws; subgroup CIs descriptive/unadjusted
model_task/Qwen3-8B/tulu	para_e90 minus para_e95	target	3	0.677757239679598	-0.18484288354899547	1.6635859519408456	paired source-checkpoint bootstrap; fixed test set; 2000 draws; subgroup CIs descriptive/unadjusted
model_task/Qwen3-8B/tulu	para_e90 minus para_e95	off_score	3	-0.19268850784180339	-1.445581803602522	0.4509869261055144	paired source-checkpoint bootstrap; fixed test set; 2000 draws; subgroup CIs descriptive/unadjusted
model_task/Qwen3-8B/tulu	para_e90 minus para_e95	forgetting_gap	3	0.0	0.0	0.0	paired source-checkpoint bootstrap; fixed test set; 2000 draws; subgroup CIs descriptive/unadjusted
model_task/Llama-3.1-8B-Instruct/magicoder	para_e90 minus para_e95	target	3	1.8292682926829211	1.2195121951219505	2.439024390243894	paired source-checkpoint bootstrap; fixed test set; 2000 draws; subgroup CIs descriptive/unadjusted
model_task/Llama-3.1-8B-Instruct/magicoder	para_e90 minus para_e95	off_score	3	0.0987150306933368	-0.34304299878495925	0.5863090859511217	paired source-checkpoint bootstrap; fixed test set; 2000 draws; subgroup CIs descriptive/unadjusted
model_task/Llama-3.1-8B-Instruct/magicoder	para_e90 minus para_e95	forgetting_gap	3	0.03245997332502052	-0.36968576709796697	0.3430429987849619	paired source-checkpoint bootstrap; fixed test set; 2000 draws; subgroup CIs descriptive/unadjusted
model_task/Llama-3.1-8B-Instruct/metamath	para_e90 minus para_e95	target	3	-0.05054334091483289	-0.15163002274451287	0.07581501137225644	paired source-checkpoint bootstrap; fixed test set; 2000 draws; subgroup CIs descriptive/unadjusted
model_task/Llama-3.1-8B-Instruct/metamath	para_e90 minus para_e95	off_score	3	0.22701136692654225	-0.04680452355738396	0.7203790092920883	paired source-checkpoint bootstrap; fixed test set; 2000 draws; subgroup CIs descriptive/unadjusted
model_task/Llama-3.1-8B-Instruct/metamath	para_e90 minus para_e95	forgetting_gap	3	-0.22701136692654314	-0.41396368008557705	0.04680452355738618	paired source-checkpoint bootstrap; fixed test set; 2000 draws; subgroup CIs descriptive/unadjusted
model_task/Llama-3.1-8B-Instruct/tulu	para_e90 minus para_e95	target	3	-0.4929143561306262	-1.6635859519408527	0.3696857670979625	paired source-checkpoint bootstrap; fixed test set; 2000 draws; subgroup CIs descriptive/unadjusted
model_task/Llama-3.1-8B-Instruct/tulu	para_e90 minus para_e95	off_score	3	1.295206327248226	-0.2238849569701955	3.4406379560916562	paired source-checkpoint bootstrap; fixed test set; 2000 draws; subgroup CIs descriptive/unadjusted
model_task/Llama-3.1-8B-Instruct/tulu	para_e90 minus para_e95	forgetting_gap	3	-1.094718859942051	-3.2841565798261527	0.0	paired source-checkpoint bootstrap; fixed test set; 2000 draws; subgroup CIs descriptive/unadjusted
overall	para_e90 minus para_e99	target	18	0.335688708999468	-0.5115068496127805	1.1786745596743788	paired source-checkpoint bootstrap; fixed test set; 2000 draws; subgroup CIs descriptive/unadjusted
overall	para_e90 minus para_e99	off_score	18	0.2350576054890728	-0.05473155044797059	0.4869339473092246	paired source-checkpoint bootstrap; fixed test set; 2000 draws; subgroup CIs descriptive/unadjusted
overall	para_e90 minus para_e99	forgetting_gap	18	-0.19308080063775507	-0.353704518346951	0.03398637352797806	paired source-checkpoint bootstrap; fixed test set; 2000 draws; subgroup CIs descriptive/unadjusted
model/Qwen3-8B	para_e90 minus para_e99	target	9	0.10747352943196849	-1.197058975502667	1.4298060478001668	paired source-checkpoint bootstrap; fixed test set; 2000 draws; subgroup CIs descriptive/unadjusted
model/Qwen3-8B	para_e90 minus para_e99	off_score	9	0.0593015418494163	-0.3890421320478939	0.4639896591494088	paired source-checkpoint bootstrap; fixed test set; 2000 draws; subgroup CIs descriptive/unadjusted
model/Qwen3-8B	para_e90 minus para_e99	forgetting_gap	9	-0.08268933767260862	-0.37159629479502554	0.31106095160072444	paired source-checkpoint bootstrap; fixed test set; 2000 draws; subgroup CIs descriptive/unadjusted
model/Llama-3.1-8B-Instruct	para_e90 minus para_e99	target	9	0.5639038885669676	-0.4197975621388705	1.6666490567637502	paired source-checkpoint bootstrap; fixed test set; 2000 draws; subgroup CIs descriptive/unadjusted
model/Llama-3.1-8B-Instruct	para_e90 minus para_e99	off_score	9	0.4108136691287293	0.11969073516164774	0.7019561399862827	paired source-checkpoint bootstrap; fixed test set; 2000 draws; subgroup CIs descriptive/unadjusted
model/Llama-3.1-8B-Instruct	para_e90 minus para_e99	forgetting_gap	9	-0.30347226360290147	-0.43996470691928324	-0.16832057581298168	paired source-checkpoint bootstrap; fixed test set; 2000 draws; subgroup CIs descriptive/unadjusted
task/magicoder	para_e90 minus para_e99	target	6	0.3048780487804841	-1.8292682926829282	2.235772357723571	paired source-checkpoint bootstrap; fixed test set; 2000 draws; subgroup CIs descriptive/unadjusted
task/magicoder	para_e90 minus para_e99	off_score	6	0.4061487882178258	0.2349080338152163	0.5699324301260731	paired source-checkpoint bootstrap; fixed test set; 2000 draws; subgroup CIs descriptive/unadjusted
task/magicoder	para_e90 minus para_e99	forgetting_gap	6	-0.3741883337581872	-0.49452782557334274	-0.2541586096331988	paired source-checkpoint bootstrap; fixed test set; 2000 draws; subgroup CIs descriptive/unadjusted
task/metamath	para_e90 minus para_e99	target	6	0.24008086934546213	-0.15163002274450813	0.6065200909780089	paired source-checkpoint bootstrap; fixed test set; 2000 draws; subgroup CIs descriptive/unadjusted
task/metamath	para_e90 minus para_e99	off_score	6	0.29142446548839374	-0.42532835351330434	0.8778301863020926	paired source-checkpoint bootstrap; fixed test set; 2000 draws; subgroup CIs descriptive/unadjusted
task/metamath	para_e90 minus para_e99	forgetting_gap	6	-0.14721812350657962	-0.5297488348097031	0.4503941306987102	paired source-checkpoint bootstrap; fixed test set; 2000 draws; subgroup CIs descriptive/unadjusted
task/tulu	para_e90 minus para_e99	target	6	0.4621072088724579	-0.9858287122612405	1.9716574245224858	paired source-checkpoint bootstrap; fixed test set; 2000 draws; subgroup CIs descriptive/unadjusted
task/tulu	para_e90 minus para_e99	off_score	6	0.007599562760998897	-0.3473306872446879	0.43323390112710314	paired source-checkpoint bootstrap; fixed test set; 2000 draws; subgroup CIs descriptive/unadjusted
task/tulu	para_e90 minus para_e99	forgetting_gap	6	-0.05783594464849845	-0.15892262647816738	0.0	paired source-checkpoint bootstrap; fixed test set; 2000 draws; subgroup CIs descriptive/unadjusted
model_task/Qwen3-8B/magicoder	para_e90 minus para_e99	target	3	-1.8292682926829282	-3.6585365853658587	0.0	paired source-checkpoint bootstrap; fixed test set; 2000 draws; subgroup CIs descriptive/unadjusted
model_task/Qwen3-8B/magicoder	para_e90 minus para_e99	off_score	3	0.3532521071376067	0.16130663545899893	0.5165909175792791	paired source-checkpoint bootstrap; fixed test set; 2000 draws; subgroup CIs descriptive/unadjusted
model_task/Qwen3-8B/magicoder	para_e90 minus para_e99	forgetting_gap	3	-0.3465006054768354	-0.5213157898424754	-0.1453704962356379	paired source-checkpoint bootstrap; fixed test set; 2000 draws; subgroup CIs descriptive/unadjusted
model_task/Qwen3-8B/metamath	para_e90 minus para_e99	target	3	0.30326004548900204	-0.30326004548901153	0.833965125094764	paired source-checkpoint bootstrap; fixed test set; 2000 draws; subgroup CIs descriptive/unadjusted
model_task/Qwen3-8B/metamath	para_e90 minus para_e99	off_score	3	0.05447873649107512	-1.2512979419105363	1.0483727427667446	paired source-checkpoint bootstrap; fixed test set; 2000 draws; subgroup CIs descriptive/unadjusted
model_task/Qwen3-8B/metamath	para_e90 minus para_e99	forgetting_gap	3	0.09843259245900955	-0.6593480907082636	1.2627173406669319	paired source-checkpoint bootstrap; fixed test set; 2000 draws; subgroup CIs descriptive/unadjusted
model_task/Qwen3-8B/tulu	para_e90 minus para_e99	target	3	1.8484288354898315	-0.5545286506469438	3.14232902033271	paired source-checkpoint bootstrap; fixed test set; 2000 draws; subgroup CIs descriptive/unadjusted
model_task/Qwen3-8B/tulu	para_e90 minus para_e99	off_score	3	-0.2298262180804329	-0.7260314042982827	0.0435436055880416	paired source-checkpoint bootstrap; fixed test set; 2000 draws; subgroup CIs descriptive/unadjusted
model_task/Qwen3-8B/tulu	para_e90 minus para_e99	forgetting_gap	3	0.0	0.0	0.0	paired source-checkpoint bootstrap; fixed test set; 2000 draws; subgroup CIs descriptive/unadjusted
model_task/Llama-3.1-8B-Instruct/magicoder	para_e90 minus para_e99	target	3	2.439024390243896	1.2195121951219505	3.048780487804869	paired source-checkpoint bootstrap; fixed test set; 2000 draws; subgroup CIs descriptive/unadjusted
model_task/Llama-3.1-8B-Instruct/magicoder	para_e90 minus para_e99	off_score	3	0.45904546929804485	0.11656396049282591	0.6729788970171526	paired source-checkpoint bootstrap; fixed test set; 2000 draws; subgroup CIs descriptive/unadjusted
model_task/Llama-3.1-8B-Instruct/magicoder	para_e90 minus para_e99	forgetting_gap	3	-0.4018760620395388	-0.5875935503841561	-0.24336049924106362	paired source-checkpoint bootstrap; fixed test set; 2000 draws; subgroup CIs descriptive/unadjusted
model_task/Llama-3.1-8B-Instruct/metamath	para_e90 minus para_e99	target	3	0.1769016932019222	-0.5307050796057666	0.6065200909780231	paired source-checkpoint bootstrap; fixed test set; 2000 draws; subgroup CIs descriptive/unadjusted
model_task/Llama-3.1-8B-Instruct/metamath	para_e90 minus para_e99	off_score	3	0.5283701944857123	-0.005613311851043079	1.2131503283538692	paired source-checkpoint bootstrap; fixed test set; 2000 draws; subgroup CIs descriptive/unadjusted
model_task/Llama-3.1-8B-Instruct/metamath	para_e90 minus para_e99	forgetting_gap	3	-0.39286883947216883	-0.6033942307929014	-0.17432153443399345	paired source-checkpoint bootstrap; fixed test set; 2000 draws; subgroup CIs descriptive/unadjusted
model_task/Llama-3.1-8B-Instruct/tulu	para_e90 minus para_e99	target	3	-0.9242144177449158	-1.6635859519408456	0.18484288354898126	paired source-checkpoint bootstrap; fixed test set; 2000 draws; subgroup CIs descriptive/unadjusted
model_task/Llama-3.1-8B-Instruct/tulu	para_e90 minus para_e99	off_score	3	0.2450253436024307	-0.22830273024760572	0.9103918851836426	paired source-checkpoint bootstrap; fixed test set; 2000 draws; subgroup CIs descriptive/unadjusted
model_task/Llama-3.1-8B-Instruct/tulu	para_e90 minus para_e99	forgetting_gap	3	-0.1156718892969969	-0.3032600454890068	0.0	paired source-checkpoint bootstrap; fixed test set; 2000 draws; subgroup CIs descriptive/unadjusted
overall	para_e95 minus para_e99	target	18	0.14025614748110016	-0.3748771612546721	0.6556627028543559	paired source-checkpoint bootstrap; fixed test set; 2000 draws; subgroup CIs descriptive/unadjusted
overall	para_e95 minus para_e99	off_score	18	-0.14184379380029336	-0.6631830793152227	0.29152890998358955	paired source-checkpoint bootstrap; fixed test set; 2000 draws; subgroup CIs descriptive/unadjusted
overall	para_e95 minus para_e99	forgetting_gap	18	0.13171534973109397	-0.21828738638817144	0.5823203448369899	paired source-checkpoint bootstrap; fixed test set; 2000 draws; subgroup CIs descriptive/unadjusted
model/Qwen3-8B	para_e95 minus para_e99	target	9	0.14521193827438672	-0.6579323342677823	0.9352571204952893	paired source-checkpoint bootstrap; fixed test set; 2000 draws; subgroup CIs descriptive/unadjusted
model/Qwen3-8B	para_e95 minus para_e99	off_score	9	-0.15419034843994772	-0.5622078698175721	0.21973150966455623	paired source-checkpoint bootstrap; fixed test set; 2000 draws; subgroup CIs descriptive/unadjusted
model/Qwen3-8B	para_e95 minus para_e99	forgetting_gap	9	0.13714621188389828	-0.19767938321391207	0.5279178949101186	paired source-checkpoint bootstrap; fixed test set; 2000 draws; subgroup CIs descriptive/unadjusted
model/Llama-3.1-8B-Instruct	para_e95 minus para_e99	target	9	0.1353003566878136	-0.6344946595988578	0.8485497088759996	paired source-checkpoint bootstrap; fixed test set; 2000 draws; subgroup CIs descriptive/unadjusted
model/Llama-3.1-8B-Instruct	para_e95 minus para_e99	off_score	9	-0.129497239160639	-1.1322854813351353	0.5922350662105144	paired source-checkpoint bootstrap; fixed test set; 2000 draws; subgroup CIs descriptive/unadjusted
model/Llama-3.1-8B-Instruct	para_e95 minus para_e99	forgetting_gap	9	0.1262844875782897	-0.4019866287743342	0.9549476584643737	paired source-checkpoint bootstrap; fixed test set; 2000 draws; subgroup CIs descriptive/unadjusted
task/magicoder	para_e95 minus para_e99	target	6	0.10162601626016136	-0.8130081300813039	0.7113821138211378	paired source-checkpoint bootstrap; fixed test set; 2000 draws; subgroup CIs descriptive/unadjusted
task/magicoder	para_e95 minus para_e99	off_score	6	0.16221456822160127	-0.31419516292714134	0.6067765393464128	paired source-checkpoint bootstrap; fixed test set; 2000 draws; subgroup CIs descriptive/unadjusted
task/magicoder	para_e95 minus para_e99	forgetting_gap	6	-0.20136349179547963	-0.6209459933218179	0.2256433519980039	paired source-checkpoint bootstrap; fixed test set; 2000 draws; subgroup CIs descriptive/unadjusted
task/metamath	para_e95 minus para_e99	target	6	-0.05054334091483289	-0.5054334091483407	0.3664392216325491	paired source-checkpoint bootstrap; fixed test set; 2000 draws; subgroup CIs descriptive/unadjusted
task/metamath	para_e95 minus para_e99	off_score	6	-0.04408660268026902	-0.5957787541955876	0.3464208157979722	paired source-checkpoint bootstrap; fixed test set; 2000 draws; subgroup CIs descriptive/unadjusted
task/metamath	para_e95 minus para_e99	forgetting_gap	6	0.10698605566623454	-0.25441053972904415	0.6102793284140465	paired source-checkpoint bootstrap; fixed test set; 2000 draws; subgroup CIs descriptive/unadjusted
task/tulu	para_e95 minus para_e99	target	6	0.369685767097972	-1.0166358595194005	1.571164510166361	paired source-checkpoint bootstrap; fixed test set; 2000 draws; subgroup CIs descriptive/unadjusted
task/tulu	para_e95 minus para_e99	off_score	6	-0.5436593469422123	-1.8793560858081773	0.5344042270821016	paired source-checkpoint bootstrap; fixed test set; 2000 draws; subgroup CIs descriptive/unadjusted
task/tulu	para_e95 minus para_e99	forgetting_gap	6	0.48952348532252704	-0.10108668182966894	1.6202004787120845	paired source-checkpoint bootstrap; fixed test set; 2000 draws; subgroup CIs descriptive/unadjusted
model_task/Qwen3-8B/magicoder	para_e95 minus para_e99	target	3	-0.40650406504065256	-1.829268292682933	0.6097560975609753	paired source-checkpoint bootstrap; fixed test set; 2000 draws; subgroup CIs descriptive/unadjusted
model_task/Qwen3-8B/magicoder	para_e95 minus para_e99	off_score	3	-0.035901302161505555	-0.6468902600181536	0.6408595016672791	paired source-checkpoint bootstrap; fixed test set; 2000 draws; subgroup CIs descriptive/unadjusted
model_task/Qwen3-8B/magicoder	para_e95 minus para_e99	forgetting_gap	3	0.03160905177360007	-0.666686286078118	0.6635565228236828	paired source-checkpoint bootstrap; fixed test set; 2000 draws; subgroup CIs descriptive/unadjusted
model_task/Qwen3-8B/metamath	para_e95 minus para_e99	target	3	-0.3285317159464209	-0.833965125094764	0.4548900682335102	paired source-checkpoint bootstrap; fixed test set; 2000 draws; subgroup CIs descriptive/unadjusted
model_task/Qwen3-8B/metamath	para_e95 minus para_e99	off_score	3	-0.3895320329197081	-1.2914063008228425	0.3029622169345316	paired source-checkpoint bootstrap; fixed test set; 2000 draws; subgroup CIs descriptive/unadjusted
model_task/Qwen3-8B/metamath	para_e95 minus para_e99	forgetting_gap	3	0.37982958387809473	-0.3696857670979625	1.3307184827855658	paired source-checkpoint bootstrap; fixed test set; 2000 draws; subgroup CIs descriptive/unadjusted
model_task/Qwen3-8B/tulu	para_e95 minus para_e99	target	3	1.1706715958102336	-0.3696857670979483	2.402957486136785	paired source-checkpoint bootstrap; fixed test set; 2000 draws; subgroup CIs descriptive/unadjusted
model_task/Qwen3-8B/tulu	para_e95 minus para_e99	off_score	3	-0.037137710238629516	-0.457977781636572	0.7195503993042394	paired source-checkpoint bootstrap; fixed test set; 2000 draws; subgroup CIs descriptive/unadjusted
model_task/Qwen3-8B/tulu	para_e95 minus para_e99	forgetting_gap	3	0.0	0.0	0.0	paired source-checkpoint bootstrap; fixed test set; 2000 draws; subgroup CIs descriptive/unadjusted
model_task/Llama-3.1-8B-Instruct/magicoder	para_e95 minus para_e99	target	3	0.6097560975609753	0.0	1.2195121951219505	paired source-checkpoint bootstrap; fixed test set; 2000 draws; subgroup CIs descriptive/unadjusted
model_task/Llama-3.1-8B-Instruct/magicoder	para_e95 minus para_e99	off_score	3	0.3603304386047081	-0.46974512545829583	0.9306365491691153	paired source-checkpoint bootstrap; fixed test set; 2000 draws; subgroup CIs descriptive/unadjusted
model_task/Llama-3.1-8B-Instruct/magicoder	para_e95 minus para_e99	forgetting_gap	3	-0.43433603536455934	-0.930636549169118	-0.0049883693954297925	paired source-checkpoint bootstrap; fixed test set; 2000 draws; subgroup CIs descriptive/unadjusted
model_task/Llama-3.1-8B-Instruct/metamath	para_e95 minus para_e99	target	3	0.2274450341167551	-0.37907505686125376	0.5307050796057666	paired source-checkpoint bootstrap; fixed test set; 2000 draws; subgroup CIs descriptive/unadjusted
model_task/Llama-3.1-8B-Instruct/metamath	para_e95 minus para_e99	off_score	3	0.3013588275591701	-0.013072926895965509	0.49277131906178084	paired source-checkpoint bootstrap; fixed test set; 2000 draws; subgroup CIs descriptive/unadjusted
model_task/Llama-3.1-8B-Instruct/metamath	para_e95 minus para_e99	forgetting_gap	3	-0.16585747254562566	-0.28951928654146286	0.013072926895965509	paired source-checkpoint bootstrap; fixed test set; 2000 draws; subgroup CIs descriptive/unadjusted
model_task/Llama-3.1-8B-Instruct/tulu	para_e95 minus para_e99	target	3	-0.43130006161428963	-2.033271719038808	1.848428835489834	paired source-checkpoint bootstrap; fixed test set; 2000 draws; subgroup CIs descriptive/unadjusted
model_task/Llama-3.1-8B-Instruct/tulu	para_e95 minus para_e99	off_score	3	-1.0501809836457952	-3.668940686339262	1.134276842153838	paired source-checkpoint bootstrap; fixed test set; 2000 draws; subgroup CIs descriptive/unadjusted
model_task/Llama-3.1-8B-Instruct/tulu	para_e95 minus para_e99	forgetting_gap	3	0.9790469706450541	-0.3032600454890068	3.240400957424169	paired source-checkpoint bootstrap; fixed test set; 2000 draws; subgroup CIs descriptive/unadjusted
