base_model,task,layer,modules,lora_mean,lora_median,lora_p50,lora_p90,lora_p95,lora_p99,lora_max,lora_fraction_gt_0p10,lora_fraction_gt_0p25,lora_fraction_gt_0p50,lora_fraction_gt_1p00,hns_mean,hns_median,hns_p50,hns_p90,hns_p95,hns_p99,hns_max,hns_fraction_gt_0p10,hns_fraction_gt_0p25,hns_fraction_gt_0p50,hns_fraction_gt_1p00,scalar_shrink_mean,scalar_shrink_median,scalar_shrink_p50,scalar_shrink_p90,scalar_shrink_p95,scalar_shrink_p99,scalar_shrink_max,scalar_shrink_fraction_gt_0p10,scalar_shrink_fraction_gt_0p25,scalar_shrink_fraction_gt_0p50,scalar_shrink_fraction_gt_1p00,shape_only_mean,shape_only_median,shape_only_p50,shape_only_p90,shape_only_p95,shape_only_p99,shape_only_max,shape_only_fraction_gt_0p10,shape_only_fraction_gt_0p25,shape_only_fraction_gt_0p50,shape_only_fraction_gt_1p00,head_only_mean,head_only_median,head_only_p50,head_only_p90,head_only_p95,head_only_p99,head_only_max,head_only_fraction_gt_0p10,head_only_fraction_gt_0p25,head_only_fraction_gt_0p50,head_only_fraction_gt_1p00,tail_only_mean,tail_only_median,tail_only_p50,tail_only_p90,tail_only_p95,tail_only_p99,tail_only_max,tail_only_fraction_gt_0p10,tail_only_fraction_gt_0p25,tail_only_fraction_gt_0p50,tail_only_fraction_gt_1p00,paired_mean_delta,paired_fraction_hns_lower,hns_to_lora_p99_ratio,scalar_shrink_to_lora_p99_ratio,shape_only_to_lora_p99_ratio,head_only_to_lora_p99_ratio,tail_only_to_lora_p99_ratio
Qwen3-8B,magicoder,0,7,0.0038740224138196734,0.0038405718925240005,0.0038405718925240005,0.004241273173587616,0.004352459154320908,0.004787669137794202,0.0049362845418778195,0.0,0.0,0.0,0.0,0.0013235443882257155,0.0013168838471274273,0.0013168838471274273,0.0014137267330794532,0.0014424022416990047,0.0015598093393335683,0.0016146013865374522,0.0,0.0,0.0,0.0,0.0024318212767024325,0.002401251302554867,0.002401251302554867,0.00269085753650481,0.0027798732462319064,0.003085666649405641,0.0032394727805679624,0.0,0.0,0.0,0.0,0.0017421707940294847,0.0017321903405155999,0.0017321903405155999,0.001863080361858754,0.0019014164224565556,0.002059422396590128,0.00212623979115281,0.0,0.0,0.0,0.0,0.0011778535444830285,0.0011677523433543111,0.0011677523433543111,0.0012825270594409837,0.001312169394000669,0.001436455291726681,0.0015003623787088413,0.0,0.0,0.0,0.0,0.003920729833257759,0.0038887723615061254,0.0038887723615061254,0.00428290941481441,0.004393740961587168,0.004824720477507041,0.004973104607230841,0.0,0.0,0.0,0.0,-0.002550478025593958,1.0,0.3257972291820089,0.6445029012233048,0.43015136119847974,0.3000322809250122,1.0077389098215566
Qwen3-8B,magicoder,1,7,0.004833859422946337,0.004844755623199554,0.004844755623199554,0.004931866675987311,0.004966770949677038,0.005046060553682152,0.005116380538029377,0.0,0.0,0.0,0.0,0.0005702028323745435,0.0005715114554909814,0.0005715114554909814,0.0005811924501128217,0.0005843606169456459,0.00059422294781968,0.0006011128471381228,0.0,0.0,0.0,0.0,0.002073987321434923,0.002078203450361708,0.002078203450361708,0.0021169082377993356,0.0021308838712646846,0.0021658276097003834,0.002196189221384925,0.0,0.0,0.0,0.0,0.0013266211298938256,0.0013297822291436002,0.0013297822291436002,0.0013517189133312748,0.0013596387040853669,0.0013818200815292083,0.0013978549702131063,0.0,0.0,0.0,0.0,0.0005559766840845532,0.0005568662737529513,0.0005568662737529513,0.0005671416687276568,0.0005708067726130526,0.0005800122180904654,0.0005869439820356949,0.0,0.0,0.0,0.0,0.004838695287323945,0.0048494937467864555,0.0048494937467864555,0.004936592758963635,0.004971292261837435,0.005051083233759294,0.005120853570698294,0.0,0.0,0.0,0.0,-0.004263656590571794,1.0,0.11775977349024688,0.4292115773600777,0.2738413593790274,0.11494357071621458,1.0009953665881945
Qwen3-8B,magicoder,2,7,0.0040109352352729,0.004020394304307619,0.004020394304307619,0.004103788340660157,0.004131647447328601,0.004260422761468317,0.004412908191058284,0.0,0.0,0.0,0.0,0.0004906280131279425,0.0004917009780320987,0.0004917009780320987,0.000501068219289751,0.0005044734101876353,0.000520121242820071,0.0005381958996925057,0.0,0.0,0.0,0.0,0.0017814367672816037,0.0017857590212822473,0.0017857590212822473,0.0018221286496500318,0.0018354525041473044,0.0018950345636876125,0.001963012415938991,0.0,0.0,0.0,0.0,0.0011039002274947662,0.001106799366202448,0.001106799366202448,0.0011274528867013965,0.0011347872859727459,0.0011687836171864825,0.0012092748594182507,0.0,0.0,0.0,0.0,0.0004786193645333244,0.00047970398535458243,0.00047970398535458243,0.0004890739456464761,0.0004927018945428811,0.0005077924492424675,0.0005252718386776307,0.0,0.0,0.0,0.0,0.004011282587196799,0.004020475502164223,0.004020475502164223,0.004104265252548556,0.004131859370628198,0.0042605020799427636,0.004413347789811724,0.0,0.0,0.0,0.0,-0.0035203072221449572,1.0,0.12208207305718549,0.44479965247263525,0.2743351264942711,0.11918827723741231,1.000018617512601
Qwen3-8B,magicoder,3,7,0.00443538545072325,0.0044545367885838434,0.0044545367885838434,0.004575666134593776,0.004610117355865429,0.004718527193150601,0.004740694946077511,0.0,0.0,0.0,0.0,0.0006003912631941112,0.0006023554521331228,0.0006023554521331228,0.0006168028093240447,0.0006226241959973146,0.0006365535479066727,0.0006437010652547197,0.0,0.0,0.0,0.0,0.0021188426932514546,0.002126599896659085,0.002126599896659085,0.0021834771100702564,0.0022028597042660553,0.0022493120651313893,0.0022594254159052523,0.0,0.0,0.0,0.0,0.001248408372806704,0.0012522575778056762,0.0012522575778056762,0.0012834150220279532,0.0012948232639426237,0.0013267730555513216,0.0013432442154028533,0.0,0.0,0.0,0.0,0.0005861225335527526,0.000588023542810144,0.000588023542810144,0.0006031580955777891,0.0006086209083600068,0.0006216823005683984,0.0006255312363087804,0.0,0.0,0.0,0.0,0.004435167017976038,0.0044541625036697684,0.0044541625036697684,0.004575406433507909,0.0046096413531628334,0.004718415636718949,0.004741707766078844,0.0,0.0,0.0,0.0,-0.0038349941875291393,1.0,0.13490513498167223,0.47669791294124225,0.2811837256076984,0.13175346355337963,0.9999763577855791
Qwen3-8B,magicoder,4,7,0.005446833539781038,0.005506107294257772,0.005506107294257772,0.005715499830367824,0.005761965554974081,0.005843987723597774,0.005880446841799585,0.0,0.0,0.0,0.0,0.000873197755193779,0.0008815819385283452,0.0008815819385283452,0.0009132231235932753,0.00091970194356822,0.0009318729288420919,0.0009392342997888978,0.0,0.0,0.0,0.0,0.0029871216832320236,0.0030199058299656004,0.0030199058299656004,0.003134696771647641,0.0031595038153114582,0.003205395266227156,0.003225026883184482,0.0,0.0,0.0,0.0,0.001591529020950441,0.0016069172473519551,0.0016069172473519551,0.0016643838326658197,0.0016764588519706275,0.0016984461398321224,0.0017122684371678868,0.0,0.0,0.0,0.0,0.0008433422558822197,0.0008529487160002566,0.0008529487160002566,0.0008853270603172138,0.0008914646892564241,0.0009038898157254343,0.0009113590763446517,0.0,0.0,0.0,0.0,0.005452611549832711,0.005511704595046758,0.005511704595046758,0.005720937639052426,0.005767347787396403,0.005849046562415785,0.00588592826648923,0.0,0.0,0.0,0.0,-0.004573635784587259,1.0,0.15945839945543155,0.5484945242584796,0.2906313668274608,0.15467004012954472,1.0008656484334462
Qwen3-8B,magicoder,5,7,0.0029156392247932624,0.0029627829251105426,0.0029627829251105426,0.003101141526773869,0.0031504245000657954,0.0032111071902095464,0.0032643833407653327,0.0,0.0,0.0,0.0,0.0006636696014344725,0.0006711619222484954,0.0006711619222484954,0.0007030058548031307,0.0007129038529987738,0.0007300381388618072,0.0007348641830189114,0.0,0.0,0.0,0.0,0.002009242208580025,0.002042091126953917,0.002042091126953917,0.002137673426645458,0.0021711397813313133,0.0022123000385386353,0.0022500197985681264,0.0,0.0,0.0,0.0,0.0009638780993033674,0.0009746669417749791,0.0009746669417749791,0.0010212333330932698,0.0010355180251606028,0.0010608617261516446,0.0010672426750676985,0.0,0.0,0.0,0.0,0.000638472366201321,0.000647022489950127,0.000647022489950127,0.0006786697119196949,0.0006864723244760843,0.0007007216097317765,0.0007095698297851069,0.0,0.0,0.0,0.0,0.0029188715176426882,0.002965432580291763,0.002965432580291763,0.003104577870835978,0.0031528183685520126,0.003214218511320953,0.0032676751425465647,0.0,0.0,0.0,0.0,-0.0022519696233587894,1.0,0.2273477948938127,0.6889524103349125,0.33037256725223685,0.2182180687920448,1.0009689247126017
Qwen3-8B,magicoder,6,7,0.005067261096208792,0.005061010812489638,0.005061010812489638,0.00510864350585189,0.005121479236832882,0.005135779641221958,0.005140927997261313,0.0,0.0,0.0,0.0,0.0005330945171956527,0.0005335617798190538,0.0005335617798190538,0.0005373296222837214,0.000537940906592185,0.0005390563749523614,0.0005395254348976413,0.0,0.0,0.0,0.0,0.0018317499996561095,0.0018320903330381198,0.0018320903330381198,0.0018422164112000278,0.001844286093325161,0.0018489861520756211,0.001850574886582257,0.0,0.0,0.0,0.0,0.001457679615774604,0.0014566972088004533,0.0014566972088004533,0.001467276796513169,0.0014700938098673576,0.0014732850418421048,0.0014744447789200234,0.0,0.0,0.0,0.0,0.000506596700617068,0.0005070744708683946,0.0005070744708683946,0.0005109811392407983,0.0005118000160256907,0.0005128576163037778,0.0005137186478788761,0.0,0.0,0.0,0.0,0.005063726831790851,0.005057506724447139,0.005057506724447139,0.005104988270102921,0.005117786589847822,0.005132044390259069,0.005137176435490167,0.0,0.0,0.0,0.0,-0.004534166579013139,1.0,0.10496096262107216,0.36002053850497584,0.2868668721720244,0.09985973934460968,0.9992727003057318
Qwen3-8B,magicoder,7,7,0.0037570917528663888,0.0037686149380586806,0.0037686149380586806,0.0039025665256236927,0.003946281283487162,0.004052870064203826,0.004139677302005996,0.0,0.0,0.0,0.0,0.0006967941154578358,0.0006988469883303843,0.0006988469883303843,0.0007217424698405824,0.0007260173845213174,0.0007422098000301213,0.0007608109938166227,0.0,0.0,0.0,0.0,0.0021443638929726223,0.002150465706759962,0.002150465706759962,0.002236151499077292,0.002262986678052809,0.002325937299261504,0.002398007179991747,0.0,0.0,0.0,0.0,0.0011805170785625814,0.0011845814637894499,0.0011845814637894499,0.0012198539350148285,0.0012256655841016064,0.0012535570251442677,0.001275919119138289,0.0,0.0,0.0,0.0,0.0006716427770008821,0.0006734427751708104,0.0006734427751708104,0.0006956533032849019,0.0007010494983011705,0.0007177035785862052,0.0007354008138686359,0.0,0.0,0.0,0.0,0.003761566124975119,0.003772948224689399,0.003772948224689399,0.003907466629686739,0.003950461736671818,0.0040566293942450255,0.00414411339679133,0.0,0.0,0.0,0.0,-0.003060297637408553,1.0,0.18313190116444705,0.5738988081075891,0.3093010645014412,0.17708526728383922,1.0009275723084248
Qwen3-8B,magicoder,8,7,0.006814099001130875,0.006904032992206056,0.006904032992206056,0.00782279606593422,0.008197438329547592,0.008931577489305328,0.009392988902686292,0.0,0.0,0.0,0.0,0.0018070246135575886,0.0018207833678832615,0.0018207833678832615,0.0019706812230319355,0.0020287153394808405,0.002127158392979649,0.002159769243386024,0.0,0.0,0.0,0.0,0.004307611192481383,0.004365317937153383,0.004365317937153383,0.0049392277059252115,0.005179675086249003,0.005651802151933569,0.005932276806612425,0.0,0.0,0.0,0.0,0.0028157479102932006,0.002839973009854782,0.002839973009854782,0.0030751692840211057,0.003166177875124558,0.003318523135709578,0.0033804530201189576,0.0,0.0,0.0,0.0,0.0016041961476665266,0.0016254669539256755,0.0016254669539256755,0.0017892370601615974,0.0018491037732358943,0.0019589049403543517,0.0019965676296287123,0.0,0.0,0.0,0.0,0.006864421786754522,0.006951572964498798,0.006951572964498798,0.007865584729109563,0.008237817674740439,0.008968054568292848,0.009432063238396408,0.0,0.0,0.0,0.0,-0.005007074387573286,1.0,0.23816155606629497,0.632788794443203,0.37154949835940826,0.21932351174246034,1.0040840578309036
Qwen3-8B,magicoder,9,7,0.0068590563214036265,0.006981781079054086,0.006981781079054086,0.007932155800380893,0.008398227507467031,0.009077340604164819,0.00976260221218057,0.0,0.0,0.0,0.0,0.0017364305575064407,0.0017480399897231856,0.0017480399897231856,0.0019349359507134325,0.0020007260284667784,0.002080314155843537,0.0022249950485857565,0.0,0.0,0.0,0.0,0.004318209775972399,0.0043830746800109874,0.0043830746800109874,0.004994775746730911,0.00527961011813695,0.005690228777810626,0.006115308376117646,0.0,0.0,0.0,0.0,0.0027592068376526687,0.0027768062874662615,0.0027768062874662615,0.0030733909377436276,0.0031763992758773894,0.0033070116775521055,0.003541250853981398,0.0,0.0,0.0,0.0,0.001571699562813397,0.0015877834705569382,0.0015877834705569382,0.0017765831412068461,0.0018528909765911654,0.001935092534442772,0.002068317060928928,0.0,0.0,0.0,0.0,0.006899259596135557,0.007020344756542985,0.007020344756542985,0.007968905329936455,0.008432186378256573,0.00911027256631694,0.00979666973989745,0.0,0.0,0.0,0.0,-0.0051226257638971855,1.0,0.22917661092160166,0.6268607762938702,0.3643150369431769,0.2131783546333959,1.0036279306449085
Qwen3-8B,magicoder,10,7,0.010090629478735826,0.010200032840526244,0.010200032840526244,0.011469461360724175,0.011736310845153513,0.012557291941292329,0.013345590722030847,0.0,0.0,0.0,0.0,0.0019504257597887675,0.0019617692581127373,0.0019617692581127373,0.002124037735969712,0.0021655623166306486,0.0022643616529073175,0.0023616454323631816,0.0,0.0,0.0,0.0,0.005579729809872203,0.005631901590756828,0.005631901590756828,0.006354855995175499,0.006517875892247734,0.00696037461614393,0.007408917408509669,0.0,0.0,0.0,0.0,0.003468885677655638,0.0034904573118903935,0.0034904573118903935,0.0037772713812415032,0.0038491847159418135,0.00403452351340933,0.004206677399384051,0.0,0.0,0.0,0.0,0.0017952292245016943,0.0018133128225269095,0.0018133128225269095,0.001985004490259908,0.0020267706170260455,0.002132423968257962,0.002233083481094657,0.0,0.0,0.0,0.0,0.010117851200917849,0.010224603667752023,0.010224603667752023,0.011493155618771941,0.01175861896297156,0.012577721842598913,0.013365877264648532,0.0,0.0,0.0,0.0,-0.008140203718947057,1.0,0.1803224503733471,0.5542894637382785,0.321289298064541,0.16981559226523044,1.0016269352820732
Qwen3-8B,magicoder,11,7,0.007699126717317695,0.0078762255045069,0.0078762255045069,0.008932904853012208,0.009144002721974466,0.00969254976705664,0.010088214737114206,0.0,0.0,0.0,0.0,0.0018825551274561023,0.0018987278376955572,0.0018987278376955572,0.002057551240253191,0.002098214760902715,0.0021974305333672534,0.0022145419698781474,0.0,0.0,0.0,0.0,0.0047994984921259235,0.004904715112128644,0.004904715112128644,0.005578608159719415,0.005711364548722148,0.006053809695834451,0.006319484928562045,0.0,0.0,0.0,0.0,0.002977388840306413,0.0030062092579870234,0.0030062092579870234,0.003255478289321858,0.003317751601578177,0.003476580654991971,0.0035100921679108287,0.0,0.0,0.0,0.0,0.001706360267375529,0.001733311731642003,0.001733311731642003,0.001905442009642456,0.0019388728983214818,0.0020425092809498173,0.0020709432476926563,0.0,0.0,0.0,0.0,0.0077432437008827576,0.007918584004431156,0.007918584004431156,0.008971420565713855,0.009180890212765603,0.009728385407237965,0.01012604635753011,0.0,0.0,0.0,0.0,-0.005816571589861593,1.0,0.22671336089869285,0.6245838134780943,0.35868587095712307,0.21072982136155397,1.0036972356131844
Qwen3-8B,magicoder,12,7,0.0074073115407497754,0.007490538475370064,0.007490538475370064,0.008431094627520022,0.008654273631731577,0.009241230037844567,0.009558726205943084,0.0,0.0,0.0,0.0,0.0018014955624506192,0.001825765204760985,0.001825765204760985,0.0019512992706945498,0.0019912529268912606,0.0020730305057113686,0.002162111636222769,0.0,0.0,0.0,0.0,0.0046368820196998495,0.004707546531499133,0.004707546531499133,0.005279911142926846,0.005468786726530461,0.00582329669696589,0.006000376124911629,0.0,0.0,0.0,0.0,0.0027879194400514075,0.0028222329322773786,0.0028222329322773786,0.0030201897182762596,0.003085320194180122,0.0032005638762409917,0.0033501262921695565,0.0,0.0,0.0,0.0,0.0016434015289144973,0.001673736342771321,0.001673736342771321,0.0018039148600097977,0.0018512764880002836,0.0019455384743180964,0.0020293583721852993,0.0,0.0,0.0,0.0,0.0074442159228456355,0.007525571225461016,0.007525571225461016,0.008462545715094055,0.00868277038681368,0.00926854201792622,0.009587783806272171,0.0,0.0,0.0,0.0,-0.005605815978299155,1.0,0.22432408859231082,0.6301430299990801,0.34633526739774717,0.21052808623427316,1.0029554485679726
Qwen3-8B,magicoder,13,7,0.0059911908976761465,0.006097505271585208,0.006097505271585208,0.006965940057993403,0.007128594717640847,0.007562486865715072,0.00805462333002265,0.0,0.0,0.0,0.0,0.0016790539721511324,0.001694538044961035,0.001694538044961035,0.001847514878765862,0.0018706542023610162,0.001937446227432591,0.0019944047062346584,0.0,0.0,0.0,0.0,0.004053140573610977,0.0041223737024530865,0.0041223737024530865,0.004713101566808153,0.004828508451950631,0.005130668124686567,0.005450514454867985,0.0,0.0,0.0,0.0,0.002461241767184998,0.0024857353797958217,0.0024857353797958217,0.0027074031469419514,0.0027424007227153224,0.0028409143462623343,0.002927905495674808,0.0,0.0,0.0,0.0,0.001513660988190188,0.0015338092699377281,0.0015338092699377281,0.0017001441133104932,0.0017270920242516865,0.0017924416355295004,0.0018576513986878849,0.0,0.0,0.0,0.0,0.006036448877811726,0.00614141065977826,0.00614141065977826,0.0070027488455088865,0.0071656980949941895,0.00759749579449275,0.008085509965408667,0.0,0.0,0.0,0.0,-0.0043121369255250145,1.0,0.2561916816300342,0.6784366327889729,0.37565874780447783,0.2370174874161604,1.0046292878783556
Qwen3-8B,magicoder,14,7,0.0052931667915801055,0.0053692435848911625,0.0053692435848911625,0.006129579803179507,0.006367047740813383,0.006811050988695189,0.007204292210288986,0.0,0.0,0.0,0.0,0.0016289157103760994,0.0016380076488189611,0.0016380076488189611,0.0017660727806293741,0.001813499305137356,0.001899967427715512,0.001943548128417237,0.0,0.0,0.0,0.0,0.003745911342300356,0.0037995347810071034,0.0037995347810071034,0.004343548104687409,0.0045048022535392205,0.004836474169003127,0.005105981098375317,0.0,0.0,0.0,0.0,0.002287152219020434,0.002298849046923378,0.002298849046923378,0.002477701788961479,0.0025438301734301574,0.002668328782941214,0.002728865506519845,0.0,0.0,0.0,0.0,0.0014672544249109325,0.0014804456483199883,0.0014804456483199883,0.0016287050489922135,0.001661899461515419,0.0017553508649388154,0.001806531210675556,0.0,0.0,0.0,0.0,0.005340985605376096,0.005415732386703957,0.005415732386703957,0.0061688866194727285,0.006408122050967286,0.006848411413868685,0.007240239111746925,0.0,0.0,0.0,0.0,-0.003664251081204007,1.0,0.2789536344492252,0.7100921982570069,0.3917646171449955,0.2577209989841953,1.005485265818081
Qwen3-8B,magicoder,15,7,0.006658739983135667,0.006722352464137242,0.006722352464137242,0.007620553627399952,0.007874994471725506,0.008191415474209818,0.008275963846121804,0.0,0.0,0.0,0.0,0.0017931407476663385,0.0018084066282224533,0.0018084066282224533,0.001941072086554244,0.001966838706791405,0.0020341231826822635,0.0020410498765130744,0.0,0.0,0.0,0.0,0.004463502658719566,0.004507561400797104,0.004507561400797104,0.005110166566721264,0.00527378217515641,0.005485546308036391,0.005537273097637988,0.0,0.0,0.0,0.0,0.002670323110796747,0.00269262146857584,0.00269262146857584,0.0028893136201409595,0.0029277858651965347,0.0030320383141671436,0.003043816246802103,0.0,0.0,0.0,0.0,0.0016114802637149468,0.0016284092593477396,0.0016284092593477396,0.0017777260056433368,0.0018067720339105852,0.0018716153964670411,0.0018776326794081842,0.0,0.0,0.0,0.0,0.0067054730173429986,0.006767116819334019,0.006767116819334019,0.0076581628957263954,0.007913553787106281,0.00822865192928537,0.008311075128786653,0.0,0.0,0.0,0.0,-0.004865599235469329,1.0,0.24832377128062652,0.669670135193033,0.37014827580328885,0.22848497947146137,1.0045457900643409
Qwen3-8B,magicoder,16,7,0.009151971740616964,0.01015090948615189,0.01015090948615189,0.011603183477883772,0.01194152173813693,0.012575685678770423,0.012832403449097873,0.0,0.0,0.0,0.0,0.0019600622571616074,0.0021325984666236576,0.0021325984666236576,0.0023117456400247906,0.0023625079227687236,0.002443884802049586,0.0024775383981820677,0.0,0.0,0.0,0.0,0.005385376046348835,0.005987750749320143,0.005987750749320143,0.0068353818925883806,0.007035749273214476,0.007402610478172136,0.007557454834788998,0.0,0.0,0.0,0.0,0.003339505677896008,0.0035979425994475864,0.0035979425994475864,0.003907889945836579,0.003998177460291841,0.004127082985264905,0.004192068052176389,0.0,0.0,0.0,0.0,0.0017840037173817826,0.0019470870382432997,0.0019470870382432997,0.002146736821348102,0.0022022213658627176,0.0022903563757240416,0.0023228649253113067,0.0,0.0,0.0,0.0,0.00918816799437014,0.01018611061370138,0.01018611061370138,0.011633393921651533,0.011973554709283194,0.012601614969488181,0.012860131334732319,0.0,0.0,0.0,0.0,-0.007191909483455356,1.0,0.19433411938525286,0.5886446804780445,0.32817955940422544,0.18212576508575548,1.0020618590015755
Qwen3-8B,magicoder,17,7,0.0190334689553133,0.01943398388574436,0.01943398388574436,0.02265735537552048,0.023278199008401883,0.024243483867068445,0.026507872545043498,0.0,0.0,0.0,0.0,0.0029526977751056895,0.002993706713683823,0.002993706713683823,0.0033357522930315443,0.0034000057708822315,0.003512164571685703,0.0037616189569465463,0.0,0.0,0.0,0.0,0.00916881615726757,0.009359854880396562,0.009359854880396562,0.01088942742039696,0.011154800648558907,0.011665288311166833,0.01276809466230283,0.0,0.0,0.0,0.0,0.0060665558956772715,0.0061596196233151025,0.0061596196233151025,0.00688387840861514,0.007030749508675313,0.007241000638549093,0.0077456650410333725,0.0,0.0,0.0,0.0,0.0027153981068659457,0.0027628091753567627,0.0027628091753567627,0.00313931976332657,0.0032042918256116864,0.0033143588372518597,0.0035918132300120273,0.0,0.0,0.0,0.0,0.019066059523897786,0.01946584611131391,0.01946584611131391,0.022681528361504256,0.023304545311626162,0.024267292643341765,0.026528491754607194,0.0,0.0,0.0,0.0,-0.016080771180207606,1.0,0.1448704563644218,0.4811721110352699,0.29867822125948784,0.13671132645064996,1.0009820690955091
Qwen3-8B,magicoder,18,7,0.015812715755198978,0.016250914668933927,0.016250914668933927,0.018518829215492492,0.01899544020992271,0.020010818337077848,0.02021122111728342,0.0,0.0,0.0,0.0,0.002711346819952426,0.00275284786243658,0.00275284786243658,0.0030020268715128954,0.0030590598576214277,0.003181965530770619,0.003245510230616031,0.0,0.0,0.0,0.0,0.008196322217273804,0.008398606649214616,0.008398606649214616,0.009536501103831542,0.009777883545260147,0.010323163922634142,0.010485308905662847,0.0,0.0,0.0,0.0,0.005175979839907443,0.005257824095978636,0.005257824095978636,0.005767681441705976,0.005871165313664598,0.0061133828575297994,0.006200744469270643,0.0,0.0,0.0,0.0,0.0024853215336288472,0.0025369505703269346,0.0025369505703269346,0.002810359743910093,0.0028720374377125698,0.0030008688687365856,0.0030517523047637824,0.0,0.0,0.0,0.0,0.015852922108537955,0.016287451936192018,0.016287451936192018,0.0185532349058515,0.01903011412224883,0.020040671139654857,0.02024502141587838,0.0,0.0,0.0,0.0,-0.013101368935246549,1.0,0.1590122641248902,0.5158791484057628,0.3055038906730952,0.1499623262870917,1.0014918331711449
Qwen3-8B,magicoder,19,7,0.02259473087406872,0.023108169930005463,0.023108169930005463,0.02716449923561437,0.02841583047890699,0.03056278959276755,0.03159543576301497,0.0,0.0,0.0,0.0,0.0032094668210750103,0.0032418553139751324,0.0032418553139751324,0.0036539904989615632,0.0037829757155146033,0.004031496582204471,0.004125336642625422,0.0,0.0,0.0,0.0,0.010232094856923012,0.010437976511649294,0.010437976511649294,0.01223847172072667,0.01275190683466738,0.013700251905639668,0.014158145855334781,0.0,0.0,0.0,0.0,0.0069634114629543685,0.007044571510592396,0.007044571510592396,0.00800999707871471,0.008294051478315374,0.008871922158636962,0.009081337938144344,0.0,0.0,0.0,0.0,0.0029675192096980827,0.00300761145763498,0.00300761145763498,0.0034580429080529893,0.003598097239405698,0.0038461452175344866,0.0039545664486510075,0.0,0.0,0.0,0.0,0.022629133897501978,0.023141585945019298,0.023141585945019298,0.027188009410775323,0.02844039115455524,0.030587726947496934,0.03161640594914996,0.0,0.0,0.0,0.0,-0.019385264052993706,1.0,0.13190865872919186,0.44826575349266307,0.2902850910159207,0.1258440498652861,1.0008159384356488
Qwen3-8B,magicoder,20,7,0.020036995060631366,0.020428509223848097,0.020428509223848097,0.02454879513221688,0.025928885387980802,0.028152390144341136,0.02999422247262204,0.0,0.0,0.0,0.0,0.003108689328868237,0.0031419077831701826,0.0031419077831701826,0.003587760027289451,0.0037555479809348482,0.0040014874835663915,0.004230948208688056,0.0,0.0,0.0,0.0,0.00983917653263412,0.010016961371589809,0.010016961371589809,0.011965336475370854,0.012639953361309467,0.013653303099232425,0.014526164575989238,0.0,0.0,0.0,0.0,0.006232591580496612,0.006309509960244861,0.006309509960244861,0.0072857301677771635,0.007623864450283036,0.008153242158165354,0.008622906694130104,0.0,0.0,0.0,0.0,0.0028744084198449324,0.002918875458995521,0.002918875458995521,0.0033923026620293305,0.00357530430507456,0.003817968393728414,0.004056685859845007,0.0,0.0,0.0,0.0,0.020072548616707646,0.02045919892773925,0.02045919892773925,0.024576243410217528,0.025952767172428687,0.028175304306291272,0.030008836493118494,0.0,0.0,0.0,0.0,-0.01692830573176313,1.0,0.14213668761516235,0.4849784700066347,0.28961101051678284,0.1356179128718084,1.000813933091743
Qwen3-8B,magicoder,21,7,0.018890668916088333,0.01906401389844,0.01906401389844,0.022544793479262325,0.02399869070342468,0.025491345245951806,0.02733872632301645,0.0,0.0,0.0,0.0,0.003054582211405753,0.003067827775078972,0.003067827775078972,0.0034394685486551866,0.003596113877239528,0.0037667287005075886,0.004022688550452386,0.0,0.0,0.0,0.0,0.009412274054455223,0.009501211592482645,0.009501211592482645,0.011148738877559884,0.011872129151919548,0.012555971229278784,0.01342932242103857,0.0,0.0,0.0,0.0,0.006021216830308546,0.006057545268625925,0.006057545268625925,0.00684879953649937,0.007157116629518329,0.007530207689457038,0.008095681624371897,0.0,0.0,0.0,0.0,0.00281149962765596,0.0028320962394147234,0.0028320962394147234,0.0032383190398250494,0.003409460759338122,0.003581139650434598,0.003849682553624671,0.0,0.0,0.0,0.0,0.018930770760284085,0.019101827489783535,0.019101827489783535,0.02257950962238482,0.024024715495191407,0.025520386095215338,0.027371005313521758,0.0,0.0,0.0,0.0,-0.015836086704682582,1.0,0.14776500275542617,0.4925582038975662,0.29540252257392674,0.14048452978382167,1.001139243495521
Qwen3-8B,magicoder,22,7,0.02568307978532309,0.02612722827853763,0.02612722827853763,0.031230059304338545,0.03344113173231853,0.03662600793456326,0.03762395505514481,0.0,0.0,0.0,0.0,0.0033821877107086257,0.003416508171844631,0.003416508171844631,0.003908824309310426,0.004130920317562627,0.004453243829861217,0.004537374467488661,0.0,0.0,0.0,0.0,0.011157310068978757,0.011331911546504158,0.011331911546504158,0.013459050988962116,0.014364596969605134,0.015751772265950155,0.016136346163186325,0.0,0.0,0.0,0.0,0.0076165634836555885,0.007714338880259623,0.007714338880259623,0.008903572255978758,0.009440270092745028,0.010217136825630968,0.010431718951036626,0.0,0.0,0.0,0.0,0.0031382431563501205,0.003193385295882792,0.003193385295882792,0.003715523764754797,0.003939210683513164,0.004276105229587404,0.00436242533108026,0.0,0.0,0.0,0.0,0.025715506146361543,0.026160072364136498,0.026160072364136498,0.03125437868902719,0.03346687911826881,0.03664879460489602,0.03764653679825128,0.0,0.0,0.0,0.0,-0.022300892074614467,1.0,0.12158692909741813,0.4300706834906108,0.27895851614200223,0.11675051338456478,1.000622144525646
Qwen3-8B,magicoder,23,7,0.021261875933618134,0.021886320048046477,0.021886320048046477,0.025100806855636877,0.02642051391584845,0.02792869051407797,0.028023236389494444,0.0,0.0,0.0,0.0,0.0034580065743091176,0.0035082529929112934,0.0035082529929112934,0.0038831793536130907,0.004047569416869918,0.004183965706202524,0.004252912658119638,0.0,0.0,0.0,0.0,0.010786172831460373,0.011094666239409854,0.011094666239409854,0.012650023510598279,0.01330011120903654,0.014025806710463986,0.014112952576523884,0.0,0.0,0.0,0.0,0.00668954202052276,0.006797568979979549,0.006797568979979549,0.007563471746999316,0.00790792594072714,0.008194377119468622,0.008316289553169091,0.0,0.0,0.0,0.0,0.0032301422148121447,0.003301736705097407,0.003301736705097407,0.0036926213325630614,0.0038525778918914104,0.004008888621929591,0.004067374097020458,0.0,0.0,0.0,0.0,0.021298197643447377,0.0219206758880938,0.0219206758880938,0.025131679715186546,0.026450458297027322,0.027949517280098445,0.02805159621609132,0.0,0.0,0.0,0.0,-0.017803869359309017,1.0,0.14980887500233922,0.5022006564680869,0.2934035562941304,0.14354015702629655,1.000745712227717
Qwen3-8B,magicoder,24,7,0.025381209499323043,0.026165162266039328,0.026165162266039328,0.030471459942716182,0.03171164504401174,0.03375144891197413,0.0346784497777542,0.0,0.0,0.0,0.0,0.003718619891376079,0.00379523841714577,0.00379523841714577,0.004239946875768138,0.0043910086876435845,0.004591781398268207,0.004733870713287331,0.0,0.0,0.0,0.0,0.012109613773532323,0.012447580402699868,0.012447580402699868,0.014397766160514552,0.015002137408412622,0.015898109824161087,0.016335475576534888,0.0,0.0,0.0,0.0,0.007603934068497948,0.007786236548481613,0.007786236548481613,0.008779480255774762,0.009091429352966238,0.009557930934112986,0.009867018719677677,0.0,0.0,0.0,0.0,0.0034929765846527855,0.0035763529641857647,0.0035763529641857647,0.00405501626608238,0.004214396448005022,0.004433093209091207,0.0045635355001786265,0.0,0.0,0.0,0.0,0.025412758684396908,0.02619450915613665,0.02619450915613665,0.03049759824013039,0.03173488824070588,0.0337701762425456,0.03469607286635005,0.0,0.0,0.0,0.0,-0.02166258960794696,1.0,0.13604694157705222,0.47103488403192234,0.28318579623176066,0.13134527115126193,1.0005548600482401
Qwen3-8B,magicoder,25,7,0.025817600061066086,0.02665480857326417,0.02665480857326417,0.030320113634147106,0.031826976848379936,0.033568687463620205,0.03430709243119764,0.0,0.0,0.0,0.0,0.003855521953976057,0.003964104880805357,0.003964104880805357,0.004395006073752328,0.004541251996254501,0.00472914127957841,0.00488795156266939,0.0,0.0,0.0,0.0,0.012777923227913796,0.013221206187896725,0.013221206187896725,0.014957160884989492,0.015666151582313777,0.0164889463392797,0.01690120078155339,0.0,0.0,0.0,0.0,0.007701369415753638,0.007915137492350559,0.007915137492350559,0.008808756411651186,0.009124773203742529,0.009523930427361991,0.009826101196194844,0.0,0.0,0.0,0.0,0.003618980119193698,0.0037317263736063614,0.0037317263736063614,0.0041832479559989685,0.004346877618090245,0.004552243305810644,0.004697542179091835,0.0,0.0,0.0,0.0,0.025851222332972004,0.02668951317288168,0.02668951317288168,0.0303497333538685,0.031847481602492365,0.03358932667086826,0.034326600624291013,0.0,0.0,0.0,0.0,-0.02196207810709003,1.0,0.14087954093241145,0.4912002102301278,0.2837147099565175,0.13560980931244634,1.0006148350980486
Qwen3-8B,magicoder,26,7,0.02087131486316207,0.021606896599631695,0.021606896599631695,0.024256954300909583,0.02539398554963538,0.026076326967006926,0.027750772964484072,0.0,0.0,0.0,0.0,0.003678462600211458,0.0037601411755527996,0.0037601411755527996,0.004129968939746091,0.004252855826709563,0.004374666036658733,0.004643539516919462,0.0,0.0,0.0,0.0,0.011659068546956626,0.012061429546673982,0.012061429546673982,0.013526255294459798,0.014127807300649702,0.014535922191540103,0.015465909008655368,0.0,0.0,0.0,0.0,0.006544731670202194,0.006686659860477732,0.006686659860477732,0.007354826103704908,0.0075950285377433925,0.007807229153797443,0.008292926238439422,0.0,0.0,0.0,0.0,0.0034728499598126183,0.003566657268635924,0.003566657268635924,0.0039441754844520525,0.004087308747559091,0.004207048655351256,0.004479819926552605,0.0,0.0,0.0,0.0,0.020906371698424776,0.021642480817616754,0.021642480817616754,0.02428615264342941,0.025423980359460266,0.02610094326337483,0.02777502400772654,0.0,0.0,0.0,0.0,-0.017192852262950614,1.0,0.1677638895306758,0.5574374876466183,0.2993991126003114,0.1613359374069141,1.000944009346065
Qwen3-8B,magicoder,27,7,0.02056257304136764,0.02107666086601221,0.02107666086601221,0.023671302046361517,0.024222043826252912,0.024835564613761504,0.026317034881789,0.0,0.0,0.0,0.0,0.003949619351250103,0.004016465665193954,0.004016465665193954,0.004404955022597797,0.0044886721676915126,0.00459146386624975,0.004837066312754146,0.0,0.0,0.0,0.0,0.012289710269859797,0.012574226220199557,0.012574226220199557,0.014095369067563972,0.014429731536811534,0.014775516641584139,0.01567975245532284,0.0,0.0,0.0,0.0,0.006553719578924807,0.006659430028513124,0.006659430028513124,0.007330645774432312,0.0074702392751060335,0.007640391556911986,0.008053024298434488,0.0,0.0,0.0,0.0,0.003746029864384536,0.0038229324615469008,0.0038229324615469008,0.004222869217361742,0.004312050639394897,0.004407182919533452,0.0046640854814727645,0.0,0.0,0.0,0.0,0.02059528383317561,0.02110918721543253,0.02110918721543253,0.023696730209611848,0.02425161027581612,0.024861208567773775,0.026344506733289183,0.0,0.0,0.0,0.0,-0.016612953690117536,1.0,0.18487455138046663,0.5949337923808246,0.3076391326605238,0.17745450880917002,1.0010325496686336
Qwen3-8B,magicoder,28,7,0.02174235154684006,0.02229450913410452,0.02229450913410452,0.025041271289902592,0.025638554232085175,0.02662948130416802,0.026877666333059647,0.0,0.0,0.0,0.0,0.0038824634754190024,0.00394598946536115,0.00394598946536115,0.004338782803340913,0.0044208643433752606,0.004554621140909468,0.004609157938447241,0.0,0.0,0.0,0.0,0.012256893211426112,0.012554528395102908,0.012554528395102908,0.014093340212594768,0.014424884193861712,0.014976470772399917,0.015130576737208457,0.0,0.0,0.0,0.0,0.006824827183261446,0.006939424410956595,0.006939424410956595,0.007645522886991855,0.00779394020969963,0.008033661580996986,0.008127186812906384,0.0,0.0,0.0,0.0,0.0036715636309828594,0.0037395513509228323,0.0037395513509228323,0.004139907616799115,0.004232588986883184,0.004370301535105669,0.004425581575687643,0.0,0.0,0.0,0.0,0.02177535673818449,0.02232264622676057,0.02232264622676057,0.025069373024493833,0.025668644449316855,0.026654790038878155,0.026907450973204457,0.0,0.0,0.0,0.0,-0.017859888071421054,1.0,0.17103679523027673,0.5624018959038385,0.3016829914647855,0.1641151581282071,1.0009504028419125
Qwen3-8B,magicoder,29,7,0.015896187130378107,0.016382422741818344,0.016382422741818344,0.018337515632525194,0.019101706624494987,0.019713696837558466,0.020690113979116423,0.0,0.0,0.0,0.0,0.003270632437102703,0.0033221304270135508,0.0033221304270135508,0.003614054625248975,0.0037332617015511677,0.0038294929673795136,0.0039667920260445496,0.0,0.0,0.0,0.0,0.00970001718913464,0.009976863712121298,0.009976863712121298,0.011116773686173604,0.011566753868162681,0.011960936103522592,0.012529869254234343,0.0,0.0,0.0,0.0,0.005239124227142291,0.005345988244465088,0.005345988244465088,0.0058222804775922045,0.00602990338729359,0.006186458994615647,0.006437113402167545,0.0,0.0,0.0,0.0,0.003071127063491398,0.0031347410860406303,0.0031347410860406303,0.003447488158807674,0.003562523635977809,0.0036721169688234342,0.0038082182045218013,0.0,0.0,0.0,0.0,0.01593535057234015,0.016419415374455234,0.016419415374455234,0.018368442061350382,0.01913768295591339,0.019741876637851742,0.02071567000246541,0.0,0.0,0.0,0.0,-0.012625554693275403,1.0,0.1942554457915563,0.6067322736106329,0.31381526486849626,0.18627236682606024,1.0014294528583592
Qwen3-8B,magicoder,30,7,0.023145653007205898,0.023748914133897646,0.023748914133897646,0.026665521041920104,0.02785196238699174,0.028788752729425614,0.02986942088366013,0.0,0.0,0.0,0.0,0.0037636100982591236,0.003834926594985343,0.003834926594985343,0.00422367579291569,0.004323997870002824,0.004484665491044131,0.004612690824994743,0.0,0.0,0.0,0.0,0.012298324745080049,0.01263590215118375,0.01263590215118375,0.014082101457340976,0.014666984431361692,0.01515557375005234,0.015670716081750215,0.0,0.0,0.0,0.0,0.007007392791162817,0.007143550809638263,0.007143550809638263,0.007914313588696919,0.008123649466864686,0.008426965466523328,0.008702010411900812,0.0,0.0,0.0,0.0,0.00357079424693069,0.0036559511632759407,0.0036559511632759407,0.004049027061818922,0.004175978165096931,0.004324734489458273,0.004461446739571427,0.0,0.0,0.0,0.0,0.023178253563846177,0.02377967763005353,0.02377967763005353,0.0266950320878334,0.02787671870763984,0.02881373535583504,0.029891287079912312,0.0,0.0,0.0,0.0,-0.019382042908946774,1.0,0.15577838794176924,0.5264407906967604,0.2927172825347846,0.1502230586404623,1.00086779120458
Qwen3-8B,magicoder,31,7,0.020957969989613433,0.021476503153780902,0.021476503153780902,0.023693738961504434,0.02430732253465229,0.025609553660033365,0.026361254984729285,0.0,0.0,0.0,0.0,0.0037411652557903397,0.003798684074451013,0.003798684074451013,0.004099089435803227,0.004202297393266416,0.004340517673564284,0.0044924097603391295,0.0,0.0,0.0,0.0,0.011776356570896797,0.012056835584852408,0.012056835584852408,0.013205524268901779,0.013537357082568754,0.014192795525017584,0.014671271085759566,0.0,0.0,0.0,0.0,0.006527129266217438,0.006630373797024063,0.006630373797024063,0.007197468709897884,0.007386845848636095,0.00767224661864772,0.007915301736091078,0.0,0.0,0.0,0.0,0.0035488541826213544,0.0036146980152664955,0.0036146980152664955,0.003928487436317833,0.004040976408329243,0.004191443824828601,0.004332846631494752,0.0,0.0,0.0,0.0,0.020992858257920084,0.021510533762954274,0.021510533762954274,0.0237226083443728,0.024337697330344046,0.025635671178156273,0.02638848713128937,0.0,0.0,0.0,0.0,-0.017216804733823095,1.0,0.16948822034091743,0.5541992536623964,0.29958533133754445,0.1636671954720487,1.0010198349596255
Qwen3-8B,magicoder,32,7,0.020432020004040985,0.021073016844266657,0.021073016844266657,0.023253125769515295,0.023818681978107374,0.025085213132421135,0.02563705948872601,0.0,0.0,0.0,0.0,0.0034197115318925437,0.0034772615666013836,0.0034772615666013836,0.003757818140596292,0.003835056761661613,0.003992690642517099,0.004091142701725257,0.0,0.0,0.0,0.0,0.011052540049191832,0.011357066391762191,0.011357066391762191,0.012460464383364421,0.012768518238996333,0.013390305080319964,0.013705285011354077,0.0,0.0,0.0,0.0,0.006225022924117202,0.006351714800804529,0.006351714800804529,0.006885870250552872,0.007060057874464888,0.007363967448870869,0.007535407554398646,0.0,0.0,0.0,0.0,0.0032360931411042617,0.003305773012708296,0.003305773012708296,0.0035930140556862606,0.0036819591547861273,0.003847457546195637,0.003940098377556345,0.0,0.0,0.0,0.0,0.020464523832493045,0.02110338724756288,0.02110338724756288,0.023281406095610045,0.02384428969361778,0.025112164996499653,0.025661731466798177,0.0,0.0,0.0,0.0,-0.01701230847214844,1.0,0.15916510740571646,0.5337927570969607,0.2935580977525514,0.1533755175164539,1.0010744124012916
Qwen3-8B,magicoder,33,7,0.022079703879996967,0.02268641655418145,0.02268641655418145,0.025062599389590157,0.02584602494541987,0.026490106492692303,0.026682846461329505,0.0,0.0,0.0,0.0,0.003291853873828166,0.003353112082230933,0.003353112082230933,0.0036114125854624316,0.003713781596878186,0.0037960534036374856,0.003819024792549072,0.0,0.0,0.0,0.0,0.01056421297763371,0.010833235750303129,0.010833235750303129,0.011929240109051898,0.012275102543229638,0.012557608278855286,0.012670772713353966,0.0,0.0,0.0,0.0,0.006565725786231375,0.006714074533841291,0.006714074533841291,0.0072936000593041336,0.007483211267134058,0.007686096547046482,0.007729233527751964,0.0,0.0,0.0,0.0,0.003119983361636737,0.0031884293316212387,0.0031884293316212387,0.003459152877421409,0.00356480547074432,0.003652011616092118,0.0036793678682090097,0.0,0.0,0.0,0.0,0.02210454419016575,0.022708544432941742,0.022708544432941742,0.025082783692940213,0.025867353525940145,0.026509351769805015,0.02670174923166007,0.0,0.0,0.0,0.0,-0.018787850006168803,1.0,0.14330079815589583,0.47404899192532474,0.2901497035946914,0.13786322894170247,1.0007265081066405
Qwen3-8B,magicoder,34,7,0.027815797009024323,0.02828607344695218,0.02828607344695218,0.030380026655904176,0.030882592978542105,0.03149422888391694,0.031984023015062646,0.0,0.0,0.0,0.0,0.0035363548533500497,0.0035800433309298722,0.0035800433309298722,0.003804299155815564,0.0038543857260125735,0.003928050602084111,0.0039392433565390034,0.0,0.0,0.0,0.0,0.012210057017985478,0.012409306393945945,0.012409306393945945,0.013317114073888907,0.013539221373708138,0.013781213458802486,0.013920646110704692,0.0,0.0,0.0,0.0,0.00790050854612827,0.007994016954999243,0.007994016954999243,0.008521471299561684,0.00864997685705711,0.00879568679064251,0.008898758658773674,0.0,0.0,0.0,0.0,0.003394215020703629,0.0034378134979904003,0.0034378134979904003,0.0036846177112303635,0.0037353385678689515,0.003809678930600744,0.0038217121969753155,0.0,0.0,0.0,0.0,0.02783738060299714,0.028308404065351962,0.028308404065351962,0.030400403865294683,0.03090067789467461,0.031511257751504484,0.03200494449555442,0.0,0.0,0.0,0.0,-0.024279442155674274,1.0,0.12472286959500813,0.43757900882723616,0.2792793188574995,0.12096435015579064,1.0005406980323384
Qwen3-8B,magicoder,35,7,0.02788927557807326,0.028406333351386842,0.028406333351386842,0.03164355577103642,0.03240864660238966,0.033510561306016894,0.034131600087165814,0.0,0.0,0.0,0.0,0.0033590824707562536,0.003406482444075029,0.003406482444075029,0.0037556087579045513,0.0038341860533993503,0.0039516739546685145,0.0040365493524657835,0.0,0.0,0.0,0.0,0.011572010527395581,0.011738768174761263,0.011738768174761263,0.013141698923465665,0.013443990542773569,0.013948383920579848,0.014370416408529636,0.0,0.0,0.0,0.0,0.007946264427640844,0.008068612355057868,0.008068612355057868,0.008870156721542424,0.00906785294470138,0.00932963035354419,0.009485084080363419,0.0,0.0,0.0,0.0,0.0032162491844284933,0.003263243528211792,0.003263243528211792,0.0036290120730146083,0.0037057115780337636,0.0038305136183580664,0.0039349104945141196,0.0,0.0,0.0,0.0,0.027906739128141726,0.0284224234157302,0.0284224234157302,0.031656400115982655,0.03242443444023684,0.033525470522000736,0.03414669142650049,0.0,0.0,0.0,0.0,-0.024530193107317008,1.0,0.1179232397387203,0.416238444745937,0.2784086565529726,0.11430765314188543,1.000444910959494
Qwen3-8B,metamath,0,7,0.060731514659598376,0.0605622341140114,0.0605622341140114,0.06763092424604211,0.06904786796639906,0.07329434814161044,0.07586399164156063,0.0,0.0,0.0,0.0,0.017069699203972413,0.01705227428673739,0.01705227428673739,0.018616653727002337,0.01899962852167606,0.01993466770173,0.02059619597871719,0.0,0.0,0.0,0.0,0.04343395072602749,0.0432766738459265,0.0432766738459265,0.048309617219238446,0.049302571343652374,0.05227384858497509,0.05418838011720473,0.0,0.0,0.0,0.0,0.02358039271627877,0.02354399210529047,0.02354399210529047,0.02565706777582826,0.026186183827057143,0.02751521534125113,0.028423847999362234,0.0,0.0,0.0,0.0,0.01605768186199953,0.01605349947500989,0.01605349947500989,0.017615390359538255,0.018016991263939835,0.018989717142145736,0.019587124597953927,0.0,0.0,0.0,0.0,0.06100579729884578,0.06085010640318287,0.06085010640318287,0.0678900684464851,0.06929634877169268,0.07354345788910259,0.07609137457310461,0.0,0.0,0.0,0.0,-0.04366181545562596,1.0,0.27198096725295456,0.7132043590042974,0.3754070544169323,0.25908842391852793,1.0033987579371175
Qwen3-8B,metamath,1,7,0.03161439479764917,0.03181157214947497,0.03181157214947497,0.033229215470275575,0.03364432291772586,0.03470607762037422,0.035294592541524235,0.0,0.0,0.0,0.0,0.0028601332426194666,0.002868722846910767,0.002868722846910767,0.0029797494923508713,0.003013875048269602,0.0030918902270068147,0.0031472037776731176,0.0,0.0,0.0,0.0,0.010359115725381514,0.010421603444952382,0.010421603444952382,0.010878602633963515,0.011015281862165459,0.011364360170533471,0.01155122880046159,0.0,0.0,0.0,0.0,0.008594786382679076,0.008629850323764917,0.008629850323764917,0.008960212865565089,0.009064026150678445,0.009297947447196614,0.009470700119194382,0.0,0.0,0.0,0.0,0.002713625891007416,0.002726610431879119,0.002726610431879119,0.0028424135915293054,0.002877296453865463,0.0029605147442079787,0.003011179138159275,0.0,0.0,0.0,0.0,0.03160481683621335,0.031798274754781086,0.031798274754781086,0.03321895323003952,0.03363017935328159,0.03469503071742194,0.035293956440669905,0.0,0.0,0.0,0.0,-0.028754261555029713,1.0,0.08908786123361054,0.3274458236058925,0.26790545301317054,0.08530248726436337,0.9996817011973202
Qwen3-8B,metamath,2,7,0.021914287655250386,0.02191073381358779,0.02191073381358779,0.022607719956162467,0.0226929025607525,0.022971309830880228,0.02323582847345863,0.0,0.0,0.0,0.0,0.002010570752569671,0.002010202986463455,0.002010202986463455,0.0020665134098785433,0.002078757769814226,0.0021034647326109135,0.0021296427639667637,0.0,0.0,0.0,0.0,0.00751962379809098,0.007519459128263005,0.007519459128263005,0.007755396261829313,0.007785646689302398,0.00787816507630521,0.00796531520968895,0.0,0.0,0.0,0.0,0.005839536554764161,0.005838917035771946,0.005838917035771946,0.0060021645667515345,0.006040478557563941,0.006107071874919599,0.006193673756515929,0.0,0.0,0.0,0.0,0.0019221105792121822,0.0019218739054746884,0.0019218739054746884,0.001982244862968879,0.0019899474525032577,0.0020141598631227106,0.0020373250975238844,0.0,0.0,0.0,0.0,0.021913456728741416,0.021911218935233706,0.021911218935233706,0.022608944698612292,0.022691228425766975,0.022969506960047226,0.023235908915673998,0.0,0.0,0.0,0.0,-0.019903716902680713,1.0,0.09156921168610226,0.34295672011330536,0.26585649315956245,0.08768154179937465,0.9999215164112855
Qwen3-8B,metamath,3,7,0.04098280434042083,0.041026260623917885,0.041026260623917885,0.043018861008490235,0.04350086170553608,0.044986864082362674,0.045225849429744634,0.0,0.0,0.0,0.0,0.0034988858501507625,0.0035077398294112655,0.0035077398294112655,0.0036691657671676764,0.003709892315729955,0.0038318594334312583,0.0038640931363207254,0.0,0.0,0.0,0.0,0.013292335271590594,0.01329809999683607,0.01329809999683607,0.013963685047070934,0.014135430685537555,0.014601972563095063,0.014681047383037741,0.0,0.0,0.0,0.0,0.010714920829276338,0.010747184943273692,0.010747184943273692,0.011239077395948004,0.01137965038976626,0.01172902481981991,0.01182979314645653,0.0,0.0,0.0,0.0,0.003361020023562286,0.0033636137208562173,0.0033636137208562173,0.0035284585941714078,0.0035717959187633133,0.0036884169836715374,0.003709260208083158,0.0,0.0,0.0,0.0,0.04098197651424161,0.041022796054951675,0.041022796054951675,0.04301706372032642,0.04350106862688696,0.044989054623414404,0.04522489413297989,0.0,0.0,0.0,0.0,-0.037483918490270066,1.0,0.08517729589721632,0.32458302797815686,0.26072110290564426,0.08198875513791591,1.000048692903949
Qwen3-8B,metamath,4,7,0.05643014282345446,0.05625567609804502,0.05625567609804502,0.05903338616622052,0.0596720591614511,0.060970116005575385,0.06172680911161693,0.0,0.0,0.0,0.0,0.005551444962440896,0.005546449254392072,0.005546449254392072,0.005763301933338263,0.005825409908238798,0.005931956347504845,0.006019943594902168,0.0,0.0,0.0,0.0,0.01914588658873885,0.01911155128515448,0.01911155128515448,0.020003628214426916,0.02023902540494758,0.02066992074470191,0.02093365370104631,0.0,0.0,0.0,0.0,0.01631446513416123,0.016308155773417626,0.016308155773417626,0.016948295161334524,0.01713618425027083,0.01743812440902968,0.017695557372384027,0.0,0.0,0.0,0.0,0.0050051997070284186,0.004999387494288125,0.004999387494288125,0.005227774120632814,0.005269983621205163,0.005400012478172574,0.005461924042391657,0.0,0.0,0.0,0.0,0.05649311588085399,0.05632959797120149,0.05632959797120149,0.05908384741089412,0.05973519563499705,0.06103579949432328,0.06179288554931994,0.0,0.0,0.0,0.0,-0.05087869786101355,1.0,0.09729284994246033,0.3390172448222299,0.2860110091874363,0.088568184414784,1.0010773062780771
Qwen3-8B,metamath,5,7,0.04567305270416516,0.046344725483240846,0.046344725483240846,0.05151542354088288,0.05297704877628965,0.05647628815536732,0.057314563672681625,0.0,0.0,0.0,0.0,0.0060635397702716596,0.006170196171407044,0.006170196171407044,0.006766872595386076,0.006905180382584189,0.007378548176463909,0.00748408973815359,0.0,0.0,0.0,0.0,0.01973572638275046,0.02002941567605855,0.02002941567605855,0.02225419550540851,0.022808719445040825,0.02436400504247859,0.024675036368920537,0.0,0.0,0.0,0.0,0.013959066886490335,0.014196791520529791,0.014196791520529791,0.015603761947715605,0.015950731024396547,0.01701417861957853,0.01728520346067105,0.0,0.0,0.0,0.0,0.005643567024428128,0.005707877324347093,0.005707877324347093,0.006331799859259038,0.006469915227724622,0.006933862521616292,0.007070566284899496,0.0,0.0,0.0,0.0,0.045730157350210715,0.04640629941700864,0.04640629941700864,0.05157751293661481,0.053032125989106706,0.05654164399933259,0.05737620920229636,0.0,0.0,0.0,0.0,-0.039609512933893504,1.0,0.1306486034663855,0.4314023785602333,0.3012623381475108,0.1227747564170844,1.0011572262643302
Qwen3-8B,metamath,6,7,0.008144269804523414,0.008108068757964187,0.008108068757964187,0.009764595645076228,0.010135872878887887,0.010931133851416152,0.01108081408609851,0.0,0.0,0.0,0.0,0.0010900551361333372,0.0010837556181450964,0.0010837556181450964,0.00128643516681805,0.001314136340184773,0.0014113004901381207,0.001425635211044097,0.0,0.0,0.0,0.0,0.0033629117159616083,0.003350783355491294,0.003350783355491294,0.004068265640077948,0.00420055174890706,0.004549021935531832,0.004622224619520902,0.0,0.0,0.0,0.0,0.002692298762178447,0.0026775120944705043,0.0026775120944705043,0.0031313523965020794,0.0032040951220476295,0.0034209819683108096,0.00344667754082995,0.0,0.0,0.0,0.0,0.000951923033113833,0.0009481321419308314,0.0009481321419308314,0.001148273757950268,0.001176164520379057,0.0012691144886145507,0.0012860964189191433,0.0,0.0,0.0,0.0,0.00817132108675463,0.008135348435309466,0.008135348435309466,0.009793294099467418,0.01016436518183841,0.010961597229981343,0.011110814525240017,0.0,0.0,0.0,0.0,-0.007054214668390076,1.0,0.12910833490116708,0.41615279781268955,0.3129576505796436,0.11610090095549733,1.0027868452604525
Qwen3-8B,metamath,7,7,0.032925800094706276,0.033365123451738886,0.033365123451738886,0.03580352089415727,0.03658945502028761,0.03743626519922505,0.038391108392132375,0.0,0.0,0.0,0.0,0.004602649837007403,0.004650331865832771,0.004650331865832771,0.004993235166247521,0.005048815017373576,0.005151973610132595,0.005265475337937163,0.0,0.0,0.0,0.0,0.015420793056597486,0.015619350539315744,0.015619350539315744,0.016765717092944103,0.017111024445681633,0.017512764728914675,0.017957171291070773,0.0,0.0,0.0,0.0,0.009790608075710937,0.009900810554421241,0.009900810554421241,0.01062937539302025,0.010749410034095547,0.010976593214819617,0.011207594463188104,0.0,0.0,0.0,0.0,0.004324112118021006,0.004364457067665603,0.004364457067665603,0.004703471848746648,0.004769600890312638,0.004873821725460258,0.004978589685589429,0.0,0.0,0.0,0.0,0.03296031487424688,0.0334004460204563,0.0334004460204563,0.035837042699956134,0.036617897063265015,0.037463591202395105,0.03843103012713048,0.0,0.0,0.0,0.0,-0.028323150257698878,1.0,0.13761986092136252,0.46780213345847327,0.2932074862811592,0.13018984932185887,1.0007299340098335
Qwen3-8B,metamath,8,7,0.06746429576256048,0.06895316982367039,0.06895316982367039,0.0777630003474098,0.07976343300445929,0.08248721909752711,0.08608748789033448,0.0,0.0,0.0,0.0,0.01589441618279675,0.01608031272244477,0.01608031272244477,0.017760341589052604,0.018051920382766002,0.018682384624632002,0.019315335964343778,0.0,0.0,0.0,0.0,0.04290914885953085,0.04387213407230969,0.04387213407230969,0.049355412265998065,0.05050388073940763,0.052333455838168425,0.05434065658846464,0.0,0.0,0.0,0.0,0.024502302895986205,0.024808028029092766,0.024808028029092766,0.02744548221950636,0.02792590645643273,0.02885291676335584,0.02990449313261273,0.0,0.0,0.0,0.0,0.014773039784546995,0.015032885538341787,0.015032885538341787,0.016667425162227946,0.016958870300151422,0.017623276088551028,0.01822489217503828,0.0,0.0,0.0,0.0,0.06772884407592035,0.06920853268163371,0.06920853268163371,0.07801624276407529,0.08000079062943942,0.08273952577297555,0.08634221403571396,0.0,0.0,0.0,0.0,-0.051569879579763736,1.0,0.22648823452931852,0.6344432072112046,0.3497865133414447,0.21364856618228942,1.003058736592273
Qwen3-8B,metamath,9,7,0.06766716597404163,0.06980185236116868,0.06980185236116868,0.07831632568845162,0.07935046753855855,0.0815950198122797,0.08352442030714986,0.0,0.0,0.0,0.0,0.013932499345650648,0.01414539279454977,0.01414539279454977,0.015493456152691995,0.015730875356763027,0.01621444791763138,0.01653447335205608,0.0,0.0,0.0,0.0,0.040459518668068135,0.04146340356581207,0.04146340356581207,0.046571076801218234,0.047133686061224866,0.04843412226482091,0.049774911818720485,0.0,0.0,0.0,0.0,0.022887209181149462,0.02333435417655371,0.02333435417655371,0.025571041576071422,0.026038603770305164,0.02680125201962887,0.02728187244254851,0.0,0.0,0.0,0.0,0.013093254873301523,0.013326625844873355,0.013326625844873355,0.014708277558827297,0.014944777786970802,0.015381478031563303,0.01571712086314049,0.0,0.0,0.0,0.0,0.06786093002708943,0.06997913460426045,0.06997913460426045,0.07848824514146158,0.07952765249628743,0.08177397780518578,0.08369818338266578,0.0,0.0,0.0,0.0,-0.05373466662839099,1.0,0.1987185977150921,0.5935916478266702,0.328466762815779,0.18851001037747717,1.0021932465157528
Qwen3-8B,metamath,10,7,0.09796719188702072,0.0986019384379134,0.0986019384379134,0.10753946763822694,0.10899189863287956,0.11154883664695348,0.11453776750440842,0.44140625,0.0,0.0,0.0,0.016272529252319583,0.016312860321604665,0.016312860321604665,0.01773950080834222,0.01797581964241419,0.0183300455642204,0.018812025014738675,0.0,0.0,0.0,0.0,0.049072598587861366,0.04933251141302279,0.04933251141302279,0.053794416269500545,0.05441728757275208,0.05569285685369137,0.05731394490910277,0.0,0.0,0.0,0.0,0.03209525223102881,0.032224700970418636,0.032224700970418636,0.03508212029077251,0.03559451891779281,0.03628810233356962,0.037273243688805004,0.0,0.0,0.0,0.0,0.015224087047094818,0.015287891491465797,0.015287891491465797,0.016674263162937138,0.016925512488857042,0.017185016181378937,0.01766907867758973,0.0,0.0,0.0,0.0,0.09817539693157852,0.09880125712461724,0.09880125712461724,0.10775515448370665,0.10923031814844122,0.1117654850633064,0.11471011612017837,0.4453125,0.0,0.0,0.0,-0.08169466263470115,1.0,0.16432305450422655,0.49926882724879057,0.3253113472480189,0.15405822864624452,1.0019421844536005
Qwen3-8B,metamath,11,7,0.09171494062483193,0.09225171526223833,0.09225171526223833,0.09901809636494124,0.10063236675069673,0.10225295587494042,0.1043486955365655,0.0546875,0.0,0.0,0.0,0.017889616921450267,0.017842816440863028,0.017842816440863028,0.019253605407247448,0.01957783562232983,0.02015056910494953,0.020844657759197263,0.0,0.0,0.0,0.0,0.05012023240596397,0.05029344462982314,0.05029344462982314,0.053901338830342066,0.05481570572258674,0.05552136181362873,0.05673458912911252,0.0,0.0,0.0,0.0,0.03215968313512259,0.032054843862782,0.032054843862782,0.03478394194202482,0.03542363016798475,0.036556473748829664,0.037770973500036824,0.0,0.0,0.0,0.0,0.016528762693577476,0.016507834412273367,0.016507834412273367,0.01776783528952795,0.018049973700164236,0.018567008959746507,0.01903159282677032,0.0,0.0,0.0,0.0,0.09200746883263766,0.09256600786286817,0.09256600786286817,0.099320427559168,0.10097702394048505,0.10256913819332915,0.10474778717553965,0.07421875,0.0,0.0,0.0,-0.07382532370338166,1.0,0.1970658836463809,0.5429805069061636,0.35751019064465717,0.18157919055616079,1.003092158223528
Qwen3-8B,metamath,12,7,0.08185226663657308,0.08238157482165143,0.08238157482165143,0.08779217454800628,0.08980479203924836,0.09253067060646149,0.0929339468221345,0.0,0.0,0.0,0.0,0.016007056706007043,0.016142482040899013,0.016142482040899013,0.017015822773969458,0.017348340973810043,0.017675389153263218,0.01790327603400976,0.0,0.0,0.0,0.0,0.04453388883951935,0.044762755268375636,0.044762755268375636,0.047502337804241714,0.04855697553557485,0.049731756305554,0.04999290744699692,0.0,0.0,0.0,0.0,0.02837382239161587,0.02866112011179689,0.02866112011179689,0.03046249281230954,0.031029087289032947,0.03170230220245129,0.03201131357598418,0.0,0.0,0.0,0.0,0.014842064847747076,0.014957793423422067,0.014957793423422067,0.01582142374228175,0.01613256351078091,0.01647909714517132,0.016596242328385864,0.0,0.0,0.0,0.0,0.08208486589227346,0.08260762367033012,0.08260762367033012,0.08805653661662255,0.09004764010822446,0.09275136475715676,0.09314643132850625,0.0,0.0,0.0,0.0,-0.06584520993056604,1.0,0.19102195020759885,0.5374624000842505,0.3426139894444631,0.1780933504227794,1.00238509187547
Qwen3-8B,metamath,13,7,0.0660130437356463,0.066839966221764,0.066839966221764,0.07198118975377577,0.07350019219237573,0.07529281814304314,0.07614489186837016,0.0,0.0,0.0,0.0,0.01646051695369126,0.016652912683309193,0.016652912683309193,0.017625285455811532,0.017755926679290754,0.01807139431168128,0.018260784551309524,0.0,0.0,0.0,0.0,0.043568163116811304,0.044078603206172046,0.044078603206172046,0.0473560309589836,0.048324663647288664,0.0495241373094442,0.0500290514478951,0.0,0.0,0.0,0.0,0.024668130701255276,0.02492514030109147,0.02492514030109147,0.02650077653560497,0.026738764837259236,0.027208762045743618,0.02751868952807193,0.0,0.0,0.0,0.0,0.015272362365468004,0.015447165260168335,0.015447165260168335,0.016422116068209695,0.016662924250054036,0.01695942168305197,0.017155282625167145,0.0,0.0,0.0,0.0,0.06629442279297394,0.06713007089137607,0.06713007089137607,0.07223826051645998,0.07378296804167271,0.07553712431973467,0.0764021028581868,0.0,0.0,0.0,0.0,-0.04955252678195504,1.0,0.24001484812733134,0.6577538008387073,0.3613726078634983,0.2252462067608101,1.0032447474104023
Qwen3-8B,metamath,14,7,0.05805094548448923,0.05826222274652108,0.05826222274652108,0.06269154305333052,0.0637235925057553,0.06619244080656964,0.06773160088198484,0.0,0.0,0.0,0.0,0.015265370383253176,0.015361318571995686,0.015361318571995686,0.016351583759135802,0.01660663550343491,0.016837504903414846,0.017511438681800686,0.0,0.0,0.0,0.0,0.0375858299821365,0.037741828023648144,0.037741828023648144,0.04040299358056503,0.04115391314431288,0.042632398729721584,0.043618725546405064,0.0,0.0,0.0,0.0,0.02308862255817011,0.023261861428984846,0.023261861428984846,0.024847926251732988,0.025203424223125596,0.02560841800658903,0.02661262484416269,0.0,0.0,0.0,0.0,0.014216797153514227,0.014285539195199686,0.014285539195199686,0.01528583740652744,0.015612226132156067,0.01585737129119872,0.01643540387035059,0.0,0.0,0.0,0.0,0.05831412434592518,0.05853149234066844,0.05853149234066844,0.06296072407228082,0.06397917706049278,0.06643926964888838,0.06799587179347234,0.0,0.0,0.0,0.0,-0.04278557510123606,1.0,0.25437202040363066,0.6440674827855917,0.3868782854136326,0.23956468590632282,1.0037289581606461
Qwen3-8B,metamath,15,7,0.072543406912601,0.07288614915955205,0.07288614915955205,0.07808740474641856,0.07984882772761744,0.08294613922646707,0.08372793114394853,0.0,0.0,0.0,0.0,0.01698912509783557,0.01717523861765842,0.01717523861765842,0.018217795599784724,0.01847081147933543,0.018902142774804124,0.01906654486477352,0.0,0.0,0.0,0.0,0.04244936853731812,0.042699271069760306,0.042699271069760306,0.04559529408913653,0.04664506721053123,0.04844435788962615,0.048643138491508094,0.0,0.0,0.0,0.0,0.028007639853547806,0.02831982666745014,0.02831982666745014,0.030126842661691043,0.030603961367979646,0.031225939740287943,0.0319202688640643,0.0,0.0,0.0,0.0,0.015608797633478493,0.0157879170586016,0.0157879170586016,0.016901572663640792,0.017075609299457478,0.01750124183372342,0.017824287517650292,0.0,0.0,0.0,0.0,0.07284111544977087,0.07319465144881322,0.07319465144881322,0.07839215206316655,0.08009472854812247,0.08324860297666173,0.0839959773863595,0.0,0.0,0.0,0.0,-0.05555428181476543,1.0,0.2278845399084312,0.5840459645428339,0.3764604360310496,0.21099525543847128,1.0036465078786712
Qwen3-8B,metamath,16,7,0.0592697946541837,0.06908100707995062,0.06908100707995062,0.07413385030874883,0.07544175191599753,0.07776974192802583,0.07827571487218962,0.0,0.0,0.0,0.0,0.015121396263500687,0.01730672657103657,0.01730672657103657,0.018539621542801532,0.018713490876398793,0.019233607546848275,0.01952349395558288,0.0,0.0,0.0,0.0,0.036308851779066925,0.04243588342018513,0.04243588342018513,0.04538997062828451,0.046149085087906605,0.04753599049266968,0.04793849748773994,0.0,0.0,0.0,0.0,0.024433812367594003,0.027943411195359175,0.027943411195359175,0.03005635965185536,0.030286225661176537,0.031207132198145617,0.031700164275197534,0.0,0.0,0.0,0.0,0.0136969318979723,0.01573305303152822,0.01573305303152822,0.01704843912359336,0.017192550328186763,0.017716111433990357,0.01802738650085101,0.0,0.0,0.0,0.0,0.05961771336653576,0.06943470137336274,0.06943470137336274,0.07447974947979014,0.0758044332412165,0.07814845834347414,0.07861789570142198,0.0,0.0,0.0,0.0,-0.04414839839068301,1.0,0.2473147919746031,0.6112401727739201,0.40127601589609396,0.22780211165399297,1.0048697141852265
Qwen3-8B,metamath,17,7,0.07964269480917482,0.080163012443226,0.080163012443226,0.08648943534408099,0.0879858688405376,0.08958365385887081,0.0912234602040786,0.0,0.0,0.0,0.0,0.01788103131411043,0.01813957437968294,0.01813957437968294,0.019143331867552772,0.019386736884374887,0.019678817311777248,0.02028749649621623,0.0,0.0,0.0,0.0,0.043712920998557905,0.043931568943857954,0.043931568943857954,0.04729538707251664,0.04802955094239764,0.04899445706082167,0.049794833654392405,0.0,0.0,0.0,0.0,0.03212738035894963,0.032694491386762996,0.032694491386762996,0.03455749711102235,0.0349565397203008,0.03551732743996692,0.036614120887385644,0.0,0.0,0.0,0.0,0.016182422540594082,0.01641822489238083,0.01641822489238083,0.01744113967836485,0.017609572709562038,0.017957817708177577,0.018540680159126025,0.0,0.0,0.0,0.0,0.07999226914723596,0.08047556814186492,0.08047556814186492,0.0868430552708403,0.08830832521932477,0.08991749834064992,0.09154198111282658,0.0,0.0,0.0,0.0,-0.061761663495064394,1.0,0.21966973285973643,0.5469129126839039,0.39647107379567886,0.20045864323047308,1.0037266227419686
Qwen3-8B,metamath,18,7,0.05907498588366736,0.05899424051010707,0.05899424051010707,0.06302014173641077,0.06450471230957622,0.06733203915965139,0.0693109370206601,0.0,0.0,0.0,0.0,0.016889428130270154,0.017081472888121393,0.017081472888121393,0.017809159634048482,0.018004561698404857,0.01832864459702892,0.018526804236912196,0.0,0.0,0.0,0.0,0.03733398445538759,0.03731142484749307,0.03731142484749307,0.03967055842266254,0.040452257288391046,0.04222434242641103,0.04322277642323216,0.0,0.0,0.0,0.0,0.026121802407760256,0.02638536948801031,0.02638536948801031,0.02761440489564031,0.027934988029400785,0.028598071082875334,0.028802452806969664,0.0,0.0,0.0,0.0,0.01521485914852292,0.01538319905665314,0.01538319905665314,0.016067833197993125,0.01624467082522476,0.016559979456059637,0.016811670271427867,0.0,0.0,0.0,0.0,0.0595160278598948,0.059458285946952266,0.059458285946952266,0.06340472996733879,0.06495127939768693,0.06772326706331044,0.06973891786230421,0.0,0.0,0.0,0.0,-0.042185557753397204,1.0,0.2722128250648962,0.6271062476853352,0.42473199148278107,0.24594501611326777,1.0058104270796169
Qwen3-8B,metamath,19,7,0.05840908625617383,0.058154071450749696,0.058154071450749696,0.0654564527798952,0.06711612586185517,0.0722418886055394,0.07689797103097248,0.0,0.0,0.0,0.0,0.01929786079840739,0.019548966574941214,0.019548966574941214,0.020761590935920865,0.021056246730830477,0.021378986162603354,0.021881603572666136,0.0,0.0,0.0,0.0,0.038269128225913544,0.03808907313717108,0.03808907313717108,0.04274210997848972,0.04378707985864098,0.04728778173774092,0.050325998459284225,0.0,0.0,0.0,0.0,0.02918971371741428,0.029566860646283697,0.029566860646283697,0.03155062707354864,0.03199456214459397,0.03250536256384874,0.03330958429900609,0.0,0.0,0.0,0.0,0.01724675589297843,0.017521389594985066,0.017521389594985066,0.018593787446880443,0.018853860850535014,0.019180041142219696,0.019804242402737322,0.0,0.0,0.0,0.0,0.059057976066479945,0.05875678151943639,0.05875678151943639,0.06604943766552102,0.0677573302034374,0.07274892250881435,0.07727680762785888,0.0,0.0,0.0,0.0,-0.03911122545776645,1.0,0.2959361469539993,0.6545756575654497,0.4499517273328355,0.2654975044596079,1.0070185582500963
Qwen3-8B,metamath,20,7,0.06297011399836655,0.0627156291876182,0.0627156291876182,0.06924565043345307,0.07196610406220648,0.07479177196528247,0.07532377082122325,0.0,0.0,0.0,0.0,0.020438420727255352,0.020690638909578528,0.020690638909578528,0.021762777383046654,0.02205436493105759,0.022526323159727708,0.022675682989403093,0.0,0.0,0.0,0.0,0.039950325746449536,0.039786585440889116,0.039786585440889116,0.043566642249791565,0.044961658627233926,0.046928137316874424,0.04707316448117888,0.0,0.0,0.0,0.0,0.03173676379576855,0.03213478115525742,0.03213478115525742,0.033968555734703046,0.03448012706373625,0.03523480819955546,0.035530252270476015,0.0,0.0,0.0,0.0,0.018088664240892897,0.018283437929701336,0.018283437929701336,0.019230811070573135,0.019647369961307073,0.020079959978443963,0.020116486739455788,0.0,0.0,0.0,0.0,0.06368659464192244,0.06349215928993313,0.06349215928993313,0.06990709184809249,0.07253317358327503,0.07536235022511646,0.07589285867037267,0.0,0.0,0.0,0.0,-0.0425316932711112,1.0,0.30118718366753205,0.6274505347815259,0.47110540736902284,0.2684781955395423,1.0076288907835858
Qwen3-8B,metamath,21,7,0.06160954775370216,0.061888130958889453,0.061888130958889453,0.06747033909558528,0.068788326899123,0.07066206024413117,0.072313443393813,0.0,0.0,0.0,0.0,0.02062052775925806,0.02079962100683689,0.02079962100683689,0.021829021322615612,0.02215402935404642,0.022771104582229768,0.023028963682655154,0.0,0.0,0.0,0.0,0.04115520420148978,0.041253630547485175,0.041253630547485175,0.044925835974803395,0.04573295853623744,0.04714212127236035,0.04783924727520362,0.0,0.0,0.0,0.0,0.02954539960808334,0.02982258642618634,0.02982258642618634,0.031465733830642675,0.03200462645339287,0.03285494148021441,0.033346194713200356,0.0,0.0,0.0,0.0,0.01872034496694145,0.018900079324507043,0.018900079324507043,0.01999053035824718,0.020344565594411,0.020923835417943872,0.0212479941333143,0.0,0.0,0.0,0.0,0.062207058105608434,0.06239193612701022,0.06239193612701022,0.06799691566433055,0.06935588890510916,0.0711548147857475,0.07284886535754014,0.0,0.0,0.0,0.0,-0.04098901999444409,1.0,0.3222536181871518,0.6671489779591551,0.46495872561178503,0.2961113127136949,1.0069733961890428
Qwen3-8B,metamath,22,7,0.058250012328052554,0.05837921651682127,0.05837921651682127,0.0629706622669854,0.0640930094114249,0.06564415936842974,0.06726289528822788,0.0,0.0,0.0,0.0,0.01699324422033803,0.01708061078402996,0.01708061078402996,0.017805199824119856,0.018030558603981995,0.018449956512470916,0.01852202325716543,0.0,0.0,0.0,0.0,0.035265188443440953,0.035319796147265464,0.035319796147265464,0.03780479569297192,0.03829252201482328,0.039510891200379865,0.04017157800718167,0.0,0.0,0.0,0.0,0.026872456625376233,0.0270544667796895,0.0270544667796895,0.028329556464638892,0.028746331103798928,0.0294545895132649,0.02964078875440922,0.0,0.0,0.0,0.0,0.014846539663247955,0.014876988417982899,0.014876988417982899,0.01562506420235642,0.015900638284927854,0.016211699432259058,0.01637913779452786,0.0,0.0,0.0,0.0,0.05883043692967482,0.058918197224686164,0.058918197224686164,0.06354815097072258,0.06466497452633307,0.06615770215620222,0.06778861210010377,0.0,0.0,0.0,0.0,-0.04125676810771453,1.0,0.2810601383273111,0.6018949984357915,0.44870084096819896,0.2469633184160441,1.007823129928288
Qwen3-8B,metamath,23,7,0.06371873321582283,0.06353169158317712,0.06353169158317712,0.06842245015025511,0.07005785932739798,0.0722226110588404,0.07615432006388434,0.0,0.0,0.0,0.0,0.019349786151758072,0.01941056641262706,0.01941056641262706,0.020132094031077154,0.020300371824246315,0.020677138149913482,0.020974233326359445,0.0,0.0,0.0,0.0,0.04115305423637999,0.041178740374103004,0.041178740374103004,0.04393233536121803,0.04474262007539289,0.046285385696920846,0.04871057661100509,0.0,0.0,0.0,0.0,0.028554750959520994,0.02862790667380983,0.02862790667380983,0.029831225546525477,0.030105002098088925,0.03059538257814904,0.030920449473736063,0.0,0.0,0.0,0.0,0.01740734548177753,0.017478975966460468,0.017478975966460468,0.018175006397233115,0.01836003828989848,0.018723138877697026,0.018885676432227716,0.0,0.0,0.0,0.0,0.06426319317193359,0.0640665679315752,0.0640665679315752,0.06891719552085267,0.07048894214492357,0.07267982335226798,0.07652580375948285,0.0,0.0,0.0,0.0,-0.04436894706406475,1.0,0.28629729452826946,0.6408711208074676,0.4236260934020055,0.25924206565230823,1.0063305976718993
Qwen3-8B,metamath,24,7,0.051883226266325314,0.05118521270892878,0.05118521270892878,0.05884860620776497,0.061061185409263294,0.06335820547835445,0.06533788249951761,0.0,0.0,0.0,0.0,0.01819678236385808,0.01820217764081389,0.01820217764081389,0.01893905227022267,0.01917638434905048,0.019532578841032665,0.02007647986595529,0.0,0.0,0.0,0.0,0.03530996747132517,0.034864442644910315,0.034864442644910315,0.039915968606205644,0.041569621296622186,0.04311650542434544,0.04459699364140813,0.0,0.0,0.0,0.0,0.026361159135438534,0.0263407354706822,0.0263407354706822,0.02745206062831517,0.02776981361485166,0.02827652431852244,0.029095032376095734,0.0,0.0,0.0,0.0,0.016304161688260703,0.016276379935608716,0.016276379935608716,0.017026890897894886,0.017234333361244407,0.0175646894740957,0.018167503325335524,0.0,0.0,0.0,0.0,0.052517387392108955,0.0518372818789008,0.0518372818789008,0.05934070781341331,0.061564785979990044,0.0638477043997352,0.06581664823064041,0.0,0.0,0.0,0.0,-0.033686443902467236,1.0,0.3082880692968132,0.6805196753729974,0.4462961680343482,0.2772283296454231,1.0077258962384592
Qwen3-8B,metamath,25,7,0.07184105316876802,0.0716591408748916,0.0716591408748916,0.07731829463192809,0.07849674846243432,0.08234482912049777,0.08689465361907162,0.0,0.0,0.0,0.0,0.020209367853754386,0.020233777375071323,0.020233777375071323,0.021065030149572055,0.02140270127692412,0.021730462606616312,0.021927956605738597,0.0,0.0,0.0,0.0,0.04600482929325649,0.04591043700494579,0.04591043700494579,0.04939413069434169,0.050260916027176535,0.05269208581368086,0.05541176795128489,0.0,0.0,0.0,0.0,0.030807420558661286,0.03090545747376966,0.03090545747376966,0.03211751314625025,0.03258590927342094,0.03312355457724353,0.033316543334510076,0.0,0.0,0.0,0.0,0.018151825426023005,0.0182100193861836,0.0182100193861836,0.01883162896207677,0.019167227129382736,0.019567452814952636,0.020134923611755094,0.0,0.0,0.0,0.0,0.07237714353988789,0.07222956937174449,0.07222956937174449,0.07772923620533985,0.07891537971941162,0.08274747502942088,0.08721477787392055,0.0,0.0,0.0,0.0,-0.05163168531501364,1.0,0.26389589775962063,0.6398955025648894,0.40225421475795153,0.23762819139886693,1.004889753409214
Qwen3-8B,metamath,26,7,0.07229551145776023,0.07273376163216747,0.07273376163216747,0.07839942633752245,0.07970166095971984,0.08092081015697915,0.08486726101526883,0.0,0.0,0.0,0.0,0.020348036315565244,0.02040529286801753,0.02040529286801753,0.02140889710686045,0.02168605616901295,0.022186165347683955,0.02228581275493348,0.0,0.0,0.0,0.0,0.04512049905469713,0.04532191107553702,0.04532191107553702,0.04881462395023605,0.049609273493109174,0.05042283818807907,0.05297469779283365,0.0,0.0,0.0,0.0,0.03148218322290946,0.03154626500647888,0.03154626500647888,0.033279726411251966,0.03359106402535732,0.034484594052386144,0.03462537940351839,0.0,0.0,0.0,0.0,0.018338615593676007,0.018419023207382118,0.018419023207382118,0.019428152129288476,0.019650348002332046,0.020237067303493117,0.020296324338990434,0.0,0.0,0.0,0.0,0.07283026451942534,0.07326466727566908,0.07326466727566908,0.0788957702026424,0.08019750100203359,0.08142677022751099,0.08533868704643555,0.0,0.0,0.0,0.0,-0.051947475142194985,1.0,0.2741713201418124,0.6231133634260861,0.42615235791002476,0.25008483311320057,1.0062525334280554
Qwen3-8B,metamath,27,7,0.07148101019840092,0.07226126522634656,0.07226126522634656,0.07765111827197257,0.07875602411524874,0.08081728717442466,0.08245570433190008,0.0,0.0,0.0,0.0,0.018833723479446045,0.01895866401377768,0.01895866401377768,0.019883687882001254,0.020109260651866554,0.020393560955489554,0.020729853917045793,0.0,0.0,0.0,0.0,0.04290712302503355,0.04334562086107169,0.04334562086107169,0.04650336270560018,0.047152108318955235,0.0484087560419489,0.04930846550608441,0.0,0.0,0.0,0.0,0.030630138639812628,0.030770661430483674,0.030770661430483674,0.032421964893318334,0.032808386169807253,0.0333293245276479,0.03385619597994428,0.0,0.0,0.0,0.0,0.016788727500567674,0.01693455808694489,0.01693455808694489,0.017813603183698193,0.01799504446857683,0.01829069360010261,0.01868667374835422,0.0,0.0,0.0,0.0,0.07198851493886758,0.07278024361648844,0.07278024361648844,0.07812888671990798,0.07922135367958817,0.08129741548400295,0.08294299935898909,0.0,0.0,0.0,0.0,-0.05264728671895488,1.0,0.25234156785632955,0.5989901138041204,0.41240340641123696,0.2263215487625383,1.0059409109902693
Qwen3-8B,metamath,28,7,0.06990785844151594,0.06998547812162051,0.06998547812162051,0.07504298394332432,0.07621199358672817,0.07872456541533548,0.07991885018894633,0.0,0.0,0.0,0.0,0.019375633305294772,0.019344278478489407,0.019344278478489407,0.020498336456548964,0.020763557096270653,0.021276956419460674,0.02153048770608046,0.0,0.0,0.0,0.0,0.04400006792566738,0.0440229430577001,0.0440229430577001,0.04714058105484699,0.04796695402823147,0.049317389022438256,0.04995962474035786,0.0,0.0,0.0,0.0,0.029905791828947516,0.02984416471204045,0.02984416471204045,0.0318025354530037,0.032165602332976787,0.032963377508669844,0.033514255783878164,0.0,0.0,0.0,0.0,0.017175317367292352,0.0171550634664792,0.0171550634664792,0.01817367811073381,0.018410384882533545,0.018915933771176455,0.019104868445692154,0.0,0.0,0.0,0.0,0.07048633195850235,0.07049952474837531,0.07049952474837531,0.07564259658196432,0.07678826666549379,0.0793200818468508,0.08049935151075992,0.0,0.0,0.0,0.0,-0.05053222513622116,1.0,0.27027086535451283,0.6264548906970691,0.41871780853614726,0.24027993894129068,1.0075645566078832
Qwen3-8B,metamath,29,7,0.06423134170608563,0.06466505262124092,0.06466505262124092,0.0687836181887082,0.07005796938618777,0.07240483245477307,0.07409282328044063,0.0,0.0,0.0,0.0,0.019808618461783868,0.019882133840531536,0.019882133840531536,0.020806177274563326,0.0211204820893229,0.021424431639130513,0.021702434275378598,0.0,0.0,0.0,0.0,0.0420473209525523,0.04221631194450714,0.04221631194450714,0.04486292052012229,0.045491405679398,0.04718022028341104,0.04780403416209969,0.0,0.0,0.0,0.0,0.028703620010120535,0.028800701763428735,0.028800701763428735,0.03014661414478972,0.030579472314102664,0.030986902715630902,0.031528060485217425,0.0,0.0,0.0,0.0,0.017808273742616704,0.01785043816608602,0.01785043816608602,0.01871139201368163,0.018993581400716206,0.019286166285174267,0.019648152510314237,0.0,0.0,0.0,0.0,0.06482702109862928,0.06527970416546447,0.06527970416546447,0.06935073622982885,0.07061284388437691,0.07296719539519997,0.07460279951875766,0.0,0.0,0.0,0.0,-0.04442272324430176,1.0,0.2958978138995496,0.6516170079239072,0.4279673284927018,0.2663657332156824,1.0077669255125778
Qwen3-8B,metamath,30,7,0.07649421457047637,0.07598645493065513,0.07598645493065513,0.08391497776825538,0.08613555674959811,0.08801844213146043,0.09243850203908932,0.0,0.0,0.0,0.0,0.01712336017914761,0.01717934121195655,0.01717934121195655,0.0178819069443103,0.018056703651868136,0.018438365028678207,0.018954659532106455,0.0,0.0,0.0,0.0,0.04265199612712834,0.04238185147641445,0.04238185147641445,0.04677551743678868,0.04799852511041133,0.04913954273591879,0.05153065812119746,0.0,0.0,0.0,0.0,0.03048815745045936,0.03059213059490178,0.03059213059490178,0.031830676527688166,0.03216608137473985,0.032850176706412666,0.033755705330756676,0.0,0.0,0.0,0.0,0.01505317207531839,0.015119305262655394,0.015119305262655394,0.015842348518272674,0.015971635434892308,0.016392661792860655,0.0170363063233756,0.0,0.0,0.0,0.0,0.0769210937780124,0.076445832062924,0.076445832062924,0.0843056261270548,0.08651117074979545,0.08838102710865549,0.09279569249104336,0.0,0.0,0.0,0.0,-0.059370854391328755,1.0,0.20948297404695582,0.5582868947228827,0.37321924713628885,0.1862412171346694,1.0041194205261383
Qwen3-8B,metamath,31,7,0.059237539562943656,0.0583793091302255,0.0583793091302255,0.06738029252686686,0.06855722698127295,0.07159853854915767,0.07269920878367143,0.0,0.0,0.0,0.0,0.017928320916150587,0.0179040555524404,0.0179040555524404,0.01873851342041507,0.01899945756191868,0.019269118265552183,0.019716401298660598,0.0,0.0,0.0,0.0,0.03754752132429169,0.037089972490044185,0.037089972490044185,0.042500913792052605,0.04320895281580556,0.04508861801597088,0.04558981097283586,0.0,0.0,0.0,0.0,0.027064343066613112,0.02702927227835788,0.02702927227835788,0.028445727287031587,0.028937883123635162,0.029502490687210656,0.029857353221492338,0.0,0.0,0.0,0.0,0.016081768875275272,0.01607146140694226,0.01607146140694226,0.016932375153466458,0.017098077793366827,0.017420588457729095,0.01780974611243526,0.0,0.0,0.0,0.0,0.05976367945914077,0.058907555008439826,0.058907555008439826,0.06789313747442585,0.0690119347180325,0.07206085751875937,0.07315326122681175,0.0,0.0,0.0,0.0,-0.04130921864679307,1.0,0.26912725672916515,0.629742155770599,0.41205436989408695,0.24330927433342203,1.0064571006471632
Qwen3-8B,metamath,32,7,0.06979441696596743,0.07048806056153115,0.07048806056153115,0.07460533600511511,0.07562680771083558,0.07669812127448476,0.07749026990830978,0.0,0.0,0.0,0.0,0.017039545225327916,0.017090406814812314,0.017090406814812314,0.017755574303394757,0.01794575201668578,0.018108860429807805,0.018308946354273794,0.0,0.0,0.0,0.0,0.04207331278532064,0.04247337184503973,0.04247337184503973,0.0451136716172344,0.045745668090951326,0.04626429877249051,0.047064019247648615,0.0,0.0,0.0,0.0,0.027631077168539353,0.02773959189062009,0.02773959189062009,0.028868830568422012,0.029083377264259365,0.029421556054371845,0.02963371373186368,0.0,0.0,0.0,0.0,0.015397447791218107,0.015430997557666077,0.015430997557666077,0.016132829894587482,0.016369016050447115,0.016499877464466038,0.016721115846819446,0.0,0.0,0.0,0.0,0.07017798024223248,0.07086341649787806,0.07086341649787806,0.07495857636636283,0.07599926170247095,0.07702329911142321,0.07783276198883153,0.0,0.0,0.0,0.0,-0.0527548717406395,1.0,0.2361056585075976,0.6031998959520968,0.38360204351132576,0.21512753103060775,1.0042397105891905
Qwen3-8B,metamath,33,7,0.06199655939485584,0.06222589401267884,0.06222589401267884,0.06550507503810693,0.06611067938294485,0.06830523780234733,0.06883684492920901,0.0,0.0,0.0,0.0,0.015515236928361757,0.015587816208336255,0.015587816208336255,0.016144759802630908,0.016233853122272067,0.01648865828076194,0.016774913457592924,0.0,0.0,0.0,0.0,0.03423701484808285,0.03435227840744212,0.03435227840744212,0.03606870383076414,0.036485432120176964,0.03736538028216655,0.03809505609637856,0.0,0.0,0.0,0.0,0.025806086556127844,0.025964945674480315,0.025964945674480315,0.026783879066470957,0.026973250499009234,0.027524699719287636,0.0278227989228778,0.0,0.0,0.0,0.0,0.013450862099081716,0.01354610522832415,0.01354610522832415,0.014043116440204133,0.014118743443602089,0.01441018384547194,0.014579771158188213,0.0,0.0,0.0,0.0,0.06247915628617283,0.06273645803207262,0.06273645803207262,0.06595608374552281,0.06657693263507844,0.06873933793398934,0.06927112112992216,0.0,0.0,0.0,0.0,-0.046481322466494085,1.0,0.24139668949656015,0.54703535899091,0.40296616489258075,0.2109674793486588,1.0063552978601458
Qwen3-8B,metamath,34,7,0.05782036161313025,0.05863208201329445,0.05863208201329445,0.06137245212276803,0.06174128468826365,0.0629082072975846,0.0638257157371627,0.0,0.0,0.0,0.0,0.01047208203572058,0.010609757277276132,0.010609757277276132,0.010951156615888408,0.011006564068619678,0.011080985612843165,0.011288855394465015,0.0,0.0,0.0,0.0,0.02799655387513425,0.028379953707297394,0.028379953707297394,0.029685110265396355,0.02986372488485599,0.03017706364679751,0.03109591686440581,0.0,0.0,0.0,0.0,0.020895872588942932,0.021162752459938833,0.021162752459938833,0.021932395035046372,0.022035996253577977,0.022209559742450584,0.022504168379277472,0.0,0.0,0.0,0.0,0.009255519214214325,0.009374713427407871,0.009374713427407871,0.009729855798545739,0.009773540167973145,0.009866497935672857,0.01012289939975332,0.0,0.0,0.0,0.0,0.058021265959218984,0.058836345983781665,0.058836345983781665,0.06156696566049177,0.06194418546212023,0.06309593965490325,0.06401445183293945,0.0,0.0,0.0,0.0,-0.04734827957740967,1.0,0.17614530899640857,0.47969994605069877,0.3530470934800161,0.1568395978763122,1.0029842267866669
Qwen3-8B,metamath,35,7,0.0399268227586152,0.039940684660914966,0.039940684660914966,0.04308556648777545,0.04348352070774944,0.044642761178469076,0.045304886967652405,0.0,0.0,0.0,0.0,0.008004008312325592,0.00799615214520265,0.00799615214520265,0.008404790954061953,0.008516753731000038,0.008742432252236516,0.00881529031550785,0.0,0.0,0.0,0.0,0.0196187833972538,0.019632793985185998,0.019632793985185998,0.02100373933084659,0.02120913425226401,0.021728429596563324,0.022134725594736875,0.0,0.0,0.0,0.0,0.015678758783510393,0.015685578499481146,0.015685578499481146,0.016512851049268494,0.016772005473141827,0.017282057293713786,0.017378800989188967,0.0,0.0,0.0,0.0,0.006996490288500242,0.006993894167803818,0.006993894167803818,0.007343401117627586,0.007492258226734008,0.007696333436352254,0.007757077336176764,0.0,0.0,0.0,0.0,0.040116662603830455,0.04012923730873737,0.04012923730873737,0.04326423295295492,0.043668910467282475,0.04482984470180467,0.045480698003673325,0.0,0.0,0.0,0.0,-0.03192281444628961,1.0,0.19583090340865691,0.48671786921286603,0.38711891553089717,0.17239823956194153,1.0041906799310125
Qwen3-8B,tulu,0,7,0.048132313408877095,0.04783674171777563,0.04783674171777563,0.05639674770970922,0.05988964523133515,0.063498914681977,0.06582116888841782,0.0,0.0,0.0,0.0,0.020486981256961346,0.020364019424861244,0.020364019424861244,0.022796410639695355,0.023875188576682832,0.02532192429537199,0.02583655006878356,0.0,0.0,0.0,0.0,0.0380935950824828,0.037853525236271585,0.037853525236271585,0.0446677524456508,0.04741310239280173,0.050239831049799344,0.052105305033576715,0.0,0.0,0.0,0.0,0.025888528991996528,0.02571572226890109,0.02571572226890109,0.02885153180652697,0.03021340986710133,0.0321129611354808,0.0327328318107097,0.0,0.0,0.0,0.0,0.01869928514932766,0.018614175594900244,0.018614175594900244,0.021155118806213277,0.022126672335657266,0.023631176089868314,0.024218843177569532,0.0,0.0,0.0,0.0,0.048860349238299454,0.04854638064629854,0.04854638064629854,0.0569939796401539,0.060525418353972155,0.06412202502045487,0.066367179867464,0.0,0.0,0.0,0.0,-0.02764533215191575,1.0,0.3987772770950863,0.7911919644834338,0.5057245670467415,0.37215086601433817,1.0098129289547484
Qwen3-8B,tulu,1,7,0.015781600899930574,0.01574965522660559,0.01574965522660559,0.01622424146345089,0.0165158640208591,0.016931026846602203,0.01729271891810113,0.0,0.0,0.0,0.0,0.003431124797336103,0.003423022366596305,0.003423022366596305,0.003513437179463702,0.0035443279353678655,0.0035937721327954724,0.0036280115730506685,0.0,0.0,0.0,0.0,0.008051859001881656,0.008032194046751425,0.008032194046751425,0.00828052731424667,0.008443679180311543,0.008681758149804897,0.008886201707295026,0.0,0.0,0.0,0.0,0.006568524147650907,0.006551897445938433,0.006551897445938433,0.006727466208801296,0.006788912507983998,0.006868906730719871,0.006936935139750924,0.0,0.0,0.0,0.0,0.003283609401433991,0.0032761586854881796,0.0032761586854881796,0.003367026811459251,0.0033992151386110577,0.003446604569918298,0.0034881387664779675,0.0,0.0,0.0,0.0,0.015828250378486532,0.01579827008359996,0.01579827008359996,0.016264483082769916,0.016562548337987773,0.01697835760583072,0.017347364285810962,0.0,0.0,0.0,0.0,-0.01235047610259447,1.0,0.2122595496041451,0.5127720975498419,0.4056993585181371,0.203567367835695,1.0027955043517052
Qwen3-8B,tulu,2,7,0.011572484663177908,0.011417906767880827,0.011417906767880827,0.01295265177082075,0.013263931657773401,0.013638959216961444,0.01406040400891397,0.0,0.0,0.0,0.0,0.0021738067307182046,0.0021676165643308063,0.0021676165643308063,0.0022454951848581805,0.0022719136329982384,0.0023116596883523636,0.002325300291773805,0.0,0.0,0.0,0.0,0.0051913507112574635,0.005125713339702813,0.005125713339702813,0.005804639006119567,0.005929475391847139,0.006121956067360744,0.006312568363947865,0.0,0.0,0.0,0.0,0.00463430857537618,0.004623363226138173,0.004623363226138173,0.004783937753830511,0.004856477362422864,0.004931098928737519,0.004974152215549612,0.0,0.0,0.0,0.0,0.0018456903893724608,0.0018273453642949258,0.0018273453642949258,0.0019453984953595894,0.0019868171899176264,0.002035735713512073,0.002056756272739387,0.0,0.0,0.0,0.0,0.011635083077385108,0.011479388358402176,0.011479388358402176,0.013005714561138795,0.013312200087335056,0.013690555896669563,0.01411462397694382,0.0,0.0,0.0,0.0,-0.0093986779324597,1.0,0.16948944942056707,0.44885800814973215,0.3615451040138893,0.1492588753385542,1.0037830364390234
Qwen3-8B,tulu,3,7,0.019574016686897216,0.019483256109137696,0.019483256109137696,0.02062528303749664,0.02107762419537398,0.02158767157625833,0.021855326953774564,0.0,0.0,0.0,0.0,0.003389160627021097,0.0033833286928522856,0.0033833286928522856,0.003519772892185463,0.003567900192202325,0.0036482174479663754,0.003688412125927777,0.0,0.0,0.0,0.0,0.009008494414119435,0.008960843742926335,0.008960843742926335,0.009481471793615536,0.009697303563476747,0.009957698033202534,0.010092281773745273,0.0,0.0,0.0,0.0,0.007150420022312049,0.007139772282203563,0.007139772282203563,0.007427923508013384,0.007559105609261827,0.007618960313318209,0.007795294992708063,0.0,0.0,0.0,0.0,0.0031365833733457372,0.003130873436264187,0.003130873436264187,0.003251753009124619,0.003293271322318272,0.0033482646953100948,0.0033931803682356056,0.0,0.0,0.0,0.0,0.01963314638384993,0.01954542382458843,0.01954542382458843,0.020692791268507163,0.02113394658419089,0.0216345637353467,0.021907605231771515,0.0,0.0,0.0,0.0,-0.01618485605987612,1.0,0.1689954118061815,0.46126781195586664,0.35293108320664757,0.15510077978916664,1.0021721730814148
Qwen3-8B,tulu,4,7,0.02633571010051016,0.02586713431436219,0.02586713431436219,0.029292928420402195,0.03072437979572817,0.03190343496108989,0.033005842307051565,0.0,0.0,0.0,0.0,0.005198381404129853,0.00513560499865423,0.00513560499865423,0.005589763010544738,0.005708588908714629,0.005947684346657453,0.006049788871713546,0.0,0.0,0.0,0.0,0.013651865632862543,0.01339934053931403,0.01339934053931403,0.015186091014797624,0.01602092181541692,0.01657625293256712,0.017181833704356345,0.0,0.0,0.0,0.0,0.009816707611338748,0.009701586641719644,0.009701586641719644,0.010568677845837815,0.010796087787731444,0.011263152702235987,0.01142047090952467,0.0,0.0,0.0,0.0,0.004668899831911001,0.004600152772833354,0.004600152772833354,0.005071734898409566,0.005255576081239322,0.005480779529291564,0.005608518427809265,0.0,0.0,0.0,0.0,0.026421094876079014,0.02595777879102127,0.02595777879102127,0.02937086688364006,0.030799808582250687,0.031973288757993774,0.03306877483101821,0.0,0.0,0.0,0.0,-0.021137328696380308,1.0,0.18642771080641868,0.5195758059526779,0.3530388723337399,0.17179277203147686,1.0021895384302373
Qwen3-8B,tulu,5,7,0.02281773526755644,0.022395674992745772,0.022395674992745772,0.025489787659670245,0.02689524277289336,0.02853491037984232,0.029504698122059497,0.0,0.0,0.0,0.0,0.007350682987229795,0.00732897692933245,0.00732897692933245,0.007924071286287289,0.00816997088841018,0.008681655689497397,0.008931572324218427,0.0,0.0,0.0,0.0,0.015752194773572162,0.015451442661880107,0.015451442661880107,0.017599514135505263,0.018581287905290254,0.019771504389005153,0.02041623479282767,0.0,0.0,0.0,0.0,0.01057120082081275,0.010551868358398126,0.010551868358398126,0.011409283716773591,0.011720655269345957,0.012454644377032703,0.012844666595318114,0.0,0.0,0.0,0.0,0.00701032224037881,0.006990679158302799,0.006990679158302799,0.007558322808764933,0.007741022157349656,0.00820231688269242,0.008491578169588886,0.0,0.0,0.0,0.0,0.022940631586245243,0.02251046910453243,0.02251046910453243,0.02560553125571772,0.02702815287291061,0.028678260589275084,0.02963636666941189,0.0,0.0,0.0,0.0,-0.015467052280326644,1.0,0.30424681815823423,0.6928882595325119,0.43647042206345715,0.2874484893594309,1.0050236782777502
Qwen3-8B,tulu,6,7,0.004936547931325639,0.005038357151194076,0.005038357151194076,0.005767981717940152,0.005876838994875634,0.006140839176843407,0.0063741059440192375,0.0,0.0,0.0,0.0,0.0017483786300981168,0.0017827694360700438,0.0017827694360700438,0.0020185484375570446,0.0020346234615962904,0.0020684346781031583,0.0020930325163035957,0.0,0.0,0.0,0.0,0.003038774139947538,0.003127744361532749,0.003127744361532749,0.0036786890412754993,0.003754313914373027,0.003944875923062625,0.004115318293221354,0.0,0.0,0.0,0.0,0.0038788322434555544,0.0038955642742032094,0.0038955642742032094,0.0041236840412423115,0.004139695382573223,0.004183829935156212,0.004197441661336253,0.0,0.0,0.0,0.0,0.0013749025307268424,0.0014144493306208852,0.0014144493306208852,0.0016578589699569846,0.0016747016402636284,0.0017208072851033044,0.0017494935375380943,0.0,0.0,0.0,0.0,0.00506022799978747,0.005159061317498559,0.005159061317498559,0.005888575320289883,0.005990607982227189,0.006245747368302364,0.006482826982691823,0.0,0.0,0.0,0.0,-0.0031881693012275228,1.0,0.33683257589663856,0.6424001361146899,0.6813124093744527,0.28022347362430944,1.017083689775586
Qwen3-8B,tulu,7,7,0.01684516497334855,0.016160795575550703,0.016160795575550703,0.021069231335372904,0.021800686171189996,0.024196821488461816,0.026968936467124397,0.0,0.0,0.0,0.0,0.005840369836477514,0.005745621724939046,0.005745621724939046,0.006430157042392663,0.006649266657087174,0.0071193511477242585,0.007836975889091075,0.0,0.0,0.0,0.0,0.012260347789025723,0.01180544006507208,0.01180544006507208,0.015176599959226648,0.01565834102027837,0.017341518916014185,0.019228883279734522,0.0,0.0,0.0,0.0,0.008049268970518584,0.007899260909245816,0.007899260909245816,0.008906488440154011,0.009267806817050224,0.009955976927303998,0.010994484393561854,0.0,0.0,0.0,0.0,0.0053418165185314895,0.005248397278333414,0.005248397278333414,0.005946131074099987,0.006168273070627519,0.006625536391958365,0.007312429103207887,0.0,0.0,0.0,0.0,0.017031039350072434,0.016337604866131387,0.016337604866131387,0.02123862216579951,0.02196271071275649,0.024355389353933613,0.02714380469039611,0.0,0.0,0.0,0.0,-0.011004795136871037,1.0,0.2942267087071374,0.7166858227343388,0.41145804758081456,0.27381845979719827,1.0065532518619196
Qwen3-8B,tulu,8,7,0.05622142507115299,0.054283367596361626,0.054283367596361626,0.06999962861757769,0.07737884035312675,0.0828701861803595,0.08530965166581872,0.0,0.0,0.0,0.0,0.019056297224640528,0.018733999607468157,0.018733999607468157,0.021350371478237352,0.022672315621966897,0.02387172234778612,0.024172649811625545,0.0,0.0,0.0,0.0,0.03927130808843582,0.03784641227719104,0.03784641227719104,0.04921491173437545,0.054151808173835345,0.0582992422904184,0.06023903186235417,0.0,0.0,0.0,0.0,0.02690546229013171,0.0264711779796774,0.0264711779796774,0.03014741060085562,0.03199050031082104,0.03360025590820698,0.03411798472477969,0.0,0.0,0.0,0.0,0.017091468128793686,0.016693799768558854,0.016693799768558854,0.019704407876108183,0.02104184979990458,0.022319331902958196,0.022722622883175815,0.0,0.0,0.0,0.0,0.05686278978306312,0.05499302468728241,0.05499302468728241,0.07047103050048187,0.07786580011253698,0.08330296538754815,0.0856785065253684,0.0,0.0,0.0,0.0,-0.037165127846512463,1.0,0.28806164735567824,0.7035008001977375,0.4054565031998244,0.26932884951389124,1.0052223752248697
Qwen3-8B,tulu,9,7,0.04881061070883333,0.04684919518732,0.04684919518732,0.061490227737238196,0.06888605198334471,0.07412772914655771,0.07592438478597832,0.0,0.0,0.0,0.0,0.01721940701041863,0.01704633247988372,0.01704633247988372,0.019505441501673146,0.02076367165760468,0.021927981353242823,0.022089384171395398,0.0,0.0,0.0,0.0,0.033705435895928934,0.032332531240114475,0.032332531240114475,0.04252306724243922,0.0476138743833982,0.051446032200449875,0.05244079294537369,0.0,0.0,0.0,0.0,0.02462799889184231,0.024384571330648922,0.024384571330648922,0.02793928703669149,0.02963964910879273,0.03128232417252751,0.03149365844584105,0.0,0.0,0.0,0.0,0.015681690901831642,0.01550577315014214,0.01550577315014214,0.0180444014007358,0.01930229755228357,0.020410665865398973,0.020633080600798704,0.0,0.0,0.0,0.0,0.049332148698802716,0.04738577309156912,0.04738577309156912,0.0619423406651938,0.06931196746707619,0.07454091848919539,0.07636845887448467,0.0,0.0,0.0,0.0,-0.03159120369841469,1.0,0.2958134777053412,0.6940187267673623,0.42200569925296544,0.27534454515725293,1.005574018621571
Qwen3-8B,tulu,10,7,0.05136624712526226,0.05038284854241047,0.05038284854241047,0.06036742476943875,0.0654328747946178,0.06925480964796915,0.07006684370174093,0.0,0.0,0.0,0.0,0.017752071799521013,0.017587528588250557,0.017587528588250557,0.019828866962380922,0.020588662271990948,0.021484253016410198,0.021541188953085714,0.0,0.0,0.0,0.0,0.036855873303794126,0.03609622725817553,0.03609622725817553,0.04337844571937646,0.04698550833695529,0.04980026323306078,0.05045591606515326,0.0,0.0,0.0,0.0,0.024681105149199155,0.024439466047824578,0.024439466047824578,0.027563029239930606,0.028628048567301438,0.02985008908153388,0.029949517821135207,0.0,0.0,0.0,0.0,0.016379337014859878,0.016244901544973427,0.016244901544973427,0.018525709756312098,0.019264302888023527,0.020137535706397713,0.02025021824852658,0.0,0.0,0.0,0.0,0.05181990975742213,0.05082926802920709,0.05082926802920709,0.06075882244758903,0.06589846798171675,0.06963148457280798,0.07052179768325656,0.0,0.0,0.0,0.0,-0.03361417532574125,1.0,0.310220374954712,0.7190874321393957,0.43101828209860965,0.29077454416176035,1.005438971340092
Qwen3-8B,tulu,11,7,0.053703405555274225,0.051700244478547,0.051700244478547,0.06759616197325602,0.07370571487329249,0.08036107969732499,0.08535546630392687,0.0,0.0,0.0,0.0,0.0206488605379933,0.020339417176605375,0.020339417176605375,0.023306778161866437,0.024678279604561818,0.02673080076282839,0.02778694620860486,0.0,0.0,0.0,0.0,0.040857678235560274,0.0392582640340899,0.0392582640340899,0.05152371255298849,0.05626634869218519,0.06138192486917399,0.0653182901718314,0.0,0.0,0.0,0.0,0.02701615709786441,0.026674616279453292,0.026674616279453292,0.030469140903985552,0.03222772356702269,0.03484213364718101,0.036192600933933124,0.0,0.0,0.0,0.0,0.019063125316667567,0.01875948955297927,0.01875948955297927,0.021710446674136512,0.023342814710840334,0.02525820165967615,0.026252991954169053,0.0,0.0,0.0,0.0,0.054294803123011645,0.05232352937236051,0.05232352937236051,0.0681033834271042,0.0741163118091496,0.08083919814282557,0.08587796759390572,0.0,0.0,0.0,0.0,-0.03305454501728092,1.0,0.3326336687300406,0.763826532699227,0.43356975514032087,0.3143088887656761,1.0059496269500283
Qwen3-8B,tulu,12,7,0.04192785215675862,0.03900454623763322,0.03900454623763322,0.05681004801844661,0.06210351460993317,0.0702377090475463,0.07575627823059589,0.0,0.0,0.0,0.0,0.01867713622232369,0.01840399721306077,0.01840399721306077,0.020741852059587507,0.02167042288611014,0.02299118269425002,0.0245009258395765,0.0,0.0,0.0,0.0,0.03152293304848259,0.02936093252094194,0.02936093252094194,0.04282396353327313,0.046636004585176354,0.052803377061518414,0.056845191350047765,0.0,0.0,0.0,0.0,0.024705478153155068,0.024387672667602313,0.024387672667602313,0.027366288685244197,0.02864043428444194,0.030282792999855056,0.03227186940015242,0.0,0.0,0.0,0.0,0.017056872161258816,0.01675443502127374,0.01675443502127374,0.019198906535994403,0.020114792960221596,0.021560905956767646,0.023039006036494232,0.0,0.0,0.0,0.0,0.04263648296157842,0.03975892710802773,0.03975892710802773,0.057368917359360186,0.06260107256065756,0.07068022670081066,0.07616071941442043,0.0,0.0,0.0,0.0,-0.023250715934434937,1.0,0.3273338923780459,0.751781027279435,0.43114722006886075,0.3069705183888093,1.0063002859755121
Qwen3-8B,tulu,13,7,0.047137947446041974,0.04595491928616968,0.04595491928616968,0.057506771335476034,0.061973789314756986,0.06756557850243301,0.06866149131138086,0.0,0.0,0.0,0.0,0.02112758450822865,0.02096016994544442,0.02096016994544442,0.023532122405770184,0.024434950623478786,0.025523587267857615,0.02645120287427032,0.0,0.0,0.0,0.0,0.03682363466711348,0.03592301331010193,0.03592301331010193,0.044933721235262146,0.04838988076918439,0.05272269602060829,0.053625033361563504,0.0,0.0,0.0,0.0,0.026990885343525905,0.0267705160070655,0.0267705160070655,0.030109344158399283,0.0312635334740063,0.032650174427368395,0.03383403766225138,0.0,0.0,0.0,0.0,0.019576115495243546,0.019397638391300293,0.019397638391300293,0.022076184236495645,0.023133083328836682,0.02413192894193467,0.02516900881693728,0.0,0.0,0.0,0.0,0.047811904419447576,0.04661065019719897,0.04661065019719897,0.05804760811981856,0.06245523169201478,0.06807139692776283,0.0691207781560457,0.0,0.0,0.0,0.0,-0.026010362937813322,1.0,0.37776021213136685,0.7803188722599299,0.4832368071294272,0.35716306256544056,1.0074863330787822
Qwen3-8B,tulu,14,7,0.048031150792228354,0.04624951309054415,0.04624951309054415,0.059996512548802776,0.06376404583041004,0.07028782229563334,0.07430435917291789,0.0,0.0,0.0,0.0,0.01986088537276489,0.019677984886077953,0.019677984886077953,0.022165061295807368,0.02312063375399995,0.024233502898271655,0.024802569173432067,0.0,0.0,0.0,0.0,0.03616408211723392,0.03484282231444573,0.03484282231444573,0.04508244690100621,0.047907978079041055,0.052756826579080665,0.055795447875770884,0.0,0.0,0.0,0.0,0.026355215276403044,0.026058304518044667,0.026058304518044667,0.029509561728508705,0.03081259871275987,0.03244433340250398,0.03323417354858768,0.0,0.0,0.0,0.0,0.018262056452600182,0.018068123150400208,0.018068123150400208,0.02044715590509074,0.021460818998679517,0.022459812979172582,0.02315756280463079,0.0,0.0,0.0,0.0,0.04867210797395605,0.04685273168665285,0.04685273168665285,0.060556111512792554,0.06432590221999214,0.0708585749009762,0.07483289623664688,0.0,0.0,0.0,0.0,-0.028170265419463464,1.0,0.3447752698375629,0.7505827447204636,0.4615925254596997,0.3195406009977906,1.008120220355416
Qwen3-8B,tulu,15,7,0.042596323071460496,0.041367730293111256,0.041367730293111256,0.0516954971106485,0.0546897964994814,0.05969712990783267,0.06157499974610336,0.0,0.0,0.0,0.0,0.019461817304416738,0.019446412297524314,0.019446412297524314,0.021343983219575664,0.022290271039255346,0.023071502744275326,0.023657321874675008,0.0,0.0,0.0,0.0,0.032905577101778605,0.03193715937655267,0.03193715937655267,0.0399408222261468,0.04225553165436571,0.04609760109516451,0.047541381537532665,0.0,0.0,0.0,0.0,0.02510002936750485,0.025066160674038447,0.025066160674038447,0.027556437755983352,0.028746033608325894,0.02976491486356125,0.030535145512187667,0.0,0.0,0.0,0.0,0.017901351100963227,0.017941105517497603,0.017941105517497603,0.019901496942284297,0.020822824372793036,0.021545211094027458,0.022103684946251936,0.0,0.0,0.0,0.0,0.043285635841223434,0.04205132685301663,0.04205132685301663,0.05225562198396433,0.055217090769638336,0.06025693026671731,0.06212954247559275,0.0,0.0,0.0,0.0,-0.023134505767043755,1.0,0.38647591232435763,0.7721912454809019,0.4985987585921763,0.3609086588801077,1.009377341251563
Qwen3-8B,tulu,16,7,0.04018878140552419,0.0419072431110099,0.0419072431110099,0.04697240137915508,0.04828924567038602,0.04987174672677976,0.05018229918299859,0.0,0.0,0.0,0.0,0.019157977527016076,0.01972779836556106,0.01972779836556106,0.021608032769539855,0.02192377864578872,0.02243967471447125,0.022636491824875,0.0,0.0,0.0,0.0,0.032327103465824084,0.03393661123845074,0.03393661123845074,0.03786762674225154,0.038915674304907555,0.03999039276914602,0.040307209009804244,0.0,0.0,0.0,0.0,0.024103986455638625,0.024539562997827835,0.024539562997827835,0.02691674700998735,0.02739287862821745,0.0280086899555787,0.028358699887651415,0.0,0.0,0.0,0.0,0.017609397445609676,0.018216999390642634,0.018216999390642634,0.020138138532422592,0.020407850604133904,0.02098530252903397,0.021309382247701847,0.0,0.0,0.0,0.0,0.040898060231573816,0.042568808812530966,0.042568808812530966,0.047700400008271124,0.04893002454042315,0.05047372672071688,0.050829988633426,0.0,0.0,0.0,0.0,-0.021030803878508114,1.0,0.4499476394401433,0.8018646908084387,0.5616143767536981,0.4207853926593158,1.0120705616595913
Qwen3-8B,tulu,17,7,0.054394920644336466,0.05302214335562137,0.05302214335562137,0.06434292865896976,0.06685948348294346,0.07253974576673457,0.07459032728225344,0.0,0.0,0.0,0.0,0.02264941390571796,0.022426482917120714,0.022426482917120714,0.025247487633929252,0.025979721359833258,0.026627103058200235,0.02736008166914787,0.0,0.0,0.0,0.0,0.04086878735538868,0.03983546721037586,0.03983546721037586,0.04832401322801237,0.050138146389862824,0.054416851342653165,0.05590128185129102,0.0,0.0,0.0,0.0,0.030049642292378047,0.029778479975441384,0.029778479975441384,0.03353826658507793,0.03454440415697628,0.03537475956046817,0.03627107969815866,0.0,0.0,0.0,0.0,0.0209000317579245,0.02064223047543322,0.02064223047543322,0.023688217252614142,0.024477162440624856,0.02509211955094953,0.02566781183110704,0.0,0.0,0.0,0.0,0.05508928300256856,0.05374681178194951,0.05374681178194951,0.06499496559751111,0.06738958062431531,0.07313929369133092,0.07517078134399324,0.0,0.0,0.0,0.0,-0.031745506738618506,1.0,0.36706915328632084,0.7501660057872406,0.48766037413782065,0.34590856758221955,1.008265095476407
Qwen3-8B,tulu,18,7,0.04702127442497668,0.04673764177813865,0.04673764177813865,0.05402282291875577,0.056183636599015624,0.059011827813843024,0.06136990448704416,0.0,0.0,0.0,0.0,0.02329180364502393,0.023025276879308526,0.023025276879308526,0.02574424606259473,0.02637595358609942,0.027796865629402288,0.028702203977103664,0.0,0.0,0.0,0.0,0.03889471414606252,0.03866208219530709,0.03866208219530709,0.044644603258148396,0.04637448464784584,0.04873583313657572,0.050644539931225356,0.0,0.0,0.0,0.0,0.02822673061211941,0.027897842033335514,0.027897842033335514,0.031194599828407915,0.031979321752983875,0.0337340926663423,0.034788279316658566,0.0,0.0,0.0,0.0,0.02145778597411878,0.02120399303038561,0.02120399303038561,0.0239538476394305,0.024650769548819597,0.025973923062748875,0.027100131385244614,0.0,0.0,0.0,0.0,0.04789862945936776,0.047559404004938216,0.047559404004938216,0.05484159734913706,0.056967533566886094,0.05969317761345828,0.06211429382431676,0.0,0.0,0.0,0.0,-0.02372947077995276,1.0,0.47103888591774284,0.8258655076795172,0.5716496830560626,0.4401477470700526,1.011545987047963
Qwen3-8B,tulu,19,7,0.052405418506526566,0.051485050468706675,0.051485050468706675,0.06307915203261102,0.06725750466119193,0.07137537417787494,0.07319034894288978,0.0,0.0,0.0,0.0,0.023964656502111423,0.02371643467040214,0.02371643467040214,0.027047651105471485,0.027859689352294645,0.029468559606327962,0.030863382279485332,0.0,0.0,0.0,0.0,0.0415161347198655,0.04082443709991885,0.04082443709991885,0.049818363617798345,0.05315985035165591,0.05631125606665973,0.05773216003136305,0.0,0.0,0.0,0.0,0.030049651472203794,0.029758044177802187,0.029758044177802187,0.03396668168005958,0.034984158546784924,0.037014874240812824,0.038796748468374984,0.0,0.0,0.0,0.0,0.02155671763441146,0.021379507472104153,0.021379507472104153,0.02474042424841872,0.02552160591598545,0.02696956975774279,0.028133608126515743,0.0,0.0,0.0,0.0,0.05345248970288853,0.05247833664203837,0.05247833664203837,0.06403722339651634,0.06815007054159486,0.07217943448303948,0.07406342461107687,0.0,0.0,0.0,0.0,-0.028440762004415143,1.0,0.41286732217878414,0.7889451609223954,0.5185944685707407,0.37785538875819813,1.011265234185123
Qwen3-8B,tulu,20,7,0.05445807681252853,0.05256660562912173,0.05256660562912173,0.06989805969421754,0.0752613205208617,0.08229245633322936,0.08470530129755,0.0,0.0,0.0,0.0,0.02450891380112345,0.024005994037862726,0.024005994037862726,0.02809707619197427,0.029203665100461802,0.031412976367933144,0.03231286485754367,0.0,0.0,0.0,0.0,0.04283392665340167,0.04133881348747252,0.04133881348747252,0.05485955503167452,0.05892971092548585,0.06461110131332033,0.06660528989587387,0.0,0.0,0.0,0.0,0.03085075879991643,0.03024362320832362,0.03024362320832362,0.03539803652261589,0.036810315368876405,0.03957588187033149,0.040580365459370764,0.0,0.0,0.0,0.0,0.022543383695887702,0.022042859793603715,0.022042859793603715,0.026312726601863727,0.02751431166595053,0.029667220474663296,0.03076080409731879,0.0,0.0,0.0,0.0,0.055315600024850045,0.053332028535617,0.053332028535617,0.0705499931577896,0.07586450508008061,0.08287104215379205,0.08525559384250254,0.0,0.0,0.0,0.0,-0.029949163011405086,1.0,0.3817236447619405,0.7851400261001886,0.48091749394471417,0.3605095995012096,1.007030848832848
Qwen3-8B,tulu,21,7,0.04519673330858301,0.044887438732038966,0.044887438732038966,0.050923845324532424,0.052641052245227526,0.05788962349882021,0.06301912462290016,0.0,0.0,0.0,0.0,0.023884876550725895,0.023711611132510392,0.023711611132510392,0.026371950982409253,0.02727502577742797,0.029741766682948628,0.03200443326093623,0.0,0.0,0.0,0.0,0.03754934829606907,0.0372525120400819,0.0372525120400819,0.04234174551163422,0.043840768323284776,0.048232456039012016,0.05251708183226038,0.0,0.0,0.0,0.0,0.028781596258521457,0.028572658699347726,0.028572658699347726,0.031756374015236274,0.0328817100747465,0.03573616351657634,0.03845035299452524,0.0,0.0,0.0,0.0,0.021669989407506418,0.021499674679980187,0.021499674679980187,0.024185333590199525,0.025304583388307374,0.02774321872707113,0.030025676328941837,0.0,0.0,0.0,0.0,0.046303389052200605,0.045946819581733175,0.045946819581733175,0.052032953268412396,0.05364943713607249,0.05889180596503596,0.06399264548910295,0.0,0.0,0.0,0.0,-0.021311856757857107,1.0,0.5137668011185936,0.8331796464351681,0.6173155283572477,0.47924337817876006,1.017311953432141
Qwen3-8B,tulu,22,7,0.04504233670805014,0.04390159371355762,0.04390159371355762,0.05334998938250052,0.05554825564488859,0.059910101935541506,0.06381556220116483,0.0,0.0,0.0,0.0,0.022796039707360716,0.022458360779151365,0.022458360779151365,0.025738135375262882,0.02638068648784089,0.028252375638708846,0.030601258295761716,0.0,0.0,0.0,0.0,0.03647792918091881,0.035444173653372935,0.035444173653372935,0.04316890165414751,0.04502382206707058,0.048511224203249374,0.051851858348370215,0.0,0.0,0.0,0.0,0.02804175219603889,0.027642859700122504,0.027642859700122504,0.03165730284853851,0.03239966935223683,0.03467699836519975,0.0374925569443206,0.0,0.0,0.0,0.0,0.020435406443377862,0.020105054922661666,0.020105054922661666,0.023396836848223156,0.02398569251978183,0.02582740269337689,0.028216847323720515,0.0,0.0,0.0,0.0,0.04617356164667928,0.04495400678726982,0.04495400678726982,0.05446123793503402,0.05663333308608143,0.06088555960314903,0.06489938700010568,0.0,0.0,0.0,0.0,-0.022246297000689426,1.0,0.47157949537635824,0.8097336281524539,0.5788172152087045,0.43110263309458424,1.0162820231662606
Qwen3-8B,tulu,23,7,0.04548667673601789,0.04448236957562961,0.04448236957562961,0.053615535148351004,0.05739169742483973,0.06182283276767083,0.06681287345301308,0.0,0.0,0.0,0.0,0.0254335216063108,0.025114514420911983,0.025114514420911983,0.028936819538720925,0.029789477898406188,0.031769555704709934,0.03422613675189091,0.0,0.0,0.0,0.0,0.038229586544646026,0.03738644756922842,0.03738644756922842,0.04508638189234365,0.0481786470353862,0.05184559229519673,0.0559994930938082,0.0,0.0,0.0,0.0,0.030190518605216786,0.029826511352483404,0.029826511352483404,0.034382570499074894,0.03536015803689357,0.03774578786233824,0.04070491987244857,0.0,0.0,0.0,0.0,0.02317469488571227,0.022804138969382586,0.022804138969382586,0.026744877650596983,0.02775151547150247,0.029817411268961976,0.0321661990278213,0.0,0.0,0.0,0.0,0.046677186942645776,0.0456299237502806,0.0456299237502806,0.05487021125160154,0.0583728249138589,0.06277977513275029,0.06782708810524696,0.0,0.0,0.0,0.0,-0.02005315512970709,1.0,0.5138806211630481,0.8386156048531713,0.6105476920507068,0.4823041897969203,1.015478785462252
Qwen3-8B,tulu,24,7,0.044245887163929964,0.04378581524560968,0.04378581524560968,0.05146331456589265,0.053931444510350576,0.05772314434750154,0.06270957516307105,0.0,0.0,0.0,0.0,0.023885426949200185,0.023648205088507696,0.023648205088507696,0.02654681232393898,0.027332859815007843,0.029099605982100457,0.031485400628690964,0.0,0.0,0.0,0.0,0.03653442315506508,0.03614775031147221,0.03614775031147221,0.042403085298766324,0.04438349407852849,0.04746009366881896,0.05156982270276086,0.0,0.0,0.0,0.0,0.02882807072233677,0.028528325470933962,0.028528325470933962,0.032045173224820395,0.03294898933156091,0.03505258864259298,0.037923238764646997,0.0,0.0,0.0,0.0,0.02149165434707741,0.02126507315770533,0.02126507315770533,0.024113779698931796,0.02512667313304802,0.02690800766304283,0.029313545711213293,0.0,0.0,0.0,0.0,0.045464539400059074,0.04507110374067671,0.04507110374067671,0.05253704127459165,0.05496836383106171,0.05877391569167075,0.06376449326689203,0.0,0.0,0.0,0.0,-0.02036046021472978,1.0,0.5041237152106041,0.8222021548774691,0.6072536248471049,0.4661563046713602,1.0182036400831427
Qwen3-8B,tulu,25,7,0.052232607404144406,0.0511864225391897,0.0511864225391897,0.06134781038357991,0.06596805183313063,0.07038844917998037,0.07587056822271375,0.0,0.0,0.0,0.0,0.025585825415249324,0.025175973189416938,0.025175973189416938,0.028939610648173353,0.030440815611091077,0.03272580379452431,0.03515407890668883,0.0,0.0,0.0,0.0,0.0422964176484968,0.04138528798830886,0.04138528798830886,0.049833053228659434,0.053528594395390525,0.05720606435502416,0.06162477475070642,0.0,0.0,0.0,0.0,0.03150493914698475,0.031016922203024266,0.031016922203024266,0.035591065815182885,0.03749888811126474,0.04023767820317144,0.0432790317672346,0.0,0.0,0.0,0.0,0.023176948616178018,0.02271035432072302,0.02271035432072302,0.026701738642025054,0.028308809128892345,0.03080431942466801,0.03312344611780636,0.0,0.0,0.0,0.0,0.05335910935531597,0.0523395724750305,0.0523395724750305,0.06227878883286367,0.06695029030655578,0.07124887545671023,0.07675902962164174,0.0,0.0,0.0,0.0,-0.026646781988895085,1.0,0.4649314507675226,0.8127194876640996,0.5716517222916128,0.43763315975185973,1.012223969795524
Qwen3-8B,tulu,26,7,0.0513234144097375,0.049820425366977394,0.049820425366977394,0.06291046337034809,0.0657849786051336,0.07215162641180642,0.07716982826871772,0.0,0.0,0.0,0.0,0.025246328843890088,0.024857369862757973,0.024857369862757973,0.02887629055659028,0.02991736016916466,0.03215033471158168,0.0347916666553766,0.0,0.0,0.0,0.0,0.041190147666859626,0.03996689487892153,0.03996689487892153,0.05046185232303797,0.05277636237313215,0.05788278333365572,0.062006931839142417,0.0,0.0,0.0,0.0,0.031053429162455463,0.030586836691921505,0.030586836691921505,0.035386098927986186,0.03666443019745094,0.039429915758875236,0.04266580361593696,0.0,0.0,0.0,0.0,0.022874478892686907,0.022406794550594474,0.022406794550594474,0.026716271430938285,0.02787471731727769,0.03013802992318585,0.03263235166721363,0.0,0.0,0.0,0.0,0.05243206403347154,0.05099736267352535,0.05099736267352535,0.06382728412800678,0.06665183596204356,0.0729645620777043,0.07810811103716483,0.0,0.0,0.0,0.0,-0.026077085565847417,1.0,0.4455940400855719,0.8022380951371619,0.5464868599611108,0.4177040965254563,1.011267045613886
Qwen3-8B,tulu,27,7,0.049571364689781336,0.04805663552461222,0.04805663552461222,0.060247240363865404,0.06396044978499732,0.06978930524397936,0.07623197319368959,0.0,0.0,0.0,0.0,0.02522398329855436,0.024657479797868594,0.024657479797868594,0.029182607079066312,0.030270209887325816,0.032899300522384184,0.03588740924942057,0.0,0.0,0.0,0.0,0.040461504420636146,0.03929307036091105,0.03929307036091105,0.04920099256238567,0.052296583943109945,0.057067059326012505,0.062377573049487364,0.0,0.0,0.0,0.0,0.03086303170517256,0.0302047151250751,0.0302047151250751,0.035650029973623716,0.0370101133371494,0.04017242117590255,0.043800683305577945,0.0,0.0,0.0,0.0,0.02277833613013793,0.022167166600529385,0.022167166600529385,0.026874245918129522,0.028064857149364957,0.030952075943666658,0.03394284999557686,0.0,0.0,0.0,0.0,0.050748578696159605,0.049271633046224124,0.049271633046224124,0.06120896209921954,0.06487592807340632,0.07066197706832461,0.07712960800093124,0.0,0.0,0.0,0.0,-0.024347381391226976,1.0,0.47140891297556464,0.8177049352548987,0.5756243171566489,0.4435074376433466,1.012504377587575
Qwen3-8B,tulu,28,7,0.04442506493995625,0.04346848425803873,0.04346848425803873,0.050400863441170014,0.05341467809861629,0.05716189617435759,0.05959597336616043,0.0,0.0,0.0,0.0,0.025226615849473187,0.024728303710938267,0.024728303710938267,0.028601047356277387,0.029806095802988205,0.032247509558330535,0.034195425154495425,0.0,0.0,0.0,0.0,0.03647642836941928,0.035747633968748985,0.035747633968748985,0.041467518769197256,0.04380204875409978,0.04674259431809085,0.0485587693258808,0.0,0.0,0.0,0.0,0.03098993587249737,0.03036113491236009,0.03036113491236009,0.03526102888204686,0.03672489344278958,0.03975651722874311,0.0422084143124453,0.0,0.0,0.0,0.0,0.02246639956366461,0.021935228619540705,0.021935228619540705,0.026149002139355622,0.027337458978426748,0.029863326690334174,0.03185154452382885,0.0,0.0,0.0,0.0,0.045877072636903195,0.04498651432957934,0.04498651432957934,0.051768638692531524,0.054798465799197546,0.05847506713340078,0.06088559603006366,0.0,0.0,0.0,0.0,-0.019198449090483072,1.0,0.5641434542333558,0.8177229491393121,0.6955073202518708,0.5224341508763778,1.0229728376231206
Qwen3-8B,tulu,29,7,0.04698682363621212,0.04497626859110598,0.04497626859110598,0.05799998847537245,0.061945633446208515,0.06924543336074405,0.07720422864312275,0.0,0.0,0.0,0.0,0.024655840399269085,0.024262021253321234,0.024262021253321234,0.0277620933087998,0.028872728676826616,0.031247448038273715,0.03412167446735899,0.0,0.0,0.0,0.0,0.03824317964719068,0.036613968254641284,0.036613968254641284,0.0470667627164231,0.050270653138126266,0.056222964861705325,0.06265178292669468,0.0,0.0,0.0,0.0,0.03014670541226778,0.029679484048647623,0.029679484048647623,0.033943553867180676,0.035258834773255726,0.03813947857122563,0.04167714090814775,0.0,0.0,0.0,0.0,0.021987853150121868,0.021497640643538825,0.021497640643538825,0.025277146521646664,0.026510493220272352,0.02899636924686031,0.031833389017170755,0.0,0.0,0.0,0.0,0.04830539134864381,0.0462699887446846,0.0462699887446846,0.05906589966628667,0.06298306883670732,0.07021562862812648,0.07818453832909274,0.0,0.0,0.0,0.0,-0.022330983236943033,1.0,0.45125644424067124,0.8119375117316935,0.5507869143158152,0.41874774753447713,1.0140109639046961
Qwen3-8B,tulu,30,7,0.047435796216629494,0.04596066528380963,0.04596066528380963,0.05752971197313882,0.060378077504413354,0.06827348437316696,0.07106501919173189,0.0,0.0,0.0,0.0,0.023059903111117327,0.02250631259872806,0.02250631259872806,0.02640089550263204,0.027245609239996298,0.029620096317648857,0.03194051476522205,0.0,0.0,0.0,0.0,0.03765475571675432,0.03657716350245642,0.03657716350245642,0.04564932955169514,0.047872252240389435,0.0541004486415569,0.05629603919692564,0.0,0.0,0.0,0.0,0.02924332029675826,0.02851652152862373,0.02851652152862373,0.03341919748243388,0.034291110767822645,0.03752505430873025,0.040475861262300614,0.0,0.0,0.0,0.0,0.02040378837344462,0.019855355805700275,0.019855355805700275,0.023852805743140207,0.025016051957201434,0.027490619664826688,0.029600671835017394,0.0,0.0,0.0,0.0,0.04864791687804586,0.04720543382653389,0.04720543382653389,0.05865020011355793,0.061307173269854166,0.06912347576059287,0.07207735636421159,0.0,0.0,0.0,0.0,-0.02437589310551217,1.0,0.4338448021160354,0.7924079038628884,0.5496285220134224,0.40265441140471697,1.0124498023680768
Qwen3-8B,tulu,31,7,0.048541191141591056,0.047503965233070475,0.047503965233070475,0.058507882788238624,0.06145471247030101,0.06804809786887883,0.07126800688039046,0.0,0.0,0.0,0.0,0.025241227124951755,0.024872067234467728,0.024872067234467728,0.028721180322430522,0.029984483931279372,0.03193809637501254,0.03385365458141867,0.0,0.0,0.0,0.0,0.03908514417028728,0.03840414199343284,0.03840414199343284,0.04696038159596532,0.04942364432414055,0.054602926355756955,0.057086519280240604,0.0,0.0,0.0,0.0,0.03162818144147601,0.031144862322430484,0.031144862322430484,0.03600704260734941,0.03748692142664699,0.04014419090574662,0.042593681677979084,0.0,0.0,0.0,0.0,0.022584951949237906,0.02217147626902389,0.02217147626902389,0.026074909493205643,0.027575172296720366,0.029698218641369192,0.031488552692146544,0.0,0.0,0.0,0.0,0.04983500574126113,0.04880284034998292,0.04880284034998292,0.05971561800432562,0.06254950452261313,0.06909569541787766,0.07233350814626338,0.0,0.0,0.0,0.0,-0.023299964016639307,1.0,0.46934590936771997,0.8024166444882965,0.5899384723890452,0.4364298131976353,1.0153949571230843
Qwen3-8B,tulu,32,7,0.04873873996521984,0.048122490270757656,0.048122490270757656,0.056995684558035296,0.06147383544599146,0.06655577616658821,0.07008287394369457,0.0,0.0,0.0,0.0,0.023631468807494328,0.02326964439680263,0.02326964439680263,0.026726647548816873,0.029106948888994375,0.030275064169760436,0.032100446677707235,0.0,0.0,0.0,0.0,0.03869651494963841,0.03821377799512937,0.03821377799512937,0.045242545703644485,0.04870664177833833,0.052304667211884696,0.05512112424813366,0.0,0.0,0.0,0.0,0.02978359898786337,0.02930239451042964,0.02930239451042964,0.033809877409726616,0.03663769988204687,0.03834617305821842,0.04067456264687323,0.0,0.0,0.0,0.0,0.021080442795660286,0.020663059271776488,0.020663059271776488,0.024360728409555894,0.02638317244243312,0.02782041372061743,0.02958056354933079,0.0,0.0,0.0,0.0,0.04990408051571346,0.04932080078547389,0.04932080078547389,0.05803047547992998,0.0626108403302485,0.0674524246954257,0.07116943583373705,0.0,0.0,0.0,0.0,-0.025107271157725503,1.0,0.4548825949228262,0.7858772029187492,0.5761509408625701,0.418001491726027,1.0134721369125528
Qwen3-8B,tulu,33,7,0.04977826853645215,0.048797721121468234,0.048797721121468234,0.05787773574585908,0.060176746665327185,0.06645961371118911,0.07082555764473633,0.0,0.0,0.0,0.0,0.022580011288233993,0.022194216400127566,0.022194216400127566,0.025885312214296522,0.027485518259424482,0.028686198372163435,0.02914801431436021,0.0,0.0,0.0,0.0,0.03785172770197394,0.03728988394134643,0.03728988394134643,0.04382160704537341,0.04570990564797473,0.05039282185534714,0.053613216676749044,0.0,0.0,0.0,0.0,0.02977556263179821,0.029260131215024826,0.029260131215024826,0.03440890660847981,0.036191195558557,0.03794100050978334,0.03837679370124838,0.0,0.0,0.0,0.0,0.020107676166019956,0.019789409111826584,0.019789409111826584,0.022920898591530015,0.024741420092487157,0.02599431661767517,0.02688443977637747,0.0,0.0,0.0,0.0,0.050834455637134006,0.04987427140918451,0.04987427140918451,0.05878977608854355,0.06118465361395377,0.06736289997850796,0.07168997106541214,0.0,0.0,0.0,0.0,-0.027198257248218154,1.0,0.4316335405863763,0.75824728795953,0.5708880685744283,0.3911295171024863,1.0135915064334293
Qwen3-8B,tulu,34,7,0.04765715807437419,0.048066263148403975,0.048066263148403975,0.05393927953675279,0.05493949835177073,0.05620404289609951,0.05844461368919879,0.0,0.0,0.0,0.0,0.017620919638539043,0.017518891165931083,0.017518891165931083,0.019726495301364014,0.020472758401758422,0.02148785529445149,0.02176056051528105,0.0,0.0,0.0,0.0,0.0314706879704377,0.031628337144869734,0.031628337144869734,0.03518294527782319,0.03593480246997997,0.03682169920609187,0.03771631412114853,0.0,0.0,0.0,0.0,0.02705106696225929,0.026849657182009753,0.026849657182009753,0.03043146146880579,0.031574338702430045,0.033195604334833186,0.03384573322593025,0.0,0.0,0.0,0.0,0.015536863960388348,0.01539723325253443,0.01539723325253443,0.0176147591693277,0.01841779880075633,0.019072739205803893,0.019197063180298023,0.0,0.0,0.0,0.0,0.04837634759992576,0.0486929093603612,0.0486929093603612,0.054575858631817985,0.05558546247754102,0.056850836657495796,0.05914684923200317,0.0,0.0,0.0,0.0,-0.03003623843583514,1.0,0.38231867650828233,0.6551432478649548,0.5906266279847445,0.3393481718221291,1.0115079579344848
Qwen3-8B,tulu,35,7,0.0389042146452848,0.03864284659071357,0.03864284659071357,0.04252342749720811,0.043456876098464804,0.04696599225081898,0.049344602569887035,0.0,0.0,0.0,0.0,0.013552454536519149,0.013183749940592505,0.013183749940592505,0.015382117589828185,0.015962239923494353,0.017818031003416133,0.018307608203756258,0.0,0.0,0.0,0.0,0.025711988035479978,0.025570052837437816,0.025570052837437816,0.028068931686325488,0.0287076193108096,0.0309254739567333,0.032384619652565616,0.0,0.0,0.0,0.0,0.020437903371833037,0.01986342886788737,0.01986342886788737,0.023220256623327048,0.023967860328387887,0.02692286389422733,0.027648421022107066,0.0,0.0,0.0,0.0,0.011915868186533108,0.011665888889549716,0.011665888889549716,0.013317730752694407,0.013697751788237858,0.014657632777986207,0.01537365533712212,0.0,0.0,0.0,0.0,0.039440511419555346,0.039153357134997055,0.039153357134997055,0.043133028289087195,0.04439976840153534,0.04743642114117807,0.04988968093054634,0.0,0.0,0.0,0.0,-0.025351760108765654,1.0,0.379381551405537,0.6584652527211118,0.5732416713448198,0.3120903461318995,1.010016372865004
Qwen3-8B,commonsense,0,7,0.12924852288975958,0.1305018823361705,0.1305018823361705,0.13683197896769017,0.13975362588598234,0.14613175081698898,0.14823758716285357,1.0,0.0,0.0,0.0,0.08746901666451132,0.08833740393290257,0.08833740393290257,0.09147214454446027,0.09187587345233318,0.09302420403764868,0.0936832540421966,0.0,0.0,0.0,0.0,0.10135373129979841,0.10215773447122051,0.10215773447122051,0.1073413787010789,0.10981394377504561,0.11469876341577673,0.11642606376839643,0.71875,0.0,0.0,0.0,0.11146086047210195,0.11265371473048345,0.11265371473048345,0.11650367131612992,0.11717710584195196,0.11851527986054869,0.11940692755145475,0.98828125,0.0,0.0,0.0,0.07201594765703942,0.07263059740908323,0.07263059740908323,0.07549190061787975,0.07617854150684389,0.07747355670422398,0.07810256393782859,0.0,0.0,0.0,0.0,0.13846113580520292,0.13967051164842403,0.13967051164842403,0.14618337608517418,0.14848089693194363,0.15520963484539912,0.15729267753830567,1.0,0.0,0.0,0.0,-0.04177950622524826,1.0,0.636577632975529,0.7848996728946471,0.8110166284736687,0.5301623792987298,1.0621212294909066
Qwen3-8B,commonsense,1,7,0.01654365764001515,0.016581209176674105,0.016581209176674105,0.018680443986422334,0.01902067172105315,0.01949029522670154,0.01993006304063858,0.0,0.0,0.0,0.0,0.007069924874581176,0.007148084433141685,0.007148084433141685,0.007397629059646015,0.007456477444187694,0.007520187168256233,0.007611782310798376,0.0,0.0,0.0,0.0,0.007635865517976189,0.007664759202478472,0.007664759202478472,0.00863835460372523,0.008783438318865744,0.009002523527222644,0.009206053976220341,0.0,0.0,0.0,0.0,0.015394994652200983,0.015565734995716406,0.015565734995716406,0.016124220194469435,0.01625598505004014,0.016394367461498537,0.01656921967309276,0.0,0.0,0.0,0.0,0.005388176415340569,0.005450360442796573,0.005450360442796573,0.005673321540542706,0.005707889201040049,0.005822569665985007,0.005889013245365317,0.0,0.0,0.0,0.0,0.01716383858471868,0.01720460289124666,0.01720460289124666,0.019277649891700714,0.019603779874967597,0.02008433993826787,0.020534132225915425,0.0,0.0,0.0,0.0,-0.009473732765433975,1.0,0.38584265044654836,0.46189775077851375,0.841155419700282,0.2987419943238282,1.0304790001719673
Qwen3-8B,commonsense,2,7,0.011978444542917249,0.01176871005529497,0.01176871005529497,0.013886126952895771,0.014174486366949526,0.014392789037300905,0.014715356273017038,0.0,0.0,0.0,0.0,0.004166633828443325,0.004188575004631347,0.004188575004631347,0.0043300321223585375,0.004349808082831687,0.004384219649748744,0.004419478329717303,0.0,0.0,0.0,0.0,0.004955768678334065,0.004933387287600415,0.004933387287600415,0.005649865387048113,0.005758813348146417,0.005852224890823757,0.005943016050887583,0.0,0.0,0.0,0.0,0.009723045952995193,0.009781843132245078,0.009781843132245078,0.01014470293780783,0.01019196224336905,0.010274172829455143,0.010283803952447667,0.0,0.0,0.0,0.0,0.0028738697404715203,0.00291079617088269,0.00291079617088269,0.003039642219302484,0.0030648916322660873,0.0030996922862242616,0.0031153041098903,0.0,0.0,0.0,0.0,0.012362270345071934,0.01215894878755329,0.01215894878755329,0.014231127378007727,0.014506673582319931,0.014730188729405907,0.015038117802956621,0.0,0.0,0.0,0.0,-0.007811810714473924,1.0,0.3046122359180304,0.4066081199173354,0.7138416885586388,0.21536425484949304,1.0234422731571056
Qwen3-8B,commonsense,3,7,0.029595653765963622,0.030320574889395845,0.030320574889395845,0.033876285942261414,0.0344535666366564,0.03512944089069315,0.03665758579121983,0.0,0.0,0.0,0.0,0.0072590260556324665,0.007290394782951135,0.007290394782951135,0.007540455994098982,0.007589421893241846,0.0076565923603635335,0.007770509746410203,0.0,0.0,0.0,0.0,0.011196646930118105,0.011422324683850443,0.011422324683850443,0.012658367902000974,0.012845779108528287,0.01313564231076262,0.013278602054209462,0.0,0.0,0.0,0.0,0.018067667537438804,0.01819240181593226,0.01819240181593226,0.018887850711677413,0.019014165774163594,0.019153636892750008,0.01943897390153471,0.0,0.0,0.0,0.0,0.004517820989982695,0.0045326882338934255,0.0045326882338934255,0.004795612735170134,0.00484262420236168,0.004965046875951948,0.005068262886156703,0.0,0.0,0.0,0.0,0.030137056943613186,0.030869623881978434,0.030869623881978434,0.034359079975982185,0.034928009811013856,0.03560996606679158,0.03710078059368831,0.0,0.0,0.0,0.0,-0.022336627710331156,1.0,0.21795372104518737,0.37392118911413275,0.5452303369230219,0.14133577848280923,1.0136787026469793
Qwen3-8B,commonsense,4,7,0.045747287162725095,0.04693969104535863,0.04693969104535863,0.0522634399653076,0.05293699036390499,0.05416507789186814,0.054591235605445175,0.0,0.0,0.0,0.0,0.012651590646184135,0.012503836256373514,0.012503836256373514,0.013547769523058702,0.013632775614637271,0.013750629956608876,0.013816790419315555,0.0,0.0,0.0,0.0,0.021051113693529744,0.02127402793235937,0.02127402793235937,0.024161242753041573,0.02453753323715051,0.025108637314987046,0.025299581826382297,0.0,0.0,0.0,0.0,0.027108199268812194,0.02678305340083471,0.02678305340083471,0.029161551474502615,0.02930707506864077,0.029523342916078596,0.029684931620670197,0.0,0.0,0.0,0.0,0.009967602628256023,0.009839303158691384,0.009839303158691384,0.01093470809552691,0.011040838823907304,0.011192839499293014,0.011321086153176277,0.0,0.0,0.0,0.0,0.04643473157386393,0.04756499770773526,0.04756499770773526,0.05287696322420431,0.05355489801328431,0.05476381954152468,0.05514723405872257,0.0,0.0,0.0,0.0,-0.03309569651654096,1.0,0.25386522999301864,0.4635576702227291,0.5450623181049826,0.20664309800565075,1.0110540162215187
Qwen3-8B,commonsense,5,7,0.03687359822193573,0.03727817510995543,0.03727817510995543,0.04401897131164238,0.04536187940529496,0.0465489047676666,0.047954407977125954,0.0,0.0,0.0,0.0,0.016871143057882766,0.01692935087671177,0.01692935087671177,0.01834486143493439,0.018453261059541613,0.018797105101769043,0.018939890884584663,0.0,0.0,0.0,0.0,0.019744783353955433,0.019921118100141202,0.019921118100141202,0.02331236811895962,0.023947308595814426,0.024578035951502077,0.025115713399469632,0.0,0.0,0.0,0.0,0.030654576935462204,0.030698997021863683,0.030698997021863683,0.03331534024905748,0.03358634503132843,0.03414967182598398,0.034459631463185494,0.0,0.0,0.0,0.0,0.012642766410187255,0.01272552454620645,0.01272552454620645,0.014112422014465473,0.014182437145420385,0.014417225343211581,0.014491094213055456,0.0,0.0,0.0,0.0,0.03853359543487708,0.03885470801837771,0.03885470801837771,0.0455270545553021,0.04683887604840684,0.048021280401343784,0.0494134943841843,0.0,0.0,0.0,0.0,-0.020002455164052968,1.0,0.4038141218485924,0.5280046023461815,0.7336299746778303,0.3097221173123272,1.0316307255997978
Qwen3-8B,commonsense,6,7,0.007854691719326764,0.007570383664233717,0.007570383664233717,0.00988750208531133,0.01029002671377503,0.010895346636704484,0.011275733765274215,0.0,0.0,0.0,0.0,0.0042740742548011855,0.004170344533930627,0.004170344533930627,0.004854286013158274,0.004921147118971986,0.005060262420086139,0.0051981342079850425,0.0,0.0,0.0,0.0,0.003702313303400712,0.003567331112296955,0.003567331112296955,0.0047021685244213705,0.004896498248108367,0.005189150387394884,0.005376170126393486,0.0,0.0,0.0,0.0,0.010528927327710397,0.01036274524035041,0.01036274524035041,0.011463818345810554,0.011596915279746373,0.011828408041757818,0.01206285156291349,0.0,0.0,0.0,0.0,0.0031357457061544393,0.003079833054167161,0.003079833054167161,0.003495287316050223,0.0035489749414044,0.0036224972258407455,0.0037278245624630317,0.0,0.0,0.0,0.0,0.00838092013322757,0.008087545304394123,0.008087545304394123,0.010466371502718848,0.01084259608994392,0.01146491588942717,0.011849253835504774,0.0,0.0,0.0,0.0,-0.0035806174645255785,1.0,0.46444253577385186,0.47627217016791,1.0856385240566846,0.33248113590412964,1.0522763774035337
Qwen3-8B,commonsense,7,7,0.04509531617556645,0.04350016859496369,0.04350016859496369,0.055280491878206925,0.05654756962013267,0.05933946758794923,0.06079904901121066,0.0,0.0,0.0,0.0,0.01999558262906609,0.02046472309443398,0.02046472309443398,0.021865200007276594,0.022176125084255077,0.022838808689592184,0.023120966232161807,0.0,0.0,0.0,0.0,0.0256049694928113,0.025025792058259725,0.025025792058259725,0.03104520010710958,0.03172691822088675,0.03282723210188516,0.03342924053203904,0.0,0.0,0.0,0.0,0.03457735974324447,0.03536662146642156,0.03536662146642156,0.037671609627531105,0.03830473413157999,0.03931633941711519,0.0399228173209446,0.0,0.0,0.0,0.0,0.01454200094612633,0.014840204651071474,0.014840204651071474,0.0162421509840475,0.016568599823752427,0.01702662884382953,0.017144932733623105,0.0,0.0,0.0,0.0,0.04716681447886708,0.045507167825727016,0.045507167825727016,0.05710113872536622,0.05846426016574231,0.061111764784054626,0.06249803208516329,0.0,0.0,0.0,0.0,-0.02509973354650037,1.0,0.38488395022658295,0.5532107623518984,0.6625664336951285,0.28693598941705584,1.0298670896141529
Qwen3-8B,commonsense,8,7,0.13116212269121014,0.13150791209553395,0.13150791209553395,0.15209111695967026,0.15581203385015896,0.15973443072762145,0.1639719657547744,0.98828125,0.0,0.0,0.0,0.0656070683581794,0.0673933081776619,0.0673933081776619,0.07000129388465479,0.07046284624687846,0.07129455773439963,0.07185915883806299,0.0,0.0,0.0,0.0,0.07981886390412588,0.08054702845401429,0.08054702845401429,0.09230894123791865,0.09422417115765003,0.09630325150160628,0.09935598897132816,0.0,0.0,0.0,0.0,0.10787647777000361,0.11098992907288927,0.11098992907288927,0.11528451572308265,0.11607656643337348,0.11727194375474465,0.11828463204851584,0.8125,0.0,0.0,0.0,0.05036974523832488,0.05217195019483628,0.05217195019483628,0.0544253329531786,0.05470406591090369,0.05546495054833685,0.05620330884655507,0.0,0.0,0.0,0.0,0.137793161644531,0.13838586680719675,0.13838586680719675,0.1583412297866792,0.16191314318411437,0.16577939968759597,0.17003010053255285,1.0,0.0,0.0,0.0,-0.06555505433303072,1.0,0.44633181092917185,0.6028960134826675,0.734168226728252,0.3472322798264795,1.0378438695554772
Qwen3-8B,commonsense,9,7,0.11601458978647211,0.11942296296538651,0.11942296296538651,0.12844856194873772,0.13072003610836624,0.13509463266886834,0.13760614581958378,0.8515625,0.0,0.0,0.0,0.05561228796562187,0.057405823937931394,0.057405823937931394,0.0602197440354381,0.06039953592320328,0.06147040909731861,0.06229993642329427,0.0,0.0,0.0,0.0,0.07168008076337817,0.07367804401511227,0.07367804401511227,0.07932033719075884,0.08047408246638947,0.08303529408460734,0.0849404320403293,0.0,0.0,0.0,0.0,0.08992430101541501,0.09290037725097999,0.09290037725097999,0.09751709193423286,0.09779938626353957,0.09948938388432736,0.10068165889156527,0.01171875,0.0,0.0,0.0,0.040761915058282874,0.04219653671684634,0.04219653671684634,0.04402832824062177,0.044375029585400586,0.045229201125172314,0.045742174794524304,0.0,0.0,0.0,0.0,0.12206336081161402,0.12579742466431657,0.12579742466431657,0.13470391266407206,0.136554820560161,0.1412860938808127,0.14300789231539107,0.9609375,0.0,0.0,0.0,-0.06040230182085024,1.0,0.4550174043404765,0.6146453966689845,0.7364421659014884,0.33479643292738365,1.0458305492204143
Qwen3-8B,commonsense,10,7,0.13654506724111412,0.13268241312025142,0.13268241312025142,0.165376181693177,0.17157520262597803,0.17948904514351013,0.1967620068891997,0.9921875,0.0,0.0,0.0,0.05496817148312925,0.05652488950553717,0.05652488950553717,0.05927805454191713,0.05977035112543941,0.060957426341985005,0.06169153590488492,0.0,0.0,0.0,0.0,0.07548028842129019,0.07327650813416622,0.07327650813416622,0.09060261204170043,0.0933288637325207,0.09716875763008376,0.10464068716930076,0.00390625,0.0,0.0,0.0,0.09569856967694415,0.0988797516645166,0.0988797516645166,0.10368567276102067,0.10484790763637399,0.10695890289138137,0.10891010252540169,0.42578125,0.0,0.0,0.0,0.04282185032826805,0.0440990084556573,0.0440990084556573,0.04704257702819743,0.047424956442649324,0.048634316726271595,0.04976115439943841,0.0,0.0,0.0,0.0,0.14086776803341583,0.13732521919043988,0.13732521919043988,0.16921714980984964,0.17529803878653716,0.18302863387095653,0.19998947365665548,0.99609375,0.0,0.0,0.0,-0.08157689575798488,1.0,0.3396164166634605,0.541363165380888,0.5959076934520576,0.27095980530391767,1.0197203607864553
Qwen3-8B,commonsense,11,7,0.14758677943094034,0.14653424636453127,0.14653424636453127,0.18157785326733472,0.1851252732789818,0.188007953682905,0.19696137755315654,0.99609375,0.0,0.0,0.0,0.06623528891348052,0.06591380439042477,0.06591380439042477,0.07372583612851727,0.07417788873708052,0.07530407977781145,0.07596255866605979,0.0,0.0,0.0,0.0,0.09203409118584256,0.09065885526441572,0.09065885526441572,0.11283536507627268,0.11454122554162541,0.11707151102437212,0.12117436847682436,0.390625,0.0,0.0,0.0,0.10366955177443142,0.10336831306677374,0.10336831306677374,0.11563270564041081,0.11663930690888952,0.11795739415429522,0.11951917686855443,0.640625,0.0,0.0,0.0,0.05200317999291675,0.052185057663615315,0.052185057663615315,0.05878771698597618,0.05914006120135459,0.06004213357170436,0.06067616015716475,0.0,0.0,0.0,0.0,0.15324150442471696,0.1519162987428413,0.1519162987428413,0.18693597337977946,0.1901449677527064,0.1933295192638988,0.20166920434592056,1.0,0.0,0.0,0.0,-0.08135149051745982,1.0,0.40053667040501717,0.6226944590962648,0.6274064040569404,0.31935953982548887,1.0283050024041493
Qwen3-8B,commonsense,12,7,0.11961020526415658,0.12482059356755236,0.12482059356755236,0.13435651610622007,0.1365854517011394,0.1397499214638865,0.14307589057971704,0.85546875,0.0,0.0,0.0,0.061475341988656056,0.06282892510393881,0.06282892510393881,0.06602339975346858,0.06658481696351681,0.06732577509771384,0.06767815522554786,0.0,0.0,0.0,0.0,0.07902943618460351,0.08277528872894747,0.08277528872894747,0.08919242873744296,0.09051691469211805,0.09249876786992565,0.09426081247365181,0.0,0.0,0.0,0.0,0.09236088240919386,0.09433232074398246,0.09433232074398246,0.09908922272183023,0.0998462149943114,0.10120470307110438,0.10164551747480183,0.04296875,0.0,0.0,0.0,0.04746363489656543,0.048730440681020365,0.048730440681020365,0.05180354592351835,0.05224539695802794,0.052795915024861965,0.053160419363625484,0.0,0.0,0.0,0.0,0.1258599934507984,0.13102213155928638,0.13102213155928638,0.1404804426052862,0.14255815828172538,0.1455453933498196,0.1489714381170113,0.890625,0.0,0.0,0.0,-0.058134863275500534,1.0,0.4817589476435723,0.6618877985833339,0.7241843287708551,0.3777885130225653,1.0414703051366705
Qwen3-8B,commonsense,13,7,0.13916697394011224,0.13651922455277093,0.13651922455277093,0.1682222916758252,0.17084696877444233,0.17445964285085827,0.17554180903466104,0.92578125,0.0,0.0,0.0,0.059889899678585864,0.060457541894074596,0.060457541894074596,0.06529697874856458,0.06579060036723162,0.06641894746822226,0.06677149581515406,0.0,0.0,0.0,0.0,0.08920722820940931,0.08760207289593773,0.08760207289593773,0.10785712333850345,0.1094043607392052,0.11187735929907504,0.11253051238139826,0.39453125,0.0,0.0,0.0,0.09333410133404281,0.09417653189506954,0.09417653189506954,0.10178669678883609,0.10251356338601549,0.10352828183372857,0.10408424422159575,0.27734375,0.0,0.0,0.0,0.04630253144782402,0.04657642608796915,0.04657642608796915,0.051690890878061994,0.0519667317949654,0.05279897540877862,0.05304990530059893,0.0,0.0,0.0,0.0,0.1443558182669954,0.14176231576705992,0.14176231576705992,0.17288699137033314,0.1753863813836675,0.17901988731105845,0.18022703113441865,0.99609375,0.0,0.0,0.0,-0.07927707426152636,1.0,0.38071238931173534,0.6412793094774162,0.5934225253586736,0.30264291813273575,1.0261392513803242
Qwen3-8B,commonsense,14,7,0.11350630687295692,0.10976608801553128,0.10976608801553128,0.1353965576426488,0.13757871702228042,0.14026720294443606,0.14176002211599914,0.71875,0.0,0.0,0.0,0.05833311854548312,0.05782982251338322,0.05782982251338322,0.06340404605738637,0.06377141446929668,0.06447007848720764,0.0653178849374009,0.0,0.0,0.0,0.0,0.07809793677827044,0.07533060892852486,0.07533060892852486,0.0931470607949594,0.09478393271489768,0.09657810249425341,0.09763835895916907,0.0,0.0,0.0,0.0,0.08458083775566498,0.08392232764677313,0.08392232764677313,0.09190829785095826,0.092461580667575,0.09347412201178003,0.09465787155026702,0.0,0.0,0.0,0.0,0.04652964948125085,0.04625239387076992,0.04625239387076992,0.05174663106516696,0.051953604083401175,0.05281796991120044,0.05370935999090937,0.0,0.0,0.0,0.0,0.11887065811573228,0.11520309077341792,0.11520309077341792,0.14035080645328246,0.14242261396207456,0.14499947181216402,0.14659822756591342,0.84375,0.0,0.0,0.0,-0.055173188327473796,1.0,0.4596233270064287,0.6885294670951043,0.6664004132798446,0.37655252833496067,1.033737529289741
Qwen3-8B,commonsense,15,7,0.12314652876695428,0.12441733070277411,0.12441733070277411,0.1396281840079709,0.14302658157766013,0.14692544508154678,0.15149167708334782,0.953125,0.0,0.0,0.0,0.05615956858466329,0.05673200995067496,0.05673200995067496,0.06050783833767609,0.060979857315254335,0.06182803796068614,0.06253412370906282,0.0,0.0,0.0,0.0,0.07233603341636849,0.07302913973742733,0.07302913973742733,0.08174119694199083,0.08357865986138821,0.08620706062999058,0.08796107869203891,0.0,0.0,0.0,0.0,0.09664746520670599,0.09806734608337225,0.09806734608337225,0.10436373311382516,0.10535461179817779,0.10688092060363658,0.10829987811831225,0.390625,0.0,0.0,0.0,0.04131173866397811,0.04124196856356406,0.04124196856356406,0.045214131735601876,0.045736510513376946,0.04664027647828529,0.04791062797435349,0.0,0.0,0.0,0.0,0.12890989485799959,0.13045232415802144,0.13045232415802144,0.14507792641528944,0.1481596008752529,0.15231654330581815,0.15666995401880573,0.99609375,0.0,0.0,0.0,-0.066986960182291,1.0,0.42081232373582567,0.5867401700375575,0.7274500379720842,0.31744179132756023,1.0366927472724632
Qwen3-8B,commonsense,16,7,0.09544174839889988,0.09514021897678739,0.09514021897678739,0.10617250418390664,0.1087953823744092,0.11454537746352354,0.11718804761875218,0.2890625,0.0,0.0,0.0,0.05066744370301368,0.05154232630952912,0.05154232630952912,0.05292732842726651,0.05345684310561691,0.053910201883540426,0.05415051488840206,0.0,0.0,0.0,0.0,0.05929898073811558,0.05918644899045205,0.05918644899045205,0.06536077133498921,0.0661337897297528,0.06892019594587367,0.07057006331302142,0.0,0.0,0.0,0.0,0.08651180269053194,0.0881271661343796,0.0881271661343796,0.09086993221631318,0.09185175445362265,0.09262304730219759,0.09315822818395723,0.0,0.0,0.0,0.0,0.0376574737693693,0.03838879860551249,0.03838879860551249,0.039757886059183054,0.040074215040404496,0.04043277720341188,0.041262928405635155,0.0,0.0,0.0,0.0,0.10131050219330744,0.10113537706833871,0.10113537706833871,0.11164843850389958,0.11417257569532817,0.11975067324672792,0.12247114982621306,0.55859375,0.0,0.0,0.0,-0.0447743046958862,1.0,0.47064493633283355,0.6016846552172828,0.8086144491661654,0.3529848004236357,1.0454430890051585
Qwen3-8B,commonsense,17,7,0.1386051119960069,0.13924068552724186,0.13924068552724186,0.1582050752765461,0.16146421051504423,0.16579644115743408,0.16996762237484309,1.0,0.0,0.0,0.0,0.055870802488881086,0.05656532675961459,0.05656532675961459,0.059094361582230706,0.05943064249271192,0.06019545111602251,0.06051139960543522,0.0,0.0,0.0,0.0,0.08394312262858389,0.08431941021441566,0.08431941021441566,0.09535158180285935,0.09734032122095862,0.09997372118935499,0.10225425869510703,0.01171875,0.0,0.0,0.0,0.09163181800936962,0.09271440857026444,0.09271440857026444,0.09697137949067121,0.09769566977278052,0.09902400522798935,0.09945500281656096,0.0,0.0,0.0,0.0,0.044353934347209606,0.04484500077267568,0.04484500077267568,0.047930520374842245,0.04832491669485402,0.049313185589646466,0.049584971567383326,0.0,0.0,0.0,0.0,0.14274090554575875,0.143457276011853,0.143457276011853,0.16186295977700443,0.16513115848419208,0.16935422895865906,0.17337482502463802,1.0,0.0,0.0,0.0,-0.08273430950712582,1.0,0.3630684150745019,0.6029907547558496,0.5972625500082952,0.2974321116025676,1.0214587706249174
Qwen3-8B,commonsense,18,7,0.0882407750205026,0.08865297411432323,0.08865297411432323,0.09657990755014026,0.09853420402526859,0.10203576051282606,0.10454523633730456,0.03125,0.0,0.0,0.0,0.046767110555430313,0.04698199617270063,0.04698199617270063,0.047937580320647044,0.04824020594341606,0.04875698364496565,0.04928357431485908,0.0,0.0,0.0,0.0,0.05941155004965776,0.059953648438930286,0.059953648438930286,0.06485635148141725,0.06582457764371694,0.06795558573291838,0.06939781880440289,0.0,0.0,0.0,0.0,0.06942167434102062,0.06966342277934096,0.06966342277934096,0.07136176149183854,0.07173928873718234,0.07258147898688719,0.0732202944052247,0.0,0.0,0.0,0.0,0.035821376610367564,0.03605054073510315,0.03605054073510315,0.03702606822256507,0.03725946206972338,0.038285914582320224,0.039270506473153874,0.0,0.0,0.0,0.0,0.09324199141378803,0.09353330852405967,0.09353330852405967,0.10131325766845894,0.103148436522165,0.10661612588882063,0.10887705583387661,0.1640625,0.0,0.0,0.0,-0.04147366446507228,1.0,0.4778421153516743,0.6659977383554293,0.7113337385059582,0.3752205539498833,1.0448898048387536
Qwen3-8B,commonsense,19,7,0.08259364806841896,0.08356256339487093,0.08356256339487093,0.08967204106382029,0.09096692641159525,0.09358058192347397,0.09481509437486005,0.0,0.0,0.0,0.0,0.04699205981829358,0.04724098549464274,0.04724098549464274,0.04906983079917249,0.04939464565363777,0.04985261916045297,0.05023657960821854,0.0,0.0,0.0,0.0,0.05486885532450897,0.05539229695147069,0.05539229695147069,0.05933852988193716,0.06026991556066918,0.06164815947958235,0.06237078667486655,0.0,0.0,0.0,0.0,0.07195899601608872,0.07235487584867697,0.07235487584867697,0.07527800215840585,0.07572489373205128,0.0766063823991614,0.07707087422339517,0.0,0.0,0.0,0.0,0.03576719058231743,0.035976928753674725,0.035976928753674725,0.037722228051959475,0.03808809355701961,0.038437897076724535,0.03898015859561366,0.0,0.0,0.0,0.0,0.08805390958694084,0.08885299563425306,0.08885299563425306,0.09504025628916828,0.09636862307693753,0.09868643158924258,0.09983721191724067,0.0,0.0,0.0,0.0,-0.03560158825012538,1.0,0.5327239704623788,0.6587708498115075,0.818614084509612,0.41074650623734454,1.054560995035743
Qwen3-8B,commonsense,20,7,0.0784077311888756,0.07843781105754372,0.07843781105754372,0.08561503657410664,0.08786637353471363,0.09088774549356675,0.09203686152487293,0.0,0.0,0.0,0.0,0.04474827367110318,0.044982420022665254,0.044982420022665254,0.0459751576309432,0.04615156387950332,0.046355125341712725,0.04708380185504946,0.0,0.0,0.0,0.0,0.05195586604400374,0.05213017543768424,0.05213017543768424,0.05675363620627047,0.05815399179327851,0.06040395898718965,0.060888892677112796,0.0,0.0,0.0,0.0,0.06772378125014175,0.06804320399115163,0.06804320399115163,0.0695335125171689,0.06975980808749441,0.07013367714899166,0.07113715432241532,0.0,0.0,0.0,0.0,0.033700230795026515,0.03380738980169016,0.03380738980169016,0.03468419335780332,0.03493092442714501,0.035132277948059135,0.035892394713851056,0.0,0.0,0.0,0.0,0.08377105855454273,0.08397135705090665,0.08397135705090665,0.09063021315192295,0.09283080428124302,0.09552162706569137,0.09669685982692638,0.0,0.0,0.0,0.0,-0.03365945751777244,1.0,0.5100261326758716,0.6645995965590893,0.7716516321109086,0.38654581822085005,1.0509846684716435
Qwen3-8B,commonsense,21,7,0.07242065293028074,0.06906904956847018,0.06906904956847018,0.09062527182021146,0.09965132228797924,0.10612651863320857,0.11820631519114083,0.046875,0.0,0.0,0.0,0.0424881774793896,0.04259484997754524,0.04259484997754524,0.043381214039485166,0.04366613810241834,0.04393514607978869,0.044778657582472625,0.0,0.0,0.0,0.0,0.04780624123031044,0.045787217776090926,0.045787217776090926,0.05850229460936965,0.06419534339262159,0.06812643955758357,0.07566630973432541,0.0,0.0,0.0,0.0,0.0648934486618166,0.06506097041019007,0.06506097041019007,0.06628801749754368,0.06676313850038595,0.06735273025601841,0.06877297473531149,0.0,0.0,0.0,0.0,0.0311144311421711,0.030991635900604463,0.030991635900604463,0.032330692840479604,0.03332558828778028,0.034413588111152776,0.03544695357461698,0.0,0.0,0.0,0.0,0.07809167658787768,0.07498309617478423,0.07498309617478423,0.09467895436508941,0.10349255867157861,0.10953161834349687,0.12129490909930805,0.0546875,0.0,0.0,0.0,-0.029932475450891144,1.0,0.41398838523702153,0.6419360630592267,0.6346456203731792,0.32426945267178725,1.0320852860730965
Qwen3-8B,commonsense,22,7,0.07363688220080356,0.07345393498759953,0.07345393498759953,0.0774663828623425,0.0790413802859829,0.08206848116576516,0.08421070874603304,0.0,0.0,0.0,0.0,0.03586338837842376,0.036062546563442155,0.036062546563442155,0.03662693889013892,0.0368303126025647,0.037216327969611857,0.037739146897929704,0.0,0.0,0.0,0.0,0.04362061243126095,0.04364981811737992,0.04364981811737992,0.04599024060742348,0.0467587950319585,0.04874653366621987,0.05071935810265855,0.0,0.0,0.0,0.0,0.0612854038462312,0.06168967330308853,0.06168967330308853,0.0625544528304354,0.0628476336529184,0.06352575836016708,0.06431989531196161,0.0,0.0,0.0,0.0,0.025951972045486243,0.026008838465772743,0.026008838465772743,0.026653879334160076,0.026909565951963903,0.027297626684449662,0.027571653383742047,0.0,0.0,0.0,0.0,0.07768884058367885,0.07764341287343654,0.07764341287343654,0.0812009508082996,0.0826279697582018,0.08558912217422798,0.08763547718260871,0.0,0.0,0.0,0.0,-0.037773493822379794,1.0,0.45347894150058465,0.5939738736940884,0.7740579264755155,0.33262010331728736,1.0428988200884537
Qwen3-8B,commonsense,23,7,0.0714379799148446,0.07149389519760391,0.07149389519760391,0.0778587818241326,0.07969309322138951,0.08184209549868758,0.08450167167319826,0.0,0.0,0.0,0.0,0.028058065299181548,0.028261675625625152,0.028261675625625152,0.02888218754773032,0.02919576263273481,0.029548688676619517,0.02997786207705328,0.0,0.0,0.0,0.0,0.03808884667055246,0.03814404725063206,0.03814404725063206,0.04088857912913957,0.04158869112942638,0.04279100419318709,0.043443429161911656,0.0,0.0,0.0,0.0,0.05090660105585755,0.05118019876949958,0.05118019876949958,0.05276297758233157,0.05324735001999873,0.05461567171613552,0.055201835477348596,0.0,0.0,0.0,0.0,0.0214314385310046,0.021637625117497773,0.021637625117497773,0.02226388581142917,0.02254381311460332,0.023016897409302083,0.02326353455026948,0.0,0.0,0.0,0.0,0.07371708885369918,0.07379965387969611,0.07379965387969611,0.07999681100199266,0.08171374928103486,0.08379020622255755,0.08643070269498193,0.0,0.0,0.0,0.0,-0.043379914615663054,1.0,0.3610451137225996,0.5228483451266627,0.6673298304906103,0.28123543598258893,1.0238032849965482
Qwen3-8B,commonsense,24,7,0.0714777309735288,0.07260067157729494,0.07260067157729494,0.07846248409723056,0.07930817116947016,0.08135511577891914,0.09101969252072598,0.0,0.0,0.0,0.0,0.02449339895647476,0.025134734896782703,0.025134734896782703,0.025688563029933453,0.02583120230076033,0.02617388184473513,0.0273447441214182,0.0,0.0,0.0,0.0,0.038151189846130196,0.03874306286042654,0.03874306286042654,0.041911746398088943,0.042276746540877576,0.04359163544923793,0.04846099965245718,0.0,0.0,0.0,0.0,0.041630721630432424,0.04273698996978412,0.04273698996978412,0.04367361680433168,0.04400359948282878,0.04456478336586579,0.04675063456777098,0.0,0.0,0.0,0.0,0.019660467717714132,0.020178246542848582,0.020178246542848582,0.020945274802849603,0.021109531456016174,0.021492644607577802,0.022829558336463843,0.0,0.0,0.0,0.0,0.07294701667508036,0.074110979992464,0.074110979992464,0.07980760318123592,0.0807216580360453,0.08266794413852561,0.0922651624969181,0.0,0.0,0.0,0.0,-0.04698433201705404,1.0,0.32172385957709304,0.5358192294593656,0.5477809593064765,0.2641830744360763,1.0161370105252392
Qwen3-8B,commonsense,25,7,0.045135783339086494,0.04686535081092598,0.04686535081092598,0.05006938508836287,0.05049176745454661,0.05144176623260363,0.05168389440966221,0.0,0.0,0.0,0.0,0.021679667733597627,0.022254016767456194,0.022254016767456194,0.023047462901517973,0.023260558888933115,0.023549642638244668,0.02389817923347371,0.0,0.0,0.0,0.0,0.02493711842209472,0.025876489720269777,0.025876489720269777,0.02731882701855208,0.02770294494002453,0.028228082760945124,0.028516550608904304,0.0,0.0,0.0,0.0,0.0402834931563534,0.041419645833447316,0.041419645833447316,0.04321725430354209,0.04372492567682574,0.04437138906346671,0.04498324173064725,0.0,0.0,0.0,0.0,0.01668439364715285,0.017211821245647765,0.017211821245647765,0.017952487905095127,0.018132664840589358,0.018345072508337713,0.01867702238954526,0.0,0.0,0.0,0.0,0.04721486026461036,0.04895911012271634,0.04895911012271634,0.05211587987350978,0.05249083576767408,0.053478143878463676,0.05368053484489723,0.0,0.0,0.0,0.0,-0.02345611560548887,1.0,0.4577922642033815,0.5487385995517053,0.8625557074155098,0.3566182472309954,1.039586075576258
Qwen3-8B,commonsense,26,7,0.037021592142960594,0.03708560888569476,0.03708560888569476,0.040459343900348076,0.041414070666790606,0.04268382853571184,0.04345788573256402,0.0,0.0,0.0,0.0,0.018144052314990777,0.018540502905236185,0.018540502905236185,0.018960482016536488,0.019103894588700873,0.019242128790321247,0.01974234463110276,0.0,0.0,0.0,0.0,0.021893541911560677,0.02190192138477346,0.02190192138477346,0.023882227657502662,0.02448399786830724,0.025165199092231316,0.025553719357514177,0.0,0.0,0.0,0.0,0.03018273873490325,0.030884983982813766,0.030884983982813766,0.03163660657545943,0.03185922313862935,0.03209049975588601,0.03287653945377157,0.0,0.0,0.0,0.0,0.013929268803117241,0.014227644152722416,0.014227644152722416,0.01465318788665677,0.014755410811625406,0.015042502485225399,0.015517925129455446,0.0,0.0,0.0,0.0,0.038798879960393974,0.038969357802902546,0.038969357802902546,0.04210208589634446,0.04306428906310273,0.044351869278066856,0.04499609534276737,0.0,0.0,0.0,0.0,-0.01887753982796981,1.0,0.45080606521090605,0.5895722093245831,0.7518186830180235,0.3524168988880635,1.0390789861073364
Qwen3-8B,commonsense,27,7,0.04641695950641804,0.048870619757821684,0.048870619757821684,0.052143779254481194,0.052751116685544316,0.054821759111284285,0.05678956766110292,0.0,0.0,0.0,0.0,0.017856253990975797,0.01828990673686031,0.01828990673686031,0.018847703085613374,0.018969810307653337,0.019417243953502788,0.019652951802009187,0.0,0.0,0.0,0.0,0.025495012184489914,0.026599955295256245,0.026599955295256245,0.02812173897467935,0.02854947282529019,0.029412418831473316,0.03025660572038307,0.0,0.0,0.0,0.0,0.02856720771151981,0.029367836943230717,0.029367836943230717,0.030263080738295672,0.03044529018661162,0.030982055614694817,0.03198875204848924,0.0,0.0,0.0,0.0,0.014314222533860412,0.0146791734025257,0.0146791734025257,0.01518091595688419,0.015354033121496679,0.01581255056339294,0.016083694849184125,0.0,0.0,0.0,0.0,0.04764034826546516,0.05004901185567008,0.05004901185567008,0.05328251333234831,0.05384885777701575,0.055910863790946355,0.05790137936649716,0.0,0.0,0.0,0.0,-0.02856070551544224,1.0,0.3541886336424769,0.5365099425534338,0.565141580951524,0.2884356653221321,1.0198662847985462
Qwen3-8B,commonsense,28,7,0.04438695934636459,0.046247548596370536,0.046247548596370536,0.04931731298831039,0.04987298439215659,0.05171998755581025,0.05449565057715819,0.0,0.0,0.0,0.0,0.01855546613946653,0.018971740239894584,0.018971740239894584,0.019573101900472532,0.01971837725952047,0.020127320400873353,0.020375158404085825,0.0,0.0,0.0,0.0,0.02433744353313967,0.02520185637899011,0.02520185637899011,0.026771041705405632,0.027139313679314627,0.02851866294088454,0.0293119652092295,0.0,0.0,0.0,0.0,0.03385465182124147,0.03464305474982228,0.03464305474982228,0.035919665078437746,0.036189961064775455,0.036696986726630965,0.03757659149259201,0.0,0.0,0.0,0.0,0.014232008259788459,0.014657209035755132,0.014657209035755132,0.015252923927503503,0.015465731236592548,0.01585782347772526,0.016211553229046324,0.0,0.0,0.0,0.0,0.04597821425769015,0.04779557055893581,0.04779557055893581,0.05081749397001167,0.05137989035291147,0.053174824400949165,0.05588431653788658,0.0,0.0,0.0,0.0,-0.025831493206898058,1.0,0.3891594207975064,0.5514050619233133,0.7095320099803157,0.30660918973759077,1.0281291027684225
Qwen3-8B,commonsense,29,7,0.02798523616901882,0.0291682674335243,0.0291682674335243,0.030531690104018187,0.030933173711008833,0.03167799934702306,0.0324972185267757,0.0,0.0,0.0,0.0,0.015906585676599434,0.016386865724267317,0.016386865724267317,0.017140400519565772,0.017691891438053102,0.01808569567723261,0.018236056341076202,0.0,0.0,0.0,0.0,0.01975408978071034,0.02054529072567716,0.02054529072567716,0.021628647249168013,0.022016821186351433,0.02250212655308169,0.022637807022325686,0.0,0.0,0.0,0.0,0.022559191182296046,0.023262268911381827,0.023262268911381827,0.024363576591920025,0.025067537828367046,0.02559686597005021,0.02586773998050728,0.0,0.0,0.0,0.0,0.013144149969821495,0.013620244047629015,0.013620244047629015,0.014394204783594112,0.01498546046671589,0.015385285044631093,0.015512877971063488,0.0,0.0,0.0,0.0,0.029386017425354474,0.030563379010923618,0.030563379010923618,0.03188837030610614,0.03232768835348078,0.03303860781945235,0.033846301355143237,0.0,0.0,0.0,0.0,-0.012078650492419386,1.0,0.5709229133793834,0.7103392580629093,0.8080329092012458,0.48567729533957843,1.0429512122127482
Qwen3-8B,commonsense,30,7,0.040097266969778,0.040815837880697724,0.040815837880697724,0.043754661507634116,0.04441079027876524,0.04610080595575295,0.050020894062189264,0.0,0.0,0.0,0.0,0.01542242984396577,0.015718784598003244,0.015718784598003244,0.016538970622134993,0.01742095015820909,0.01839946444132187,0.018869378379263228,0.0,0.0,0.0,0.0,0.020143581016345447,0.020544851422833556,0.020544851422833556,0.02178157008226842,0.02214759316445187,0.02295992009613664,0.024502915725298783,0.0,0.0,0.0,0.0,0.030689096232529398,0.031251429077051904,0.031251429077051904,0.033011995410493156,0.035083747100525,0.03742446507686717,0.03846924267301714,0.0,0.0,0.0,0.0,0.011576501282849677,0.011770104399866975,0.011770104399866975,0.012605553301240385,0.013953466625707046,0.0150993128370712,0.01564570902176242,0.0,0.0,0.0,0.0,0.04137859181461707,0.04217698384341491,0.04217698384341491,0.04494433769862845,0.04562912871411205,0.047313581674078516,0.05111335970655847,0.0,0.0,0.0,0.0,-0.02467483712581223,1.0,0.39911372610234785,0.498037281998352,0.8117963298252695,0.32752817492091907,1.0263070393929679
Qwen3-8B,commonsense,31,7,0.05136715623771026,0.052591960812759464,0.052591960812759464,0.05666358889358,0.06709922521222682,0.07267218057970931,0.07544039235566659,0.0,0.0,0.0,0.0,0.015847679106071374,0.01609654154333311,0.01609654154333311,0.016543005128731393,0.017182201211769423,0.017587202365645704,0.01797782297290884,0.0,0.0,0.0,0.0,0.025809668189635225,0.02643252694375158,0.02643252694375158,0.02835897873068502,0.032626462785887766,0.03522693912893408,0.036375038235685664,0.0,0.0,0.0,0.0,0.03123484646829907,0.03170054085509286,0.03170054085509286,0.032671804313353224,0.034170249652861605,0.0349904645563901,0.035865621327590275,0.0,0.0,0.0,0.0,0.011734711695058343,0.011914685027835875,0.011914685027835875,0.012446000049691677,0.01364990288263256,0.01405435211502425,0.014458417653065847,0.0,0.0,0.0,0.0,0.05246575059861072,0.05365946452008856,0.05365946452008856,0.057661896600975086,0.0680198868334125,0.07343462100289283,0.07616466139767923,0.0,0.0,0.0,0.0,-0.03551947713163888,1.0,0.24200735722186656,0.48473761001702675,0.48148361969146325,0.1933938407092238,1.0104915033111914
Qwen3-8B,commonsense,32,7,0.04825784819052144,0.048990992166379255,0.048990992166379255,0.052089572893732464,0.052961946093581576,0.05390397379970441,0.055260757857150754,0.0,0.0,0.0,0.0,0.017698026432615484,0.01805214503807983,0.01805214503807983,0.018631339492568105,0.019246450020219734,0.01960831828426827,0.01981636051435396,0.0,0.0,0.0,0.0,0.030260703127403817,0.030825394695697395,0.030825394695697395,0.03252570554590295,0.03399980392716344,0.03489491422009552,0.035764483489086306,0.0,0.0,0.0,0.0,0.027671953465723022,0.02816039486391988,0.02816039486391988,0.029151295664239255,0.02978502667565683,0.030387239597073783,0.03071604019404723,0.0,0.0,0.0,0.0,0.015619315239430557,0.0159749158336156,0.0159749158336156,0.01651356685991344,0.01716779716547409,0.01755550536501857,0.017797443566127044,0.0,0.0,0.0,0.0,0.04895545137574918,0.04966781106673516,0.04966781106673516,0.05277872563218794,0.05364753230217712,0.05461486628925884,0.05591210220070664,0.0,0.0,0.0,0.0,-0.030559821757905954,1.0,0.3637638730889966,0.6473532795514766,0.5637291178195181,0.3256810978398561,1.0131881276915864
Qwen3-8B,commonsense,33,7,0.042477853886999345,0.044054500481416375,0.044054500481416375,0.04771547363896389,0.04817339281213805,0.04921739338078895,0.05032857457476737,0.0,0.0,0.0,0.0,0.015654968899001045,0.0159623488969285,0.0159623488969285,0.016455155703927346,0.017088353759026204,0.017393476668484346,0.017573836908152642,0.0,0.0,0.0,0.0,0.025118217226184972,0.02612118070869296,0.02612118070869296,0.02770783559830569,0.027935111313159424,0.028338152149951185,0.02867022553900442,0.0,0.0,0.0,0.0,0.02591624295527179,0.026373114869082323,0.026373114869082323,0.027336215863082707,0.02872625312538977,0.029290528749608993,0.029634194360826215,0.0,0.0,0.0,0.0,0.012967420642617623,0.013301266590433212,0.013301266590433212,0.013817288363195753,0.014452624246224625,0.014746322042513058,0.01494829791564791,0.0,0.0,0.0,0.0,0.04337831902056491,0.04494690752640039,0.04494690752640039,0.04855007984792076,0.048983252500265216,0.05006535597251091,0.051196037236275006,0.0,0.0,0.0,0.0,-0.026822884987998293,1.0,0.35340101280685765,0.5757751519001092,0.5951255590273089,0.2996160712620957,1.0172289211897383
Qwen3-8B,commonsense,34,7,0.11310014639738772,0.11290026429810979,0.11290026429810979,0.12280945902544341,0.1271666693369395,0.13725551880889073,0.1426111656928895,0.91796875,0.0,0.0,0.0,0.019743196263149486,0.019744781725259362,0.019744781725259362,0.021016778999137065,0.021633493132212973,0.022939246585567015,0.023423565938665483,0.0,0.0,0.0,0.0,0.05541145674428481,0.05532646408996311,0.05532646408996311,0.06013191777841773,0.06197096661570498,0.06684652296045716,0.06940621568874071,0.0,0.0,0.0,0.0,0.039025191124756754,0.039023229964532516,0.039023229964532516,0.04163830714943494,0.04293884962033909,0.04567161668424954,0.04668241183815401,0.0,0.0,0.0,0.0,0.01808663771602522,0.01812889465508414,0.01812889465508414,0.019474188083242347,0.019934926962488247,0.021391912348597563,0.021968480319361522,0.0,0.0,0.0,0.0,0.11337702826974502,0.11315424622024428,0.11315424622024428,0.12306765306859632,0.12743851186973718,0.1375160129028558,0.14284362383294302,0.91796875,0.0,0.0,0.0,-0.09335695013423824,1.0,0.1671280454486259,0.48702247851710556,0.3327488546951684,0.15585466095817127,1.0018978770123466
Qwen3-8B,commonsense,35,7,0.04698525610712981,0.04874876295970362,0.04874876295970362,0.050430576988425645,0.05082414709798577,0.05153152782115016,0.052040555730844366,0.0,0.0,0.0,0.0,0.011493413249441278,0.011645068725939619,0.011645068725939619,0.01188922098841934,0.011930387088701328,0.012069427795872249,0.012107760138832887,0.0,0.0,0.0,0.0,0.024062077735140183,0.024926431269941297,0.024926431269941297,0.025781035780457567,0.02595177571301676,0.026374733916050896,0.026588358404840917,0.0,0.0,0.0,0.0,0.022443354298773498,0.02274558579278363,0.02274558579278363,0.023241470548573808,0.023308652760558043,0.02358054702713589,0.023672822927295938,0.0,0.0,0.0,0.0,0.009879325893416198,0.010075952590416347,0.010075952590416347,0.01032172322873643,0.010366017385912724,0.010500086031924776,0.010540350141152947,0.0,0.0,0.0,0.0,0.047352584206494026,0.049106745415745945,0.049106745415745945,0.05075869048289145,0.051170002984982504,0.05186614004042675,0.05238315536691564,0.0,0.0,0.0,0.0,-0.03549184285768853,1.0,0.23421443737824857,0.5118174257823164,0.4575945644184392,0.20376042543056933,1.0064933494779724
Llama-3.1-8B-Instruct,magicoder,0,7,0.0019592372375036066,0.00198219395566882,0.00198219395566882,0.0021968074646991605,0.002271351526500468,0.002330692764388994,0.0025121823569310997,0.0,0.0,0.0,0.0,0.001085782272639335,0.0010969274292653456,0.0010969274292653456,0.0011797476896941166,0.0012107790898415198,0.0012740393262406552,0.0013472483606208467,0.0,0.0,0.0,0.0,0.0017662076917925105,0.0017899178863354612,0.0017899178863354612,0.0019971608534548237,0.0020667677108594067,0.0021238649277360625,0.002300007384351585,0.0,0.0,0.0,0.0,0.0011916854897794267,0.0012024734344024076,0.0012024734344024076,0.0012891537775157856,0.0013212262696708265,0.0013895313175033418,0.0014641056568456602,0.0,0.0,0.0,0.0,0.001023976748000382,0.001034028123891595,0.001034028123891595,0.0011226066054626264,0.0011540160388613017,0.001213497124147598,0.0012926606834650378,0.0,0.0,0.0,0.0,0.001992199502631937,0.0020149012892364416,0.0020149012892364416,0.00222502483920755,0.0022997623911309045,0.002360047198538252,0.002540316421851493,0.0,0.0,0.0,0.0,-0.0008734549648642719,1.0,0.546635466375875,0.9112590729189685,0.5961881114208617,0.5206594119520185,1.012594724880846
Llama-3.1-8B-Instruct,magicoder,1,7,0.00267155458317095,0.002683761696654536,0.002683761696654536,0.0028131894843908076,0.002863849903588146,0.002930477113024061,0.0029624872167324135,0.0,0.0,0.0,0.0,0.0010556551742436338,0.0010619767407722223,0.0010619767407722223,0.0011032764362536866,0.0011183158569313184,0.00114692513271574,0.001168569711453539,0.0,0.0,0.0,0.0,0.0020811636522512986,0.0020956395647250686,0.0020956395647250686,0.0022149125022207427,0.002234537509259501,0.0022946677207764557,0.002326258027360977,0.0,0.0,0.0,0.0,0.0012614360043811002,0.0012663100718733828,0.0012663100718733828,0.0013123113215957648,0.0013238532432808035,0.0013577533677395742,0.0013855502040871516,0.0,0.0,0.0,0.0,0.000990285791992789,0.0009964658254402745,0.0009964658254402745,0.001042486626051829,0.0010549008570900685,0.0010865254748602198,0.0011084286388156686,0.0,0.0,0.0,0.0,0.0026958646658461764,0.002708155230576487,0.002708155230576487,0.0028349512324087464,0.002886945517071164,0.0029526792993958034,0.0029845696953804163,0.0,0.0,0.0,0.0,-0.0016158994089273161,1.0,0.39137829386839607,0.783035537311707,0.463321607838275,0.37076743238543725,1.0075763043065815
Llama-3.1-8B-Instruct,magicoder,2,7,0.0038659066000054235,0.0038605265909843704,0.0038605265909843704,0.004167671448490177,0.004330210071043734,0.004518260119853169,0.004797725483450637,0.0,0.0,0.0,0.0,0.0016530909019882288,0.0016449049349773776,0.0016449049349773776,0.001763754235001138,0.0018221284908092113,0.0019059966214382826,0.002000981435719614,0.0,0.0,0.0,0.0,0.0032258149358970287,0.003218258045578529,0.003218258045578529,0.0035023774624052756,0.0036399619811273744,0.0038046265360703207,0.004047602771630025,0.0,0.0,0.0,0.0,0.0019362340650532143,0.0019290378177342598,0.0019290378177342598,0.0020593752520532047,0.0021232439521530885,0.002215755063926503,0.002323159806889812,0.0,0.0,0.0,0.0,0.0015320999426028212,0.0015234852877559317,0.0015234852877559317,0.001644153160831579,0.0017046095920840805,0.0017851637841405428,0.0018828751521355682,0.0,0.0,0.0,0.0,0.003915797155539386,0.003910259930050593,0.003910259930050593,0.004213014144356847,0.00437879874211274,0.004567274773215179,0.004845691287912609,0.0,0.0,0.0,0.0,-0.0022128156980171947,1.0,0.42184304818205604,0.8420556663731793,0.490400066651875,0.39509982532801935,1.010848125619559
Llama-3.1-8B-Instruct,magicoder,3,7,0.005528575322112789,0.005537806178585418,0.005537806178585418,0.006441940882462222,0.006615503630553806,0.007107937677325386,0.007753058672595211,0.0,0.0,0.0,0.0,0.0019941147555389716,0.0019951693456131073,0.0019951693456131073,0.0022136917777215814,0.002265397081192392,0.002380861431040676,0.0025502816342719645,0.0,0.0,0.0,0.0,0.004457360391302588,0.004468774777521186,0.004468774777521186,0.005207639224081284,0.005357461234669951,0.005756125794231042,0.006295623038987198,0.0,0.0,0.0,0.0,0.0024633952378072975,0.002463146010787461,0.002463146010787461,0.0027305415346515,0.0027897891792274684,0.0029296864902568455,0.003133655834708595,0.0,0.0,0.0,0.0,0.0018578193542468364,0.0018577811142712506,0.0018577811142712506,0.0020879996446247742,0.0021372632827744435,0.0022565301514848096,0.0024357737869970075,0.0,0.0,0.0,0.0,0.005576442359065931,0.00558446932014374,0.00558446932014374,0.006486035989409267,0.006656653056940364,0.007148691387692912,0.007790742916684678,0.0,0.0,0.0,0.0,-0.003534460566573817,1.0,0.3349581185321478,0.8098165819029788,0.41217109986806244,0.3174662263406211,1.0057335491977557
Llama-3.1-8B-Instruct,magicoder,4,7,0.005943805602448789,0.0059490544434400855,0.0059490544434400855,0.006735273914004872,0.0069181004271814325,0.007335194433253635,0.007884359581367904,0.0,0.0,0.0,0.0,0.0021783342549434297,0.002180066671640707,0.002180066671640707,0.002377711544785402,0.0024758502683735095,0.002571584874939014,0.002699562612415852,0.0,0.0,0.0,0.0,0.004835619557416531,0.004835771813284239,0.004835771813284239,0.005498677387690018,0.005675055272999011,0.006000053805959473,0.006472437267464519,0.0,0.0,0.0,0.0,0.0026538314278614847,0.0026558556462050083,0.0026558556462050083,0.002891728154400027,0.0030027696758328786,0.0031125242636536286,0.0032729829425335332,0.0,0.0,0.0,0.0,0.0020334254936380082,0.0020401895021315173,0.0020401895021315173,0.0022407104642842924,0.002333262368013663,0.002443292506987449,0.002565778289149951,0.0,0.0,0.0,0.0,0.005994653597894321,0.005997931533185509,0.005997931533185509,0.006781486390606637,0.006967886021428838,0.007382613336307086,0.007926953430332456,0.0,0.0,0.0,0.0,-0.003765471347505359,1.0,0.3505816919154724,0.8179815628006549,0.4243274383489003,0.3330917168208846,1.0064645734322297
Llama-3.1-8B-Instruct,magicoder,5,7,0.010383169256279166,0.010382228370619298,0.010382228370619298,0.012258515731522025,0.01261492943706807,0.01347971965421681,0.014100611982226736,0.0,0.0,0.0,0.0,0.002869833955424914,0.002876106664952966,0.002876106664952966,0.0032389637299037443,0.0033024115076909465,0.0034822709634481437,0.0036188677737229915,0.0,0.0,0.0,0.0,0.00757092854582752,0.007572907777584499,0.007572907777584499,0.008909710072944405,0.009152141322643513,0.009798972632841022,0.010254216259209248,0.0,0.0,0.0,0.0,0.003873017521923587,0.0038802314180756184,0.0038802314180756184,0.004387354683238918,0.004479379578633031,0.0047236210257208975,0.0049104033526809745,0.0,0.0,0.0,0.0,0.0026912276225451543,0.002699975214530822,0.002699975214530822,0.0030617856405149666,0.0031389249706245915,0.0033061182110311043,0.003455021461950251,0.0,0.0,0.0,0.0,0.01043044611370593,0.010428212441477768,0.010428212441477768,0.012300062080720525,0.012655256795327963,0.013522372133423709,0.014141277756801606,0.0,0.0,0.0,0.0,-0.007513335300854254,1.0,0.2583340791036999,0.7269418715081101,0.35042427787014285,0.24526609572305635,1.0031641963112754
Llama-3.1-8B-Instruct,magicoder,6,7,0.00862773193940632,0.008640057551177777,0.008640057551177777,0.009871041159834877,0.010312644452322387,0.01120739527907633,0.011363879153109767,0.0,0.0,0.0,0.0,0.0027179150623037403,0.00271829698572789,0.00271829698572789,0.003027615744252124,0.0031150105403939393,0.0032806360032643254,0.003357769718718808,0.0,0.0,0.0,0.0,0.006567854512022428,0.006571707800733274,0.006571707800733274,0.007520172855347946,0.007847567981030937,0.008527538616300968,0.0086626763988815,0.0,0.0,0.0,0.0,0.0034586012071583993,0.003459526144323879,0.003459526144323879,0.003869280699645575,0.003978379531309871,0.004178512089451438,0.004274928876235466,0.0,0.0,0.0,0.0,0.0025363454916316475,0.0025406567266260793,0.0025406567266260793,0.002853823570306179,0.0029454971436884505,0.0031114936044842017,0.00318525479771201,0.0,0.0,0.0,0.0,0.008681893407140286,0.008691848936151565,0.008691848936151565,0.009925182681607018,0.010360675568238725,0.011252904070518712,0.011406987235531409,0.0,0.0,0.0,0.0,-0.005909816877102579,1.0,0.29272064753432187,0.7608849696076548,0.3728352561323968,0.27762861280472645,1.0040606037628872
Llama-3.1-8B-Instruct,magicoder,7,7,0.0089057908343418,0.009019671800975848,0.009019671800975848,0.010537153124085968,0.011030785440460125,0.011860327344727441,0.012608579303389338,0.0,0.0,0.0,0.0,0.0027528318155814043,0.0027694982572486642,0.0027694982572486642,0.0030862406525686116,0.003194040770584718,0.003393465423816389,0.0035943255426048237,0.0,0.0,0.0,0.0,0.006862703053209494,0.006950313404168619,0.006950313404168619,0.008119257227961774,0.00849617676693611,0.009129705478787936,0.009706352147738396,0.0,0.0,0.0,0.0,0.003547510200054448,0.003571270101274701,0.003571270101274701,0.003979940178936644,0.004121856114525956,0.004379783182843687,0.0046403089030582585,0.0,0.0,0.0,0.0,0.0025719783597420087,0.0025886566598288365,0.0025886566598288365,0.0029222932662267102,0.003035898982104081,0.0032382965186940546,0.0034305837358774923,0.0,0.0,0.0,0.0,0.008960664222446346,0.009072296871509952,0.009072296871509952,0.010583988533221091,0.011075108041116964,0.011903693569388663,0.012655900901187588,0.0,0.0,0.0,0.0,-0.006152959018760396,1.0,0.2861190357722267,0.7697684232001055,0.36928012655491654,0.2730360153283335,1.003656410434616
Llama-3.1-8B-Instruct,magicoder,8,7,0.013432686908220826,0.013472882693544023,0.013472882693544023,0.015638209485760685,0.016226928030474798,0.017114491976871746,0.01770070959659851,0.0,0.0,0.0,0.0,0.0032621022531772173,0.0032723576424535973,0.0032723576424535973,0.0036300646725073997,0.003727992490415035,0.0038835524842161114,0.004052088514629875,0.0,0.0,0.0,0.0,0.008861248115058758,0.008874183581893322,0.008874183581893322,0.01030474150305571,0.010676886619973167,0.011274628432752521,0.011689710597266458,0.0,0.0,0.0,0.0,0.004813228612258025,0.004826727871172022,0.004826727871172022,0.005376976317575581,0.0055379894825908745,0.005756662172371022,0.0060155537755282335,0.0,0.0,0.0,0.0,0.003054615367350759,0.003065900553655198,0.003065900553655198,0.0034213075647750116,0.0035433968672863164,0.003685336236218099,0.0038466527933853378,0.0,0.0,0.0,0.0,0.013482645083357208,0.013520417063723741,0.013520417063723741,0.015682557553812433,0.016268835681950408,0.017151289754304574,0.017744063973708476,0.0,0.0,0.0,0.0,-0.01017058465504361,1.0,0.22691602470375882,0.6587766933420447,0.3363618493701411,0.21533424662551504,1.0021500946380737
Llama-3.1-8B-Instruct,magicoder,9,7,0.01175120868903517,0.01181373825630446,0.01181373825630446,0.013706760453766197,0.01430701099353382,0.0150445346023967,0.016820407302686743,0.0,0.0,0.0,0.0,0.003361092533335029,0.0033744667862294206,0.0033744667862294206,0.003762803642740351,0.0038516533805346047,0.0040076056285159615,0.004452605954186665,0.0,0.0,0.0,0.0,0.00853668856424123,0.008566569920317128,0.008566569920317128,0.0099501119673839,0.010423974702170121,0.010914647900449485,0.012297334266015581,0.0,0.0,0.0,0.0,0.004554129651190527,0.004581569290113373,0.004581569290113373,0.005095059264522054,0.005229480294640595,0.005442628920367043,0.0060261909960680595,0.0,0.0,0.0,0.0,0.0031392376234706766,0.003159007853667845,0.003159007853667845,0.0035477031544415925,0.003644355833989122,0.0038113227121871597,0.0042332703244434295,0.0,0.0,0.0,0.0,0.011815538257122823,0.01187556524730273,0.01187556524730273,0.013764711433770813,0.014362427283609178,0.015100501602685166,0.01688406222538303,0.0,0.0,0.0,0.0,-0.008390116155700142,1.0,0.2663828250212221,0.7254892350548819,0.36176784887051233,0.25333603284610673,1.003720088508391
Llama-3.1-8B-Instruct,magicoder,10,7,0.013153564344595851,0.013196991341635465,0.013196991341635465,0.01547843339584476,0.01627143792778759,0.016974793487552355,0.018092363303258082,0.0,0.0,0.0,0.0,0.0031948881508785274,0.0032028052847552463,0.0032028052847552463,0.003563302015170287,0.0036933174022408632,0.003831944658697904,0.004037575485753791,0.0,0.0,0.0,0.0,0.008476738420193641,0.00851324347013447,0.00851324347013447,0.009954595771774715,0.010450855432175983,0.01095106579422039,0.011673463448556687,0.0,0.0,0.0,0.0,0.004742950229983605,0.004758088107151516,0.004758088107151516,0.005347097753415866,0.005526534573310938,0.005734176395571482,0.0060257632976814055,0.0,0.0,0.0,0.0,0.0029677533751575253,0.002981680553418213,0.002981680553418213,0.0033552771050294047,0.0034832013179827083,0.003634420794651246,0.003837205347010324,0.0,0.0,0.0,0.0,0.013206533747548703,0.013249975799915461,0.013249975799915461,0.015527768112180481,0.016315770026640933,0.017016430285037604,0.01813781378191267,0.0,0.0,0.0,0.0,-0.009958676193717321,1.0,0.22574322695047075,0.6451369085727509,0.3378053700492064,0.21410692255645838,1.002452860325858
Llama-3.1-8B-Instruct,magicoder,11,7,0.013110940065320995,0.013096208471111405,0.013096208471111405,0.015602638253151793,0.016305902843900304,0.017374017079173378,0.01853748501416721,0.0,0.0,0.0,0.0,0.0035898771368795615,0.003593800710097522,0.003593800710097522,0.004017278734537165,0.004110741401992803,0.004290534923150461,0.004506364492925302,0.0,0.0,0.0,0.0,0.008921323164505257,0.00892036134505995,0.00892036134505995,0.010572147008282292,0.011052643516979845,0.01175046141356993,0.012534511433496636,0.0,0.0,0.0,0.0,0.0051731569389229255,0.005181868468130206,0.005181868468130206,0.005823296371272548,0.005967056894732667,0.006219561862348896,0.0065491702557269925,0.0,0.0,0.0,0.0,0.0033208842711421986,0.0033396442958501795,0.0033396442958501795,0.0037574378920905644,0.0038455583706872454,0.004046507582858648,0.004253217947433513,0.0,0.0,0.0,0.0,0.01318008038644506,0.013165212700113428,0.013165212700113428,0.015667182487107564,0.016367372098795484,0.017425989145452327,0.0185875344382954,0.0,0.0,0.0,0.0,-0.009521062928441433,1.0,0.24695123203796207,0.6763238092850427,0.35798064627232484,0.23290569845872242,1.0029913672838073
Llama-3.1-8B-Instruct,magicoder,12,7,0.01173554039851069,0.011902849031610135,0.011902849031610135,0.013980226298819162,0.014624123573680866,0.01518374359699292,0.015461795265116577,0.0,0.0,0.0,0.0,0.0031771549034611624,0.0031874418108527544,0.0031874418108527544,0.003547198994899715,0.003655932736892532,0.0037609838635072187,0.0038094018526402,0.0,0.0,0.0,0.0,0.00797242690634948,0.008074929264912784,0.008074929264912784,0.009455855967764406,0.0098758217705778,0.01026253647904783,0.01043572324558743,0.0,0.0,0.0,0.0,0.004541483480675302,0.004548526108753962,0.004548526108753962,0.005122010856504024,0.005264533883857362,0.005424994615988562,0.005514538566952909,0.0,0.0,0.0,0.0,0.002930225419430919,0.0029420362511050203,0.0029420362511050203,0.003323518744159284,0.003428396770466027,0.0035358734848088837,0.0035815308098251846,0.0,0.0,0.0,0.0,0.01180181197107991,0.011961512380636391,0.011961512380636391,0.01403975223780006,0.014677436546072686,0.015235548261826702,0.015512196871020295,0.0,0.0,0.0,0.0,-0.008558385495049527,1.0,0.24769806204130493,0.6758897378298909,0.3572896618896384,0.23287231256388902,1.0034118506087024
Llama-3.1-8B-Instruct,magicoder,13,7,0.016059356354556582,0.01636517665246319,0.01636517665246319,0.01897803705257966,0.019718812012915164,0.020856595724959244,0.02139879996632513,0.0,0.0,0.0,0.0,0.0038230267556427847,0.0038557396203109722,0.0038557396203109722,0.004303961770928377,0.004424664548090471,0.004570228299477775,0.004665560670686842,0.0,0.0,0.0,0.0,0.010290637774855919,0.01047378618176774,0.01047378618176774,0.01216652119700445,0.012627238638148812,0.013364757192385125,0.013675827222213381,0.0,0.0,0.0,0.0,0.005774368548899744,0.005835749291962405,0.005835749291962405,0.006526511930365686,0.006707397339173086,0.00694418136352694,0.007061210606235768,0.0,0.0,0.0,0.0,0.0035456647232422825,0.0035892753057896044,0.0035892753057896044,0.004044259211857417,0.004173304387358379,0.004338293970070518,0.004413713760744521,0.0,0.0,0.0,0.0,0.016125754128364454,0.016429510210268432,0.016429510210268432,0.01903480804525874,0.019773035040042547,0.020908563908277587,0.021446392713646747,0.0,0.0,0.0,0.0,-0.012236329598913794,1.0,0.21912628310710117,0.6407928392835184,0.33294893639889594,0.20800585231073204,1.0024916905905288
Llama-3.1-8B-Instruct,magicoder,14,7,0.018958545650168787,0.018937718086356865,0.018937718086356865,0.021845763502821584,0.022641476059238726,0.024406062695738327,0.02460866575942264,0.0,0.0,0.0,0.0,0.0038077914322962314,0.0038190180618639068,0.0038190180618639068,0.004207029498532983,0.004334672979797103,0.0044912272490975754,0.00453278261189363,0.0,0.0,0.0,0.0,0.010792101631612601,0.010782453991975614,0.010782453991975614,0.012459213234015307,0.012870365808048784,0.013720798644608505,0.013935837432577997,0.0,0.0,0.0,0.0,0.0063818592880754725,0.006400510611998415,0.006400510611998415,0.00706918454287001,0.007332947312746602,0.00762174825074661,0.007698561683818677,0.0,0.0,0.0,0.0,0.003530406635258069,0.003532882297892977,0.003532882297892977,0.003947537126142611,0.004087260361655125,0.004251426050793997,0.004302596202590769,0.0,0.0,0.0,0.0,0.019014265907819357,0.018991028244914027,0.018991028244914027,0.021891897016908017,0.022687252547944153,0.024444610118500028,0.024651283404393595,0.0,0.0,0.0,0.0,-0.015150754217872556,1.0,0.18402096663800724,0.5621881257809096,0.3122891367511518,0.1741954900220903,1.0015794199679915
Llama-3.1-8B-Instruct,magicoder,15,7,0.01958360636578824,0.01989598709990837,0.01989598709990837,0.022819801428261684,0.023851320272294203,0.024471685342003613,0.025155573209676877,0.0,0.0,0.0,0.0,0.00395416325765535,0.003994352397993844,0.003994352397993844,0.004426420843597751,0.004555905287004079,0.004695879306645924,0.004812346362871039,0.0,0.0,0.0,0.0,0.011019583993267381,0.011162452788280458,0.011162452788280458,0.012839843009428928,0.013391663234084087,0.013745152840726235,0.01412028738678897,0.0,0.0,0.0,0.0,0.006535691084382221,0.006628423454771444,0.006628423454771444,0.007418062200359954,0.007599844821333539,0.00783387720077591,0.008051887848132093,0.0,0.0,0.0,0.0,0.0037013697515786573,0.003747801767963848,0.003747801767963848,0.004195393958494995,0.004331350377006623,0.004476866509653143,0.004585205625962042,0.0,0.0,0.0,0.0,0.019632906451086046,0.019941042733889917,0.019941042733889917,0.0228663220906644,0.02389249775794787,0.02451325942023132,0.025192340207665625,0.0,0.0,0.0,0.0,-0.015629443108132888,1.0,0.19189031082325325,0.5616757754372488,0.32012005267694865,0.18294066988385854,1.0016988645304437
Llama-3.1-8B-Instruct,magicoder,16,7,0.024249541355356466,0.024626062580684168,0.024626062580684168,0.0289066786232015,0.029905589728314523,0.03084885277327624,0.03225087486473814,0.0,0.0,0.0,0.0,0.004611320318891023,0.004676807387558034,0.004676807387558034,0.00525562854659823,0.005366274571712258,0.005538664855929591,0.005774399768862504,0.0,0.0,0.0,0.0,0.013395081072451758,0.013598674490714984,0.013598674490714984,0.015867206522602446,0.016446011214205154,0.016901470720825155,0.017698182051428844,0.0,0.0,0.0,0.0,0.007957958969651608,0.008079921229324653,0.008079921229324653,0.009172193110552843,0.00939176969020011,0.009716517772954283,0.010117801178651221,0.0,0.0,0.0,0.0,0.0043246612136061445,0.0043849059585500255,0.0043849059585500255,0.004997479062079396,0.005113952639319633,0.005287979117715507,0.005518854550731824,0.0,0.0,0.0,0.0,0.02430226439521508,0.024679599793799106,0.024679599793799106,0.028953275213494997,0.02994948197325454,0.030893426056265876,0.032301683449611394,0.0,0.0,0.0,0.0,-0.019638221036465443,1.0,0.17954200425656114,0.5478800409546046,0.31497177040474944,0.17141574620552438,1.0014448927263917
Llama-3.1-8B-Instruct,magicoder,17,7,0.025304662473084348,0.025571628418287064,0.025571628418287064,0.029940708165813134,0.03115392031051401,0.032416270468849165,0.03336315648509639,0.0,0.0,0.0,0.0,0.004922437236533024,0.004976233839456319,0.004976233839456319,0.005591914549971776,0.005754339163057188,0.00593844688126626,0.006165423224502865,0.0,0.0,0.0,0.0,0.014554119820901197,0.014650471938795172,0.014650471938795172,0.01722519992245653,0.017888542045414887,0.01859606045934696,0.019080102602129403,0.0,0.0,0.0,0.0,0.008316135845709104,0.008444962697832112,0.008444962697832112,0.009487840387492522,0.009773969150670135,0.010102572313599765,0.01047684323942782,0.0,0.0,0.0,0.0,0.004643880401884317,0.004716242769579765,0.004716242769579765,0.0053385999538012015,0.005495274574698762,0.0056872032654264985,0.005898832725805699,0.0,0.0,0.0,0.0,0.025357121651400517,0.025619890099926185,0.025619890099926185,0.029986129161323205,0.031200154490433098,0.032458961187009056,0.03340464637220597,0.0,0.0,0.0,0.0,-0.020382225236551324,1.0,0.18319340242958818,0.5736644034117708,0.3116512839843178,0.17544286196932155,1.001316953416986
Llama-3.1-8B-Instruct,magicoder,18,7,0.025500659130931885,0.026019198059837247,0.026019198059837247,0.030183945208715635,0.030981540145907278,0.03244190815233662,0.03340148982466995,0.0,0.0,0.0,0.0,0.00564304427826018,0.005700984640102373,0.005700984640102373,0.0065044980247255385,0.006591007686286402,0.006972161753035063,0.0070176444954424926,0.0,0.0,0.0,0.0,0.016235013524880493,0.016560897901504418,0.016560897901504418,0.019185948744634383,0.01969205311472435,0.020648008821665374,0.0212192570027154,0.0,0.0,0.0,0.0,0.008768936019526672,0.008875347809360383,0.008875347809360383,0.010134739946723705,0.010280466342841847,0.01088027519124681,0.010958983075947209,0.0,0.0,0.0,0.0,0.00532885364261295,0.0054034738625192025,0.0054034738625192025,0.00620394549334464,0.006316144468416302,0.006669621780050851,0.006734880996871854,0.0,0.0,0.0,0.0,0.025569060768633294,0.026083157768804037,0.026083157768804037,0.030248804568307676,0.031037609434278694,0.03251068300611424,0.03346861229742399,0.0,0.0,0.0,0.0,-0.019857614852671707,1.0,0.21491219691197155,0.6364609851155812,0.3353771652443064,0.20558660571790296,1.0021199386131874
Llama-3.1-8B-Instruct,magicoder,19,7,0.03154301522162384,0.032715212790617794,0.032715212790617794,0.03768723315290527,0.03882163119229172,0.04070891164133012,0.042138263993061954,0.0,0.0,0.0,0.0,0.006000159247020469,0.006185481518176978,0.006185481518176978,0.0069356763598450895,0.007101403028280243,0.0074151727787148515,0.007659411482169444,0.0,0.0,0.0,0.0,0.01825223151614278,0.018914930999293644,0.018914930999293644,0.021739184443134135,0.02236573408419318,0.02339476518848692,0.024280510442984706,0.0,0.0,0.0,0.0,0.010208513851700098,0.01050354606622575,0.01050354606622575,0.011862962283764229,0.012154800760870109,0.012693676695866268,0.013115215697397523,0.0,0.0,0.0,0.0,0.005665395957926363,0.005858314592056964,0.005858314592056964,0.006628214362113357,0.006812499288521047,0.007112777313028023,0.0073529546282011925,0.0,0.0,0.0,0.0,0.03160670757638166,0.032770977133222655,0.032770977133222655,0.0377392104079391,0.03887584516778045,0.040766601790593306,0.0422003810333025,0.0,0.0,0.0,0.0,-0.025542855974603373,1.0,0.18215109369778693,0.5746841230885464,0.3118156733765117,0.17472285615729174,1.0014171380893566
Llama-3.1-8B-Instruct,magicoder,20,7,0.03359255607343307,0.03499222085893877,0.03499222085893877,0.040518666381853766,0.04181199108978189,0.043718170135729754,0.046539646590219676,0.0,0.0,0.0,0.0,0.006232120877502587,0.006429894248836423,0.006429894248836423,0.007191027213624955,0.007434138372552102,0.00767359987141701,0.008154148910851314,0.0,0.0,0.0,0.0,0.018798678570234935,0.019520356406803982,0.019520356406803982,0.022532046727786144,0.02330014588618289,0.024175417274077897,0.02579593210599998,0.0,0.0,0.0,0.0,0.010847641455758306,0.011196384491079403,0.011196384491079403,0.01260145215553532,0.013044303578924322,0.013510845696754403,0.014361907181218513,0.0,0.0,0.0,0.0,0.005861823792151454,0.006075329248475083,0.006075329248475083,0.006864374632056289,0.007110352897742348,0.007328541285753972,0.00781287979044946,0.0,0.0,0.0,0.0,0.03366184660540279,0.03506838247553461,0.03506838247553461,0.04058084692267947,0.04187540453940122,0.04378179430552642,0.04659812981443821,0.0,0.0,0.0,0.0,-0.02736043519593048,1.0,0.175524269373424,0.5529832835871586,0.3090441721327291,0.16763147366418568,1.0014553255454
Llama-3.1-8B-Instruct,magicoder,21,7,0.0305200024235136,0.031177845745767672,0.031177845745767672,0.035119229177533476,0.036845644172525914,0.03797999579994311,0.039148634230332525,0.0,0.0,0.0,0.0,0.006422682163789988,0.006562336929675738,0.006562336929675738,0.007250621677747549,0.007425792238524052,0.007648014946769441,0.007800880822619391,0.0,0.0,0.0,0.0,0.019092510136451007,0.019473702809314777,0.019473702809314777,0.021937359892896142,0.02304128442473791,0.02369839240098352,0.024347080384969376,0.0,0.0,0.0,0.0,0.010178029692954477,0.01040247882220374,0.01040247882220374,0.011489188406437112,0.011819389656736845,0.012185827153706771,0.012382901605444358,0.0,0.0,0.0,0.0,0.006087061445802436,0.006232601732876519,0.006232601732876519,0.006920457113528139,0.007111844946133197,0.007355387956635849,0.007499286303860225,0.0,0.0,0.0,0.0,0.030591056783128415,0.031243255111784475,0.031243255111784475,0.03518303994663392,0.03690356976034036,0.038048537669016114,0.039200677066591284,0.0,0.0,0.0,0.0,-0.024097320259723613,1.0,0.2013695574653249,0.623970379718131,0.3208485650681674,0.19366479120692445,1.0018046834295098
Llama-3.1-8B-Instruct,magicoder,22,7,0.03466879560488646,0.03581922783513369,0.03581922783513369,0.041476936050998475,0.04298120294279366,0.045190824181910345,0.04717054076523158,0.0,0.0,0.0,0.0,0.006727734628854252,0.00690643912216665,0.00690643912216665,0.007782214621035199,0.007990463117754636,0.008315692358835761,0.008675225629540121,0.0,0.0,0.0,0.0,0.020186717256464204,0.020884307961032723,0.020884307961032723,0.024047750606707677,0.024984684929328014,0.02604063523081994,0.027323496055080172,0.0,0.0,0.0,0.0,0.011240050412450579,0.011580436841072028,0.011580436841072028,0.013080786995906311,0.013480050941508968,0.014033771503303058,0.014628334699921008,0.0,0.0,0.0,0.0,0.006372767762267162,0.006566784423341618,0.006566784423341618,0.007446484464241501,0.007676259032355977,0.007988562048272684,0.008345977399146349,0.0,0.0,0.0,0.0,0.03473063514066844,0.03586899469168424,0.03586899469168424,0.041534847295854445,0.043033882153480994,0.045239340388747544,0.04721783999040948,0.0,0.0,0.0,0.0,-0.027941060976032207,1.0,0.18401285016095126,0.5762372274069715,0.3105447125020726,0.17677398438487574,1.001073585350909
Llama-3.1-8B-Instruct,magicoder,23,7,0.035425274563139486,0.036470436732269254,0.036470436732269254,0.04148474394297129,0.04255705072460968,0.044921358621700165,0.04624179187722341,0.0,0.0,0.0,0.0,0.006988093467168289,0.007153746439520502,0.007153746439520502,0.007979445579216007,0.008217447134701327,0.008535801882505007,0.008642979211790367,0.0,0.0,0.0,0.0,0.021020049746649536,0.0215109523810673,0.0215109523810673,0.02461974762912214,0.025193680724266716,0.026590691886175282,0.027314542955241182,0.0,0.0,0.0,0.0,0.011609547684830213,0.011896904987260214,0.011896904987260214,0.013298219379785176,0.013683358025358737,0.014290452645340708,0.014466743221098541,0.0,0.0,0.0,0.0,0.006590311273352916,0.0067453725301261855,0.0067453725301261855,0.007594149277192257,0.00782006907856969,0.008172573391261347,0.008262679976476173,0.0,0.0,0.0,0.0,0.03550082118725893,0.03655064525211785,0.03655064525211785,0.04155855675099594,0.042623921934324537,0.04499066033549453,0.046295133175378214,0.0,0.0,0.0,0.0,-0.028437181095971195,1.0,0.19001655658699548,0.5919387280804573,0.31812155918270507,0.18193068157367398,1.0015427341451977
Llama-3.1-8B-Instruct,magicoder,24,7,0.03815897148315214,0.039404944645920384,0.039404944645920384,0.04503219969318466,0.04599099106568799,0.04859863148632998,0.049720412777935506,0.0,0.0,0.0,0.0,0.006983105986199291,0.007162238236090629,0.007162238236090629,0.00801234816594405,0.008156826825605404,0.008588022665194268,0.008751207194953677,0.0,0.0,0.0,0.0,0.021815373861780542,0.022482296337500537,0.022482296337500537,0.025731529480516456,0.026325205802980377,0.02789051973799955,0.02846577555827934,0.0,0.0,0.0,0.0,0.01197667480054042,0.01227677812413881,0.01227677812413881,0.013772492075195372,0.014019690691417485,0.014711329218877356,0.015054855867741374,0.0,0.0,0.0,0.0,0.006638686077907633,0.006811657477447348,0.006811657477447348,0.007700293303484056,0.007849514279007553,0.00829377641099993,0.008426382089370306,0.0,0.0,0.0,0.0,0.038226310675558484,0.03947061982046331,0.03947061982046331,0.04508809981822372,0.04605189992450062,0.04865561502546624,0.04978911889536767,0.0,0.0,0.0,0.0,-0.031175865496952847,1.0,0.17671326131086515,0.5738951671066027,0.302710771249092,0.17065864114574578,1.0011725338223214
Llama-3.1-8B-Instruct,magicoder,25,7,0.042893653327744204,0.04424396048126653,0.04424396048126653,0.050012465071835405,0.051500966171948416,0.05420272362530268,0.05502345982597485,0.0,0.0,0.0,0.0,0.006983896259542609,0.00715306703192076,0.00715306703192076,0.007929440571042636,0.008191840200835191,0.008524010899911382,0.008635351325638365,0.0,0.0,0.0,0.0,0.02253832736157129,0.023226701494222762,0.023226701494222762,0.026170789269535602,0.027099595590339667,0.028347331332196222,0.02886364184339995,0.0,0.0,0.0,0.0,0.012924061651645936,0.013272651177866204,0.013272651177866204,0.014768808844242785,0.015162859239300506,0.015856165939360047,0.016078371589689288,0.0,0.0,0.0,0.0,0.0066256516255239345,0.006801895994708163,0.006801895994708163,0.007597017923445694,0.007846304880042003,0.008189157285491732,0.008320780786172701,0.0,0.0,0.0,0.0,0.04295497997126297,0.04430386265264502,0.04430386265264502,0.050075020085765504,0.05155480755733921,0.05424846018969774,0.05507401385048891,0.0,0.0,0.0,0.0,-0.03590975706820159,1.0,0.15726167118163487,0.522987212379919,0.29253448680866917,0.1510838706575421,1.0008438056491633
Llama-3.1-8B-Instruct,magicoder,26,7,0.047545770039770896,0.04877277620122998,0.04877277620122998,0.053633943508463865,0.05500579432505484,0.05771585388425254,0.060818227999242344,0.0,0.0,0.0,0.0,0.007415512935801111,0.007571371733474115,0.007571371733474115,0.008266872081151044,0.008437256551107731,0.008764930084205846,0.008952782937634091,0.0,0.0,0.0,0.0,0.02444704679674546,0.02506767410129928,0.02506767410129928,0.027598075485009834,0.028283920650720364,0.02966736812562157,0.030969956894378755,0.0,0.0,0.0,0.0,0.014123097355788561,0.014409344884898756,0.014409344884898756,0.015720796020081817,0.016129771413204208,0.01673095005315838,0.01726687361745784,0.0,0.0,0.0,0.0,0.007049621674616694,0.007223267521728697,0.007223267521728697,0.007907146275926258,0.008086094667503419,0.008438671437851316,0.008658347103027427,0.0,0.0,0.0,0.0,0.047595098881270954,0.04882266893870682,0.04882266893870682,0.05368161135779491,0.05504515138010911,0.0577570801704813,0.06084988706479499,0.0,0.0,0.0,0.0,-0.04013025710396978,1.0,0.15186347414669907,0.5140245899353515,0.2898848224044612,0.1462106313938424,1.0007142974322347
Llama-3.1-8B-Instruct,magicoder,27,7,0.048090266604389406,0.04915515408178764,0.04915515408178764,0.054603744008742724,0.05622031663908658,0.05947997706935565,0.0627473909584645,0.0,0.0,0.0,0.0,0.007482206870084364,0.007635745047317054,0.007635745047317054,0.008359810831799909,0.008521633322170843,0.008943672106449387,0.009163585593782034,0.0,0.0,0.0,0.0,0.024477378390038596,0.02501896740344389,0.02501896740344389,0.027821649266991797,0.02869837873590115,0.030180747789701003,0.031605532360936606,0.0,0.0,0.0,0.0,0.014375829737918476,0.01469319052989563,0.01469319052989563,0.016076706875677808,0.016362097164502244,0.017251273325926877,0.01784465530046106,0.0,0.0,0.0,0.0,0.007123369462645248,0.007265531111470222,0.007265531111470222,0.008008740524515726,0.008209347120781627,0.008640685169441475,0.008882193575641607,0.0,0.0,0.0,0.0,0.048142099218383055,0.04920768532551026,0.04920768532551026,0.054657246654138916,0.05626504119184477,0.05952314128766561,0.06277903726570125,0.0,0.0,0.0,0.0,-0.04060805973430504,1.0,0.1503644175252584,0.5074102122552812,0.29003496934457984,0.14527048588748018,1.0007256932574071
Llama-3.1-8B-Instruct,magicoder,28,7,0.051685419212798386,0.05264851626023809,0.05264851626023809,0.05739730133334998,0.05891987752215841,0.0619926905374468,0.06611582035965174,0.0,0.0,0.0,0.0,0.007261980693120122,0.007370014353590465,0.007370014353590465,0.007940835185494245,0.008077810600928985,0.008461659366931832,0.008966444666247101,0.0,0.0,0.0,0.0,0.02443301523308882,0.02486654438393179,0.02486654438393179,0.027171767173298205,0.02784636250460073,0.029333644116109323,0.031424417777964904,0.0,0.0,0.0,0.0,0.01514057572096646,0.01537635390736821,0.01537635390736821,0.01658230419906334,0.01688434973657993,0.017648721258511794,0.018637125673363734,0.0,0.0,0.0,0.0,0.006925409600144908,0.0070308271111259564,0.0070308271111259564,0.007627711864245965,0.007761174716559679,0.008174438976476486,0.00869244905961773,0.0,0.0,0.0,0.0,0.051731830083550576,0.05269683089571331,0.05269683089571331,0.057444282845903596,0.05895281056033025,0.062032548663876315,0.06615035428516389,0.0,0.0,0.0,0.0,-0.04442343851967826,1.0,0.13649446884097652,0.47317907743317383,0.2846903579358449,0.13186133567696504,1.0006429488070927
Llama-3.1-8B-Instruct,magicoder,29,7,0.062045023080870176,0.06332723122094415,0.06332723122094415,0.06939015703288104,0.0720925234396271,0.07457826194871131,0.07947843540870014,0.0,0.0,0.0,0.0,0.006806459025563388,0.006929067278056656,0.006929067278056656,0.007472459691036912,0.0076944109442593205,0.007975588210531164,0.008440517220408556,0.0,0.0,0.0,0.0,0.02413348445378196,0.024601999901917797,0.024601999901917797,0.02686355770992032,0.027929591411721178,0.029017145596895035,0.030904245726003476,0.0,0.0,0.0,0.0,0.01712881000826152,0.017468443768300118,0.017468443768300118,0.018915426075705604,0.019522867430867966,0.020133438128983636,0.021392161812280146,0.0,0.0,0.0,0.0,0.006483365899773117,0.006602403810213023,0.006602403810213023,0.007179207178341147,0.007425927945063371,0.007718600583289857,0.008188980747008334,0.0,0.0,0.0,0.0,0.06207124623351718,0.06335888928881094,0.06335888928881094,0.06940882638360527,0.07210839184341189,0.07458904068644848,0.07949631166653963,0.0,0.0,0.0,0.0,-0.055238564055306784,1.0,0.1069425326111261,0.3890831569238044,0.26996389568356705,0.10349665414029179,1.0001445292160949
Llama-3.1-8B-Instruct,magicoder,30,7,0.048296855797085994,0.048718421557683814,0.048718421557683814,0.053754365565110165,0.05509909984635549,0.05835120886023797,0.062074044664442565,0.0,0.0,0.0,0.0,0.005791183655181457,0.005844875467161106,0.005844875467161106,0.0063816372984943194,0.006498082874317397,0.006831644518466237,0.00722914717815891,0.0,0.0,0.0,0.0,0.019941405098270092,0.0200784552696686,0.0200784552696686,0.022374710835724787,0.022759207633503635,0.024250313100113798,0.02586047555130659,0.0,0.0,0.0,0.0,0.013651814591994799,0.013795828888164595,0.013795828888164595,0.01501709254562858,0.015333508404776652,0.016045532055913587,0.01698648826891546,0.0,0.0,0.0,0.0,0.005501927730548719,0.00555400433968832,0.00555400433968832,0.006132350902334879,0.006242283962528381,0.006619967644277704,0.007027546269779561,0.0,0.0,0.0,0.0,0.04833122427903022,0.04875637016582965,0.04875637016582965,0.053784128511925225,0.05512792502831637,0.058374751856259614,0.06209877779934358,0.0,0.0,0.0,0.0,-0.04250567214190454,1.0,0.11707802892017713,0.41559230003611103,0.2749819989907258,0.11345039414922424,1.0004034705789564
Llama-3.1-8B-Instruct,magicoder,31,7,0.024587630155650506,0.024877081752383075,0.024877081752383075,0.027401831356093725,0.028308487428462193,0.029490660841529674,0.031682588753794275,0.0,0.0,0.0,0.0,0.0035428845227021633,0.003578716030044853,0.003578716030044853,0.003860942716617112,0.003955740771220313,0.004138536057983019,0.004342593452120718,0.0,0.0,0.0,0.0,0.01152766964343345,0.011691391999923252,0.011691391999923252,0.01277965691183074,0.013246109886969865,0.013817986005130942,0.014759442081510081,0.0,0.0,0.0,0.0,0.007295001208439561,0.00736923872119374,0.00736923872119374,0.008006050846222244,0.008228160425853094,0.008602413618715585,0.009082401471261178,0.0,0.0,0.0,0.0,0.003377800415492271,0.003422165693706875,0.003422165693706875,0.0037068380909498207,0.0038209963516084135,0.003995641516542029,0.004210233804364963,0.0,0.0,0.0,0.0,0.02461085443453977,0.024899397657312056,0.024899397657312056,0.02742034014749698,0.028326237188910777,0.02950928247570314,0.0317026913927602,0.0,0.0,0.0,0.0,-0.021044745632948343,1.0,0.14033378499796123,0.46855464105680605,0.2916995880472572,0.13548836826725977,1.0006314417392521
Llama-3.1-8B-Instruct,metamath,0,7,0.008251165680175882,0.008223815220319997,0.008223815220319997,0.008936664712092916,0.009121335872270491,0.009514613862253005,0.009768715060736519,0.0,0.0,0.0,0.0,0.006353757717883867,0.0063236522917797106,0.0063236522917797106,0.00683186699179817,0.006940991796466061,0.007162779914746126,0.00735583838224066,0.0,0.0,0.0,0.0,0.007632089237491984,0.007595996085521622,0.007595996085521622,0.008281409063502089,0.008426006799723596,0.00884323217930405,0.00906874505880256,0.0,0.0,0.0,0.0,0.006848045427290655,0.006817952723705041,0.006817952723705041,0.00735866278523865,0.007462427394694016,0.007697154050478595,0.007908821934571058,0.0,0.0,0.0,0.0,0.0058224793691907285,0.00579602789046792,0.00579602789046792,0.0062763642433084615,0.0064099999568017155,0.00664374445703503,0.006802581306322341,0.0,0.0,0.0,0.0,0.008634095272027962,0.008601814876743552,0.008601814876743552,0.00931922428654366,0.00950833601516491,0.009888670570914197,0.010158743838657145,0.0,0.0,0.0,0.0,-0.0018974079622920163,1.0,0.752818771044695,0.9294367913749496,0.808982283665262,0.6982673761877531,1.0393139137411738
Llama-3.1-8B-Instruct,metamath,1,7,0.008361102487089978,0.008344191639413828,0.008344191639413828,0.008841903679778365,0.008995334241125835,0.009182500134650013,0.009549560025782474,0.0,0.0,0.0,0.0,0.006402325391349507,0.006377752533398772,0.006377752533398772,0.006716517969643392,0.006783291990852392,0.006940648259290397,0.007228337633599355,0.0,0.0,0.0,0.0,0.007632796098669229,0.0076088993726590465,0.0076088993726590465,0.008098780770968365,0.008249733619169568,0.008417333918099129,0.008779392192221513,0.0,0.0,0.0,0.0,0.006947440137304044,0.0069218423143055634,0.0069218423143055634,0.007279175301513117,0.007345959987780773,0.007511151513554544,0.007813353838740508,0.0,0.0,0.0,0.0,0.0058321850353628924,0.005824511137083783,0.005824511137083783,0.006146420618347819,0.0062122692124421085,0.006367806061282832,0.006628564675588164,0.0,0.0,0.0,0.0,0.00876801287179048,0.00874565720994666,0.00874565720994666,0.009249179892700216,0.009398179593983522,0.0095773731666855,0.009975289365592197,0.0,0.0,0.0,0.0,-0.001958777095740473,1.0,0.7558560476465418,0.9166712545242943,0.8179854509570152,0.6934719268071688,1.0430027798796802
Llama-3.1-8B-Instruct,metamath,2,7,0.012820708570594735,0.012813909339454865,0.012813909339454865,0.013617857990995456,0.013912368446484113,0.01450818256281847,0.014850642282120463,0.0,0.0,0.0,0.0,0.00987457898198071,0.009859020482810787,0.009859020482810787,0.010410491210169088,0.010569871880064046,0.010968942230892257,0.011166038510282602,0.0,0.0,0.0,0.0,0.011715182850789228,0.011696526645508243,0.011696526645508243,0.012465635735545188,0.0127489395257211,0.013267384944993655,0.01358687276430159,0.0,0.0,0.0,0.0,0.010785609881695546,0.010761406340445149,0.010761406340445149,0.01136154826336194,0.011521136863720968,0.011968711916778124,0.012163057587967851,0.0,0.0,0.0,0.0,0.008892882178461018,0.008874111410801633,0.008874111410801633,0.009391017439496708,0.00957187433052677,0.009975545028249032,0.010151621459618223,0.0,0.0,0.0,0.0,0.013519814573887779,0.013503144109370663,0.013503144109370663,0.014317732881753007,0.014619583167338095,0.015207803125741408,0.015557496642716067,0.0,0.0,0.0,0.0,-0.002946129588614023,1.0,0.7560521232344727,0.9144760129359877,0.82496286939837,0.6875806108074716,1.0482224813406968
Llama-3.1-8B-Instruct,metamath,3,7,0.015737371974068833,0.015751774215461083,0.015751774215461083,0.01702534870855634,0.0174795745373483,0.018193068791147966,0.018721439902475316,0.0,0.0,0.0,0.0,0.011169181428549235,0.01114560353384069,0.01114560353384069,0.01178727872320007,0.011979830301916988,0.012178907030115883,0.012744664446111139,0.0,0.0,0.0,0.0,0.013959766881144465,0.013982885961555853,0.013982885961555853,0.01511017082811442,0.015470822769149663,0.016085917767944324,0.016538882101538876,0.0,0.0,0.0,0.0,0.012497045947808242,0.012473535744135865,0.012473535744135865,0.013214986260287477,0.013427635626043988,0.013657385163895181,0.014292803984484046,0.0,0.0,0.0,0.0,0.010013463885633669,0.01001288156084603,0.01001288156084603,0.01062131047197339,0.010790352997668874,0.011007295783953869,0.011541366863824773,0.0,0.0,0.0,0.0,0.016498992786817282,0.01650048562018519,0.01650048562018519,0.017795911161066404,0.01819929099146031,0.01898151751118941,0.01939484844047337,0.0,0.0,0.0,0.0,-0.004568190545519601,1.0,0.6694256570964906,0.8841783622437079,0.7506916683863873,0.6050268874545006,1.043337862847255
Llama-3.1-8B-Instruct,metamath,4,7,0.019829205422221267,0.019933057272104447,0.019933057272104447,0.021983960398754696,0.022901766913308426,0.02372507389462445,0.02592544540381772,0.0,0.0,0.0,0.0,0.011282107585352346,0.011261086394290088,0.011261086394290088,0.01195266549658828,0.012168294184442284,0.012378863020825614,0.01312014496094282,0.0,0.0,0.0,0.0,0.01644388060858903,0.016499751676733274,0.016499751676733274,0.01822909206950303,0.018881253174090666,0.019496443352917232,0.021320698933537694,0.0,0.0,0.0,0.0,0.013200402858451353,0.01320486556347302,0.01320486556347302,0.014036317739194906,0.014226242972800568,0.014515367988684984,0.015413391868088794,0.0,0.0,0.0,0.0,0.01011486025475188,0.010101717193866171,0.010101717193866171,0.01076202533995978,0.010964262922061667,0.011187373277737351,0.011975760865033698,0.0,0.0,0.0,0.0,0.020453466251349993,0.020561307082006552,0.020561307082006552,0.022624708464198506,0.02347741429010541,0.0242988933401184,0.026484881830875724,0.0,0.0,0.0,0.0,-0.008547097836868921,1.0,0.5217628857893832,0.8217653373604317,0.6118155017411275,0.47154218896962635,1.024186202666537
Llama-3.1-8B-Instruct,metamath,5,7,0.018681309409328974,0.01873565750852355,0.01873565750852355,0.020768990585670166,0.021491775077547876,0.022356364596305123,0.023384228312659124,0.0,0.0,0.0,0.0,0.012755409453273707,0.01276822132085788,0.01276822132085788,0.013544660810538754,0.013780394960216397,0.014252613784605728,0.014342885355075313,0.0,0.0,0.0,0.0,0.016633213347969578,0.01668121463855337,0.01668121463855337,0.01848764331699316,0.019125634276954108,0.019871520770749933,0.020807191059789037,0.0,0.0,0.0,0.0,0.01428258967301848,0.01429441430330928,0.01429441430330928,0.01517030181046692,0.015424610919322006,0.01596037769786678,0.016065492619298235,0.0,0.0,0.0,0.0,0.011459715645873595,0.011476385052184662,0.011476385052184662,0.012269069751688663,0.012507101704503197,0.01294259480160513,0.013049762379942008,0.0,0.0,0.0,0.0,0.01950688934454899,0.019539373207648043,0.019539373207648043,0.021509302775888306,0.022215986170183877,0.023080654542689573,0.024090955907276126,0.0,0.0,0.0,0.0,-0.005925899956055269,1.0,0.6375192944814151,0.8888529566222111,0.7139075599305882,0.578922156411073,1.0323974831983262
Llama-3.1-8B-Instruct,metamath,6,7,0.017982207088730256,0.01778088509802869,0.01778088509802869,0.019781742000267416,0.020455338749414177,0.02169136883657855,0.022762246675097967,0.0,0.0,0.0,0.0,0.012740535709674145,0.012687059561267422,0.012687059561267422,0.013476128704847597,0.013639058681099771,0.014172486553737929,0.014590528509169422,0.0,0.0,0.0,0.0,0.016133255952585007,0.015948890258582205,0.015948890258582205,0.017748512055922434,0.018281766902453984,0.019414392010652013,0.020371678859861474,0.0,0.0,0.0,0.0,0.01411093062457068,0.014044320078309655,0.014044320078309655,0.014921228157818253,0.0151280071753741,0.015713870435762282,0.016193602061253004,0.0,0.0,0.0,0.0,0.01149428214265676,0.011451470745050114,0.011451470745050114,0.012211537724439833,0.012407703112193413,0.012945215739020171,0.013177031505077716,0.0,0.0,0.0,0.0,0.01880486525343482,0.018621212344760593,0.018621212344760593,0.020568351127919333,0.021197236080204435,0.022444769573155728,0.023511088232247436,0.0,0.0,0.0,0.0,-0.005241671379056109,1.0,0.6533698569469073,0.8950284399716246,0.7244296362368656,0.5967910940313927,1.0347327428828146
Llama-3.1-8B-Instruct,metamath,7,7,0.017989673780977128,0.01795848334618145,0.01795848334618145,0.01954990250133526,0.019962828019484978,0.020582393683531847,0.021812889106388334,0.0,0.0,0.0,0.0,0.013348191760399471,0.013319878437385363,0.013319878437385363,0.014152159842415349,0.01449116508943745,0.014910266424463624,0.015362286009528159,0.0,0.0,0.0,0.0,0.01641100050056061,0.0163785979014538,0.0163785979014538,0.017832828025802584,0.01821079889548214,0.01883851673281652,0.01998557260724115,0.0,0.0,0.0,0.0,0.014515262549585205,0.014487146934278456,0.014487146934278456,0.015368228212264974,0.01573647247388704,0.01619463928981063,0.016659023055961196,0.0,0.0,0.0,0.0,0.012124768844413108,0.012095140183109476,0.012095140183109476,0.012911114261311233,0.013241062135380184,0.013599442748362734,0.014023468989534847,0.0,0.0,0.0,0.0,0.018837267788456687,0.01880448819529771,0.01880448819529771,0.02039627950180867,0.02082859396956831,0.021442615559282056,0.02269758298642211,0.0,0.0,0.0,0.0,-0.004641482020577658,1.0,0.7244184837642795,0.9152733653078156,0.7868200141739639,0.660731835055889,1.041794063847806
Llama-3.1-8B-Instruct,metamath,8,7,0.021894976760013965,0.02178008425977918,0.02178008425977918,0.0248013912339354,0.025561749019705093,0.026895284900806813,0.02907139479001994,0.0,0.0,0.0,0.0,0.014545634849672136,0.01454788780415198,0.01454788780415198,0.015510861631730122,0.015657135128442974,0.01625758282893096,0.01663633968849012,0.0,0.0,0.0,0.0,0.019334196736611957,0.019229542854283455,0.019229542854283455,0.021824526440261074,0.02247309987262776,0.02370181611062535,0.025501788462897964,0.0,0.0,0.0,0.0,0.016381550696151666,0.01638986671229485,0.01638986671229485,0.01748661693424692,0.017642447266036226,0.018309036593400482,0.018797373080754038,0.0,0.0,0.0,0.0,0.013141950140897272,0.013168944070555532,0.013168944070555532,0.014127509975373471,0.014243346802159,0.014876508859006005,0.015314402916064099,0.0,0.0,0.0,0.0,0.02276880779381568,0.022658025053024,0.022658025053024,0.02556979114136218,0.026295581878225543,0.02768078731381188,0.029790399453726153,0.0,0.0,0.0,0.0,-0.007349341910341831,1.0,0.6044770631317337,0.8812628755575791,0.6807526546354318,0.5531270225941995,1.02920595248952
Llama-3.1-8B-Instruct,metamath,9,7,0.02228948985175081,0.02237128398987098,0.02237128398987098,0.024306100162943052,0.024967706057682545,0.02595262638242646,0.02630260874646589,0.0,0.0,0.0,0.0,0.01516268541108132,0.015246369223319987,0.015246369223319987,0.01615684944620439,0.016437295864428283,0.01682742494095075,0.01694826092271375,0.0,0.0,0.0,0.0,0.019572248308412032,0.01963442429734715,0.01963442429734715,0.021358120316724977,0.022085697469780355,0.022836624926542735,0.023256082726573438,0.0,0.0,0.0,0.0,0.01696871595636947,0.017073198747890022,0.017073198747890022,0.01805241823718491,0.018322292709869348,0.018772635433915465,0.018879377720091416,0.0,0.0,0.0,0.0,0.01366512063454409,0.013770243034450378,0.013770243034450378,0.014665852265767651,0.014989667976277,0.015400451483657433,0.015507127055105575,0.0,0.0,0.0,0.0,0.023239691899765276,0.023326488880102192,0.023326488880102192,0.02519047429203374,0.0259010254409041,0.026821953482813667,0.027176256681785575,0.0,0.0,0.0,0.0,-0.0071268044406694875,1.0,0.6483900586009768,0.8799350243028315,0.7233424146477581,0.5934062802247129,1.0334966907617436
Llama-3.1-8B-Instruct,metamath,10,7,0.020221423374465693,0.02021112822480515,0.02021112822480515,0.022361495341248445,0.022819751029294295,0.02458914490739691,0.025161611527379696,0.0,0.0,0.0,0.0,0.015385859055122936,0.015450183517159228,0.015450183517159228,0.016278731737207487,0.016466397852208527,0.017183488386239905,0.017640938269367395,0.0,0.0,0.0,0.0,0.01857925005319449,0.018571147254735854,0.018571147254735854,0.020551974716298355,0.02098352201795816,0.02262149389459192,0.02314761292960187,0.0,0.0,0.0,0.0,0.01674072595672045,0.016800515700419377,0.016800515700419377,0.017718740756584285,0.017905550959768212,0.018679216753577647,0.019178771054177195,0.0,0.0,0.0,0.0,0.013939443126490373,0.014003600349298373,0.014003600349298373,0.014869268646851317,0.015085986799960751,0.015858775302377892,0.01625109276551618,0.0,0.0,0.0,0.0,0.021247662815573727,0.02126209107223987,0.02126209107223987,0.02327914418886761,0.023727166201992497,0.02549279809436406,0.02607860746450072,0.0,0.0,0.0,0.0,-0.004835564319342758,1.0,0.6988241539489551,0.9199788760359421,0.7596529616594582,0.6449502559809329,1.036750085876118
Llama-3.1-8B-Instruct,metamath,11,7,0.02564231935776845,0.025749573657480825,0.025749573657480825,0.028623349759206766,0.02957917903925399,0.03187761213186037,0.03255828323261099,0.0,0.0,0.0,0.0,0.01651087700396823,0.016635342751058983,0.016635342751058983,0.017797705985955765,0.017988779507503824,0.018505190324093507,0.0190723008491663,0.0,0.0,0.0,0.0,0.022679623876614638,0.02276541897594129,0.02276541897594129,0.02530857325474958,0.026127741519844854,0.028141788162455283,0.02876066660888642,0.0,0.0,0.0,0.0,0.018623795989396428,0.01876496487384236,0.01876496487384236,0.020071474727544843,0.02029702188064238,0.020895370134318296,0.021545611922134035,0.0,0.0,0.0,0.0,0.015000115452431951,0.015122899324855686,0.015122899324855686,0.01626467262803259,0.016572980215501715,0.017132225627242564,0.01775029461149747,0.0,0.0,0.0,0.0,0.026557181466849718,0.02664913656277653,0.02664913656277653,0.02943947528925745,0.030400045288041324,0.03261258660616591,0.033339793623566295,0.0,0.0,0.0,0.0,-0.009131442353800224,1.0,0.5805074184210406,0.8828072832446793,0.6554873071384864,0.5374375457100065,1.0230561332908297
Llama-3.1-8B-Instruct,metamath,12,7,0.01931893603657168,0.019524968652202906,0.019524968652202906,0.021192852071365703,0.021480782787359345,0.02242808240217492,0.02266500652347647,0.0,0.0,0.0,0.0,0.014427814645909438,0.01455863596490838,0.01455863596490838,0.01532089469526516,0.015550152585941127,0.015789626009701477,0.01598124942788036,0.0,0.0,0.0,0.0,0.0173814063704794,0.01753749990965301,0.01753749990965301,0.0190736296442319,0.019368127903789105,0.02019915573360774,0.02042010411268384,0.0,0.0,0.0,0.0,0.015993753625721058,0.016146767790834432,0.016146767790834432,0.016990929800526883,0.017231860898922976,0.017504698987196032,0.01770802457329493,0.0,0.0,0.0,0.0,0.013004141390295466,0.013151512805181977,0.013151512805181977,0.013934417946901052,0.01416829624551744,0.014392428466958082,0.01460723908803273,0.0,0.0,0.0,0.0,0.020307346191110427,0.02049534737968137,0.02049534737968137,0.022129444150191836,0.022387250949041072,0.023314668874720623,0.023494596624097756,0.0,0.0,0.0,0.0,-0.004891121390662244,1.0,0.7040114141978677,0.900618937071899,0.7804813034527887,0.6417146240537445,1.0395301950763176
Llama-3.1-8B-Instruct,metamath,13,7,0.024431137449045202,0.024778428987305822,0.024778428987305822,0.02764852947007572,0.028987316614323567,0.029938412543382382,0.031017066183740546,0.0,0.0,0.0,0.0,0.017855708618525236,0.01803487223533174,0.01803487223533174,0.019335090293838526,0.019708757468384623,0.020033692474707192,0.02040329650110059,0.0,0.0,0.0,0.0,0.02196082094174988,0.02227936988009631,0.02227936988009631,0.024836767313579193,0.02602383785895413,0.02688096863865481,0.027828488128277106,0.0,0.0,0.0,0.0,0.019839186101601475,0.020044509701692567,0.020044509701692567,0.02151711378779122,0.021922309090258486,0.022285393785960932,0.02265195117694412,0.0,0.0,0.0,0.0,0.016149752251162684,0.016372409433266795,0.016372409433266795,0.017688349465899852,0.018025629803043154,0.018387661520475905,0.01870112991067447,0.0,0.0,0.0,0.0,0.02559964304372355,0.02590650921821621,0.02590650921821621,0.02873081149469254,0.03001758744806988,0.030997135681070643,0.0319594963306613,0.0,0.0,0.0,0.0,-0.006575428830519967,1.0,0.6691634850604482,0.8978755503386437,0.7443745974730019,0.6141829161392972,1.0353633692552708
Llama-3.1-8B-Instruct,metamath,14,7,0.023619188395321265,0.024059672719307236,0.024059672719307236,0.02656853637649209,0.0273186788762854,0.028527950423749653,0.029676295024171906,0.0,0.0,0.0,0.0,0.01689927090670306,0.017098746420195446,0.017098746420195446,0.018128787809617308,0.01836031377964394,0.018814640483951553,0.018996252571530356,0.0,0.0,0.0,0.0,0.021331787546824407,0.021726369063312424,0.021726369063312424,0.023918095187859194,0.024588444808129977,0.025669386256882462,0.026637660298139375,0.0,0.0,0.0,0.0,0.01860157234975532,0.018818147416693812,0.018818147416693812,0.01999239398749516,0.02026133940778923,0.020752665899392102,0.020937347263984715,0.0,0.0,0.0,0.0,0.015342186141959063,0.015548874326344638,0.015548874326344638,0.01659791136461372,0.01685344587647094,0.017264462036275817,0.0174719669171092,0.0,0.0,0.0,0.0,0.024663738300911047,0.025101535715336354,0.025101535715336354,0.027524180834063418,0.028272277130227244,0.029463468083537274,0.03055296735239742,0.0,0.0,0.0,0.0,-0.0067199174886182055,1.0,0.659516025668927,0.8997977729066922,0.7274502931733718,0.6051770905316447,1.0327930203849764
Llama-3.1-8B-Instruct,metamath,15,7,0.02387755650736328,0.02435890481653312,0.02435890481653312,0.026766053632716086,0.02751310388222397,0.028626164299197225,0.029253782291425338,0.0,0.0,0.0,0.0,0.016293851170594207,0.016424253232448345,0.016424253232448345,0.01758728881348122,0.017740284160055738,0.018356434710783184,0.018688698846985062,0.0,0.0,0.0,0.0,0.021145957763302404,0.021537411232894287,0.021537411232894287,0.023706767811617666,0.0243326269969716,0.02527287103940059,0.025934819176302068,0.0,0.0,0.0,0.0,0.018342343000920268,0.018496113763489565,0.018496113763489565,0.0197991518176912,0.019985449038730663,0.020675417421817964,0.021043761725273304,0.0,0.0,0.0,0.0,0.014676475002742889,0.01480875359815267,0.01480875359815267,0.01602624859050592,0.01620136727033743,0.01671967379745114,0.017138005233072965,0.0,0.0,0.0,0.0,0.02491048156115761,0.02538847240372912,0.02538847240372912,0.027768544411941248,0.028472707454113046,0.02953516871515806,0.030191578294434984,0.0,0.0,0.0,0.0,-0.007583705336769072,1.0,0.641246746120924,0.882859148548565,0.7222559475911963,0.5840696512008777,1.0317543212028
Llama-3.1-8B-Instruct,metamath,16,7,0.030576044249560563,0.031658626397134196,0.031658626397134196,0.03696094721913225,0.03821531992141783,0.039212263126131124,0.04106203761933143,0.0,0.0,0.0,0.0,0.01727379861471857,0.01741798028880004,0.01741798028880004,0.0188987349868708,0.019273928775406873,0.019958700055649127,0.020098666413149547,0.0,0.0,0.0,0.0,0.025692272678499557,0.026531705483784633,0.026531705483784633,0.030795127315556524,0.03190423486927473,0.032628032119031085,0.03410004343850625,0.0,0.0,0.0,0.0,0.020116765368478583,0.0203094882557829,0.0203094882557829,0.02212083218696574,0.022569599638154133,0.023349400469632603,0.023596117643375384,0.0,0.0,0.0,0.0,0.015717629116562604,0.015910349881955506,0.015910349881955506,0.01745648009042283,0.01781088173638741,0.018477611844625826,0.01860950172534102,0.0,0.0,0.0,0.0,0.03143061602865975,0.03248935414154707,0.03248935414154707,0.03767833646490919,0.03884732629662495,0.03990513513276777,0.041759454541457804,0.0,0.0,0.0,0.0,-0.013302245634841996,1.0,0.5089912814123858,0.8320874521850208,0.5954616899954576,0.47122023498593507,1.017669778569218
Llama-3.1-8B-Instruct,metamath,17,7,0.029867400305131003,0.030455926441803165,0.030455926441803165,0.0348334668472447,0.03627133697090057,0.03818187894826146,0.039576196028319674,0.0,0.0,0.0,0.0,0.018048631745075257,0.01822359318822535,0.01822359318822535,0.0196820432953234,0.02019678560400685,0.020681648406950096,0.021072862044473076,0.0,0.0,0.0,0.0,0.026001016367571066,0.026541985798585677,0.026541985798585677,0.030220374659131202,0.03148058111030719,0.03313824123780741,0.034331327885514074,0.0,0.0,0.0,0.0,0.020638607754295706,0.02083041788197114,0.02083041788197114,0.022476884379394928,0.0231448376526712,0.023646295161370505,0.024105330834256686,0.0,0.0,0.0,0.0,0.01642178528011793,0.016580426490938112,0.016580426490938112,0.018149113576758184,0.01876089721665654,0.019223109911962886,0.019635255196330918,0.0,0.0,0.0,0.0,0.030805089126239922,0.031357046804798644,0.031357046804798644,0.035615951862636414,0.03706122177831701,0.03891628478889109,0.04031623683568012,0.0,0.0,0.0,0.0,-0.011818768560055749,1.0,0.541661358126845,0.8679049368605339,0.6193067447888705,0.5034616011959824,1.0192344080715563
Llama-3.1-8B-Instruct,metamath,18,7,0.033892795803072154,0.03456695598724446,0.03456695598724446,0.04003212394874214,0.041302581744657806,0.04381551529023897,0.045889117844344816,0.0,0.0,0.0,0.0,0.01886849005940348,0.0189289538455164,0.0189289538455164,0.02032838808205069,0.021014181740829335,0.02179616659911411,0.022673518500170672,0.0,0.0,0.0,0.0,0.028083721540398156,0.02859071040787197,0.02859071040787197,0.03283048128148094,0.03385134241665019,0.03588476123911704,0.037538204164714234,0.0,0.0,0.0,0.0,0.022267816709799708,0.022328367929754678,0.022328367929754678,0.024025193776671776,0.024893186144120727,0.025630287548960882,0.026736494400201094,0.0,0.0,0.0,0.0,0.01694203130088969,0.016984270166735687,0.016984270166735687,0.01840966796961821,0.01911997451096399,0.0197527276187164,0.020794406219065312,0.0,0.0,0.0,0.0,0.03490326120704978,0.03555393536434379,0.03555393536434379,0.040972037451010336,0.04213163469822075,0.04467288342339231,0.046776435274701905,0.0,0.0,0.0,0.0,-0.015024305743668679,1.0,0.4974531613912062,0.8189966727861646,0.5849591720919618,0.4508158237526611,1.0195676834444154
Llama-3.1-8B-Instruct,metamath,19,7,0.03632321824951773,0.0365806679768285,0.0365806679768285,0.04186425203352111,0.04354944167810404,0.04687896578460854,0.04840915305091719,0.0,0.0,0.0,0.0,0.01934041769258831,0.019343211543519617,0.019343211543519617,0.020943212360003696,0.021549204235965323,0.02265271851563427,0.023922374627486347,0.0,0.0,0.0,0.0,0.030168670853824832,0.030368461151094695,0.030368461151094695,0.034681211437858385,0.036104946459453176,0.03875763021881631,0.03996451085936553,0.0,0.0,0.0,0.0,0.022960570086091328,0.022941433807446586,0.022941433807446586,0.024893817166143535,0.025659435820343295,0.02705923063937758,0.0285379306106308,0.0,0.0,0.0,0.0,0.01754806155630437,0.017590237393161977,0.017590237393161977,0.01920574834480187,0.019792208888138773,0.020876092782224534,0.022036058615233757,0.0,0.0,0.0,0.0,0.037233813006770713,0.037427574396745156,0.037427574396745156,0.04267517068436053,0.04433263086665121,0.047716130591713306,0.04930673484126995,0.0,0.0,0.0,0.0,-0.016982800556929415,1.0,0.4832171131870765,0.8267594979994491,0.5772147526399091,0.44531897051958097,1.0178580050368693
Llama-3.1-8B-Instruct,metamath,20,7,0.03581881362481758,0.035985927457609604,0.035985927457609604,0.04116179139742699,0.042964463668076325,0.046405629414530886,0.048476819540680054,0.0,0.0,0.0,0.0,0.021438555326186926,0.02146980019470423,0.02146980019470423,0.02338801650691435,0.024445992796698002,0.02510269472157656,0.02612458707253301,0.0,0.0,0.0,0.0,0.03103158147252126,0.031120420480409583,0.031120420480409583,0.03561801058813917,0.03733332760681282,0.040242927414974025,0.041979215986688204,0.0,0.0,0.0,0.0,0.024722169407861868,0.024758427169979967,0.024758427169979967,0.026959708150464598,0.02820178898828769,0.02893475864026573,0.030152684342610894,0.0,0.0,0.0,0.0,0.019419077104439873,0.01941090347208465,0.01941090347208465,0.021379395791426573,0.022409778580811418,0.023339534369739335,0.024363781489115454,0.0,0.0,0.0,0.0,0.03696350462529431,0.03707429881969604,0.03707429881969604,0.042171313654810666,0.0440414159472136,0.047294886038036076,0.04938313837299277,0.0,0.0,0.0,0.0,-0.014380258298630653,1.0,0.5409407228881635,0.8671992584238681,0.6235182887360097,0.5029461870078866,1.0191626885514613
Llama-3.1-8B-Instruct,metamath,21,7,0.035606835139390156,0.036382267421426875,0.036382267421426875,0.04134437170580862,0.04268067792463997,0.04412555990889288,0.04484483865135545,0.0,0.0,0.0,0.0,0.020055310739527345,0.020108815891762243,0.020108815891762243,0.021798639093603203,0.022637932929973927,0.023365293303496213,0.024044212586735503,0.0,0.0,0.0,0.0,0.03011876163761381,0.03081115938929294,0.03081115938929294,0.034801257449647016,0.03585741674585033,0.03705828582824896,0.0379198777067307,0.0,0.0,0.0,0.0,0.02363995409045199,0.023724408266390266,0.023724408266390266,0.025650839895290767,0.02671296860061463,0.02748140328961978,0.02831741647093773,0.0,0.0,0.0,0.0,0.018157218357726664,0.018220991590456707,0.018220991590456707,0.01991963386612652,0.020689614045853857,0.021483308329799538,0.022208907483356993,0.0,0.0,0.0,0.0,0.03662248866398788,0.0373934628547178,0.0373934628547178,0.04226934557634329,0.043532370770416974,0.045024274444552134,0.04579471876921665,0.0,0.0,0.0,0.0,-0.015551524399862814,1.0,0.5295183415630103,0.8398371806445993,0.6228001037575797,0.48686766522978175,1.020367209787589
Llama-3.1-8B-Instruct,metamath,22,7,0.03713369166902913,0.03741014616830013,0.03741014616830013,0.043225333094122645,0.044717094750918264,0.046513272889926585,0.047349732721339854,0.0,0.0,0.0,0.0,0.020501808546852407,0.020460219174724792,0.020460219174724792,0.02240432637554815,0.022896589091070507,0.023670847471072596,0.024239414520136525,0.0,0.0,0.0,0.0,0.03146631192111438,0.03158309233737331,0.03158309233737331,0.03658420065897336,0.037698861324316074,0.03919452166999528,0.04023307754915433,0.0,0.0,0.0,0.0,0.023986261640199052,0.023953730041822364,0.023953730041822364,0.026226348715221726,0.026733454834884273,0.027790690345444867,0.02836453160236365,0.0,0.0,0.0,0.0,0.018654060254725987,0.01859335104352561,0.01859335104352561,0.020550826401038415,0.021041071516729275,0.021910789929046295,0.02232949184791988,0.0,0.0,0.0,0.0,0.0381075124898141,0.03833171609722466,0.03833171609722466,0.04411915215891335,0.04559500685795769,0.047408562187572466,0.04817188266107715,0.0,0.0,0.0,0.0,-0.01663188312217672,1.0,0.5089052221091716,0.842652413704555,0.5974787113177649,0.47106532324435785,1.0192480391514176
Llama-3.1-8B-Instruct,metamath,23,7,0.04176553576535401,0.04263350719375708,0.04263350719375708,0.0479729176346348,0.04962837569820662,0.052125828127105735,0.05315745482238826,0.0,0.0,0.0,0.0,0.023197134088777424,0.023287797158977518,0.023287797158977518,0.025362589554315883,0.025853116205436857,0.02676801479805274,0.027197347314273562,0.0,0.0,0.0,0.0,0.036314692670507485,0.03701553288253595,0.03701553288253595,0.041594937649701375,0.04315546510339878,0.04517829511875656,0.04612085573907411,0.0,0.0,0.0,0.0,0.026566588813068663,0.02668828553643606,0.02668828553643606,0.029089522732054073,0.029594626681815756,0.030623127364673028,0.0312210972787487,0.0,0.0,0.0,0.0,0.021376933286946592,0.02151192885214697,0.02151192885214697,0.023586840901709517,0.02413959138912153,0.024962280997833604,0.025511059915373113,0.0,0.0,0.0,0.0,0.04274165184684517,0.04351504730549249,0.04351504730549249,0.04880381075374972,0.05045620361007063,0.053007217390667584,0.05397515345585995,0.0,0.0,0.0,0.0,-0.018568401676576585,1.0,0.5135268975061754,0.8667161125688396,0.587484716597698,0.47888507280813963,1.01690887790622
Llama-3.1-8B-Instruct,metamath,24,7,0.04169230885188438,0.042233434509589274,0.042233434509589274,0.047546038876264005,0.04880790190016286,0.05131492985693439,0.05391000772258826,0.0,0.0,0.0,0.0,0.022225836385434426,0.022305174257905076,0.022305174257905076,0.023999862951369993,0.024598358627758773,0.025678524137267685,0.025877724886432463,0.0,0.0,0.0,0.0,0.035895343074046335,0.03633667303038812,0.03633667303038812,0.04105334492944426,0.04219960733598101,0.044274821942300153,0.04651071558929323,0.0,0.0,0.0,0.0,0.025875265340352907,0.02596106982183761,0.02596106982183761,0.02792702730299087,0.028590803142083662,0.02987576432764873,0.030080463119176268,0.0,0.0,0.0,0.0,0.020261912276343684,0.020383949702773026,0.020383949702773026,0.022084805943603042,0.02262537182995272,0.023659258115229283,0.02416848753103576,0.0,0.0,0.0,0.0,0.04268965155435613,0.04317955864563665,0.04317955864563665,0.048394819567924754,0.049752984801342395,0.05223276909374975,0.05471218810579584,0.0,0.0,0.0,0.0,-0.019466472466449947,1.0,0.5004103914564281,0.8628058552498854,0.5822041345655566,0.46105993287316394,1.0178863975722912
Llama-3.1-8B-Instruct,metamath,25,7,0.04562379472458066,0.046163218271120965,0.046163218271120965,0.05314969721136421,0.055939613687629425,0.05781848675042518,0.05850136986641994,0.0,0.0,0.0,0.0,0.02055367314216867,0.02055056625692916,0.02055056625692916,0.02219218092793973,0.023028529881344694,0.02382095940578758,0.02437344400087738,0.0,0.0,0.0,0.0,0.03667218331510878,0.03708549946415689,0.03708549946415689,0.042606240476074066,0.044720892857098064,0.04647262029716658,0.04680673377545973,0.0,0.0,0.0,0.0,0.025345050206060062,0.025322077536243215,0.025322077536243215,0.027401725779388986,0.02837123067157777,0.029400524914297253,0.030052620782578515,0.0,0.0,0.0,0.0,0.018714059809804114,0.01879264488702245,0.01879264488702245,0.020469603710409685,0.02121194995562782,0.02220653203493867,0.02246127195120814,0.0,0.0,0.0,0.0,0.04642125748831586,0.046870767506326017,0.046870767506326017,0.053817489562832374,0.05666221879530501,0.058541436131718985,0.05912013953502916,0.0,0.0,0.0,0.0,-0.02507012158241199,1.0,0.41199555271329213,0.8037674956414322,0.5084969629386062,0.3840732140014953,1.0125037755556354
Llama-3.1-8B-Instruct,metamath,26,7,0.05154257842414882,0.05233951157792882,0.05233951157792882,0.0589012693571201,0.060672356468257534,0.06416601564930671,0.06644746970612933,0.0,0.0,0.0,0.0,0.023076479433355293,0.023184135061066476,0.023184135061066476,0.024978916200652113,0.025744484049383277,0.026770507903458744,0.027085563785035453,0.0,0.0,0.0,0.0,0.04020952493279264,0.040767863876908214,0.040767863876908214,0.04584596311198437,0.04709057160874641,0.04950832590366226,0.050946512909027124,0.0,0.0,0.0,0.0,0.02904654824397293,0.02917317672838214,0.02917317672838214,0.03143570881334609,0.03251086714942995,0.03361380432513291,0.034285192460229555,0.0,0.0,0.0,0.0,0.02088912102091097,0.02102262411049423,0.02102262411049423,0.02285783991493749,0.023687000494507723,0.02465868136092161,0.025069521345884294,0.0,0.0,0.0,0.0,0.05247743982544963,0.053210788320235125,0.053210788320235125,0.05972898964012838,0.06151109011575238,0.06495297005634326,0.0672407861015715,0.0,0.0,0.0,0.0,-0.028466098990793526,1.0,0.41720695344043834,0.7715661538694459,0.5238568108832872,0.3842950370440842,1.0122643489559577
Llama-3.1-8B-Instruct,metamath,27,7,0.05748900968924631,0.05867500820454313,0.05867500820454313,0.06493752179193289,0.06647908729439571,0.07023977697060793,0.07310767354858089,0.0,0.0,0.0,0.0,0.022656295393807292,0.022728469494138686,0.022728469494138686,0.024216011211097517,0.024797736306202696,0.025569275436342048,0.026399219504505328,0.0,0.0,0.0,0.0,0.04342201390411096,0.044126068638875804,0.044126068638875804,0.0487953387602121,0.0500903191398884,0.05275079586807485,0.054497882094790645,0.0,0.0,0.0,0.0,0.0288539082710212,0.0289792929092721,0.0289792929092721,0.030844721226757407,0.03174289282502261,0.03288728353466266,0.03361705223185539,0.0,0.0,0.0,0.0,0.020618231856589873,0.020693000528169907,0.020693000528169907,0.022193506636643833,0.022809488089472595,0.02368353878373829,0.024021286963258257,0.0,0.0,0.0,0.0,0.05825914596529448,0.05938450787370998,0.05938450787370998,0.06561182703510356,0.06715846560570857,0.07092154129916554,0.0737378438188737,0.0,0.0,0.0,0.0,-0.03483271429543902,1.0,0.3640284257599735,0.7510102984829892,0.46821452107435435,0.33718129249824846,1.0097062427866605
Llama-3.1-8B-Instruct,metamath,28,7,0.049680910080050406,0.0505410578568565,0.0505410578568565,0.05570835721010989,0.05744273632105397,0.05926450641392219,0.061392089224439325,0.0,0.0,0.0,0.0,0.02296528820325633,0.023077245100489953,0.023077245100489953,0.024880713016419774,0.025237081002961074,0.02631148939587573,0.026942241807948516,0.0,0.0,0.0,0.0,0.0406895714256614,0.04140930370880992,0.04140930370880992,0.04559589602196355,0.047019780098107915,0.048529238842323436,0.050168493251109794,0.0,0.0,0.0,0.0,0.027580165838332133,0.027791176166843547,0.027791176166843547,0.02987489691723164,0.03030185407035561,0.03164601397834547,0.03237081660545094,0.0,0.0,0.0,0.0,0.02094100914742026,0.021128063808162283,0.021128063808162283,0.02297421802955369,0.023393677707885488,0.024296651910284944,0.02466750569655776,0.0,0.0,0.0,0.0,0.0505792555133268,0.051429237761197524,0.051429237761197524,0.056573658982217584,0.05821572375500335,0.060080052898291214,0.062124423763845395,0.0,0.0,0.0,0.0,-0.026715621876794077,1.0,0.44396707216471026,0.8188583990454552,0.5339792043034937,0.40996969991767734,1.0137611284344965
Llama-3.1-8B-Instruct,metamath,29,7,0.03855314578519796,0.03936358734641168,0.03936358734641168,0.04400241237419672,0.044769739603497984,0.04605266979617002,0.047672080853642745,0.0,0.0,0.0,0.0,0.020078501335434762,0.020258519652147387,0.020258519652147387,0.02148124301168189,0.02195848094980461,0.02243451872045363,0.02285782936347683,0.0,0.0,0.0,0.0,0.032104174582373815,0.032785820373952126,0.032785820373952126,0.036321279874366785,0.03711362709408564,0.0377617849368089,0.03943612042662559,0.0,0.0,0.0,0.0,0.023909175481536173,0.02414155832382297,0.02414155832382297,0.025688588765127127,0.026155145956800723,0.02669748636697452,0.027313492773039568,0.0,0.0,0.0,0.0,0.018104607848119982,0.01831756282928441,0.01831756282928441,0.019549967401444816,0.019939511066579485,0.020445342190521073,0.02080089330217678,0.0,0.0,0.0,0.0,0.03953084978210966,0.04034946225252953,0.04034946225252953,0.0448719164188404,0.0456483006138442,0.04679670914039135,0.04853268224725144,0.0,0.0,0.0,0.0,-0.018474644449763197,1.0,0.48714914509298224,0.8199695067396368,0.5797163657424877,0.44395563343042954,1.0161562694956547
Llama-3.1-8B-Instruct,metamath,30,7,0.029733541950442744,0.030088533845594987,0.030088533845594987,0.03325954239675552,0.03398300588462203,0.03482340078523592,0.03504513593913531,0.0,0.0,0.0,0.0,0.015400075670099638,0.015385812935073193,0.015385812935073193,0.016390950063583307,0.016550154843430878,0.01710736610996754,0.01736903969407225,0.0,0.0,0.0,0.0,0.024130446643666443,0.024440973538647742,0.024440973538647742,0.027027014497713907,0.027628719006872277,0.02828002821981347,0.02836272172527446,0.0,0.0,0.0,0.0,0.018515053100838334,0.018549993147390663,0.018549993147390663,0.019611630662922402,0.01982956505866705,0.020427755633262448,0.02065446580688029,0.0,0.0,0.0,0.0,0.013813779556618304,0.013842638922565676,0.013842638922565676,0.014825124872125752,0.015026483040191127,0.0154648310483468,0.015832700118714984,0.0,0.0,0.0,0.0,0.03051002598183175,0.030855016879790004,0.030855016879790004,0.03393385219902191,0.03464677189632549,0.03550514730004657,0.035666487430671925,0.0,0.0,0.0,0.0,-0.014333466280343104,1.0,0.491260638657111,0.8120984045821095,0.5866100143189692,0.44409307246360114,1.0195772526358107
Llama-3.1-8B-Instruct,metamath,31,7,0.011969395078779123,0.012021674568903733,0.012021674568903733,0.012963867092830667,0.01313917522911621,0.013781544909668144,0.014319300425135486,0.0,0.0,0.0,0.0,0.008296811662920199,0.008309370740701627,0.008309370740701627,0.008716090318875377,0.008860282189966612,0.009170362326011193,0.009487460601943673,0.0,0.0,0.0,0.0,0.010815333397685227,0.010876489802182513,0.010876489802182513,0.011713110448557437,0.0118682744492225,0.012476082244815495,0.012993412160713749,0.0,0.0,0.0,0.0,0.009092638347571742,0.009103973778193938,0.009103973778193938,0.009562958115291701,0.009721985580123426,0.010042973356625963,0.010379887335893677,0.0,0.0,0.0,0.0,0.007619368260738467,0.0076391614525905625,0.0076391614525905625,0.008029586044778735,0.008208933960918909,0.008455310805929055,0.008780124966488102,0.0,0.0,0.0,0.0,0.012412617061046167,0.012480823732399287,0.012480823732399287,0.01339491127460651,0.01359237642503023,0.014207567338444792,0.014763131525882671,0.0,0.0,0.0,0.0,-0.0036725834158589242,1.0,0.665408877315193,0.9052745774577979,0.7287262366050509,0.6135241630274277,1.0309125306029936
Llama-3.1-8B-Instruct,tulu,0,7,0.006941024738673444,0.0069599755930978575,0.0069599755930978575,0.007486448371087905,0.007573542435642203,0.007874414212187196,0.008222532854690793,0.0,0.0,0.0,0.0,0.004929002993953161,0.004930943935967532,0.004930943935967532,0.005256867320408317,0.005382482477536057,0.005599536939536747,0.00578503807827406,0.0,0.0,0.0,0.0,0.006565072851612813,0.006581485361243918,0.006581485361243918,0.007091344128335904,0.007174973802156754,0.00748614034344587,0.007829938479775691,0.0,0.0,0.0,0.0,0.005166524755210144,0.005167930429331297,0.005167930429331297,0.005499153535572071,0.005630710095941856,0.005850301501539533,0.006043332082041803,0.0,0.0,0.0,0.0,0.004672184122376042,0.004672693938482277,0.004672693938482277,0.0049963229350985065,0.005109926049328944,0.0053100220448446785,0.005480886729206346,0.0,0.0,0.0,0.0,0.007116041745542619,0.007130542703040928,0.007130542703040928,0.00765651772049032,0.007726713015064867,0.008042952433928281,0.008397658249051095,0.0,0.0,0.0,0.0,-0.002012021744720284,1.0,0.7111052058793615,0.9506917139130938,0.7429506937144666,0.6743386748218528,1.021403271049704
Llama-3.1-8B-Instruct,tulu,1,7,0.00654308335411808,0.006568407722004784,0.006568407722004784,0.006985876952058665,0.007133300768586209,0.007312876758016269,0.00758316447797617,0.0,0.0,0.0,0.0,0.004984018743211968,0.005008189391085919,0.005008189391085919,0.005237256829226604,0.0053448912519610745,0.005376205652959943,0.005560731835390634,0.0,0.0,0.0,0.0,0.0062936069022660225,0.006315403475710473,0.006315403475710473,0.006724703022672843,0.006867873025428862,0.007043516177388383,0.007305359093501476,0.0,0.0,0.0,0.0,0.005184334203914901,0.005211028074164526,0.005211028074164526,0.005442257275230509,0.005554412579029828,0.005587415349803833,0.005775277184731496,0.0,0.0,0.0,0.0,0.0047382428698805445,0.004762106742791113,0.004762106742791113,0.005000734407508306,0.0051037322090232385,0.005134560693481687,0.005328031832702653,0.0,0.0,0.0,0.0,0.006723668501293568,0.006751058289780521,0.006751058289780521,0.007152889163723874,0.007306563111878628,0.007473490540855574,0.007747889722534648,0.0,0.0,0.0,0.0,-0.0015590646109061113,1.0,0.7351697329052653,0.9631662628072302,0.7640516221853444,0.702125970857263,1.021963146399704
Llama-3.1-8B-Instruct,tulu,2,7,0.010717711964665207,0.010684639600628397,0.010684639600628397,0.011519825785062327,0.011679203593224032,0.011899865313582364,0.012977555044732568,0.0,0.0,0.0,0.0,0.007734003582197878,0.007716577181720471,0.007716577181720471,0.00820143372491899,0.008471664862695797,0.008727901470932982,0.009077215933505986,0.0,0.0,0.0,0.0,0.010141321656944494,0.010116213890173604,0.010116213890173604,0.010904602339657433,0.011050959703646493,0.011263806671325326,0.012288555268395118,0.0,0.0,0.0,0.0,0.008173075584180746,0.008150700545588054,0.008150700545588054,0.008660087408982232,0.008944506848396304,0.009215525020480548,0.009580339016438977,0.0,0.0,0.0,0.0,0.007248760247824118,0.007229582510713923,0.007229582510713923,0.0077044917700230964,0.007952638077111013,0.008210765787641409,0.00856173914547763,0.0,0.0,0.0,0.0,0.011051701805341613,0.011008605379776625,0.011008605379776625,0.011840836135767425,0.011995522007293242,0.012270690737653151,0.013324105353430907,0.0,0.0,0.0,0.0,-0.0029837083824673294,1.0,0.7334453996694449,0.946549088960608,0.774422632326944,0.6899881277034068,1.0311621530411383
Llama-3.1-8B-Instruct,tulu,3,7,0.016644073186628083,0.016514780545951454,0.016514780545951454,0.01860791396496935,0.01951652576904397,0.020854059497842047,0.020970185391836964,0.0,0.0,0.0,0.0,0.009440065000812889,0.009411822338912183,0.009411822338912183,0.010279332791453375,0.010729028646374487,0.011116864066388081,0.011287768693120637,0.0,0.0,0.0,0.0,0.015118583391258586,0.015010282865077959,0.015010282865077959,0.01688614886755118,0.017696996812878136,0.018935783684283645,0.019025385831576987,0.0,0.0,0.0,0.0,0.0102818131349697,0.010248307543144302,0.010248307543144302,0.011198316570335473,0.011696134446721844,0.0121115331337701,0.012320721065777716,0.0,0.0,0.0,0.0,0.008900922118870247,0.008871448913837251,0.008871448913837251,0.00970840209067891,0.010197680877035662,0.010579446792089896,0.010754197937229556,0.0,0.0,0.0,0.0,0.016939181805249774,0.016819944982820544,0.016819944982820544,0.018883341295128177,0.01977505147767559,0.02113913368354284,0.021249017948778526,0.0,0.0,0.0,0.0,-0.007204008185815194,1.0,0.5330791382626697,0.9080142734915999,0.5807758021896594,0.507308746922135,1.0136699612720628
Llama-3.1-8B-Instruct,tulu,4,7,0.01646594346171556,0.016167298457305322,0.016167298457305322,0.01906580047832264,0.02001365315660585,0.021347783542923368,0.02243766494216801,0.0,0.0,0.0,0.0,0.010115350712312999,0.010047242978853684,0.010047242978853684,0.011177952497799754,0.01150101437737344,0.011965356046695467,0.012210067112162663,0.0,0.0,0.0,0.0,0.015165261985209587,0.014883663113209825,0.014883663113209825,0.017556705562938278,0.01844059199736709,0.019653899392783485,0.020659341507457716,0.0,0.0,0.0,0.0,0.0109401818603361,0.010856518353019505,0.010856518353019505,0.012078198857945786,0.012436671098968937,0.012951484169138387,0.01323157904917426,0.0,0.0,0.0,0.0,0.00953625338241909,0.009465892049142789,0.009465892049142789,0.010564668189366236,0.010935682162458021,0.011376225163157401,0.011620908867006726,0.0,0.0,0.0,0.0,0.016810098728354525,0.016510193906624563,0.016510193906624563,0.019402174427526172,0.02034470787362408,0.021671981869300767,0.022739284938638665,0.0,0.0,0.0,0.0,-0.006350592749402558,1.0,0.5604964104417245,0.9206529264860663,0.60668987687163,0.5328995930787641,1.0151865099121669
Llama-3.1-8B-Instruct,tulu,5,7,0.02508443454484443,0.02449007467460133,0.02449007467460133,0.03067722351393902,0.03285049280654574,0.03560051375804139,0.03616950209732927,0.0,0.0,0.0,0.0,0.011089875796653513,0.010905527028233677,0.010905527028233677,0.01264898121079086,0.013222289200057337,0.013818609501305559,0.014020652905535272,0.0,0.0,0.0,0.0,0.020739408117522555,0.020225557248327104,0.020225557248327104,0.02521598877675233,0.02700183144294544,0.0292486840755378,0.029709054375235137,0.0,0.0,0.0,0.0,0.012966453445985678,0.012738378211822124,0.012738378211822124,0.014875548458901683,0.015560955604002145,0.016304231214882507,0.01653254977835092,0.0,0.0,0.0,0.0,0.010379916141787633,0.010213276617999492,0.010213276617999492,0.011933047377648002,0.012483320504965301,0.013139473007187959,0.013314185768109475,0.0,0.0,0.0,0.0,0.025386626615981317,0.024776328528424874,0.024776328528424874,0.030931174160416273,0.033127404742211854,0.03586539818470788,0.03643565522024302,0.0,0.0,0.0,0.0,-0.013994558748190913,1.0,0.3881575865793294,0.8215803927529319,0.4579774136321202,0.3690809940690824,1.0074404664063776
Llama-3.1-8B-Instruct,tulu,6,7,0.020820976111634887,0.020506117981971148,0.020506117981971148,0.02462653688970152,0.025530475885819456,0.02649544322582599,0.027118637152334812,0.0,0.0,0.0,0.0,0.011848062579940399,0.011722502255412659,0.011722502255412659,0.013216668448249737,0.013614649235991146,0.0139258369971396,0.014164222988483074,0.0,0.0,0.0,0.0,0.018587156626448186,0.018289459574703966,0.018289459574703966,0.021968590106772788,0.02277170377206059,0.023621999137047413,0.024189525343033844,0.0,0.0,0.0,0.0,0.01315496617412389,0.013012225305842898,0.013012225305842898,0.014690834275536729,0.015109860975349745,0.015482662213092007,0.01574678546304337,0.0,0.0,0.0,0.0,0.011165937419902024,0.011050672904038206,0.011050672904038206,0.0125524438889641,0.01291008838727531,0.013235471748489092,0.013371977589039163,0.0,0.0,0.0,0.0,0.021193797346467473,0.020865825643567516,0.020865825643567516,0.024979398123733124,0.025873385648228907,0.026847607431947335,0.02752245777167701,0.0,0.0,0.0,0.0,-0.008972913531694488,1.0,0.5255936607078768,0.8915494991237687,0.5843518857612671,0.49953766146429424,1.013291500848647
Llama-3.1-8B-Instruct,tulu,7,7,0.02133421346452115,0.020615975342207965,0.020615975342207965,0.026320141135458455,0.02778185293357017,0.030043635642605745,0.030255685286445663,0.0,0.0,0.0,0.0,0.011406226972577059,0.011239229139314529,0.011239229139314529,0.013064562839068667,0.013602836833900945,0.014251500103938294,0.014531901650549586,0.0,0.0,0.0,0.0,0.018795312299786197,0.018186134067157585,0.018186134067157585,0.023126074123042795,0.024364434630291486,0.026368457197635184,0.026558566325885016,0.0,0.0,0.0,0.0,0.012784483926452862,0.012584733933396073,0.012584733933396073,0.014660933512977838,0.015295341328454986,0.016031217998474897,0.016357700542123793,0.0,0.0,0.0,0.0,0.010710489373715094,0.010551216747097338,0.010551216747097338,0.012311076778177844,0.012926858591866795,0.01355755737102424,0.01388418644073617,0.0,0.0,0.0,0.0,0.021693447929268878,0.020968336448644626,0.020968336448644626,0.026648650027064853,0.028096463913930107,0.030342613219771396,0.0305824108373176,0.0,0.0,0.0,0.0,-0.009927986491944088,1.0,0.47436003663044796,0.8776719805588813,0.5335978038470339,0.45126220848577586,1.0099514446494506
Llama-3.1-8B-Instruct,tulu,8,7,0.024661015675094676,0.024962862963295362,0.024962862963295362,0.02738014378023077,0.028219316056359262,0.02909200855618805,0.030743604309337445,0.0,0.0,0.0,0.0,0.01265813147533332,0.012647428366549767,0.012647428366549767,0.013950604968779201,0.014155443052351778,0.014462083097960087,0.014622242274147872,0.0,0.0,0.0,0.0,0.021427569437425284,0.021683100738844982,0.021683100738844982,0.023779531773726575,0.024491033980951947,0.02519261042903925,0.026623425002926825,0.0,0.0,0.0,0.0,0.014336696842366544,0.014335132975786946,0.014335132975786946,0.015822591125826325,0.01605165359170313,0.016450771865597506,0.01657644159566233,0.0,0.0,0.0,0.0,0.011874132248428738,0.011870588561256598,0.011870588561256598,0.013147137667708513,0.013323939248441484,0.01369153970474414,0.013813447927327983,0.0,0.0,0.0,0.0,0.025051380086103213,0.025358716459626528,0.025358716459626528,0.027777142031676628,0.028580985903598418,0.029471809217400252,0.03106329886051396,0.0,0.0,0.0,0.0,-0.012002884199761355,1.0,0.4971153184568933,0.8659632551799393,0.5654739112916398,0.4706288903463101,1.013055154321114
Llama-3.1-8B-Instruct,tulu,9,7,0.024161356137817037,0.024301959667817234,0.024301959667817234,0.02723918491693208,0.027659462136507565,0.028853145850896468,0.03005058070685005,0.0,0.0,0.0,0.0,0.01293221383902359,0.012941149041470996,0.012941149041470996,0.014173804591058381,0.014381257815298658,0.01480183384605645,0.015025517534697793,0.0,0.0,0.0,0.0,0.021257658660508185,0.02137959642702355,0.02137959642702355,0.023926938770159126,0.024307203414808125,0.025336554318798683,0.026370386697821914,0.0,0.0,0.0,0.0,0.01449551073099788,0.014512333088430734,0.014512333088430734,0.015897130851925727,0.01615759773896703,0.016614340634218735,0.01687292880119548,0.0,0.0,0.0,0.0,0.012150777019695089,0.0121853753053802,0.0121853753053802,0.013396999114027006,0.013644980146116504,0.013996031799484951,0.014296673848317901,0.0,0.0,0.0,0.0,0.024571994066749082,0.024710703435534827,0.024710703435534827,0.02760263973125987,0.028045587414585852,0.029244927236408917,0.030383320093834956,0.0,0.0,0.0,0.0,-0.011229142298793451,1.0,0.5130058927559387,0.8781210357348772,0.5758242349058283,0.4850781911896825,1.0135784634208362
Llama-3.1-8B-Instruct,tulu,10,7,0.027406177888661225,0.027785515422305708,0.027785515422305708,0.032072395594889905,0.033153062201479296,0.03446163093215148,0.03612883229516471,0.0,0.0,0.0,0.0,0.012912607200706729,0.012880113988963257,0.012880113988963257,0.014255580277857602,0.014592268908846628,0.015160473151109749,0.015438185327131546,0.0,0.0,0.0,0.0,0.022804756414721412,0.02311962328296099,0.02311962328296099,0.026562263130355184,0.027418307015867612,0.02850199904379501,0.029846438633293344,0.0,0.0,0.0,0.0,0.015077154646600364,0.015046247028401818,0.015046247028401818,0.016705939535494756,0.017041095376714714,0.017798550972383843,0.018153452954888735,0.0,0.0,0.0,0.0,0.012081351247986993,0.012077854523722526,0.012077854523722526,0.013452310957407631,0.013718186000442336,0.014427746107391216,0.014685925901077108,0.0,0.0,0.0,0.0,0.02778854533357543,0.028142145193954624,0.028142145193954624,0.032404489957936586,0.03347911983903883,0.034774349225004095,0.03642072983404366,0.0,0.0,0.0,0.0,-0.014493570687954496,1.0,0.43992326367135354,0.8270647172767338,0.5164744236111711,0.4186611520446248,1.0090743903986523
Llama-3.1-8B-Instruct,tulu,11,7,0.028462649125736907,0.028191842595942,0.028191842595942,0.033124569288958836,0.03475522205691525,0.036385779127141145,0.037448571416375837,0.0,0.0,0.0,0.0,0.01419290243646914,0.014089259190308241,0.014089259190308241,0.015944709704852764,0.016444186310492298,0.017200474957778263,0.017953788525516785,0.0,0.0,0.0,0.0,0.024181248326466082,0.023958506097351673,0.023958506097351673,0.028159008983110547,0.029577253155082417,0.030847741480434683,0.03196754243884206,0.0,0.0,0.0,0.0,0.01650979582116979,0.016382582094518948,0.016382582094518948,0.01858390517785536,0.019194489269697697,0.02005289741572878,0.020873098739739467,0.0,0.0,0.0,0.0,0.013302721566985903,0.013203321734978575,0.013203321734978575,0.015043930920345856,0.01555966237179932,0.016311160013575774,0.017082264205130922,0.0,0.0,0.0,0.0,0.028886673850500488,0.028622612709851177,0.028622612709851177,0.033542773856553285,0.035159587531833916,0.03676641903318882,0.03785004647536514,0.0,0.0,0.0,0.0,-0.014269746689267762,1.0,0.4727252066714152,0.8477966452949887,0.5511190881926389,0.44828392863542765,1.0104612273030522
Llama-3.1-8B-Instruct,tulu,12,7,0.02212482887990262,0.02209474894725015,0.02209474894725015,0.025052670970918144,0.025807037266105295,0.027178796146017637,0.028770097383647754,0.0,0.0,0.0,0.0,0.012069576925873206,0.012085704518124907,0.012085704518124907,0.013349689882859613,0.013645755332861451,0.014062325279973314,0.01434893944654041,0.0,0.0,0.0,0.0,0.019145065431230714,0.019098485831010717,0.019098485831010717,0.02163925270022727,0.022233243461250517,0.02346117272505617,0.024736182210932524,0.0,0.0,0.0,0.0,0.013707246761038242,0.013718252681897351,0.013718252681897351,0.015134666706686884,0.015503799455176721,0.015997539806187084,0.016433435830612755,0.0,0.0,0.0,0.0,0.011228576883675326,0.01121663355596984,0.01121663355596984,0.0124683966238316,0.012775637657610047,0.013163792317287015,0.013471358860655027,0.0,0.0,0.0,0.0,0.02256798495822798,0.02248634808476372,0.02248634808476372,0.02545297975676671,0.026198634374514963,0.027579537715125994,0.02920664480656651,0.0,0.0,0.0,0.0,-0.010055251954029412,1.0,0.5174005943612698,0.8632160379367579,0.5886036938590129,0.48434052216900103,1.014744640158283
Llama-3.1-8B-Instruct,tulu,13,7,0.028808332580357136,0.028600430439885235,0.028600430439885235,0.033712127070193554,0.035150092067527096,0.03624018605690451,0.040250247102874274,0.0,0.0,0.0,0.0,0.014772449255222468,0.01484453741876495,0.01484453741876495,0.016270748205871537,0.016628154081550807,0.017031558966322868,0.018639096693915204,0.0,0.0,0.0,0.0,0.024314923525714974,0.02414148062019462,0.02414148062019462,0.028366025594168065,0.02952384212956575,0.030543782287162778,0.033862422102903744,0.0,0.0,0.0,0.0,0.017182595806521157,0.017295586949605084,0.017295586949605084,0.01902430506599684,0.019435793070595977,0.019902638849593413,0.0218297841391187,0.0,0.0,0.0,0.0,0.013669550976570764,0.013727378315079414,0.013727378315079414,0.015217210776365309,0.015607291521557458,0.01601817380864532,0.01756018437118849,0.0,0.0,0.0,0.0,0.029356452463660435,0.029168838262350796,0.029168838262350796,0.034185949826030654,0.0356556373442153,0.03667479900278218,0.04072769777505998,0.0,0.0,0.0,0.0,-0.014035883325134668,1.0,0.46996334233990505,0.8428152725044731,0.549186994193192,0.4420003193000585,1.0119925693867917
Llama-3.1-8B-Instruct,tulu,14,7,0.028784738427837787,0.028810529187088013,0.028810529187088013,0.03320190835874273,0.034429192559570734,0.0359517875968366,0.03772285963904263,0.0,0.0,0.0,0.0,0.014466951285115229,0.014490366354155782,0.014490366354155782,0.015885679737976954,0.016157746210546706,0.016651969241087722,0.016849452783771472,0.0,0.0,0.0,0.0,0.024478718692219292,0.024503395491629894,0.024503395491629894,0.028114079584839018,0.029090668478942323,0.030443037293829547,0.031886637638142375,0.0,0.0,0.0,0.0,0.016589974820570487,0.016612484181011154,0.016612484181011154,0.01829572283354535,0.018613032321622452,0.019195557465959696,0.01941957111738492,0.0,0.0,0.0,0.0,0.013522854798727042,0.013546503874518917,0.013546503874518917,0.014989570499639908,0.015176077387164488,0.015728502970928794,0.015935333860233786,0.0,0.0,0.0,0.0,0.02924636611573677,0.02929657654267851,0.02929657654267851,0.03366454675068313,0.034755738624608616,0.036342458773198284,0.038082158152846914,0.0,0.0,0.0,0.0,-0.014317787142722561,1.0,0.46317500058197186,0.8467739528064032,0.5339249797873393,0.43748875987220026,1.0108665299412278
Llama-3.1-8B-Instruct,tulu,15,7,0.0334014654073711,0.033658566277202845,0.033658566277202845,0.03944476201016013,0.04069315797507753,0.042090942275859786,0.042841450220997036,0.0,0.0,0.0,0.0,0.01475848807010076,0.014919776182364092,0.014919776182364092,0.016380035103559405,0.016564239110125258,0.016963907356577067,0.01723121310646963,0.0,0.0,0.0,0.0,0.026779230690451558,0.02695600219766167,0.02695600219766167,0.0313622406587665,0.032449335291752465,0.03351176748068942,0.034154018189995125,0.0,0.0,0.0,0.0,0.017771699205167617,0.017961311787332956,0.017961311787332956,0.019736730052406552,0.02003228061367254,0.020544231743130824,0.020745893948264083,0.0,0.0,0.0,0.0,0.013692694268240855,0.013833711116803888,0.013833711116803888,0.015392366651999456,0.015545144135587247,0.01593958670157625,0.01623508300895872,0.0,0.0,0.0,0.0,0.033851772442828346,0.03408816714181368,0.03408816714181368,0.03982488640778056,0.041101363899094495,0.04246460221220903,0.0432211167206812,0.0,0.0,0.0,0.0,-0.018642977337270338,1.0,0.40302987862322803,0.7961752735554523,0.48809151404798695,0.378693985920054,1.00887744289259
Llama-3.1-8B-Instruct,tulu,16,7,0.034482186760901756,0.03503552286577367,0.03503552286577367,0.0404430044864417,0.0420454618309041,0.04561836580649223,0.04789430784304087,0.0,0.0,0.0,0.0,0.015146700557208447,0.015288834034541489,0.015288834034541489,0.01663643422604722,0.016954635513975552,0.01758949187079549,0.018120630074975365,0.0,0.0,0.0,0.0,0.027740723076530915,0.028084307552702557,0.028084307552702557,0.032342650145025006,0.0335541040749452,0.03638004889228313,0.03819814976705941,0.0,0.0,0.0,0.0,0.018239831833144194,0.018391433808016635,0.018391433808016635,0.020204369819545556,0.020622647941039955,0.021398501491726795,0.022053370742852116,0.0,0.0,0.0,0.0,0.013955304699086228,0.014061612610786544,0.014061612610786544,0.015453664557004402,0.015746291084130615,0.016319856478568994,0.017034465680065416,0.0,0.0,0.0,0.0,0.034990835840329915,0.035541083079726046,0.035541083079726046,0.04089382839262761,0.04250690920882955,0.04604380236662838,0.04829698395509256,0.0,0.0,0.0,0.0,-0.01933548620369331,1.0,0.38557917540071596,0.7974868947871355,0.4690764588652021,0.3577475034462198,1.0093259929989777
Llama-3.1-8B-Instruct,tulu,17,7,0.040330842958898445,0.04055476648471757,0.04055476648471757,0.047002907250991766,0.04878718026590806,0.05268581579403018,0.05626797576042684,0.0,0.0,0.0,0.0,0.016902069771352144,0.017020523992167476,0.017020523992167476,0.018509146039611853,0.019090465597129153,0.020290870591267076,0.020958205877483174,0.0,0.0,0.0,0.0,0.03201920979188152,0.03207301726466764,0.03207301726466764,0.03716561414758515,0.038710449489868445,0.041585312622202456,0.04438401105773208,0.0,0.0,0.0,0.0,0.02060247756403079,0.02075258076904263,0.02075258076904263,0.022662388020600777,0.02337150038479044,0.024937941456379332,0.02582019559252389,0.0,0.0,0.0,0.0,0.015711837203442797,0.015826100090141272,0.015826100090141272,0.017392243099985008,0.017941028139751704,0.019170799158483194,0.019828973703544577,0.0,0.0,0.0,0.0,0.040809631482047304,0.04099684147334283,0.04099684147334283,0.04746768985654415,0.04919283143363844,0.05310373427498588,0.05666588354437068,0.0,0.0,0.0,0.0,-0.023428773187546305,1.0,0.3851296650808666,0.7893075583146704,0.4733331178522825,0.3638702157223773,1.0079322769260992
Llama-3.1-8B-Instruct,tulu,18,7,0.042844091285071925,0.04313526578664833,0.04313526578664833,0.05431715787140347,0.057653649193233014,0.06281584459722925,0.06419354996608301,0.0,0.0,0.0,0.0,0.017914852692191875,0.017872842134346638,0.017872842134346638,0.020433511520684674,0.02155941817671445,0.022380469325645413,0.022783063023569246,0.0,0.0,0.0,0.0,0.03348453287774261,0.03361088433294924,0.03361088433294924,0.042039278151501144,0.04469463792727755,0.04855909809662536,0.04947362956967414,0.0,0.0,0.0,0.0,0.022109685032973468,0.02213135644378427,0.02213135644378427,0.025352191653858675,0.02687462802047339,0.027805459245051716,0.02842009652589872,0.0,0.0,0.0,0.0,0.016603303394516693,0.016589565759852855,0.016589565759852855,0.019263461139753316,0.02021656138018295,0.021150300234097166,0.021647364864488535,0.0,0.0,0.0,0.0,0.04337491715392816,0.04368079743910824,0.04368079743910824,0.054738577637456584,0.05813359185107589,0.06323939772422635,0.06460000053537267,0.0,0.0,0.0,0.0,-0.02492923859288005,1.0,0.3562870079857622,0.7730390064478614,0.44265040808315725,0.33670326921036237,1.0067427753254437
Llama-3.1-8B-Instruct,tulu,19,7,0.04832219441236153,0.04839498323669862,0.04839498323669862,0.05866911482517391,0.06222187322207906,0.06886371728411515,0.07290327476401688,0.0,0.0,0.0,0.0,0.019273644273631776,0.01930658260508382,0.01930658260508382,0.02196725595765964,0.02280996316802883,0.024794316465841036,0.025541662384012186,0.0,0.0,0.0,0.0,0.03740984374239921,0.03739664447002465,0.03739664447002465,0.04512301991453184,0.04796771310625985,0.0530432443195165,0.05601559436582663,0.0,0.0,0.0,0.0,0.024127939193710358,0.024170242411712083,0.024170242411712083,0.027789480270350293,0.02867347420335649,0.03130901497887866,0.03242740071886863,0.0,0.0,0.0,0.0,0.0179033723751665,0.01793200147118286,0.01793200147118286,0.02062950641140575,0.021477456027428156,0.023340943611638545,0.024009292978026273,0.0,0.0,0.0,0.0,0.048847403101860226,0.04887613779436252,0.04887613779436252,0.05911365381151222,0.06271144448481228,0.06936637601316835,0.07342009480575207,0.0,0.0,0.0,0.0,-0.029048550138729753,1.0,0.36004905694453937,0.7702640288887226,0.4546518284760201,0.3389439973932778,1.0072993261020073
Llama-3.1-8B-Instruct,tulu,20,7,0.05075827179578607,0.05071339393490991,0.05071339393490991,0.06208838606193426,0.0660542423805763,0.07160569837648527,0.07361703800170274,0.0,0.0,0.0,0.0,0.021075655501491493,0.02131375485335643,0.02131375485335643,0.024279742865209,0.02520616277963279,0.026688931870792923,0.027802359525786705,0.0,0.0,0.0,0.0,0.040339078854040616,0.04024410336706272,0.04024410336706272,0.049248133536494446,0.05221417561876808,0.05667352132758207,0.05850688897632626,0.0,0.0,0.0,0.0,0.025906837844250758,0.026190943555961688,0.026190943555961688,0.029916979753707287,0.031088476536334963,0.033035161630085685,0.0343669960115053,0.0,0.0,0.0,0.0,0.01953251112144924,0.019733560517641316,0.019733560517641316,0.02263430811331443,0.023750808673830816,0.025245715492678195,0.02637798749006721,0.0,0.0,0.0,0.0,0.05137515505710246,0.05132995115264484,0.05132995115264484,0.06263166695725417,0.06655528145846369,0.07211882483645934,0.07414628767725027,0.0,0.0,0.0,0.0,-0.029682616294294584,1.0,0.3727207816683672,0.791466637607618,0.46134822198639663,0.3525657324078091,1.0071660003548346
Llama-3.1-8B-Instruct,tulu,21,7,0.055223373415179716,0.05526776263726277,0.05526776263726277,0.06826323838741064,0.07160200178350756,0.07622340102285172,0.07872250644347009,0.0,0.0,0.0,0.0,0.019834293470685885,0.019793827666397226,0.019793827666397226,0.022732037024914054,0.023589380022080084,0.025045213287296874,0.025953731483767627,0.0,0.0,0.0,0.0,0.041409985714157674,0.041429775015950694,0.041429775015950694,0.05089639453132594,0.05344117547950676,0.05699750931072301,0.05873946668707083,0.0,0.0,0.0,0.0,0.025315181014283757,0.02533731855201432,0.02533731855201432,0.029273021738907896,0.030419053403637486,0.03214218210147362,0.033428309974128205,0.0,0.0,0.0,0.0,0.018427500660576288,0.01840654486790957,0.01840654486790957,0.021360530384290873,0.022180168127478684,0.023631616309889466,0.024637216919685893,0.0,0.0,0.0,0.0,0.055713226170220155,0.05571938079853213,0.05571938079853213,0.0686818612955151,0.072043578312759,0.07667490643527582,0.07914967749518859,0.0,0.0,0.0,0.0,-0.03538907994449382,1.0,0.32857643389316016,0.7477691699119435,0.42168391425931545,0.31003098776456756,1.005923448788237
Llama-3.1-8B-Instruct,tulu,22,7,0.06012197279918277,0.06019390901793015,0.06019390901793015,0.07366455696621649,0.07851445539331345,0.08227003102599402,0.08633651363327295,0.0,0.0,0.0,0.0,0.02257427177464593,0.022709676163634198,0.022709676163634198,0.025893660443091562,0.027071286875220063,0.02795252173013645,0.028661725389323146,0.0,0.0,0.0,0.0,0.044896854713026846,0.04473137717656068,0.04473137717656068,0.055014955745863396,0.058146304045851874,0.0612810747598486,0.06397393454377596,0.0,0.0,0.0,0.0,0.028732472967202556,0.028935238364662056,0.028935238364662056,0.033074925538979734,0.03469575197381665,0.03596839903963436,0.03671928582441817,0.0,0.0,0.0,0.0,0.020944393666396388,0.021031194772408474,0.021031194772408474,0.0242585893347991,0.025624573002651037,0.02633601438637004,0.027199696903222822,0.0,0.0,0.0,0.0,0.06071659873574671,0.06079307900500061,0.06079307900500061,0.07417571594936719,0.07901011209052092,0.08280822027241598,0.0868164802637051,0.0,0.0,0.0,0.0,-0.03754770102453685,1.0,0.33976554258627395,0.7448772535467532,0.4371992886239437,0.32011674309505145,1.0065417411384214
Llama-3.1-8B-Instruct,tulu,23,7,0.0657581324284784,0.06697494464544368,0.06697494464544368,0.0816985532917028,0.08593436197343052,0.09264269873148967,0.09602675870433905,0.0,0.0,0.0,0.0,0.022696033441126837,0.023084490583818923,0.023084490583818923,0.026374336693611285,0.027463437396701998,0.028924204678425977,0.029735369400111338,0.0,0.0,0.0,0.0,0.04791770702566628,0.049059380758946336,0.049059380758946336,0.05929458036359737,0.06197013276935194,0.0673979350302989,0.06929572067571856,0.0,0.0,0.0,0.0,0.029793601385345474,0.030363109963361792,0.030363109963361792,0.03501956203015075,0.03632783098615798,0.038288448177066704,0.03941417976648676,0.0,0.0,0.0,0.0,0.021004182354936392,0.021354173622542653,0.021354173622542653,0.024793726251993015,0.025825294387281397,0.027255468195097096,0.028109040515956127,0.0,0.0,0.0,0.0,0.06632807038325443,0.0674928197354084,0.0674928197354084,0.08208154473801671,0.08641555705728779,0.09307997374115126,0.0965788202555918,0.0,0.0,0.0,0.0,-0.04306209898735156,1.0,0.31221245791056074,0.7275040122227142,0.4132915890980223,0.2941998513460062,1.0047200158852125
Llama-3.1-8B-Instruct,tulu,24,7,0.067720866087599,0.06903589058787613,0.06903589058787613,0.0872051500135093,0.09093036183694744,0.10108394909627523,0.10406434339604925,0.015625,0.0,0.0,0.0,0.021831580239907812,0.022067214537058004,0.022067214537058004,0.025681092873953582,0.0262205200382381,0.02788404983460615,0.02864454031813165,0.0,0.0,0.0,0.0,0.04814834118777696,0.04912359389155729,0.04912359389155729,0.061400111396887315,0.06430993461884806,0.07114946784809983,0.07313890119613164,0.0,0.0,0.0,0.0,0.02899950133940067,0.029342814873215595,0.029342814873215595,0.03447443417374585,0.03539270356062307,0.03775881183558607,0.03894031379662901,0.0,0.0,0.0,0.0,0.020198459914795214,0.020395045624999338,0.020395045624999338,0.023967030302523385,0.02477763188318026,0.026543897745257252,0.027220798556875904,0.0,0.0,0.0,0.0,0.06823642927353818,0.0695054887110397,0.0695054887110397,0.08762047854740748,0.09129926357282522,0.10144520570890551,0.10438837399022587,0.01953125,0.0,0.0,0.0,-0.04588928584769118,1.0,0.27585042020913314,0.7038651386713736,0.3735391441783057,0.2625926072592998,1.0035738276537476
Llama-3.1-8B-Instruct,tulu,25,7,0.069883860748748,0.07161006458767448,0.07161006458767448,0.0855980436297119,0.09005631245493723,0.09614052032980207,0.10339930653121779,0.00390625,0.0,0.0,0.0,0.021069715165141334,0.021384598337027248,0.021384598337027248,0.02395428946148539,0.024918325654257292,0.02613904429829781,0.026897857078156368,0.0,0.0,0.0,0.0,0.049350967824251024,0.05068138785176313,0.05068138785176313,0.060000853402154296,0.06310918132204557,0.06756482995389135,0.07203711350908752,0.0,0.0,0.0,0.0,0.028353269469641985,0.028802270673561566,0.028802270673561566,0.03262566039091211,0.03400066868246745,0.03558963461027002,0.03700156450591535,0.0,0.0,0.0,0.0,0.019560567078384737,0.019984631458222803,0.019984631458222803,0.022452321205782645,0.023457016437626675,0.024802815680471657,0.025618648180164724,0.0,0.0,0.0,0.0,0.07032875553751418,0.07196710161032333,0.07196710161032333,0.08597990431090707,0.09039355691330474,0.09650744551127327,0.10373159371788183,0.00390625,0.0,0.0,0.0,-0.04881414558360668,1.0,0.2718837406811404,0.7027716276354217,0.37018350314916887,0.25798503685425933,1.003816550817621
Llama-3.1-8B-Instruct,tulu,26,7,0.07649044059071795,0.07700381204384998,0.07700381204384998,0.0953524634350463,0.09979316870461416,0.11021189136902862,0.11507008061592525,0.05078125,0.0,0.0,0.0,0.02385484309718671,0.023793059997105848,0.023793059997105848,0.0274909919917782,0.02841281538835439,0.030626183748440308,0.03177383313103419,0.0,0.0,0.0,0.0,0.05498279880190172,0.05545419571338483,0.05545419571338483,0.06849184706396075,0.07145976093939951,0.07828951400127326,0.08257690170863785,0.0,0.0,0.0,0.0,0.031868037103551475,0.03192501811211805,0.03192501811211805,0.03690011764180129,0.038223363414121,0.04127010169225507,0.042839500278847566,0.0,0.0,0.0,0.0,0.022370793536599105,0.02226762087309237,0.02226762087309237,0.02618578245242565,0.026991088131124333,0.029460121852018527,0.030483244406456483,0.0,0.0,0.0,0.0,0.0769429573932782,0.07739800606776465,0.07739800606776465,0.09574355913974736,0.10013406576166212,0.1105891363650642,0.11541990871508562,0.05078125,0.0,0.0,0.0,-0.05263559749353124,1.0,0.27788456733668554,0.710354509198396,0.374461423169557,0.26730438509013116,1.0034229064699782
Llama-3.1-8B-Instruct,tulu,27,7,0.07164022500658764,0.0737422973813004,0.0737422973813004,0.09233656380243155,0.09629147792308314,0.10756268919126233,0.1138617386075357,0.0234375,0.0,0.0,0.0,0.023221914198508175,0.023240890527829024,0.023240890527829024,0.027115477953414558,0.027983945427152906,0.030103247353274267,0.03186567634022966,0.0,0.0,0.0,0.0,0.05226384811551187,0.05362774470578949,0.05362774470578949,0.0665897072320546,0.0696768358499284,0.07741036221372037,0.08229009366624962,0.0,0.0,0.0,0.0,0.030392562445443735,0.03054741898030873,0.03054741898030873,0.03575829468695428,0.03698540756527684,0.040096402338821675,0.04220132756619795,0.0,0.0,0.0,0.0,0.021684043637653434,0.021685810666415464,0.021685810666415464,0.025772768042300016,0.02658330343113416,0.028806693715618687,0.03040164244945699,0.0,0.0,0.0,0.0,0.0721503332207845,0.07421731231690613,0.07421731231690613,0.09273329413947233,0.09672654592440338,0.10795435441094434,0.11426433408392216,0.02734375,0.0,0.0,0.0,-0.04841831080807946,1.0,0.27986700202099124,0.7196767094217339,0.37277240500676173,0.2678130672653241,1.003641273964298
Llama-3.1-8B-Instruct,tulu,28,7,0.07080266628188715,0.07053308631709763,0.07053308631709763,0.09079796428862351,0.09400586360886554,0.1044337302271688,0.11000447246297464,0.01953125,0.0,0.0,0.0,0.022649918232403393,0.022750088294376036,0.022750088294376036,0.025712589729908232,0.02650056645458864,0.02847422406437602,0.02913107959700693,0.0,0.0,0.0,0.0,0.05001017889354763,0.05000676593523353,0.05000676593523353,0.06337723790233657,0.06539475511511728,0.07281763233138766,0.07616197790466932,0.0,0.0,0.0,0.0,0.030524285367686546,0.030616278172685748,0.030616278172685748,0.03497490162298582,0.03612918283064501,0.03883463655529682,0.03974135471790873,0.0,0.0,0.0,0.0,0.021189026522467496,0.021262608630700088,0.021262608630700088,0.024359175609766172,0.025166274786087947,0.02714953676794706,0.02780301914634369,0.0,0.0,0.0,0.0,0.07127768479702305,0.07100780167742662,0.07100780167742662,0.09118647590830922,0.09436775679413106,0.10479908709530865,0.11035196382412135,0.01953125,0.0,0.0,0.0,-0.04815274804948376,1.0,0.2726535191497771,0.6972616239311913,0.3718591346954861,0.25996904169649215,1.0034984565556082
Llama-3.1-8B-Instruct,tulu,29,7,0.07063052181146653,0.07151226549918221,0.07151226549918221,0.08760914978950768,0.0908025476884126,0.10148973590145359,0.10387961266456257,0.015625,0.0,0.0,0.0,0.024244920414116487,0.024542959659475182,0.024542959659475182,0.027551782822341477,0.028489714029962244,0.030824574974662396,0.03113705524359424,0.0,0.0,0.0,0.0,0.05386802839331217,0.054502681812455656,0.054502681812455656,0.06681599730075419,0.06933735046253368,0.07688310453319767,0.07923653893957751,0.0,0.0,0.0,0.0,0.03140166985946596,0.031803935750098614,0.031803935750098614,0.03578011196879806,0.03710468213179044,0.04008888109777652,0.04043995637979846,0.0,0.0,0.0,0.0,0.02258373877311813,0.02293432364744403,0.02293432364744403,0.025968843935008513,0.026941032620199576,0.029200483989384938,0.02974156117858623,0.0,0.0,0.0,0.0,0.07119066164096269,0.0720696215771649,0.0720696215771649,0.08812070102127695,0.09124379410811291,0.10189533235207414,0.10427956154932871,0.015625,0.0,0.0,0.0,-0.04638560139735003,1.0,0.303721107369843,0.757545616315832,0.39500429025357575,0.2877185927228993,1.003996428279352
Llama-3.1-8B-Instruct,tulu,30,7,0.06151751561311397,0.06197131269029941,0.06197131269029941,0.07657231314262744,0.07996721921179237,0.08718946278896443,0.09239848712659579,0.0,0.0,0.0,0.0,0.01901004414681155,0.019166133254779505,0.019166133254779505,0.0213977157382794,0.02172089770731807,0.023223951597153118,0.024368428894722186,0.0,0.0,0.0,0.0,0.04306598687001668,0.043314124140576504,0.043314124140576504,0.05316495582446408,0.05572881265112448,0.06068495369722169,0.06414144009378976,0.0,0.0,0.0,0.0,0.02635587177417331,0.026671968733480232,0.026671968733480232,0.02977770586179375,0.030378540327491155,0.032407140217023435,0.03405515027516809,0.0,0.0,0.0,0.0,0.017576269597394535,0.01762227140541549,0.01762227140541549,0.020117632622826336,0.020462476179468173,0.02192593224212728,0.02297646848668329,0.0,0.0,0.0,0.0,0.06195580865715544,0.062402784653400725,0.062402784653400725,0.07696376535399307,0.08027977344904014,0.08748132665435555,0.09275979599791277,0.0,0.0,0.0,0.0,-0.04250747146630243,1.0,0.266361907210794,0.6960124739397131,0.3716864306809929,0.25147456516846944,1.0033474671830191
Llama-3.1-8B-Instruct,tulu,31,7,0.03220889106732565,0.03175857183062576,0.03175857183062576,0.04041953957799725,0.04257043673963919,0.0471670115234734,0.050724590129365366,0.0,0.0,0.0,0.0,0.010946023551413574,0.010987935302116829,0.010987935302116829,0.012328047499194823,0.012701789287788435,0.013305487663715632,0.014224065519692663,0.0,0.0,0.0,0.0,0.022684314649636737,0.022456917658969594,0.022456917658969594,0.028198781219024478,0.029567213877256693,0.03250780508706911,0.034848974921608246,0.0,0.0,0.0,0.0,0.0145956881523924,0.014612624113987342,0.014612624113987342,0.016744314330106286,0.01723552256656586,0.018287395759450674,0.019715899317255973,0.0,0.0,0.0,0.0,0.01000171662875867,0.010064387328551945,0.010064387328551945,0.011400828429468868,0.011797523831024727,0.012476546307885744,0.01336885679232531,0.0,0.0,0.0,0.0,0.03252213715005596,0.03205317595209907,0.03205317595209907,0.04067127146387052,0.04279778761080077,0.047385438911074114,0.050956431328369176,0.0,0.0,0.0,0.0,-0.021262867515912075,1.0,0.2820930823038036,0.6892063761743966,0.38771580324417343,0.2645184824074893,1.0046309354895637
Llama-3.1-8B-Instruct,commonsense,0,7,0.03186209850304879,0.03242527923406208,0.03242527923406208,0.033836660867456986,0.03422401190423124,0.03496046730861082,0.035228953415293446,0.0,0.0,0.0,0.0,0.0207374357303831,0.021179976331675718,0.021179976331675718,0.0218356504104084,0.022017569345456296,0.022270091052289113,0.022415085059787117,0.0,0.0,0.0,0.0,0.024928236336149077,0.025486389979134258,0.025486389979134258,0.026371691985951042,0.026617473468187394,0.027158543258547066,0.02741790382827425,0.0,0.0,0.0,0.0,0.025336389558849738,0.025861311823912957,0.025861311823912957,0.026690375166356785,0.026902759732372918,0.027243902102491568,0.02753053096681797,0.0,0.0,0.0,0.0,0.017913589007686834,0.018326772793143334,0.018326772793143334,0.018903171403912962,0.01900866237100409,0.019290325078549966,0.019384420769222734,0.0,0.0,0.0,0.0,0.033521060325098814,0.03409606926469683,0.03409606926469683,0.03557288683835917,0.0358772546437468,0.03657472487592523,0.03684040631900007,0.0,0.0,0.0,0.0,-0.011124662772665689,1.0,0.6370078195952477,0.77683581912127,0.7792774010140692,0.5517753784085926,1.0461737983381252
Llama-3.1-8B-Instruct,commonsense,1,7,0.027130991939247277,0.027001296588513073,0.027001296588513073,0.030540330219474925,0.030853004381211954,0.031075429467143534,0.031250967475118366,0.0,0.0,0.0,0.0,0.018929387969967813,0.018952454846560364,0.018952454846560364,0.020160307593015906,0.02031190770398323,0.020403347521715742,0.020580525937934288,0.0,0.0,0.0,0.0,0.022349403525560356,0.02216411816539808,0.02216411816539808,0.025252425582103524,0.025484901072903084,0.025710597595069218,0.025916200770308755,0.0,0.0,0.0,0.0,0.02263257171061039,0.022657337443943094,0.022657337443943094,0.02408234358379884,0.024245700755120437,0.024329658062647763,0.02455662737546147,0.0,0.0,0.0,0.0,0.01624297146301687,0.01630248890029408,0.01630248890029408,0.0174403905242949,0.017560624022781683,0.01768804245653713,0.01775200864519883,0.0,0.0,0.0,0.0,0.028820832380638886,0.028655574916436593,0.028655574916436593,0.03215798574330904,0.032431623639179744,0.03268023269484078,0.032950405234488965,0.0,0.0,0.0,0.0,-0.008201603969279466,1.0,0.6565749169545179,0.8273609741179402,0.7829226652642672,0.569197039585211,1.051642189833419
Llama-3.1-8B-Instruct,commonsense,2,7,0.04393343581203721,0.04350652075755351,0.04350652075755351,0.05069977336519208,0.051374896806493944,0.05224229996433252,0.053149929247883865,0.0,0.0,0.0,0.0,0.030212745600598216,0.03046386450190658,0.03046386450190658,0.03272438853081382,0.03285868688150337,0.033210627562921397,0.03378834101674961,0.0,0.0,0.0,0.0,0.03728306997233763,0.036884036014595376,0.036884036014595376,0.04317246681877124,0.04374170059279855,0.04450413040035422,0.04532200229035906,0.0,0.0,0.0,0.0,0.03573620902456633,0.03604546530443113,0.03604546530443113,0.03863329240999459,0.03879837435711932,0.039214717828691625,0.03986210908921875,0.0,0.0,0.0,0.0,0.02596589975669627,0.026089552930349025,0.026089552930349025,0.028488790002779416,0.028690776359261108,0.0290364311138514,0.02951708437004635,0.0,0.0,0.0,0.0,0.04657428550272063,0.04624681364148019,0.04624681364148019,0.053218812203464264,0.05390287379638268,0.0545976551188928,0.05547850169805069,0.0,0.0,0.0,0.0,-0.013720690211438999,1.0,0.6357037799942833,0.851879232551756,0.7506315352782086,0.5558030778444956,1.0450852117186333
Llama-3.1-8B-Instruct,commonsense,3,7,0.057881130245254465,0.060057845465991994,0.060057845465991994,0.0642933519634542,0.06483156453285026,0.06537711631963679,0.06606528209784741,0.0,0.0,0.0,0.0,0.03536496837810321,0.036380183193919544,0.036380183193919544,0.03733611854199492,0.03758834807107589,0.03794538432637907,0.03810910857787971,0.0,0.0,0.0,0.0,0.04732161346719956,0.04901242941027607,0.04901242941027607,0.05254389560775369,0.05302751945682749,0.053447661649920125,0.05396685585309005,0.0,0.0,0.0,0.0,0.04312203042659785,0.04440575540023478,0.04440575540023478,0.045534191968617646,0.04578769592851646,0.04620947530968327,0.04634003760940024,0.0,0.0,0.0,0.0,0.030299826463906002,0.03135181038032696,0.03135181038032696,0.03224540249539294,0.03252759937046099,0.032681759145183883,0.03276919723703935,0.0,0.0,0.0,0.0,0.06070943440155336,0.0629144433951278,0.0629144433951278,0.06691421494430957,0.06751306936800815,0.06800081254108716,0.06862834783553659,0.0,0.0,0.0,0.0,-0.02251616186715125,1.0,0.5804077399324161,0.8175285888812824,0.7068142174359519,0.49989600314273164,1.0401317214516284
Llama-3.1-8B-Instruct,commonsense,4,7,0.054788901805319985,0.05533207643060009,0.05533207643060009,0.05902669740942855,0.06002309700744734,0.06148784376719956,0.06182188410912737,0.0,0.0,0.0,0.0,0.036104544811024215,0.03663945418914029,0.03663945418914029,0.03790074982689415,0.03820059321250792,0.03867845979647593,0.03896012372012487,0.0,0.0,0.0,0.0,0.0462470266933067,0.04665093609079957,0.04665093609079957,0.04994192528376666,0.05081898796344059,0.05205564038967673,0.05237183266192348,0.0,0.0,0.0,0.0,0.04280720219845137,0.04345193451584077,0.04345193451584077,0.04490583581397614,0.04526999880402598,0.04581619700827923,0.04613304992922545,0.0,0.0,0.0,0.0,0.03125770297947475,0.0316763027900559,0.0316763027900559,0.03318636651232712,0.033561787344335126,0.033968338446431386,0.03419267306092658,0.0,0.0,0.0,0.0,0.05769665177941138,0.058368985261057216,0.058368985261057216,0.06179491278399736,0.0627587027939686,0.06409210473795192,0.06460865280556036,0.0,0.0,0.0,0.0,-0.01868435699429577,1.0,0.6290423834492762,0.8466005180920915,0.745126096497137,0.5524399030000082,1.0423540786470316
Llama-3.1-8B-Instruct,commonsense,5,7,0.062173812877110046,0.0614819834073395,0.0614819834073395,0.07376625883096259,0.07475963744704545,0.07637321367804473,0.07787816221079316,0.0,0.0,0.0,0.0,0.04049379230445551,0.03972435514257647,0.03972435514257647,0.045757697976586464,0.046112666982992705,0.04652203674574271,0.04719060481382473,0.0,0.0,0.0,0.0,0.05146204920801545,0.050859195795817436,0.050859195795817436,0.06102648188435261,0.06196839618164847,0.06316195291430353,0.06447319599951659,0.0,0.0,0.0,0.0,0.048913815055165275,0.04798038375816292,0.04798038375816292,0.05531480675193577,0.05574412106920722,0.056245670196355124,0.05701150939541959,0.0,0.0,0.0,0.0,0.03454567121273963,0.033904710282639444,0.033904710282639444,0.0393726121736061,0.03964073237786656,0.04012035337458405,0.040559315003348806,0.0,0.0,0.0,0.0,0.06567884605415598,0.06485940727342557,0.06485940727342557,0.07750256904677018,0.07837218903270989,0.07986843957422865,0.08153895777171755,0.0,0.0,0.0,0.0,-0.021680020572654543,1.0,0.6091407511258959,0.8270170897949384,0.7364580785281825,0.525319695773357,1.0457650755789618
Llama-3.1-8B-Instruct,commonsense,6,7,0.06282553316782932,0.06577997280021987,0.06577997280021987,0.07361209269742668,0.07484436729410782,0.07709862258520486,0.07765522197412919,0.0,0.0,0.0,0.0,0.04108407234487647,0.04089122258222566,0.04089122258222566,0.045661924420065184,0.045966085336375376,0.04621313099971025,0.046576580247634475,0.0,0.0,0.0,0.0,0.050296140605201684,0.05252454222281519,0.05252454222281519,0.05876162337712926,0.059588142754191296,0.061251695219580786,0.061788371918806845,0.0,0.0,0.0,0.0,0.05138195322309452,0.0511350078315945,0.0511350078315945,0.05730926323618392,0.057653478041276615,0.0579627268457406,0.058448349902371306,0.0,0.0,0.0,0.0,0.03489255275296585,0.034882706341633325,0.034882706341633325,0.03890766266582582,0.0391421375923174,0.03936720054354784,0.03994647293711926,0.0,0.0,0.0,0.0,0.06648292706251482,0.06909352231060426,0.06909352231060426,0.07740379434696333,0.07853767444474591,0.08071457249051188,0.08119465890741105,0.0,0.0,0.0,0.0,-0.021741460822952866,1.0,0.5994028096758566,0.7944590080307727,0.7517997715417497,0.5106083510122573,1.0469003178534206
Llama-3.1-8B-Instruct,commonsense,7,7,0.05992284539037549,0.05831713598186483,0.05831713598186483,0.06839483975473849,0.06960814033423923,0.07042058105691916,0.0714718519555188,0.0,0.0,0.0,0.0,0.03922822840435931,0.03853587428393358,0.03853587428393358,0.0434130101537164,0.04389439390971151,0.04429946102422032,0.04475033105834018,0.0,0.0,0.0,0.0,0.05075644797342431,0.049388682184308474,0.049388682184308474,0.058023195105655685,0.05902109091153161,0.05972671746498134,0.0606275403331697,0.0,0.0,0.0,0.0,0.04635206744059897,0.04555287979195656,0.04555287979195656,0.05123414222485979,0.05179448064625765,0.05227224607131056,0.05281198991637752,0.0,0.0,0.0,0.0,0.03430823467083137,0.03352278167285998,0.03352278167285998,0.0383537077139271,0.03881414270763256,0.039300544315143945,0.03982864329777715,0.0,0.0,0.0,0.0,0.06288134315484231,0.0612198496150837,0.0612198496150837,0.07132549982214387,0.07254427582294781,0.07327906286222262,0.07433385828237478,0.0,0.0,0.0,0.0,-0.020694616986016177,1.0,0.6290698025966897,0.8481429231137095,0.7422864919143487,0.5580832155215862,1.0405915680103948
Llama-3.1-8B-Instruct,commonsense,8,7,0.05779488996053351,0.058465022222005114,0.058465022222005114,0.06318208455417937,0.06459825470834935,0.06612955934961492,0.06824642529077386,0.0,0.0,0.0,0.0,0.03802126818147934,0.038102482348780845,0.038102482348780845,0.04120743715182028,0.0415342923127584,0.04179962837198427,0.042316454053051164,0.0,0.0,0.0,0.0,0.04643311207435132,0.046969595005343076,0.046969595005343076,0.05073615038372533,0.051888050598451495,0.05296596484526988,0.0546121749875996,0.0,0.0,0.0,0.0,0.04701356329116338,0.04705432832252193,0.04705432832252193,0.05103145495182428,0.05148031224495059,0.051800396230641706,0.052418489586766134,0.0,0.0,0.0,0.0,0.03223009300181889,0.03215402432589452,0.03215402432589452,0.03536096707854264,0.035750891397064805,0.03598066411824322,0.036530882606705936,0.0,0.0,0.0,0.0,0.061217118103401386,0.061848487089026585,0.061848487089026585,0.06657760152372398,0.0678774755579042,0.0693684411652642,0.07146601856589936,0.0,0.0,0.0,0.0,-0.019773621779054167,1.0,0.6320869030896947,0.8009423526512324,0.7833168214048192,0.5440935108613081,1.0489778224368
Llama-3.1-8B-Instruct,commonsense,9,7,0.06366526453058068,0.06436840693151083,0.06436840693151083,0.0748090738671684,0.0761209723190572,0.07839763229861109,0.08221522495060946,0.0,0.0,0.0,0.0,0.04091300614225671,0.041252230627351005,0.041252230627351005,0.044503235877829894,0.04485718449586069,0.04523372375824368,0.045652826801178784,0.0,0.0,0.0,0.0,0.05116881407478796,0.05188548461616457,0.05188548461616457,0.059632852019905605,0.06054230435860703,0.06245407794886282,0.06511645627620118,0.0,0.0,0.0,0.0,0.050393509140375256,0.05070843024987645,0.05070843024987645,0.05490629385919574,0.05533687192980756,0.055858540286900085,0.05637044719129037,0.0,0.0,0.0,0.0,0.03526863979349813,0.035571790512293575,0.035571790512293575,0.03895328849672368,0.03923549344725811,0.03971233762679628,0.039963324136380055,0.0,0.0,0.0,0.0,0.06698412387251573,0.06772762136507682,0.06772762136507682,0.07778089755040102,0.07915252220779743,0.08143964624046442,0.08499284571550389,0.0,0.0,0.0,0.0,-0.02275225838832397,1.0,0.5769781871211569,0.796632195612485,0.7125028989923933,0.5065502166638753,1.0388023700800875
Llama-3.1-8B-Instruct,commonsense,10,7,0.06764756955333363,0.06891190567980712,0.06891190567980712,0.07748790115198165,0.07943555556671619,0.08275439253011578,0.08451864878941967,0.0,0.0,0.0,0.0,0.036215366018307375,0.03653961691352059,0.03653961691352059,0.03907357841353973,0.03939656892071368,0.039863089631477916,0.04065909340228655,0.0,0.0,0.0,0.0,0.05072669558957906,0.05156538218442488,0.05156538218442488,0.05803447528096306,0.05949475554911748,0.06205907147682867,0.06308764444014442,0.0,0.0,0.0,0.0,0.047403802374484424,0.04786017104484702,0.04786017104484702,0.051193313260626455,0.05164946765556584,0.05233474269207436,0.05331232742947454,0.0,0.0,0.0,0.0,0.03049982556254655,0.03080761349452503,0.03080761349452503,0.033351622490318845,0.03372140021551259,0.03428685642996857,0.03491973884599036,0.0,0.0,0.0,0.0,0.07041821748758112,0.07168904963113681,0.07168904963113681,0.08003853402310449,0.08201532450213334,0.08527735082188896,0.0868222570452485,0.0,0.0,0.0,0.0,-0.031432203535026265,1.0,0.4817036100769036,0.7499187605569612,0.6324104508776235,0.4143206829473249,1.0304873036298954
Llama-3.1-8B-Instruct,commonsense,11,7,0.064752336380208,0.06513559455780049,0.06513559455780049,0.07072138451567514,0.07169280547116111,0.07383866211491974,0.07569054549594743,0.0,0.0,0.0,0.0,0.03753218273731629,0.03815519634352364,0.03815519634352364,0.03964372026326585,0.03991462150747308,0.04026046536673601,0.04077842406386997,0.0,0.0,0.0,0.0,0.049333383168069095,0.049613295488500256,0.049613295488500256,0.05354262773213979,0.05422834270276647,0.055747064977861874,0.0570840764094803,0.0,0.0,0.0,0.0,0.04786250560627153,0.04860359545062808,0.04860359545062808,0.050697153182397786,0.051109677761184025,0.05164808988430864,0.052284585285036246,0.0,0.0,0.0,0.0,0.031211165006637526,0.031628969092579756,0.031628969092579756,0.03297941791104969,0.03321024456990295,0.033423847969234706,0.033998808210953455,0.0,0.0,0.0,0.0,0.06804281928022862,0.06833428307214029,0.06833428307214029,0.07399634981763556,0.07501254256704573,0.07708531028267337,0.07896952039501334,0.0,0.0,0.0,0.0,-0.02722015364289171,1.0,0.545249117651619,0.7549847651776141,0.6994721790046179,0.4526605305661562,1.0439694879993988
Llama-3.1-8B-Instruct,commonsense,12,7,0.061645509162952375,0.06189806960407487,0.06189806960407487,0.06691946135089093,0.0684967905386545,0.07129201575728011,0.07174396525078161,0.0,0.0,0.0,0.0,0.03269002922603226,0.033166812805253014,0.033166812805253014,0.03419261054016141,0.034495265282441234,0.03495399752324332,0.035166099460499846,0.0,0.0,0.0,0.0,0.04463985310891846,0.0448370066600442,0.0448370066600442,0.048528157851386144,0.04974014382749642,0.051732792800673645,0.05206749880141426,0.0,0.0,0.0,0.0,0.045251950614108125,0.045899311703275304,0.045899311703275304,0.04729324950725431,0.04770158414895892,0.04833041849308682,0.04860105273271294,0.0,0.0,0.0,0.0,0.02735827155903241,0.02772766196905983,0.02772766196905983,0.028809925168169596,0.029157777452171105,0.02964257182055539,0.03000360640117631,0.0,0.0,0.0,0.0,0.06419576051259389,0.06452058098470773,0.06452058098470773,0.06937775436294627,0.07100230491614312,0.07362982976739628,0.07407962974589222,0.0,0.0,0.0,0.0,-0.02895547993692011,1.0,0.49029329795144594,0.7256463749994453,0.6779218960175281,0.4157909059757282,1.0327920873786969
Llama-3.1-8B-Instruct,commonsense,13,7,0.06140792185371124,0.06326108843293904,0.06326108843293904,0.06733573710114293,0.06824573878431019,0.06999870127786384,0.07083621950152602,0.0,0.0,0.0,0.0,0.036142073416793735,0.03698517310084057,0.03698517310084057,0.03823353925841161,0.03847363415349925,0.03897048125532025,0.03909511579526399,0.0,0.0,0.0,0.0,0.04703092098676482,0.04822840561650789,0.04822840561650789,0.05170487544283032,0.05204726685036547,0.05401006972203002,0.05531722387386813,0.0,0.0,0.0,0.0,0.04664824461358956,0.04777186687043969,0.04777186687043969,0.04935669385255726,0.049632639376916726,0.05016690335425755,0.050334240070472665,0.0,0.0,0.0,0.0,0.030435731081531744,0.031148871499519205,0.031148871499519205,0.03235353840246806,0.032548621076848,0.03315920515777858,0.03350909011478733,0.0,0.0,0.0,0.0,0.06443863488645918,0.06631014393036103,0.06631014393036103,0.07038521475163181,0.0712946476840378,0.07291665101579742,0.07364067476554247,0.0,0.0,0.0,0.0,-0.025265848436917506,1.0,0.5567314899261445,0.7715867399829887,0.7166833446683127,0.4737117196810727,1.0416857696595057
Llama-3.1-8B-Instruct,commonsense,14,7,0.07318411393007905,0.07412992446192286,0.07412992446192286,0.07767180146175712,0.07829236948931265,0.07923578580128525,0.08033740533672955,0.0,0.0,0.0,0.0,0.03331518347539908,0.034003492082662526,0.034003492082662526,0.03479747117882434,0.03493117287782214,0.03521761681861095,0.03616535118261932,0.0,0.0,0.0,0.0,0.053722292708172775,0.05449252264050424,0.05449252264050424,0.05706805874510929,0.057574324213887154,0.058251977614560156,0.05903648563174585,0.0,0.0,0.0,0.0,0.04534955608378457,0.04627552199515577,0.04627552199515577,0.04736470804428848,0.04755531251020226,0.04795179722037151,0.04923505675135063,0.0,0.0,0.0,0.0,0.027902897269367517,0.028550973040002776,0.028550973040002776,0.029353631261114912,0.029472306335920916,0.02982780870528294,0.030074221230804606,0.0,0.0,0.0,0.0,0.07540183226703165,0.07641180149924219,0.07641180149924219,0.07987200388301971,0.08037233065187493,0.0813810283650964,0.08247886747103471,0.0,0.0,0.0,0.0,-0.03986893045467997,1.0,0.4444660510710768,0.7351725867987199,0.6051785406738998,0.3764436536300384,1.027074162792948
Llama-3.1-8B-Instruct,commonsense,15,7,0.07427976226345778,0.0748675232891571,0.0748675232891571,0.07913867973950559,0.08022274791518416,0.08261857554581287,0.0877231607109561,0.0,0.0,0.0,0.0,0.03189974168131502,0.032329491377925235,0.032329491377925235,0.033115639942416564,0.03321882479828503,0.0335292032868021,0.03432777956862509,0.0,0.0,0.0,0.0,0.04714901154344553,0.04760405367337972,0.04760405367337972,0.04998382428887106,0.050520320715802904,0.05183776955087217,0.05510909337353143,0.0,0.0,0.0,0.0,0.04975112601574026,0.050466436086452994,0.050466436086452994,0.05172798375923883,0.05195934510306474,0.052370162366302486,0.05333272925987176,0.0,0.0,0.0,0.0,0.02593272789200768,0.026349885195789673,0.026349885195789673,0.02717015915714846,0.02728183677662713,0.0274568790850373,0.02797435032970516,0.0,0.0,0.0,0.0,0.07658132758468728,0.07720644136712693,0.07720644136712693,0.08138841816588574,0.08240445890584307,0.08470283244875096,0.08960631682496097,0.0,0.0,0.0,0.0,-0.04238002058214277,1.0,0.40583129236124155,0.6274348015371868,0.6338787859791009,0.33233300021993445,1.0252274611268546
Llama-3.1-8B-Instruct,commonsense,16,7,0.11390706413615775,0.11280184134896526,0.11280184134896526,0.1260377129931267,0.13028484498295606,0.13576261401514012,0.14211349746192942,0.9375,0.0,0.0,0.0,0.032817931852900106,0.033341383892230174,0.033341383892230174,0.03408121797574105,0.034254214027724134,0.03470619583882274,0.035431558461776605,0.0,0.0,0.0,0.0,0.060765744683376796,0.060786940007954954,0.060786940007954954,0.06471035448831966,0.06674089054186651,0.06912754191919258,0.072390444856724,0.0,0.0,0.0,0.0,0.05727207502298017,0.057963035121349954,0.057963035121349954,0.05934768314179266,0.05978310665169913,0.060405459158879946,0.06197761784445969,0.0,0.0,0.0,0.0,0.027649466361188126,0.028100126398509888,0.028100126398509888,0.02880859701025545,0.02899865993952228,0.02960178764883983,0.029827341146904576,0.0,0.0,0.0,0.0,0.1153036697041945,0.11424272273652258,0.11424272273652258,0.12710630974142004,0.13137658413986192,0.1367769826574064,0.14311067166166544,0.9375,0.0,0.0,0.0,-0.08108913228325763,1.0,0.2556388302522839,0.5091795147041257,0.4449344143605219,0.21804079026895185,1.0074716345853003
Llama-3.1-8B-Instruct,commonsense,17,7,0.07318785847937628,0.07469298210660785,0.07469298210660785,0.07794566961184173,0.0783505775637921,0.07945366853632459,0.08159086254713313,0.0,0.0,0.0,0.0,0.03006573118065287,0.03094869977394233,0.03094869977394233,0.03181975976471632,0.03203316153095857,0.03269182706896142,0.032988716308056235,0.0,0.0,0.0,0.0,0.04860937968156452,0.049798658461787576,0.049798658461787576,0.05285619558092798,0.053459096391702994,0.05471643542401257,0.05528890663134797,0.0,0.0,0.0,0.0,0.04226781306689159,0.043373554272789536,0.043373554272789536,0.04436996164886388,0.044584161435278304,0.04538009796690976,0.04572940144135241,0.0,0.0,0.0,0.0,0.025983490348887472,0.02686392571947717,0.02686392571947717,0.027784680049567037,0.028044457007931223,0.028626023918606767,0.0289253581790462,0.0,0.0,0.0,0.0,0.07473994611841087,0.0762541071832192,0.0762541071832192,0.07945971467604701,0.07984621295775217,0.08100328511179816,0.08304794702734167,0.0,0.0,0.0,0.0,-0.0431221272987234,1.0,0.41145774224402726,0.6886583896248584,0.5711517013989469,0.3602857419417901,1.0195033986978854
Llama-3.1-8B-Instruct,commonsense,18,7,0.05811938046802318,0.06025266432281912,0.06025266432281912,0.06397443870744571,0.06515377211668873,0.06803680553010862,0.06966291540710469,0.0,0.0,0.0,0.0,0.02639863114662523,0.026961473060701804,0.026961473060701804,0.028143400115082616,0.028445746112216418,0.029140725567515926,0.02962026974812325,0.0,0.0,0.0,0.0,0.040879379072388713,0.0421816530106003,0.0421816530106003,0.04541731663989523,0.04631949459818892,0.04850622644678943,0.04974738397566697,0.0,0.0,0.0,0.0,0.0364550832075557,0.03720938355595929,0.03720938355595929,0.03877008070947667,0.03923364769347624,0.0399789518955658,0.04072667033970756,0.0,0.0,0.0,0.0,0.022824944896231977,0.0233428984880033,0.0233428984880033,0.024607749529547286,0.025032879592562608,0.025794531021280768,0.02592568684561188,0.0,0.0,0.0,0.0,0.05962355887021385,0.06173179844389472,0.06173179844389472,0.06538362389493638,0.06657998692215011,0.06938909437902056,0.07099949898389361,0.0,0.0,0.0,0.0,-0.03172074932139794,1.0,0.4283082566923304,0.7129409746511948,0.5876077159130252,0.379126133572891,1.0198758427644508
Llama-3.1-8B-Instruct,commonsense,19,7,0.06057509766085465,0.06174893773098788,0.06174893773098788,0.06543165651744032,0.06653889113214125,0.06769440409125949,0.0708120622481996,0.0,0.0,0.0,0.0,0.026286260470479304,0.02693462979889758,0.02693462979889758,0.027961831423745795,0.028238838130753455,0.028836167446692425,0.02947910399564502,0.0,0.0,0.0,0.0,0.040089590214491,0.04107429507601808,0.04107429507601808,0.04351024864049424,0.044081298693473825,0.045632743513269396,0.048264544172507744,0.0,0.0,0.0,0.0,0.040274315463495344,0.04132704274497258,0.04132704274497258,0.04269417298703079,0.043023124479010695,0.04407712314326343,0.04484169900517275,0.0,0.0,0.0,0.0,0.02224710041154585,0.02291783879024218,0.02291783879024218,0.023957403583958706,0.02418465829767554,0.02495447002123826,0.025643124342045524,0.0,0.0,0.0,0.0,0.062170448387067714,0.06333367649307682,0.06333367649307682,0.067011897284288,0.06806138198986701,0.06928820147310057,0.07230381584726579,0.0,0.0,0.0,0.0,-0.03428883719037534,1.0,0.4259756450151789,0.6740991980925255,0.651119154307683,0.36863416343242933,1.0235440049031597
Llama-3.1-8B-Instruct,commonsense,20,7,0.06483028643814731,0.06467609256259671,0.06467609256259671,0.07396265937418944,0.07642908062850282,0.07965444493128909,0.08670468415629573,0.0,0.0,0.0,0.0,0.022185780893602854,0.022437229965400284,0.022437229965400284,0.023703389557292596,0.024101444798971167,0.024682671459036454,0.025483017799297215,0.0,0.0,0.0,0.0,0.043230634778734935,0.04287788589983338,0.04287788589983338,0.04979214210155762,0.05164507637646778,0.05396999881553724,0.058499102519927584,0.0,0.0,0.0,0.0,0.0328919619851296,0.03322814930207989,0.03322814930207989,0.034961667127585194,0.03551880598070727,0.036384879533897935,0.03756957276062457,0.0,0.0,0.0,0.0,0.018582726912578708,0.01869103023999019,0.01869103023999019,0.020372795906463105,0.02079612216095964,0.02141351134239835,0.022403006306952918,0.0,0.0,0.0,0.0,0.06596586656004913,0.06585892458010988,0.06585892458010988,0.07496667009890076,0.07739286196680531,0.08057130020467422,0.08756283392141054,0.0,0.0,0.0,0.0,-0.042644505544544464,1.0,0.30987186566083075,0.6775516276849638,0.4567840446981205,0.2688300867687912,1.011510409421295
Llama-3.1-8B-Instruct,commonsense,21,7,0.063250276181151,0.06644281551768992,0.06644281551768992,0.06981424062233604,0.07097250407323008,0.07367472265577595,0.07688683849026194,0.0,0.0,0.0,0.0,0.020889805407855386,0.021564363519966774,0.021564363519966774,0.022260197693970866,0.022350661549687074,0.022703328479389155,0.02334835756993461,0.0,0.0,0.0,0.0,0.036524927898338624,0.038819933939964926,0.038819933939964926,0.04102994155541981,0.0416600647887374,0.04356801415583709,0.04492109276171613,0.0,0.0,0.0,0.0,0.03497506207194476,0.03600759418746016,0.03600759418746016,0.03700150143226331,0.037165493058452896,0.03756962181002226,0.03893830544274175,0.0,0.0,0.0,0.0,0.01688150116297782,0.017579075391329153,0.017579075391329153,0.018294059153425253,0.018412767740917085,0.018946829781105734,0.019444102458177463,0.0,0.0,0.0,0.0,0.06443425660788288,0.06764675152232905,0.06764675152232905,0.07091614108575348,0.07206518984695884,0.07472075521380792,0.07796795234004268,0.0,0.0,0.0,0.0,-0.04236047077329562,1.0,0.3081562802138253,0.5913563374971381,0.5099391006268943,0.2571686610837936,1.0141979843333684
Llama-3.1-8B-Instruct,commonsense,22,7,0.0664074645371009,0.06765326305244222,0.06765326305244222,0.07131478326313945,0.0724035161434061,0.07645170111009172,0.08002178022031188,0.0,0.0,0.0,0.0,0.02245608702720298,0.02306079142534831,0.02306079142534831,0.023674768036771293,0.023882308088035212,0.024220133228030672,0.024451789386860084,0.0,0.0,0.0,0.0,0.037999946827342534,0.03917901309969739,0.03917901309969739,0.04088963113220557,0.041312553203760045,0.04227065869437915,0.042953864816978944,0.0,0.0,0.0,0.0,0.03655625136778987,0.03732103377425427,0.03732103377425427,0.038431578548255414,0.03860153659559181,0.03921751312939537,0.039417200743482234,0.0,0.0,0.0,0.0,0.019581943635934372,0.020241307699229716,0.020241307699229716,0.020899122732934393,0.021149425298695852,0.02134547392277962,0.021588317597037096,0.0,0.0,0.0,0.0,0.06731932045730375,0.06857220422700881,0.06857220422700881,0.07221390848294992,0.0731768513630556,0.07728089419726343,0.08075147752887085,0.0,0.0,0.0,0.0,-0.04395137750989792,1.0,0.3168030648939162,0.5529067120888349,0.5129710988761584,0.27920207938920527,1.010845973014749
Llama-3.1-8B-Instruct,commonsense,23,7,0.03786559933802307,0.039868114856988365,0.039868114856988365,0.04253344275333909,0.04336097851880732,0.044829661102391644,0.045461795735198866,0.0,0.0,0.0,0.0,0.017461376669604966,0.018122476680983258,0.018122476680983258,0.018718187019302224,0.01884607527670234,0.018978829621706838,0.01941205233466767,0.0,0.0,0.0,0.0,0.02814358456935775,0.029832924017723132,0.029832924017723132,0.031776702162288964,0.032043697873500615,0.03299863869681996,0.03365182145456197,0.0,0.0,0.0,0.0,0.023289641138829115,0.024094753519092967,0.024094753519092967,0.024867364134013074,0.02507672950532338,0.02527596677601331,0.025923372536230598,0.0,0.0,0.0,0.0,0.014906108730276368,0.015578536012451391,0.015578536012451391,0.016241470203530492,0.016348818778570688,0.016544759609558986,0.016887953852350854,0.0,0.0,0.0,0.0,0.03895541585438374,0.040931803735227465,0.040931803735227465,0.043527133025223874,0.044360847103560426,0.045774042524643635,0.046471717738267734,0.0,0.0,0.0,0.0,-0.020404222668418105,1.0,0.4233542961290494,0.7360894078911405,0.5638223924620489,0.3690583243930954,1.0210659951253036
Llama-3.1-8B-Instruct,commonsense,24,7,0.031301339696239584,0.0334035768532448,0.0334035768532448,0.03539719975401252,0.035653322414570116,0.03622634460854247,0.036644635508073946,0.0,0.0,0.0,0.0,0.016947331274093154,0.017467662595131238,0.017467662595131238,0.01816141953801096,0.018265832824663666,0.01842999570127561,0.018810926848243925,0.0,0.0,0.0,0.0,0.024408780060482436,0.025982188484617127,0.025982188484617127,0.027491104110539104,0.027684556127706504,0.02809558367072394,0.02843335541934258,0.0,0.0,0.0,0.0,0.021261024380320966,0.02194287030784831,0.02194287030784831,0.02284354653080128,0.022946687052254958,0.023167352453464303,0.02349648206268758,0.0,0.0,0.0,0.0,0.014684107005455454,0.015253700763888385,0.015253700763888385,0.01593240227541695,0.0160186945167004,0.016229830421779907,0.016636882931118813,0.0,0.0,0.0,0.0,0.03243877571176382,0.03445036420674909,0.03445036420674909,0.036449195822571556,0.03669847155541101,0.03725655995988477,0.0376743055059225,0.0,0.0,0.0,0.0,-0.014354008422146429,1.0,0.5087456628712594,0.7755566832458931,0.6395167026595682,0.44801181563189735,1.0284382915934436
Llama-3.1-8B-Instruct,commonsense,25,7,0.041488854312400264,0.04423488327004878,0.04423488327004878,0.046754919685208014,0.04769933522074505,0.04981124159739369,0.05010852253409093,0.0,0.0,0.0,0.0,0.017374619775513273,0.017944173877069113,0.017944173877069113,0.0186138985813326,0.019401040683428787,0.019991839030551902,0.02023951196669012,0.0,0.0,0.0,0.0,0.029018526637941466,0.03068816594435217,0.03068816594435217,0.03258237964149714,0.034431279749279176,0.03576886053633749,0.03637980670819926,0.0,0.0,0.0,0.0,0.02376910056240063,0.024554030784758558,0.024554030784758558,0.025471607563160283,0.02659802222348912,0.027219443138885697,0.02745298494788078,0.0,0.0,0.0,0.0,0.015113560171318874,0.015716581833691942,0.015716581833691942,0.016503343712917097,0.01731845449043993,0.01781982528372232,0.01815885589497652,0.0,0.0,0.0,0.0,0.042379248158808364,0.04504329155692054,0.04504329155692054,0.047547768444019166,0.048484394189753824,0.050560410793860436,0.05085593864862575,0.0,0.0,0.0,0.0,-0.024114234536886995,1.0,0.4013519516766663,0.7180881140334604,0.5464518101935834,0.3577470609496857,1.0150401630724648
Llama-3.1-8B-Instruct,commonsense,26,7,0.037572360702909355,0.03806456750090779,0.03806456750090779,0.043323533587892094,0.04561398584877044,0.0482455833303184,0.04845440348659298,0.0,0.0,0.0,0.0,0.01697936248724603,0.01748004456397849,0.01748004456397849,0.0179957888366366,0.018828039539935004,0.019446259060007364,0.019559036302532848,0.0,0.0,0.0,0.0,0.027531010395783914,0.027969362531222702,0.027969362531222702,0.03114385557206939,0.034140196849003185,0.036398570841828286,0.0368060229071195,0.0,0.0,0.0,0.0,0.02251090744274027,0.02317644954263015,0.02317644954263015,0.023811732002630554,0.024773303283256543,0.02556559816957879,0.025667729905785128,0.0,0.0,0.0,0.0,0.014933903296522853,0.015450651914799994,0.015450651914799994,0.015961467591067296,0.016821623734029213,0.017514063526372473,0.017666158104226667,0.0,0.0,0.0,0.0,0.0384460822615971,0.038961171473944456,0.038961171473944456,0.04404358526448453,0.046348876059852794,0.04897003130353875,0.04918039041244224,0.0,0.0,0.0,0.0,-0.020592998215663325,1.0,0.40306817158508645,0.7544435848691411,0.5299054629424058,0.3630190023086801,1.0150158402741312
Llama-3.1-8B-Instruct,commonsense,27,7,0.044209279702161174,0.04407472299323395,0.04407472299323395,0.05269933528128519,0.05548086392957556,0.058969939314647175,0.05941353365800776,0.0,0.0,0.0,0.0,0.016290366416186107,0.016520292658119412,0.016520292658119412,0.01766738159161812,0.01843121932418253,0.01912072549927187,0.019340001684523826,0.0,0.0,0.0,0.0,0.029057649442100993,0.02916839897131221,0.02916839897131221,0.03448539627104098,0.03808769430826813,0.04061016147168473,0.041202719962204946,0.0,0.0,0.0,0.0,0.02483822481509257,0.025271141939212687,0.025271141939212687,0.026887349459341493,0.027781600715401512,0.028230685752283467,0.028597131534470945,0.0,0.0,0.0,0.0,0.013805514937868708,0.014047558648769892,0.014047558648769892,0.015213737679342938,0.016177591388559582,0.01692599146135508,0.0171714907663974,0.0,0.0,0.0,0.0,0.045055514338628685,0.044917486433818016,0.044917486433818016,0.053440720561859674,0.05623126197089055,0.059625911625226825,0.06007292268512085,0.0,0.0,0.0,0.0,-0.027918913285975067,1.0,0.3242452972055644,0.6886586953227172,0.47873011368813506,0.2870274525982247,1.0111238423882305
Llama-3.1-8B-Instruct,commonsense,28,7,0.04189811014152593,0.04383042781628546,0.04383042781628546,0.04689249264634909,0.047591732918481636,0.049062510762617806,0.049951816725292635,0.0,0.0,0.0,0.0,0.015348503727078362,0.015622832011895613,0.015622832011895613,0.016631746136236136,0.016735905502325572,0.017115924466045426,0.01729611151930586,0.0,0.0,0.0,0.0,0.02622369735731306,0.027345794313792995,0.027345794313792995,0.029619978417005293,0.03023521793119723,0.031056884166053872,0.03169692766104139,0.0,0.0,0.0,0.0,0.022120107228566215,0.022531966299746818,0.022531966299746818,0.023643572243828615,0.023922360583688136,0.024436955203847716,0.024771544389556765,0.0,0.0,0.0,0.0,0.013201738043473708,0.013558937754063933,0.013558937754063933,0.014500273078294872,0.0146534206927906,0.015033448012011636,0.015130400159718206,0.0,0.0,0.0,0.0,0.042638620137414054,0.044538065616762657,0.044538065616762657,0.04758904142477932,0.04827966444507459,0.049742632805916086,0.05062423995500095,0.0,0.0,0.0,0.0,-0.02654960641444757,1.0,0.34885953042351353,0.6330064173910366,0.49807795858802567,0.30641415977973285,1.0138623570772591
Llama-3.1-8B-Instruct,commonsense,29,7,0.05793257915915616,0.05844333951575998,0.05844333951575998,0.06424594191661687,0.07057712276340959,0.0726736625705418,0.07369867336172625,0.0,0.0,0.0,0.0,0.017477985127729728,0.01773024659300767,0.01773024659300767,0.01890438782595149,0.020403961210225606,0.02112601065293765,0.021302488179182837,0.0,0.0,0.0,0.0,0.03612709578970301,0.0361678813218848,0.0361678813218848,0.04119795911119674,0.04581293646583985,0.048004856811913334,0.048646897521269564,0.0,0.0,0.0,0.0,0.026203748792270526,0.0265845173539474,0.0265845173539474,0.028212496663867347,0.03031127192602382,0.031095733743498923,0.031460041534448493,0.0,0.0,0.0,0.0,0.015354607363489248,0.01551258096516157,0.01551258096516157,0.016941559876604978,0.018337518316241325,0.019084943616038633,0.019271318943168376,0.0,0.0,0.0,0.0,0.0585321069018795,0.05906878710427976,0.05906878710427976,0.06478206073952697,0.07116434008714304,0.07325307034524682,0.07422847661290931,0.0,0.0,0.0,0.0,-0.04045459403142644,1.0,0.29069693071312275,0.660553701491468,0.4278817475769214,0.26261155611241616,1.007972733920526
Llama-3.1-8B-Instruct,commonsense,30,7,0.031064589574890476,0.032016450373444943,0.032016450373444943,0.03348549205929112,0.03404896974977085,0.03481282690188639,0.03624278366695358,0.0,0.0,0.0,0.0,0.015664585496335127,0.01617551264317771,0.01617551264317771,0.016681941983703014,0.016929995209736027,0.017339002828372776,0.01804752745486895,0.0,0.0,0.0,0.0,0.024674591187907415,0.025604000465683112,0.025604000465683112,0.02685678195531066,0.027084000662993456,0.0277995520352456,0.029058383901100583,0.0,0.0,0.0,0.0,0.0193390931231816,0.019912148584729804,0.019912148584729804,0.020536846443713966,0.020842638967519228,0.021354201528666825,0.02211869968784458,0.0,0.0,0.0,0.0,0.014452533673953046,0.015009436230483467,0.015009436230483467,0.015523847960136606,0.015762253017256533,0.016232614589026875,0.016891427708904682,0.0,0.0,0.0,0.0,0.03164660026049806,0.032600041362564565,0.032600041362564565,0.034051422167947744,0.03459026052786192,0.035386107890490764,0.03680567661097329,0.0,0.0,0.0,0.0,-0.015400004078555348,1.0,0.49806362687062433,0.7985433677533161,0.6134003879906034,0.46628257552239416,1.0164675218769237
Llama-3.1-8B-Instruct,commonsense,31,7,0.025981592288653644,0.026922973092264747,0.026922973092264747,0.027958549508243873,0.02818346956176169,0.02890031369497381,0.02975074674796881,0.0,0.0,0.0,0.0,0.009074621941947452,0.009292840124259735,0.009292840124259735,0.009538949820006574,0.009624844328001054,0.009780700731253264,0.010008905616897051,0.0,0.0,0.0,0.0,0.017101862200721758,0.017778154989956402,0.017778154989956402,0.01839835419894814,0.01855560446398772,0.019107778743717302,0.019509169743193222,0.0,0.0,0.0,0.0,0.013372425879621418,0.013674039446556105,0.013674039446556105,0.014015441986100774,0.01409566812829384,0.014255515990122989,0.014637994331406586,0.0,0.0,0.0,0.0,0.008309230644527089,0.008551776814815814,0.008551776814815814,0.008797188932712762,0.008871505350365643,0.009055876939100857,0.009289582060558087,0.0,0.0,0.0,0.0,0.0262370500462872,0.027182229199375706,0.027182229199375706,0.02820010758724892,0.02841903351353605,0.02913289140737652,0.02998494717408221,0.0,0.0,0.0,0.0,-0.016906970346706192,1.0,0.33842887777907654,0.6611616380842408,0.4932650953405475,0.3133487419783892,1.008047584356953
