cohort	field	value	clusters	feature	outcome	within_spearman
joint_flat_hns	seed	42	6	entropy_rank	target_gain	0.45962735987049386
joint_flat_hns	seed	42	6	entropy_rank	off_gain	0.3689323936863109
joint_flat_hns	seed	42	6	entropy_rank	forgetting_reduction	0.5172935265326569
joint_flat_hns	seed	42	6	energy_entropy_rank	target_gain	0.45962735987049386
joint_flat_hns	seed	42	6	energy_entropy_rank	off_gain	0.3689323936863109
joint_flat_hns	seed	42	6	energy_entropy_rank	forgetting_reduction	0.5172935265326569
joint_flat_hns	seed	42	6	stable_rank	target_gain	0.45962735987049386
joint_flat_hns	seed	42	6	stable_rank	off_gain	0.3689323936863109
joint_flat_hns	seed	42	6	stable_rank	forgetting_reduction	0.5172935265326569
joint_flat_hns	seed	42	6	participation_rank	target_gain	0.45962735987049386
joint_flat_hns	seed	42	6	participation_rank	off_gain	0.3689323936863109
joint_flat_hns	seed	42	6	participation_rank	forgetting_reduction	0.5172935265326569
joint_flat_hns	seed	42	6	nuclear_participation_rank	target_gain	0.45962735987049386
joint_flat_hns	seed	42	6	nuclear_participation_rank	off_gain	0.3689323936863109
joint_flat_hns	seed	42	6	nuclear_participation_rank	forgetting_reduction	0.5172935265326569
joint_flat_hns	seed	42	6	top1_energy	target_gain	-0.45962735987049386
joint_flat_hns	seed	42	6	top1_energy	off_gain	-0.3689323936863109
joint_flat_hns	seed	42	6	top1_energy	forgetting_reduction	-0.5172935265326569
joint_flat_hns	seed	42	6	top4_energy	target_gain	-0.45962735987049386
joint_flat_hns	seed	42	6	top4_energy	off_gain	-0.3689323936863109
joint_flat_hns	seed	42	6	top4_energy	forgetting_reduction	-0.5172935265326569
joint_flat_hns	seed	42	6	log_condition	target_gain	-0.45962735987049386
joint_flat_hns	seed	42	6	log_condition	off_gain	-0.3689323936863109
joint_flat_hns	seed	42	6	log_condition	forgetting_reduction	-0.5172935265326569
joint_flat_hns	seed	42	6	log_fro	target_gain	-0.6218487810012564
joint_flat_hns	seed	42	6	log_fro	off_gain	-0.5094780674715722
joint_flat_hns	seed	42	6	log_fro	forgetting_reduction	-0.4462924542634687
joint_flat_hns	seed	42	6	log_nuclear	target_gain	-0.0883021571376696
joint_flat_hns	seed	42	6	log_nuclear	off_gain	-0.08606629658238704
joint_flat_hns	seed	42	6	log_nuclear	forgetting_reduction	0.14907119849998599
joint_flat_hns	seed	42	6	log_head_rss	target_gain	-0.7010852072581887
joint_flat_hns	seed	42	6	log_head_rss	off_gain	-0.5666666666666667
joint_flat_hns	seed	42	6	log_head_rss	forgetting_reduction	-0.5965952781626133
joint_flat_hns	seed	42	6	fro_ratio	target_gain	-0.6218487810012564
joint_flat_hns	seed	42	6	fro_ratio	off_gain	-0.5094780674715722
joint_flat_hns	seed	42	6	fro_ratio	forgetting_reduction	-0.4462924542634687
joint_flat_hns	seed	42	6	nuclear_ratio	target_gain	-0.0883021571376696
joint_flat_hns	seed	42	6	nuclear_ratio	off_gain	-0.08606629658238704
joint_flat_hns	seed	42	6	nuclear_ratio	forgetting_reduction	0.14907119849998599
joint_flat_hns	seed	42	6	head_ratio	target_gain	-0.7010852072581887
joint_flat_hns	seed	42	6	head_ratio	off_gain	-0.5666666666666667
joint_flat_hns	seed	42	6	head_ratio	forgetting_reduction	-0.5965952781626133
joint_flat_hns	seed	42	6	original_head1_retention	target_gain	-0.7181848464596079
joint_flat_hns	seed	42	6	original_head1_retention	off_gain	-0.5
joint_flat_hns	seed	42	6	original_head1_retention	forgetting_reduction	-0.6735753140545634
joint_flat_hns	seed	42	6	original_head4_retention	target_gain	-0.7181848464596079
joint_flat_hns	seed	42	6	original_head4_retention	off_gain	-0.5
joint_flat_hns	seed	42	6	original_head4_retention	forgetting_reduction	-0.6735753140545634
joint_flat_hns	seed	42	6	scalar_fit	target_gain	-0.7181848464596079
joint_flat_hns	seed	42	6	scalar_fit	off_gain	-0.4666666666666667
joint_flat_hns	seed	42	6	scalar_fit	forgetting_reduction	-0.5965952781626133
joint_flat_hns	seed	42	6	shape_residual	target_gain	0.35909242322980395
joint_flat_hns	seed	42	6	shape_residual	off_gain	0.16666666666666666
joint_flat_hns	seed	42	6	shape_residual	forgetting_reduction	0.4811252243246881
joint_flat_hns	seed	42	6	displacement	target_gain	0.35909242322980395
joint_flat_hns	seed	42	6	displacement	off_gain	0.16666666666666666
joint_flat_hns	seed	42	6	displacement	forgetting_reduction	0.4811252243246881
joint_flat_hns	seed	43	6	entropy_rank	target_gain	0.35136418446315326
joint_flat_hns	seed	43	6	entropy_rank	off_gain	0.40406881213262624
joint_flat_hns	seed	43	6	entropy_rank	forgetting_reduction	0.5051814855409226
joint_flat_hns	seed	43	6	energy_entropy_rank	target_gain	0.35136418446315326
joint_flat_hns	seed	43	6	energy_entropy_rank	off_gain	0.40406881213262624
joint_flat_hns	seed	43	6	energy_entropy_rank	forgetting_reduction	0.5051814855409226
joint_flat_hns	seed	43	6	stable_rank	target_gain	0.35136418446315326
joint_flat_hns	seed	43	6	stable_rank	off_gain	0.40406881213262624
joint_flat_hns	seed	43	6	stable_rank	forgetting_reduction	0.5051814855409226
joint_flat_hns	seed	43	6	participation_rank	target_gain	0.35136418446315326
joint_flat_hns	seed	43	6	participation_rank	off_gain	0.40406881213262624
joint_flat_hns	seed	43	6	participation_rank	forgetting_reduction	0.5051814855409226
joint_flat_hns	seed	43	6	nuclear_participation_rank	target_gain	0.35136418446315326
joint_flat_hns	seed	43	6	nuclear_participation_rank	off_gain	0.40406881213262624
joint_flat_hns	seed	43	6	nuclear_participation_rank	forgetting_reduction	0.5051814855409226
joint_flat_hns	seed	43	6	top1_energy	target_gain	-0.35136418446315326
joint_flat_hns	seed	43	6	top1_energy	off_gain	-0.40406881213262624
joint_flat_hns	seed	43	6	top1_energy	forgetting_reduction	-0.5051814855409226
joint_flat_hns	seed	43	6	top4_energy	target_gain	-0.35136418446315326
joint_flat_hns	seed	43	6	top4_energy	off_gain	-0.40406881213262624
joint_flat_hns	seed	43	6	top4_energy	forgetting_reduction	-0.5051814855409226
joint_flat_hns	seed	43	6	log_condition	target_gain	-0.35136418446315326
joint_flat_hns	seed	43	6	log_condition	off_gain	-0.40406881213262624
joint_flat_hns	seed	43	6	log_condition	forgetting_reduction	-0.5051814855409226
joint_flat_hns	seed	43	6	log_fro	target_gain	-0.26352313834736496
joint_flat_hns	seed	43	6	log_fro	off_gain	-0.3865006029094686
joint_flat_hns	seed	43	6	log_fro	forgetting_reduction	-0.5773502691896257
joint_flat_hns	seed	43	6	log_nuclear	target_gain	0.17213259316477408
joint_flat_hns	seed	43	6	log_nuclear	off_gain	0.08606629658238704
joint_flat_hns	seed	43	6	log_nuclear	forgetting_reduction	0.0
joint_flat_hns	seed	43	6	log_head_rss	target_gain	-0.4
joint_flat_hns	seed	43	6	log_head_rss	off_gain	-0.5
joint_flat_hns	seed	43	6	log_head_rss	forgetting_reduction	-0.6846531968814576
joint_flat_hns	seed	43	6	fro_ratio	target_gain	-0.26352313834736496
joint_flat_hns	seed	43	6	fro_ratio	off_gain	-0.3865006029094686
joint_flat_hns	seed	43	6	fro_ratio	forgetting_reduction	-0.5773502691896257
joint_flat_hns	seed	43	6	nuclear_ratio	target_gain	0.17213259316477408
joint_flat_hns	seed	43	6	nuclear_ratio	off_gain	0.08606629658238704
joint_flat_hns	seed	43	6	nuclear_ratio	forgetting_reduction	0.0
joint_flat_hns	seed	43	6	head_ratio	target_gain	-0.4
joint_flat_hns	seed	43	6	head_ratio	off_gain	-0.5
joint_flat_hns	seed	43	6	head_ratio	forgetting_reduction	-0.6846531968814576
joint_flat_hns	seed	43	6	original_head1_retention	target_gain	-0.5666666666666667
joint_flat_hns	seed	43	6	original_head1_retention	off_gain	-0.5666666666666667
joint_flat_hns	seed	43	6	original_head1_retention	forgetting_reduction	-0.6846531968814576
joint_flat_hns	seed	43	6	original_head4_retention	target_gain	-0.5333333333333333
joint_flat_hns	seed	43	6	original_head4_retention	off_gain	-0.5333333333333333
joint_flat_hns	seed	43	6	original_head4_retention	forgetting_reduction	-0.6846531968814576
joint_flat_hns	seed	43	6	scalar_fit	target_gain	-0.5333333333333333
joint_flat_hns	seed	43	6	scalar_fit	off_gain	-0.5333333333333333
joint_flat_hns	seed	43	6	scalar_fit	forgetting_reduction	-0.6846531968814576
joint_flat_hns	seed	43	6	shape_residual	target_gain	0.5333333333333333
joint_flat_hns	seed	43	6	shape_residual	off_gain	0.4666666666666667
joint_flat_hns	seed	43	6	shape_residual	forgetting_reduction	0.5020790110464023
joint_flat_hns	seed	43	6	displacement	target_gain	0.5
joint_flat_hns	seed	43	6	displacement	off_gain	0.4
joint_flat_hns	seed	43	6	displacement	forgetting_reduction	0.41079191812887456
joint_flat_hns	seed	44	6	entropy_rank	target_gain	0.6308610821751877
joint_flat_hns	seed	44	6	entropy_rank	off_gain	0.03513641844631533
joint_flat_hns	seed	44	6	entropy_rank	forgetting_reduction	0.4923659639173309
joint_flat_hns	seed	44	6	energy_entropy_rank	target_gain	0.6308610821751877
joint_flat_hns	seed	44	6	energy_entropy_rank	off_gain	0.03513641844631533
joint_flat_hns	seed	44	6	energy_entropy_rank	forgetting_reduction	0.4923659639173309
joint_flat_hns	seed	44	6	stable_rank	target_gain	0.6308610821751877
joint_flat_hns	seed	44	6	stable_rank	off_gain	0.03513641844631533
joint_flat_hns	seed	44	6	stable_rank	forgetting_reduction	0.4923659639173309
joint_flat_hns	seed	44	6	participation_rank	target_gain	0.6308610821751877
joint_flat_hns	seed	44	6	participation_rank	off_gain	0.03513641844631533
joint_flat_hns	seed	44	6	participation_rank	forgetting_reduction	0.4923659639173309
joint_flat_hns	seed	44	6	nuclear_participation_rank	target_gain	0.6308610821751877
joint_flat_hns	seed	44	6	nuclear_participation_rank	off_gain	0.03513641844631533
joint_flat_hns	seed	44	6	nuclear_participation_rank	forgetting_reduction	0.4923659639173309
joint_flat_hns	seed	44	6	top1_energy	target_gain	-0.6308610821751877
joint_flat_hns	seed	44	6	top1_energy	off_gain	-0.03513641844631533
joint_flat_hns	seed	44	6	top1_energy	forgetting_reduction	-0.4923659639173309
joint_flat_hns	seed	44	6	top4_energy	target_gain	-0.6308610821751877
joint_flat_hns	seed	44	6	top4_energy	off_gain	-0.03513641844631533
joint_flat_hns	seed	44	6	top4_energy	forgetting_reduction	-0.4923659639173309
joint_flat_hns	seed	44	6	log_condition	target_gain	-0.6308610821751877
joint_flat_hns	seed	44	6	log_condition	off_gain	-0.03513641844631533
joint_flat_hns	seed	44	6	log_condition	forgetting_reduction	-0.4923659639173309
joint_flat_hns	seed	44	6	log_fro	target_gain	-0.5857995763055314
joint_flat_hns	seed	44	6	log_fro	off_gain	-0.31622776601683794
joint_flat_hns	seed	44	6	log_fro	forgetting_reduction	-0.5333964609104418
joint_flat_hns	seed	44	6	log_nuclear	target_gain	0.0883021571376696
joint_flat_hns	seed	44	6	log_nuclear	off_gain	-0.17213259316477408
joint_flat_hns	seed	44	6	log_nuclear	forgetting_reduction	0.050251890762960605
joint_flat_hns	seed	44	6	log_head_rss	target_gain	-0.7181848464596079
joint_flat_hns	seed	44	6	log_head_rss	off_gain	-0.3333333333333333
joint_flat_hns	seed	44	6	log_head_rss	forgetting_reduction	-0.6617241025372945
joint_flat_hns	seed	44	6	fro_ratio	target_gain	-0.5857995763055314
joint_flat_hns	seed	44	6	fro_ratio	off_gain	-0.31622776601683794
joint_flat_hns	seed	44	6	fro_ratio	forgetting_reduction	-0.5333964609104418
joint_flat_hns	seed	44	6	nuclear_ratio	target_gain	0.0883021571376696
joint_flat_hns	seed	44	6	nuclear_ratio	off_gain	-0.17213259316477408
joint_flat_hns	seed	44	6	nuclear_ratio	forgetting_reduction	0.050251890762960605
joint_flat_hns	seed	44	6	head_ratio	target_gain	-0.7181848464596079
joint_flat_hns	seed	44	6	head_ratio	off_gain	-0.3333333333333333
joint_flat_hns	seed	44	6	head_ratio	forgetting_reduction	-0.6617241025372945
joint_flat_hns	seed	44	6	original_head1_retention	target_gain	-0.6326866504525117
joint_flat_hns	seed	44	6	original_head1_retention	off_gain	-0.5333333333333333
joint_flat_hns	seed	44	6	original_head1_retention	forgetting_reduction	-0.7395739969534468
joint_flat_hns	seed	44	6	original_head4_retention	target_gain	-0.6326866504525117
joint_flat_hns	seed	44	6	original_head4_retention	off_gain	-0.4666666666666667
joint_flat_hns	seed	44	6	original_head4_retention	forgetting_reduction	-0.7395739969534468
joint_flat_hns	seed	44	6	scalar_fit	target_gain	-0.6326866504525117
joint_flat_hns	seed	44	6	scalar_fit	off_gain	-0.4666666666666667
joint_flat_hns	seed	44	6	scalar_fit	forgetting_reduction	-0.7395739969534468
joint_flat_hns	seed	44	6	shape_residual	target_gain	0.4787898976397386
joint_flat_hns	seed	44	6	shape_residual	off_gain	0.16666666666666666
joint_flat_hns	seed	44	6	shape_residual	forgetting_reduction	0.5838742081211422
joint_flat_hns	seed	44	6	displacement	target_gain	0.44459061923690013
joint_flat_hns	seed	44	6	displacement	off_gain	0.13333333333333333
joint_flat_hns	seed	44	6	displacement	forgetting_reduction	0.5060243137049899
joint_flat_hns	base	Qwen3-8B	9	entropy_rank	target_gain	0.6611360631499735
joint_flat_hns	base	Qwen3-8B	9	entropy_rank	off_gain	0.19910637119578684
joint_flat_hns	base	Qwen3-8B	9	entropy_rank	forgetting_reduction	0.5657789498610037
joint_flat_hns	base	Qwen3-8B	9	energy_entropy_rank	target_gain	0.6611360631499735
joint_flat_hns	base	Qwen3-8B	9	energy_entropy_rank	off_gain	0.19910637119578684
joint_flat_hns	base	Qwen3-8B	9	energy_entropy_rank	forgetting_reduction	0.5657789498610037
joint_flat_hns	base	Qwen3-8B	9	stable_rank	target_gain	0.6611360631499735
joint_flat_hns	base	Qwen3-8B	9	stable_rank	off_gain	0.19910637119578684
joint_flat_hns	base	Qwen3-8B	9	stable_rank	forgetting_reduction	0.5657789498610037
joint_flat_hns	base	Qwen3-8B	9	participation_rank	target_gain	0.6611360631499735
joint_flat_hns	base	Qwen3-8B	9	participation_rank	off_gain	0.19910637119578684
joint_flat_hns	base	Qwen3-8B	9	participation_rank	forgetting_reduction	0.5657789498610037
joint_flat_hns	base	Qwen3-8B	9	nuclear_participation_rank	target_gain	0.6611360631499735
joint_flat_hns	base	Qwen3-8B	9	nuclear_participation_rank	off_gain	0.19910637119578684
joint_flat_hns	base	Qwen3-8B	9	nuclear_participation_rank	forgetting_reduction	0.5657789498610037
joint_flat_hns	base	Qwen3-8B	9	top1_energy	target_gain	-0.6611360631499735
joint_flat_hns	base	Qwen3-8B	9	top1_energy	off_gain	-0.19910637119578684
joint_flat_hns	base	Qwen3-8B	9	top1_energy	forgetting_reduction	-0.5657789498610037
joint_flat_hns	base	Qwen3-8B	9	top4_energy	target_gain	-0.6611360631499735
joint_flat_hns	base	Qwen3-8B	9	top4_energy	off_gain	-0.19910637119578684
joint_flat_hns	base	Qwen3-8B	9	top4_energy	forgetting_reduction	-0.5657789498610037
joint_flat_hns	base	Qwen3-8B	9	log_condition	target_gain	-0.6611360631499735
joint_flat_hns	base	Qwen3-8B	9	log_condition	off_gain	-0.19910637119578684
joint_flat_hns	base	Qwen3-8B	9	log_condition	forgetting_reduction	-0.5657789498610037
joint_flat_hns	base	Qwen3-8B	9	log_fro	target_gain	-0.5003191829243043
joint_flat_hns	base	Qwen3-8B	9	log_fro	off_gain	-0.32793990549894303
joint_flat_hns	base	Qwen3-8B	9	log_fro	forgetting_reduction	-0.548634133198549
joint_flat_hns	base	Qwen3-8B	9	log_nuclear	target_gain	0.20425445111512397
joint_flat_hns	base	Qwen3-8B	9	log_nuclear	off_gain	-0.08606629658238703
joint_flat_hns	base	Qwen3-8B	9	log_nuclear	forgetting_reduction	0.0839921051131616
joint_flat_hns	base	Qwen3-8B	9	log_head_rss	target_gain	-0.6667624452271301
joint_flat_hns	base	Qwen3-8B	9	log_head_rss	off_gain	-0.3555555555555555
joint_flat_hns	base	Qwen3-8B	9	log_head_rss	forgetting_reduction	-0.6831300510639732
joint_flat_hns	base	Qwen3-8B	9	fro_ratio	target_gain	-0.5003191829243043
joint_flat_hns	base	Qwen3-8B	9	fro_ratio	off_gain	-0.32793990549894303
joint_flat_hns	base	Qwen3-8B	9	fro_ratio	forgetting_reduction	-0.548634133198549
joint_flat_hns	base	Qwen3-8B	9	nuclear_ratio	target_gain	0.20425445111512397
joint_flat_hns	base	Qwen3-8B	9	nuclear_ratio	off_gain	-0.08606629658238703
joint_flat_hns	base	Qwen3-8B	9	nuclear_ratio	forgetting_reduction	0.0839921051131616
joint_flat_hns	base	Qwen3-8B	9	head_ratio	target_gain	-0.6667624452271301
joint_flat_hns	base	Qwen3-8B	9	head_ratio	off_gain	-0.3555555555555555
joint_flat_hns	base	Qwen3-8B	9	head_ratio	forgetting_reduction	-0.6831300510639732
joint_flat_hns	base	Qwen3-8B	9	original_head1_retention	target_gain	-0.6441603284397698
joint_flat_hns	base	Qwen3-8B	9	original_head1_retention	off_gain	-0.33333333333333326
joint_flat_hns	base	Qwen3-8B	9	original_head1_retention	forgetting_reduction	-0.6831300510639732
joint_flat_hns	base	Qwen3-8B	9	original_head4_retention	target_gain	-0.6215582116524094
joint_flat_hns	base	Qwen3-8B	9	original_head4_retention	off_gain	-0.2666666666666666
joint_flat_hns	base	Qwen3-8B	9	original_head4_retention	forgetting_reduction	-0.6831300510639732
joint_flat_hns	base	Qwen3-8B	9	scalar_fit	target_gain	-0.6215582116524094
joint_flat_hns	base	Qwen3-8B	9	scalar_fit	off_gain	-0.28888888888888886
joint_flat_hns	base	Qwen3-8B	9	scalar_fit	forgetting_reduction	-0.6831300510639732
joint_flat_hns	base	Qwen3-8B	9	shape_residual	target_gain	0.5537518612903285
joint_flat_hns	base	Qwen3-8B	9	shape_residual	off_gain	0.06666666666666665
joint_flat_hns	base	Qwen3-8B	9	shape_residual	forgetting_reduction	0.4879500364742666
joint_flat_hns	base	Qwen3-8B	9	displacement	target_gain	0.5537518612903285
joint_flat_hns	base	Qwen3-8B	9	displacement	off_gain	0.06666666666666665
joint_flat_hns	base	Qwen3-8B	9	displacement	forgetting_reduction	0.4879500364742666
joint_flat_hns	base	Llama-3.1-8B-Instruct	9	entropy_rank	target_gain	0.297809037454943
joint_flat_hns	base	Llama-3.1-8B-Instruct	9	entropy_rank	off_gain	0.3396520449810481
joint_flat_hns	base	Llama-3.1-8B-Instruct	9	entropy_rank	forgetting_reduction	0.4687866253858433
joint_flat_hns	base	Llama-3.1-8B-Instruct	9	energy_entropy_rank	target_gain	0.297809037454943
joint_flat_hns	base	Llama-3.1-8B-Instruct	9	energy_entropy_rank	off_gain	0.3396520449810481
joint_flat_hns	base	Llama-3.1-8B-Instruct	9	energy_entropy_rank	forgetting_reduction	0.4687866253858433
joint_flat_hns	base	Llama-3.1-8B-Instruct	9	stable_rank	target_gain	0.297809037454943
joint_flat_hns	base	Llama-3.1-8B-Instruct	9	stable_rank	off_gain	0.3396520449810481
joint_flat_hns	base	Llama-3.1-8B-Instruct	9	stable_rank	forgetting_reduction	0.4687866253858433
joint_flat_hns	base	Llama-3.1-8B-Instruct	9	participation_rank	target_gain	0.297809037454943
joint_flat_hns	base	Llama-3.1-8B-Instruct	9	participation_rank	off_gain	0.3396520449810481
joint_flat_hns	base	Llama-3.1-8B-Instruct	9	participation_rank	forgetting_reduction	0.4687866253858433
joint_flat_hns	base	Llama-3.1-8B-Instruct	9	nuclear_participation_rank	target_gain	0.297809037454943
joint_flat_hns	base	Llama-3.1-8B-Instruct	9	nuclear_participation_rank	off_gain	0.3396520449810481
joint_flat_hns	base	Llama-3.1-8B-Instruct	9	nuclear_participation_rank	forgetting_reduction	0.4687866253858433
joint_flat_hns	base	Llama-3.1-8B-Instruct	9	top1_energy	target_gain	-0.297809037454943
joint_flat_hns	base	Llama-3.1-8B-Instruct	9	top1_energy	off_gain	-0.3396520449810481
joint_flat_hns	base	Llama-3.1-8B-Instruct	9	top1_energy	forgetting_reduction	-0.4687866253858433
joint_flat_hns	base	Llama-3.1-8B-Instruct	9	top4_energy	target_gain	-0.297809037454943
joint_flat_hns	base	Llama-3.1-8B-Instruct	9	top4_energy	off_gain	-0.3396520449810481
joint_flat_hns	base	Llama-3.1-8B-Instruct	9	top4_energy	forgetting_reduction	-0.4687866253858433
joint_flat_hns	base	Llama-3.1-8B-Instruct	9	log_condition	target_gain	-0.297809037454943
joint_flat_hns	base	Llama-3.1-8B-Instruct	9	log_condition	off_gain	-0.3396520449810481
joint_flat_hns	base	Llama-3.1-8B-Instruct	9	log_condition	forgetting_reduction	-0.4687866253858433
joint_flat_hns	base	Llama-3.1-8B-Instruct	9	log_fro	target_gain	-0.47649445992790884
joint_flat_hns	base	Llama-3.1-8B-Instruct	9	log_fro	off_gain	-0.4801977187663094
joint_flat_hns	base	Llama-3.1-8B-Instruct	9	log_fro	forgetting_reduction	-0.5000390670782329
joint_flat_hns	base	Llama-3.1-8B-Instruct	9	log_nuclear	target_gain	-0.0875376219064817
joint_flat_hns	base	Llama-3.1-8B-Instruct	9	log_nuclear	off_gain	-0.028688765527462343
joint_flat_hns	base	Llama-3.1-8B-Instruct	9	log_nuclear	forgetting_reduction	0.06124202828995004
joint_flat_hns	base	Llama-3.1-8B-Instruct	9	log_head_rss	target_gain	-0.5424508028966483
joint_flat_hns	base	Llama-3.1-8B-Instruct	9	log_head_rss	off_gain	-0.5777777777777777
joint_flat_hns	base	Llama-3.1-8B-Instruct	9	log_head_rss	forgetting_reduction	-0.628551792485591
joint_flat_hns	base	Llama-3.1-8B-Instruct	9	fro_ratio	target_gain	-0.47649445992790884
joint_flat_hns	base	Llama-3.1-8B-Instruct	9	fro_ratio	off_gain	-0.4801977187663094
joint_flat_hns	base	Llama-3.1-8B-Instruct	9	fro_ratio	forgetting_reduction	-0.5000390670782329
joint_flat_hns	base	Llama-3.1-8B-Instruct	9	nuclear_ratio	target_gain	-0.0875376219064817
joint_flat_hns	base	Llama-3.1-8B-Instruct	9	nuclear_ratio	off_gain	-0.028688765527462343
joint_flat_hns	base	Llama-3.1-8B-Instruct	9	nuclear_ratio	forgetting_reduction	0.06124202828995004
joint_flat_hns	base	Llama-3.1-8B-Instruct	9	head_ratio	target_gain	-0.5424508028966483
joint_flat_hns	base	Llama-3.1-8B-Instruct	9	head_ratio	off_gain	-0.5777777777777777
joint_flat_hns	base	Llama-3.1-8B-Instruct	9	head_ratio	forgetting_reduction	-0.628551792485591
joint_flat_hns	base	Llama-3.1-8B-Instruct	9	original_head1_retention	target_gain	-0.6328592700460897
joint_flat_hns	base	Llama-3.1-8B-Instruct	9	original_head1_retention	off_gain	-0.7333333333333332
joint_flat_hns	base	Llama-3.1-8B-Instruct	9	original_head1_retention	forgetting_reduction	-0.723427534747567
joint_flat_hns	base	Llama-3.1-8B-Instruct	9	original_head4_retention	target_gain	-0.6328592700460897
joint_flat_hns	base	Llama-3.1-8B-Instruct	9	original_head4_retention	off_gain	-0.7333333333333332
joint_flat_hns	base	Llama-3.1-8B-Instruct	9	original_head4_retention	forgetting_reduction	-0.723427534747567
joint_flat_hns	base	Llama-3.1-8B-Instruct	9	scalar_fit	target_gain	-0.6328592700460897
joint_flat_hns	base	Llama-3.1-8B-Instruct	9	scalar_fit	off_gain	-0.6888888888888888
joint_flat_hns	base	Llama-3.1-8B-Instruct	9	scalar_fit	forgetting_reduction	-0.675989663616579
joint_flat_hns	base	Llama-3.1-8B-Instruct	9	shape_residual	target_gain	0.36163386859776553
joint_flat_hns	base	Llama-3.1-8B-Instruct	9	shape_residual	off_gain	0.4666666666666666
joint_flat_hns	base	Llama-3.1-8B-Instruct	9	shape_residual	forgetting_reduction	0.557394985789109
joint_flat_hns	base	Llama-3.1-8B-Instruct	9	displacement	target_gain	0.31642963502304483
joint_flat_hns	base	Llama-3.1-8B-Instruct	9	displacement	off_gain	0.3999999999999999
joint_flat_hns	base	Llama-3.1-8B-Instruct	9	displacement	forgetting_reduction	0.462519243527133
joint_flat_hns	train_task	magicoder	6	entropy_rank	target_gain	0.36049204695725007
joint_flat_hns	train_task	magicoder	6	entropy_rank	off_gain	0.4216370213557839
joint_flat_hns	train_task	magicoder	6	entropy_rank	forgetting_reduction	0.6481812160876685
joint_flat_hns	train_task	magicoder	6	energy_entropy_rank	target_gain	0.36049204695725007
joint_flat_hns	train_task	magicoder	6	energy_entropy_rank	off_gain	0.4216370213557839
joint_flat_hns	train_task	magicoder	6	energy_entropy_rank	forgetting_reduction	0.6481812160876685
joint_flat_hns	train_task	magicoder	6	stable_rank	target_gain	0.36049204695725007
joint_flat_hns	train_task	magicoder	6	stable_rank	off_gain	0.4216370213557839
joint_flat_hns	train_task	magicoder	6	stable_rank	forgetting_reduction	0.6481812160876685
joint_flat_hns	train_task	magicoder	6	participation_rank	target_gain	0.36049204695725007
joint_flat_hns	train_task	magicoder	6	participation_rank	off_gain	0.4216370213557839
joint_flat_hns	train_task	magicoder	6	participation_rank	forgetting_reduction	0.6481812160876685
joint_flat_hns	train_task	magicoder	6	nuclear_participation_rank	target_gain	0.36049204695725007
joint_flat_hns	train_task	magicoder	6	nuclear_participation_rank	off_gain	0.4216370213557839
joint_flat_hns	train_task	magicoder	6	nuclear_participation_rank	forgetting_reduction	0.6481812160876685
joint_flat_hns	train_task	magicoder	6	top1_energy	target_gain	-0.36049204695725007
joint_flat_hns	train_task	magicoder	6	top1_energy	off_gain	-0.4216370213557839
joint_flat_hns	train_task	magicoder	6	top1_energy	forgetting_reduction	-0.6481812160876685
joint_flat_hns	train_task	magicoder	6	top4_energy	target_gain	-0.36049204695725007
joint_flat_hns	train_task	magicoder	6	top4_energy	off_gain	-0.4216370213557839
joint_flat_hns	train_task	magicoder	6	top4_energy	forgetting_reduction	-0.6481812160876685
joint_flat_hns	train_task	magicoder	6	log_condition	target_gain	-0.36049204695725007
joint_flat_hns	train_task	magicoder	6	log_condition	off_gain	-0.4216370213557839
joint_flat_hns	train_task	magicoder	6	log_condition	forgetting_reduction	-0.6481812160876685
joint_flat_hns	train_task	magicoder	6	log_fro	target_gain	-0.31543054108759383
joint_flat_hns	train_task	magicoder	6	log_fro	off_gain	-0.4567734398020992
joint_flat_hns	train_task	magicoder	6	log_fro	forgetting_reduction	-0.4321208107251124
joint_flat_hns	train_task	magicoder	6	log_nuclear	target_gain	0.0883021571376696
joint_flat_hns	train_task	magicoder	6	log_nuclear	off_gain	0.08606629658238704
joint_flat_hns	train_task	magicoder	6	log_nuclear	forgetting_reduction	0.2886751345948129
joint_flat_hns	train_task	magicoder	6	log_head_rss	target_gain	-0.41039134083406165
joint_flat_hns	train_task	magicoder	6	log_head_rss	off_gain	-0.6
joint_flat_hns	train_task	magicoder	6	log_head_rss	forgetting_reduction	-0.6335525936249404
joint_flat_hns	train_task	magicoder	6	fro_ratio	target_gain	-0.31543054108759383
joint_flat_hns	train_task	magicoder	6	fro_ratio	off_gain	-0.4567734398020992
joint_flat_hns	train_task	magicoder	6	fro_ratio	forgetting_reduction	-0.4321208107251124
joint_flat_hns	train_task	magicoder	6	nuclear_ratio	target_gain	0.0883021571376696
joint_flat_hns	train_task	magicoder	6	nuclear_ratio	off_gain	0.08606629658238704
joint_flat_hns	train_task	magicoder	6	nuclear_ratio	forgetting_reduction	0.2886751345948129
joint_flat_hns	train_task	magicoder	6	head_ratio	target_gain	-0.41039134083406165
joint_flat_hns	train_task	magicoder	6	head_ratio	off_gain	-0.6
joint_flat_hns	train_task	magicoder	6	head_ratio	forgetting_reduction	-0.6335525936249404
joint_flat_hns	train_task	magicoder	6	original_head1_retention	target_gain	-0.46169025843831935
joint_flat_hns	train_task	magicoder	6	original_head1_retention	off_gain	-0.7666666666666667
joint_flat_hns	train_task	magicoder	6	original_head1_retention	forgetting_reduction	-0.7080881928749334
joint_flat_hns	train_task	magicoder	6	original_head4_retention	target_gain	-0.42749098003548086
joint_flat_hns	train_task	magicoder	6	original_head4_retention	off_gain	-0.6666666666666666
joint_flat_hns	train_task	magicoder	6	original_head4_retention	forgetting_reduction	-0.7080881928749334
joint_flat_hns	train_task	magicoder	6	scalar_fit	target_gain	-0.42749098003548086
joint_flat_hns	train_task	magicoder	6	scalar_fit	off_gain	-0.6
joint_flat_hns	train_task	magicoder	6	scalar_fit	forgetting_reduction	-0.6335525936249404
joint_flat_hns	train_task	magicoder	6	shape_residual	target_gain	0.34199278402838473
joint_flat_hns	train_task	magicoder	6	shape_residual	off_gain	0.4
joint_flat_hns	train_task	magicoder	6	shape_residual	forgetting_reduction	0.6335525936249404
joint_flat_hns	train_task	magicoder	6	displacement	target_gain	0.34199278402838473
joint_flat_hns	train_task	magicoder	6	displacement	off_gain	0.4
joint_flat_hns	train_task	magicoder	6	displacement	forgetting_reduction	0.6335525936249404
joint_flat_hns	train_task	metamath	6	entropy_rank	target_gain	0.6432675209026769
joint_flat_hns	train_task	metamath	6	entropy_rank	off_gain	0.4743416490252569
joint_flat_hns	train_task	metamath	6	entropy_rank	forgetting_reduction	0.5
joint_flat_hns	train_task	metamath	6	energy_entropy_rank	target_gain	0.6432675209026769
joint_flat_hns	train_task	metamath	6	energy_entropy_rank	off_gain	0.4743416490252569
joint_flat_hns	train_task	metamath	6	energy_entropy_rank	forgetting_reduction	0.5
joint_flat_hns	train_task	metamath	6	stable_rank	target_gain	0.6432675209026769
joint_flat_hns	train_task	metamath	6	stable_rank	off_gain	0.4743416490252569
joint_flat_hns	train_task	metamath	6	stable_rank	forgetting_reduction	0.5
joint_flat_hns	train_task	metamath	6	participation_rank	target_gain	0.6432675209026769
joint_flat_hns	train_task	metamath	6	participation_rank	off_gain	0.4743416490252569
joint_flat_hns	train_task	metamath	6	participation_rank	forgetting_reduction	0.5
joint_flat_hns	train_task	metamath	6	nuclear_participation_rank	target_gain	0.6432675209026769
joint_flat_hns	train_task	metamath	6	nuclear_participation_rank	off_gain	0.4743416490252569
joint_flat_hns	train_task	metamath	6	nuclear_participation_rank	forgetting_reduction	0.5
joint_flat_hns	train_task	metamath	6	top1_energy	target_gain	-0.6432675209026769
joint_flat_hns	train_task	metamath	6	top1_energy	off_gain	-0.4743416490252569
joint_flat_hns	train_task	metamath	6	top1_energy	forgetting_reduction	-0.5
joint_flat_hns	train_task	metamath	6	top4_energy	target_gain	-0.6432675209026769
joint_flat_hns	train_task	metamath	6	top4_energy	off_gain	-0.4743416490252569
joint_flat_hns	train_task	metamath	6	top4_energy	forgetting_reduction	-0.5
joint_flat_hns	train_task	metamath	6	log_condition	target_gain	-0.6432675209026769
joint_flat_hns	train_task	metamath	6	log_condition	off_gain	-0.4743416490252569
joint_flat_hns	train_task	metamath	6	log_condition	forgetting_reduction	-0.5
joint_flat_hns	train_task	metamath	6	log_fro	target_gain	-0.5181877251716008
joint_flat_hns	train_task	metamath	6	log_fro	off_gain	-0.7554329965957794
joint_flat_hns	train_task	metamath	6	log_fro	forgetting_reduction	-0.7962962962962963
joint_flat_hns	train_task	metamath	6	log_nuclear	target_gain	0.17507524381296344
joint_flat_hns	train_task	metamath	6	log_nuclear	off_gain	-0.17213259316477408
joint_flat_hns	train_task	metamath	6	log_nuclear	forgetting_reduction	-0.18144368465060579
joint_flat_hns	train_task	metamath	6	log_head_rss	target_gain	-0.6780635036208105
joint_flat_hns	train_task	metamath	6	log_head_rss	off_gain	-0.8333333333333334
joint_flat_hns	train_task	metamath	6	log_head_rss	forgetting_reduction	-0.8784104611578831
joint_flat_hns	train_task	metamath	6	fro_ratio	target_gain	-0.5181877251716008
joint_flat_hns	train_task	metamath	6	fro_ratio	off_gain	-0.7554329965957794
joint_flat_hns	train_task	metamath	6	fro_ratio	forgetting_reduction	-0.7962962962962963
joint_flat_hns	train_task	metamath	6	nuclear_ratio	target_gain	0.17507524381296344
joint_flat_hns	train_task	metamath	6	nuclear_ratio	off_gain	-0.17213259316477408
joint_flat_hns	train_task	metamath	6	nuclear_ratio	forgetting_reduction	-0.18144368465060579
joint_flat_hns	train_task	metamath	6	head_ratio	target_gain	-0.6780635036208105
joint_flat_hns	train_task	metamath	6	head_ratio	off_gain	-0.8333333333333334
joint_flat_hns	train_task	metamath	6	head_ratio	forgetting_reduction	-0.8784104611578831
joint_flat_hns	train_task	metamath	6	original_head1_retention	target_gain	-0.6441603284397699
joint_flat_hns	train_task	metamath	6	original_head1_retention	off_gain	-0.8666666666666667
joint_flat_hns	train_task	metamath	6	original_head1_retention	forgetting_reduction	-0.9135468796041984
joint_flat_hns	train_task	metamath	6	original_head4_retention	target_gain	-0.6441603284397699
joint_flat_hns	train_task	metamath	6	original_head4_retention	off_gain	-0.8666666666666667
joint_flat_hns	train_task	metamath	6	original_head4_retention	forgetting_reduction	-0.9135468796041984
joint_flat_hns	train_task	metamath	6	scalar_fit	target_gain	-0.6441603284397699
joint_flat_hns	train_task	metamath	6	scalar_fit	off_gain	-0.9
joint_flat_hns	train_task	metamath	6	scalar_fit	forgetting_reduction	-0.9135468796041984
joint_flat_hns	train_task	metamath	6	shape_residual	target_gain	0.6102571532587294
joint_flat_hns	train_task	metamath	6	shape_residual	off_gain	0.5
joint_flat_hns	train_task	metamath	6	shape_residual	forgetting_reduction	0.5270462766947299
joint_flat_hns	train_task	metamath	6	displacement	target_gain	0.5424508028966484
joint_flat_hns	train_task	metamath	6	displacement	off_gain	0.4
joint_flat_hns	train_task	metamath	6	displacement	forgetting_reduction	0.3865006029094686
joint_flat_hns	train_task	tulu	6	entropy_rank	target_gain	0.434053436153066
joint_flat_hns	train_task	tulu	6	entropy_rank	off_gain	-0.08784104611578832
joint_flat_hns	train_task	tulu	6	entropy_rank	forgetting_reduction	0.3278050340535929
joint_flat_hns	train_task	tulu	6	energy_entropy_rank	target_gain	0.434053436153066
joint_flat_hns	train_task	tulu	6	energy_entropy_rank	off_gain	-0.08784104611578832
joint_flat_hns	train_task	tulu	6	energy_entropy_rank	forgetting_reduction	0.3278050340535929
joint_flat_hns	train_task	tulu	6	stable_rank	target_gain	0.434053436153066
joint_flat_hns	train_task	tulu	6	stable_rank	off_gain	-0.08784104611578832
joint_flat_hns	train_task	tulu	6	stable_rank	forgetting_reduction	0.3278050340535929
joint_flat_hns	train_task	tulu	6	participation_rank	target_gain	0.434053436153066
joint_flat_hns	train_task	tulu	6	participation_rank	off_gain	-0.08784104611578832
joint_flat_hns	train_task	tulu	6	participation_rank	forgetting_reduction	0.3278050340535929
joint_flat_hns	train_task	tulu	6	nuclear_participation_rank	target_gain	0.434053436153066
joint_flat_hns	train_task	tulu	6	nuclear_participation_rank	off_gain	-0.08784104611578832
joint_flat_hns	train_task	tulu	6	nuclear_participation_rank	forgetting_reduction	0.3278050340535929
joint_flat_hns	train_task	tulu	6	top1_energy	target_gain	-0.434053436153066
joint_flat_hns	train_task	tulu	6	top1_energy	off_gain	0.08784104611578832
joint_flat_hns	train_task	tulu	6	top1_energy	forgetting_reduction	-0.3278050340535929
joint_flat_hns	train_task	tulu	6	top4_energy	target_gain	-0.434053436153066
joint_flat_hns	train_task	tulu	6	top4_energy	off_gain	0.08784104611578832
joint_flat_hns	train_task	tulu	6	top4_energy	forgetting_reduction	-0.3278050340535929
joint_flat_hns	train_task	tulu	6	log_condition	target_gain	-0.434053436153066
joint_flat_hns	train_task	tulu	6	log_condition	off_gain	0.08784104611578832
joint_flat_hns	train_task	tulu	6	log_condition	forgetting_reduction	-0.3278050340535929
joint_flat_hns	train_task	tulu	6	log_fro	target_gain	-0.6289345707524018
joint_flat_hns	train_task	tulu	6	log_fro	off_gain	0.0
joint_flat_hns	train_task	tulu	6	log_fro	forgetting_reduction	-0.21853668936906195
joint_flat_hns	train_task	tulu	6	log_nuclear	target_gain	-0.08679260732054925
joint_flat_hns	train_task	tulu	6	log_nuclear	off_gain	-0.08606629658238704
joint_flat_hns	train_task	tulu	6	log_nuclear	forgetting_reduction	0.15294382258037453
joint_flat_hns	train_task	tulu	6	log_head_rss	target_gain	-0.7227145938617754
joint_flat_hns	train_task	tulu	6	log_head_rss	off_gain	0.03333333333333333
joint_flat_hns	train_task	tulu	6	log_head_rss	forgetting_reduction	-0.3257918827675008
joint_flat_hns	train_task	tulu	6	fro_ratio	target_gain	-0.6289345707524018
joint_flat_hns	train_task	tulu	6	fro_ratio	off_gain	0.0
joint_flat_hns	train_task	tulu	6	fro_ratio	forgetting_reduction	-0.21853668936906195
joint_flat_hns	train_task	tulu	6	nuclear_ratio	target_gain	-0.08679260732054925
joint_flat_hns	train_task	tulu	6	nuclear_ratio	off_gain	-0.08606629658238704
joint_flat_hns	train_task	tulu	6	nuclear_ratio	forgetting_reduction	0.15294382258037453
joint_flat_hns	train_task	tulu	6	head_ratio	target_gain	-0.7227145938617754
joint_flat_hns	train_task	tulu	6	head_ratio	off_gain	0.03333333333333333
joint_flat_hns	train_task	tulu	6	head_ratio	forgetting_reduction	-0.3257918827675008
joint_flat_hns	train_task	tulu	6	original_head1_retention	target_gain	-0.8067511745433772
joint_flat_hns	train_task	tulu	6	original_head1_retention	off_gain	0.03333333333333333
joint_flat_hns	train_task	tulu	6	original_head1_retention	forgetting_reduction	-0.38502677054341006
joint_flat_hns	train_task	tulu	6	original_head4_retention	target_gain	-0.8067511745433772
joint_flat_hns	train_task	tulu	6	original_head4_retention	off_gain	0.03333333333333333
joint_flat_hns	train_task	tulu	6	original_head4_retention	forgetting_reduction	-0.38502677054341006
joint_flat_hns	train_task	tulu	6	scalar_fit	target_gain	-0.8067511745433772
joint_flat_hns	train_task	tulu	6	scalar_fit	off_gain	0.03333333333333333
joint_flat_hns	train_task	tulu	6	scalar_fit	forgetting_reduction	-0.38502677054341006
joint_flat_hns	train_task	tulu	6	shape_residual	target_gain	0.42018290340800896
joint_flat_hns	train_task	tulu	6	shape_residual	off_gain	-0.1
joint_flat_hns	train_task	tulu	6	shape_residual	forgetting_reduction	0.38502677054341006
joint_flat_hns	train_task	tulu	6	displacement	target_gain	0.42018290340800896
joint_flat_hns	train_task	tulu	6	displacement	off_gain	-0.1
joint_flat_hns	train_task	tulu	6	displacement	forgetting_reduction	0.38502677054341006
hns_grid_target	seed	42	6	entropy_rank	target_gain	0.2005062881281242
hns_grid_target	seed	42	6	energy_entropy_rank	target_gain	0.18958034183990327
hns_grid_target	seed	42	6	stable_rank	target_gain	0.21317766638350613
hns_grid_target	seed	42	6	participation_rank	target_gain	0.18790903442373943
hns_grid_target	seed	42	6	nuclear_participation_rank	target_gain	0.2005062881281242
hns_grid_target	seed	42	6	top1_energy	target_gain	-0.2203041394369674
hns_grid_target	seed	42	6	top4_energy	target_gain	-0.21213267782280265
hns_grid_target	seed	42	6	log_condition	target_gain	-0.21642196370366407
hns_grid_target	seed	42	6	log_fro	target_gain	-0.2058627464585819
hns_grid_target	seed	42	6	log_nuclear	target_gain	
hns_grid_target	seed	42	6	log_head_rss	target_gain	-0.2215375748691338
hns_grid_target	seed	42	6	fro_ratio	target_gain	-0.19630720355999595
hns_grid_target	seed	42	6	nuclear_ratio	target_gain	
hns_grid_target	seed	42	6	head_ratio	target_gain	-0.22646889550281707
hns_grid_target	seed	42	6	original_head1_retention	target_gain	-0.4465907378131435
hns_grid_target	seed	42	6	original_head4_retention	target_gain	-0.4280493730628013
hns_grid_target	seed	42	6	scalar_fit	target_gain	-0.3954052771365582
hns_grid_target	seed	42	6	shape_residual	target_gain	0.4472551039810815
hns_grid_target	seed	42	6	displacement	target_gain	0.4364219769368903
hns_grid_target	seed	43	6	entropy_rank	target_gain	0.0736768941895092
hns_grid_target	seed	43	6	energy_entropy_rank	target_gain	0.07672909489137181
hns_grid_target	seed	43	6	stable_rank	target_gain	0.04000412424065619
hns_grid_target	seed	43	6	participation_rank	target_gain	0.07672909489137181
hns_grid_target	seed	43	6	nuclear_participation_rank	target_gain	0.0736768941895092
hns_grid_target	seed	43	6	top1_energy	target_gain	-0.02722361050872544
hns_grid_target	seed	43	6	top4_energy	target_gain	-0.03436251697594827
hns_grid_target	seed	43	6	log_condition	target_gain	0.0020504571811733167
hns_grid_target	seed	43	6	log_fro	target_gain	-0.0666398583881328
hns_grid_target	seed	43	6	log_nuclear	target_gain	
hns_grid_target	seed	43	6	log_head_rss	target_gain	-0.03895868644229302
hns_grid_target	seed	43	6	fro_ratio	target_gain	-0.06539996678660549
hns_grid_target	seed	43	6	nuclear_ratio	target_gain	
hns_grid_target	seed	43	6	head_ratio	target_gain	-0.04618195860308064
hns_grid_target	seed	43	6	original_head1_retention	target_gain	-0.48745672401472534
hns_grid_target	seed	43	6	original_head4_retention	target_gain	-0.42170913637101104
hns_grid_target	seed	43	6	scalar_fit	target_gain	-0.48922886002913823
hns_grid_target	seed	43	6	shape_residual	target_gain	0.43154474650212027
hns_grid_target	seed	43	6	displacement	target_gain	0.43154474650212027
hns_grid_target	seed	44	6	entropy_rank	target_gain	0.21105849635331891
hns_grid_target	seed	44	6	energy_entropy_rank	target_gain	0.22344334699507845
hns_grid_target	seed	44	6	stable_rank	target_gain	0.21780221631456334
hns_grid_target	seed	44	6	participation_rank	target_gain	0.22344334699507845
hns_grid_target	seed	44	6	nuclear_participation_rank	target_gain	0.217361735719494
hns_grid_target	seed	44	6	top1_energy	target_gain	-0.23420004524316562
hns_grid_target	seed	44	6	top4_energy	target_gain	-0.19211799269256294
hns_grid_target	seed	44	6	log_condition	target_gain	-0.20958326475552322
hns_grid_target	seed	44	6	log_fro	target_gain	-0.19417273058232298
hns_grid_target	seed	44	6	log_nuclear	target_gain	
hns_grid_target	seed	44	6	log_head_rss	target_gain	-0.22499379892872345
hns_grid_target	seed	44	6	fro_ratio	target_gain	-0.205180042206747
hns_grid_target	seed	44	6	nuclear_ratio	target_gain	
hns_grid_target	seed	44	6	head_ratio	target_gain	-0.22470720618300136
hns_grid_target	seed	44	6	original_head1_retention	target_gain	-0.35207215592598967
hns_grid_target	seed	44	6	original_head4_retention	target_gain	-0.3220548118127487
hns_grid_target	seed	44	6	scalar_fit	target_gain	-0.40817722170951726
hns_grid_target	seed	44	6	shape_residual	target_gain	0.38379055848611904
hns_grid_target	seed	44	6	displacement	target_gain	0.38802779984179153
hns_grid_target	base	Qwen3-8B	9	entropy_rank	target_gain	0.29628470814609503
hns_grid_target	base	Qwen3-8B	9	energy_entropy_rank	target_gain	0.2901049575706261
hns_grid_target	base	Qwen3-8B	9	stable_rank	target_gain	0.2848708399364758
hns_grid_target	base	Qwen3-8B	9	participation_rank	target_gain	0.2901049575706261
hns_grid_target	base	Qwen3-8B	9	nuclear_participation_rank	target_gain	0.29628470814609503
hns_grid_target	base	Qwen3-8B	9	top1_energy	target_gain	-0.28051426188128764
hns_grid_target	base	Qwen3-8B	9	top4_energy	target_gain	-0.26261530556643864
hns_grid_target	base	Qwen3-8B	9	log_condition	target_gain	-0.27254469782383983
hns_grid_target	base	Qwen3-8B	9	log_fro	target_gain	-0.2840903526092926
hns_grid_target	base	Qwen3-8B	9	log_nuclear	target_gain	
hns_grid_target	base	Qwen3-8B	9	log_head_rss	target_gain	-0.2888822380749915
hns_grid_target	base	Qwen3-8B	9	fro_ratio	target_gain	-0.28735840175930655
hns_grid_target	base	Qwen3-8B	9	nuclear_ratio	target_gain	
hns_grid_target	base	Qwen3-8B	9	head_ratio	target_gain	-0.29225809531851255
hns_grid_target	base	Qwen3-8B	9	original_head1_retention	target_gain	-0.3856299130567583
hns_grid_target	base	Qwen3-8B	9	original_head4_retention	target_gain	-0.3906440891319555
hns_grid_target	base	Qwen3-8B	9	scalar_fit	target_gain	-0.41101835929003244
hns_grid_target	base	Qwen3-8B	9	shape_residual	target_gain	0.37277468664307345
hns_grid_target	base	Qwen3-8B	9	displacement	target_gain	0.36835096727631267
hns_grid_target	base	Llama-3.1-8B-Instruct	9	entropy_rank	target_gain	0.024726845061841918
hns_grid_target	base	Llama-3.1-8B-Instruct	9	energy_entropy_rank	target_gain	0.03413001149380997
hns_grid_target	base	Llama-3.1-8B-Instruct	9	stable_rank	target_gain	0.026990362647583987
hns_grid_target	base	Llama-3.1-8B-Instruct	9	participation_rank	target_gain	0.033073936813437926
hns_grid_target	base	Llama-3.1-8B-Instruct	9	nuclear_participation_rank	target_gain	0.028915893999049674
hns_grid_target	base	Llama-3.1-8B-Instruct	9	top1_energy	target_gain	-0.03817920231937692
hns_grid_target	base	Llama-3.1-8B-Instruct	9	top4_energy	target_gain	-0.02768242322829127
hns_grid_target	base	Llama-3.1-8B-Instruct	9	log_condition	target_gain	-0.007612666387780099
hns_grid_target	base	Llama-3.1-8B-Instruct	9	log_fro	target_gain	-0.024914180905462144
hns_grid_target	base	Llama-3.1-8B-Instruct	9	log_nuclear	target_gain	
hns_grid_target	base	Llama-3.1-8B-Instruct	9	log_head_rss	target_gain	-0.03252684729324224
hns_grid_target	base	Llama-3.1-8B-Instruct	9	fro_ratio	target_gain	-0.021258696934507722
hns_grid_target	base	Llama-3.1-8B-Instruct	9	nuclear_ratio	target_gain	
hns_grid_target	base	Llama-3.1-8B-Instruct	9	head_ratio	target_gain	-0.037062697062311994
hns_grid_target	base	Llama-3.1-8B-Instruct	9	original_head1_retention	target_gain	-0.4720886876824256
hns_grid_target	base	Llama-3.1-8B-Instruct	9	original_head4_retention	target_gain	-0.39015592378599956
hns_grid_target	base	Llama-3.1-8B-Instruct	9	scalar_fit	target_gain	-0.4514443699554374
hns_grid_target	base	Llama-3.1-8B-Instruct	9	shape_residual	target_gain	0.469187100791282
hns_grid_target	base	Llama-3.1-8B-Instruct	9	displacement	target_gain	0.469217073719537
hns_grid_target	train_task	magicoder	6	entropy_rank	target_gain	0.2946659982818669
hns_grid_target	train_task	magicoder	6	energy_entropy_rank	target_gain	0.3103504375621107
hns_grid_target	train_task	magicoder	6	stable_rank	target_gain	0.3483477239866268
hns_grid_target	train_task	magicoder	6	participation_rank	target_gain	0.3103504375621107
hns_grid_target	train_task	magicoder	6	nuclear_participation_rank	target_gain	0.3011561226063641
hns_grid_target	train_task	magicoder	6	top1_energy	target_gain	-0.35783579615701194
hns_grid_target	train_task	magicoder	6	top4_energy	target_gain	-0.3230898829724907
hns_grid_target	train_task	magicoder	6	log_condition	target_gain	-0.29798257623228674
hns_grid_target	train_task	magicoder	6	log_fro	target_gain	-0.31467060263444535
hns_grid_target	train_task	magicoder	6	log_nuclear	target_gain	
hns_grid_target	train_task	magicoder	6	log_head_rss	target_gain	-0.3567670043246722
hns_grid_target	train_task	magicoder	6	fro_ratio	target_gain	-0.32139688316311604
hns_grid_target	train_task	magicoder	6	nuclear_ratio	target_gain	
hns_grid_target	train_task	magicoder	6	head_ratio	target_gain	-0.3567817879209088
hns_grid_target	train_task	magicoder	6	original_head1_retention	target_gain	-0.5022170102374123
hns_grid_target	train_task	magicoder	6	original_head4_retention	target_gain	-0.38529901261962723
hns_grid_target	train_task	magicoder	6	scalar_fit	target_gain	-0.44727975008018145
hns_grid_target	train_task	magicoder	6	shape_residual	target_gain	0.4291988331482956
hns_grid_target	train_task	magicoder	6	displacement	target_gain	0.4266572519148703
hns_grid_target	train_task	metamath	6	entropy_rank	target_gain	0.03806874487086959
hns_grid_target	train_task	metamath	6	energy_entropy_rank	target_gain	0.036543991197481064
hns_grid_target	train_task	metamath	6	stable_rank	target_gain	0.020515248496555456
hns_grid_target	train_task	metamath	6	participation_rank	target_gain	0.03498208988133963
hns_grid_target	train_task	metamath	6	nuclear_participation_rank	target_gain	0.03806874487086959
hns_grid_target	train_task	metamath	6	top1_energy	target_gain	-0.01540980227254806
hns_grid_target	train_task	metamath	6	top4_energy	target_gain	0.0035919830781108147
hns_grid_target	train_task	metamath	6	log_condition	target_gain	0.003077287274483318
hns_grid_target	train_task	metamath	6	log_fro	target_gain	-0.004103049699311091
hns_grid_target	train_task	metamath	6	log_nuclear	target_gain	
hns_grid_target	train_task	metamath	6	log_head_rss	target_gain	-0.020515248496555456
hns_grid_target	train_task	metamath	6	fro_ratio	target_gain	-0.007202194975569924
hns_grid_target	train_task	metamath	6	nuclear_ratio	target_gain	
hns_grid_target	train_task	metamath	6	head_ratio	target_gain	-0.02309131978785524
hns_grid_target	train_task	metamath	6	original_head1_retention	target_gain	-0.37895161339689304
hns_grid_target	train_task	metamath	6	original_head4_retention	target_gain	-0.3910934901908259
hns_grid_target	train_task	metamath	6	scalar_fit	target_gain	-0.4399159364038725
hns_grid_target	train_task	metamath	6	shape_residual	target_gain	0.45002416564331205
hns_grid_target	train_task	metamath	6	displacement	target_gain	0.44688426590389374
hns_grid_target	train_task	tulu	6	entropy_rank	target_gain	0.15519046145333115
hns_grid_target	train_task	tulu	6	energy_entropy_rank	target_gain	0.14594069885015248
hns_grid_target	train_task	tulu	6	stable_rank	target_gain	0.10612692443884811
hns_grid_target	train_task	tulu	6	participation_rank	target_gain	0.14594069885015248
hns_grid_target	train_task	tulu	6	nuclear_participation_rank	target_gain	0.15519046145333115
hns_grid_target	train_task	tulu	6	top1_energy	target_gain	-0.11247731873152389
hns_grid_target	train_task	tulu	6	top4_energy	target_gain	-0.12239228243077405
hns_grid_target	train_task	tulu	6	log_condition	target_gain	-0.1315717036130821
hns_grid_target	train_task	tulu	6	log_fro	target_gain	-0.15095048166462133
hns_grid_target	train_task	tulu	6	log_nuclear	target_gain	
hns_grid_target	train_task	tulu	6	log_head_rss	target_gain	-0.11219292556154288
hns_grid_target	train_task	tulu	6	fro_ratio	target_gain	-0.14182969324873973
hns_grid_target	train_task	tulu	6	nuclear_ratio	target_gain	
hns_grid_target	train_task	tulu	6	head_ratio	target_gain	-0.12149513114221347
hns_grid_target	train_task	tulu	6	original_head1_retention	target_gain	-0.4068555442031266
hns_grid_target	train_task	tulu	6	original_head4_retention	target_gain	-0.3947151108392463
hns_grid_target	train_task	tulu	6	scalar_fit	target_gain	-0.4068555442031266
hns_grid_target	train_task	tulu	6	shape_residual	target_gain	0.383495818283092
hns_grid_target	train_task	tulu	6	displacement	target_gain	0.38266919869776966
hns_grid_retention	seed	43	6	entropy_rank	target_gain	0.025364982809794618
hns_grid_retention	seed	43	6	entropy_rank	off_gain	0.25584085962673253
hns_grid_retention	seed	43	6	entropy_rank	forgetting_reduction	0.3731984839649472
hns_grid_retention	seed	43	6	energy_entropy_rank	target_gain	0.02173032976087707
hns_grid_retention	seed	43	6	energy_entropy_rank	off_gain	0.26890183937547585
hns_grid_retention	seed	43	6	energy_entropy_rank	forgetting_reduction	0.3918153594236442
hns_grid_retention	seed	43	6	stable_rank	target_gain	-0.01648934340507362
hns_grid_retention	seed	43	6	stable_rank	off_gain	0.24962105258588965
hns_grid_retention	seed	43	6	stable_rank	forgetting_reduction	0.3761792605449904
hns_grid_retention	seed	43	6	participation_rank	target_gain	0.02173032976087707
hns_grid_retention	seed	43	6	participation_rank	off_gain	0.26890183937547585
hns_grid_retention	seed	43	6	participation_rank	forgetting_reduction	0.3918153594236442
hns_grid_retention	seed	43	6	nuclear_participation_rank	target_gain	0.025364982809794618
hns_grid_retention	seed	43	6	nuclear_participation_rank	off_gain	0.26396279167837483
hns_grid_retention	seed	43	6	nuclear_participation_rank	forgetting_reduction	0.38574297082091186
hns_grid_retention	seed	43	6	top1_energy	target_gain	0.02993236732935926
hns_grid_retention	seed	43	6	top1_energy	off_gain	-0.24291547746178085
hns_grid_retention	seed	43	6	top1_energy	forgetting_reduction	-0.3783143893239194
hns_grid_retention	seed	43	6	top4_energy	target_gain	0.02215755520056768
hns_grid_retention	seed	43	6	top4_energy	off_gain	-0.2294088216072751
hns_grid_retention	seed	43	6	top4_energy	forgetting_reduction	-0.3761792605449904
hns_grid_retention	seed	43	6	log_condition	target_gain	0.04017247004008425
hns_grid_retention	seed	43	6	log_condition	off_gain	-0.1919191919191919
hns_grid_retention	seed	43	6	log_condition	forgetting_reduction	-0.3167046152392818
hns_grid_retention	seed	43	6	log_fro	target_gain	-0.012360760012333615
hns_grid_retention	seed	43	6	log_fro	off_gain	-0.2404040404040404
hns_grid_retention	seed	43	6	log_fro	forgetting_reduction	-0.382229708047409
hns_grid_retention	seed	43	6	log_nuclear	target_gain	
hns_grid_retention	seed	43	6	log_nuclear	off_gain	
hns_grid_retention	seed	43	6	log_nuclear	forgetting_reduction	
hns_grid_retention	seed	43	6	log_head_rss	target_gain	0.01751107668413929
hns_grid_retention	seed	43	6	log_head_rss	off_gain	-0.25252525252525254
hns_grid_retention	seed	43	6	log_head_rss	forgetting_reduction	-0.3759892230180636
hns_grid_retention	seed	43	6	fro_ratio	target_gain	-0.010347776076608129
hns_grid_retention	seed	43	6	fro_ratio	off_gain	-0.25469570446507334
hns_grid_retention	seed	43	6	fro_ratio	forgetting_reduction	-0.3855463136728659
hns_grid_retention	seed	43	6	nuclear_ratio	target_gain	
hns_grid_retention	seed	43	6	nuclear_ratio	off_gain	
hns_grid_retention	seed	43	6	nuclear_ratio	forgetting_reduction	
hns_grid_retention	seed	43	6	head_ratio	target_gain	0.010311053815010138
hns_grid_retention	seed	43	6	head_ratio	off_gain	-0.2578363299818713
hns_grid_retention	seed	43	6	head_ratio	forgetting_reduction	-0.3763695865174734
hns_grid_retention	seed	43	6	original_head1_retention	target_gain	-0.43556755217205545
hns_grid_retention	seed	43	6	original_head1_retention	off_gain	-0.12753062566743495
hns_grid_retention	seed	43	6	original_head1_retention	forgetting_reduction	-0.24387208567988192
hns_grid_retention	seed	43	6	original_head4_retention	target_gain	-0.4066673354402603
hns_grid_retention	seed	43	6	original_head4_retention	off_gain	-0.12246988655364785
hns_grid_retention	seed	43	6	original_head4_retention	forgetting_reduction	-0.27201117248909906
hns_grid_retention	seed	43	6	scalar_fit	target_gain	-0.455355597595163
hns_grid_retention	seed	43	6	scalar_fit	off_gain	-0.09934173015384529
hns_grid_retention	seed	43	6	scalar_fit	forgetting_reduction	-0.2364156052970581
hns_grid_retention	seed	43	6	shape_residual	target_gain	0.3846023072998781
hns_grid_retention	seed	43	6	shape_residual	off_gain	0.11931249779553259
hns_grid_retention	seed	43	6	shape_residual	forgetting_reduction	0.22800813125124944
hns_grid_retention	seed	43	6	displacement	target_gain	0.3840867546091276
hns_grid_retention	seed	43	6	displacement	off_gain	0.12942372642227265
hns_grid_retention	seed	43	6	displacement	forgetting_reduction	0.23113153030948574
hns_grid_retention	seed	44	6	entropy_rank	target_gain	0.21657307003224208
hns_grid_retention	seed	44	6	entropy_rank	off_gain	0.19685644090129173
hns_grid_retention	seed	44	6	entropy_rank	forgetting_reduction	0.27102256442168704
hns_grid_retention	seed	44	6	energy_entropy_rank	target_gain	0.23097697967809191
hns_grid_retention	seed	44	6	energy_entropy_rank	off_gain	0.18467975383523244
hns_grid_retention	seed	44	6	energy_entropy_rank	forgetting_reduction	0.24454735247303894
hns_grid_retention	seed	44	6	stable_rank	target_gain	0.22121929823128117
hns_grid_retention	seed	44	6	stable_rank	off_gain	0.16161616161616163
hns_grid_retention	seed	44	6	stable_rank	forgetting_reduction	0.2233205182513552
hns_grid_retention	seed	44	6	participation_rank	target_gain	0.23097697967809191
hns_grid_retention	seed	44	6	participation_rank	off_gain	0.18467975383523244
hns_grid_retention	seed	44	6	participation_rank	forgetting_reduction	0.24454735247303894
hns_grid_retention	seed	44	6	nuclear_participation_rank	target_gain	0.22491854215479773
hns_grid_retention	seed	44	6	nuclear_participation_rank	off_gain	0.1837587126684071
hns_grid_retention	seed	44	6	nuclear_participation_rank	forgetting_reduction	0.24746037564052095
hns_grid_retention	seed	44	6	top1_energy	target_gain	-0.23654802626845942
hns_grid_retention	seed	44	6	top1_energy	off_gain	-0.17004083422324662
hns_grid_retention	seed	44	6	top1_energy	forgetting_reduction	-0.22307809522476743
hns_grid_retention	seed	44	6	top4_energy	target_gain	-0.20380852012974515
hns_grid_retention	seed	44	6	top4_energy	off_gain	-0.16565656565656567
hns_grid_retention	seed	44	6	top4_energy	forgetting_reduction	-0.2233205182513552
hns_grid_retention	seed	44	6	log_condition	target_gain	-0.2089293372184322
hns_grid_retention	seed	44	6	log_condition	off_gain	-0.18181818181818182
hns_grid_retention	seed	44	6	log_condition	forgetting_reduction	-0.2760297088945322
hns_grid_retention	seed	44	6	log_fro	target_gain	-0.20585684696521997
hns_grid_retention	seed	44	6	log_fro	off_gain	-0.16767676767676767
hns_grid_retention	seed	44	6	log_fro	forgetting_reduction	-0.2344171899657083
hns_grid_retention	seed	44	6	log_nuclear	target_gain	
hns_grid_retention	seed	44	6	log_nuclear	off_gain	
hns_grid_retention	seed	44	6	log_nuclear	forgetting_reduction	
hns_grid_retention	seed	44	6	log_head_rss	target_gain	-0.22838844215544307
hns_grid_retention	seed	44	6	log_head_rss	off_gain	-0.15757575757575756
hns_grid_retention	seed	44	6	log_head_rss	forgetting_reduction	-0.2233205182513552
hns_grid_retention	seed	44	6	fro_ratio	target_gain	-0.21278327308767814
hns_grid_retention	seed	44	6	fro_ratio	off_gain	-0.17988139282913573
hns_grid_retention	seed	44	6	fro_ratio	forgetting_reduction	-0.23515316374590797
hns_grid_retention	seed	44	6	nuclear_ratio	target_gain	
hns_grid_retention	seed	44	6	nuclear_ratio	off_gain	
hns_grid_retention	seed	44	6	nuclear_ratio	forgetting_reduction	
hns_grid_retention	seed	44	6	head_ratio	target_gain	-0.22810688793136893
hns_grid_retention	seed	44	6	head_ratio	off_gain	-0.15267955226377475
hns_grid_retention	seed	44	6	head_ratio	forgetting_reduction	-0.21382702659145938
hns_grid_retention	seed	44	6	original_head1_retention	target_gain	-0.3489211667300486
hns_grid_retention	seed	44	6	original_head1_retention	off_gain	-0.053643834606143276
hns_grid_retention	seed	44	6	original_head1_retention	forgetting_reduction	-0.34538882656295766
hns_grid_retention	seed	44	6	original_head4_retention	target_gain	-0.3189985207241005
hns_grid_retention	seed	44	6	original_head4_retention	off_gain	-0.0020232699065862937
hns_grid_retention	seed	44	6	original_head4_retention	forgetting_reduction	-0.26116779430099213
hns_grid_retention	seed	44	6	scalar_fit	target_gain	-0.404851177279424
hns_grid_retention	seed	44	6	scalar_fit	off_gain	-0.0030364434682722606
hns_grid_retention	seed	44	6	scalar_fit	forgetting_reduction	-0.355118089283041
hns_grid_retention	seed	44	6	shape_residual	target_gain	0.372335893964143
hns_grid_retention	seed	44	6	shape_residual	off_gain	0.02023269906586294
hns_grid_retention	seed	44	6	shape_residual	forgetting_reduction	0.38480573947539803
hns_grid_retention	seed	44	6	displacement	target_gain	0.3765702910854945
hns_grid_retention	seed	44	6	displacement	off_gain	0.01920161942968382
hns_grid_retention	seed	44	6	displacement	forgetting_reduction	0.3747019615872507
hns_grid_retention	base	Qwen3-8B	6	entropy_rank	target_gain	0.32667539673458684
hns_grid_retention	base	Qwen3-8B	6	entropy_rank	off_gain	0.06281690618027334
hns_grid_retention	base	Qwen3-8B	6	entropy_rank	forgetting_reduction	0.3469416654986297
hns_grid_retention	base	Qwen3-8B	6	energy_entropy_rank	target_gain	0.32667539673458684
hns_grid_retention	base	Qwen3-8B	6	energy_entropy_rank	off_gain	0.06281690618027334
hns_grid_retention	base	Qwen3-8B	6	energy_entropy_rank	forgetting_reduction	0.3469416654986297
hns_grid_retention	base	Qwen3-8B	6	stable_rank	target_gain	0.29305878435496985
hns_grid_retention	base	Qwen3-8B	6	stable_rank	off_gain	0.06771097377835873
hns_grid_retention	base	Qwen3-8B	6	stable_rank	forgetting_reduction	0.33384954531146616
hns_grid_retention	base	Qwen3-8B	6	participation_rank	target_gain	0.32667539673458684
hns_grid_retention	base	Qwen3-8B	6	participation_rank	off_gain	0.06281690618027334
hns_grid_retention	base	Qwen3-8B	6	participation_rank	forgetting_reduction	0.3469416654986297
hns_grid_retention	base	Qwen3-8B	6	nuclear_participation_rank	target_gain	0.32667539673458684
hns_grid_retention	base	Qwen3-8B	6	nuclear_participation_rank	off_gain	0.06281690618027334
hns_grid_retention	base	Qwen3-8B	6	nuclear_participation_rank	forgetting_reduction	0.3469416654986297
hns_grid_retention	base	Qwen3-8B	6	top1_energy	target_gain	-0.28654325922165225
hns_grid_retention	base	Qwen3-8B	6	top1_energy	off_gain	-0.0606673717604403
hns_grid_retention	base	Qwen3-8B	6	top1_energy	forgetting_reduction	-0.3340184547810694
hns_grid_retention	base	Qwen3-8B	6	top4_energy	target_gain	-0.27307750360349464
hns_grid_retention	base	Qwen3-8B	6	top4_energy	off_gain	-0.05356241209332855
hns_grid_retention	base	Qwen3-8B	6	top4_energy	forgetting_reduction	-0.33384954531146616
hns_grid_retention	base	Qwen3-8B	6	log_condition	target_gain	-0.28369326671326334
hns_grid_retention	base	Qwen3-8B	6	log_condition	off_gain	-0.050505050505050504
hns_grid_retention	base	Qwen3-8B	6	log_condition	forgetting_reduction	-0.3336808918299724
hns_grid_retention	base	Qwen3-8B	6	log_fro	target_gain	-0.3195389863340728
hns_grid_retention	base	Qwen3-8B	6	log_fro	off_gain	-0.06262626262626263
hns_grid_retention	base	Qwen3-8B	6	log_fro	forgetting_reduction	-0.34588872933594705
hns_grid_retention	base	Qwen3-8B	6	log_nuclear	target_gain	
hns_grid_retention	base	Qwen3-8B	6	log_nuclear	off_gain	
hns_grid_retention	base	Qwen3-8B	6	log_nuclear	forgetting_reduction	
hns_grid_retention	base	Qwen3-8B	6	log_head_rss	target_gain	-0.29905571797932456
hns_grid_retention	base	Qwen3-8B	6	log_head_rss	off_gain	-0.06666666666666667
hns_grid_retention	base	Qwen3-8B	6	log_head_rss	forgetting_reduction	-0.3336808918299724
hns_grid_retention	base	Qwen3-8B	6	fro_ratio	target_gain	-0.3225662722473593
hns_grid_retention	base	Qwen3-8B	6	fro_ratio	off_gain	-0.05673785074347269
hns_grid_retention	base	Qwen3-8B	6	fro_ratio	forgetting_reduction	-0.3469416654986297
hns_grid_retention	base	Qwen3-8B	6	nuclear_ratio	target_gain	
hns_grid_retention	base	Qwen3-8B	6	nuclear_ratio	off_gain	
hns_grid_retention	base	Qwen3-8B	6	nuclear_ratio	forgetting_reduction	
hns_grid_retention	base	Qwen3-8B	6	head_ratio	target_gain	-0.2993582529256617
hns_grid_retention	base	Qwen3-8B	6	head_ratio	off_gain	-0.06774523179915834
hns_grid_retention	base	Qwen3-8B	6	head_ratio	forgetting_reduction	-0.3340184547810694
hns_grid_retention	base	Qwen3-8B	6	original_head1_retention	target_gain	-0.3350669439334143
hns_grid_retention	base	Qwen3-8B	6	original_head1_retention	off_gain	-0.10121478227574203
hns_grid_retention	base	Qwen3-8B	6	original_head1_retention	forgetting_reduction	-0.34658961907057234
hns_grid_retention	base	Qwen3-8B	6	original_head4_retention	target_gain	-0.3668803444293893
hns_grid_retention	base	Qwen3-8B	6	original_head4_retention	off_gain	-0.014170069518603884
hns_grid_retention	base	Qwen3-8B	6	original_head4_retention	forgetting_reduction	-0.28542674511694194
hns_grid_retention	base	Qwen3-8B	6	scalar_fit	target_gain	-0.3893395451648063
hns_grid_retention	base	Qwen3-8B	6	scalar_fit	off_gain	-0.04052703624533764
hns_grid_retention	base	Qwen3-8B	6	scalar_fit	forgetting_reduction	-0.3469416654986297
hns_grid_retention	base	Qwen3-8B	6	shape_residual	target_gain	0.28925267795561527
hns_grid_retention	base	Qwen3-8B	6	shape_residual	off_gain	0.07384935159039972
hns_grid_retention	base	Qwen3-8B	6	shape_residual	forgetting_reduction	0.36271583242615313
hns_grid_retention	base	Qwen3-8B	6	displacement	target_gain	0.2933555528202339
hns_grid_retention	base	Qwen3-8B	6	displacement	off_gain	0.08801224093650378
hns_grid_retention	base	Qwen3-8B	6	displacement	forgetting_reduction	0.36271583242615313
hns_grid_retention	base	Llama-3.1-8B-Instruct	6	entropy_rank	target_gain	-0.08606217871833897
hns_grid_retention	base	Llama-3.1-8B-Instruct	6	entropy_rank	off_gain	0.3904508253635499
hns_grid_retention	base	Llama-3.1-8B-Instruct	6	entropy_rank	forgetting_reduction	0.3183298803944027
hns_grid_retention	base	Llama-3.1-8B-Instruct	6	energy_entropy_rank	target_gain	-0.07513635191260981
hns_grid_retention	base	Llama-3.1-8B-Instruct	6	energy_entropy_rank	off_gain	0.3912674363797585
hns_grid_retention	base	Llama-3.1-8B-Instruct	6	energy_entropy_rank	forgetting_reduction	0.3096826376090218
hns_grid_retention	base	Llama-3.1-8B-Instruct	6	stable_rank	target_gain	-0.08858544675505758
hns_grid_retention	base	Llama-3.1-8B-Instruct	6	stable_rank	off_gain	0.3434343434343434
hns_grid_retention	base	Llama-3.1-8B-Instruct	6	stable_rank	forgetting_reduction	0.28671785566799446
hns_grid_retention	base	Llama-3.1-8B-Instruct	6	participation_rank	target_gain	-0.07513635191260981
hns_grid_retention	base	Llama-3.1-8B-Instruct	6	participation_rank	off_gain	0.3912674363797585
hns_grid_retention	base	Llama-3.1-8B-Instruct	6	participation_rank	forgetting_reduction	0.3096826376090218
hns_grid_retention	base	Llama-3.1-8B-Instruct	6	nuclear_participation_rank	target_gain	-0.07780685842922304
hns_grid_retention	base	Llama-3.1-8B-Instruct	6	nuclear_participation_rank	off_gain	0.3855642012303645
hns_grid_retention	base	Llama-3.1-8B-Instruct	6	nuclear_participation_rank	forgetting_reduction	0.30757316030512016
hns_grid_retention	base	Llama-3.1-8B-Instruct	6	top1_energy	target_gain	0.08058952189427213
hns_grid_retention	base	Llama-3.1-8B-Instruct	6	top1_energy	off_gain	-0.3525852153344375
hns_grid_retention	base	Llama-3.1-8B-Instruct	6	top1_energy	forgetting_reduction	-0.28819484906235276
hns_grid_retention	base	Llama-3.1-8B-Instruct	6	top4_energy	target_gain	0.09167563675814099
hns_grid_retention	base	Llama-3.1-8B-Instruct	6	top4_energy	off_gain	-0.3414141414141414
hns_grid_retention	base	Llama-3.1-8B-Instruct	6	top4_energy	forgetting_reduction	-0.28671785566799446
hns_grid_retention	base	Llama-3.1-8B-Instruct	6	log_condition	target_gain	0.11536709344844709
hns_grid_retention	base	Llama-3.1-8B-Instruct	6	log_condition	off_gain	-0.32323232323232326
hns_grid_retention	base	Llama-3.1-8B-Instruct	6	log_condition	forgetting_reduction	-0.28671785566799446
hns_grid_retention	base	Llama-3.1-8B-Instruct	6	log_fro	target_gain	0.10197627010175234
hns_grid_retention	base	Llama-3.1-8B-Instruct	6	log_fro	off_gain	-0.34545454545454546
hns_grid_retention	base	Llama-3.1-8B-Instruct	6	log_fro	forgetting_reduction	-0.29394603690332205
hns_grid_retention	base	Llama-3.1-8B-Instruct	6	log_nuclear	target_gain	
hns_grid_retention	base	Llama-3.1-8B-Instruct	6	log_nuclear	off_gain	
hns_grid_retention	base	Llama-3.1-8B-Instruct	6	log_nuclear	forgetting_reduction	
hns_grid_retention	base	Llama-3.1-8B-Instruct	6	log_head_rss	target_gain	0.08858544675505758
hns_grid_retention	base	Llama-3.1-8B-Instruct	6	log_head_rss	off_gain	-0.3434343434343434
hns_grid_retention	base	Llama-3.1-8B-Instruct	6	log_head_rss	forgetting_reduction	-0.28671785566799446
hns_grid_retention	base	Llama-3.1-8B-Instruct	6	fro_ratio	target_gain	0.1012007739034414
hns_grid_retention	base	Llama-3.1-8B-Instruct	6	fro_ratio	off_gain	-0.3786369862625248
hns_grid_retention	base	Llama-3.1-8B-Instruct	6	fro_ratio	forgetting_reduction	-0.2968054940971611
hns_grid_retention	base	Llama-3.1-8B-Instruct	6	nuclear_ratio	target_gain	
hns_grid_retention	base	Llama-3.1-8B-Instruct	6	nuclear_ratio	off_gain	
hns_grid_retention	base	Llama-3.1-8B-Instruct	6	nuclear_ratio	forgetting_reduction	
hns_grid_retention	base	Llama-3.1-8B-Instruct	6	head_ratio	target_gain	0.08197287782933059
hns_grid_retention	base	Llama-3.1-8B-Instruct	6	head_ratio	off_gain	-0.3427706504464877
hns_grid_retention	base	Llama-3.1-8B-Instruct	6	head_ratio	forgetting_reduction	-0.27856650011825446
hns_grid_retention	base	Llama-3.1-8B-Instruct	6	original_head1_retention	target_gain	-0.44950158523917094
hns_grid_retention	base	Llama-3.1-8B-Instruct	6	original_head1_retention	off_gain	-0.0799596779978362
hns_grid_retention	base	Llama-3.1-8B-Instruct	6	original_head1_retention	forgetting_reduction	-0.283073861814283
hns_grid_retention	base	Llama-3.1-8B-Instruct	6	original_head4_retention	target_gain	-0.35849058836384956
hns_grid_retention	base	Llama-3.1-8B-Instruct	6	original_head4_retention	off_gain	-0.11026820990895302
hns_grid_retention	base	Llama-3.1-8B-Instruct	6	original_head4_retention	forgetting_reduction	-0.2678488452056499
hns_grid_retention	base	Llama-3.1-8B-Instruct	6	scalar_fit	target_gain	-0.47089952592886236
hns_grid_retention	base	Llama-3.1-8B-Instruct	6	scalar_fit	off_gain	-0.06177234985562837
hns_grid_retention	base	Llama-3.1-8B-Instruct	6	scalar_fit	forgetting_reduction	-0.28563301889516735
hns_grid_retention	base	Llama-3.1-8B-Instruct	6	shape_residual	target_gain	0.4681218432014602
hns_grid_retention	base	Llama-3.1-8B-Instruct	6	shape_residual	off_gain	0.06572298607381033
hns_grid_retention	base	Llama-3.1-8B-Instruct	6	shape_residual	forgetting_reduction	0.29544931830723953
hns_grid_retention	base	Llama-3.1-8B-Instruct	6	displacement	target_gain	0.46764875379995513
hns_grid_retention	base	Llama-3.1-8B-Instruct	6	displacement	off_gain	0.06060606060606061
hns_grid_retention	base	Llama-3.1-8B-Instruct	6	displacement	forgetting_reduction	0.28912724941310364
hns_grid_retention	train_task	magicoder	4	entropy_rank	target_gain	0.25441870636066516
hns_grid_retention	train_task	magicoder	4	entropy_rank	off_gain	0.3072265554487261
hns_grid_retention	train_task	magicoder	4	entropy_rank	forgetting_reduction	0.2826683913975084
hns_grid_retention	train_task	magicoder	4	energy_entropy_rank	target_gain	0.26756366683891464
hns_grid_retention	train_task	magicoder	4	energy_entropy_rank	off_gain	0.31763064657283374
hns_grid_retention	train_task	magicoder	4	energy_entropy_rank	forgetting_reduction	0.28245286075892817
hns_grid_retention	train_task	magicoder	4	stable_rank	target_gain	0.2706629499337379
hns_grid_retention	train_task	magicoder	4	stable_rank	off_gain	0.30303030303030304
hns_grid_retention	train_task	magicoder	4	stable_rank	forgetting_reduction	0.28872464580941154
hns_grid_retention	train_task	magicoder	4	participation_rank	target_gain	0.26756366683891464
hns_grid_retention	train_task	magicoder	4	participation_rank	off_gain	0.31763064657283374
hns_grid_retention	train_task	magicoder	4	participation_rank	forgetting_reduction	0.28245286075892817
hns_grid_retention	train_task	magicoder	4	nuclear_participation_rank	target_gain	0.26404325814007873
hns_grid_retention	train_task	magicoder	4	nuclear_participation_rank	off_gain	0.3089834343012543
hns_grid_retention	train_task	magicoder	4	nuclear_participation_rank	forgetting_reduction	0.27930360078891187
hns_grid_retention	train_task	magicoder	4	top1_energy	target_gain	-0.2710739797072583
hns_grid_retention	train_task	magicoder	4	top1_energy	off_gain	-0.2959032238382455
hns_grid_retention	train_task	magicoder	4	top1_energy	forgetting_reduction	-0.28023831697732177
hns_grid_retention	train_task	magicoder	4	top4_energy	target_gain	-0.24093696121269154
hns_grid_retention	train_task	magicoder	4	top4_energy	off_gain	-0.2696969696969697
hns_grid_retention	train_task	magicoder	4	top4_energy	forgetting_reduction	-0.28872464580941154
hns_grid_retention	train_task	magicoder	4	log_condition	target_gain	-0.23154980687972954
hns_grid_retention	train_task	magicoder	4	log_condition	off_gain	-0.2515151515151515
hns_grid_retention	train_task	magicoder	4	log_condition	forgetting_reduction	-0.2637731332085982
hns_grid_retention	train_task	magicoder	4	log_fro	target_gain	-0.2628403213229362
hns_grid_retention	train_task	magicoder	4	log_fro	off_gain	-0.31212121212121213
hns_grid_retention	train_task	magicoder	4	log_fro	forgetting_reduction	-0.2905068967094696
hns_grid_retention	train_task	magicoder	4	log_nuclear	target_gain	
hns_grid_retention	train_task	magicoder	4	log_nuclear	off_gain	
hns_grid_retention	train_task	magicoder	4	log_nuclear	forgetting_reduction	
hns_grid_retention	train_task	magicoder	4	log_head_rss	target_gain	-0.2706629499337379
hns_grid_retention	train_task	magicoder	4	log_head_rss	off_gain	-0.30303030303030304
hns_grid_retention	train_task	magicoder	4	log_head_rss	forgetting_reduction	-0.28872464580941154
hns_grid_retention	train_task	magicoder	4	fro_ratio	target_gain	-0.2713233585269611
hns_grid_retention	train_task	magicoder	4	fro_ratio	off_gain	-0.31988268767102945
hns_grid_retention	train_task	magicoder	4	fro_ratio	forgetting_reduction	-0.28310093700843997
hns_grid_retention	train_task	magicoder	4	nuclear_ratio	target_gain	
hns_grid_retention	train_task	magicoder	4	nuclear_ratio	off_gain	
hns_grid_retention	train_task	magicoder	4	nuclear_ratio	forgetting_reduction	
hns_grid_retention	train_task	magicoder	4	head_ratio	target_gain	-0.2702905288988558
hns_grid_retention	train_task	magicoder	4	head_ratio	off_gain	-0.2959032238382455
hns_grid_retention	train_task	magicoder	4	head_ratio	forgetting_reduction	-0.2766684021113686
hns_grid_retention	train_task	magicoder	4	original_head1_retention	target_gain	-0.4025224665347895
hns_grid_retention	train_task	magicoder	4	original_head1_retention	off_gain	-0.2568400922048273
hns_grid_retention	train_task	magicoder	4	original_head1_retention	forgetting_reduction	-0.32893244544077715
hns_grid_retention	train_task	magicoder	4	original_head4_retention	target_gain	-0.29581085747293495
hns_grid_retention	train_task	magicoder	4	original_head4_retention	off_gain	-0.17477284380801855
hns_grid_retention	train_task	magicoder	4	original_head4_retention	forgetting_reduction	-0.24133630507883105
hns_grid_retention	train_task	magicoder	4	scalar_fit	target_gain	-0.44242962599066765
hns_grid_retention	train_task	magicoder	4	scalar_fit	off_gain	-0.1613411036252855
hns_grid_retention	train_task	magicoder	4	scalar_fit	forgetting_reduction	-0.3312254240124916
hns_grid_retention	train_task	magicoder	4	shape_residual	target_gain	0.35544381547808895
hns_grid_retention	train_task	magicoder	4	shape_residual	off_gain	0.2203657595840234
hns_grid_retention	train_task	magicoder	4	shape_residual	forgetting_reduction	0.34859688511386705
hns_grid_retention	train_task	magicoder	4	displacement	target_gain	0.35827639037471665
hns_grid_retention	train_task	magicoder	4	displacement	off_gain	0.22424242424242424
hns_grid_retention	train_task	magicoder	4	displacement	forgetting_reduction	0.3386276710110382
hns_grid_retention	train_task	metamath	4	entropy_rank	target_gain	-0.08039901080290916
hns_grid_retention	train_task	metamath	4	entropy_rank	off_gain	0.22796457888002422
hns_grid_retention	train_task	metamath	4	entropy_rank	forgetting_reduction	0.43827089360529603
hns_grid_retention	train_task	metamath	4	energy_entropy_rank	target_gain	-0.07733619134375071
hns_grid_retention	train_task	metamath	4	energy_entropy_rank	off_gain	0.21884599572482324
hns_grid_retention	train_task	metamath	4	energy_entropy_rank	forgetting_reduction	0.42490315393106043
hns_grid_retention	train_task	metamath	4	stable_rank	target_gain	-0.10534658085529923
hns_grid_retention	train_task	metamath	4	stable_rank	off_gain	0.22727272727272727
hns_grid_retention	train_task	metamath	4	stable_rank	forgetting_reduction	0.3712568732585483
hns_grid_retention	train_task	metamath	4	participation_rank	target_gain	-0.07733619134375071
hns_grid_retention	train_task	metamath	4	participation_rank	off_gain	0.21884599572482324
hns_grid_retention	train_task	metamath	4	participation_rank	forgetting_reduction	0.42490315393106043
hns_grid_retention	train_task	metamath	4	nuclear_participation_rank	target_gain	-0.07733619134375071
hns_grid_retention	train_task	metamath	4	nuclear_participation_rank	off_gain	0.21884599572482324
hns_grid_retention	train_task	metamath	4	nuclear_participation_rank	forgetting_reduction	0.42490315393106043
hns_grid_retention	train_task	metamath	4	top1_energy	target_gain	0.10780018145104915
hns_grid_retention	train_task	metamath	4	top1_energy	off_gain	-0.23975748393047586
hns_grid_retention	train_task	metamath	4	top1_energy	forgetting_reduction	-0.38230791487757976
hns_grid_retention	train_task	metamath	4	top4_energy	target_gain	0.11535795964622944
hns_grid_retention	train_task	metamath	4	top4_energy	off_gain	-0.2410918054525421
hns_grid_retention	train_task	metamath	4	top4_energy	forgetting_reduction	-0.3715384484778336
hns_grid_retention	train_task	metamath	4	log_condition	target_gain	0.12061420126911071
hns_grid_retention	train_task	metamath	4	log_condition	off_gain	-0.24242424242424243
hns_grid_retention	train_task	metamath	4	log_condition	forgetting_reduction	-0.39791121287711073
hns_grid_retention	train_task	metamath	4	log_fro	target_gain	0.11908743922772956
hns_grid_retention	train_task	metamath	4	log_fro	off_gain	-0.19393939393939394
hns_grid_retention	train_task	metamath	4	log_fro	forgetting_reduction	-0.39219956867313305
hns_grid_retention	train_task	metamath	4	log_nuclear	target_gain	
hns_grid_retention	train_task	metamath	4	log_nuclear	off_gain	
hns_grid_retention	train_task	metamath	4	log_nuclear	forgetting_reduction	
hns_grid_retention	train_task	metamath	4	log_head_rss	target_gain	0.10534658085529923
hns_grid_retention	train_task	metamath	4	log_head_rss	off_gain	-0.22727272727272727
hns_grid_retention	train_task	metamath	4	log_head_rss	forgetting_reduction	-0.3712568732585483
hns_grid_retention	train_task	metamath	4	fro_ratio	target_gain	0.1186842540423897
hns_grid_retention	train_task	metamath	4	fro_ratio	off_gain	-0.197569301696021
hns_grid_retention	train_task	metamath	4	fro_ratio	forgetting_reduction	-0.40389670587154736
hns_grid_retention	train_task	metamath	4	nuclear_ratio	target_gain	
hns_grid_retention	train_task	metamath	4	nuclear_ratio	off_gain	
hns_grid_retention	train_task	metamath	4	nuclear_ratio	forgetting_reduction	
hns_grid_retention	train_task	metamath	4	head_ratio	target_gain	0.10160667968840077
hns_grid_retention	train_task	metamath	4	head_ratio	off_gain	-0.2319940014732009
hns_grid_retention	train_task	metamath	4	head_ratio	forgetting_reduction	-0.3715384484778336
hns_grid_retention	train_task	metamath	4	original_head1_retention	target_gain	-0.41424633185117954
hns_grid_retention	train_task	metamath	4	original_head1_retention	off_gain	-0.3161108827136336
hns_grid_retention	train_task	metamath	4	original_head1_retention	forgetting_reduction	-0.3351483304040499
hns_grid_retention	train_task	metamath	4	original_head4_retention	target_gain	-0.43076363796192046
hns_grid_retention	train_task	metamath	4	original_head4_retention	off_gain	-0.3128330060037009
hns_grid_retention	train_task	metamath	4	original_head4_retention	forgetting_reduction	-0.34729662453970916
hns_grid_retention	train_task	metamath	4	scalar_fit	target_gain	-0.47896631858643374
hns_grid_retention	train_task	metamath	4	scalar_fit	off_gain	-0.30220275822687614
hns_grid_retention	train_task	metamath	4	scalar_fit	forgetting_reduction	-0.3368013968750476
hns_grid_retention	train_task	metamath	4	shape_residual	target_gain	0.457612038596632
hns_grid_retention	train_task	metamath	4	shape_residual	off_gain	0.31084163596082476
hns_grid_retention	train_task	metamath	4	shape_residual	forgetting_reduction	0.34867454395612074
hns_grid_retention	train_task	metamath	4	displacement	target_gain	0.46178233756335946
hns_grid_retention	train_task	metamath	4	displacement	off_gain	0.3156301054274619
hns_grid_retention	train_task	metamath	4	displacement	forgetting_reduction	0.34893939362891324
hns_grid_retention	train_task	tulu	4	entropy_rank	target_gain	0.19367376197522868
hns_grid_retention	train_task	tulu	4	entropy_rank	off_gain	0.14351563188982794
hns_grid_retention	train_task	tulu	4	entropy_rank	forgetting_reduction	0.26311740579210874
hns_grid_retention	train_task	tulu	4	energy_entropy_rank	target_gain	0.19367376197522868
hns_grid_retention	train_task	tulu	4	energy_entropy_rank	off_gain	0.14351563188982794
hns_grid_retention	train_task	tulu	4	energy_entropy_rank	forgetting_reduction	0.26311740579210874
hns_grid_retention	train_task	tulu	4	stable_rank	target_gain	0.14713373738451704
hns_grid_retention	train_task	tulu	4	stable_rank	off_gain	0.08642913780374152
hns_grid_retention	train_task	tulu	4	stable_rank	forgetting_reduction	0.26131452452624276
hns_grid_retention	train_task	tulu	4	participation_rank	target_gain	0.19367376197522868
hns_grid_retention	train_task	tulu	4	participation_rank	off_gain	0.14351563188982794
hns_grid_retention	train_task	tulu	4	participation_rank	forgetting_reduction	0.26311740579210874
hns_grid_retention	train_task	tulu	4	nuclear_participation_rank	target_gain	0.19367376197522868
hns_grid_retention	train_task	tulu	4	nuclear_participation_rank	off_gain	0.14351563188982794
hns_grid_retention	train_task	tulu	4	nuclear_participation_rank	forgetting_reduction	0.26311740579210874
hns_grid_retention	train_task	tulu	4	top1_energy	target_gain	-0.15207821832832996
hns_grid_retention	train_task	tulu	4	top1_energy	off_gain	-0.08358701225600888
hns_grid_retention	train_task	tulu	4	top1_energy	forgetting_reduction	-0.2619113609135918
hns_grid_retention	train_task	tulu	4	top4_energy	target_gain	-0.15161667487143757
hns_grid_retention	train_task	tulu	4	top4_energy	off_gain	-0.08181818181818182
hns_grid_retention	train_task	tulu	4	top4_energy	forgetting_reduction	-0.26111648393354675
hns_grid_retention	train_task	tulu	4	log_condition	target_gain	-0.14702223017836372
hns_grid_retention	train_task	tulu	4	log_condition	off_gain	-0.06666666666666667
hns_grid_retention	train_task	tulu	4	log_condition	forgetting_reduction	-0.26111648393354675
hns_grid_retention	train_task	tulu	4	log_fro	target_gain	-0.1883722324160285
hns_grid_retention	train_task	tulu	4	log_fro	off_gain	-0.10606060606060606
hns_grid_retention	train_task	tulu	4	log_fro	forgetting_reduction	-0.26111648393354675
hns_grid_retention	train_task	tulu	4	log_nuclear	target_gain	
hns_grid_retention	train_task	tulu	4	log_nuclear	off_gain	
hns_grid_retention	train_task	tulu	4	log_nuclear	forgetting_reduction	
hns_grid_retention	train_task	tulu	4	log_head_rss	target_gain	-0.15621111956451145
hns_grid_retention	train_task	tulu	4	log_head_rss	off_gain	-0.08484848484848485
hns_grid_retention	train_task	tulu	4	log_head_rss	forgetting_reduction	-0.26111648393354675
hns_grid_retention	train_task	tulu	4	fro_ratio	target_gain	-0.18750089306765166
hns_grid_retention	train_task	tulu	4	fro_ratio	off_gain	-0.13435505964154104
hns_grid_retention	train_task	tulu	4	fro_ratio	forgetting_reduction	-0.26311740579210874
hns_grid_retention	train_task	tulu	4	nuclear_ratio	target_gain	
hns_grid_retention	train_task	tulu	4	nuclear_ratio	off_gain	
hns_grid_retention	train_task	tulu	4	nuclear_ratio	forgetting_reduction	
hns_grid_retention	train_task	tulu	4	head_ratio	target_gain	-0.1632264899109486
hns_grid_retention	train_task	tulu	4	head_ratio	off_gain	-0.08794543846696505
hns_grid_retention	train_task	tulu	4	head_ratio	forgetting_reduction	-0.26131452452624276
hns_grid_retention	train_task	tulu	4	original_head1_retention	target_gain	-0.35989816762411947
hns_grid_retention	train_task	tulu	4	original_head1_retention	off_gain	0.3
hns_grid_retention	train_task	tulu	4	original_head1_retention	forgetting_reduction	-0.26111648393354675
hns_grid_retention	train_task	tulu	4	original_head4_retention	target_gain	-0.35989816762411947
hns_grid_retention	train_task	tulu	4	original_head4_retention	off_gain	0.3
hns_grid_retention	train_task	tulu	4	original_head4_retention	forgetting_reduction	-0.26111648393354675
hns_grid_retention	train_task	tulu	4	scalar_fit	target_gain	-0.36888065036387974
hns_grid_retention	train_task	tulu	4	scalar_fit	off_gain	0.309560295707703
hns_grid_retention	train_task	tulu	4	scalar_fit	forgetting_reduction	-0.2615130164079025
hns_grid_retention	train_task	tulu	4	shape_residual	target_gain	0.3216111285151706
hns_grid_retention	train_task	tulu	4	shape_residual	off_gain	-0.3212121212121212
hns_grid_retention	train_task	tulu	4	shape_residual	forgetting_reduction	0.26111648393354675
hns_grid_retention	train_task	tulu	4	displacement	target_gain	0.32032240743087564
hns_grid_retention	train_task	tulu	4	displacement	off_gain	-0.3169068386137189
hns_grid_retention	train_task	tulu	4	displacement	forgetting_reduction	0.26131452452624276
scalar_common_basis_seed42	seed	42	6	entropy_rank	target_gain	0.18123858497615616
scalar_common_basis_seed42	seed	42	6	entropy_rank	off_gain	0.439885919382572
scalar_common_basis_seed42	seed	42	6	entropy_rank	forgetting_reduction	0.196227812235748
scalar_common_basis_seed42	seed	42	6	energy_entropy_rank	target_gain	0.18123858497615616
scalar_common_basis_seed42	seed	42	6	energy_entropy_rank	off_gain	0.439885919382572
scalar_common_basis_seed42	seed	42	6	energy_entropy_rank	forgetting_reduction	0.196227812235748
scalar_common_basis_seed42	seed	42	6	stable_rank	target_gain	0.18123858497615616
scalar_common_basis_seed42	seed	42	6	stable_rank	off_gain	0.439885919382572
scalar_common_basis_seed42	seed	42	6	stable_rank	forgetting_reduction	0.196227812235748
scalar_common_basis_seed42	seed	42	6	participation_rank	target_gain	0.18123858497615616
scalar_common_basis_seed42	seed	42	6	participation_rank	off_gain	0.439885919382572
scalar_common_basis_seed42	seed	42	6	participation_rank	forgetting_reduction	0.196227812235748
scalar_common_basis_seed42	seed	42	6	nuclear_participation_rank	target_gain	0.18123858497615616
scalar_common_basis_seed42	seed	42	6	nuclear_participation_rank	off_gain	0.439885919382572
scalar_common_basis_seed42	seed	42	6	nuclear_participation_rank	forgetting_reduction	0.196227812235748
scalar_common_basis_seed42	seed	42	6	top1_energy	target_gain	-0.18123858497615616
scalar_common_basis_seed42	seed	42	6	top1_energy	off_gain	-0.439885919382572
scalar_common_basis_seed42	seed	42	6	top1_energy	forgetting_reduction	-0.196227812235748
scalar_common_basis_seed42	seed	42	6	top4_energy	target_gain	-0.18123858497615616
scalar_common_basis_seed42	seed	42	6	top4_energy	off_gain	-0.439885919382572
scalar_common_basis_seed42	seed	42	6	top4_energy	forgetting_reduction	-0.196227812235748
scalar_common_basis_seed42	seed	42	6	log_condition	target_gain	-0.18123858497615616
scalar_common_basis_seed42	seed	42	6	log_condition	off_gain	-0.439885919382572
scalar_common_basis_seed42	seed	42	6	log_condition	forgetting_reduction	-0.196227812235748
scalar_common_basis_seed42	seed	42	6	log_fro	target_gain	-0.5272152731877888
scalar_common_basis_seed42	seed	42	6	log_fro	off_gain	-0.3055555555555555
scalar_common_basis_seed42	seed	42	6	log_fro	forgetting_reduction	-0.5817117714978023
scalar_common_basis_seed42	seed	42	6	log_nuclear	target_gain	-0.39272542516227266
scalar_common_basis_seed42	seed	42	6	log_nuclear	off_gain	-0.1137744948817596
scalar_common_basis_seed42	seed	42	6	log_nuclear	forgetting_reduction	-0.39890416947332696
scalar_common_basis_seed42	seed	42	6	log_head_rss	target_gain	-0.5714852579592826
scalar_common_basis_seed42	seed	42	6	log_head_rss	off_gain	-0.5198412698412698
scalar_common_basis_seed42	seed	42	6	log_head_rss	forgetting_reduction	-0.5838904672712023
scalar_common_basis_seed42	seed	42	6	fro_ratio	target_gain	-0.5394913701327095
scalar_common_basis_seed42	seed	42	6	fro_ratio	off_gain	-0.33333930956585706
scalar_common_basis_seed42	seed	42	6	fro_ratio	forgetting_reduction	-0.5961644730590381
scalar_common_basis_seed42	seed	42	6	nuclear_ratio	target_gain	-0.39272542516227266
scalar_common_basis_seed42	seed	42	6	nuclear_ratio	off_gain	-0.1137744948817596
scalar_common_basis_seed42	seed	42	6	nuclear_ratio	forgetting_reduction	-0.39890416947332696
scalar_common_basis_seed42	seed	42	6	head_ratio	target_gain	-0.5714852579592826
scalar_common_basis_seed42	seed	42	6	head_ratio	off_gain	-0.5198412698412698
scalar_common_basis_seed42	seed	42	6	head_ratio	forgetting_reduction	-0.5838904672712023
scalar_common_basis_seed42	seed	42	6	original_head1_retention	target_gain	-0.5714852579592826
scalar_common_basis_seed42	seed	42	6	original_head1_retention	off_gain	-0.5198412698412698
scalar_common_basis_seed42	seed	42	6	original_head1_retention	forgetting_reduction	-0.5838904672712023
scalar_common_basis_seed42	seed	42	6	original_head4_retention	target_gain	-0.5795343460995541
scalar_common_basis_seed42	seed	42	6	original_head4_retention	off_gain	-0.47619047619047616
scalar_common_basis_seed42	seed	42	6	original_head4_retention	forgetting_reduction	-0.5795330757244023
scalar_common_basis_seed42	seed	42	6	scalar_fit	target_gain	-0.5916079783099615
scalar_common_basis_seed42	seed	42	6	scalar_fit	off_gain	-0.4444444444444444
scalar_common_basis_seed42	seed	42	6	scalar_fit	forgetting_reduction	-0.6187495996456024
scalar_common_basis_seed42	seed	42	6	shape_residual	target_gain	0.11724337340559866
scalar_common_basis_seed42	seed	42	6	shape_residual	off_gain	0.2831636909014663
scalar_common_basis_seed42	seed	42	6	shape_residual	forgetting_reduction	0.19682818358689338
scalar_common_basis_seed42	seed	42	6	displacement	target_gain	0.5674607138891468
scalar_common_basis_seed42	seed	42	6	displacement	off_gain	0.5079365079365079
scalar_common_basis_seed42	seed	42	6	displacement	forgetting_reduction	0.6013200334584023
scalar_common_basis_seed42	base	Qwen3-8B	3	entropy_rank	target_gain	0.38721191303434377
scalar_common_basis_seed42	base	Qwen3-8B	3	entropy_rank	off_gain	0.46737878934398275
scalar_common_basis_seed42	base	Qwen3-8B	3	entropy_rank	forgetting_reduction	0.40648783254046156
scalar_common_basis_seed42	base	Qwen3-8B	3	energy_entropy_rank	target_gain	0.38721191303434377
scalar_common_basis_seed42	base	Qwen3-8B	3	energy_entropy_rank	off_gain	0.46737878934398275
scalar_common_basis_seed42	base	Qwen3-8B	3	energy_entropy_rank	forgetting_reduction	0.40648783254046156
scalar_common_basis_seed42	base	Qwen3-8B	3	stable_rank	target_gain	0.38721191303434377
scalar_common_basis_seed42	base	Qwen3-8B	3	stable_rank	off_gain	0.46737878934398275
scalar_common_basis_seed42	base	Qwen3-8B	3	stable_rank	forgetting_reduction	0.40648783254046156
scalar_common_basis_seed42	base	Qwen3-8B	3	participation_rank	target_gain	0.38721191303434377
scalar_common_basis_seed42	base	Qwen3-8B	3	participation_rank	off_gain	0.46737878934398275
scalar_common_basis_seed42	base	Qwen3-8B	3	participation_rank	forgetting_reduction	0.40648783254046156
scalar_common_basis_seed42	base	Qwen3-8B	3	nuclear_participation_rank	target_gain	0.38721191303434377
scalar_common_basis_seed42	base	Qwen3-8B	3	nuclear_participation_rank	off_gain	0.46737878934398275
scalar_common_basis_seed42	base	Qwen3-8B	3	nuclear_participation_rank	forgetting_reduction	0.40648783254046156
scalar_common_basis_seed42	base	Qwen3-8B	3	top1_energy	target_gain	-0.38721191303434377
scalar_common_basis_seed42	base	Qwen3-8B	3	top1_energy	off_gain	-0.46737878934398275
scalar_common_basis_seed42	base	Qwen3-8B	3	top1_energy	forgetting_reduction	-0.40648783254046156
scalar_common_basis_seed42	base	Qwen3-8B	3	top4_energy	target_gain	-0.38721191303434377
scalar_common_basis_seed42	base	Qwen3-8B	3	top4_energy	off_gain	-0.46737878934398275
scalar_common_basis_seed42	base	Qwen3-8B	3	top4_energy	forgetting_reduction	-0.40648783254046156
scalar_common_basis_seed42	base	Qwen3-8B	3	log_condition	target_gain	-0.38721191303434377
scalar_common_basis_seed42	base	Qwen3-8B	3	log_condition	off_gain	-0.46737878934398275
scalar_common_basis_seed42	base	Qwen3-8B	3	log_condition	forgetting_reduction	-0.40648783254046156
scalar_common_basis_seed42	base	Qwen3-8B	3	log_fro	target_gain	-0.7784570702436183
scalar_common_basis_seed42	base	Qwen3-8B	3	log_fro	off_gain	-0.16666666666666666
scalar_common_basis_seed42	base	Qwen3-8B	3	log_fro	forgetting_reduction	-0.5329324727043789
scalar_common_basis_seed42	base	Qwen3-8B	3	log_nuclear	target_gain	-0.48594377510040165
scalar_common_basis_seed42	base	Qwen3-8B	3	log_nuclear	off_gain	0.09181801341334984
scalar_common_basis_seed42	base	Qwen3-8B	3	log_nuclear	forgetting_reduction	-0.24101405099673842
scalar_common_basis_seed42	base	Qwen3-8B	3	log_head_rss	target_gain	-0.8862434338158116
scalar_common_basis_seed42	base	Qwen3-8B	3	log_head_rss	off_gain	-0.36507936507936506
scalar_common_basis_seed42	base	Qwen3-8B	3	log_head_rss	forgetting_reduction	-0.6649432686953718
scalar_common_basis_seed42	base	Qwen3-8B	3	fro_ratio	target_gain	-0.8092369477911647
scalar_common_basis_seed42	base	Qwen3-8B	3	fro_ratio	off_gain	-0.17565185174727796
scalar_common_basis_seed42	base	Qwen3-8B	3	fro_ratio	forgetting_reduction	-0.5508892594211163
scalar_common_basis_seed42	base	Qwen3-8B	3	nuclear_ratio	target_gain	-0.48594377510040165
scalar_common_basis_seed42	base	Qwen3-8B	3	nuclear_ratio	off_gain	0.09181801341334984
scalar_common_basis_seed42	base	Qwen3-8B	3	nuclear_ratio	forgetting_reduction	-0.24101405099673842
scalar_common_basis_seed42	base	Qwen3-8B	3	head_ratio	target_gain	-0.8862434338158116
scalar_common_basis_seed42	base	Qwen3-8B	3	head_ratio	off_gain	-0.36507936507936506
scalar_common_basis_seed42	base	Qwen3-8B	3	head_ratio	forgetting_reduction	-0.6649432686953718
scalar_common_basis_seed42	base	Qwen3-8B	3	original_head1_retention	target_gain	-0.8862434338158116
scalar_common_basis_seed42	base	Qwen3-8B	3	original_head1_retention	off_gain	-0.36507936507936506
scalar_common_basis_seed42	base	Qwen3-8B	3	original_head1_retention	forgetting_reduction	-0.6649432686953718
scalar_common_basis_seed42	base	Qwen3-8B	3	original_head4_retention	target_gain	-0.8902355213555224
scalar_common_basis_seed42	base	Qwen3-8B	3	original_head4_retention	off_gain	-0.29365079365079366
scalar_common_basis_seed42	base	Qwen3-8B	3	original_head4_retention	forgetting_reduction	-0.6062718038104861
scalar_common_basis_seed42	base	Qwen3-8B	3	scalar_fit	target_gain	-0.9022117839746551
scalar_common_basis_seed42	base	Qwen3-8B	3	scalar_fit	off_gain	-0.2777777777777778
scalar_common_basis_seed42	base	Qwen3-8B	3	scalar_fit	forgetting_reduction	-0.6062718038104861
scalar_common_basis_seed42	base	Qwen3-8B	3	shape_residual	target_gain	0.20123447664776561
scalar_common_basis_seed42	base	Qwen3-8B	3	shape_residual	off_gain	0.3429138275137023
scalar_common_basis_seed42	base	Qwen3-8B	3	shape_residual	forgetting_reduction	0.480118623158808
scalar_common_basis_seed42	base	Qwen3-8B	3	displacement	target_gain	0.8862434338158116
scalar_common_basis_seed42	base	Qwen3-8B	3	displacement	off_gain	0.36507936507936506
scalar_common_basis_seed42	base	Qwen3-8B	3	displacement	forgetting_reduction	0.6649432686953718
scalar_common_basis_seed42	base	Llama-3.1-8B-Instruct	3	entropy_rank	target_gain	-0.02811329999894473
scalar_common_basis_seed42	base	Llama-3.1-8B-Instruct	3	entropy_rank	off_gain	0.41239304942116123
scalar_common_basis_seed42	base	Llama-3.1-8B-Instruct	3	entropy_rank	forgetting_reduction	0.02749286996141075
scalar_common_basis_seed42	base	Llama-3.1-8B-Instruct	3	energy_entropy_rank	target_gain	-0.02811329999894473
scalar_common_basis_seed42	base	Llama-3.1-8B-Instruct	3	energy_entropy_rank	off_gain	0.41239304942116123
scalar_common_basis_seed42	base	Llama-3.1-8B-Instruct	3	energy_entropy_rank	forgetting_reduction	0.02749286996141075
scalar_common_basis_seed42	base	Llama-3.1-8B-Instruct	3	stable_rank	target_gain	-0.02811329999894473
scalar_common_basis_seed42	base	Llama-3.1-8B-Instruct	3	stable_rank	off_gain	0.41239304942116123
scalar_common_basis_seed42	base	Llama-3.1-8B-Instruct	3	stable_rank	forgetting_reduction	0.02749286996141075
scalar_common_basis_seed42	base	Llama-3.1-8B-Instruct	3	participation_rank	target_gain	-0.02811329999894473
scalar_common_basis_seed42	base	Llama-3.1-8B-Instruct	3	participation_rank	off_gain	0.41239304942116123
scalar_common_basis_seed42	base	Llama-3.1-8B-Instruct	3	participation_rank	forgetting_reduction	0.02749286996141075
scalar_common_basis_seed42	base	Llama-3.1-8B-Instruct	3	nuclear_participation_rank	target_gain	-0.02811329999894473
scalar_common_basis_seed42	base	Llama-3.1-8B-Instruct	3	nuclear_participation_rank	off_gain	0.41239304942116123
scalar_common_basis_seed42	base	Llama-3.1-8B-Instruct	3	nuclear_participation_rank	forgetting_reduction	0.02749286996141075
scalar_common_basis_seed42	base	Llama-3.1-8B-Instruct	3	top1_energy	target_gain	0.02811329999894473
scalar_common_basis_seed42	base	Llama-3.1-8B-Instruct	3	top1_energy	off_gain	-0.41239304942116123
scalar_common_basis_seed42	base	Llama-3.1-8B-Instruct	3	top1_energy	forgetting_reduction	-0.02749286996141075
scalar_common_basis_seed42	base	Llama-3.1-8B-Instruct	3	top4_energy	target_gain	0.02811329999894473
scalar_common_basis_seed42	base	Llama-3.1-8B-Instruct	3	top4_energy	off_gain	-0.41239304942116123
scalar_common_basis_seed42	base	Llama-3.1-8B-Instruct	3	top4_energy	forgetting_reduction	-0.02749286996141075
scalar_common_basis_seed42	base	Llama-3.1-8B-Instruct	3	log_condition	target_gain	0.02811329999894473
scalar_common_basis_seed42	base	Llama-3.1-8B-Instruct	3	log_condition	off_gain	-0.41239304942116123
scalar_common_basis_seed42	base	Llama-3.1-8B-Instruct	3	log_condition	forgetting_reduction	-0.02749286996141075
scalar_common_basis_seed42	base	Llama-3.1-8B-Instruct	3	log_fro	target_gain	-0.27187295714684073
scalar_common_basis_seed42	base	Llama-3.1-8B-Instruct	3	log_fro	off_gain	-0.4444444444444444
scalar_common_basis_seed42	base	Llama-3.1-8B-Instruct	3	log_fro	forgetting_reduction	-0.626984126984127
scalar_common_basis_seed42	base	Llama-3.1-8B-Instruct	3	log_nuclear	target_gain	-0.29799890295895715
scalar_common_basis_seed42	base	Llama-3.1-8B-Instruct	3	log_nuclear	off_gain	-0.31936700317686906
scalar_common_basis_seed42	base	Llama-3.1-8B-Instruct	3	log_nuclear	forgetting_reduction	-0.5309476427815448
scalar_common_basis_seed42	base	Llama-3.1-8B-Instruct	3	log_head_rss	target_gain	-0.25158393049409145
scalar_common_basis_seed42	base	Llama-3.1-8B-Instruct	3	log_head_rss	off_gain	-0.6746031746031746
scalar_common_basis_seed42	base	Llama-3.1-8B-Instruct	3	log_head_rss	forgetting_reduction	-0.5238095238095238
scalar_common_basis_seed42	base	Llama-3.1-8B-Instruct	3	fro_ratio	target_gain	-0.26534148893605775
scalar_common_basis_seed42	base	Llama-3.1-8B-Instruct	3	fro_ratio	off_gain	-0.4910267673844361
scalar_common_basis_seed42	base	Llama-3.1-8B-Instruct	3	fro_ratio	forgetting_reduction	-0.6387340063537381
scalar_common_basis_seed42	base	Llama-3.1-8B-Instruct	3	nuclear_ratio	target_gain	-0.29799890295895715
scalar_common_basis_seed42	base	Llama-3.1-8B-Instruct	3	nuclear_ratio	off_gain	-0.31936700317686906
scalar_common_basis_seed42	base	Llama-3.1-8B-Instruct	3	nuclear_ratio	forgetting_reduction	-0.5309476427815448
scalar_common_basis_seed42	base	Llama-3.1-8B-Instruct	3	head_ratio	target_gain	-0.25158393049409145
scalar_common_basis_seed42	base	Llama-3.1-8B-Instruct	3	head_ratio	off_gain	-0.6746031746031746
scalar_common_basis_seed42	base	Llama-3.1-8B-Instruct	3	head_ratio	forgetting_reduction	-0.5238095238095238
scalar_common_basis_seed42	base	Llama-3.1-8B-Instruct	3	original_head1_retention	target_gain	-0.25158393049409145
scalar_common_basis_seed42	base	Llama-3.1-8B-Instruct	3	original_head1_retention	off_gain	-0.6746031746031746
scalar_common_basis_seed42	base	Llama-3.1-8B-Instruct	3	original_head1_retention	forgetting_reduction	-0.5238095238095238
scalar_common_basis_seed42	base	Llama-3.1-8B-Instruct	3	original_head4_retention	target_gain	-0.263757346485741
scalar_common_basis_seed42	base	Llama-3.1-8B-Instruct	3	original_head4_retention	off_gain	-0.6587301587301587
scalar_common_basis_seed42	base	Llama-3.1-8B-Instruct	3	original_head4_retention	forgetting_reduction	-0.5634920634920635
scalar_common_basis_seed42	base	Llama-3.1-8B-Instruct	3	scalar_fit	target_gain	-0.27593076247739057
scalar_common_basis_seed42	base	Llama-3.1-8B-Instruct	3	scalar_fit	off_gain	-0.6111111111111112
scalar_common_basis_seed42	base	Llama-3.1-8B-Instruct	3	scalar_fit	forgetting_reduction	-0.6349206349206349
scalar_common_basis_seed42	base	Llama-3.1-8B-Instruct	3	shape_residual	target_gain	0.03187748585595436
scalar_common_basis_seed42	base	Llama-3.1-8B-Instruct	3	shape_residual	off_gain	0.2234135542892303
scalar_common_basis_seed42	base	Llama-3.1-8B-Instruct	3	shape_residual	forgetting_reduction	-0.031173984319427483
scalar_common_basis_seed42	base	Llama-3.1-8B-Instruct	3	displacement	target_gain	0.2434683198329917
scalar_common_basis_seed42	base	Llama-3.1-8B-Instruct	3	displacement	off_gain	0.6507936507936508
scalar_common_basis_seed42	base	Llama-3.1-8B-Instruct	3	displacement	forgetting_reduction	0.5555555555555556
scalar_common_basis_seed42	train_task	magicoder	2	entropy_rank	target_gain	-0.04212627318711346
scalar_common_basis_seed42	train_task	magicoder	2	entropy_rank	off_gain	0.4948716593053935
scalar_common_basis_seed42	train_task	magicoder	2	entropy_rank	forgetting_reduction	0.45498850792507234
scalar_common_basis_seed42	train_task	magicoder	2	energy_entropy_rank	target_gain	-0.04212627318711346
scalar_common_basis_seed42	train_task	magicoder	2	energy_entropy_rank	off_gain	0.4948716593053935
scalar_common_basis_seed42	train_task	magicoder	2	energy_entropy_rank	forgetting_reduction	0.45498850792507234
scalar_common_basis_seed42	train_task	magicoder	2	stable_rank	target_gain	-0.04212627318711346
scalar_common_basis_seed42	train_task	magicoder	2	stable_rank	off_gain	0.4948716593053935
scalar_common_basis_seed42	train_task	magicoder	2	stable_rank	forgetting_reduction	0.45498850792507234
scalar_common_basis_seed42	train_task	magicoder	2	participation_rank	target_gain	-0.04212627318711346
scalar_common_basis_seed42	train_task	magicoder	2	participation_rank	off_gain	0.4948716593053935
scalar_common_basis_seed42	train_task	magicoder	2	participation_rank	forgetting_reduction	0.45498850792507234
scalar_common_basis_seed42	train_task	magicoder	2	nuclear_participation_rank	target_gain	-0.04212627318711346
scalar_common_basis_seed42	train_task	magicoder	2	nuclear_participation_rank	off_gain	0.4948716593053935
scalar_common_basis_seed42	train_task	magicoder	2	nuclear_participation_rank	forgetting_reduction	0.45498850792507234
scalar_common_basis_seed42	train_task	magicoder	2	top1_energy	target_gain	0.04212627318711346
scalar_common_basis_seed42	train_task	magicoder	2	top1_energy	off_gain	-0.4948716593053935
scalar_common_basis_seed42	train_task	magicoder	2	top1_energy	forgetting_reduction	-0.45498850792507234
scalar_common_basis_seed42	train_task	magicoder	2	top4_energy	target_gain	0.04212627318711346
scalar_common_basis_seed42	train_task	magicoder	2	top4_energy	off_gain	-0.4948716593053935
scalar_common_basis_seed42	train_task	magicoder	2	top4_energy	forgetting_reduction	-0.45498850792507234
scalar_common_basis_seed42	train_task	magicoder	2	log_condition	target_gain	0.04212627318711346
scalar_common_basis_seed42	train_task	magicoder	2	log_condition	off_gain	-0.4948716593053935
scalar_common_basis_seed42	train_task	magicoder	2	log_condition	forgetting_reduction	-0.45498850792507234
scalar_common_basis_seed42	train_task	magicoder	2	log_fro	target_gain	-0.5107539184552492
scalar_common_basis_seed42	train_task	magicoder	2	log_fro	off_gain	-0.8214285714285714
scalar_common_basis_seed42	train_task	magicoder	2	log_fro	forgetting_reduction	-0.8119439159978825
scalar_common_basis_seed42	train_task	magicoder	2	log_nuclear	target_gain	-0.385366152853779
scalar_common_basis_seed42	train_task	magicoder	2	log_nuclear	off_gain	-0.4730623734557373
scalar_common_basis_seed42	train_task	magicoder	2	log_nuclear	forgetting_reduction	-0.4714735973570881
scalar_common_basis_seed42	train_task	magicoder	2	log_head_rss	target_gain	-0.3465830160946333
scalar_common_basis_seed42	train_task	magicoder	2	log_head_rss	off_gain	-0.9642857142857143
scalar_common_basis_seed42	train_task	magicoder	2	log_head_rss	forgetting_reduction	-0.9313474330563947
scalar_common_basis_seed42	train_task	magicoder	2	fro_ratio	target_gain	-0.49852922948544426
scalar_common_basis_seed42	train_task	magicoder	2	fro_ratio	off_gain	-0.8682790398871127
scalar_common_basis_seed42	train_task	magicoder	2	fro_ratio	forgetting_reduction	-0.8498536818602289
scalar_common_basis_seed42	train_task	magicoder	2	nuclear_ratio	target_gain	-0.385366152853779
scalar_common_basis_seed42	train_task	magicoder	2	nuclear_ratio	off_gain	-0.4730623734557373
scalar_common_basis_seed42	train_task	magicoder	2	nuclear_ratio	forgetting_reduction	-0.4714735973570881
scalar_common_basis_seed42	train_task	magicoder	2	head_ratio	target_gain	-0.3465830160946333
scalar_common_basis_seed42	train_task	magicoder	2	head_ratio	off_gain	-0.9642857142857143
scalar_common_basis_seed42	train_task	magicoder	2	head_ratio	forgetting_reduction	-0.9313474330563947
scalar_common_basis_seed42	train_task	magicoder	2	original_head1_retention	target_gain	-0.3465830160946333
scalar_common_basis_seed42	train_task	magicoder	2	original_head1_retention	off_gain	-0.9642857142857143
scalar_common_basis_seed42	train_task	magicoder	2	original_head1_retention	forgetting_reduction	-0.9313474330563947
scalar_common_basis_seed42	train_task	magicoder	2	original_head4_retention	target_gain	-0.35874382367690116
scalar_common_basis_seed42	train_task	magicoder	2	original_head4_retention	off_gain	-0.9523809523809523
scalar_common_basis_seed42	train_task	magicoder	2	original_head4_retention	forgetting_reduction	-0.9134369054976179
scalar_common_basis_seed42	train_task	magicoder	2	scalar_fit	target_gain	-0.41954786158824037
scalar_common_basis_seed42	train_task	magicoder	2	scalar_fit	off_gain	-0.9404761904761905
scalar_common_basis_seed42	train_task	magicoder	2	scalar_fit	forgetting_reduction	-0.9014965537917666
scalar_common_basis_seed42	train_task	magicoder	2	shape_residual	target_gain	0.07563061456379788
scalar_common_basis_seed42	train_task	magicoder	2	shape_residual	off_gain	0.366294315753273
scalar_common_basis_seed42	train_task	magicoder	2	shape_residual	forgetting_reduction	0.3869313561520978
scalar_common_basis_seed42	train_task	magicoder	2	displacement	target_gain	0.3465830160946333
scalar_common_basis_seed42	train_task	magicoder	2	displacement	off_gain	0.9642857142857143
scalar_common_basis_seed42	train_task	magicoder	2	displacement	forgetting_reduction	0.9313474330563947
scalar_common_basis_seed42	train_task	metamath	2	entropy_rank	target_gain	0.4136259162955203
scalar_common_basis_seed42	train_task	metamath	2	entropy_rank	off_gain	0.5773502691896257
scalar_common_basis_seed42	train_task	metamath	2	entropy_rank	forgetting_reduction	0.28953814140686424
scalar_common_basis_seed42	train_task	metamath	2	energy_entropy_rank	target_gain	0.4136259162955203
scalar_common_basis_seed42	train_task	metamath	2	energy_entropy_rank	off_gain	0.5773502691896257
scalar_common_basis_seed42	train_task	metamath	2	energy_entropy_rank	forgetting_reduction	0.28953814140686424
scalar_common_basis_seed42	train_task	metamath	2	stable_rank	target_gain	0.4136259162955203
scalar_common_basis_seed42	train_task	metamath	2	stable_rank	off_gain	0.5773502691896257
scalar_common_basis_seed42	train_task	metamath	2	stable_rank	forgetting_reduction	0.28953814140686424
scalar_common_basis_seed42	train_task	metamath	2	participation_rank	target_gain	0.4136259162955203
scalar_common_basis_seed42	train_task	metamath	2	participation_rank	off_gain	0.5773502691896257
scalar_common_basis_seed42	train_task	metamath	2	participation_rank	forgetting_reduction	0.28953814140686424
scalar_common_basis_seed42	train_task	metamath	2	nuclear_participation_rank	target_gain	0.4136259162955203
scalar_common_basis_seed42	train_task	metamath	2	nuclear_participation_rank	off_gain	0.5773502691896257
scalar_common_basis_seed42	train_task	metamath	2	nuclear_participation_rank	forgetting_reduction	0.28953814140686424
scalar_common_basis_seed42	train_task	metamath	2	top1_energy	target_gain	-0.4136259162955203
scalar_common_basis_seed42	train_task	metamath	2	top1_energy	off_gain	-0.5773502691896257
scalar_common_basis_seed42	train_task	metamath	2	top1_energy	forgetting_reduction	-0.28953814140686424
scalar_common_basis_seed42	train_task	metamath	2	top4_energy	target_gain	-0.4136259162955203
scalar_common_basis_seed42	train_task	metamath	2	top4_energy	off_gain	-0.5773502691896257
scalar_common_basis_seed42	train_task	metamath	2	top4_energy	forgetting_reduction	-0.28953814140686424
scalar_common_basis_seed42	train_task	metamath	2	log_condition	target_gain	-0.4136259162955203
scalar_common_basis_seed42	train_task	metamath	2	log_condition	off_gain	-0.5773502691896257
scalar_common_basis_seed42	train_task	metamath	2	log_condition	forgetting_reduction	-0.28953814140686424
scalar_common_basis_seed42	train_task	metamath	2	log_fro	target_gain	-0.6149281128513375
scalar_common_basis_seed42	train_task	metamath	2	log_fro	off_gain	-0.4166666666666667
scalar_common_basis_seed42	train_task	metamath	2	log_fro	forgetting_reduction	-0.6626895196747424
scalar_common_basis_seed42	train_task	metamath	2	log_nuclear	target_gain	-0.4564585146387095
scalar_common_basis_seed42	train_task	metamath	2	log_nuclear	off_gain	-0.2395252523826518
scalar_common_basis_seed42	train_task	metamath	2	log_nuclear	forgetting_reduction	-0.5075097958811967
scalar_common_basis_seed42	train_task	metamath	2	log_head_rss	target_gain	-0.8835860262329899
scalar_common_basis_seed42	train_task	metamath	2	log_head_rss	off_gain	-0.7857142857142857
scalar_common_basis_seed42	train_task	metamath	2	log_head_rss	forgetting_reduction	-0.8119439159978825
scalar_common_basis_seed42	train_task	metamath	2	fro_ratio	target_gain	-0.6726757057833614
scalar_common_basis_seed42	train_task	metamath	2	fro_ratio	off_gain	-0.4730623734557373
scalar_common_basis_seed42	train_task	metamath	2	fro_ratio	forgetting_reduction	-0.68769078850174
scalar_common_basis_seed42	train_task	metamath	2	nuclear_ratio	target_gain	-0.4564585146387095
scalar_common_basis_seed42	train_task	metamath	2	nuclear_ratio	off_gain	-0.2395252523826518
scalar_common_basis_seed42	train_task	metamath	2	nuclear_ratio	forgetting_reduction	-0.5075097958811967
scalar_common_basis_seed42	train_task	metamath	2	head_ratio	target_gain	-0.8835860262329899
scalar_common_basis_seed42	train_task	metamath	2	head_ratio	off_gain	-0.7857142857142857
scalar_common_basis_seed42	train_task	metamath	2	head_ratio	forgetting_reduction	-0.8119439159978825
scalar_common_basis_seed42	train_task	metamath	2	original_head1_retention	target_gain	-0.8835860262329899
scalar_common_basis_seed42	train_task	metamath	2	original_head1_retention	off_gain	-0.7857142857142857
scalar_common_basis_seed42	train_task	metamath	2	original_head1_retention	forgetting_reduction	-0.8119439159978825
scalar_common_basis_seed42	train_task	metamath	2	original_head4_retention	target_gain	-0.8895562020859155
scalar_common_basis_seed42	train_task	metamath	2	original_head4_retention	off_gain	-0.7261904761904762
scalar_common_basis_seed42	train_task	metamath	2	original_head4_retention	forgetting_reduction	-0.7940333884391058
scalar_common_basis_seed42	train_task	metamath	2	scalar_fit	target_gain	-0.8537351469683618
scalar_common_basis_seed42	train_task	metamath	2	scalar_fit	off_gain	-0.6547619047619048
scalar_common_basis_seed42	train_task	metamath	2	scalar_fit	forgetting_reduction	-0.7940333884391058
scalar_common_basis_seed42	train_task	metamath	2	shape_residual	target_gain	0.13288551625425582
scalar_common_basis_seed42	train_task	metamath	2	shape_residual	off_gain	0.3818813079129867
scalar_common_basis_seed42	train_task	metamath	2	shape_residual	forgetting_reduction	0.24622904482406224
scalar_common_basis_seed42	train_task	metamath	2	displacement	target_gain	0.9014965537917666
scalar_common_basis_seed42	train_task	metamath	2	displacement	off_gain	0.7738095238095238
scalar_common_basis_seed42	train_task	metamath	2	displacement	forgetting_reduction	0.835824619409585
scalar_common_basis_seed42	train_task	tulu	2	entropy_rank	target_gain	0.1679842102263232
scalar_common_basis_seed42	train_task	tulu	2	entropy_rank	off_gain	0.24743582965269675
scalar_common_basis_seed42	train_task	tulu	2	entropy_rank	forgetting_reduction	-0.29160592175990213
scalar_common_basis_seed42	train_task	tulu	2	energy_entropy_rank	target_gain	0.1679842102263232
scalar_common_basis_seed42	train_task	tulu	2	energy_entropy_rank	off_gain	0.24743582965269675
scalar_common_basis_seed42	train_task	tulu	2	energy_entropy_rank	forgetting_reduction	-0.29160592175990213
scalar_common_basis_seed42	train_task	tulu	2	stable_rank	target_gain	0.1679842102263232
scalar_common_basis_seed42	train_task	tulu	2	stable_rank	off_gain	0.24743582965269675
scalar_common_basis_seed42	train_task	tulu	2	stable_rank	forgetting_reduction	-0.29160592175990213
scalar_common_basis_seed42	train_task	tulu	2	participation_rank	target_gain	0.1679842102263232
scalar_common_basis_seed42	train_task	tulu	2	participation_rank	off_gain	0.24743582965269675
scalar_common_basis_seed42	train_task	tulu	2	participation_rank	forgetting_reduction	-0.29160592175990213
scalar_common_basis_seed42	train_task	tulu	2	nuclear_participation_rank	target_gain	0.1679842102263232
scalar_common_basis_seed42	train_task	tulu	2	nuclear_participation_rank	off_gain	0.24743582965269675
scalar_common_basis_seed42	train_task	tulu	2	nuclear_participation_rank	forgetting_reduction	-0.29160592175990213
scalar_common_basis_seed42	train_task	tulu	2	top1_energy	target_gain	-0.1679842102263232
scalar_common_basis_seed42	train_task	tulu	2	top1_energy	off_gain	-0.24743582965269675
scalar_common_basis_seed42	train_task	tulu	2	top1_energy	forgetting_reduction	0.29160592175990213
scalar_common_basis_seed42	train_task	tulu	2	top4_energy	target_gain	-0.1679842102263232
scalar_common_basis_seed42	train_task	tulu	2	top4_energy	off_gain	-0.24743582965269675
scalar_common_basis_seed42	train_task	tulu	2	top4_energy	forgetting_reduction	0.29160592175990213
scalar_common_basis_seed42	train_task	tulu	2	log_condition	target_gain	-0.1679842102263232
scalar_common_basis_seed42	train_task	tulu	2	log_condition	off_gain	-0.24743582965269675
scalar_common_basis_seed42	train_task	tulu	2	log_condition	forgetting_reduction	0.29160592175990213
scalar_common_basis_seed42	train_task	tulu	2	log_fro	target_gain	-0.45462060465831744
scalar_common_basis_seed42	train_task	tulu	2	log_fro	off_gain	0.32142857142857145
scalar_common_basis_seed42	train_task	tulu	2	log_fro	forgetting_reduction	-0.16835875742536846
scalar_common_basis_seed42	train_task	tulu	2	log_nuclear	target_gain	-0.3353907944129427
scalar_common_basis_seed42	train_task	tulu	2	log_nuclear	off_gain	0.3712641411931103
scalar_common_basis_seed42	train_task	tulu	2	log_nuclear	forgetting_reduction	-0.1609014337139327
scalar_common_basis_seed42	train_task	tulu	2	log_head_rss	target_gain	-0.478867036906761
scalar_common_basis_seed42	train_task	tulu	2	log_head_rss	off_gain	0.19047619047619047
scalar_common_basis_seed42	train_task	tulu	2	log_head_rss	forgetting_reduction	0.20203050891044216
scalar_common_basis_seed42	train_task	tulu	2	fro_ratio	target_gain	-0.4451550544026331
scalar_common_basis_seed42	train_task	tulu	2	fro_ratio	off_gain	0.34132348464527884
scalar_common_basis_seed42	train_task	tulu	2	fro_ratio	forgetting_reduction	-0.13549594418015384
scalar_common_basis_seed42	train_task	tulu	2	nuclear_ratio	target_gain	-0.3353907944129427
scalar_common_basis_seed42	train_task	tulu	2	nuclear_ratio	off_gain	0.3712641411931103
scalar_common_basis_seed42	train_task	tulu	2	nuclear_ratio	forgetting_reduction	-0.1609014337139327
scalar_common_basis_seed42	train_task	tulu	2	head_ratio	target_gain	-0.478867036906761
scalar_common_basis_seed42	train_task	tulu	2	head_ratio	off_gain	0.19047619047619047
scalar_common_basis_seed42	train_task	tulu	2	head_ratio	forgetting_reduction	0.20203050891044216
scalar_common_basis_seed42	train_task	tulu	2	original_head1_retention	target_gain	-0.478867036906761
scalar_common_basis_seed42	train_task	tulu	2	original_head1_retention	off_gain	0.19047619047619047
scalar_common_basis_seed42	train_task	tulu	2	original_head1_retention	forgetting_reduction	0.20203050891044216
scalar_common_basis_seed42	train_task	tulu	2	original_head4_retention	target_gain	-0.48492864496887195
scalar_common_basis_seed42	train_task	tulu	2	original_head4_retention	off_gain	0.25
scalar_common_basis_seed42	train_task	tulu	2	original_head4_retention	forgetting_reduction	0.16835875742536846
scalar_common_basis_seed42	train_task	tulu	2	scalar_fit	target_gain	-0.49705186109309374
scalar_common_basis_seed42	train_task	tulu	2	scalar_fit	off_gain	0.2619047619047619
scalar_common_basis_seed42	train_task	tulu	2	scalar_fit	forgetting_reduction	0.0
scalar_common_basis_seed42	train_task	tulu	2	shape_residual	target_gain	0.14285714285714285
scalar_common_basis_seed42	train_task	tulu	2	shape_residual	off_gain	0.10131544903813933
scalar_common_basis_seed42	train_task	tulu	2	shape_residual	forgetting_reduction	-0.13226001425322162
scalar_common_basis_seed42	train_task	tulu	2	displacement	target_gain	0.44855899659620657
scalar_common_basis_seed42	train_task	tulu	2	displacement	off_gain	-0.21428571428571427
scalar_common_basis_seed42	train_task	tulu	2	displacement	forgetting_reduction	-0.16835875742536846
