cohort	base	train_task	seed	method	label	checkpoint	path	source	baseline	control	target	score_manifest	variant_manifest	generation_manifest	score_magicoder	score_metamath	score_tulu	score_commonsense	off_score	forgetting_gap	target_gain	off_gain	forgetting_reduction	entropy_rank	energy_entropy_rank	stable_rank	participation_rank	nuclear_participation_rank	top1_energy	top4_energy	log_condition	log_fro	log_nuclear	log_head_rss	fro_ratio	nuclear_ratio	head_ratio	original_head1_retention	original_head4_retention	scalar_fit	shape_residual	displacement	attention__entropy_rank	attention__top1_energy	attention__log_fro	attention__original_head1_retention	mlp__entropy_rank	mlp__top1_energy	mlp__log_fro	mlp__original_head1_retention	early__entropy_rank	early__top1_energy	early__log_fro	early__original_head1_retention	middle__entropy_rank	middle__top1_energy	middle__log_fro	middle__original_head1_retention	late__entropy_rank	late__top1_energy	late__log_fro	late__original_head1_retention	q_proj__entropy_rank	q_proj__top1_energy	q_proj__log_fro	q_proj__original_head1_retention	k_proj__entropy_rank	k_proj__top1_energy	k_proj__log_fro	k_proj__original_head1_retention	v_proj__entropy_rank	v_proj__top1_energy	v_proj__log_fro	v_proj__original_head1_retention	o_proj__entropy_rank	o_proj__top1_energy	o_proj__log_fro	o_proj__original_head1_retention	gate_proj__entropy_rank	gate_proj__top1_energy	gate_proj__log_fro	gate_proj__original_head1_retention	up_proj__entropy_rank	up_proj__top1_energy	up_proj__log_fro	up_proj__original_head1_retention	down_proj__entropy_rank	down_proj__top1_energy	down_proj__log_fro	down_proj__original_head1_retention	delta__entropy_rank	delta__energy_entropy_rank	delta__stable_rank	delta__participation_rank	delta__nuclear_participation_rank	delta__top1_energy	delta__top4_energy	delta__log_condition	delta__log_fro	delta__log_nuclear	delta__log_head_rss	delta__fro_ratio	delta__nuclear_ratio	delta__head_ratio	delta__original_head1_retention	delta__original_head4_retention	delta__scalar_fit	delta__shape_residual	delta__displacement	delta__attention__entropy_rank	delta__attention__top1_energy	delta__attention__log_fro	delta__attention__original_head1_retention	delta__mlp__entropy_rank	delta__mlp__top1_energy	delta__mlp__log_fro	delta__mlp__original_head1_retention	delta__early__entropy_rank	delta__early__top1_energy	delta__early__log_fro	delta__early__original_head1_retention	delta__middle__entropy_rank	delta__middle__top1_energy	delta__middle__log_fro	delta__middle__original_head1_retention	delta__late__entropy_rank	delta__late__top1_energy	delta__late__log_fro	delta__late__original_head1_retention	delta__q_proj__entropy_rank	delta__q_proj__top1_energy	delta__q_proj__log_fro	delta__q_proj__original_head1_retention	delta__k_proj__entropy_rank	delta__k_proj__top1_energy	delta__k_proj__log_fro	delta__k_proj__original_head1_retention	delta__v_proj__entropy_rank	delta__v_proj__top1_energy	delta__v_proj__log_fro	delta__v_proj__original_head1_retention	delta__o_proj__entropy_rank	delta__o_proj__top1_energy	delta__o_proj__log_fro	delta__o_proj__original_head1_retention	delta__gate_proj__entropy_rank	delta__gate_proj__top1_energy	delta__gate_proj__log_fro	delta__gate_proj__original_head1_retention	delta__up_proj__entropy_rank	delta__up_proj__top1_energy	delta__up_proj__log_fro	delta__up_proj__original_head1_retention	delta__down_proj__entropy_rank	delta__down_proj__top1_energy	delta__down_proj__log_fro	delta__down_proj__original_head1_retention	evaluation_config	shannon_eff_rank	r2_participation	flatness	gini	decay_slope	erank_energy	entropy_gap	d_flat_l1	soft_rank	head_tail	kurtosis	decay_family	alpha_hill_k4	alpha_hill	hill_tail_contrast	alpha_hill_k12	alpha_weighted_hill	erank_iqr	alpha_iqr	erank_depth_slope	erank_depth_slope_normalized	erank_attn_mlp_gap	alpha_valid_module_fraction	kurtosis_valid_module_fraction	decay_family_valid_module_fraction	gamma_param	eta_param	previous_mean_entropy_rank	delta__shannon_eff_rank	delta__r2_participation	delta__flatness	delta__gini	delta__decay_slope	delta__erank_energy	delta__entropy_gap	delta__hill_tail_contrast	delta__d_flat_l1	delta__soft_rank	delta__head_tail	delta__erank_iqr	delta__erank_depth_slope	delta__erank_depth_slope_normalized	delta__erank_attn_mlp_gap	delta__gamma_param	delta__eta_param	delta__previous_mean_entropy_rank	delta__alpha_hill	delta__alpha_hill_k4	delta__alpha_hill_k12	delta__alpha_weighted_hill	delta__alpha_iqr	delta__kurtosis	delta__decay_family	functional_participation	functional_erank	functional_top1	functional_erank_iqr	functional_attn_mlp_gap	functional_energy_ratio	gamma_functional	eta_functional	delta__functional_participation	delta__functional_erank	delta__functional_top1	delta__functional_erank_iqr	delta__functional_attn_mlp_gap	delta__functional_energy_ratio	delta__gamma_functional	delta__eta_functional
joint_flat_hns	Qwen3-8B	magicoder	42	original_lora	magicoder__seed42__original_lora	Qwen3-8B/magicoder/seed42	/dataset1/zailong/models/spectral-surgery/Qwen3-8B-Magicoder-50K-LoRA-E1	/dataset1/zailong/models/spectral-surgery/Qwen3-8B-Magicoder-50K-LoRA-E1	True	False	65.2439024390244	/dataset1/zailong/workspace/peft-sft-lab/reports/posthoc_flat_dghard_forgetting_three_seed_20260913/eval/Qwen3-8B/score_manifest.json	/dataset1/zailong/workspace/peft-sft-lab/reports/posthoc_flat_dghard_forgetting_three_seed_20260913/Qwen3-8B_variant_manifest.json	/dataset1/zailong/workspace/peft-sft-lab/reports/posthoc_flat_dghard_forgetting_three_seed_20260913/eval/Qwen3-8B/generation_manifest.json	65.2439024390244	83.92721758908263	65.80406654343808	83.66224435780832	77.79784283010969	1.9004202758208966	0.0	0.0	0.0	0.6039	0.19257	1.28554	0.11967	0.38133	0.75739	0.90624	2.88727	2.125014360516683	5.465867724653845	2.0616933182462143	1.0	1.0	1.0	1.0	1.0	1.0	0.0	0.0	0.65003	0.69246	1.1409969177430515	1.0	0.54239	0.84396	2.0497591852128823	1.0	0.60335	0.73636	1.1495666055093428	1.0	0.63016	0.73614	1.5323325195553745	1.0	0.57819	0.79966	1.8281084169335682	1.0	0.66237	0.7225	0.6281236470780216	1.0	0.75618	0.5306	-0.18945590439830887	1.0	0.53689	0.78823	0.0814648877113977	1.0	0.64468	0.72849	0.7433431348219501	1.0	0.55979	0.83885	1.684579198598068	1.0	0.54149	0.84068	1.618022720128799	1.0	0.52589	0.85236	0.8810126826576032	1.0	0.0	0.0	0.0	0.0	0.0	0.0	0.0	0.0	0.0	0.0	0.0	0.0	0.0	0.0	0.0	0.0	0.0	0.0	0.0	0.0	0.0	0.0	0.0	0.0	0.0	0.0	0.0	0.0	0.0	0.0	0.0	0.0	0.0	0.0	0.0	0.0	0.0	0.0	0.0	0.0	0.0	0.0	0.0	0.0	0.0	0.0	0.0	0.0	0.0	0.0	0.0	0.0	0.0	0.0	0.0	0.0	0.0	0.0	0.0	0.0	0.0	0.0	0.0	0.0	0.0	0.0	0.0	/dataset1/zailong/workspace/peft-sft-lab/reports/posthoc_flat_dghard_forgetting_three_seed_20260913/Qwen3-8B_task_config.json	9.90374	5.97977	0.69497	0.4622	-0.12546	2.63833	1.28928	0.73802	0.17227	1.8281	8.95358	0.21281	1.59305	1.73879	1.35357	1.75292	-1.81435	3.16571	0.16611	-0.03628	-1.26982	1.68164	1.0	1.0	1.0	1.0	0.0	0.6039	0.0	0.0	0.0	0.0	0.0	0.0	0.0	0.0	0.0	0.0	0.0	0.0	0.0	0.0	0.0	0.0	0.0	0.0	0.0	0.0	0.0	0.0	0.0	0.0	0.0	1.04498	1.14286	0.97811	0.30938	0.15661	1.0	1.0	0.0	0.0	0.0	0.0	0.0	0.0	0.0	0.0	0.0
joint_flat_hns	Qwen3-8B	magicoder	42	flat_fro	magicoder__seed42__flat_fro	Qwen3-8B/magicoder/seed42	/dataset1/zailong/workspace/peft-sft-lab/reports/posthoc_flat_dghard_three_seed_20260913/adapters/Qwen3-8B/seed42/magicoder/flat_fro	/dataset1/zailong/models/spectral-surgery/Qwen3-8B-Magicoder-50K-LoRA-E1	False	False	76.82926829268293	/dataset1/zailong/workspace/peft-sft-lab/reports/posthoc_flat_dghard_forgetting_three_seed_20260913/eval/Qwen3-8B/score_manifest.json	/dataset1/zailong/workspace/peft-sft-lab/reports/posthoc_flat_dghard_forgetting_three_seed_20260913/Qwen3-8B_variant_manifest.json	/dataset1/zailong/workspace/peft-sft-lab/reports/posthoc_flat_dghard_forgetting_three_seed_20260913/eval/Qwen3-8B/generation_manifest.json	76.82926829268293	87.33889310083397	72.64325323475046	84.07080908784936	81.35098514114459	0.0	11.58536585365853	3.553142311034904	1.9004202758208966	1.0	1.0	16.0	1.0	1.0	0.0625	0.25	0.0	2.125014360516683	6.049449385994002	0.738720595648296	1.0	1.79245	0.26634	0.07094	0.26377	0.51294	0.73689	0.98697	1.0	0.0625	1.1409969177430515	0.08235	1.0	0.0625	2.0497591852128823	0.06938	1.0	0.0625	1.1495666055093428	0.07825	1.0	0.0625	1.5323325195553745	0.07108	1.0	0.0625	1.8281084169335682	0.0692	1.0	0.0625	0.6281236470780216	0.08231	1.0	0.0625	-0.18945590439830887	0.1065	1.0	0.0625	0.0814648877113977	0.07519	1.0	0.0625	0.7433431348219501	0.08158	1.0	0.0625	1.684579198598068	0.06905	1.0	0.0625	1.618022720128799	0.06927	1.0	0.0625	0.8810126826576032	0.07153	0.3961	0.80743	14.71446	0.8803300000000001	0.61867	-0.69489	-0.65624	-2.88727	0.0	0.5835816613401574	-1.3229727225979184	0.0	0.7924500000000001	-0.73366	-0.92906	-0.7362299999999999	-0.48706000000000005	0.73689	0.98697	0.34997	-0.62996	0.0	-0.91765	0.45760999999999996	-0.78146	0.0	-0.93062	0.39664999999999995	-0.67386	0.0	-0.92175	0.36983999999999995	-0.67364	0.0	-0.92892	0.42181	-0.73716	0.0	-0.9308	0.33763	-0.66	0.0	-0.91769	0.24382000000000004	-0.46809999999999996	0.0	-0.8935	0.46311	-0.72573	0.0	-0.92481	0.35531999999999997	-0.66599	0.0	-0.91842	0.44021	-0.77635	0.0	-0.9309499999999999	0.45851	-0.77818	0.0	-0.9307300000000001	0.47411000000000003	-0.78986	0.0	-0.92847	/dataset1/zailong/workspace/peft-sft-lab/reports/posthoc_flat_dghard_forgetting_three_seed_20260913/Qwen3-8B_task_config.json	16.0	16.0	1.0	0.0	0.0	16.0	0.0	0.0	1.0	0.0					0.0			0.0		0.0	0.0	0.0	0.0	0.0	0.0	0.51294	0.73689	1.0	6.096259999999999	10.02023	0.30503	-0.4622	0.12546	13.36167	-1.28928	-1.35357	-0.73802	0.82773	-1.8281	-3.16571	0.03628	1.26982	-1.68164	-0.48706000000000005	0.73689	0.3961								2.42282	4.81209	0.62846	3.4014	1.60628	0.28902	0.26667	0.14872	1.3778400000000002	3.6692300000000007	-0.34965	3.09202	1.44967	-0.71098	-0.73333	0.14872
joint_flat_hns	Qwen3-8B	magicoder	42	flat_nuclear	magicoder__seed42__flat_nuclear	Qwen3-8B/magicoder/seed42	/dataset1/zailong/workspace/peft-sft-lab/reports/posthoc_flat_dghard_three_seed_20260913/adapters/Qwen3-8B/seed42/magicoder/flat_nuclear	/dataset1/zailong/models/spectral-surgery/Qwen3-8B-Magicoder-50K-LoRA-E1	False	False	75.60975609756098	/dataset1/zailong/workspace/peft-sft-lab/reports/posthoc_flat_dghard_forgetting_three_seed_20260913/eval/Qwen3-8B/score_manifest.json	/dataset1/zailong/workspace/peft-sft-lab/reports/posthoc_flat_dghard_forgetting_three_seed_20260913/Qwen3-8B_variant_manifest.json	/dataset1/zailong/workspace/peft-sft-lab/reports/posthoc_flat_dghard_forgetting_three_seed_20260913/eval/Qwen3-8B/generation_manifest.json	75.60975609756098	89.38589840788475	70.0554528650647	83.56493812974526	81.0020964675649	0.0	10.36585365853658	3.20425363745521	1.9004202758208966	1.0	1.0	16.0	1.0	1.0	0.0625	0.25	0.0	1.474143071869196	5.465867724653845	0.08784931476231678	0.52159	1.0	0.13892	0.0193	0.07176	0.27206	0.72794	0.8532	1.0	0.0625	0.6623085502367658	0.03161	1.0	0.0625	1.3643344771157586	0.01761	1.0	0.0625	0.6123621822987807	0.02672	1.0	0.0625	0.888275529188707	0.0196	1.0	0.0625	1.1391753536909557	0.01745	1.0	0.0625	0.16498731821477994	0.0326	1.0	0.0625	-0.5131374483473286	0.05574	1.0	0.0625	-0.5471149647608564	0.02139	1.0	0.0625	0.2584065084767176	0.03093	1.0	0.0625	0.9933439309936288	0.01733	1.0	0.0625	0.9308045132541222	0.01753	1.0	0.0625	0.23094382326053745	0.01949	0.3961	0.80743	14.71446	0.8803300000000001	0.61867	-0.69489	-0.65624	-2.88727	-0.650871288647487	0.0	-1.9738440034838975	-0.47841	0.0	-0.8610800000000001	-0.9807	-0.92824	-0.72794	0.72794	0.8532	0.34997	-0.62996	-0.47868836750628563	-0.96839	0.45760999999999996	-0.78146	-0.6854247080971236	-0.98239	0.39664999999999995	-0.67386	-0.537204423210562	-0.97328	0.36983999999999995	-0.67364	-0.6440569903666675	-0.9804	0.42181	-0.73716	-0.6889330632426125	-0.98255	0.33763	-0.66	-0.46313632886324163	-0.9674	0.24382000000000004	-0.46809999999999996	-0.3236815439490197	-0.94426	0.46311	-0.72573	-0.6285798524722541	-0.97861	0.35531999999999997	-0.66599	-0.48493662634523255	-0.96907	0.44021	-0.77635	-0.6912352676044392	-0.98267	0.45851	-0.77818	-0.6872182068746769	-0.98247	0.47411000000000003	-0.78986	-0.6500688593970658	-0.98051	/dataset1/zailong/workspace/peft-sft-lab/reports/posthoc_flat_dghard_forgetting_three_seed_20260913/Qwen3-8B_task_config.json	16.0	16.0	1.0	0.0	0.0	16.0	0.0	0.0	1.0	0.0					0.0			0.0		0.0	0.0	0.0	0.0	0.0	0.0	0.27206	0.72794	1.0	6.096259999999999	10.02023	0.30503	-0.4622	0.12546	13.36167	-1.28928	-1.35357	-0.73802	0.82773	-1.8281	-3.16571	0.03628	1.26982	-1.68164	-0.72794	0.72794	0.3961								2.42282	4.81209	0.62846	3.4014	1.60628	0.13945	0.12398	0.20957	1.3778400000000002	3.6692300000000007	-0.34965	3.09202	1.44967	-0.86055	-0.87602	0.20957
joint_flat_hns	Qwen3-8B	magicoder	42	hns_f4_s1	magicoder__seed42__hns_f4_s1	Qwen3-8B/magicoder/seed42	/dataset1/zailong/runs/peft-sft-lab/hns-step-grid-2x4-20260912/adapters/Qwen3-8B/magicoder/hns_f4_s1	/dataset1/zailong/models/spectral-surgery/Qwen3-8B-Magicoder-50K-LoRA-E1	False	False	75.0	/dataset1/zailong/workspace/peft-sft-lab/reports/posthoc_flat_dghard_forgetting_three_seed_20260913/eval/Qwen3-8B/score_manifest.json	/dataset1/zailong/workspace/peft-sft-lab/reports/posthoc_flat_dghard_forgetting_three_seed_20260913/Qwen3-8B_variant_manifest.json	/dataset1/zailong/workspace/peft-sft-lab/reports/posthoc_flat_dghard_forgetting_three_seed_20260913/eval/Qwen3-8B/generation_manifest.json	75.0	88.62774829416225	71.71903881700554	83.65273723214618	81.33317478110466	0.0	9.756097560975604	3.5353319509949728	1.9004202758208966	0.99989	0.99956	15.34134	0.99913	0.99978	0.06527	0.25774	0.05315	1.4742557950053463	5.465867724653845	0.10986213349227039	0.52165	1.0	0.14201	0.01972	0.07253	0.27371	0.72469	0.85129	0.99989	0.06522	0.6624178531352846	0.03143	0.99989	0.06534	1.364448040258045	0.01812	0.99989	0.06534	0.6124683105972907	0.02674	0.99989	0.0652	0.8883873827451154	0.01995	0.99989	0.06527	1.139290902710928	0.018	0.99989	0.0652	0.16509439453546365	0.03244	0.9999	0.06507	-0.51303009372112	0.05446	0.99988	0.06549	-0.546992635511363	0.0217	0.99989	0.06511	0.25851547374887474	0.03072	0.99989	0.0653	0.9934552821181398	0.01779	0.99988	0.06532	0.9309210155889912	0.01806	0.99989	0.06539	0.23105563315773892	0.02005	0.39598999999999995	0.80699	14.055800000000001	0.8794599999999999	0.6184499999999999	-0.6921200000000001	-0.6485000000000001	-2.83412	-0.6507585655113366	0.0	-1.9518311847539438	-0.47835000000000005	0.0	-0.85799	-0.98028	-0.92747	-0.72629	0.72469	0.85129	0.34985999999999995	-0.62724	-0.4785790646077669	-0.96857	0.4574999999999999	-0.7786200000000001	-0.6853111449548372	-0.98188	0.3965399999999999	-0.6710200000000001	-0.5370982949120521	-0.97326	0.3697299999999999	-0.67094	-0.6439451368102591	-0.98005	0.42169999999999996	-0.7343900000000001	-0.6888175142226403	-0.982	0.33751999999999993	-0.6573	-0.46302925254255795	-0.96756	0.24372000000000005	-0.46552999999999994	-0.3235741893228111	-0.94554	0.46299	-0.7227399999999999	-0.6284575232227607	-0.9783	0.3552099999999999	-0.66338	-0.4848276610730754	-0.96928	0.44009999999999994	-0.77355	-0.6911239164799282	-0.98221	0.45838999999999996	-0.7753599999999999	-0.6871017045398079	-0.98194	0.474	-0.78697	-0.6499570494998643	-0.97995	/dataset1/zailong/workspace/peft-sft-lab/reports/posthoc_flat_dghard_forgetting_three_seed_20260913/Qwen3-8B_task_config.json	15.99825	15.99652	0.99989	0.00784	-0.00296	15.99308	0.00032	0.01168	0.9791	0.0369	-0.22294	-0.17319	65.19101	78.50932	0.0129	29.68664	-201.74796	0.00064	39.90172	-1e-05	-0.00028	0.00012	1.0	1.0	1.0	0.27371	0.72469	0.99989	6.09451	10.01675	0.30491999999999997	-0.45436	0.12249999999999998	13.354750000000001	-1.2889599999999999	-1.34067	-0.72634	0.8068299999999999	-1.7912000000000001	-3.1650699999999996	0.03627	1.26954	-1.6815200000000001	-0.72629	0.72469	0.39598999999999995	76.77053000000001	63.59796000000001	27.93372	-199.93361000000002	39.735609999999994	-9.17652	-0.386	2.43624	4.87845	0.62761	3.57548	1.70305	0.14107	0.12592	0.20326	1.3912600000000002	3.73559	-0.35050000000000003	3.2661000000000002	1.54644	-0.85893	-0.87408	0.20326
joint_flat_hns	Qwen3-8B	metamath	42	original_lora	metamath__seed42__original_lora	Qwen3-8B/metamath/seed42	/dataset1/zailong/models/spectral-surgery/Qwen3-8B-MetaMathQA-50K-LoRA	/dataset1/zailong/models/spectral-surgery/Qwen3-8B-MetaMathQA-50K-LoRA	True	False	84.1546626231994	/dataset1/zailong/workspace/peft-sft-lab/reports/posthoc_flat_dghard_forgetting_three_seed_20260913/eval/Qwen3-8B/score_manifest.json	/dataset1/zailong/workspace/peft-sft-lab/reports/posthoc_flat_dghard_forgetting_three_seed_20260913/Qwen3-8B_variant_manifest.json	/dataset1/zailong/workspace/peft-sft-lab/reports/posthoc_flat_dghard_forgetting_three_seed_20260913/eval/Qwen3-8B/generation_manifest.json	64.02439024390245	84.1546626231994	66.72828096118299	83.12655978192834	71.29307699567126	1.798836842342548	0.0	0.0	0.0	0.66272	0.25603	1.47014	0.1551	0.45778	0.66302	0.86989	2.72799	3.6119945307749077	7.135229790169331	3.4780491985967785	1.0	1.0	1.0	1.0	1.0	1.0	0.0	0.0	0.69214	0.60942	2.798580444530344	1.0	0.62349	0.73448	3.50257311471231	1.0	0.59117	0.73809	2.95482647214499	1.0	0.7098	0.61221	3.0094533222474316	1.0	0.68719	0.63874	3.191959271978457	1.0	0.64486	0.69995	2.490675432388743	1.0	0.70892	0.54252	1.7545513273775437	1.0	0.62372	0.68742	1.4254749420709176	1.0	0.79107	0.50778	2.1470498107885976	1.0	0.51019	0.83793	3.2892277237013423	1.0	0.67644	0.6968	2.8190702549028344	1.0	0.68383	0.6687	2.3121143350669318	1.0	0.0	0.0	0.0	0.0	0.0	0.0	0.0	0.0	0.0	0.0	0.0	0.0	0.0	0.0	0.0	0.0	0.0	0.0	0.0	0.0	0.0	0.0	0.0	0.0	0.0	0.0	0.0	0.0	0.0	0.0	0.0	0.0	0.0	0.0	0.0	0.0	0.0	0.0	0.0	0.0	0.0	0.0	0.0	0.0	0.0	0.0	0.0	0.0	0.0	0.0	0.0	0.0	0.0	0.0	0.0	0.0	0.0	0.0	0.0	0.0	0.0	0.0	0.0	0.0	0.0	0.0	0.0	/dataset1/zailong/workspace/peft-sft-lab/reports/posthoc_flat_dghard_forgetting_three_seed_20260913/Qwen3-8B_task_config.json	10.91986	7.24022	0.7328	0.43485	-0.13485	3.62654	1.07858	0.66903	0.20475	1.81646	7.49033	0.15763	1.66872	1.69546	1.4379	1.68397	0.38677	2.93655	0.20925	0.04381	1.53318	1.14759	1.0	1.0	1.0	1.0	0.0	0.66272	0.0	0.0	0.0	0.0	0.0	0.0	0.0	0.0	0.0	0.0	0.0	0.0	0.0	0.0	0.0	0.0	0.0	0.0	0.0	0.0	0.0	0.0	0.0	0.0	0.0	1.31491	1.7969	0.86904	1.695	0.79849	1.0	1.0	0.0	0.0	0.0	0.0	0.0	0.0	0.0	0.0	0.0
joint_flat_hns	Qwen3-8B	metamath	42	flat_fro	metamath__seed42__flat_fro	Qwen3-8B/metamath/seed42	/dataset1/zailong/workspace/peft-sft-lab/reports/posthoc_flat_dghard_three_seed_20260913/adapters/Qwen3-8B/seed42/metamath/flat_fro	/dataset1/zailong/models/spectral-surgery/Qwen3-8B-MetaMathQA-50K-LoRA	False	False	87.64215314632298	/dataset1/zailong/workspace/peft-sft-lab/reports/posthoc_flat_dghard_forgetting_three_seed_20260913/eval/Qwen3-8B/score_manifest.json	/dataset1/zailong/workspace/peft-sft-lab/reports/posthoc_flat_dghard_forgetting_three_seed_20260913/Qwen3-8B_variant_manifest.json	/dataset1/zailong/workspace/peft-sft-lab/reports/posthoc_flat_dghard_forgetting_three_seed_20260913/eval/Qwen3-8B/generation_manifest.json	65.85365853658537	87.64215314632298	71.34935304990758	84.39515016792652	73.86605391813983	0.2032520325203251	3.487490523123583	2.5729769224685697	1.595584809822223	1.0	1.0	16.0	1.0	1.0	0.0625	0.25	0.0	3.6119945307749077	7.590671496034648	2.2257007899859795	1.0	1.57687	0.28583	0.0817	0.27532	0.59463	0.64642	0.90041	1.0	0.0625	2.798580444530344	0.09876	1.0	0.0625	3.50257311471231	0.07839	1.0	0.0625	2.95482647214499	0.07231	1.0	0.0625	3.0094533222474316	0.0903	1.0	0.0625	3.191959271978457	0.08292	1.0	0.0625	2.490675432388743	0.08768	1.0	0.0625	1.7545513273775437	0.11226	1.0	0.0625	1.4254749420709176	0.08662	1.0	0.0625	2.1470498107885976	0.1282	1.0	0.0625	3.2892277237013423	0.07345	1.0	0.0625	2.8190702549028344	0.08866	1.0	0.0625	2.3121143350669318	0.09275	0.33728	0.74397	14.52986	0.8449	0.5422199999999999	-0.60052	-0.61989	-2.72799	0.0	0.45544170586531774	-1.252348408610799	0.0	0.57687	-0.71417	-0.9183	-0.72468	-0.40537	0.64642	0.90041	0.30786	-0.54692	0.0	-0.90124	0.37651	-0.67198	0.0	-0.92161	0.40883	-0.67559	0.0	-0.92769	0.2902	-0.54971	0.0	-0.9097	0.31281000000000003	-0.57624	0.0	-0.91708	0.35514	-0.63745	0.0	-0.91232	0.29108	-0.48002	0.0	-0.88774	0.37627999999999995	-0.62492	0.0	-0.91338	0.20892999999999995	-0.44528	0.0	-0.8718	0.48980999999999997	-0.77543	0.0	-0.92655	0.32355999999999996	-0.6343	0.0	-0.91134	0.31616999999999995	-0.6062	0.0	-0.90725	/dataset1/zailong/workspace/peft-sft-lab/reports/posthoc_flat_dghard_forgetting_three_seed_20260913/Qwen3-8B_task_config.json	16.0	16.0	1.0	0.0	0.0	16.0	0.0	0.0	1.0	0.0					0.0			0.0		0.0	0.0	0.0	0.0	0.0	0.0	0.59463	0.64642	1.0	5.08014	8.75978	0.2672	-0.43485	0.13485	12.37346	-1.07858	-1.4379	-0.66903	0.79525	-1.81646	-2.93655	-0.04381	-1.53318	-1.14759	-0.40537	0.64642	0.33728								6.61039	9.97999	0.31066	4.85446	2.38241	0.37548	0.30106	0.3571	5.2954799999999995	8.18309	-0.5583800000000001	3.15946	1.58392	-0.62452	-0.69894	0.3571
joint_flat_hns	Qwen3-8B	metamath	42	flat_nuclear	metamath__seed42__flat_nuclear	Qwen3-8B/metamath/seed42	/dataset1/zailong/workspace/peft-sft-lab/reports/posthoc_flat_dghard_three_seed_20260913/adapters/Qwen3-8B/seed42/metamath/flat_nuclear	/dataset1/zailong/models/spectral-surgery/Qwen3-8B-MetaMathQA-50K-LoRA	False	False	88.17285822592874	/dataset1/zailong/workspace/peft-sft-lab/reports/posthoc_flat_dghard_forgetting_three_seed_20260913/eval/Qwen3-8B/score_manifest.json	/dataset1/zailong/workspace/peft-sft-lab/reports/posthoc_flat_dghard_forgetting_three_seed_20260913/Qwen3-8B_variant_manifest.json	/dataset1/zailong/workspace/peft-sft-lab/reports/posthoc_flat_dghard_forgetting_three_seed_20260913/eval/Qwen3-8B/generation_manifest.json	68.29268292682927	88.17285822592874	72.64325323475046	84.66356387089824	75.19983334415933	0.0	4.018195602729335	3.9067563484880736	1.798836842342548	1.0	1.0	16.0	1.0	1.0	0.0625	0.25	0.0	3.115641814977183	7.135229790169331	1.7293480708827207	0.60875	1.0	0.174	0.03028	0.10203	0.37057	0.62943	0.79336	1.0	0.0625	2.435539287054647	0.04778	1.0	0.0625	2.967375821096868	0.02688	1.0	0.0625	2.2882370852187046	0.01906	1.0	0.0625	2.599369169164633	0.03976	1.0	0.0625	2.7194586306212556	0.03223	1.0	0.0625	2.0504264911481456	0.03635	1.0	0.0625	1.416890865098372	0.05714	1.0	0.0625	0.9449917884056717	0.03314	1.0	0.0625	1.9190897241065195	0.08126	1.0	0.0625	2.654438873598744	0.02064	1.0	0.0625	2.4254371345305157	0.04035	1.0	0.0625	1.9352955462329	0.04366	0.33728	0.74397	14.52986	0.8449	0.5422199999999999	-0.60052	-0.61989	-2.72799	-0.49635271579772455	0.0	-1.7487011277140578	-0.39125	0.0	-0.8260000000000001	-0.96972	-0.89797	-0.6294299999999999	0.62943	0.79336	0.30786	-0.54692	-0.3630411574756969	-0.95222	0.37651	-0.67198	-0.5351972936154419	-0.97312	0.40883	-0.67559	-0.6665893869262853	-0.98094	0.2902	-0.54971	-0.4100841530827988	-0.96024	0.31281000000000003	-0.57624	-0.47250064135720127	-0.96777	0.35514	-0.63745	-0.44024894124059744	-0.96365	0.29108	-0.48002	-0.3376604622791717	-0.94286	0.37627999999999995	-0.62492	-0.48048315366524597	-0.96686	0.20892999999999995	-0.44528	-0.22796008668207812	-0.91874	0.48980999999999997	-0.77543	-0.6347888501025984	-0.97936	0.32355999999999996	-0.6343	-0.3936331203723187	-0.95965	0.31616999999999995	-0.6062	-0.37681878883403175	-0.95634	/dataset1/zailong/workspace/peft-sft-lab/reports/posthoc_flat_dghard_forgetting_three_seed_20260913/Qwen3-8B_task_config.json	16.0	16.0	1.0	0.0	0.0	16.0	0.0	0.0	1.0	0.0					0.0			0.0		0.0	0.0	0.0	0.0	0.0	0.0	0.37057	0.62943	1.0	5.08014	8.75978	0.2672	-0.43485	0.13485	12.37346	-1.07858	-1.4379	-0.66903	0.79525	-1.81646	-2.93655	-0.04381	-1.53318	-1.14759	-0.6294299999999999	0.62943	0.33728								6.61039	9.97999	0.31066	4.85446	2.38241	0.21388	0.15742	0.45825	5.2954799999999995	8.18309	-0.5583800000000001	3.15946	1.58392	-0.78612	-0.84258	0.45825
joint_flat_hns	Qwen3-8B	metamath	42	hns_f4_s1	metamath__seed42__hns_f4_s1	Qwen3-8B/metamath/seed42	/dataset1/zailong/runs/peft-sft-lab/hns-step-grid-2x4-20260912/adapters/Qwen3-8B/metamath/hns_f4_s1	/dataset1/zailong/models/spectral-surgery/Qwen3-8B-MetaMathQA-50K-LoRA	False	False	88.17285822592874	/dataset1/zailong/workspace/peft-sft-lab/reports/posthoc_flat_dghard_forgetting_three_seed_20260913/eval/Qwen3-8B/score_manifest.json	/dataset1/zailong/workspace/peft-sft-lab/reports/posthoc_flat_dghard_forgetting_three_seed_20260913/Qwen3-8B_variant_manifest.json	/dataset1/zailong/workspace/peft-sft-lab/reports/posthoc_flat_dghard_forgetting_three_seed_20260913/eval/Qwen3-8B/generation_manifest.json	67.6829268292683	88.17285822592874	72.45841035120148	84.61988734853911	74.9204081763363	0.0	4.018195602729335	3.6273311806650383	1.798836842342548	0.99989	0.99956	15.34672	0.99914	0.99978	0.06517	0.25786	0.05268	3.1157497250215784	7.135229790169331	1.7499072655643313	0.60881	1.0	0.17761	0.03009	0.10184	0.37069	0.62927	0.79327	0.99989	0.0652	2.435643982300735	0.04696	0.99989	0.06513	2.9674848408385115	0.02681	0.99988	0.06528	2.288366365730631	0.01912	0.99989	0.06512	2.599478642220847	0.03915	0.9999	0.06511	2.719556289971972	0.03214	0.99989	0.06528	2.0505390674784776	0.03583	0.99988	0.06541	1.4170121451314484	0.05599	0.99989	0.0652	0.9451053125472203	0.03278	0.99991	0.06491	1.9191768374513896	0.07956	0.99987	0.06536	2.654557685230074	0.02095	0.9999	0.06501	2.4255372481924353	0.03949	0.9999	0.06502	1.9353870437942005	0.04256	0.33716999999999997	0.74353	13.876579999999999	0.84404	0.542	-0.59785	-0.6120300000000001	-2.67531	-0.4962448057533293	0.0	-1.7281419330324472	-0.39119000000000004	0.0	-0.82239	-0.96991	-0.89816	-0.62931	0.62927	0.79327	0.30774999999999997	-0.5442199999999999	-0.36293646222960874	-0.95304	0.37639999999999996	-0.66935	-0.5350882738737983	-0.97319	0.40871	-0.67281	-0.6664601064143589	-0.98088	0.29008999999999996	-0.5470900000000001	-0.40997468002658444	-0.96085	0.31271000000000004	-0.57363	-0.4724029820064848	-0.9678599999999999	0.35502999999999996	-0.63467	-0.4401363649102654	-0.96417	0.29096	-0.47711000000000003	-0.33753918224609536	-0.94401	0.3761699999999999	-0.62222	-0.48036962952369733	-0.96722	0.20883999999999991	-0.44287	-0.22787297333720802	-0.92044	0.48968	-0.77257	-0.6346700384712682	-0.97905	0.32345999999999997	-0.63179	-0.39353300671039904	-0.96051	0.31606999999999996	-0.60368	-0.3767272912727313	-0.95744	/dataset1/zailong/workspace/peft-sft-lab/reports/posthoc_flat_dghard_forgetting_three_seed_20260913/Qwen3-8B_task_config.json	15.99829	15.99658	0.99989	0.00776	-0.00294	15.99319	0.00032	0.0114	0.97927	0.0364	-0.21556	-0.17048	63.57414	70.97606	0.01429	30.31302	-78.40984	0.00063	38.25022	1e-05	0.00037	-9e-05	1.0	1.0	1.0	0.37069	0.62927	0.99989	5.078430000000001	8.75636	0.26708999999999994	-0.42709	0.13191	12.36665	-1.07826	-1.42361	-0.65763	0.77452	-1.78006	-2.93592	-0.0438	-1.53281	-1.14768	-0.62931	0.62927	0.33716999999999997	69.2806	61.90542	28.629050000000003	-78.79661	38.04097	-7.70589	-0.32811	6.78533	10.06368	0.30485	5.01265	2.18313	0.21427	0.15821	0.45482	5.47042	8.26678	-0.56419	3.3176499999999995	1.3846399999999996	-0.78573	-0.84179	0.45482
joint_flat_hns	Qwen3-8B	tulu	42	original_lora	tulu__seed42__original_lora	Qwen3-8B/tulu/seed42	/dataset1/zailong/models/spectral-surgery/Qwen3-8B-InstructionFollowing-LoRA	/dataset1/zailong/models/spectral-surgery/Qwen3-8B-InstructionFollowing-LoRA	True	False	67.8373382624769	/dataset1/zailong/workspace/peft-sft-lab/reports/posthoc_flat_dghard_forgetting_three_seed_20260913/eval/Qwen3-8B/score_manifest.json	/dataset1/zailong/workspace/peft-sft-lab/reports/posthoc_flat_dghard_forgetting_three_seed_20260913/Qwen3-8B_variant_manifest.json	/dataset1/zailong/workspace/peft-sft-lab/reports/posthoc_flat_dghard_forgetting_three_seed_20260913/eval/Qwen3-8B/generation_manifest.json	84.7560975609756	89.0068233510235	67.8373382624769	84.29127334064447	86.0180647508812	0.0	0.0	0.0	0.0	0.73692	0.34242	1.95678	0.21044	0.55302	0.53309	0.82697	2.4136	3.8810910240248675	7.621049208987653	3.568065924875776	1.0	1.0	1.0	1.0	1.0	1.0	0.0	0.0	0.73499	0.51637	3.079587882748971	1.0	0.73949	0.5554	3.7687120524997266	1.0	0.67971	0.61376	3.232819339313533	1.0	0.76406	0.49681	3.235787186446281	1.0	0.767	0.48871	3.483413551150894	1.0	0.75756	0.49555	2.672227474313993	1.0	0.7328	0.48534	2.0039914656476996	1.0	0.64936	0.61341	1.8257008644332717	1.0	0.80025	0.47116	2.567987273660722	1.0	0.74486	0.58021	3.3709686801321608	1.0	0.80642	0.47522	3.187913872055376	1.0	0.66721	0.61077	3.046013275418936	1.0	0.0	0.0	0.0	0.0	0.0	0.0	0.0	0.0	0.0	0.0	0.0	0.0	0.0	0.0	0.0	0.0	0.0	0.0	0.0	0.0	0.0	0.0	0.0	0.0	0.0	0.0	0.0	0.0	0.0	0.0	0.0	0.0	0.0	0.0	0.0	0.0	0.0	0.0	0.0	0.0	0.0	0.0	0.0	0.0	0.0	0.0	0.0	0.0	0.0	0.0	0.0	0.0	0.0	0.0	0.0	0.0	0.0	0.0	0.0	0.0	0.0	0.0	0.0	0.0	0.0	0.0	0.0	/dataset1/zailong/workspace/peft-sft-lab/reports/posthoc_flat_dghard_forgetting_three_seed_20260913/Qwen3-8B_task_config.json	12.09952	9.04429	0.78146	0.38737	-0.12882	5.30071	0.80519	0.60738	0.2627	1.65461	4.50301	0.12338	1.69845	1.7185	1.39178	1.69847	0.80774	2.27669	0.22859	0.0436	1.52608	-0.32992	1.0	1.0	1.0	1.0	0.0	0.73692	0.0	0.0	0.0	0.0	0.0	0.0	0.0	0.0	0.0	0.0	0.0	0.0	0.0	0.0	0.0	0.0	0.0	0.0	0.0	0.0	0.0	0.0	0.0	0.0	0.0	2.20155	3.24083	0.63866	1.74044	0.98213	1.0	1.0	0.0	0.0	0.0	0.0	0.0	0.0	0.0	0.0	0.0
joint_flat_hns	Qwen3-8B	tulu	42	flat_fro	tulu__seed42__flat_fro	Qwen3-8B/tulu/seed42	/dataset1/zailong/workspace/peft-sft-lab/reports/posthoc_flat_dghard_three_seed_20260913/adapters/Qwen3-8B/seed42/tulu/flat_fro	/dataset1/zailong/models/spectral-surgery/Qwen3-8B-InstructionFollowing-LoRA	False	False	69.31608133086876	/dataset1/zailong/workspace/peft-sft-lab/reports/posthoc_flat_dghard_forgetting_three_seed_20260913/eval/Qwen3-8B/score_manifest.json	/dataset1/zailong/workspace/peft-sft-lab/reports/posthoc_flat_dghard_forgetting_three_seed_20260913/Qwen3-8B_variant_manifest.json	/dataset1/zailong/workspace/peft-sft-lab/reports/posthoc_flat_dghard_forgetting_three_seed_20260913/eval/Qwen3-8B/generation_manifest.json	82.3170731707317	88.24867323730099	69.31608133086876	84.54642614988644	85.0373908526397	0.0	1.47874306839185	-0.9806738982414913	0.0	1.0	1.0	16.0	1.0	1.0	0.0625	0.25	0.0	3.8810910240248675	7.915070450441882	2.4947972907619076	1.0	1.34181	0.34189	0.11689	0.30972	0.75049	0.43677	0.70641	1.0	0.0625	3.079587882748971	0.12437	1.0	0.0625	3.7687120524997266	0.11514	1.0	0.0625	3.232819339313533	0.09389	1.0	0.0625	3.235787186446281	0.12952	1.0	0.0625	3.483413551150894	0.1283	1.0	0.0625	2.672227474313993	0.12217	1.0	0.0625	2.0039914656476996	0.12607	1.0	0.0625	1.8257008644332717	0.10052	1.0	0.0625	2.567987273660722	0.13395	1.0	0.0625	3.3709686801321608	0.10982	1.0	0.0625	3.187913872055376	0.13857	1.0	0.0625	3.046013275418936	0.10175	0.26308	0.65758	14.04322	0.78956	0.44698000000000004	-0.47058999999999995	-0.57697	-2.4136	0.0	0.2940212414542289	-1.0732686341138682	0.0	0.34180999999999995	-0.65811	-0.8831100000000001	-0.69028	-0.24951	0.43677	0.70641	0.26500999999999997	-0.45387	0.0	-0.87563	0.26051	-0.4929	0.0	-0.88486	0.32028999999999996	-0.55126	0.0	-0.90611	0.23594000000000004	-0.43431	0.0	-0.87048	0.23299999999999998	-0.42621	0.0	-0.8717	0.24244	-0.43305	0.0	-0.87783	0.2672	-0.42284	0.0	-0.87393	0.35063999999999995	-0.55091	0.0	-0.8994800000000001	0.19974999999999998	-0.40866	0.0	-0.86605	0.25514000000000003	-0.51771	0.0	-0.89018	0.19357999999999997	-0.41272	0.0	-0.86143	0.33279000000000003	-0.54827	0.0	-0.89825	/dataset1/zailong/workspace/peft-sft-lab/reports/posthoc_flat_dghard_forgetting_three_seed_20260913/Qwen3-8B_task_config.json	16.0	16.0	1.0	0.0	0.0	16.0	0.0	0.0	1.0	0.0					0.0			0.0		0.0	0.0	0.0	0.0	0.0	0.0	0.75049	0.43677	1.0	3.90048	6.95571	0.21853999999999996	-0.38737	0.12882	10.699290000000001	-0.80519	-1.39178	-0.60738	0.7373000000000001	-1.65461	-2.27669	-0.0436	-1.52608	0.32992	-0.24951	0.43677	0.26308								9.90412	12.45118	0.19962	2.6568	0.73531	0.57899	0.45641	0.3786	7.702570000000001	9.210350000000002	-0.43904	0.9163600000000001	-0.24681999999999993	-0.42101	-0.54359	0.3786
joint_flat_hns	Qwen3-8B	tulu	42	flat_nuclear	tulu__seed42__flat_nuclear	Qwen3-8B/tulu/seed42	/dataset1/zailong/workspace/peft-sft-lab/reports/posthoc_flat_dghard_three_seed_20260913/adapters/Qwen3-8B/seed42/tulu/flat_nuclear	/dataset1/zailong/models/spectral-surgery/Qwen3-8B-InstructionFollowing-LoRA	False	False	71.1645101663586	/dataset1/zailong/workspace/peft-sft-lab/reports/posthoc_flat_dghard_forgetting_three_seed_20260913/eval/Qwen3-8B/score_manifest.json	/dataset1/zailong/workspace/peft-sft-lab/reports/posthoc_flat_dghard_forgetting_three_seed_20260913/Qwen3-8B_variant_manifest.json	/dataset1/zailong/workspace/peft-sft-lab/reports/posthoc_flat_dghard_forgetting_three_seed_20260913/eval/Qwen3-8B/generation_manifest.json	83.53658536585365	88.55193328279	71.1645101663586	84.49361978560923	85.5273794780843	0.0	3.327171903881691	-0.49068527279689533	0.0	1.0	1.0	16.0	1.0	1.0	0.0625	0.25	0.0	3.6031697382548296	7.621049208987653	2.216875991490211	0.75736	1.0	0.25893	0.06705	0.17765	0.57359	0.42641	0.653	1.0	0.0625	2.8053339778335555	0.07186	1.0	0.0625	3.489862255315961	0.06592	1.0	0.0625	2.837285516917877	0.04257	1.0	0.0625	2.995360525355598	0.08008	1.0	0.0625	3.243752950852699	0.07944	1.0	0.0625	2.3861660865827767	0.06894	1.0	0.0625	1.702496854054702	0.06898	1.0	0.0625	1.4134212625318898	0.04407	1.0	0.0625	2.341648743860587	0.08518	1.0	0.0625	3.0832207528863713	0.06176	1.0	0.0625	2.9889480726096513	0.09308	1.0	0.0625	2.657895598049975	0.04682	0.26308	0.65758	14.04322	0.78956	0.44698000000000004	-0.47058999999999995	-0.57697	-2.4136	-0.27792128577003794	0.0	-1.3511899333855646	-0.24263999999999997	0.0	-0.74107	-0.93295	-0.82235	-0.42640999999999996	0.42641	0.653	0.26500999999999997	-0.45387	-0.27425390491541535	-0.92814	0.26051	-0.4929	-0.2788497971837658	-0.93408	0.32028999999999996	-0.55126	-0.39553382239565593	-0.95743	0.23594000000000004	-0.43431	-0.2404266610906829	-0.91992	0.23299999999999998	-0.42621	-0.23966060029819491	-0.92056	0.24244	-0.43305	-0.28606138773121614	-0.93106	0.2672	-0.42284	-0.3014946115929975	-0.93102	0.35063999999999995	-0.55091	-0.4122796019013819	-0.95593	0.19974999999999998	-0.40866	-0.22633852980013502	-0.91482	0.25514000000000003	-0.51771	-0.28774792724578946	-0.93824	0.19357999999999997	-0.41272	-0.19896579944572457	-0.90692	0.33279000000000003	-0.54827	-0.38811767736896075	-0.95318	/dataset1/zailong/workspace/peft-sft-lab/reports/posthoc_flat_dghard_forgetting_three_seed_20260913/Qwen3-8B_task_config.json	16.0	16.0	1.0	0.0	0.0	16.0	0.0	0.0	1.0	0.0					0.0			0.0		0.0	0.0	0.0	0.0	0.0	0.0	0.57359	0.42641	1.0	3.90048	6.95571	0.21853999999999996	-0.38737	0.12882	10.699290000000001	-0.80519	-1.39178	-0.60738	0.7373000000000001	-1.65461	-2.27669	-0.0436	-1.52608	0.32992	-0.42640999999999996	0.42641	0.26308								9.90412	12.45118	0.19962	2.6568	0.73531	0.42477	0.33019	0.39574	7.702570000000001	9.210350000000002	-0.43904	0.9163600000000001	-0.24681999999999993	-0.57523	-0.66981	0.39574
joint_flat_hns	Qwen3-8B	tulu	42	hns_f4_s1	tulu__seed42__hns_f4_s1	Qwen3-8B/tulu/seed42	/dataset1/zailong/runs/peft-sft-lab/hns-step-grid-2x4-20260912/adapters/Qwen3-8B/tulu/hns_f4_s1	/dataset1/zailong/models/spectral-surgery/Qwen3-8B-InstructionFollowing-LoRA	False	False	70.79482439926062	/dataset1/zailong/workspace/peft-sft-lab/reports/posthoc_flat_dghard_forgetting_three_seed_20260913/eval/Qwen3-8B/score_manifest.json	/dataset1/zailong/workspace/peft-sft-lab/reports/posthoc_flat_dghard_forgetting_three_seed_20260913/Qwen3-8B_variant_manifest.json	/dataset1/zailong/workspace/peft-sft-lab/reports/posthoc_flat_dghard_forgetting_three_seed_20260913/eval/Qwen3-8B/generation_manifest.json	82.92682926829268	88.70356330553449	70.79482439926062	84.457699756602	85.36269744347639	0.0	2.9574861367837144	-0.6553673074048021	0.0	0.99989	0.99955	15.37274	0.99911	0.99977	0.06514	0.25791	0.05255	3.6032687025811345	7.621049208987653	2.236543598022069	0.75743	1.0	0.26407	0.06525	0.17467	0.57113	0.43144	0.65685	0.99989	0.06514	2.8054324277931317	0.07013	0.99988	0.06513	3.489961350469717	0.06411	0.99986	0.06529	2.8374031346359248	0.04118	0.99989	0.06507	2.9954536027130816	0.07786	0.9999	0.06504	3.2438472233136024	0.07756	0.9999	0.06502	2.3862642257243896	0.06731	0.99988	0.06537	1.7026189443434934	0.06735	0.99989	0.06528	1.4135368710282676	0.04276	0.99991	0.06488	2.341738268647224	0.08317	0.99991	0.06503	3.0833114904229673	0.05965	0.9999	0.06499	2.989042090815405	0.09116	0.99982	0.06537	2.658024102256639	0.04562	0.2629699999999999	0.65713	13.41596	0.7886700000000001	0.4467500000000001	-0.46795	-0.56906	-2.36105	-0.277822321443733	0.0	-1.3315223268537069	-0.24256999999999995	0.0	-0.73593	-0.93475	-0.82533	-0.42887	0.43144	0.65685	0.2648999999999999	-0.45123	-0.27415545495583915	-0.92987	0.26039	-0.49027	-0.27875070203000973	-0.93589	0.32014999999999993	-0.54847	-0.3954162046776082	-0.95882	0.23582999999999998	-0.43173999999999996	-0.24033358373319924	-0.92214	0.2329	-0.42367	-0.23956632783729148	-0.92244	0.24234	-0.43052999999999997	-0.2859632485896033	-0.93269	0.26708	-0.41997	-0.3013725213042062	-0.93265	0.3505299999999999	-0.54813	-0.4121639934050041	-0.95724	0.19965999999999995	-0.40628000000000003	-0.2262490050134982	-0.91683	0.25505	-0.51518	-0.2876571897091935	-0.94035	0.19347999999999999	-0.41023	-0.19887178123997096	-0.90884	0.3326100000000001	-0.5454	-0.3879891731622971	-0.95438	/dataset1/zailong/workspace/peft-sft-lab/reports/posthoc_flat_dghard_forgetting_three_seed_20260913/Qwen3-8B_task_config.json	15.99832	15.99666	0.99989	0.00768	-0.00291	15.99335	0.00031	0.01101	0.98011	0.03633	-0.166	-0.16935	61.30352	68.791	0.01475	31.69815	-47.20254	0.00065	27.07575	0.0	0.00016	-3e-05	1.0	1.0	1.0	0.57113	0.43144	0.99989	3.8987999999999996	6.95237	0.2184299999999999	-0.37968999999999997	0.12591	10.69264	-0.8048799999999999	-1.37703	-0.5963700000000001	0.7174100000000001	-1.61828	-2.27604	-0.0436	-1.5259200000000002	0.32989	-0.42887	0.43144	0.2629699999999999	67.07249999999999	59.60507	29.999679999999998	-48.01028	26.84716	-4.66901	-0.29273	10.02516	12.47275	0.19532	2.70957	0.74391	0.42299	0.32751	0.40052	7.8236099999999995	9.231919999999999	-0.44334	0.9691299999999998	-0.23822	-0.57701	-0.67249	0.40052
joint_flat_hns	Llama-3.1-8B-Instruct	magicoder	42	original_lora	magicoder__seed42__original_lora	Llama-3.1-8B-Instruct/magicoder/seed42	/dataset1/zailong/models/spectral-surgery/Llama-3.1-8B-Instruct-Magicoder-50K-LoRA-E1	/dataset1/zailong/models/spectral-surgery/Llama-3.1-8B-Instruct-Magicoder-50K-LoRA-E1	True	False	53.65853658536586	/dataset1/zailong/workspace/peft-sft-lab/reports/posthoc_flat_dghard_forgetting_three_seed_20260913/eval/Llama-3.1-8B-Instruct/score_manifest.json	/dataset1/zailong/workspace/peft-sft-lab/reports/posthoc_flat_dghard_forgetting_three_seed_20260913/Llama-3.1-8B-Instruct_variant_manifest.json	/dataset1/zailong/workspace/peft-sft-lab/reports/posthoc_flat_dghard_forgetting_three_seed_20260913/eval/Llama-3.1-8B-Instruct/generation_manifest.json	53.65853658536586	56.25473843821076	55.26802218114602	69.0829702646439	60.201910294666895	5.038787302458779	0.0	0.0	0.0	0.77163	0.37398	1.82624	0.22499	0.58945	0.55756	0.7791	2.16506	1.9306344818423715	5.438175216168299	1.7906554055168835	1.0	1.0	1.0	1.0	1.0	1.0	0.0	0.0	0.82664	0.4536	0.8901886662204491	1.0	0.69827	0.69616	1.8639722775824914	1.0	0.80214	0.51392	1.106978851615642	1.0	0.78261	0.55369	1.3880211021700652	1.0	0.72598	0.60981	1.5527058370401787	1.0	0.81751	0.54304	0.43676897304954415	1.0	0.8704	0.39045	-0.2867252173545897	1.0	0.74953	0.52434	-0.30187495347592125	1.0	0.86912	0.35658	0.4432020320480418	1.0	0.61819	0.77716	1.6373513003486841	1.0	0.76349	0.63226	1.2671115037410574	1.0	0.71314	0.67906	0.4683471391154588	1.0	0.0	0.0	0.0	0.0	0.0	0.0	0.0	0.0	0.0	0.0	0.0	0.0	0.0	0.0	0.0	0.0	0.0	0.0	0.0	0.0	0.0	0.0	0.0	0.0	0.0	0.0	0.0	0.0	0.0	0.0	0.0	0.0	0.0	0.0	0.0	0.0	0.0	0.0	0.0	0.0	0.0	0.0	0.0	0.0	0.0	0.0	0.0	0.0	0.0	0.0	0.0	0.0	0.0	0.0	0.0	0.0	0.0	0.0	0.0	0.0	0.0	0.0	0.0	0.0	0.0	0.0	0.0	/dataset1/zailong/workspace/peft-sft-lab/reports/posthoc_flat_dghard_forgetting_three_seed_20260913/Llama-3.1-8B-Instruct_task_config.json	12.70017	9.66891	0.83201	0.33114	-0.10142	5.77691	0.80225	0.50532	0.26516	1.35116	6.96111	0.1721	1.86297	1.93166	1.07336	1.92583	-2.83189	2.40662	0.29056	-0.05812	-1.80179	1.98288	1.0	1.0	1.0	1.0	0.0	0.77163	0.0	0.0	0.0	0.0	0.0	0.0	0.0	0.0	0.0	0.0	0.0	0.0	0.0	0.0	0.0	0.0	0.0	0.0	0.0	0.0	0.0	0.0	0.0	0.0	0.0	1.25469	1.69406	0.89177	1.31641	0.87294	1.0	1.0	0.0	0.0	0.0	0.0	0.0	0.0	0.0	0.0	0.0
joint_flat_hns	Llama-3.1-8B-Instruct	magicoder	42	flat_fro	magicoder__seed42__flat_fro	Llama-3.1-8B-Instruct/magicoder/seed42	/dataset1/zailong/workspace/peft-sft-lab/reports/posthoc_flat_dghard_three_seed_20260913/adapters/Llama-3.1-8B-Instruct/seed42/magicoder/flat_fro	/dataset1/zailong/models/spectral-surgery/Llama-3.1-8B-Instruct-Magicoder-50K-LoRA-E1	False	False	53.04878048780488	/dataset1/zailong/workspace/peft-sft-lab/reports/posthoc_flat_dghard_forgetting_three_seed_20260913/eval/Llama-3.1-8B-Instruct/score_manifest.json	/dataset1/zailong/workspace/peft-sft-lab/reports/posthoc_flat_dghard_forgetting_three_seed_20260913/Llama-3.1-8B-Instruct_variant_manifest.json	/dataset1/zailong/workspace/peft-sft-lab/reports/posthoc_flat_dghard_forgetting_three_seed_20260913/eval/Llama-3.1-8B-Instruct/generation_manifest.json	53.04878048780488	61.94086429112965	60.62846580406654	69.99725548556808	64.18886186025476	1.051835736870918	-0.6097560975609753	3.986951565587866	3.9869515655878613	1.0	1.0	16.0	1.0	1.0	0.0625	0.25	0.0	1.9306344818423715	5.798865996478733	0.5443407350002614	1.0	1.43432	0.28756	0.08269	0.28629	0.6237	0.611	0.86752	1.0	0.0625	0.8901886662204491	0.13527	1.0	0.0625	1.8639722775824914	0.07835	1.0	0.0625	1.106978851615642	0.11155	1.0	0.0625	1.3880211021700652	0.08483	1.0	0.0625	1.5527058370401787	0.07355	1.0	0.0625	0.43676897304954415	0.11028	1.0	0.0625	-0.2867252173545897	0.15422	1.0	0.0625	-0.30187495347592125	0.11764	1.0	0.0625	0.4432020320480418	0.17544	1.0	0.0625	1.6373513003486841	0.07232	1.0	0.0625	1.2671115037410574	0.09174	1.0	0.0625	0.4683471391154588	0.09135	0.22836999999999996	0.62602	14.17376	0.77501	0.41054999999999997	-0.49505999999999994	-0.5291	-2.16506	0.0	0.360690780310434	-1.2463146705166221	0.0	0.43432000000000004	-0.71244	-0.91731	-0.7137100000000001	-0.37629999999999997	0.611	0.86752	0.17335999999999996	-0.3911	0.0	-0.86473	0.30173000000000005	-0.63366	0.0	-0.92165	0.19786000000000004	-0.45142000000000004	0.0	-0.88845	0.21738999999999997	-0.49119	0.0	-0.91517	0.27402000000000004	-0.54731	0.0	-0.92645	0.18249000000000004	-0.48053999999999997	0.0	-0.88972	0.12960000000000005	-0.32795	0.0	-0.84578	0.25046999999999997	-0.46184000000000003	0.0	-0.88236	0.13088	-0.29408	0.0	-0.82456	0.38181	-0.71466	0.0	-0.9276800000000001	0.23651	-0.56976	0.0	-0.90826	0.28686	-0.61656	0.0	-0.90865	/dataset1/zailong/workspace/peft-sft-lab/reports/posthoc_flat_dghard_forgetting_three_seed_20260913/Llama-3.1-8B-Instruct_task_config.json	16.0	16.0	1.0	0.0	0.0	16.0	0.0	0.0	1.0	0.0					0.0			0.0		0.0	0.0	0.0	0.0	0.0	0.0	0.6237	0.611	1.0	3.29983	6.33109	0.16798999999999997	-0.33114	0.10142	10.22309	-0.80225	-1.07336	-0.50532	0.7348399999999999	-1.35116	-2.40662	0.05812	1.80179	-1.98288	-0.37629999999999997	0.611	0.22836999999999996								4.56508	8.60288	0.43384	5.62326	3.22678	0.29886	0.27181	0.17284	3.31039	6.90882	-0.45792999999999995	4.30685	2.35384	-0.70114	-0.72819	0.17284
joint_flat_hns	Llama-3.1-8B-Instruct	magicoder	42	flat_nuclear	magicoder__seed42__flat_nuclear	Llama-3.1-8B-Instruct/magicoder/seed42	/dataset1/zailong/workspace/peft-sft-lab/reports/posthoc_flat_dghard_three_seed_20260913/adapters/Llama-3.1-8B-Instruct/seed42/magicoder/flat_nuclear	/dataset1/zailong/models/spectral-surgery/Llama-3.1-8B-Instruct-Magicoder-50K-LoRA-E1	False	False	54.87804878048781	/dataset1/zailong/workspace/peft-sft-lab/reports/posthoc_flat_dghard_forgetting_three_seed_20260913/eval/Llama-3.1-8B-Instruct/score_manifest.json	/dataset1/zailong/workspace/peft-sft-lab/reports/posthoc_flat_dghard_forgetting_three_seed_20260913/Llama-3.1-8B-Instruct_variant_manifest.json	/dataset1/zailong/workspace/peft-sft-lab/reports/posthoc_flat_dghard_forgetting_three_seed_20260913/eval/Llama-3.1-8B-Instruct/generation_manifest.json	54.87804878048781	62.1683093252464	58.59519408502772	70.33874995842602	63.700751122900044	1.5399464742256275	1.2195121951219505	3.498840828233149	3.498840828233152	1.0	1.0	16.0	1.0	1.0	0.0625	0.25	0.0	1.4870104254220815	5.438175216168299	0.1007167160161158	0.64171	1.0	0.18453	0.03405	0.11789	0.41179	0.58821	0.76695	1.0	0.0625	0.6926965615599168	0.09113	1.0	0.0625	1.3728031879842757	0.02934	1.0	0.0625	0.8671755612490774	0.06905	1.0	0.0625	0.9731807236042394	0.037	1.0	0.0625	0.9659085909428643	0.02275	1.0	0.0625	0.19408465568585487	0.06788	1.0	0.0625	-0.444942424104516	0.11238	1.0	0.0625	-0.5970336322630629	0.06519	1.0	0.0625	0.296228931345912	0.13076	1.0	0.0625	1.0368416956547055	0.02176	1.0	0.0625	0.9273469858662694	0.0465	1.0	0.0625	0.10360671888024611	0.04404	0.22836999999999996	0.62602	14.17376	0.77501	0.41054999999999997	-0.49505999999999994	-0.5291	-2.16506	-0.44362405642029	0.0	-1.6899386895007678	-0.35829	0.0	-0.81547	-0.96595	-0.88211	-0.58821	0.58821	0.76695	0.17335999999999996	-0.3911	-0.19749210466053235	-0.90887	0.30173000000000005	-0.63366	-0.4911690895982157	-0.97066	0.19786000000000004	-0.45142000000000004	-0.23980329036656467	-0.9309499999999999	0.21738999999999997	-0.49119	-0.4148403785658259	-0.963	0.27402000000000004	-0.54731	-0.5867972460973144	-0.97725	0.18249000000000004	-0.48053999999999997	-0.24268431736368928	-0.9321200000000001	0.12960000000000005	-0.32795	-0.1582172067499263	-0.88762	0.25046999999999997	-0.46184000000000003	-0.2951586787871417	-0.93481	0.13088	-0.29408	-0.14697310070212982	-0.86924	0.38181	-0.71466	-0.6005096046939786	-0.97824	0.23651	-0.56976	-0.339764517874788	-0.9535	0.28686	-0.61656	-0.3647404202352127	-0.95596	/dataset1/zailong/workspace/peft-sft-lab/reports/posthoc_flat_dghard_forgetting_three_seed_20260913/Llama-3.1-8B-Instruct_task_config.json	16.0	16.0	1.0	0.0	0.0	16.0	0.0	0.0	1.0	0.0					0.0			0.0		0.0	0.0	0.0	0.0	0.0	0.0	0.41179	0.58821	1.0	3.29983	6.33109	0.16798999999999997	-0.33114	0.10142	10.22309	-0.80225	-1.07336	-0.50532	0.7348399999999999	-1.35116	-2.40662	0.05812	1.80179	-1.98288	-0.58821	0.58821	0.22836999999999996								4.56508	8.60288	0.43384	5.62326	3.22678	0.15843	0.13571	0.26626	3.31039	6.90882	-0.45792999999999995	4.30685	2.35384	-0.84157	-0.86429	0.26626
joint_flat_hns	Llama-3.1-8B-Instruct	magicoder	42	hns_f4_s1	magicoder__seed42__hns_f4_s1	Llama-3.1-8B-Instruct/magicoder/seed42	/dataset1/zailong/runs/peft-sft-lab/hns-step-grid-2x4-20260912/adapters/Llama-3.1-8B-Instruct/magicoder/hns_f4_s1	/dataset1/zailong/models/spectral-surgery/Llama-3.1-8B-Instruct-Magicoder-50K-LoRA-E1	False	False	54.87804878048781	/dataset1/zailong/workspace/peft-sft-lab/reports/posthoc_flat_dghard_forgetting_three_seed_20260913/eval/Llama-3.1-8B-Instruct/score_manifest.json	/dataset1/zailong/workspace/peft-sft-lab/reports/posthoc_flat_dghard_forgetting_three_seed_20260913/Llama-3.1-8B-Instruct_variant_manifest.json	/dataset1/zailong/workspace/peft-sft-lab/reports/posthoc_flat_dghard_forgetting_three_seed_20260913/eval/Llama-3.1-8B-Instruct/generation_manifest.json	54.87804878048781	63.60879454131918	60.44362292051756	70.36945852828445	64.80729199670706	0.8377523277372845	1.2195121951219505	4.6053817020401695	4.201034974721495	0.99992	0.99967	15.42458	0.99934	0.99983	0.06485	0.25711	0.04806	1.4870989570284823	5.438175216168299	0.1197869027981036	0.64176	1.0	0.18808	0.03382	0.1177	0.41196	0.58795	0.76678	0.99992	0.06485	0.6927731663733429	0.08938	0.99991	0.06485	1.3728947800320328	0.02923	0.99992	0.06485	0.8672471004179213	0.06712	0.99992	0.06482	0.9732740457351716	0.03655	0.99992	0.06489	0.9660062090267428	0.0231	0.99993	0.06475	0.1941595277835275	0.06534	0.99993	0.06482	-0.4448698471731708	0.11034	0.9999	0.06503	-0.5969372668561426	0.06312	0.99992	0.06481	0.29630455267951716	0.13043	0.9999	0.06508	1.036945729224572	0.02216	0.99992	0.06478	0.9274249214810976	0.04537	0.99992	0.06469	0.10368879888321812	0.04225	0.22829	0.62569	13.59834	0.77435	0.41037999999999997	-0.4927099999999999	-0.52199	-2.117	-0.44353552481388925	0.0	-1.67086850271878	-0.35824	0.0	-0.81192	-0.96618	-0.8823	-0.58804	0.58795	0.76678	0.17328	-0.38875	-0.19741549984710627	-0.91062	0.30164	-0.63131	-0.4910774975504586	-0.97077	0.19778000000000007	-0.44907	-0.23973175119772072	-0.93288	0.21731	-0.48887	-0.4147470564348936	-0.96345	0.2739400000000001	-0.54492	-0.5866996280134359	-0.9769	0.18242000000000003	-0.47829	-0.24260944526601666	-0.93466	0.12953000000000003	-0.32563000000000003	-0.15814462981858107	-0.88966	0.25037	-0.45931	-0.2950623133802213	-0.93688	0.13080000000000003	-0.29177	-0.14689747936852465	-0.86957	0.38171	-0.7120799999999999	-0.6004055711241121	-0.97784	0.23643000000000003	-0.56748	-0.33968658225995985	-0.95463	0.28678000000000003	-0.61437	-0.36465834023224064	-0.95775	/dataset1/zailong/workspace/peft-sft-lab/reports/posthoc_flat_dghard_forgetting_three_seed_20260913/Llama-3.1-8B-Instruct_task_config.json	15.99872	15.99745	0.99992	0.00657	-0.00248	15.99492	0.00024	0.00921	0.98175	0.03097	0.06542	-0.15259	62.63582	70.53892	0.01438	37.68737	-173.98271	0.00074	24.56106	-0.0	-9e-05	0.00016	1.0	1.0	1.0	0.41196	0.58795	0.99992	3.2985500000000005	6.32854	0.16791	-0.32456999999999997	0.09894	10.21801	-0.80201	-1.05898	-0.49611	0.7165900000000001	-1.32019	-2.4058800000000002	0.05812	1.8017	-1.98272	-0.58804	0.58795	0.22829	68.60726000000001	60.772850000000005	35.761540000000004	-171.15082	24.270500000000002	-6.89569	-0.32469000000000003	4.77133	8.73482	0.42645	5.69185	3.15161	0.15976	0.13763	0.25784	3.5166399999999998	7.040759999999999	-0.46531999999999996	4.375439999999999	2.27867	-0.84024	-0.86237	0.25784
joint_flat_hns	Llama-3.1-8B-Instruct	metamath	42	original_lora	metamath__seed42__original_lora	Llama-3.1-8B-Instruct/metamath/seed42	/dataset1/zailong/models/spectral-surgery/Llama-3.1-8B-Instruct-MetaMathQA-50K-LoRA	/dataset1/zailong/models/spectral-surgery/Llama-3.1-8B-Instruct-MetaMathQA-50K-LoRA	True	False	77.25549658832449	/dataset1/zailong/workspace/peft-sft-lab/reports/posthoc_flat_dghard_forgetting_three_seed_20260913/eval/Llama-3.1-8B-Instruct/score_manifest.json	/dataset1/zailong/workspace/peft-sft-lab/reports/posthoc_flat_dghard_forgetting_three_seed_20260913/Llama-3.1-8B-Instruct_variant_manifest.json	/dataset1/zailong/workspace/peft-sft-lab/reports/posthoc_flat_dghard_forgetting_three_seed_20260913/eval/Llama-3.1-8B-Instruct/generation_manifest.json	54.268292682926834	77.25549658832449	54.15896487985212	65.02889136457506	57.818716309118	4.71282739586223	0.0	0.0	0.0	0.86962	0.57561	3.10694	0.39437	0.75265	0.34262	0.66795	1.71128	3.367178306054575	7.205024403258545	2.8454342492018045	1.0	1.0	1.0	1.0	1.0	1.0	0.0	0.0	0.86845	0.33206	2.5729313490344956	1.0	0.8712	0.35669	3.252953898472796	1.0	0.86957	0.3316	2.80632814527149	1.0	0.88137	0.32342	2.8391915192151784	1.0	0.85676	0.37584	2.8073945133509826	1.0	0.8759	0.32872	2.1434979565587935	1.0	0.84625	0.36716	1.4966427507073221	1.0	0.83899	0.36733	1.3382932966229395	1.0	0.91264	0.26504	2.0832197730723694	1.0	0.86366	0.40185	2.891722987010869	1.0	0.93383	0.24914	2.728278144990444	1.0	0.8161	0.41907	2.349861835017374	1.0	0.0	0.0	0.0	0.0	0.0	0.0	0.0	0.0	0.0	0.0	0.0	0.0	0.0	0.0	0.0	0.0	0.0	0.0	0.0	0.0	0.0	0.0	0.0	0.0	0.0	0.0	0.0	0.0	0.0	0.0	0.0	0.0	0.0	0.0	0.0	0.0	0.0	0.0	0.0	0.0	0.0	0.0	0.0	0.0	0.0	0.0	0.0	0.0	0.0	0.0	0.0	0.0	0.0	0.0	0.0	0.0	0.0	0.0	0.0	0.0	0.0	0.0	0.0	0.0	0.0	0.0	0.0	/dataset1/zailong/workspace/peft-sft-lab/reports/posthoc_flat_dghard_forgetting_three_seed_20260913/Llama-3.1-8B-Instruct_task_config.json	14.0208	12.18363	0.88678	0.27614	-0.09637	9.32085	0.40715	0.41138	0.3896	1.20134	2.18966	0.06532	2.13423	2.0046	0.99543	1.90331	-0.2971	1.29777	0.35266	-0.02008	-0.62233	0.02545	1.0	1.0	1.0	1.0	0.0	0.86962	0.0	0.0	0.0	0.0	0.0	0.0	0.0	0.0	0.0	0.0	0.0	0.0	0.0	0.0	0.0	0.0	0.0	0.0	0.0	0.0	0.0	0.0	0.0	0.0	0.0	3.43719	5.43219	0.47781	2.93663	0.59572	1.0	1.0	0.0	0.0	0.0	0.0	0.0	0.0	0.0	0.0	0.0
joint_flat_hns	Llama-3.1-8B-Instruct	metamath	42	flat_fro	metamath__seed42__flat_fro	Llama-3.1-8B-Instruct/metamath/seed42	/dataset1/zailong/workspace/peft-sft-lab/reports/posthoc_flat_dghard_three_seed_20260913/adapters/Llama-3.1-8B-Instruct/seed42/metamath/flat_fro	/dataset1/zailong/models/spectral-surgery/Llama-3.1-8B-Instruct-MetaMathQA-50K-LoRA	False	False	79.98483699772555	/dataset1/zailong/workspace/peft-sft-lab/reports/posthoc_flat_dghard_forgetting_three_seed_20260913/eval/Llama-3.1-8B-Instruct/score_manifest.json	/dataset1/zailong/workspace/peft-sft-lab/reports/posthoc_flat_dghard_forgetting_three_seed_20260913/Llama-3.1-8B-Instruct_variant_manifest.json	/dataset1/zailong/workspace/peft-sft-lab/reports/posthoc_flat_dghard_forgetting_three_seed_20260913/eval/Llama-3.1-8B-Instruct/generation_manifest.json	56.70731707317073	79.98483699772555	57.67097966728281	69.03781737794176	61.13870470613176	2.2058471289297663	2.729340409401061	3.319988397013759	2.5069802669324637	1.0	1.0	16.0	1.0	1.0	0.0625	0.25	0.0	3.367178306054575	7.344877972984592	1.980884594585586	1.0	1.15011	0.42124	0.17744	0.38308	0.87019	0.24277	0.50953	1.0	0.0625	2.5729313490344956	0.19592	1.0	0.0625	3.252953898472796	0.17325	1.0	0.0625	2.80632814527149	0.20134	1.0	0.0625	2.8391915192151784	0.18421	1.0	0.0625	2.8073945133509826	0.15329	1.0	0.0625	2.1434979565587935	0.1846	1.0	0.0625	1.4966427507073221	0.16615	1.0	0.0625	1.3382932966229395	0.16791	1.0	0.0625	2.0832197730723694	0.23386	1.0	0.0625	2.891722987010869	0.15001	1.0	0.0625	2.728278144990444	0.24938	1.0	0.0625	2.349861835017374	0.14525	0.13038000000000005	0.42439000000000004	12.89306	0.60563	0.24734999999999996	-0.28012	-0.41795000000000004	-1.71128	0.0	0.13985356972604723	-0.8645496546162186	0.0	0.15010999999999997	-0.5787599999999999	-0.82256	-0.61692	-0.12980999999999998	0.24277	0.50953	0.13154999999999994	-0.26956	0.0	-0.80408	0.12880000000000003	-0.29419	0.0	-0.82675	0.13043000000000005	-0.2691	0.0	-0.79866	0.11863000000000001	-0.26092	0.0	-0.81579	0.14324000000000003	-0.31334	0.0	-0.84671	0.12409999999999999	-0.26622	0.0	-0.8154	0.15375000000000005	-0.30466	0.0	-0.83385	0.16101	-0.30483	0.0	-0.83209	0.08736	-0.20254	0.0	-0.76614	0.13634000000000002	-0.33935	0.0	-0.84999	0.06616999999999995	-0.18664	0.0	-0.7506200000000001	0.18389999999999995	-0.35657	0.0	-0.85475	/dataset1/zailong/workspace/peft-sft-lab/reports/posthoc_flat_dghard_forgetting_three_seed_20260913/Llama-3.1-8B-Instruct_task_config.json	16.0	16.0	1.0	0.0	0.0	16.0	0.0	0.0	1.0	0.0					0.0			0.0		0.0	0.0	0.0	0.0	0.0	0.0	0.87019	0.24277	1.0	1.9792000000000005	3.816369999999999	0.11321999999999999	-0.27614	0.09637	6.67915	-0.40715	-0.99543	-0.41138	0.6104	-1.20134	-1.29777	0.02008	0.62233	-0.02545	-0.12980999999999998	0.24277	0.13038000000000005								11.91938	13.88741	0.1635	1.77823	-0.35194	0.64024	0.54245	0.28214	8.48219	8.455219999999999	-0.31431	-1.1584	-0.94766	-0.35975999999999997	-0.45755	0.28214
joint_flat_hns	Llama-3.1-8B-Instruct	metamath	42	flat_nuclear	metamath__seed42__flat_nuclear	Llama-3.1-8B-Instruct/metamath/seed42	/dataset1/zailong/workspace/peft-sft-lab/reports/posthoc_flat_dghard_three_seed_20260913/adapters/Llama-3.1-8B-Instruct/seed42/metamath/flat_nuclear	/dataset1/zailong/models/spectral-surgery/Llama-3.1-8B-Instruct-MetaMathQA-50K-LoRA	False	False	80.89461713419257	/dataset1/zailong/workspace/peft-sft-lab/reports/posthoc_flat_dghard_forgetting_three_seed_20260913/eval/Llama-3.1-8B-Instruct/score_manifest.json	/dataset1/zailong/workspace/peft-sft-lab/reports/posthoc_flat_dghard_forgetting_three_seed_20260913/Llama-3.1-8B-Instruct_variant_manifest.json	/dataset1/zailong/workspace/peft-sft-lab/reports/posthoc_flat_dghard_forgetting_three_seed_20260913/eval/Llama-3.1-8B-Instruct/generation_manifest.json	60.36585365853659	80.89461713419257	59.70425138632163	69.65298382835545	63.241029624404554	1.3230344057789314	3.6391205458680815	5.4223133152865515	3.389792990083299	1.0	1.0	16.0	1.0	1.0	0.0625	0.25	0.0	3.231222968005372	7.205024403258545	1.8449292312514798	0.87288	1.0	0.36769	0.1352	0.29188	0.76192	0.23808	0.48793	1.0	0.0625	2.442348611386057	0.15089	1.0	0.0625	3.115610326664621	0.13164	1.0	0.0625	2.6898346647139566	0.1595	1.0	0.0625	2.709383528824167	0.14209	1.0	0.0625	2.64432224138275	0.11063	1.0	0.0625	2.0024374696984584	0.13922	1.0	0.0625	1.3213217311914318	0.11701	1.0	0.0625	1.1559292202072768	0.11659	1.0	0.0625	1.9874237188233832	0.19308	1.0	0.0625	2.726740086641401	0.10785	1.0	0.0625	2.6550258403288383	0.21539	1.0	0.0625	2.141416264784363	0.09574	0.13038000000000005	0.42439000000000004	12.89306	0.60563	0.24734999999999996	-0.28012	-0.41795000000000004	-1.71128	-0.1359553380492029	0.0	-1.0005050179503248	-0.12712	0.0	-0.6323099999999999	-0.8648	-0.7081200000000001	-0.23807999999999996	0.23808	0.48793	0.13154999999999994	-0.26956	-0.13058273764843875	-0.84911	0.12880000000000003	-0.29419	-0.13734357180817502	-0.86836	0.13043000000000005	-0.2691	-0.1164934805575335	-0.8405	0.11863000000000001	-0.26092	-0.12980799039101143	-0.85791	0.14324000000000003	-0.31334	-0.16307227196823249	-0.88937	0.12409999999999999	-0.26622	-0.14106048686033512	-0.86078	0.15375000000000005	-0.30466	-0.1753210195158903	-0.8829899999999999	0.16101	-0.30483	-0.18236407641566266	-0.88341	0.08736	-0.20254	-0.09579605424898618	-0.80692	0.13634000000000002	-0.33935	-0.16498290036946806	-0.89215	0.06616999999999995	-0.18664	-0.07325230466160582	-0.78461	0.18389999999999995	-0.35657	-0.20844557023301125	-0.90426	/dataset1/zailong/workspace/peft-sft-lab/reports/posthoc_flat_dghard_forgetting_three_seed_20260913/Llama-3.1-8B-Instruct_task_config.json	16.0	16.0	1.0	0.0	0.0	16.0	0.0	0.0	1.0	0.0					0.0			0.0		0.0	0.0	0.0	0.0	0.0	0.0	0.76192	0.23808	1.0	1.9792000000000005	3.816369999999999	0.11321999999999999	-0.27614	0.09637	6.67915	-0.40715	-0.99543	-0.41138	0.6104	-1.20134	-1.29777	0.02008	0.62233	-0.02545	-0.23807999999999996	0.23808	0.13038000000000005								11.91938	13.88741	0.1635	1.77823	-0.35194	0.54596	0.45727	0.29852	8.48219	8.455219999999999	-0.31431	-1.1584	-0.94766	-0.45404	-0.5427299999999999	0.29852
joint_flat_hns	Llama-3.1-8B-Instruct	metamath	42	hns_f4_s1	metamath__seed42__hns_f4_s1	Llama-3.1-8B-Instruct/metamath/seed42	/dataset1/zailong/runs/peft-sft-lab/hns-step-grid-2x4-20260912/adapters/Llama-3.1-8B-Instruct/metamath/hns_f4_s1	/dataset1/zailong/models/spectral-surgery/Llama-3.1-8B-Instruct-MetaMathQA-50K-LoRA	False	False	80.81880212282032	/dataset1/zailong/workspace/peft-sft-lab/reports/posthoc_flat_dghard_forgetting_three_seed_20260913/eval/Llama-3.1-8B-Instruct/score_manifest.json	/dataset1/zailong/workspace/peft-sft-lab/reports/posthoc_flat_dghard_forgetting_three_seed_20260913/Llama-3.1-8B-Instruct_variant_manifest.json	/dataset1/zailong/workspace/peft-sft-lab/reports/posthoc_flat_dghard_forgetting_three_seed_20260913/eval/Llama-3.1-8B-Instruct/generation_manifest.json	61.58536585365854	80.81880212282032	58.225508317929766	69.64860256601634	63.15315891253488	1.817409182689256	3.563305534495825	5.334442603416875	2.8954182131729738	0.99992	0.99968	15.41343	0.99937	0.99984	0.06489	0.25698	0.0486	3.2312992024991094	7.205024403258545	1.8640610312482473	0.87295	1.0	0.3748	0.13303	0.28607	0.75995	0.24214	0.49208	0.99992	0.06486	2.4424289140301654	0.14948	0.99992	0.06493	3.1156855028517003	0.1293	0.99992	0.06494	2.689910881298497	0.15668	0.99992	0.06489	2.7094596441442937	0.14017	0.99992	0.06482	2.6443986312272485	0.10874	0.99991	0.06501	2.002526974449797	0.13754	0.99992	0.0648	1.3214057882560315	0.11522	0.99992	0.06468	1.1560054544413532	0.11539	0.99993	0.06495	1.9874943191471426	0.19217	0.99992	0.06482	2.726816731474366	0.10561	0.99993	0.06509	2.6550948894494466	0.21255	0.99991	0.06487	2.141503820331573	0.09373	0.13030000000000008	0.42407000000000006	12.30649	0.605	0.2471899999999999	-0.27773	-0.41097000000000006	-1.66268	-0.13587910355546562	0.0	-0.9813732179535573	-0.12705	0.0	-0.6252	-0.86697	-0.71393	-0.24004999999999999	0.24214	0.49208	0.13146999999999998	-0.2672	-0.13050243500433023	-0.8505199999999999	0.12872000000000006	-0.29176	-0.1372683956210956	-0.8707	0.13035000000000008	-0.26666	-0.11641726397299301	-0.84332	0.11855000000000004	-0.25853	-0.12973187507088468	-0.85983	0.14316000000000006	-0.31102	-0.16299588212373406	-0.8912599999999999	0.12400999999999995	-0.26371	-0.1409709821089966	-0.86246	0.15367000000000008	-0.30235999999999996	-0.1752369624512906	-0.88478	0.16093000000000002	-0.30265	-0.18228784218158633	-0.88461	0.08728999999999998	-0.20009	-0.0957254539252268	-0.80783	0.13626000000000005	-0.33703	-0.1649062555365033	-0.89439	0.06609999999999994	-0.18405	-0.07318325554099747	-0.78745	0.18380999999999992	-0.3542	-0.20835801468580106	-0.90627	/dataset1/zailong/workspace/peft-sft-lab/reports/posthoc_flat_dghard_forgetting_three_seed_20260913/Llama-3.1-8B-Instruct_task_config.json	15.99876	15.99753	0.99992	0.00655	-0.00247	15.99507	0.00023	0.00909	0.9814	0.03065	0.29898	-0.14029	64.99359	70.91118	0.0143	37.78068	-68.17456	0.00053	29.53807	1e-05	0.00016	-9e-05	1.0	1.0	1.0	0.75995	0.24214	0.99992	1.9779600000000013	3.8138999999999985	0.11314000000000002	-0.26959	0.0939	6.67422	-0.40692	-0.9811300000000001	-0.40229000000000004	0.5918000000000001	-1.17069	-1.2972400000000002	0.02009	0.6224900000000001	-0.02554	-0.24004999999999999	0.24214	0.13030000000000008	68.90658	62.859359999999995	35.87737	-67.87746	29.18541	-1.89068	-0.20561000000000001	12.03402	13.92427	0.16322	1.75387	-0.27894	0.5438	0.45321	0.30543	8.59683	8.49208	-0.31459000000000004	-1.18276	-0.87466	-0.45620000000000005	-0.54679	0.30543
joint_flat_hns	Llama-3.1-8B-Instruct	tulu	42	original_lora	tulu__seed42__original_lora	Llama-3.1-8B-Instruct/tulu/seed42	/dataset1/zailong/models/spectral-surgery/Llama-3.1-8B-Instruct-InstructionFollowing-LoRA	/dataset1/zailong/models/spectral-surgery/Llama-3.1-8B-Instruct-InstructionFollowing-LoRA	True	False	63.21626617375231	/dataset1/zailong/workspace/peft-sft-lab/reports/posthoc_flat_dghard_forgetting_three_seed_20260913/eval/Llama-3.1-8B-Instruct/score_manifest.json	/dataset1/zailong/workspace/peft-sft-lab/reports/posthoc_flat_dghard_forgetting_three_seed_20260913/Llama-3.1-8B-Instruct_variant_manifest.json	/dataset1/zailong/workspace/peft-sft-lab/reports/posthoc_flat_dghard_forgetting_three_seed_20260913/eval/Llama-3.1-8B-Instruct/generation_manifest.json	62.80487804878049	57.08870356330553	63.21626617375231	71.28541917604147	63.7263335960425	1.8085346877068673	0.0	0.0	0.0	0.89746	0.64501	3.59453	0.4669	0.79935	0.31149	0.61463	1.50954	3.1120502129466763	6.940275174327911	2.644789249230852	1.0	1.0	1.0	1.0	1.0	1.0	0.0	0.0	0.91106	0.27167	2.2672104733494405	1.0	0.87934	0.36458	3.010025044379437	1.0	0.90958	0.28058	2.4669848129147853	1.0	0.9056	0.2918	2.5739145975360302	1.0	0.8752	0.36715	2.6333650014561125	1.0	0.91221	0.28991	1.8098681555031297	1.0	0.88402	0.314	1.1713877284203702	1.0	0.89932	0.28988	1.0453278996103195	1.0	0.94869	0.1929	1.810052891214793	1.0	0.80668	0.51334	2.6660451314777105	1.0	0.93018	0.27086	2.501479264189921	1.0	0.90116	0.30954	2.0115709002756916	1.0	0.0	0.0	0.0	0.0	0.0	0.0	0.0	0.0	0.0	0.0	0.0	0.0	0.0	0.0	0.0	0.0	0.0	0.0	0.0	0.0	0.0	0.0	0.0	0.0	0.0	0.0	0.0	0.0	0.0	0.0	0.0	0.0	0.0	0.0	0.0	0.0	0.0	0.0	0.0	0.0	0.0	0.0	0.0	0.0	0.0	0.0	0.0	0.0	0.0	0.0	0.0	0.0	0.0	0.0	0.0	0.0	0.0	0.0	0.0	0.0	0.0	0.0	0.0	0.0	0.0	0.0	0.0	/dataset1/zailong/workspace/peft-sft-lab/reports/posthoc_flat_dghard_forgetting_three_seed_20260913/Llama-3.1-8B-Instruct_task_config.json	14.5783	13.21301	0.91862	0.22964	-0.08041	10.72633	0.30963	0.34057	0.43035	1.00659	2.19528	0.07702	2.34212	2.2466	0.80221	2.0604	-1.1883	1.00233	0.40445	-0.01518	-0.47063	0.25273	1.0	1.0	1.0	1.0	0.0	0.89746	0.0	0.0	0.0	0.0	0.0	0.0	0.0	0.0	0.0	0.0	0.0	0.0	0.0	0.0	0.0	0.0	0.0	0.0	0.0	0.0	0.0	0.0	0.0	0.0	0.0	3.87454	6.35917	0.4531	5.58506	1.82707	1.0	1.0	0.0	0.0	0.0	0.0	0.0	0.0	0.0	0.0	0.0
joint_flat_hns	Llama-3.1-8B-Instruct	tulu	42	flat_fro	tulu__seed42__flat_fro	Llama-3.1-8B-Instruct/tulu/seed42	/dataset1/zailong/workspace/peft-sft-lab/reports/posthoc_flat_dghard_three_seed_20260913/adapters/Llama-3.1-8B-Instruct/seed42/tulu/flat_fro	/dataset1/zailong/models/spectral-surgery/Llama-3.1-8B-Instruct-InstructionFollowing-LoRA	False	False	64.69500924214418	/dataset1/zailong/workspace/peft-sft-lab/reports/posthoc_flat_dghard_forgetting_three_seed_20260913/eval/Llama-3.1-8B-Instruct/score_manifest.json	/dataset1/zailong/workspace/peft-sft-lab/reports/posthoc_flat_dghard_forgetting_three_seed_20260913/Llama-3.1-8B-Instruct_variant_manifest.json	/dataset1/zailong/workspace/peft-sft-lab/reports/posthoc_flat_dghard_forgetting_three_seed_20260913/eval/Llama-3.1-8B-Instruct/generation_manifest.json	62.19512195121951	64.29112964366944	64.69500924214418	70.80540179401015	65.76388446296637	0.1995235496980996	1.4787430683918714	2.0375508669238727	1.6090111380087677	1.0	1.0	16.0	1.0	1.0	0.0625	0.25	0.0	3.1120502129466763	7.072500570726909	1.7257565123569345	1.0	1.14137	0.3989	0.15912	0.38039	0.85458	0.2697	0.5393	1.0	0.0625	2.2672104733494405	0.24243	1.0	0.0625	3.010025044379437	0.14764	1.0	0.0625	2.4669848129147853	0.22015	1.0	0.0625	2.5739145975360302	0.17107	1.0	0.0625	2.6333650014561125	0.12622	1.0	0.0625	1.8098681555031297	0.20887	1.0	0.0625	1.1713877284203702	0.19454	1.0	0.0625	1.0453278996103195	0.21563	1.0	0.0625	1.810052891214793	0.32593	1.0	0.0625	2.6660451314777105	0.11284	1.0	0.0625	2.501479264189921	0.2199	1.0	0.0625	2.0115709002756916	0.20122	0.10253999999999996	0.35499	12.405470000000001	0.5331	0.20065	-0.24899	-0.36463	-1.50954	0.0	0.1322253963989981	-0.9190327368739173	0.0	0.14137	-0.6011	-0.84088	-0.61961	-0.14542	0.2697	0.5393	0.08894000000000002	-0.20917000000000002	0.0	-0.75757	0.12065999999999999	-0.30208	0.0	-0.85236	0.09041999999999994	-0.21808	0.0	-0.7798499999999999	0.09440000000000004	-0.2293	0.0	-0.82893	0.12480000000000002	-0.30465	0.0	-0.87378	0.08779000000000003	-0.22741	0.0	-0.79113	0.11597999999999997	-0.2515	0.0	-0.8054600000000001	0.10067999999999999	-0.22738000000000003	0.0	-0.78437	0.05130999999999997	-0.1304	0.0	-0.67407	0.19332000000000005	-0.45084	0.0	-0.88716	0.06982	-0.20836	0.0	-0.7801	0.09884000000000004	-0.24703999999999998	0.0	-0.79878	/dataset1/zailong/workspace/peft-sft-lab/reports/posthoc_flat_dghard_forgetting_three_seed_20260913/Llama-3.1-8B-Instruct_task_config.json	16.0	16.0	1.0	0.0	0.0	16.0	0.0	0.0	1.0	0.0					0.0			0.0		0.0	0.0	0.0	0.0	0.0	0.0	0.85458	0.2697	1.0	1.4216999999999995	2.7869899999999994	0.08138000000000001	-0.22964	0.08041	5.273669999999999	-0.30963	-0.80221	-0.34057	0.56965	-1.00659	-1.00233	0.01518	0.47063	-0.25273	-0.14542	0.2697	0.10253999999999996								11.9934	13.90464	0.17337	4.08588	1.66524	0.44737	0.3816	0.27244	8.11886	7.545470000000001	-0.27973000000000003	-1.49918	-0.16182999999999992	-0.55263	-0.6184000000000001	0.27244
joint_flat_hns	Llama-3.1-8B-Instruct	tulu	42	flat_nuclear	tulu__seed42__flat_nuclear	Llama-3.1-8B-Instruct/tulu/seed42	/dataset1/zailong/workspace/peft-sft-lab/reports/posthoc_flat_dghard_three_seed_20260913/adapters/Llama-3.1-8B-Instruct/seed42/tulu/flat_nuclear	/dataset1/zailong/models/spectral-surgery/Llama-3.1-8B-Instruct-InstructionFollowing-LoRA	False	False	63.21626617375231	/dataset1/zailong/workspace/peft-sft-lab/reports/posthoc_flat_dghard_forgetting_three_seed_20260913/eval/Llama-3.1-8B-Instruct/score_manifest.json	/dataset1/zailong/workspace/peft-sft-lab/reports/posthoc_flat_dghard_forgetting_three_seed_20260913/Llama-3.1-8B-Instruct_variant_manifest.json	/dataset1/zailong/workspace/peft-sft-lab/reports/posthoc_flat_dghard_forgetting_three_seed_20260913/eval/Llama-3.1-8B-Instruct/generation_manifest.json	63.41463414634146	66.26231993934799	63.21626617375231	70.3908298267691	66.68926130415285	0.3377142054451146	0.0	2.9629277081103496	1.4708204822617528	1.0	1.0	16.0	1.0	1.0	0.0625	0.25	0.0	2.961424233687654	6.940275174327911	1.5751305270194553	0.86017	1.0	0.34313	0.11774	0.28145	0.73989	0.26011	0.51001	1.0	0.0625	2.1819177481184697	0.20441	1.0	0.0625	2.8433455614217866	0.10579	1.0	0.0625	2.3769367458017108	0.18387	1.0	0.0625	2.434735541356267	0.12951	1.0	0.0625	2.422837694352348	0.08284	1.0	0.0625	1.7083196692356284	0.17048	1.0	0.0625	1.0415564837738702	0.15005	1.0	0.0625	0.9351036519290324	0.17297	1.0	0.0625	1.7568453702638231	0.29302	1.0	0.0625	2.4100112041237534	0.06762	1.0	0.0625	2.417801843509796	0.18601	1.0	0.0625	1.9037057836986846	0.16217	0.10253999999999996	0.35499	12.405470000000001	0.5331	0.20065	-0.24899	-0.36463	-1.50954	-0.1506259792590221	0.0	-1.0696587222113965	-0.13983	0.0	-0.6568700000000001	-0.88226	-0.71855	-0.26010999999999995	0.26011	0.51001	0.08894000000000002	-0.20917000000000002	-0.08529272523097076	-0.79559	0.12065999999999999	-0.30208	-0.16667948295765056	-0.89421	0.09041999999999994	-0.21808	-0.09004806711307456	-0.81613	0.09440000000000004	-0.2293	-0.13917905617976345	-0.87049	0.12480000000000002	-0.30465	-0.21052730710376455	-0.91716	0.08779000000000003	-0.22741	-0.10154848626750135	-0.82952	0.11597999999999997	-0.2515	-0.12983124464649998	-0.84995	0.10067999999999999	-0.22738000000000003	-0.11022424768128702	-0.8270299999999999	0.05130999999999997	-0.1304	-0.05320752095096992	-0.7069799999999999	0.19332000000000005	-0.45084	-0.25603392735395714	-0.93238	0.06982	-0.20836	-0.08367742068012474	-0.81399	0.09884000000000004	-0.24703999999999998	-0.10786511657700704	-0.83783	/dataset1/zailong/workspace/peft-sft-lab/reports/posthoc_flat_dghard_forgetting_three_seed_20260913/Llama-3.1-8B-Instruct_task_config.json	16.0	16.0	1.0	0.0	0.0	16.0	0.0	0.0	1.0	0.0					0.0			0.0		0.0	0.0	0.0	0.0	0.0	0.0	0.73989	0.26011	1.0	1.4216999999999995	2.7869899999999994	0.08138000000000001	-0.22964	0.08041	5.273669999999999	-0.30963	-0.80221	-0.34057	0.56965	-1.00659	-1.00233	0.01518	0.47063	-0.25273	-0.26010999999999995	0.26011	0.10253999999999996								11.9934	13.90464	0.17337	4.08588	1.66524	0.34905	0.28817	0.31839	8.11886	7.545470000000001	-0.27973000000000003	-1.49918	-0.16182999999999992	-0.6509499999999999	-0.71183	0.31839
joint_flat_hns	Llama-3.1-8B-Instruct	tulu	42	hns_f4_s1	tulu__seed42__hns_f4_s1	Llama-3.1-8B-Instruct/tulu/seed42	/dataset1/zailong/runs/peft-sft-lab/hns-step-grid-2x4-20260912/adapters/Llama-3.1-8B-Instruct/tulu/hns_f4_s1	/dataset1/zailong/models/spectral-surgery/Llama-3.1-8B-Instruct-InstructionFollowing-LoRA	False	False	65.4343807763401	/dataset1/zailong/workspace/peft-sft-lab/reports/posthoc_flat_dghard_forgetting_three_seed_20260913/eval/Llama-3.1-8B-Instruct/score_manifest.json	/dataset1/zailong/workspace/peft-sft-lab/reports/posthoc_flat_dghard_forgetting_three_seed_20260913/Llama-3.1-8B-Instruct_variant_manifest.json	/dataset1/zailong/workspace/peft-sft-lab/reports/posthoc_flat_dghard_forgetting_three_seed_20260913/eval/Llama-3.1-8B-Instruct/generation_manifest.json	62.80487804878049	65.95905989385898	65.4343807763401	70.44766092504871	66.40386628922938	0.3187705060185806	2.2181146025877965	2.6775326931868833	1.4897641816882867	0.99992	0.99969	15.39118	0.99938	0.99984	0.06496	0.25687	0.04841	2.961504719320082	6.940275174327911	1.59455576905307	0.86024	1.0	0.34986	0.11519	0.27642	0.73823	0.26355	0.51337	0.99992	0.06497	2.1819975881652987	0.19973	0.99992	0.06495	2.843426219021002	0.10353	0.99992	0.06502	2.3770173721126353	0.17879	0.99992	0.06496	2.4348124727744063	0.12692	0.99992	0.0649	2.42292169142406	0.08137	0.99992	0.06501	1.7083964286219284	0.16717	0.99992	0.06492	1.041633342573107	0.14907	0.99993	0.06485	0.9351786510096596	0.17143	0.99992	0.06508	1.7569296548163424	0.28345	0.99991	0.06496	2.4100993866686213	0.0658	0.99992	0.06493	2.417877792964428	0.18234	0.99993	0.06497	1.9037788905153283	0.16054	0.10246	0.35468	11.79665	0.5324800000000001	0.20048999999999995	-0.24652999999999997	-0.35776	-1.46113	-0.15054549362659442	0.0	-1.0502334801777817	-0.13976	0.0	-0.6501399999999999	-0.88481	-0.72358	-0.26176999999999995	0.26355	0.51337	0.08886000000000005	-0.20670000000000002	-0.08521288518414183	-0.80027	0.12058000000000002	-0.29963	-0.1665988253584354	-0.89647	0.09033999999999998	-0.21556	-0.08996744080215002	-0.82121	0.09432000000000007	-0.22683999999999999	-0.13910212476162398	-0.87308	0.12472000000000005	-0.30224999999999996	-0.21044331003205263	-0.9186300000000001	0.08771000000000007	-0.2249	-0.10147172688120132	-0.83283	0.1159	-0.24908	-0.12975438584726318	-0.85093	0.10060999999999998	-0.22503	-0.11014924860065989	-0.82857	0.05123	-0.12782	-0.053123236398450624	-0.71655	0.19323	-0.44838	-0.25594574480908916	-0.9342	0.06974000000000002	-0.20593	-0.08360147122549266	-0.81766	0.09877000000000002	-0.24456999999999998	-0.1077920097603633	-0.83946	/dataset1/zailong/workspace/peft-sft-lab/reports/posthoc_flat_dghard_forgetting_three_seed_20260913/Llama-3.1-8B-Instruct_task_config.json	15.99874	15.9975	0.99992	0.00662	-0.0025	15.99502	0.00023	0.00934	0.98073	0.03062	0.32228	-0.14219	59.15867	74.99298	0.01351	38.11817	-84.05267	0.00058	28.92183	0.0	0.00014	6e-05	1.0	1.0	1.0	0.73823	0.26355	0.99992	1.4204399999999993	2.78449	0.08130000000000004	-0.22302000000000002	0.07791	5.268689999999999	-0.3094	-0.7887	-0.33122999999999997	0.55038	-0.9759700000000001	-1.00175	0.01518	0.47076999999999997	-0.25267	-0.26176999999999995	0.26355	0.10246	72.74638	56.81655	36.05777	-82.86437000000001	28.51738	-1.8729999999999998	-0.21921000000000002	12.13591	14.00615	0.16892	4.14347	1.73148	0.34681	0.28508	0.3243	8.261370000000001	7.64698	-0.28418	-1.4415900000000006	-0.09559000000000006	-0.6531899999999999	-0.71492	0.3243
hns_grid_target	Qwen3-8B	magicoder	42	original_lora	magicoder__original_lora	Qwen3-8B/magicoder/seed42	/dataset1/zailong/models/spectral-surgery/Qwen3-8B-Magicoder-50K-LoRA-E1	/dataset1/zailong/models/spectral-surgery/Qwen3-8B-Magicoder-50K-LoRA-E1	True	False	66.46341463414635	/dataset1/zailong/workspace/peft-sft-lab/reports/hns_release_20260912/data/step_grid/manifests/qwen3_8b_score_manifest.json	/dataset1/zailong/workspace/peft-sft-lab/reports/hns_release_20260912/data/step_grid/manifests/qwen3_8b_variant_manifest.json	/dataset1/zailong/workspace/peft-sft-lab/reports/hns_release_20260912/data/step_grid/manifests/qwen3_8b_generation_manifest.json	66.46341463414635						0.0			0.6039	0.19257	1.28554	0.11967	0.38133	0.75739	0.90624	2.88727	2.125014360516683	5.465867724653845	2.0616933182462143	1.0	1.0	1.0	1.0	1.0	1.0	0.0	0.0	0.65003	0.69246	1.1409969177430515	1.0	0.54239	0.84396	2.0497591852128823	1.0	0.60335	0.73636	1.1495666055093428	1.0	0.63016	0.73614	1.5323325195553745	1.0	0.57819	0.79966	1.8281084169335682	1.0	0.66237	0.7225	0.6281236470780216	1.0	0.75618	0.5306	-0.18945590439830887	1.0	0.53689	0.78823	0.0814648877113977	1.0	0.64468	0.72849	0.7433431348219501	1.0	0.55979	0.83885	1.684579198598068	1.0	0.54149	0.84068	1.618022720128799	1.0	0.52589	0.85236	0.8810126826576032	1.0	0.0	0.0	0.0	0.0	0.0	0.0	0.0	0.0	0.0	0.0	0.0	0.0	0.0	0.0	0.0	0.0	0.0	0.0	0.0	0.0	0.0	0.0	0.0	0.0	0.0	0.0	0.0	0.0	0.0	0.0	0.0	0.0	0.0	0.0	0.0	0.0	0.0	0.0	0.0	0.0	0.0	0.0	0.0	0.0	0.0	0.0	0.0	0.0	0.0	0.0	0.0	0.0	0.0	0.0	0.0	0.0	0.0	0.0	0.0	0.0	0.0	0.0	0.0	0.0	0.0	0.0	0.0	/dataset1/zailong/workspace/peft-sft-lab/configs/hns_forgetting_2x4_20260911.json	9.90374	5.97977	0.69497	0.4622	-0.12546	2.63833	1.28928	0.73802	0.17227	1.8281	8.95358	0.21281	1.59305	1.73879	1.35357	1.75292	-1.81435	3.16571	0.16611	-0.03628	-1.26982	1.68164	1.0	1.0	1.0	1.0	0.0	0.6039	0.0	0.0	0.0	0.0	0.0	0.0	0.0	0.0	0.0	0.0	0.0	0.0	0.0	0.0	0.0	0.0	0.0	0.0	0.0	0.0	0.0	0.0	0.0	0.0	0.0	1.04498	1.14286	0.97811	0.30938	0.15661	1.0	1.0	0.0	0.0	0.0	0.0	0.0	0.0	0.0	0.0	0.0
hns_grid_target	Qwen3-8B	magicoder	42	hns_f0_s0	magicoder__hns_f0_s0	Qwen3-8B/magicoder/seed42	/dataset1/zailong/runs/peft-sft-lab/hns-step-grid-2x4-20260912/adapters/Qwen3-8B/magicoder/hns_f0_s0	/dataset1/zailong/models/spectral-surgery/Qwen3-8B-Magicoder-50K-LoRA-E1	False	True	67.6829268292683	/dataset1/zailong/workspace/peft-sft-lab/reports/hns_release_20260912/data/step_grid/manifests/qwen3_8b_score_manifest.json	/dataset1/zailong/workspace/peft-sft-lab/reports/hns_release_20260912/data/step_grid/manifests/qwen3_8b_variant_manifest.json	/dataset1/zailong/workspace/peft-sft-lab/reports/hns_release_20260912/data/step_grid/manifests/qwen3_8b_generation_manifest.json	67.6829268292683						1.2195121951219505			0.6039	0.19257	1.28554	0.11967	0.38133	0.75739	0.90624	2.88727	2.125014360516683	5.465867724653845	2.0616934162053493	1.0	1.0	1.0	1.0	1.0	1.0	0.0	0.0	0.65003	0.69246	1.1409969177430515	1.0	0.54239	0.84396	2.0497591852128823	1.0	0.60335	0.73636	1.1495666055093428	1.0	0.63016	0.73614	1.5323325195553745	1.0	0.57819	0.79966	1.8281084169335682	1.0	0.66237	0.7225	0.6281236470780216	1.0	0.75618	0.5306	-0.18945590439830887	1.0	0.53689	0.78823	0.0814648877113977	1.0	0.64469	0.72849	0.7433431348219501	1.0	0.55979	0.83885	1.684579198598068	1.0	0.54149	0.84068	1.618022720128799	1.0	0.52589	0.85236	0.8810126826576032	1.0	0.0	0.0	0.0	0.0	0.0	0.0	0.0	0.0	0.0	0.0	9.795913502586018e-08	0.0	0.0	0.0	0.0	0.0	0.0	0.0	0.0	0.0	0.0	0.0	0.0	0.0	0.0	0.0	0.0	0.0	0.0	0.0	0.0	0.0	0.0	0.0	0.0	0.0	0.0	0.0	0.0	0.0	0.0	0.0	0.0	0.0	0.0	0.0	0.0	0.0	0.0	0.0	0.0	9.99999999995449e-06	0.0	0.0	0.0	0.0	0.0	0.0	0.0	0.0	0.0	0.0	0.0	0.0	0.0	0.0	0.0	/dataset1/zailong/workspace/peft-sft-lab/configs/hns_forgetting_2x4_20260911.json	9.90374	5.97977	0.69497	0.4622	-0.12546	2.63833	1.28928	0.73802	0.17227	1.82811	8.95359	0.21281	1.59305	1.73879	1.35357	1.75292	-1.81435	3.16569	0.16611	-0.03628	-1.26982	1.68163	1.0	1.0	1.0	1.0	0.0	0.6039	0.0	0.0	0.0	0.0	0.0	0.0	0.0	0.0	0.0	0.0	9.999999999843467e-06	-1.9999999999686935e-05	0.0	0.0	-1.0000000000065512e-05	0.0	0.0	0.0	0.0	0.0	0.0	0.0	0.0	9.999999999621423e-06	0.0	1.04498	1.14286	0.97811	0.30938	0.15661	1.0	1.0	0.0	0.0	0.0	0.0	0.0	0.0	0.0	0.0	0.0
hns_grid_target	Qwen3-8B	magicoder	42	hns_f2_s0	magicoder__hns_f2_s0	Qwen3-8B/magicoder/seed42	/dataset1/zailong/runs/peft-sft-lab/hns-step-grid-2x4-20260912/adapters/Qwen3-8B/magicoder/hns_f2_s0	/dataset1/zailong/models/spectral-surgery/Qwen3-8B-Magicoder-50K-LoRA-E1	False	False	75.60975609756098	/dataset1/zailong/workspace/peft-sft-lab/reports/hns_release_20260912/data/step_grid/manifests/qwen3_8b_score_manifest.json	/dataset1/zailong/workspace/peft-sft-lab/reports/hns_release_20260912/data/step_grid/manifests/qwen3_8b_variant_manifest.json	/dataset1/zailong/workspace/peft-sft-lab/reports/hns_release_20260912/data/step_grid/manifests/qwen3_8b_generation_manifest.json	75.60975609756098						9.146341463414629			0.96392	0.88026	8.96736	0.80558	0.9332	0.125	0.42325	0.82762	1.5182554429345336	5.465867724653845	0.5521296511286121	0.54511	1.0	0.22101	0.03868	0.13699	0.33588	0.62035	0.79082	0.96994	0.11312	0.6876559052646877	0.03424	0.95589	0.14085	1.4129497849006212	0.03929	0.95579	0.12805	0.6489755582400131	0.03778	0.97276	0.11539	0.926326837958764	0.03728	0.9632	0.13157	1.1894917063953427	0.03963	0.97911	0.10186	0.18581252914771496	0.03101	0.98412	0.09249	-0.49737143124460514	0.03889	0.93893	0.14692	-0.4818588812322263	0.04098	0.9776	0.11122	0.2812146043540065	0.03429	0.95835	0.13675	1.0448329489983037	0.04045	0.95524	0.13851	0.9770909566680166	0.03779	0.95407	0.14729	0.27572339593800205	0.04005	0.36002	0.68769	7.681819999999999	0.68591	0.5518700000000001	-0.63239	-0.48299000000000003	-2.05965	-0.6067589175821493	0.0	-1.509563667117602	-0.45489	0.0	-0.77899	-0.96132	-0.86301	-0.66412	0.62035	0.79082	0.31991	-0.57934	-0.4533410124783638	-0.96576	0.4135	-0.70311	-0.6368094003122611	-0.96071	0.35244	-0.60831	-0.5005910472693297	-0.96222	0.3425999999999999	-0.62075	-0.6060056815966105	-0.96272	0.38500999999999996	-0.6680900000000001	-0.6386167105382254	-0.96037	0.31674	-0.6206400000000001	-0.44231111793030664	-0.96899	0.22794000000000003	-0.43810999999999994	-0.3079155268462963	-0.96111	0.40204000000000006	-0.64131	-0.563323768943624	-0.95902	0.33292	-0.61727	-0.4621285304679436	-0.96571	0.39856	-0.7021	-0.6397462495997643	-0.95955	0.41374999999999995	-0.70217	-0.6409317634607825	-0.96221	0.42818	-0.70507	-0.6052892867196011	-0.95995	/dataset1/zailong/workspace/peft-sft-lab/configs/hns_forgetting_2x4_20260911.json	15.67334	15.36419	0.97888	0.11587	-0.04467	14.76368	0.05827	0.17443	0.7321	0.53956	-0.96457	-0.14272	5.6888	3.62879	0.3804	2.68439	-8.63327	0.47006	1.94884	-0.00486	-0.17012	0.19079	1.0	1.0	1.0	0.33588	0.62035	0.96392	5.769599999999999	9.38442	0.28391	-0.34633	0.08078999999999999	12.125350000000001	-1.23101	-0.9731699999999999	-0.56359	0.5598299999999999	-1.28854	-2.6956499999999997	0.031420000000000003	1.0997	-1.49085	-0.66412	0.62035	0.36002	1.89	4.09575	0.93147	-6.818919999999999	1.78273	-9.91815	-0.35553	2.6847	4.98872	0.58962	5.20697	3.59319	0.22706	0.21567	0.09782	1.6397199999999998	3.84586	-0.38849	4.89759	3.4365799999999997	-0.77294	-0.78433	0.09782
hns_grid_target	Qwen3-8B	magicoder	42	hns_f2_s1	magicoder__hns_f2_s1	Qwen3-8B/magicoder/seed42	/dataset1/zailong/runs/peft-sft-lab/hns-step-grid-2x4-20260912/adapters/Qwen3-8B/magicoder/hns_f2_s1	/dataset1/zailong/models/spectral-surgery/Qwen3-8B-Magicoder-50K-LoRA-E1	False	False	74.39024390243902	/dataset1/zailong/workspace/peft-sft-lab/reports/hns_release_20260912/data/step_grid/manifests/qwen3_8b_score_manifest.json	/dataset1/zailong/workspace/peft-sft-lab/reports/hns_release_20260912/data/step_grid/manifests/qwen3_8b_variant_manifest.json	/dataset1/zailong/workspace/peft-sft-lab/reports/hns_release_20260912/data/step_grid/manifests/qwen3_8b_generation_manifest.json	74.39024390243902						7.926829268292678			0.99402	0.98059	14.27697	0.9679	0.98913	0.07551	0.28991	0.25847	1.48056250719253	5.465867724653845	0.2111309802465938	0.52495	1.0	0.15715	0.02314	0.08672	0.28894	0.69704	0.83528	0.99624	0.07266	0.6645737037443041	0.03279	0.99104	0.07932	1.3717689454157247	0.02181	0.98976	0.07781	0.6189615335858054	0.03	0.9975	0.07229	0.8924370542586563	0.02273	0.99479	0.07644	1.1468943034549268	0.02179	0.99903	0.06945	0.16595025884334133	0.03267	0.99958	0.06821	-0.512694399109564	0.05373	0.988	0.0816	-0.5344325406026637	0.02714	0.99837	0.07136	0.26003691910105553	0.03205	0.99232	0.07922	1.0016435868769311	0.02205	0.99204	0.07817	0.9372416422777586	0.02112	0.98877	0.08057	0.23843923355097021	0.02371	0.39012	0.7880199999999999	12.991430000000001	0.84823	0.6077999999999999	-0.68188	-0.61633	-2.6288	-0.644451853324153	0.0	-1.8505623379996206	-0.47505	0.0	-0.84285	-0.97686	-0.91328	-0.71106	0.69704	0.83528	0.34621	-0.6197999999999999	-0.4764232139987473	-0.96721	0.44865	-0.76464	-0.6779902397971576	-0.97819	0.3864099999999999	-0.65855	-0.5306050719235373	-0.97	0.36734	-0.66385	-0.6398954652967183	-0.97727	0.41659999999999997	-0.7232200000000001	-0.6812141134786414	-0.97821	0.33665999999999996	-0.65305	-0.46217338823468024	-0.96733	0.24340000000000006	-0.46238999999999997	-0.3232384947112552	-0.94627	0.45111	-0.70663	-0.6158974283140614	-0.97286	0.35368999999999995	-0.65713	-0.4833062157208946	-0.96795	0.43252999999999997	-0.75963	-0.6829356117211369	-0.97795	0.45055	-0.76251	-0.6807810778510405	-0.97888	0.46288000000000007	-0.77179	-0.642573449106633	-0.97629	/dataset1/zailong/workspace/peft-sft-lab/configs/hns_forgetting_2x4_20260911.json	15.98977	15.97984	0.99935	0.01828	-0.00693	15.96027	0.00185	0.02676	0.94393	0.08384	-0.09798	-0.15361	26.87556	24.42879	0.04268	14.89971	-63.65827	0.06351	19.41479	-0.00148	-0.05193	0.01621	1.0	1.0	1.0	0.28894	0.69704	0.99402	6.086029999999999	10.00007	0.30438	-0.44392	0.11852999999999998	13.32194	-1.28743	-1.3108899999999999	-0.71126	0.77166	-1.7442600000000001	-3.1022	0.0348	1.21789	-1.66543	-0.71106	0.69704	0.39012	22.689999999999998	25.28251	13.146790000000001	-61.843920000000004	19.24868	-9.05156	-0.36641999999999997	2.43622	4.7719	0.62804	3.56691	1.92887	0.16501	0.15269	0.14375	1.39124	3.62904	-0.35007	3.25753	1.7722600000000002	-0.83499	-0.84731	0.14375
hns_grid_target	Qwen3-8B	magicoder	42	hns_f2_s2	magicoder__hns_f2_s2	Qwen3-8B/magicoder/seed42	/dataset1/zailong/runs/peft-sft-lab/hns-step-grid-2x4-20260912/adapters/Qwen3-8B/magicoder/hns_f2_s2	/dataset1/zailong/models/spectral-surgery/Qwen3-8B-Magicoder-50K-LoRA-E1	False	False	76.21951219512195	/dataset1/zailong/workspace/peft-sft-lab/reports/hns_release_20260912/data/step_grid/manifests/qwen3_8b_score_manifest.json	/dataset1/zailong/workspace/peft-sft-lab/reports/hns_release_20260912/data/step_grid/manifests/qwen3_8b_variant_manifest.json	/dataset1/zailong/workspace/peft-sft-lab/reports/hns_release_20260912/data/step_grid/manifests/qwen3_8b_generation_manifest.json	76.21951219512195						9.756097560975604			0.99914	0.99731	15.94944	0.99572	0.99846	0.06381	0.25496	0.04384	1.474667844047434	5.465867724653845	0.09985163122006319	0.52186	1.0	0.1406	0.0197	0.0733	0.27415	0.72402	0.8509	0.99972	0.0632	0.662440165404709	0.03177	0.99836	0.06462	1.3649557613130914	0.01805	0.99785	0.0648	0.6133955928297526	0.02732	0.99993	0.06295	0.8883696524875313	0.01977	0.99963	0.06367	1.1397833010927636	0.01793	1.0	0.06271	0.1649902902083985	0.03259	1.0	0.06268	-0.5131365370460935	0.05572	0.99896	0.06445	-0.5460366539342252	0.02213	0.99992	0.06295	0.2584835423049052	0.03105	0.99923	0.06432	0.9940410821955356	0.01788	0.99911	0.06401	0.9312123229036232	0.01781	0.99675	0.06553	0.23208152019608583	0.02004	0.39524000000000004	0.80474	14.6639	0.87605	0.61713	-0.69358	-0.6512800000000001	-2.84343	-0.650346516469249	0.0	-1.961841687026151	-0.47814	0.0	-0.8593999999999999	-0.9803	-0.9267	-0.72585	0.72402	0.8509	0.34969000000000006	-0.6292599999999999	-0.4785567523383425	-0.96823	0.45597	-0.77934	-0.6848034238997909	-0.98195	0.39449999999999996	-0.67156	-0.5361710126795901	-0.97268	0.36976999999999993	-0.67319	-0.6439628670678432	-0.98023	0.42144000000000004	-0.73599	-0.6883251158408046	-0.98207	0.33763	-0.65979	-0.4631333568696231	-0.96741	0.24382000000000004	-0.46791999999999995	-0.3236806326477847	-0.94428	0.46207	-0.72378	-0.6275015416456229	-0.97787	0.35524	-0.66554	-0.4848595925170449	-0.96895	0.43943999999999994	-0.7745299999999999	-0.6905381164025325	-0.98212	0.45762	-0.77667	-0.6868103972251759	-0.98219	0.47086000000000006	-0.78683	-0.6489311624615174	-0.97996	/dataset1/zailong/workspace/peft-sft-lab/configs/hns_forgetting_2x4_20260911.json	16.0	15.99999	1.0	0.00033	-0.00012	15.99999	0.0	0.00055	0.99842	0.00154	1.87704	0.17753	662.35005	658.83273	0.00152	889.62718	-1799.77234	0.00014	317.36906	-0.00014	-0.00488	0.0	1.0	1.0	1.0	0.27415	0.72402	0.99914	6.096259999999999	10.02022	0.30503	-0.46187	0.12533999999999998	13.36166	-1.28928	-1.35205	-0.73747	0.8261499999999999	-1.82656	-3.1655699999999998	0.03614	1.26494	-1.68164	-0.72585	0.72402	0.39524000000000004	657.09394	660.7570000000001	887.8742599999999	-1797.9579899999999	317.20295	-7.0765400000000005	-0.035280000000000006	2.42364	4.8092	0.62998	3.43823	1.661	0.14401	0.12948	0.19159	1.3786599999999998	3.66634	-0.34813000000000005	3.12885	1.5043900000000001	-0.85599	-0.87052	0.19159
hns_grid_target	Qwen3-8B	magicoder	42	hns_f4_s0	magicoder__hns_f4_s0	Qwen3-8B/magicoder/seed42	/dataset1/zailong/runs/peft-sft-lab/hns-step-grid-2x4-20260912/adapters/Qwen3-8B/magicoder/hns_f4_s0	/dataset1/zailong/models/spectral-surgery/Qwen3-8B-Magicoder-50K-LoRA-E1	False	False	74.39024390243902	/dataset1/zailong/workspace/peft-sft-lab/reports/hns_release_20260912/data/step_grid/manifests/qwen3_8b_score_manifest.json	/dataset1/zailong/workspace/peft-sft-lab/reports/hns_release_20260912/data/step_grid/manifests/qwen3_8b_variant_manifest.json	/dataset1/zailong/workspace/peft-sft-lab/reports/hns_release_20260912/data/step_grid/manifests/qwen3_8b_generation_manifest.json	74.39024390243902						7.926829268292678			0.98681	0.94964	10.32832	0.90592	0.97411	0.0968	0.35863	0.49405	1.4868830331375462	5.465867724653845	0.32736232568807694	0.52828	1.0	0.17652	0.02671	0.08528	0.29604	0.68596	0.82885	0.98633	0.09611	0.6758476172520733	0.03138	0.98744	0.09773	1.3768779826579303	0.02607	0.98726	0.09598	0.6248711465956438	0.0296	0.98651	0.09643	0.9010254967226219	0.0263	0.98664	0.098	1.1519897745149765	0.02628	0.98599	0.09508	0.17872445263273365	0.03178	0.98593	0.0928	-0.49925316438730927	0.04422	0.98674	0.10153	-0.533653640789926	0.02718	0.98666	0.09502	0.27172289822368395	0.03076	0.9875	0.09523	1.0058823069941418	0.02525	0.98724	0.09762	0.9433473344690928	0.02643	0.98756	0.10034	0.24351366856841006	0.02877	0.38291	0.75707	9.04278	0.7862499999999999	0.5927800000000001	-0.66059	-0.54761	-2.39322	-0.6381313273791367	0.0	-1.7343309925581374	-0.47172000000000003	0.0	-0.82348	-0.97329	-0.91472	-0.7039599999999999	0.68596	0.82885	0.33630000000000004	-0.5963499999999999	-0.46514930049097813	-0.96862	0.44504999999999995	-0.7462300000000001	-0.672881202554952	-0.97393	0.38391	-0.6403800000000001	-0.524695458913699	-0.9704	0.35634999999999994	-0.63971	-0.6313070228327526	-0.9737	0.40845	-0.7016600000000001	-0.6761186424185917	-0.97372	0.32362	-0.6274200000000001	-0.449399194445288	-0.96822	0.22975	-0.43779999999999997	-0.30979725998900043	-0.95578	0.44984999999999997	-0.6867	-0.6151185285013238	-0.97282	0.34197999999999995	-0.63347	-0.4716202365982662	-0.96924	0.42771000000000003	-0.74362	-0.6786968916039262	-0.97475	0.44575	-0.7430599999999999	-0.6746753856597063	-0.97357	0.46167	-0.75202	-0.6374990140891932	-0.97123	/dataset1/zailong/workspace/peft-sft-lab/configs/hns_forgetting_2x4_20260911.json	15.78625	15.57869	0.98649	0.09233	-0.03515	15.18829	0.03852	0.14251	0.79239	0.42241	-1.19637	-0.12233	7.55071	4.3848	0.29544	3.13587	-10.31376	0.05916	1.46303	-0.00031	-0.01097	-0.0232	1.0	1.0	1.0	0.29604	0.68596	0.98681	5.88251	9.59892	0.29152	-0.36987000000000003	0.09030999999999999	12.54996	-1.25076	-1.05813	-0.59551	0.62012	-1.40569	-3.10655	0.03597	1.25885	-1.70484	-0.7039599999999999	0.68596	0.38291	2.6460100000000004	5.95766	1.3829500000000001	-8.499410000000001	1.29692	-10.14995	-0.33514	2.38953	4.65611	0.63015	4.82296	3.63086	0.16475	0.15247	0.14351	1.3445500000000001	3.51325	-0.34796000000000005	4.51358	3.47425	-0.83525	-0.84753	0.14351
hns_grid_target	Qwen3-8B	magicoder	42	hns_f4_s1	magicoder__hns_f4_s1	Qwen3-8B/magicoder/seed42	/dataset1/zailong/runs/peft-sft-lab/hns-step-grid-2x4-20260912/adapters/Qwen3-8B/magicoder/hns_f4_s1	/dataset1/zailong/models/spectral-surgery/Qwen3-8B-Magicoder-50K-LoRA-E1	False	False	75.0	/dataset1/zailong/workspace/peft-sft-lab/reports/hns_release_20260912/data/step_grid/manifests/qwen3_8b_score_manifest.json	/dataset1/zailong/workspace/peft-sft-lab/reports/hns_release_20260912/data/step_grid/manifests/qwen3_8b_variant_manifest.json	/dataset1/zailong/workspace/peft-sft-lab/reports/hns_release_20260912/data/step_grid/manifests/qwen3_8b_generation_manifest.json	75.0						8.536585365853654			0.99989	0.99956	15.34134	0.99913	0.99978	0.06527	0.25774	0.05315	1.4742557950053463	5.465867724653845	0.10986213349227039	0.52165	1.0	0.14201	0.01972	0.07253	0.27371	0.72469	0.85129	0.99989	0.06522	0.6624178531352846	0.03143	0.99989	0.06534	1.364448040258045	0.01812	0.99989	0.06534	0.6124683105972907	0.02674	0.99989	0.0652	0.8883873827451154	0.01995	0.99989	0.06527	1.139290902710928	0.018	0.99989	0.0652	0.16509439453546365	0.03244	0.9999	0.06507	-0.51303009372112	0.05446	0.99988	0.06549	-0.546992635511363	0.0217	0.99989	0.06511	0.25851547374887474	0.03072	0.99989	0.0653	0.9934552821181398	0.01779	0.99988	0.06532	0.9309210155889912	0.01806	0.99989	0.06539	0.23105563315773892	0.02005	0.39598999999999995	0.80699	14.055800000000001	0.8794599999999999	0.6184499999999999	-0.6921200000000001	-0.6485000000000001	-2.83412	-0.6507585655113366	0.0	-1.9518311847539438	-0.47835000000000005	0.0	-0.85799	-0.98028	-0.92747	-0.72629	0.72469	0.85129	0.34985999999999995	-0.62724	-0.4785790646077669	-0.96857	0.4574999999999999	-0.7786200000000001	-0.6853111449548372	-0.98188	0.3965399999999999	-0.6710200000000001	-0.5370982949120521	-0.97326	0.3697299999999999	-0.67094	-0.6439451368102591	-0.98005	0.42169999999999996	-0.7343900000000001	-0.6888175142226403	-0.982	0.33751999999999993	-0.6573	-0.46302925254255795	-0.96756	0.24372000000000005	-0.46552999999999994	-0.3235741893228111	-0.94554	0.46299	-0.7227399999999999	-0.6284575232227607	-0.9783	0.3552099999999999	-0.66338	-0.4848276610730754	-0.96928	0.44009999999999994	-0.77355	-0.6911239164799282	-0.98221	0.45838999999999996	-0.7753599999999999	-0.6871017045398079	-0.98194	0.474	-0.78697	-0.6499570494998643	-0.97995	/dataset1/zailong/workspace/peft-sft-lab/configs/hns_forgetting_2x4_20260911.json	15.99825	15.99652	0.99989	0.00784	-0.00296	15.99308	0.00032	0.01168	0.9791	0.0369	-0.22294	-0.17319	65.19101	78.50932	0.0129	29.68664	-201.74796	0.00064	39.90172	-1e-05	-0.00028	0.00012	1.0	1.0	1.0	0.27371	0.72469	0.99989	6.09451	10.01675	0.30491999999999997	-0.45436	0.12249999999999998	13.354750000000001	-1.2889599999999999	-1.34067	-0.72634	0.8068299999999999	-1.7912000000000001	-3.1650699999999996	0.03627	1.26954	-1.6815200000000001	-0.72629	0.72469	0.39598999999999995	76.77053000000001	63.59796000000001	27.93372	-199.93361000000002	39.735609999999994	-9.17652	-0.386	2.43624	4.87845	0.62761	3.57548	1.70305	0.14107	0.12592	0.20326	1.3912600000000002	3.73559	-0.35050000000000003	3.2661000000000002	1.54644	-0.85893	-0.87408	0.20326
hns_grid_target	Qwen3-8B	magicoder	42	hns_f4_s2	magicoder__hns_f4_s2	Qwen3-8B/magicoder/seed42	/dataset1/zailong/runs/peft-sft-lab/hns-step-grid-2x4-20260912/adapters/Qwen3-8B/magicoder/hns_f4_s2	/dataset1/zailong/models/spectral-surgery/Qwen3-8B-Magicoder-50K-LoRA-E1	False	False	75.60975609756098	/dataset1/zailong/workspace/peft-sft-lab/reports/hns_release_20260912/data/step_grid/manifests/qwen3_8b_score_manifest.json	/dataset1/zailong/workspace/peft-sft-lab/reports/hns_release_20260912/data/step_grid/manifests/qwen3_8b_variant_manifest.json	/dataset1/zailong/workspace/peft-sft-lab/reports/hns_release_20260912/data/step_grid/manifests/qwen3_8b_generation_manifest.json	75.60975609756098						9.146341463414629			1.0	1.0	15.98733	1.0	1.0	0.06255	0.25011	0.00051	1.4741437224277072	5.465867724653845	0.08824512536642733	0.52159	1.0	0.13898	0.0193	0.07176	0.27206	0.72794	0.8532	1.0	0.06255	0.6623093053845588	0.03161	1.0	0.06255	1.3643351019871586	0.01761	1.0	0.06255	0.6123630134674556	0.02672	1.0	0.06255	0.888276020842229	0.01961	1.0	0.06255	1.1391760374833557	0.01745	1.0	0.06255	0.16498817810934097	0.0326	1.0	0.06255	-0.5131367558492465	0.05575	1.0	0.06255	-0.547114275189193	0.02139	1.0	0.06255	0.2584072032125995	0.03093	1.0	0.06255	0.9933445630826206	0.01733	1.0	0.06256	0.9308050681884588	0.01753	1.0	0.06255	0.2309446985023787	0.01949	0.3961	0.80743	14.70179	0.8803300000000001	0.61867	-0.69484	-0.6561300000000001	-2.88676	-0.6508706380889757	0.0	-1.973448192879787	-0.47841	0.0	-0.86102	-0.9807	-0.92824	-0.72794	0.72794	0.8532	0.34997	-0.62991	-0.47868761235849266	-0.96839	0.45760999999999996	-0.78141	-0.6854240832257237	-0.98239	0.39664999999999995	-0.67381	-0.5372035920418872	-0.97328	0.36983999999999995	-0.67359	-0.6440564987131455	-0.98039	0.42181	-0.73711	-0.6889323794502125	-0.98255	0.33763	-0.65995	-0.46313546896868063	-0.9674	0.24382000000000004	-0.46804999999999997	-0.3236808514509376	-0.94425	0.46311	-0.72568	-0.6285791629005907	-0.97861	0.35531999999999997	-0.66594	-0.4849359316093506	-0.96907	0.44021	-0.7763	-0.6912346355154474	-0.98267	0.45851	-0.7781199999999999	-0.6872176519403403	-0.98247	0.47411000000000003	-0.78981	-0.6500679841552246	-0.98051	/dataset1/zailong/workspace/peft-sft-lab/configs/hns_forgetting_2x4_20260911.json	16.0	16.0	1.0	7e-05	-3e-05	16.0	0.0	0.00011	0.9996	0.00031	1.0191	0.22782			0.00036			0.0		-0.0	-0.0	0.0	0.99603	1.0	1.0	0.27206	0.72794	1.0	6.096259999999999	10.02023	0.30503	-0.46213	0.12542999999999999	13.36167	-1.28928	-1.35321	-0.73791	0.82733	-1.82779	-3.16571	0.03628	1.26982	-1.68164	-0.72794	0.72794	0.3961						-7.934480000000001	0.015009999999999996	2.42282	4.81039	0.62847	3.39819	1.60751	0.13945	0.12398	0.20959	1.3778400000000002	3.66753	-0.34964000000000006	3.08881	1.4509	-0.86055	-0.87602	0.20959
hns_grid_target	Qwen3-8B	magicoder	42	hns_f8_s0	magicoder__hns_f8_s0	Qwen3-8B/magicoder/seed42	/dataset1/zailong/runs/peft-sft-lab/hns-step-grid-2x4-20260912/adapters/Qwen3-8B/magicoder/hns_f8_s0	/dataset1/zailong/models/spectral-surgery/Qwen3-8B-Magicoder-50K-LoRA-E1	False	False	75.0	/dataset1/zailong/workspace/peft-sft-lab/reports/hns_release_20260912/data/step_grid/manifests/qwen3_8b_score_manifest.json	/dataset1/zailong/workspace/peft-sft-lab/reports/hns_release_20260912/data/step_grid/manifests/qwen3_8b_variant_manifest.json	/dataset1/zailong/workspace/peft-sft-lab/reports/hns_release_20260912/data/step_grid/manifests/qwen3_8b_generation_manifest.json	75.0						8.536585365853654			0.97975	0.92644	10.95396	0.87091	0.96112	0.09186	0.36222	0.50325	1.4944479891678724	5.465867724653845	0.3067042161126402	0.53229	1.0	0.17291	0.02605	0.08355	0.29378	0.6954	0.83413	0.97974	0.09153	0.6818404714704891	0.03132	0.97976	0.09231	1.3848290594483128	0.02533	0.98028	0.09084	0.6310727658710261	0.03034	0.97965	0.09198	0.9088530523301571	0.02505	0.97931	0.09277	1.1598700401944022	0.02561	0.98011	0.09021	0.18418163272904084	0.03094	0.98012	0.08933	-0.4937512369406643	0.04574	0.97861	0.0959	-0.5256468856075551	0.02764	0.98012	0.09067	0.27786217692133636	0.03096	0.98031	0.09063	1.0138701309382117	0.02483	0.97972	0.09202	0.951255700022486	0.02548	0.97925	0.09427	0.25146906264918095	0.02721	0.37585	0.73387	9.668420000000001	0.7512399999999999	0.57979	-0.66553	-0.5440200000000001	-2.38402	-0.6305663713488106	0.0	-1.7549891021335742	-0.46770999999999996	0.0	-0.82709	-0.97395	-0.91645	-0.7062200000000001	0.6954	0.83413	0.32971000000000006	-0.60093	-0.45915644627256236	-0.96868	0.4373699999999999	-0.75165	-0.6649301257645694	-0.97467	0.37693	-0.64552	-0.5184938396383166	-0.96966	0.34948999999999997	-0.6441600000000001	-0.6234794672252174	-0.97495	0.40112000000000003	-0.70689	-0.668238376739166	-0.97439	0.31774	-0.63229	-0.44394201434898073	-0.96906	0.22394000000000003	-0.44126999999999994	-0.3042953325423554	-0.95426	0.44172	-0.69233	-0.6071117733189528	-0.97236	0.33543999999999996	-0.6378199999999999	-0.4654809579006138	-0.96904	0.42052	-0.74822	-0.6707090676598564	-0.97517	0.43823	-0.74866	-0.6667670201063131	-0.97452	0.45336	-0.75809	-0.6295436200084223	-0.97279	/dataset1/zailong/workspace/peft-sft-lab/configs/hns_forgetting_2x4_20260911.json	15.66801	15.36196	0.97915	0.1101	-0.04208	14.79465	0.05731	0.19514	0.8114	0.47971	-1.74016	-0.19733	23.31301	3.32938	0.4294	2.61708	-8.2911	0.05321	7.49548	-0.00066	-0.02321	0.00388	1.0	1.0	1.0	0.29378	0.6954	0.97975	5.76427	9.38219	0.28418	-0.35209999999999997	0.08337999999999998	12.156320000000001	-1.23197	-0.9241699999999999	-0.54288	0.63913	-1.34839	-3.1125	0.03562	1.24661	-1.67776	-0.7062200000000001	0.6954	0.37585	1.59059	21.719959999999997	0.86416	-6.47675	7.32937	-10.69374	-0.41014	2.2881	4.466	0.64854	4.96822	3.51046	0.16343	0.15096	0.14686	1.24312	3.3231400000000004	-0.32957000000000003	4.65884	3.35385	-0.83657	-0.84904	0.14686
hns_grid_target	Qwen3-8B	magicoder	42	hns_f8_s1	magicoder__hns_f8_s1	Qwen3-8B/magicoder/seed42	/dataset1/zailong/runs/peft-sft-lab/hns-step-grid-2x4-20260912/adapters/Qwen3-8B/magicoder/hns_f8_s1	/dataset1/zailong/models/spectral-surgery/Qwen3-8B-Magicoder-50K-LoRA-E1	False	False	75.0	/dataset1/zailong/workspace/peft-sft-lab/reports/hns_release_20260912/data/step_grid/manifests/qwen3_8b_score_manifest.json	/dataset1/zailong/workspace/peft-sft-lab/reports/hns_release_20260912/data/step_grid/manifests/qwen3_8b_variant_manifest.json	/dataset1/zailong/workspace/peft-sft-lab/reports/hns_release_20260912/data/step_grid/manifests/qwen3_8b_generation_manifest.json	75.0						8.536585365853654			0.99982	0.99928	15.26667	0.99857	0.99964	0.06552	0.26097	0.05563	1.47433121686862	5.465867724653845	0.11213478694716701	0.52169	1.0	0.14234	0.01983	0.07257	0.27407	0.72401	0.8509	0.99982	0.0655	0.6624880110407684	0.03151	0.99982	0.06555	1.364524754928863	0.01823	0.99983	0.06544	0.6125331788251507	0.02695	0.99982	0.06554	0.8884686516982626	0.01998	0.99981	0.06559	1.1393664641559835	0.01813	0.99983	0.06541	0.16516039740036556	0.03246	0.99983	0.06536	-0.5129617444129796	0.05471	0.99981	0.06577	-0.5469245057422815	0.02181	0.99982	0.06546	0.2585898700569598	0.03082	0.99982	0.06542	0.9935330596034475	0.01793	0.99982	0.06552	0.9309958387129345	0.01817	0.99981	0.06571	0.2311351335319291	0.02007	0.39592000000000005	0.8067099999999999	13.98113	0.8789	0.6183099999999999	-0.69187	-0.64527	-2.83164	-0.6506831436480629	0.0	-1.9495585312990473	-0.47831	0.0	-0.85766	-0.98017	-0.92743	-0.72593	0.72401	0.8509	0.34979000000000005	-0.62696	-0.4785089067022831	-0.96849	0.45743	-0.77841	-0.6852344302840192	-0.98177	0.39647999999999994	-0.67092	-0.5370334266841921	-0.97305	0.36966	-0.6706	-0.6438638678571119	-0.98002	0.42162	-0.73407	-0.6887419527775847	-0.98187	0.33746	-0.6570900000000001	-0.462963249677656	-0.96754	0.24365000000000003	-0.46524	-0.32350584001467075	-0.94529	0.46292	-0.72246	-0.6283893934536792	-0.97819	0.35514	-0.66303	-0.4847532647649903	-0.96918	0.44003000000000003	-0.77343	-0.6910461389946205	-0.98207	0.45833	-0.77516	-0.6870268814158647	-0.98183	0.47392	-0.78665	-0.6498775491256741	-0.97993	/dataset1/zailong/workspace/peft-sft-lab/configs/hns_forgetting_2x4_20260911.json	15.99713	15.99428	0.99982	0.01061	-0.004	15.98859	0.00053	0.01675	0.9766	0.04843	-1.23882	-0.19405	75.25742	42.44153	0.02413	19.65295	-102.84501	0.00078	27.97028	-1e-05	-0.00026	0.00019	1.0	1.0	1.0	0.27407	0.72401	0.99982	6.093389999999999	10.01451	0.30485000000000007	-0.45159	0.12145999999999998	13.35026	-1.28875	-1.32944	-0.72127	0.80433	-1.77967	-3.16493	0.03627	1.26956	-1.6814500000000001	-0.72593	0.72401	0.39592000000000005	40.70274	73.66436999999999	17.90003	-101.03066	27.80417	-10.192400000000001	-0.40686	2.45867	4.87968	0.62727	3.56886	1.82416	0.14149	0.12641	0.20179	1.4136900000000001	3.73682	-0.35084000000000004	3.25948	1.66755	-0.85851	-0.87359	0.20179
hns_grid_target	Qwen3-8B	magicoder	42	hns_f8_s2	magicoder__hns_f8_s2	Qwen3-8B/magicoder/seed42	/dataset1/zailong/runs/peft-sft-lab/hns-step-grid-2x4-20260912/adapters/Qwen3-8B/magicoder/hns_f8_s2	/dataset1/zailong/models/spectral-surgery/Qwen3-8B-Magicoder-50K-LoRA-E1	False	False	75.60975609756098	/dataset1/zailong/workspace/peft-sft-lab/reports/hns_release_20260912/data/step_grid/manifests/qwen3_8b_score_manifest.json	/dataset1/zailong/workspace/peft-sft-lab/reports/hns_release_20260912/data/step_grid/manifests/qwen3_8b_variant_manifest.json	/dataset1/zailong/workspace/peft-sft-lab/reports/hns_release_20260912/data/step_grid/manifests/qwen3_8b_generation_manifest.json	75.60975609756098						9.146341463414629			1.0	1.0	15.98895	1.0	1.0	0.06254	0.25012	0.00051	1.4741437421687167	5.465867724653845	0.08818654352685304	0.52159	1.0	0.13897	0.0193	0.07176	0.27205	0.72795	0.8532	1.0	0.06254	0.6623093302843724	0.03161	1.0	0.06254	1.3643351204611665	0.01761	1.0	0.06254	0.61236307939199	0.02672	1.0	0.06254	0.8882760308375959	0.0196	1.0	0.06254	1.1391760470219017	0.01744	1.0	0.06254	0.16498818612596636	0.0326	1.0	0.06254	-0.5131367026683487	0.05575	1.0	0.06254	-0.547114218909074	0.02139	1.0	0.06254	0.25840722980810227	0.03093	1.0	0.06254	0.9933445695653563	0.01733	1.0	0.06254	0.9308050925124854	0.01752	1.0	0.06254	0.23094474835059683	0.01949	0.3961	0.80743	14.703410000000002	0.8803300000000001	0.61867	-0.69485	-0.65612	-2.88676	-0.6508706183479662	0.0	-1.9735067747193613	-0.47841	0.0	-0.86103	-0.9807	-0.92824	-0.72795	0.72795	0.8532	0.34997	-0.6299199999999999	-0.478687587458679	-0.96839	0.45760999999999996	-0.78142	-0.6854240647517158	-0.98239	0.39664999999999995	-0.67382	-0.5372035261173528	-0.97328	0.36983999999999995	-0.6736	-0.6440564887177787	-0.9804	0.42181	-0.73712	-0.6889323699116665	-0.98256	0.33763	-0.65996	-0.46313546095205527	-0.9674	0.24382000000000004	-0.46806	-0.3236807982700398	-0.94425	0.46311	-0.72569	-0.6285791066204717	-0.97861	0.35531999999999997	-0.6659499999999999	-0.48493590501384787	-0.96907	0.44021	-0.77631	-0.6912346290327117	-0.98267	0.45851	-0.7781399999999999	-0.6872176276163137	-0.98248	0.47411000000000003	-0.78982	-0.6500679343070064	-0.98051	/dataset1/zailong/workspace/peft-sft-lab/configs/hns_forgetting_2x4_20260911.json	16.0	16.0	1.0	9e-05	-3e-05	16.0	0.0	0.00013	0.99965	0.0004	-0.15341	0.09368		2930.08139	0.00034	2541.25431	-7663.37573	0.0	1163.97854	-0.0	-0.0	0.0	1.0	1.0	1.0	0.27205	0.72795	1.0	6.096259999999999	10.02023	0.30503	-0.46211	0.12542999999999999	13.36167	-1.28928	-1.35323	-0.73789	0.82738	-1.8277	-3.16571	0.03628	1.26982	-1.68164	-0.72795	0.72795	0.3961	2928.3426		2539.50139	-7661.56138	1163.8124300000002	-9.10699	-0.11913	2.42308	4.81061	0.62846	3.39812	1.60673	0.13944	0.12397	0.2096	1.3781	3.66775	-0.34965	3.08874	1.45012	-0.86056	-0.87603	0.2096
hns_grid_target	Qwen3-8B	metamath	42	original_lora	metamath__original_lora	Qwen3-8B/metamath/seed42	/dataset1/zailong/models/spectral-surgery/Qwen3-8B-MetaMathQA-50K-LoRA	/dataset1/zailong/models/spectral-surgery/Qwen3-8B-MetaMathQA-50K-LoRA	True	False	84.1546626231994	/dataset1/zailong/workspace/peft-sft-lab/reports/hns_release_20260912/data/step_grid/manifests/qwen3_8b_score_manifest.json	/dataset1/zailong/workspace/peft-sft-lab/reports/hns_release_20260912/data/step_grid/manifests/qwen3_8b_variant_manifest.json	/dataset1/zailong/workspace/peft-sft-lab/reports/hns_release_20260912/data/step_grid/manifests/qwen3_8b_generation_manifest.json		84.1546626231994					0.0			0.66272	0.25603	1.47014	0.1551	0.45778	0.66302	0.86989	2.72799	3.6119945307749077	7.135229790169331	3.4780491985967785	1.0	1.0	1.0	1.0	1.0	1.0	0.0	0.0	0.69214	0.60942	2.798580444530344	1.0	0.62349	0.73448	3.50257311471231	1.0	0.59117	0.73809	2.95482647214499	1.0	0.7098	0.61221	3.0094533222474316	1.0	0.68719	0.63874	3.191959271978457	1.0	0.64486	0.69995	2.490675432388743	1.0	0.70892	0.54252	1.7545513273775437	1.0	0.62372	0.68742	1.4254749420709176	1.0	0.79107	0.50778	2.1470498107885976	1.0	0.51019	0.83793	3.2892277237013423	1.0	0.67644	0.6968	2.8190702549028344	1.0	0.68383	0.6687	2.3121143350669318	1.0	0.0	0.0	0.0	0.0	0.0	0.0	0.0	0.0	0.0	0.0	0.0	0.0	0.0	0.0	0.0	0.0	0.0	0.0	0.0	0.0	0.0	0.0	0.0	0.0	0.0	0.0	0.0	0.0	0.0	0.0	0.0	0.0	0.0	0.0	0.0	0.0	0.0	0.0	0.0	0.0	0.0	0.0	0.0	0.0	0.0	0.0	0.0	0.0	0.0	0.0	0.0	0.0	0.0	0.0	0.0	0.0	0.0	0.0	0.0	0.0	0.0	0.0	0.0	0.0	0.0	0.0	0.0	/dataset1/zailong/workspace/peft-sft-lab/configs/hns_forgetting_2x4_20260911.json	10.91986	7.24022	0.7328	0.43485	-0.13485	3.62654	1.07858	0.66903	0.20475	1.81646	7.49033	0.15763	1.66872	1.69546	1.4379	1.68397	0.38677	2.93655	0.20925	0.04381	1.53318	1.14759	1.0	1.0	1.0	1.0	0.0	0.66272	0.0	0.0	0.0	0.0	0.0	0.0	0.0	0.0	0.0	0.0	0.0	0.0	0.0	0.0	0.0	0.0	0.0	0.0	0.0	0.0	0.0	0.0	0.0	0.0	0.0	1.31491	1.7969	0.86904	1.695	0.79849	1.0	1.0	0.0	0.0	0.0	0.0	0.0	0.0	0.0	0.0	0.0
hns_grid_target	Qwen3-8B	metamath	42	hns_f0_s0	metamath__hns_f0_s0	Qwen3-8B/metamath/seed42	/dataset1/zailong/runs/peft-sft-lab/hns-step-grid-2x4-20260912/adapters/Qwen3-8B/metamath/hns_f0_s0	/dataset1/zailong/models/spectral-surgery/Qwen3-8B-MetaMathQA-50K-LoRA	False	True	84.53373768006065	/dataset1/zailong/workspace/peft-sft-lab/reports/hns_release_20260912/data/step_grid/manifests/qwen3_8b_score_manifest.json	/dataset1/zailong/workspace/peft-sft-lab/reports/hns_release_20260912/data/step_grid/manifests/qwen3_8b_variant_manifest.json	/dataset1/zailong/workspace/peft-sft-lab/reports/hns_release_20260912/data/step_grid/manifests/qwen3_8b_generation_manifest.json		84.53373768006065					0.37907505686125376			0.66272	0.25603	1.47014	0.1551	0.45778	0.66302	0.86989	2.72799	3.6119945307749077	7.135229790169331	3.4780495792592103	1.0	1.0	1.0	1.0	1.0	1.0	0.0	0.0	0.69214	0.60942	2.798580444530344	1.0	0.62349	0.73448	3.50257311471231	1.0	0.59117	0.73809	2.95482647214499	1.0	0.7098	0.61221	3.0094533222474316	1.0	0.68719	0.63874	3.191959271978457	1.0	0.64486	0.69995	2.490675432388743	1.0	0.70892	0.54252	1.7545513273775437	1.0	0.62372	0.68742	1.4254749420709176	1.0	0.79107	0.50778	2.1470498107885976	1.0	0.51019	0.83793	3.2892277237013423	1.0	0.67644	0.6968	2.8190702549028344	1.0	0.68383	0.6687	2.3121143350669318	1.0	0.0	0.0	0.0	0.0	0.0	0.0	0.0	0.0	0.0	0.0	3.8066243179812886e-07	0.0	0.0	0.0	0.0	0.0	0.0	0.0	0.0	0.0	0.0	0.0	0.0	0.0	0.0	0.0	0.0	0.0	0.0	0.0	0.0	0.0	0.0	0.0	0.0	0.0	0.0	0.0	0.0	0.0	0.0	0.0	0.0	0.0	0.0	0.0	0.0	0.0	0.0	0.0	0.0	0.0	0.0	0.0	0.0	0.0	0.0	0.0	0.0	0.0	0.0	0.0	0.0	0.0	0.0	0.0	0.0	/dataset1/zailong/workspace/peft-sft-lab/configs/hns_forgetting_2x4_20260911.json	10.91986	7.24021	0.7328	0.43485	-0.13485	3.62655	1.07858	0.66903	0.20475	1.81647	7.49031	0.15762	1.66872	1.69546	1.4379	1.68398	0.38677	2.93656	0.20925	0.04381	1.53318	1.14758	1.0	1.0	1.0	1.0	0.0	0.66272	0.0	-9.999999999621423e-06	0.0	0.0	0.0	1.0000000000065512e-05	0.0	0.0	0.0	0.0	1.0000000000065512e-05	1.0000000000065512e-05	0.0	0.0	-1.0000000000065512e-05	0.0	0.0	0.0	0.0	0.0	1.0000000000065512e-05	0.0	0.0	-2.0000000000131024e-05	-9.999999999982245e-06	1.31491	1.7969	0.86904	1.695	0.79849	1.0	1.0	0.0	0.0	0.0	0.0	0.0	0.0	0.0	0.0	0.0
hns_grid_target	Qwen3-8B	metamath	42	hns_f2_s0	metamath__hns_f2_s0	Qwen3-8B/metamath/seed42	/dataset1/zailong/runs/peft-sft-lab/hns-step-grid-2x4-20260912/adapters/Qwen3-8B/metamath/hns_f2_s0	/dataset1/zailong/models/spectral-surgery/Qwen3-8B-MetaMathQA-50K-LoRA	False	False	88.24867323730099	/dataset1/zailong/workspace/peft-sft-lab/reports/hns_release_20260912/data/step_grid/manifests/qwen3_8b_score_manifest.json	/dataset1/zailong/workspace/peft-sft-lab/reports/hns_release_20260912/data/step_grid/manifests/qwen3_8b_variant_manifest.json	/dataset1/zailong/workspace/peft-sft-lab/reports/hns_release_20260912/data/step_grid/manifests/qwen3_8b_generation_manifest.json		88.24867323730099					4.094010614101592			0.96714	0.893	9.65999	0.82867	0.93955	0.11689	0.40536	0.78348	3.1561019295673574	7.135229790169331	2.1261107936686368	0.63388	1.0	0.25874	0.04252	0.15134	0.41588	0.56954	0.75501	0.97484	0.10727	2.456947706182606	0.0405	0.95686	0.12971	3.0142473097062292	0.04291	0.95146	0.14238	2.3613594922975345	0.05581	0.97743	0.10159	2.626793657067753	0.03546	0.97252	0.10669	2.755773445080638	0.03754	0.97061	0.11421	2.0775555654161524	0.03504	0.97657	0.10621	1.4393078339523426	0.04572	0.96435	0.12237	0.9792121434013514	0.04014	0.98785	0.08628	1.930701456074116	0.05377	0.92387	0.17779	2.7238311511321602	0.04717	0.97063	0.1045	2.4462433479781103	0.03215	0.97609	0.10684	1.9518987049661793	0.03602	0.30442	0.63697	8.18985	0.67357	0.48177	-0.54613	-0.46453000000000005	-1.9445100000000002	-0.4558926012075504	0.0	-1.3519384049281418	-0.36612	0.0	-0.74126	-0.95748	-0.84866	-0.58412	0.56954	0.75501	0.28270000000000006	-0.50215	-0.3416327383477378	-0.9595	0.33337000000000006	-0.60477	-0.4883258050060806	-0.95709	0.36029	-0.59571	-0.5934669798474554	-0.94419	0.26763000000000003	-0.5106200000000001	-0.38265966517967875	-0.96454	0.2853300000000001	-0.53205	-0.4361858268978187	-0.96246	0.32575	-0.5857399999999999	-0.4131198669725906	-0.96496	0.26765000000000005	-0.43631	-0.3152434934252011	-0.95428	0.34063	-0.56505	-0.4462627986695662	-0.95986	0.19677999999999995	-0.4215	-0.21634835471448155	-0.94623	0.41367999999999994	-0.66014	-0.5653965725691821	-0.95283	0.29418999999999995	-0.5922999999999999	-0.3728269069247241	-0.96785	0.29225999999999996	-0.5618599999999999	-0.3602156301007524	-0.96398	/dataset1/zailong/workspace/peft-sft-lab/configs/hns_forgetting_2x4_20260911.json	15.69164	15.39779	0.98021	0.11205	-0.0433	14.85647	0.05489	0.17197	0.76357	0.51308	-1.02724	-0.17768	6.82991	3.65928	0.37605	2.75162	-3.78873	0.36398	2.29539	0.00547	0.19146	0.02628	1.0	1.0	1.0	0.41588	0.56954	0.96714	4.77178	8.15757	0.24741000000000002	-0.32280000000000003	0.09154999999999999	11.22993	-1.02369	-1.06185	-0.49706	0.55882	-1.30338	-2.57257	-0.03834	-1.34172	-1.12131	-0.58412	0.56954	0.30442	1.96382	5.1611899999999995	1.06765	-4.1755	2.08614	-8.51757	-0.33531	7.80716	10.47519	0.24271	6.39914	2.54705	0.28716	0.24161	0.29205	6.492249999999999	8.67829	-0.62633	4.70414	1.74856	-0.7128399999999999	-0.75839	0.29205
hns_grid_target	Qwen3-8B	metamath	42	hns_f2_s1	metamath__hns_f2_s1	Qwen3-8B/metamath/seed42	/dataset1/zailong/runs/peft-sft-lab/hns-step-grid-2x4-20260912/adapters/Qwen3-8B/metamath/hns_f2_s1	/dataset1/zailong/models/spectral-surgery/Qwen3-8B-MetaMathQA-50K-LoRA	False	False	88.24867323730099	/dataset1/zailong/workspace/peft-sft-lab/reports/hns_release_20260912/data/step_grid/manifests/qwen3_8b_score_manifest.json	/dataset1/zailong/workspace/peft-sft-lab/reports/hns_release_20260912/data/step_grid/manifests/qwen3_8b_variant_manifest.json	/dataset1/zailong/workspace/peft-sft-lab/reports/hns_release_20260912/data/step_grid/manifests/qwen3_8b_generation_manifest.json		88.24867323730099					4.094010614101592			0.99445	0.98196	14.51622	0.97119	0.98982	0.07501	0.28671	0.22961	3.1224547584926525	7.135229790169331	1.8432946291276493	0.61291	1.0	0.195	0.03456	0.11677	0.3885	0.59822	0.77373	0.99796	0.07111	2.43670355592231	0.04762	0.98978	0.0802	2.976123883517317	0.03202	0.98734	0.08351	2.3085934299119093	0.02904	0.99856	0.07006	2.6016534108659854	0.04057	0.99746	0.07145	2.724016980803727	0.03465	0.99806	0.07197	2.0519812152946306	0.03707	0.99885	0.07013	1.4178951432702604	0.05659	0.99518	0.07485	0.9492663524136142	0.03593	0.99974	0.06748	1.9193591400336307	0.07773	0.9786	0.09614	2.6694718027148023	0.02827	0.99621	0.0719	2.426737506457672	0.03968	0.99452	0.07257	1.9370492474717202	0.04335	0.33172999999999997	0.7259300000000001	13.04608	0.81609	0.5320400000000001	-0.58801	-0.58318	-2.49838	-0.4895397722822552	0.0	-1.6347545694691292	-0.38709000000000005	0.0	-0.8049999999999999	-0.96544	-0.88323	-0.6114999999999999	0.59822	0.77373	0.30582	-0.53831	-0.3618768886080339	-0.95238	0.36629	-0.65428	-0.5264492311949929	-0.96798	0.39617	-0.65458	-0.6462330422330806	-0.97096	0.28876	-0.54215	-0.4077999113814461	-0.95943	0.31027000000000005	-0.56729	-0.46794229117472996	-0.96535	0.35319999999999996	-0.62798	-0.4386942170941124	-0.96293	0.28993	-0.47239	-0.33665618410728326	-0.94341	0.3714599999999999	-0.6125700000000001	-0.4762085896573034	-0.96407	0.2086699999999999	-0.4403	-0.22769067075496685	-0.92227	0.46841	-0.74179	-0.61975592098654	-0.97173	0.31977	-0.6249	-0.3923327484451624	-0.96032	0.3106899999999999	-0.5961299999999999	-0.3750650875952115	-0.95665	/dataset1/zailong/workspace/peft-sft-lab/configs/hns_forgetting_2x4_20260911.json	15.99331	15.98669	0.99958	0.01489	-0.00564	15.97351	0.00124	0.02132	0.95188	0.07062	-0.06321	-0.10373	24.38331	23.83866	0.04379	18.6245	-22.36761	0.03682	12.76065	0.00113	0.03969	0.00378	1.0	1.0	1.0	0.3885	0.59822	0.99445	5.073449999999999	8.746469999999999	0.26678	-0.41996	0.12921	12.346969999999999	-1.0773400000000002	-1.39411	-0.64771	0.74713	-1.74584	-2.89973	-0.04268	-1.49349	-1.1438100000000002	-0.6114999999999999	0.59822	0.33172999999999997	22.1432	22.71459	16.940530000000003	-22.754379999999998	12.5514	-7.55354	-0.26136	6.80122	10.18026	0.30413	5.12976	2.47958	0.23662	0.19007	0.35476	5.48631	8.38336	-0.56491	3.43476	1.6810899999999998	-0.76338	-0.80993	0.35476
hns_grid_target	Qwen3-8B	metamath	42	hns_f2_s2	metamath__hns_f2_s2	Qwen3-8B/metamath/seed42	/dataset1/zailong/runs/peft-sft-lab/hns-step-grid-2x4-20260912/adapters/Qwen3-8B/metamath/hns_f2_s2	/dataset1/zailong/models/spectral-surgery/Qwen3-8B-MetaMathQA-50K-LoRA	False	False	88.24867323730099	/dataset1/zailong/workspace/peft-sft-lab/reports/hns_release_20260912/data/step_grid/manifests/qwen3_8b_score_manifest.json	/dataset1/zailong/workspace/peft-sft-lab/reports/hns_release_20260912/data/step_grid/manifests/qwen3_8b_variant_manifest.json	/dataset1/zailong/workspace/peft-sft-lab/reports/hns_release_20260912/data/step_grid/manifests/qwen3_8b_generation_manifest.json		88.24867323730099					4.094010614101592			0.99889	0.99632	15.95098	0.99404	0.99795	0.06416	0.25601	0.03901	3.116668107864009	7.135229790169331	1.7450842849605117	0.60937	1.0	0.17676	0.03114	0.10481	0.37436	0.62259	0.78906	0.99993	0.06291	2.4355553701789936	0.04781	0.9975	0.06583	2.9687503505055455	0.0279	0.99676	0.06675	2.2931223185547096	0.02146	0.99997	0.0628	2.599393300364014	0.03984	0.99992	0.06294	2.719636326708326	0.0325	0.99999	0.06277	2.0504335558537163	0.03636	1.0	0.06272	1.416894862085998	0.05715	0.99972	0.06347	0.9452280290546824	0.03354	1.0	0.06268	1.9190905749632297	0.0812	0.99479	0.06988	2.656870844031276	0.02206	0.99969	0.0633	2.4254874991801065	0.04041	0.99802	0.06431	1.935733496908618	0.04397	0.33616999999999997	0.74029	14.480839999999999	0.83894	0.54017	-0.5988600000000001	-0.61388	-2.68898	-0.4953264229108987	0.0	-1.7329649136362668	-0.39063000000000003	0.0	-0.82324	-0.96886	-0.89519	-0.62564	0.62259	0.78906	0.30779	-0.5465099999999999	-0.36302507435135034	-0.95219	0.37401000000000006	-0.66865	-0.5338227642067643	-0.9721	0.40559	-0.67134	-0.6617041535902803	-0.97854	0.29017000000000004	-0.5494100000000001	-0.4100600218834174	-0.96016	0.31273000000000006	-0.5758	-0.47232294527013075	-0.9675	0.35513000000000006	-0.63718	-0.44024187653502667	-0.96364	0.29108	-0.4798	-0.3376564652915457	-0.94285	0.376	-0.62395	-0.48024691301623523	-0.96646	0.20892999999999995	-0.4451	-0.22795923582536792	-0.9188000000000001	0.4845999999999999	-0.7680499999999999	-0.6323568796700663	-0.97794	0.3232499999999999	-0.6335	-0.39358275572272783	-0.9595899999999999	0.31418999999999997	-0.60439	-0.3763808381583138	-0.95603	/dataset1/zailong/workspace/peft-sft-lab/configs/hns_forgetting_2x4_20260911.json	16.0	15.99999	1.0	0.00031	-0.00012	15.99999	0.0	0.00052	0.99847	0.00147	1.167	0.18334	648.69454	656.79619	0.00152	896.38983	-687.35374	2e-05	246.97534	2e-05	0.00067	0.0	1.0	1.0	1.0	0.37436	0.62259	0.99889	5.08014	8.75977	0.2672	-0.43454000000000004	0.13473	12.37345	-1.07858	-1.43638	-0.66851	0.79372	-1.8149899999999999	-2.93653	-0.04379	-1.53251	-1.14759	-0.62564	0.62259	0.33616999999999997	655.10073	647.02582	894.7058599999999	-687.74051	246.76609	-6.32333	0.02571000000000001	6.56955	9.97834	0.31124	5.08755	2.40722	0.21878	0.16653	0.42059	5.254639999999999	8.181439999999998	-0.5578000000000001	3.39255	1.60873	-0.78122	-0.8334699999999999	0.42059
hns_grid_target	Qwen3-8B	metamath	42	hns_f4_s0	metamath__hns_f4_s0	Qwen3-8B/metamath/seed42	/dataset1/zailong/runs/peft-sft-lab/hns-step-grid-2x4-20260912/adapters/Qwen3-8B/metamath/hns_f4_s0	/dataset1/zailong/models/spectral-surgery/Qwen3-8B-MetaMathQA-50K-LoRA	False	False	88.24867323730099	/dataset1/zailong/workspace/peft-sft-lab/reports/hns_release_20260912/data/step_grid/manifests/qwen3_8b_score_manifest.json	/dataset1/zailong/workspace/peft-sft-lab/reports/hns_release_20260912/data/step_grid/manifests/qwen3_8b_variant_manifest.json	/dataset1/zailong/workspace/peft-sft-lab/reports/hns_release_20260912/data/step_grid/manifests/qwen3_8b_generation_manifest.json		88.24867323730099					4.094010614101592			0.98649	0.94873	10.46341	0.90482	0.97356	0.09512	0.35852	0.49324	3.1287134665335663	7.135229790169331	1.952308697074673	0.61676	1.0	0.21746	0.03085	0.10569	0.37663	0.62709	0.79192	0.9861	0.09623	2.449232553276503	0.04205	0.98701	0.09364	2.980232720680488	0.02868	0.98676	0.09511	2.301036106066542	0.02226	0.98624	0.09505	2.6126831245248603	0.03451	0.98647	0.09521	2.732454715562047	0.03465	0.9865	0.09889	2.064241792504063	0.03301	0.98521	0.09854	1.4317197085636781	0.048	0.9861	0.09747	0.9591512884447003	0.03038	0.98661	0.09002	1.9321409854091887	0.0693	0.98756	0.09693	2.6669392317225653	0.02635	0.98636	0.092	2.438963166380887	0.03387	0.9871	0.092	1.9478695347858228	0.03444	0.32377	0.6927	8.993269999999999	0.7497199999999999	0.5157799999999999	-0.5679000000000001	-0.5113700000000001	-2.23475	-0.48328106424134143	0.0	-1.5257405015221055	-0.38324	0.0	-0.78254	-0.96915	-0.8943099999999999	-0.62337	0.62709	0.79192	0.29396	-0.5131899999999999	-0.3493478912538408	-0.95795	0.36352000000000007	-0.6408400000000001	-0.5223403940318216	-0.97132	0.39559	-0.64298	-0.6537903660784479	-0.97774	0.27644	-0.5171600000000001	-0.39677019772257127	-0.96549	0.29928	-0.54353	-0.45950455641640975	-0.96535	0.34164000000000005	-0.6010599999999999	-0.4264336398846802	-0.96699	0.27629000000000004	-0.44398	-0.3228316188138656	-0.952	0.3623799999999999	-0.58995	-0.4663236536262173	-0.96962	0.19553999999999994	-0.41776	-0.21490882537940892	-0.9307	0.47736999999999996	-0.741	-0.622288491978777	-0.97365	0.30992	-0.6048	-0.3801070885219473	-0.96613	0.30326999999999993	-0.5767	-0.36424480028110895	-0.96556	/dataset1/zailong/workspace/peft-sft-lab/configs/hns_forgetting_2x4_20260911.json	15.78197	15.57517	0.98622	0.09313	-0.03545	15.17637	0.03935	0.14462	0.79704	0.42342	-1.30105	-0.14528	8.65447	4.20011	0.31249	3.10202	-4.11297	0.04661	1.33436	0.00038	0.01328	-0.01334	1.0	1.0	1.0	0.37663	0.62709	0.98649	4.8621099999999995	8.33495	0.25342	-0.34172	0.09939999999999999	11.54983	-1.03923	-1.12541	-0.52441	0.59229	-1.39304	-2.88994	-0.04343	-1.5199	-1.16093	-0.62337	0.62709	0.32377	2.50465	6.9857499999999995	1.41805	-4.49974	1.12511	-8.79138	-0.30291	7.75471	10.91529	0.26157	5.6795	2.38582	0.22654	0.17406	0.40968	6.4398	9.118390000000002	-0.60747	3.9844999999999997	1.5873299999999997	-0.77346	-0.82594	0.40968
hns_grid_target	Qwen3-8B	metamath	42	hns_f4_s1	metamath__hns_f4_s1	Qwen3-8B/metamath/seed42	/dataset1/zailong/runs/peft-sft-lab/hns-step-grid-2x4-20260912/adapters/Qwen3-8B/metamath/hns_f4_s1	/dataset1/zailong/models/spectral-surgery/Qwen3-8B-MetaMathQA-50K-LoRA	False	False	88.02122820318424	/dataset1/zailong/workspace/peft-sft-lab/reports/hns_release_20260912/data/step_grid/manifests/qwen3_8b_score_manifest.json	/dataset1/zailong/workspace/peft-sft-lab/reports/hns_release_20260912/data/step_grid/manifests/qwen3_8b_variant_manifest.json	/dataset1/zailong/workspace/peft-sft-lab/reports/hns_release_20260912/data/step_grid/manifests/qwen3_8b_generation_manifest.json		88.02122820318424					3.8665655799848366			0.99989	0.99956	15.34672	0.99914	0.99978	0.06517	0.25786	0.05268	3.1157497250215784	7.135229790169331	1.7499072655643313	0.60881	1.0	0.17761	0.03009	0.10184	0.37069	0.62927	0.79327	0.99989	0.0652	2.435643982300735	0.04696	0.99989	0.06513	2.9674848408385115	0.02681	0.99988	0.06528	2.288366365730631	0.01912	0.99989	0.06512	2.599478642220847	0.03915	0.9999	0.06511	2.719556289971972	0.03214	0.99989	0.06528	2.0505390674784776	0.03583	0.99988	0.06541	1.4170121451314484	0.05599	0.99989	0.0652	0.9451053125472203	0.03278	0.99991	0.06491	1.9191768374513896	0.07956	0.99987	0.06536	2.654557685230074	0.02095	0.9999	0.06501	2.4255372481924353	0.03949	0.9999	0.06502	1.9353870437942005	0.04256	0.33716999999999997	0.74353	13.876579999999999	0.84404	0.542	-0.59785	-0.6120300000000001	-2.67531	-0.4962448057533293	0.0	-1.7281419330324472	-0.39119000000000004	0.0	-0.82239	-0.96991	-0.89816	-0.62931	0.62927	0.79327	0.30774999999999997	-0.5442199999999999	-0.36293646222960874	-0.95304	0.37639999999999996	-0.66935	-0.5350882738737983	-0.97319	0.40871	-0.67281	-0.6664601064143589	-0.98088	0.29008999999999996	-0.5470900000000001	-0.40997468002658444	-0.96085	0.31271000000000004	-0.57363	-0.4724029820064848	-0.9678599999999999	0.35502999999999996	-0.63467	-0.4401363649102654	-0.96417	0.29096	-0.47711000000000003	-0.33753918224609536	-0.94401	0.3761699999999999	-0.62222	-0.48036962952369733	-0.96722	0.20883999999999991	-0.44287	-0.22787297333720802	-0.92044	0.48968	-0.77257	-0.6346700384712682	-0.97905	0.32345999999999997	-0.63179	-0.39353300671039904	-0.96051	0.31606999999999996	-0.60368	-0.3767272912727313	-0.95744	/dataset1/zailong/workspace/peft-sft-lab/configs/hns_forgetting_2x4_20260911.json	15.99829	15.99658	0.99989	0.00776	-0.00294	15.99319	0.00032	0.0114	0.97927	0.0364	-0.21556	-0.17048	63.57414	70.97606	0.01429	30.31302	-78.40984	0.00063	38.25022	1e-05	0.00037	-9e-05	1.0	1.0	1.0	0.37069	0.62927	0.99989	5.078430000000001	8.75636	0.26708999999999994	-0.42709	0.13191	12.36665	-1.07826	-1.42361	-0.65763	0.77452	-1.78006	-2.93592	-0.0438	-1.53281	-1.14768	-0.62931	0.62927	0.33716999999999997	69.2806	61.90542	28.629050000000003	-78.79661	38.04097	-7.70589	-0.32811	6.78533	10.06368	0.30485	5.01265	2.18313	0.21427	0.15821	0.45482	5.47042	8.26678	-0.56419	3.3176499999999995	1.3846399999999996	-0.78573	-0.84179	0.45482
hns_grid_target	Qwen3-8B	metamath	42	hns_f4_s2	metamath__hns_f4_s2	Qwen3-8B/metamath/seed42	/dataset1/zailong/runs/peft-sft-lab/hns-step-grid-2x4-20260912/adapters/Qwen3-8B/metamath/hns_f4_s2	/dataset1/zailong/models/spectral-surgery/Qwen3-8B-MetaMathQA-50K-LoRA	False	False	88.17285822592874	/dataset1/zailong/workspace/peft-sft-lab/reports/hns_release_20260912/data/step_grid/manifests/qwen3_8b_score_manifest.json	/dataset1/zailong/workspace/peft-sft-lab/reports/hns_release_20260912/data/step_grid/manifests/qwen3_8b_variant_manifest.json	/dataset1/zailong/workspace/peft-sft-lab/reports/hns_release_20260912/data/step_grid/manifests/qwen3_8b_generation_manifest.json		88.17285822592874					4.018195602729335			1.0	1.0	15.98736	1.0	1.0	0.06255	0.25011	0.0005	3.115642639592946	7.135229790169331	1.7297439618688455	0.60875	1.0	0.17407	0.03028	0.10203	0.37057	0.62943	0.79337	1.0	0.06255	2.4355399706250713	0.04779	1.0	0.06255	2.96737669439944	0.02688	1.0	0.06255	2.28823796790174	0.01906	1.0	0.06255	2.599370068513335	0.03977	1.0	0.06254	2.7194593719486004	0.03223	1.0	0.06255	2.0504271878817137	0.03636	1.0	0.06255	1.416891468274766	0.05715	1.0	0.06255	0.9449928305315165	0.03314	1.0	0.06254	1.9190903688998162	0.08127	1.0	0.06256	2.654439843433139	0.02063	1.0	0.06255	2.425437918624135	0.04035	1.0	0.06255	1.9352962505620595	0.04366	0.33728	0.74397	14.51722	0.8449	0.5422199999999999	-0.6004700000000001	-0.61978	-2.72749	-0.49635189118196177	0.0	-1.748305236727933	-0.39125	0.0	-0.82593	-0.96972	-0.89797	-0.6294299999999999	0.62943	0.79337	0.30786	-0.54687	-0.3630404739052726	-0.95221	0.37651	-0.67193	-0.5351964203128698	-0.97312	0.40883	-0.67554	-0.6665885042432498	-0.98094	0.2902	-0.54966	-0.4100832537340966	-0.96023	0.31281000000000003	-0.5761999999999999	-0.4724999000298564	-0.96777	0.35514	-0.6374	-0.44024824450702926	-0.96364	0.29108	-0.47997	-0.33765985910277774	-0.94285	0.37627999999999995	-0.62487	-0.4804821115394011	-0.96686	0.20892999999999995	-0.44524	-0.22795944188878137	-0.91873	0.48980999999999997	-0.7753699999999999	-0.6347878802682034	-0.97937	0.32355999999999996	-0.63425	-0.3936323362786993	-0.95965	0.31616999999999995	-0.60615	-0.3768180845048723	-0.95634	/dataset1/zailong/workspace/peft-sft-lab/configs/hns_forgetting_2x4_20260911.json	16.0	16.0	1.0	7e-05	-3e-05	16.0	0.0	0.00011	0.9996	0.00031	1.27837	0.22544		2948.72864	0.00034		-3493.96539	0.0	1278.32937	0.0	0.0	-0.0	1.0	1.0	1.0	0.37057	0.62943	1.0	5.08014	8.75978	0.2672	-0.43478	0.13482	12.37346	-1.07858	-1.43756	-0.66892	0.7948500000000001	-1.81615	-2.93655	-0.04381	-1.53318	-1.14759	-0.6294299999999999	0.62943	0.33728	2947.03318			-3494.35216	1278.1201199999998	-6.21196	0.06781000000000001	6.60921	9.98037	0.31067	4.85182	2.38471	0.21388	0.15742	0.45829	5.2943	8.18347	-0.55837	3.1568199999999997	1.58622	-0.78612	-0.84258	0.45829
hns_grid_target	Qwen3-8B	metamath	42	hns_f8_s0	metamath__hns_f8_s0	Qwen3-8B/metamath/seed42	/dataset1/zailong/runs/peft-sft-lab/hns-step-grid-2x4-20260912/adapters/Qwen3-8B/metamath/hns_f8_s0	/dataset1/zailong/models/spectral-surgery/Qwen3-8B-MetaMathQA-50K-LoRA	False	False	88.40030326004549	/dataset1/zailong/workspace/peft-sft-lab/reports/hns_release_20260912/data/step_grid/manifests/qwen3_8b_score_manifest.json	/dataset1/zailong/workspace/peft-sft-lab/reports/hns_release_20260912/data/step_grid/manifests/qwen3_8b_variant_manifest.json	/dataset1/zailong/workspace/peft-sft-lab/reports/hns_release_20260912/data/step_grid/manifests/qwen3_8b_generation_manifest.json		88.40030326004549					4.24564063684609			0.97983	0.92693	10.943	0.87208	0.96133	0.09137	0.36001	0.50487	3.135239932375384	7.135229790169331	1.9380967100988706	0.62079	1.0	0.21439	0.03138	0.10562	0.37669	0.63182	0.79499	0.97947	0.09243	2.455490265140018	0.04208	0.9803	0.08997	2.986852078232893	0.0293	0.97993	0.09129	2.3079302999888767	0.02251	0.9798	0.09138	2.619152424155548	0.03578	0.97975	0.09144	2.7388709309754624	0.0349	0.97881	0.09387	2.071408057276629	0.03278	0.97885	0.09498	1.4378032737554611	0.04871	0.97912	0.09354	0.9657479395334506	0.02907	0.98111	0.08731	1.937228529336752	0.0702	0.97962	0.09352	2.6746513271381818	0.02756	0.98062	0.08807	2.444153179527817	0.03289	0.98065	0.08831	1.953690995621041	0.03447	0.31711	0.6709	9.472859999999999	0.71698	0.5035499999999999	-0.57165	-0.5098800000000001	-2.22312	-0.47675459839952383	0.0	-1.539952488497908	-0.37921000000000005	0.0	-0.78561	-0.96862	-0.89438	-0.62331	0.63182	0.79499	0.28733	-0.51699	-0.3430901793903258	-0.95792	0.35680999999999996	-0.64451	-0.5157210364794169	-0.9707	0.38876	-0.6468	-0.6468961721561133	-0.97749	0.27	-0.52083	-0.3903008980918834	-0.96422	0.29256000000000004	-0.5473	-0.45308834100299444	-0.9651	0.33394999999999997	-0.60608	-0.41926737511211387	-0.96722	0.26993	-0.44754	-0.3167480536220826	-0.95129	0.35539999999999994	-0.5938800000000001	-0.459727002537467	-0.97093	0.19004	-0.42047	-0.20982128145184564	-0.9298	0.46943	-0.7444099999999999	-0.6145763965631605	-0.97244	0.30418	-0.60873	-0.3749170753750173	-0.96711	0.29682	-0.58039	-0.35842333944589067	-0.96553	/dataset1/zailong/workspace/peft-sft-lab/configs/hns_forgetting_2x4_20260911.json	15.67059	15.36601	0.97917	0.10959	-0.04194	14.80335	0.05672	0.19411	0.81023	0.47854	-1.75274	-0.19215	22.43121	3.30738	0.4334	2.60375	-3.85595	0.05112	7.8879	-0.00012	-0.00403	-0.01214	1.0	1.0	1.0	0.37669	0.63182	0.97983	4.750730000000001	8.125789999999999	0.24636999999999998	-0.32526	0.09290999999999999	11.17681	-1.02186	-1.0045	-0.47492	0.60548	-1.33792	-2.88543	-0.043930000000000004	-1.53721	-1.1597300000000001	-0.62331	0.63182	0.31711	1.6119200000000002	20.76249	0.9197799999999998	-4.24272	7.67865	-9.24307	-0.34978	7.80145	10.903	0.26296	5.69207	2.45013	0.22754	0.17537	0.406	6.48654	9.106100000000001	-0.60608	3.99707	1.65164	-0.77246	-0.82463	0.406
hns_grid_target	Qwen3-8B	metamath	42	hns_f8_s1	metamath__hns_f8_s1	Qwen3-8B/metamath/seed42	/dataset1/zailong/runs/peft-sft-lab/hns-step-grid-2x4-20260912/adapters/Qwen3-8B/metamath/hns_f8_s1	/dataset1/zailong/models/spectral-surgery/Qwen3-8B-MetaMathQA-50K-LoRA	False	False	88.55193328279	/dataset1/zailong/workspace/peft-sft-lab/reports/hns_release_20260912/data/step_grid/manifests/qwen3_8b_score_manifest.json	/dataset1/zailong/workspace/peft-sft-lab/reports/hns_release_20260912/data/step_grid/manifests/qwen3_8b_variant_manifest.json	/dataset1/zailong/workspace/peft-sft-lab/reports/hns_release_20260912/data/step_grid/manifests/qwen3_8b_generation_manifest.json		88.55193328279					4.397270659590603			0.99982	0.9993	15.26219	0.99861	0.99965	0.06549	0.26081	0.05577	3.115816018090514	7.135229790169331	1.7527247495061118	0.60885	1.0	0.17812	0.03024	0.10199	0.37104	0.62861	0.79285	0.99982	0.06557	2.435714639345564	0.04708	0.99983	0.06539	2.9675496275300444	0.02697	0.99982	0.06549	2.2884149468893105	0.01928	0.99983	0.06549	2.5995474207274403	0.03932	0.99983	0.0655	2.7196281052552567	0.03227	0.99981	0.06567	2.0506133828352113	0.03588	0.99982	0.06578	1.4170735587406043	0.05627	0.99982	0.06561	0.9451766178256145	0.03281	0.99984	0.06523	1.9192460303080907	0.07984	0.99982	0.0656	2.654620386969868	0.02113	0.99983	0.06526	2.4256015063428418	0.03963	0.99983	0.06531	1.935462024423137	0.04254	0.33710000000000007	0.74327	13.79205	0.84351	0.5418700000000001	-0.59753	-0.6090800000000001	-2.6722200000000003	-0.4961785126843936	0.0	-1.7253244490906667	-0.39115	0.0	-0.8218799999999999	-0.96976	-0.89801	-0.62896	0.62861	0.79285	0.30768000000000006	-0.54385	-0.36286580518477995	-0.95292	0.37634	-0.66909	-0.5350234871822654	-0.97303	0.40865000000000007	-0.6726	-0.6664115252556795	-0.98072	0.29003	-0.54672	-0.4099059015199913	-0.96068	0.31264000000000003	-0.57324	-0.4723311667232002	-0.96773	0.35495	-0.63428	-0.4400620495535317	-0.96412	0.29090000000000005	-0.47674	-0.33747776863693946	-0.94373	0.3761	-0.62181	-0.48029832424530317	-0.96719	0.2087699999999999	-0.44255	-0.22780378048050687	-0.92016	0.48963	-0.77233	-0.6346073367314742	-0.97887	0.32338999999999996	-0.63154	-0.3934687485599926	-0.96037	0.31599999999999995	-0.60339	-0.3766523106437947	-0.95746	/dataset1/zailong/workspace/peft-sft-lab/configs/hns_forgetting_2x4_20260911.json	15.99715	15.99431	0.99982	0.01051	-0.00397	15.98866	0.00053	0.01673	0.97647	0.04797	-1.18997	-0.19785	75.03682	44.53965	0.02297	19.94201	-39.38021	0.00078	29.12585	0.0	0.00011	-9e-05	1.0	1.0	1.0	0.37104	0.62861	0.99982	5.07729	8.754090000000001	0.26702000000000004	-0.42434	0.13088	12.362119999999999	-1.0780500000000002	-1.41493	-0.6523	0.77172	-1.76849	-2.93577	-0.04381	-1.53307	-1.14768	-0.62896	0.62861	0.33710000000000007	42.844190000000005	73.36810000000001	18.25804	-39.76698	28.9166	-8.6803	-0.35548	6.81227	10.1185	0.30135	4.99913	2.20947	0.21462	0.15885	0.45216	5.49736	8.3216	-0.56769	3.30413	1.41098	-0.78538	-0.8411500000000001	0.45216
hns_grid_target	Qwen3-8B	metamath	42	hns_f8_s2	metamath__hns_f8_s2	Qwen3-8B/metamath/seed42	/dataset1/zailong/runs/peft-sft-lab/hns-step-grid-2x4-20260912/adapters/Qwen3-8B/metamath/hns_f8_s2	/dataset1/zailong/models/spectral-surgery/Qwen3-8B-MetaMathQA-50K-LoRA	False	False	88.47611827141773	/dataset1/zailong/workspace/peft-sft-lab/reports/hns_release_20260912/data/step_grid/manifests/qwen3_8b_score_manifest.json	/dataset1/zailong/workspace/peft-sft-lab/reports/hns_release_20260912/data/step_grid/manifests/qwen3_8b_variant_manifest.json	/dataset1/zailong/workspace/peft-sft-lab/reports/hns_release_20260912/data/step_grid/manifests/qwen3_8b_generation_manifest.json		88.47611827141773					4.321455648218333			1.0	1.0	15.98865	1.0	1.0	0.06254	0.25012	0.00051	3.115642647835111	7.135229790169331	1.7296998811263555	0.60875	1.0	0.17406	0.03028	0.10203	0.37057	0.62944	0.79337	1.0	0.06254	2.435539982574144	0.04778	1.0	0.06254	2.9673767013620345	0.02688	1.0	0.06254	2.288237940113818	0.01906	1.0	0.06254	2.5993700709910716	0.03976	1.0	0.06254	2.719459399933783	0.03223	1.0	0.06254	2.0504272160040324	0.03635	1.0	0.06254	1.4168914723170127	0.05714	1.0	0.06254	0.9449928503118982	0.03314	1.0	0.06254	1.9190903615969528	0.08126	1.0	0.06254	2.65443983783458	0.02063	1.0	0.06254	2.4254379341968435	0.04035	1.0	0.06254	1.9352962875029593	0.04366	0.33728	0.74397	14.51851	0.8449	0.5422199999999999	-0.60048	-0.61977	-2.7274800000000003	-0.4963518829397966	0.0	-1.748349317470423	-0.39125	0.0	-0.82594	-0.96972	-0.89797	-0.6294299999999999	0.62944	0.79337	0.30786	-0.5468799999999999	-0.36304046195619977	-0.95222	0.37651	-0.67194	-0.5351964133502753	-0.97312	0.40883	-0.67555	-0.666588532031172	-0.98094	0.2902	-0.54967	-0.4100832512563599	-0.96024	0.31281000000000003	-0.5761999999999999	-0.4724998720446738	-0.96777	0.35514	-0.6374099999999999	-0.44024821638471057	-0.96365	0.29108	-0.47998	-0.337659855060531	-0.94286	0.37627999999999995	-0.62488	-0.48048209175901946	-0.96686	0.20892999999999995	-0.44524	-0.2279594491916448	-0.91874	0.48980999999999997	-0.7753899999999999	-0.6347878858667624	-0.97937	0.32355999999999996	-0.6342599999999999	-0.39363232070599086	-0.95965	0.31616999999999995	-0.6061599999999999	-0.3768180475639724	-0.95634	/dataset1/zailong/workspace/peft-sft-lab/configs/hns_forgetting_2x4_20260911.json	16.0	16.0	1.0	9e-05	-3e-05	16.0	0.0	0.00013	0.99965	0.0004	-0.0769	0.10534		2945.79257	0.00034	2638.50397	-3359.33882	0.0	1177.02138	0.0	0.0	0.0	1.0	1.0	1.0	0.37057	0.62944	1.0	5.08014	8.75978	0.2672	-0.43476000000000004	0.13482	12.37346	-1.07858	-1.43756	-0.6689	0.7949	-1.81606	-2.93655	-0.04381	-1.53318	-1.14759	-0.6294299999999999	0.62944	0.33728	2944.09711		2636.82	-3359.72559	1176.8121299999998	-7.56723	-0.05228999999999999	6.6097	9.97903	0.31071	4.85184	2.38511	0.21388	0.15742	0.45828	5.29479	8.18213	-0.55833	3.15684	1.58662	-0.78612	-0.84258	0.45828
hns_grid_target	Qwen3-8B	tulu	42	original_lora	tulu__original_lora	Qwen3-8B/tulu/seed42	/dataset1/zailong/models/spectral-surgery/Qwen3-8B-InstructionFollowing-LoRA	/dataset1/zailong/models/spectral-surgery/Qwen3-8B-InstructionFollowing-LoRA	True	False	67.65249537892791	/dataset1/zailong/workspace/peft-sft-lab/reports/hns_release_20260912/data/step_grid/manifests/qwen3_8b_score_manifest.json	/dataset1/zailong/workspace/peft-sft-lab/reports/hns_release_20260912/data/step_grid/manifests/qwen3_8b_variant_manifest.json	/dataset1/zailong/workspace/peft-sft-lab/reports/hns_release_20260912/data/step_grid/manifests/qwen3_8b_generation_manifest.json			67.65249537892791				0.0			0.73692	0.34242	1.95678	0.21044	0.55302	0.53309	0.82697	2.4136	3.8810910240248675	7.621049208987653	3.568065924875776	1.0	1.0	1.0	1.0	1.0	1.0	0.0	0.0	0.73499	0.51637	3.079587882748971	1.0	0.73949	0.5554	3.7687120524997266	1.0	0.67971	0.61376	3.232819339313533	1.0	0.76406	0.49681	3.235787186446281	1.0	0.767	0.48871	3.483413551150894	1.0	0.75756	0.49555	2.672227474313993	1.0	0.7328	0.48534	2.0039914656476996	1.0	0.64936	0.61341	1.8257008644332717	1.0	0.80025	0.47116	2.567987273660722	1.0	0.74486	0.58021	3.3709686801321608	1.0	0.80642	0.47522	3.187913872055376	1.0	0.66721	0.61077	3.046013275418936	1.0	0.0	0.0	0.0	0.0	0.0	0.0	0.0	0.0	0.0	0.0	0.0	0.0	0.0	0.0	0.0	0.0	0.0	0.0	0.0	0.0	0.0	0.0	0.0	0.0	0.0	0.0	0.0	0.0	0.0	0.0	0.0	0.0	0.0	0.0	0.0	0.0	0.0	0.0	0.0	0.0	0.0	0.0	0.0	0.0	0.0	0.0	0.0	0.0	0.0	0.0	0.0	0.0	0.0	0.0	0.0	0.0	0.0	0.0	0.0	0.0	0.0	0.0	0.0	0.0	0.0	0.0	0.0	/dataset1/zailong/workspace/peft-sft-lab/configs/hns_forgetting_2x4_20260911.json	12.09952	9.04429	0.78146	0.38737	-0.12882	5.30071	0.80519	0.60738	0.2627	1.65461	4.50301	0.12338	1.69845	1.7185	1.39178	1.69847	0.80774	2.27669	0.22859	0.0436	1.52608	-0.32992	1.0	1.0	1.0	1.0	0.0	0.73692	0.0	0.0	0.0	0.0	0.0	0.0	0.0	0.0	0.0	0.0	0.0	0.0	0.0	0.0	0.0	0.0	0.0	0.0	0.0	0.0	0.0	0.0	0.0	0.0	0.0	2.20155	3.24083	0.63866	1.74044	0.98213	1.0	1.0	0.0	0.0	0.0	0.0	0.0	0.0	0.0	0.0	0.0
hns_grid_target	Qwen3-8B	tulu	42	hns_f0_s0	tulu__hns_f0_s0	Qwen3-8B/tulu/seed42	/dataset1/zailong/runs/peft-sft-lab/hns-step-grid-2x4-20260912/adapters/Qwen3-8B/tulu/hns_f0_s0	/dataset1/zailong/models/spectral-surgery/Qwen3-8B-InstructionFollowing-LoRA	False	True	67.65249537892791	/dataset1/zailong/workspace/peft-sft-lab/reports/hns_release_20260912/data/step_grid/manifests/qwen3_8b_score_manifest.json	/dataset1/zailong/workspace/peft-sft-lab/reports/hns_release_20260912/data/step_grid/manifests/qwen3_8b_variant_manifest.json	/dataset1/zailong/workspace/peft-sft-lab/reports/hns_release_20260912/data/step_grid/manifests/qwen3_8b_generation_manifest.json			67.65249537892791				0.0			0.73692	0.34242	1.95677	0.21044	0.55302	0.53309	0.82697	2.4136	3.8810910240248675	7.621049208987653	3.5680669748181413	1.0	1.0	1.0	1.0	1.0	1.0	0.0	0.0	0.73499	0.51637	3.079587882748971	1.0	0.73949	0.5554	3.7687120524997266	1.0	0.67971	0.61376	3.232819339313533	1.0	0.76406	0.49681	3.235787186446281	1.0	0.767	0.48871	3.483413551150894	1.0	0.75756	0.49555	2.672227474313993	1.0	0.7328	0.48534	2.0039914656476996	1.0	0.64936	0.61341	1.8257008644332717	1.0	0.80025	0.47116	2.567987273660722	1.0	0.74486	0.58021	3.3709686801321608	1.0	0.80642	0.47522	3.187913872055376	1.0	0.66721	0.61077	3.046013275418936	1.0	0.0	0.0	-1.0000000000065512e-05	0.0	0.0	0.0	0.0	0.0	0.0	0.0	1.0499423654941609e-06	0.0	0.0	0.0	0.0	0.0	0.0	0.0	0.0	0.0	0.0	0.0	0.0	0.0	0.0	0.0	0.0	0.0	0.0	0.0	0.0	0.0	0.0	0.0	0.0	0.0	0.0	0.0	0.0	0.0	0.0	0.0	0.0	0.0	0.0	0.0	0.0	0.0	0.0	0.0	0.0	0.0	0.0	0.0	0.0	0.0	0.0	0.0	0.0	0.0	0.0	0.0	0.0	0.0	0.0	0.0	0.0	/dataset1/zailong/workspace/peft-sft-lab/configs/hns_forgetting_2x4_20260911.json	12.09952	9.04428	0.78146	0.38737	-0.12882	5.30071	0.80519	0.60738	0.2627	1.65461	4.50304	0.12338	1.69845	1.71851	1.39178	1.69847	0.80775	2.27669	0.22859	0.0436	1.52608	-0.32991	1.0	1.0	1.0	1.0	0.0	0.73692	0.0	-9.999999999621423e-06	0.0	0.0	0.0	0.0	0.0	0.0	0.0	0.0	0.0	0.0	0.0	0.0	1.0000000000010001e-05	0.0	0.0	0.0	1.0000000000065512e-05	0.0	0.0	9.99999999995449e-06	0.0	3.0000000000640625e-05	0.0	2.20155	3.24083	0.63866	1.74044	0.98213	1.0	1.0	0.0	0.0	0.0	0.0	0.0	0.0	0.0	0.0	0.0
hns_grid_target	Qwen3-8B	tulu	42	hns_f2_s0	tulu__hns_f2_s0	Qwen3-8B/tulu/seed42	/dataset1/zailong/runs/peft-sft-lab/hns-step-grid-2x4-20260912/adapters/Qwen3-8B/tulu/hns_f2_s0	/dataset1/zailong/models/spectral-surgery/Qwen3-8B-InstructionFollowing-LoRA	False	False	70.0554528650647	/dataset1/zailong/workspace/peft-sft-lab/reports/hns_release_20260912/data/step_grid/manifests/qwen3_8b_score_manifest.json	/dataset1/zailong/workspace/peft-sft-lab/reports/hns_release_20260912/data/step_grid/manifests/qwen3_8b_variant_manifest.json	/dataset1/zailong/workspace/peft-sft-lab/reports/hns_release_20260912/data/step_grid/manifests/qwen3_8b_generation_manifest.json			70.0554528650647				2.402957486136785			0.9786	0.92845	10.74906	0.87853	0.96063	0.1	0.36975	0.65654	3.6188054912737675	7.621049208987653	2.421101104022493	0.76929	1.0	0.3176	0.04655	0.14994	0.55199	0.48516	0.69845	0.98031	0.10018	2.8203849099089418	0.04947	0.97631	0.09976	3.5056466466233247	0.04587	0.96983	0.11189	2.8621396545592592	0.03786	0.98307	0.09432	3.008221127376657	0.05158	0.9829	0.09379	3.256939893846502	0.05071	0.98477	0.09373	2.4007112130022064	0.04691	0.98055	0.10282	1.7211369981944202	0.05288	0.96926	0.11792	1.4427940666472963	0.03541	0.98667	0.08624	2.353971855192684	0.05599	0.97852	0.09567	3.0981091172861	0.04007	0.98346	0.08744	3.001228903231175	0.06152	0.96694	0.11616	2.6824673904555825	0.0409	0.24168	0.58603	8.79228	0.6680900000000001	0.40761000000000003	-0.43309	-0.45721999999999996	-1.75706	-0.2622855327511	0.0	-1.1469648208532828	-0.23070999999999997	0.0	-0.6824	-0.95345	-0.85006	-0.44801	0.48516	0.69845	0.24531999999999998	-0.41619	-0.25920297284002913	-0.95053	0.23682000000000003	-0.45564	-0.2630654058764019	-0.95413	0.29011999999999993	-0.5018699999999999	-0.3706796847542737	-0.96214	0.21901000000000004	-0.40248999999999996	-0.2275660590696238	-0.94842	0.21589999999999998	-0.39492	-0.22647365730439173	-0.94929	0.22721000000000002	-0.40182	-0.2715162613117865	-0.95309	0.24775000000000003	-0.38251999999999997	-0.28285446745327936	-0.94712	0.31989999999999996	-0.49549	-0.3829067977859755	-0.9645900000000001	0.18642000000000003	-0.38492000000000004	-0.2140154184680383	-0.94401	0.23365999999999998	-0.48453999999999997	-0.27285956284606083	-0.95993	0.17703999999999998	-0.38777999999999996	-0.18668496882420094	-0.93848	0.29973000000000005	-0.49461000000000005	-0.3635458849633535	-0.9591	/dataset1/zailong/workspace/peft-sft-lab/configs/hns_forgetting_2x4_20260911.json	15.76293	15.54993	0.98468	0.09669	-0.03771	15.14414	0.04002	0.14571	0.80724	0.45531	-1.00632	-0.19532	9.71652	4.45997	0.28902	3.07582	-2.3523	0.14556	3.04363	0.00305	0.10687	-0.05586	1.0	1.0	1.0	0.55199	0.48516	0.9786	3.6634100000000007	6.50564	0.20321999999999996	-0.29068	0.09111	9.843430000000001	-0.7651699999999999	-1.10276	-0.46167	0.54454	-1.1993	-2.1311299999999997	-0.04055	-1.41921	0.27405999999999997	-0.44801	0.48516	0.24168	2.7414700000000005	8.01807	1.3773500000000003	-3.16004	2.8150399999999998	-5.50933	-0.3187	10.401	12.52507	0.17237	2.82956	0.13368	0.4223	0.30549	0.47669	8.199449999999999	9.28424	-0.46629	1.0891199999999999	-0.8484499999999999	-0.5777	-0.69451	0.47669
hns_grid_target	Qwen3-8B	tulu	42	hns_f2_s1	tulu__hns_f2_s1	Qwen3-8B/tulu/seed42	/dataset1/zailong/runs/peft-sft-lab/hns-step-grid-2x4-20260912/adapters/Qwen3-8B/tulu/hns_f2_s1	/dataset1/zailong/models/spectral-surgery/Qwen3-8B-InstructionFollowing-LoRA	False	False	70.79482439926062	/dataset1/zailong/workspace/peft-sft-lab/reports/hns_release_20260912/data/step_grid/manifests/qwen3_8b_score_manifest.json	/dataset1/zailong/workspace/peft-sft-lab/reports/hns_release_20260912/data/step_grid/manifests/qwen3_8b_variant_manifest.json	/dataset1/zailong/workspace/peft-sft-lab/reports/hns_release_20260912/data/step_grid/manifests/qwen3_8b_generation_manifest.json			70.79482439926062				3.14232902033271			0.99752	0.99321	14.66605	0.98952	0.99585	0.07017	0.27223	0.14849	3.6043597629138855	7.621049208987653	2.265330094686337	0.75826	1.0	0.27179	0.06518	0.17542	0.5735	0.42795	0.65419	0.99911	0.06931	2.8057819741258054	0.06945	0.9954	0.07131	3.491240836988156	0.06419	0.99388	0.07326	2.8413450833951788	0.04386	0.99938	0.06858	2.99572084831857	0.07657	0.99929	0.06867	3.2441703631610466	0.07596	0.99965	0.06849	2.386503414716768	0.0664	0.99933	0.06919	1.703098272111077	0.06773	0.99776	0.0719	1.4153829803760978	0.04455	0.99971	0.06768	2.3419380988763936	0.08167	0.99709	0.0704	3.0841787955284294	0.05941	0.99893	0.06829	2.989418200684005	0.08922	0.99016	0.07526	2.662010590647	0.04826	0.26059999999999994	0.65079	12.70927	0.77908	0.44283000000000006	-0.46291999999999994	-0.55474	-2.26511	-0.276731261110982	0.0	-1.3027358301894387	-0.24173999999999995	0.0	-0.72821	-0.93482	-0.82458	-0.4265	0.42795	0.65419	0.26412	-0.44706	-0.27380590862316545	-0.93055	0.25590999999999997	-0.48409	-0.2774712155115706	-0.93581	0.31416999999999995	-0.5405	-0.39147425591835416	-0.95614	0.23532000000000008	-0.42823	-0.24006633812771083	-0.92343	0.23229	-0.42003999999999997	-0.23924318798984734	-0.92404	0.24209000000000003	-0.42706	-0.285724059597225	-0.9336	0.26653000000000004	-0.41615	-0.3008931935366226	-0.93227	0.34839999999999993	-0.54151	-0.41031788405717395	-0.95545	0.19945999999999997	-0.40348	-0.2260491747843285	-0.91833	0.25223000000000007	-0.50981	-0.28678988460373134	-0.94059	0.19250999999999996	-0.40692999999999996	-0.1984956713713708	-0.91078	0.32295000000000007	-0.53551	-0.3840026847719358	-0.95174	/dataset1/zailong/workspace/peft-sft-lab/configs/hns_forgetting_2x4_20260911.json	15.99546	15.99091	0.99972	0.0132	-0.00497	15.98183	0.00085	0.01933	0.95706	0.05971	-0.10155	-0.06351	26.3911	24.44732	0.04265	22.45561	-15.42406	0.00403	10.99683	0.00011	0.00383	-0.00031	1.0	1.0	1.0	0.5735	0.42795	0.99752	3.8959399999999995	6.946619999999999	0.21826	-0.37417	0.12384999999999999	10.68112	-0.8043399999999999	-1.34913	-0.5880500000000001	0.6943600000000001	-1.5949	-2.2726599999999997	-0.04349	-1.52225	0.32961	-0.4265	0.42795	0.26059999999999994	22.728820000000002	24.69265	20.75714	-16.2318	10.768239999999999	-4.604559999999999	-0.18689	9.92903	12.37781	0.19532	2.65045	0.75195	0.42615	0.33079	0.39748	7.727479999999999	9.136980000000001	-0.44334	0.9100100000000002	-0.23017999999999994	-0.57385	-0.6692100000000001	0.39748
hns_grid_target	Qwen3-8B	tulu	42	hns_f2_s2	tulu__hns_f2_s2	Qwen3-8B/tulu/seed42	/dataset1/zailong/runs/peft-sft-lab/hns-step-grid-2x4-20260912/adapters/Qwen3-8B/tulu/hns_f2_s2	/dataset1/zailong/models/spectral-surgery/Qwen3-8B-InstructionFollowing-LoRA	False	False	70.0554528650647	/dataset1/zailong/workspace/peft-sft-lab/reports/hns_release_20260912/data/step_grid/manifests/qwen3_8b_score_manifest.json	/dataset1/zailong/workspace/peft-sft-lab/reports/hns_release_20260912/data/step_grid/manifests/qwen3_8b_variant_manifest.json	/dataset1/zailong/workspace/peft-sft-lab/reports/hns_release_20260912/data/step_grid/manifests/qwen3_8b_generation_manifest.json			70.0554528650647				2.402957486136785			0.99925	0.9981	15.95261	0.99753	0.99877	0.06323	0.2526	0.01557	3.603426671981035	7.621049208987653	2.2204610424984494	0.75755	1.0	0.25986	0.06729	0.17833	0.57436	0.42516	0.65204	0.99999	0.06271	2.805336554299271	0.07183	0.99825	0.06391	3.4901838633638325	0.06624	0.99775	0.06428	2.8384606377707366	0.04337	1.0	0.06269	2.9953618049538835	0.08003	0.99999	0.06271	3.243757702549947	0.07942	1.0	0.06269	2.386167076622743	0.06892	1.0	0.06269	1.7024999851355078	0.06897	0.99997	0.06278	1.4134431255951967	0.04412	1.0	0.06268	2.3416498868914077	0.08512	0.9997	0.06315	3.08329357371441	0.06187	0.99999	0.06275	2.9889529930118806	0.09302	0.99508	0.06585	2.659411907186111	0.04787	0.26232999999999995	0.65568	13.99583	0.7870900000000001	0.4457500000000001	-0.46985999999999994	-0.57437	-2.3980300000000003	-0.27766435204383244	0.0	-1.3476048823773263	-0.24245000000000005	0.0	-0.74014	-0.93271	-0.82167	-0.42564	0.42516	0.65204	0.265	-0.45366	-0.2742513284496999	-0.9281699999999999	0.25876	-0.49149	-0.27852818913589417	-0.93376	0.31804	-0.54948	-0.3943587015427963	-0.95663	0.23594000000000004	-0.43411999999999995	-0.24042538149239734	-0.91997	0.23299000000000003	-0.426	-0.2396558486009468	-0.92058	0.24244	-0.43286	-0.2860603976912497	-0.93108	0.2672	-0.42264999999999997	-0.30149148051219177	-0.93103	0.35061	-0.55063	-0.41225773883807504	-0.95588	0.19974999999999998	-0.40848	-0.22633738676931436	-0.91488	0.25484000000000007	-0.51706	-0.28767510641775074	-0.93813	0.19357000000000002	-0.41247	-0.19896087904349535	-0.90698	0.32787	-0.5449200000000001	-0.38660136823282487	-0.95213	/dataset1/zailong/workspace/peft-sft-lab/configs/hns_forgetting_2x4_20260911.json	16.0	15.99999	1.0	0.00029	-0.00011	15.99999	0.0	0.00048	0.99852	0.00134	0.99513	0.20989	649.40287	691.45402	0.00145	947.29569	-480.64794	0.0	251.65564	-0.0	-0.0	0.0	1.0	1.0	1.0	0.57436	0.42516	0.99925	3.90048	6.9557	0.21853999999999996	-0.38708	0.12871	10.699280000000002	-0.80519	-1.39033	-0.6069	0.7358199999999999	-1.65327	-2.27669	-0.0436	-1.52608	0.32992	-0.42564	0.42516	0.26232999999999995	689.7355200000001	647.70442	945.59722	-481.45568000000003	251.42705	-3.5078799999999997	0.08650999999999999	9.89559	12.3569	0.19947	2.65583	0.73414	0.4254	0.33087	0.39506	7.69404	9.11607	-0.43918999999999997	0.9153899999999999	-0.24798999999999993	-0.5746	-0.66913	0.39506
hns_grid_target	Qwen3-8B	tulu	42	hns_f4_s0	tulu__hns_f4_s0	Qwen3-8B/tulu/seed42	/dataset1/zailong/runs/peft-sft-lab/hns-step-grid-2x4-20260912/adapters/Qwen3-8B/tulu/hns_f4_s0	/dataset1/zailong/models/spectral-surgery/Qwen3-8B-InstructionFollowing-LoRA	False	False	71.34935304990758	/dataset1/zailong/workspace/peft-sft-lab/reports/hns_release_20260912/data/step_grid/manifests/qwen3_8b_score_manifest.json	/dataset1/zailong/workspace/peft-sft-lab/reports/hns_release_20260912/data/step_grid/manifests/qwen3_8b_variant_manifest.json	/dataset1/zailong/workspace/peft-sft-lab/reports/hns_release_20260912/data/step_grid/manifests/qwen3_8b_generation_manifest.json			71.34935304990758				3.696857670979668			0.98608	0.94752	10.72413	0.90328	0.97284	0.09398	0.35834	0.49225	3.6165534858061985	7.621049208987653	2.420663475881578	0.76756	1.0	0.31746	0.05215	0.15681	0.54933	0.4878	0.70035	0.98596	0.09484	2.8188684253822633	0.05758	0.98623	0.09282	3.503207665557314	0.05089	0.98589	0.09628	2.8508707195653327	0.03198	0.9859	0.09262	3.0086224818423997	0.06285	0.98644	0.09303	3.2571214227517764	0.06239	0.98624	0.09199	2.3996450399887315	0.05338	0.98473	0.0972	1.7176256223101	0.05754	0.98643	0.09996	1.4271371389211243	0.03217	0.98645	0.09021	2.3547705887277717	0.07094	0.98668	0.09018	3.096265163415457	0.04265	0.98628	0.09229	3.0025095528901975	0.08231	0.98574	0.09599	2.67152638382581	0.03486	0.24915999999999994	0.6051	8.76735	0.69284	0.4198200000000001	-0.43910999999999994	-0.46863	-1.9213500000000001	-0.264537538218669	0.0	-1.1474024489941979	-0.23243999999999998	0.0	-0.6825399999999999	-0.94785	-0.84319	-0.45067	0.4878	0.70035	0.2509699999999999	-0.42153	-0.26071945736670754	-0.94242	0.24674000000000007	-0.46258	-0.26550438694241274	-0.94911	0.30618	-0.5174799999999999	-0.38194861974820027	-0.96802	0.22184000000000004	-0.40419	-0.22716470460388116	-0.93715	0.21943999999999997	-0.39568	-0.2262921283991175	-0.93761	0.22868	-0.40356	-0.2725824343252614	-0.94662	0.25193	-0.38814	-0.2863658433375995	-0.94246	0.33707	-0.51345	-0.39856372551214747	-0.96783	0.18620000000000003	-0.38095	-0.21321668493295043	-0.92906	0.24182000000000003	-0.49003	-0.2747035167167038	-0.95735	0.17986000000000002	-0.38293	-0.1854043191651784	-0.91769	0.31853	-0.51478	-0.3744868915931261	-0.96514	/dataset1/zailong/workspace/peft-sft-lab/configs/hns_forgetting_2x4_20260911.json	15.78248	15.57736	0.98611	0.09327	-0.03562	15.17748	0.03906	0.14803	0.80683	0.42371	-1.39087	-0.16553	10.17854	4.16194	0.31626	3.03187	-2.04463	0.04389	1.61572	0.00026	0.00904	-0.01057	1.0	1.0	1.0	0.54933	0.4878	0.98608	3.6829599999999996	6.53307	0.20465	-0.2941	0.09319999999999999	9.87677	-0.76613	-1.07552	-0.45935000000000004	0.54413	-1.2308999999999999	-2.2327999999999997	-0.04334	-1.5170400000000002	0.31934999999999997	-0.45067	0.4878	0.24915999999999994	2.4434400000000007	8.48009	1.3334000000000001	-2.85237	1.38713	-5.893879999999999	-0.28891	10.22017	12.58234	0.18487	2.25601	0.68956	0.41384	0.30508	0.45653	8.018619999999999	9.34151	-0.45379	0.5155699999999999	-0.29257	-0.58616	-0.69492	0.45653
hns_grid_target	Qwen3-8B	tulu	42	hns_f4_s1	tulu__hns_f4_s1	Qwen3-8B/tulu/seed42	/dataset1/zailong/runs/peft-sft-lab/hns-step-grid-2x4-20260912/adapters/Qwen3-8B/tulu/hns_f4_s1	/dataset1/zailong/models/spectral-surgery/Qwen3-8B-InstructionFollowing-LoRA	False	False	70.24029574861368	/dataset1/zailong/workspace/peft-sft-lab/reports/hns_release_20260912/data/step_grid/manifests/qwen3_8b_score_manifest.json	/dataset1/zailong/workspace/peft-sft-lab/reports/hns_release_20260912/data/step_grid/manifests/qwen3_8b_variant_manifest.json	/dataset1/zailong/workspace/peft-sft-lab/reports/hns_release_20260912/data/step_grid/manifests/qwen3_8b_generation_manifest.json			70.24029574861368				2.587800369685766			0.99989	0.99955	15.37274	0.99911	0.99977	0.06514	0.25791	0.05255	3.6032687025811345	7.621049208987653	2.236543598022069	0.75743	1.0	0.26407	0.06525	0.17467	0.57113	0.43144	0.65685	0.99989	0.06514	2.8054324277931317	0.07013	0.99988	0.06513	3.489961350469717	0.06411	0.99986	0.06529	2.8374031346359248	0.04118	0.99989	0.06507	2.9954536027130816	0.07786	0.9999	0.06504	3.2438472233136024	0.07756	0.9999	0.06502	2.3862642257243896	0.06731	0.99988	0.06537	1.7026189443434934	0.06735	0.99989	0.06528	1.4135368710282676	0.04276	0.99991	0.06488	2.341738268647224	0.08317	0.99991	0.06503	3.0833114904229673	0.05965	0.9999	0.06499	2.989042090815405	0.09116	0.99982	0.06537	2.658024102256639	0.04562	0.2629699999999999	0.65713	13.41596	0.7886700000000001	0.4467500000000001	-0.46795	-0.56906	-2.36105	-0.277822321443733	0.0	-1.3315223268537069	-0.24256999999999995	0.0	-0.73593	-0.93475	-0.82533	-0.42887	0.43144	0.65685	0.2648999999999999	-0.45123	-0.27415545495583915	-0.92987	0.26039	-0.49027	-0.27875070203000973	-0.93589	0.32014999999999993	-0.54847	-0.3954162046776082	-0.95882	0.23582999999999998	-0.43173999999999996	-0.24033358373319924	-0.92214	0.2329	-0.42367	-0.23956632783729148	-0.92244	0.24234	-0.43052999999999997	-0.2859632485896033	-0.93269	0.26708	-0.41997	-0.3013725213042062	-0.93265	0.3505299999999999	-0.54813	-0.4121639934050041	-0.95724	0.19965999999999995	-0.40628000000000003	-0.2262490050134982	-0.91683	0.25505	-0.51518	-0.2876571897091935	-0.94035	0.19347999999999999	-0.41023	-0.19887178123997096	-0.90884	0.3326100000000001	-0.5454	-0.3879891731622971	-0.95438	/dataset1/zailong/workspace/peft-sft-lab/configs/hns_forgetting_2x4_20260911.json	15.99832	15.99666	0.99989	0.00768	-0.00291	15.99335	0.00031	0.01101	0.98011	0.03633	-0.166	-0.16935	61.30352	68.791	0.01475	31.69815	-47.20254	0.00065	27.07575	0.0	0.00016	-3e-05	1.0	1.0	1.0	0.57113	0.43144	0.99989	3.8987999999999996	6.95237	0.2184299999999999	-0.37968999999999997	0.12591	10.69264	-0.8048799999999999	-1.37703	-0.5963700000000001	0.7174100000000001	-1.61828	-2.27604	-0.0436	-1.5259200000000002	0.32989	-0.42887	0.43144	0.2629699999999999	67.07249999999999	59.60507	29.999679999999998	-48.01028	26.84716	-4.66901	-0.29273	10.02516	12.47275	0.19532	2.70957	0.74391	0.42299	0.32751	0.40052	7.8236099999999995	9.231919999999999	-0.44334	0.9691299999999998	-0.23822	-0.57701	-0.67249	0.40052
hns_grid_target	Qwen3-8B	tulu	42	hns_f4_s2	tulu__hns_f4_s2	Qwen3-8B/tulu/seed42	/dataset1/zailong/runs/peft-sft-lab/hns-step-grid-2x4-20260912/adapters/Qwen3-8B/tulu/hns_f4_s2	/dataset1/zailong/models/spectral-surgery/Qwen3-8B-InstructionFollowing-LoRA	False	False	70.42513863216267	/dataset1/zailong/workspace/peft-sft-lab/reports/hns_release_20260912/data/step_grid/manifests/qwen3_8b_score_manifest.json	/dataset1/zailong/workspace/peft-sft-lab/reports/hns_release_20260912/data/step_grid/manifests/qwen3_8b_variant_manifest.json	/dataset1/zailong/workspace/peft-sft-lab/reports/hns_release_20260912/data/step_grid/manifests/qwen3_8b_generation_manifest.json			70.42513863216267				2.7726432532347616			1.0	1.0	15.98752	1.0	1.0	0.06255	0.2501	0.00049	3.6031706804389265	7.621049208987653	2.217220358980933	0.75736	1.0	0.25902	0.06706	0.17768	0.57361	0.42637	0.65297	1.0	0.06255	2.8053348412208887	0.07187	1.0	0.06255	3.489863217541761	0.06594	1.0	0.06255	2.8372863546033655	0.04258	1.0	0.06254	2.9953614267061046	0.08009	1.0	0.06254	3.243753964234183	0.07945	1.0	0.06255	2.3861669084972936	0.06895	1.0	0.06255	1.7024976992064198	0.06899	1.0	0.06255	1.413422088822399	0.04408	1.0	0.06255	2.3416496634568773	0.0852	1.0	0.06254	3.0832216012482023	0.06178	1.0	0.06254	2.9889490221449364	0.09309	1.0	0.06255	2.6578968514556887	0.04683	0.26308	0.65758	14.03074	0.78956	0.44698000000000004	-0.47053999999999996	-0.57687	-2.41311	-0.277920343585941	0.0	-1.3508455658948426	-0.24263999999999997	0.0	-0.74098	-0.93294	-0.8223199999999999	-0.42639000000000005	0.42637	0.65297	0.26500999999999997	-0.45382	-0.27425304152808216	-0.92813	0.26051	-0.49285	-0.2788488349579654	-0.93406	0.32028999999999996	-0.55121	-0.3955329847101674	-0.95742	0.23594000000000004	-0.43427	-0.24042575974017621	-0.91991	0.23299999999999998	-0.42617	-0.23965958691671085	-0.92055	0.24244	-0.433	-0.28606056581669925	-0.93105	0.2672	-0.42279	-0.3014937664412798	-0.93101	0.35063999999999995	-0.55086	-0.4122787756108728	-0.95592	0.19974999999999998	-0.40861000000000003	-0.2263376102038448	-0.9148000000000001	0.25514000000000003	-0.51767	-0.28774707888395845	-0.93822	0.19357999999999997	-0.41268	-0.1989648499104395	-0.90691	0.33279000000000003	-0.54822	-0.3881164239632473	-0.95317	/dataset1/zailong/workspace/peft-sft-lab/configs/hns_forgetting_2x4_20260911.json	16.0	16.0	1.0	7e-05	-2e-05	16.0	0.0	0.0001	0.99961	0.0003	1.2364	0.22367		3066.85411	0.00033		-2164.2885	0.0	1450.83243	0.0	0.0	-0.0	1.0	1.0	1.0	0.57361	0.42637	1.0	3.90048	6.95571	0.21853999999999996	-0.3873	0.1288	10.699290000000001	-0.80519	-1.39145	-0.60728	0.73691	-1.65431	-2.27669	-0.0436	-1.52608	0.32992	-0.42639000000000005	0.42637	0.26308	3065.1356100000003			-2165.0962400000003	1450.60384	-3.26661	0.10029	9.90346	12.45002	0.19974	2.65374	0.735	0.42478	0.33021	0.39569	7.701910000000001	9.20919	-0.43892	0.9133	-0.24712999999999996	-0.5752200000000001	-0.66979	0.39569
hns_grid_target	Qwen3-8B	tulu	42	hns_f8_s0	tulu__hns_f8_s0	Qwen3-8B/tulu/seed42	/dataset1/zailong/runs/peft-sft-lab/hns-step-grid-2x4-20260912/adapters/Qwen3-8B/tulu/hns_f8_s0	/dataset1/zailong/models/spectral-surgery/Qwen3-8B-InstructionFollowing-LoRA	False	False	70.60998151571165	/dataset1/zailong/workspace/peft-sft-lab/reports/hns_release_20260912/data/step_grid/manifests/qwen3_8b_score_manifest.json	/dataset1/zailong/workspace/peft-sft-lab/reports/hns_release_20260912/data/step_grid/manifests/qwen3_8b_variant_manifest.json	/dataset1/zailong/workspace/peft-sft-lab/reports/hns_release_20260912/data/step_grid/manifests/qwen3_8b_generation_manifest.json			70.60998151571165				2.957486136783743			0.9801	0.92827	11.11366	0.87484	0.96195	0.09061	0.35685	0.50339	3.621716029822817	7.621049208987653	2.408839951417376	0.77153	1.0	0.31373	0.05147	0.15692	0.54769	0.49607	0.70702	0.97957	0.09159	2.824477316246982	0.0587	0.9808	0.08932	3.508256576129622	0.04979	0.97962	0.09264	2.856288168850811	0.03102	0.98003	0.08974	3.0136734716819835	0.06142	0.98064	0.08946	3.262238679401318	0.06239	0.98021	0.0889	2.4051419777919696	0.05502	0.97861	0.09393	1.7234672990829156	0.06019	0.97883	0.096	1.4345729537665415	0.03077	0.98063	0.08751	2.3601504958741852	0.07159	0.98167	0.08683	3.1009765750251814	0.04096	0.98062	0.08955	3.0077230368797814	0.08259	0.98012	0.09157	2.6770449288058065	0.03345	0.24317999999999995	0.58585	9.15688	0.6644	0.40893	-0.44248	-0.47012	-1.9102100000000002	-0.2593749942020507	0.0	-1.1592259734583998	-0.22846999999999995	0.0	-0.6862699999999999	-0.94853	-0.84308	-0.45231	0.49607	0.70702	0.24458000000000002	-0.42478	-0.25511056650198904	-0.9413	0.24131000000000002	-0.46608	-0.2604554763701046	-0.95021	0.29991	-0.52112	-0.3765311704627221	-0.96898	0.21597	-0.40707	-0.2221137147642973	-0.93858	0.21363999999999994	-0.39925	-0.22117487174957606	-0.93761	0.22265000000000001	-0.40664999999999996	-0.2670854965220233	-0.94498	0.24580999999999997	-0.39141	-0.28052416656478396	-0.93981	0.32946999999999993	-0.51741	-0.39112791066673025	-0.96923	0.18037999999999998	-0.38365000000000005	-0.20783677778653686	-0.92841	0.23681000000000008	-0.49338	-0.26999210510697935	-0.95904	0.17420000000000002	-0.38566999999999996	-0.18019083517559453	-0.9174100000000001	0.31291	-0.5192	-0.3689683466131295	-0.96655	/dataset1/zailong/workspace/peft-sft-lab/configs/hns_forgetting_2x4_20260911.json	15.67733	15.38455	0.97954	0.10814	-0.04153	14.83436	0.05498	0.19218	0.81716	0.47344	-1.74258	-0.20945	24.60188	6.1552	0.19402	2.58264	-2.66911	0.05951	8.16821	0.00047	0.01651	-0.01294	1.0	1.0	1.0	0.54769	0.49607	0.9801	3.5778099999999995	6.340260000000001	0.19807999999999992	-0.27923	0.08728999999999999	9.533650000000002	-0.7502099999999999	-1.19776	-0.4152	0.55446	-1.1811699999999998	-2.21718	-0.04313	-1.50957	0.31698	-0.45231	0.49607	0.24317999999999995	4.4367	22.90343	0.8841700000000001	-3.4768499999999998	7.939620000000001	-6.24559	-0.33283	10.06138	12.46951	0.18972	2.33126	0.47671	0.41534	0.30504	0.4606	7.85983	9.22868	-0.44894	0.5908199999999999	-0.50542	-0.58466	-0.69496	0.4606
hns_grid_target	Qwen3-8B	tulu	42	hns_f8_s1	tulu__hns_f8_s1	Qwen3-8B/tulu/seed42	/dataset1/zailong/runs/peft-sft-lab/hns-step-grid-2x4-20260912/adapters/Qwen3-8B/tulu/hns_f8_s1	/dataset1/zailong/models/spectral-surgery/Qwen3-8B-InstructionFollowing-LoRA	False	False	70.42513863216267	/dataset1/zailong/workspace/peft-sft-lab/reports/hns_release_20260912/data/step_grid/manifests/qwen3_8b_score_manifest.json	/dataset1/zailong/workspace/peft-sft-lab/reports/hns_release_20260912/data/step_grid/manifests/qwen3_8b_variant_manifest.json	/dataset1/zailong/workspace/peft-sft-lab/reports/hns_release_20260912/data/step_grid/manifests/qwen3_8b_generation_manifest.json			70.42513863216267				2.7726432532347616			0.99983	0.99931	15.29143	0.99863	0.99966	0.06545	0.26061	0.05535	3.6033332918798604	7.621049208987653	2.238874198255303	0.75748	1.0	0.26469	0.06528	0.17498	0.57121	0.43135	0.65678	0.99982	0.06552	2.805504641589297	0.07032	0.99984	0.06536	3.490024000485807	0.06411	0.99982	0.06559	2.837460537958911	0.04129	0.99983	0.06542	2.9955191605841938	0.07778	0.99983	0.06533	3.2439144107426636	0.07761	0.99983	0.06533	2.386335565804803	0.06751	0.99981	0.06571	1.7026838509893885	0.06776	0.99981	0.06579	1.4136131500738598	0.04282	0.99983	0.06524	2.3418128376242238	0.0833	0.99985	0.06517	3.0833738827945036	0.05973	0.99984	0.06537	2.9891125267702714	0.09098	0.99982	0.06553	2.6580722602126516	0.04567	0.26291	0.65689	13.33465	0.7881900000000001	0.44664000000000004	-0.46763999999999994	-0.56636	-2.3582500000000004	-0.2777577321450071	0.0	-1.329191726620473	-0.24251999999999996	0.0	-0.73531	-0.93472	-0.82502	-0.42879	0.43135	0.65678	0.26483	-0.45085	-0.2740832411596741	-0.9296800000000001	0.26034999999999997	-0.49004000000000003	-0.27868805201391966	-0.93589	0.32011	-0.5481699999999999	-0.3953588013546221	-0.95871	0.23577000000000004	-0.43138999999999994	-0.24026802586208706	-0.92222	0.23282999999999998	-0.42338	-0.23949914040823028	-0.92239	0.24226999999999999	-0.43022	-0.28589190850919	-0.93249	0.26700999999999997	-0.41963	-0.30130761465831113	-0.93224	0.35044999999999993	-0.54762	-0.41208771435941194	-0.95718	0.19957999999999998	-0.40592	-0.22617443603649834	-0.9167	0.25499000000000005	-0.5150399999999999	-0.28759479733765714	-0.94027	0.19341999999999993	-0.40985	-0.1988013452851045	-0.9090199999999999	0.3326100000000001	-0.5452400000000001	-0.3879410152062843	-0.95433	/dataset1/zailong/workspace/peft-sft-lab/configs/hns_forgetting_2x4_20260911.json	15.99723	15.99448	0.99983	0.01034	-0.0039	15.989	0.00051	0.01631	0.97747	0.04699	-1.14139	-0.19969	82.737	48.02564	0.02127	20.31121	-29.28832	0.00085	30.8929	1e-05	0.00032	-0.00015	1.0	1.0	1.0	0.57121	0.43135	0.99983	3.89771	6.950189999999999	0.21836999999999995	-0.37703	0.12491999999999999	10.688290000000002	-0.80468	-1.3705100000000001	-0.59107	0.7147699999999999	-1.6076199999999998	-2.27584	-0.04359	-1.52576	0.32977	-0.42879	0.43135	0.26291	46.307140000000004	81.03855	18.61274	-30.096059999999998	30.66431	-5.644399999999999	-0.32307	9.96955	12.47263	0.19778	2.71372	0.75295	0.4232	0.32796	0.39946	7.768	9.2318	-0.44088	0.9732799999999999	-0.22917999999999994	-0.5768	-0.67204	0.39946
hns_grid_target	Qwen3-8B	tulu	42	hns_f8_s2	tulu__hns_f8_s2	Qwen3-8B/tulu/seed42	/dataset1/zailong/runs/peft-sft-lab/hns-step-grid-2x4-20260912/adapters/Qwen3-8B/tulu/hns_f8_s2	/dataset1/zailong/models/spectral-surgery/Qwen3-8B-InstructionFollowing-LoRA	False	False	68.94639556377079	/dataset1/zailong/workspace/peft-sft-lab/reports/hns_release_20260912/data/step_grid/manifests/qwen3_8b_score_manifest.json	/dataset1/zailong/workspace/peft-sft-lab/reports/hns_release_20260912/data/step_grid/manifests/qwen3_8b_variant_manifest.json	/dataset1/zailong/workspace/peft-sft-lab/reports/hns_release_20260912/data/step_grid/manifests/qwen3_8b_generation_manifest.json			68.94639556377079				1.293900184842883			1.0	1.0	15.98874	1.0	1.0	0.06254	0.25011	0.00051	3.6031707009491405	7.621049208987653	2.2172158735300873	0.75736	1.0	0.25902	0.06706	0.17767	0.5736	0.42639	0.65298	1.0	0.06254	2.8053348628941026	0.07187	1.0	0.06254	3.4898632377561696	0.06593	1.0	0.06254	2.8372863665452077	0.04258	1.0	0.06254	2.995361430495392	0.08009	1.0	0.06254	3.2437539987193453	0.07945	1.0	0.06254	2.386166918995467	0.06895	1.0	0.06254	1.7024977548917017	0.06899	1.0	0.06254	1.4134220843010166	0.04407	1.0	0.06255	2.341649691965319	0.0852	1.0	0.06254	3.083221607854585	0.06177	1.0	0.06254	2.9889490687759177	0.09309	1.0	0.06254	2.657896852310504	0.04682	0.26308	0.65758	14.03196	0.78956	0.44698000000000004	-0.47054999999999997	-0.5768599999999999	-2.4130900000000004	-0.277920323075727	0.0	-1.3508500513456885	-0.24263999999999997	0.0	-0.74098	-0.93294	-0.82233	-0.4264	0.42639	0.65298	0.26500999999999997	-0.45383	-0.2742530198548683	-0.92813	0.26051	-0.49286	-0.27884881474355705	-0.93407	0.32028999999999996	-0.5512199999999999	-0.3955329727683252	-0.95742	0.23594000000000004	-0.43427	-0.24042575595088866	-0.91991	0.23299999999999998	-0.42617	-0.23965955243154857	-0.92055	0.24244	-0.43301	-0.2860605553185258	-0.93105	0.2672	-0.4228	-0.30149371075599785	-0.93101	0.35063999999999995	-0.55087	-0.41227878013225516	-0.95593	0.19974999999999998	-0.40861000000000003	-0.22633758169540297	-0.9148000000000001	0.25514000000000003	-0.51767	-0.2877470722775759	-0.93823	0.19357999999999997	-0.41268	-0.1989648032794582	-0.90691	0.33279000000000003	-0.54823	-0.388116423108432	-0.95318	/dataset1/zailong/workspace/peft-sft-lab/configs/hns_forgetting_2x4_20260911.json	16.0	16.0	1.0	8e-05	-3e-05	16.0	0.0	0.00012	0.99965	0.00039	-0.07237	0.10586			0.00034	2721.36984		0.0		0.0	0.0	0.0	0.99603	1.0	1.0	0.5736	0.42639	1.0	3.90048	6.95571	0.21853999999999996	-0.38728999999999997	0.12879	10.699290000000001	-0.80519	-1.39144	-0.60726	0.73695	-1.65422	-2.27669	-0.0436	-1.52608	0.32992	-0.4264	0.42639	0.26308			2719.67137			-4.57538	-0.017520000000000008	9.9046	12.45032	0.19972	2.65392	0.73499	0.42478	0.3302	0.39571	7.70305	9.209489999999999	-0.43894	0.9134799999999998	-0.24713999999999992	-0.5752200000000001	-0.6698	0.39571
hns_grid_target	Llama-3.1-8B-Instruct	magicoder	42	original_lora	magicoder__original_lora	Llama-3.1-8B-Instruct/magicoder/seed42	/dataset1/zailong/models/spectral-surgery/Llama-3.1-8B-Instruct-Magicoder-50K-LoRA-E1	/dataset1/zailong/models/spectral-surgery/Llama-3.1-8B-Instruct-Magicoder-50K-LoRA-E1	True	False	53.65853658536586	/dataset1/zailong/workspace/peft-sft-lab/reports/hns_release_20260912/data/step_grid/manifests/llama31_8b_score_manifest.json	/dataset1/zailong/workspace/peft-sft-lab/reports/hns_release_20260912/data/step_grid/manifests/llama31_8b_variant_manifest.json	/dataset1/zailong/workspace/peft-sft-lab/reports/hns_release_20260912/data/step_grid/manifests/llama31_8b_generation_manifest.json	53.65853658536586						0.0			0.77163	0.37398	1.82624	0.22499	0.58945	0.55756	0.7791	2.16506	1.9306344818423715	5.438175216168299	1.7906554055168835	1.0	1.0	1.0	1.0	1.0	1.0	0.0	0.0	0.82664	0.4536	0.8901886662204491	1.0	0.69827	0.69616	1.8639722775824914	1.0	0.80214	0.51392	1.106978851615642	1.0	0.78261	0.55369	1.3880211021700652	1.0	0.72598	0.60981	1.5527058370401787	1.0	0.81751	0.54304	0.43676897304954415	1.0	0.8704	0.39045	-0.2867252173545897	1.0	0.74953	0.52434	-0.30187495347592125	1.0	0.86912	0.35658	0.4432020320480418	1.0	0.61819	0.77716	1.6373513003486841	1.0	0.76349	0.63226	1.2671115037410574	1.0	0.71314	0.67906	0.4683471391154588	1.0	0.0	0.0	0.0	0.0	0.0	0.0	0.0	0.0	0.0	0.0	0.0	0.0	0.0	0.0	0.0	0.0	0.0	0.0	0.0	0.0	0.0	0.0	0.0	0.0	0.0	0.0	0.0	0.0	0.0	0.0	0.0	0.0	0.0	0.0	0.0	0.0	0.0	0.0	0.0	0.0	0.0	0.0	0.0	0.0	0.0	0.0	0.0	0.0	0.0	0.0	0.0	0.0	0.0	0.0	0.0	0.0	0.0	0.0	0.0	0.0	0.0	0.0	0.0	0.0	0.0	0.0	0.0	/dataset1/zailong/workspace/peft-sft-lab/configs/hns_forgetting_2x4_20260911.json	12.70017	9.66891	0.83201	0.33114	-0.10142	5.77691	0.80225	0.50532	0.26516	1.35116	6.96111	0.1721	1.86297	1.93166	1.07336	1.92583	-2.83189	2.40662	0.29056	-0.05812	-1.80179	1.98288	1.0	1.0	1.0	1.0	0.0	0.77163	0.0	0.0	0.0	0.0	0.0	0.0	0.0	0.0	0.0	0.0	0.0	0.0	0.0	0.0	0.0	0.0	0.0	0.0	0.0	0.0	0.0	0.0	0.0	0.0	0.0	1.25469	1.69406	0.89177	1.31641	0.87294	1.0	1.0	0.0	0.0	0.0	0.0	0.0	0.0	0.0	0.0	0.0
hns_grid_target	Llama-3.1-8B-Instruct	magicoder	42	hns_f0_s0	magicoder__hns_f0_s0	Llama-3.1-8B-Instruct/magicoder/seed42	/dataset1/zailong/runs/peft-sft-lab/hns-step-grid-2x4-20260912/adapters/Llama-3.1-8B-Instruct/magicoder/hns_f0_s0	/dataset1/zailong/models/spectral-surgery/Llama-3.1-8B-Instruct-Magicoder-50K-LoRA-E1	False	True	54.268292682926834	/dataset1/zailong/workspace/peft-sft-lab/reports/hns_release_20260912/data/step_grid/manifests/llama31_8b_score_manifest.json	/dataset1/zailong/workspace/peft-sft-lab/reports/hns_release_20260912/data/step_grid/manifests/llama31_8b_variant_manifest.json	/dataset1/zailong/workspace/peft-sft-lab/reports/hns_release_20260912/data/step_grid/manifests/llama31_8b_generation_manifest.json	54.268292682926834						0.6097560975609753			0.77163	0.37398	1.82624	0.22499	0.58945	0.55756	0.7791	2.16506	1.9306344818423715	5.438175216168299	1.7906558500371343	1.0	1.0	1.0	1.0	1.0	1.0	0.0	0.0	0.82664	0.4536	0.8901886662204491	1.0	0.69827	0.69616	1.8639722775824914	1.0	0.80214	0.51392	1.106978851615642	1.0	0.78261	0.55369	1.3880211021700652	1.0	0.72598	0.60981	1.5527058370401787	1.0	0.81751	0.54304	0.43676897304954415	1.0	0.8704	0.39045	-0.2867252173545897	1.0	0.74953	0.52434	-0.30187495347592125	1.0	0.86912	0.35658	0.4432020320480418	1.0	0.61819	0.77716	1.6373513003486841	1.0	0.76349	0.63226	1.2671115037410574	1.0	0.71314	0.67906	0.4683471391154588	1.0	0.0	0.0	0.0	0.0	0.0	0.0	0.0	0.0	0.0	0.0	4.4452025083074886e-07	0.0	0.0	0.0	0.0	0.0	0.0	0.0	0.0	0.0	0.0	0.0	0.0	0.0	0.0	0.0	0.0	0.0	0.0	0.0	0.0	0.0	0.0	0.0	0.0	0.0	0.0	0.0	0.0	0.0	0.0	0.0	0.0	0.0	0.0	0.0	0.0	0.0	0.0	0.0	0.0	0.0	0.0	0.0	0.0	0.0	0.0	0.0	0.0	0.0	0.0	0.0	0.0	0.0	0.0	0.0	0.0	/dataset1/zailong/workspace/peft-sft-lab/configs/hns_forgetting_2x4_20260911.json	12.70016	9.6689	0.83201	0.33114	-0.10142	5.77691	0.80225	0.50532	0.26516	1.35116	6.96111	0.1721	1.86297	1.93166	1.07336	1.92582	-2.8319	2.40662	0.29056	-0.05812	-1.80179	1.98287	1.0	1.0	1.0	1.0	0.0	0.77163	-9.999999999621423e-06	-9.999999999621423e-06	0.0	0.0	0.0	0.0	0.0	0.0	0.0	0.0	0.0	0.0	0.0	0.0	-1.0000000000065512e-05	0.0	0.0	0.0	0.0	0.0	-9.999999999843467e-06	-1.0000000000065512e-05	0.0	0.0	0.0	1.25469	1.69406	0.89177	1.31641	0.87294	1.0	1.0	0.0	0.0	0.0	0.0	0.0	0.0	0.0	0.0	0.0
hns_grid_target	Llama-3.1-8B-Instruct	magicoder	42	hns_f2_s0	magicoder__hns_f2_s0	Llama-3.1-8B-Instruct/magicoder/seed42	/dataset1/zailong/runs/peft-sft-lab/hns-step-grid-2x4-20260912/adapters/Llama-3.1-8B-Instruct/magicoder/hns_f2_s0	/dataset1/zailong/models/spectral-surgery/Llama-3.1-8B-Instruct-Magicoder-50K-LoRA-E1	False	False	53.65853658536586	/dataset1/zailong/workspace/peft-sft-lab/reports/hns_release_20260912/data/step_grid/manifests/llama31_8b_score_manifest.json	/dataset1/zailong/workspace/peft-sft-lab/reports/hns_release_20260912/data/step_grid/manifests/llama31_8b_variant_manifest.json	/dataset1/zailong/workspace/peft-sft-lab/reports/hns_release_20260912/data/step_grid/manifests/llama31_8b_generation_manifest.json	53.65853658536586						0.0			0.98579	0.94921	12.32062	0.91229	0.97286	0.09073	0.33815	0.56019	1.5063475081781224	5.438175216168299	0.37986915255302733	0.65424	1.0	0.24395	0.03832	0.14333	0.43372	0.56051	0.74872	0.98815	0.08276	0.702993057437786	0.05641	0.98263	0.10134	1.394434023520882	0.03682	0.9871	0.08556	0.8756111665780936	0.04072	0.98764	0.08607	0.9891007592573624	0.03342	0.98229	0.10154	0.9974031313650654	0.04072	0.99017	0.07912	0.20334957162378844	0.03631	0.98903	0.07909	-0.434737380864638	0.07005	0.98471	0.09373	-0.5832892310796556	0.04264	0.98868	0.07911	0.3068065576050348	0.089	0.97204	0.12631	1.0690401285076012	0.03928	0.98922	0.08515	0.9377619646141855	0.03189	0.98664	0.09257	0.1136585635583199	0.02887	0.21416000000000002	0.57523	10.49438	0.6873	0.3834099999999999	-0.46682999999999997	-0.44095	-1.60487	-0.42428697366424917	0.0	-1.4107862529638562	-0.34575999999999996	0.0	-0.75605	-0.96168	-0.85667	-0.56628	0.56051	0.74872	0.16150999999999993	-0.37084	-0.18719560878266317	-0.94359	0.28436000000000006	-0.59482	-0.4695382540616093	-0.96318	0.18496	-0.4283600000000001	-0.23136768503754845	-0.95928	0.20502999999999993	-0.46762000000000004	-0.39892034291270284	-0.96658	0.25631000000000004	-0.50827	-0.5553027056751133	-0.95928	0.17266000000000004	-0.46392	-0.2334194014257557	-0.96369	0.11863000000000001	-0.31136	-0.14801216351004826	-0.92995	0.23517999999999994	-0.43061000000000005	-0.28141427760373433	-0.95736	0.11956	-0.27747	-0.13639547444300704	-0.911	0.35385	-0.6508499999999999	-0.5683111718410829	-0.96072	0.22573	-0.54711	-0.3293495391268719	-0.96811	0.27349999999999997	-0.58649	-0.3546885755571389	-0.97113	/dataset1/zailong/workspace/peft-sft-lab/configs/hns_forgetting_2x4_20260911.json	15.82661	15.6771	0.98849	0.07649	-0.03072	15.39707	0.02761	0.11873	0.8685	0.36574	-0.42716	-0.23377	20.38323	7.3364	0.15782	3.72576	-18.41385	0.07042	6.69827	-0.00074	-0.02303	-0.00846	1.0	1.0	1.0	0.43372	0.56051	0.98579	3.1264400000000006	6.008189999999999	0.15647999999999995	-0.25465	0.0707	9.620159999999998	-0.77464	-0.9155400000000001	-0.38659	0.60334	-0.98542	-2.3362000000000003	0.05738	1.77876	-1.9913399999999999	-0.56628	0.56051	0.21416000000000002	5.40474	18.52026	1.7999300000000003	-15.58196	6.40771	-7.3882699999999994	-0.40587	7.64406	11.48929	0.30923	4.76328	2.40083	0.2236	0.20812	0.13368	6.3893699999999995	9.79523	-0.58254	3.4468699999999997	1.52789	-0.7764	-0.79188	0.13368
hns_grid_target	Llama-3.1-8B-Instruct	magicoder	42	hns_f2_s1	magicoder__hns_f2_s1	Llama-3.1-8B-Instruct/magicoder/seed42	/dataset1/zailong/runs/peft-sft-lab/hns-step-grid-2x4-20260912/adapters/Llama-3.1-8B-Instruct/magicoder/hns_f2_s1	/dataset1/zailong/models/spectral-surgery/Llama-3.1-8B-Instruct-Magicoder-50K-LoRA-E1	False	False	54.268292682926834	/dataset1/zailong/workspace/peft-sft-lab/reports/hns_release_20260912/data/step_grid/manifests/llama31_8b_score_manifest.json	/dataset1/zailong/workspace/peft-sft-lab/reports/hns_release_20260912/data/step_grid/manifests/llama31_8b_variant_manifest.json	/dataset1/zailong/workspace/peft-sft-lab/reports/hns_release_20260912/data/step_grid/manifests/llama31_8b_generation_manifest.json	54.268292682926834						0.6097560975609753			0.99916	0.99681	14.86331	0.99397	0.99836	0.0687	0.26848	0.10363	1.488461620663275	5.438175216168299	0.1650123965088798	0.64264	1.0	0.19679	0.03509	0.12316	0.41823	0.57646	0.7593	0.99966	0.06731	0.6929882859788686	0.08658	0.9985	0.07056	1.3745514774621619	0.03084	0.99922	0.06784	0.8674518608121753	0.06488	0.99966	0.06766	0.9736947921208139	0.03655	0.99855	0.07079	0.9692693324295835	0.02613	0.99973	0.06696	0.19435895335589243	0.06358	0.99972	0.06684	-0.444667364800273	0.10652	0.99946	0.06859	-0.5965950045771685	0.0629	0.99972	0.06685	0.2965140309128133	0.1254	0.99704	0.07526	1.0399812882189667	0.02481	0.99972	0.06744	0.9276182091167832	0.04448	0.99874	0.06898	0.1040056663930494	0.0426	0.22753	0.62283	13.03707	0.76898	0.40891	-0.48885999999999996	-0.5106200000000001	-2.06143	-0.4421728611790965	0.0	-1.6256430090080036	-0.35736	0.0	-0.80321	-0.96491	-0.87684	-0.58177	0.57646	0.7593	0.17301999999999995	-0.38629	-0.1972003802415805	-0.91342	0.3002300000000001	-0.6256	-0.4894208001203295	-0.96916	0.19708000000000003	-0.44608000000000003	-0.23952699080346673	-0.93512	0.21704999999999997	-0.48603	-0.41432631004925136	-0.96345	0.2725700000000001	-0.5390199999999999	-0.5834365046105953	-0.97387	0.18222000000000005	-0.47607999999999995	-0.24241001969365172	-0.93642	0.1293200000000001	-0.32361	-0.1579421474456833	-0.89348	0.24992999999999999	-0.45575000000000004	-0.29472005110124727	-0.9371	0.13060000000000005	-0.28973	-0.1466880011352285	-0.8746	0.37885	-0.7019	-0.5973700121297174	-0.97519	0.23623000000000005	-0.5648200000000001	-0.33949329462427424	-0.95552	0.28559999999999997	-0.61008	-0.36434147272240935	-0.9574	/dataset1/zailong/workspace/peft-sft-lab/configs/hns_forgetting_2x4_20260911.json	15.99596	15.99193	0.99975	0.0124	-0.00467	15.98384	0.00076	0.01876	0.96362	0.05537	-0.4664	-0.08959	34.81403	23.36985	0.0447	21.33987	-59.95916	0.00177	7.53853	-2e-05	-0.00048	-0.00086	1.0	1.0	1.0	0.41823	0.57646	0.99916	3.29579	6.32302	0.16774	-0.31873999999999997	0.09675	10.20693	-0.80149	-1.0286600000000001	-0.48656	0.6984600000000001	-1.29579	-2.40485	0.0581	1.80131	-1.98374	-0.58177	0.57646	0.22753	21.43819	32.951060000000005	19.41404	-57.127269999999996	7.24797	-7.42751	-0.26169	4.76727	8.89037	0.42022	5.71042	3.07012	0.1725	0.15452	0.19761	3.51258	7.19631	-0.47154999999999997	4.39401	2.1971800000000004	-0.8275	-0.84548	0.19761
hns_grid_target	Llama-3.1-8B-Instruct	magicoder	42	hns_f2_s2	magicoder__hns_f2_s2	Llama-3.1-8B-Instruct/magicoder/seed42	/dataset1/zailong/runs/peft-sft-lab/hns-step-grid-2x4-20260912/adapters/Llama-3.1-8B-Instruct/magicoder/hns_f2_s2	/dataset1/zailong/models/spectral-surgery/Llama-3.1-8B-Instruct-Magicoder-50K-LoRA-E1	False	False	53.65853658536586	/dataset1/zailong/workspace/peft-sft-lab/reports/hns_release_20260912/data/step_grid/manifests/llama31_8b_score_manifest.json	/dataset1/zailong/workspace/peft-sft-lab/reports/hns_release_20260912/data/step_grid/manifests/llama31_8b_variant_manifest.json	/dataset1/zailong/workspace/peft-sft-lab/reports/hns_release_20260912/data/step_grid/manifests/llama31_8b_generation_manifest.json	53.65853658536586						0.0			0.99996	0.99985	15.95422	0.99972	0.99992	0.06282	0.25101	0.00648	1.4870777775725061	5.438175216168299	0.10470622722555813	0.64175	1.0	0.18527	0.0342	0.11846	0.41251	0.58683	0.76605	1.0	0.06268	0.6926978636129965	0.09105	0.99991	0.063	1.3728874875825825	0.02951	0.99995	0.06276	0.8671812924790477	0.069	1.0	0.06268	0.9731818248268556	0.03697	0.99993	0.06303	0.9660937221350112	0.02307	1.0	0.06268	0.19408591351355617	0.06782	1.0	0.06267	-0.44494147069981427	0.11227	1.0	0.0627	-0.5970312174629062	0.06517	1.0	0.06267	0.2962301622011338	0.13061	0.99984	0.06342	1.037002447676023	0.02202	1.0	0.06268	0.9273479881508363	0.04647	0.99988	0.06288	0.10362927888289152	0.04406	0.22832999999999992	0.62587	14.127979999999999	0.77473	0.41047	-0.49473999999999996	-0.52809	-2.15858	-0.4435567042698654	0.0	-1.6859491782913254	-0.35824999999999996	0.0	-0.81473	-0.9658	-0.88154	-0.5874900000000001	0.58683	0.76605	0.17335999999999996	-0.39092	-0.19749080260745266	-0.90895	0.30164	-0.63316	-0.4910847899999089	-0.97049	0.19781000000000004	-0.45116000000000006	-0.23979755913659428	-0.931	0.21738999999999997	-0.49101	-0.4148392773432097	-0.96303	0.27395	-0.5467799999999999	-0.5866121149051675	-0.97693	0.18249000000000004	-0.48035999999999995	-0.24268305953598798	-0.93218	0.12960000000000005	-0.32778	-0.15821625334522454	-0.88773	0.25046999999999997	-0.46164000000000005	-0.29515626398698497	-0.93483	0.13088	-0.29391	-0.14697186984690802	-0.86939	0.38164999999999993	-0.7137399999999999	-0.6003488526726612	-0.97798	0.23651	-0.5695800000000001	-0.3397635155902211	-0.95353	0.28674	-0.61618	-0.36471786023256725	-0.95594	/dataset1/zailong/workspace/peft-sft-lab/configs/hns_forgetting_2x4_20260911.json	16.0	15.99999	1.0	0.00033	-0.00013	15.99999	0.0	0.00055	0.99857	0.00154	-0.22055	0.15503	693.95883	582.95446	0.00172	758.10282	-1526.60064	0.0	261.7392	0.0	0.0	-0.0	1.0	1.0	1.0	0.41251	0.58683	0.99996	3.29983	6.33108	0.16798999999999997	-0.33081	0.10128999999999999	10.22308	-0.80225	-1.0716400000000001	-0.5047699999999999	0.7334099999999999	-1.3496199999999998	-2.40662	0.05812	1.80179	-1.98288	-0.5874900000000001	0.58683	0.22832999999999992	581.0228000000001	692.09586	756.1769899999999	-1523.7687500000002	261.44863999999995	-7.18166	-0.017070000000000002	4.56979	8.6091	0.43373	5.62487	3.22575	0.15982	0.13791	0.2554	3.3151	6.915039999999999	-0.45803999999999995	4.308459999999999	2.35281	-0.84018	-0.86209	0.2554
hns_grid_target	Llama-3.1-8B-Instruct	magicoder	42	hns_f4_s0	magicoder__hns_f4_s0	Llama-3.1-8B-Instruct/magicoder/seed42	/dataset1/zailong/runs/peft-sft-lab/hns-step-grid-2x4-20260912/adapters/Llama-3.1-8B-Instruct/magicoder/hns_f4_s0	/dataset1/zailong/models/spectral-surgery/Llama-3.1-8B-Instruct-Magicoder-50K-LoRA-E1	False	False	53.65853658536586	/dataset1/zailong/workspace/peft-sft-lab/reports/hns_release_20260912/data/step_grid/manifests/llama31_8b_score_manifest.json	/dataset1/zailong/workspace/peft-sft-lab/reports/hns_release_20260912/data/step_grid/manifests/llama31_8b_variant_manifest.json	/dataset1/zailong/workspace/peft-sft-lab/reports/hns_release_20260912/data/step_grid/manifests/llama31_8b_generation_manifest.json	53.65853658536586						0.0			0.98743	0.95291	11.1053	0.91343	0.97557	0.09063	0.34772	0.4772	1.4992213192590917	5.438175216168299	0.30926767210909906	0.64959	1.0	0.22732	0.03499	0.12263	0.41776	0.58641	0.7658	0.98708	0.0906	0.7051899382969076	0.0755	0.9879	0.09067	1.3849415692624094	0.03164	0.987	0.09051	0.8791380467228502	0.05518	0.98751	0.08933	0.9855878736712779	0.03607	0.98781	0.0922	0.9781241591113666	0.02886	0.9874	0.08863	0.2064569682084514	0.04464	0.98738	0.09119	-0.43253046363231856	0.09807	0.98618	0.09139	-0.5837543433621089	0.04552	0.98734	0.09119	0.3087077029704114	0.12807	0.98756	0.09662	1.0493779764714093	0.02952	0.988	0.08985	0.9391542375979542	0.03807	0.98815	0.08554	0.11489002974549865	0.02784	0.2158	0.5789300000000001	9.27906	0.6884399999999999	0.38612	-0.46692999999999996	-0.43138000000000004	-1.68786	-0.4314131625832798	0.0	-1.4813877334077845	-0.35041	0.0	-0.77268	-0.96501	-0.87737	-0.58224	0.58641	0.7658	0.16043999999999992	-0.363	-0.18499872792354155	-0.9245	0.28963000000000005	-0.60549	-0.479030708320082	-0.96836	0.18486000000000002	-0.42341000000000006	-0.2278408048927918	-0.94482	0.20489999999999997	-0.46436	-0.4024332284987874	-0.96393	0.26183	-0.5176099999999999	-0.5745816779288121	-0.97114	0.1698900000000001	-0.45441	-0.23031200484109274	-0.95536	0.11698000000000008	-0.29926	-0.14580524627772884	-0.90193	0.23664999999999992	-0.43295000000000006	-0.2818793898861876	-0.95448	0.11821999999999999	-0.26539	-0.13449432907763043	-0.87193	0.36937	-0.6805399999999999	-0.5879733238772749	-0.97048	0.22451	-0.5424100000000001	-0.32795726614310317	-0.96193	0.27501	-0.59352	-0.3534571093699601	-0.97216	/dataset1/zailong/workspace/peft-sft-lab/configs/hns_forgetting_2x4_20260911.json	15.79999	15.61057	0.98733	0.0894	-0.03403	15.24787	0.03555	0.13985	0.82272	0.40156	-1.38371	-0.19262	13.0192	4.58068	0.27928	3.09447	-10.78022	0.04133	1.9364	0.00065	0.02	-0.01509	1.0	1.0	1.0	0.41776	0.58641	0.98743	3.0998199999999994	5.941659999999999	0.15532	-0.24174	0.06739	9.470960000000002	-0.7667	-0.7940800000000001	-0.36546999999999996	0.5575600000000001	-0.9496	-2.3652900000000003	0.058769999999999996	1.82179	-1.99797	-0.58224	0.58641	0.2158	2.64902	11.156229999999999	1.16864	-7.94833	1.64584	-8.34482	-0.36472000000000004	6.11333	10.1288	0.34925	5.03171	2.76166	0.18068	0.16327	0.18344	4.85864	8.43474	-0.5425199999999999	3.7153	1.88872	-0.81932	-0.83673	0.18344
hns_grid_target	Llama-3.1-8B-Instruct	magicoder	42	hns_f4_s1	magicoder__hns_f4_s1	Llama-3.1-8B-Instruct/magicoder/seed42	/dataset1/zailong/runs/peft-sft-lab/hns-step-grid-2x4-20260912/adapters/Llama-3.1-8B-Instruct/magicoder/hns_f4_s1	/dataset1/zailong/models/spectral-surgery/Llama-3.1-8B-Instruct-Magicoder-50K-LoRA-E1	False	False	54.87804878048781	/dataset1/zailong/workspace/peft-sft-lab/reports/hns_release_20260912/data/step_grid/manifests/llama31_8b_score_manifest.json	/dataset1/zailong/workspace/peft-sft-lab/reports/hns_release_20260912/data/step_grid/manifests/llama31_8b_variant_manifest.json	/dataset1/zailong/workspace/peft-sft-lab/reports/hns_release_20260912/data/step_grid/manifests/llama31_8b_generation_manifest.json	54.87804878048781						1.2195121951219505			0.99992	0.99967	15.42458	0.99934	0.99983	0.06485	0.25711	0.04806	1.4870989570284823	5.438175216168299	0.1197869027981036	0.64176	1.0	0.18808	0.03382	0.1177	0.41196	0.58795	0.76678	0.99992	0.06485	0.6927731663733429	0.08938	0.99991	0.06485	1.3728947800320328	0.02923	0.99992	0.06485	0.8672471004179213	0.06712	0.99992	0.06482	0.9732740457351716	0.03655	0.99992	0.06489	0.9660062090267428	0.0231	0.99993	0.06475	0.1941595277835275	0.06534	0.99993	0.06482	-0.4448698471731708	0.11034	0.9999	0.06503	-0.5969372668561426	0.06312	0.99992	0.06481	0.29630455267951716	0.13043	0.9999	0.06508	1.036945729224572	0.02216	0.99992	0.06478	0.9274249214810976	0.04537	0.99992	0.06469	0.10368879888321812	0.04225	0.22829	0.62569	13.59834	0.77435	0.41037999999999997	-0.4927099999999999	-0.52199	-2.117	-0.44353552481388925	0.0	-1.67086850271878	-0.35824	0.0	-0.81192	-0.96618	-0.8823	-0.58804	0.58795	0.76678	0.17328	-0.38875	-0.19741549984710627	-0.91062	0.30164	-0.63131	-0.4910774975504586	-0.97077	0.19778000000000007	-0.44907	-0.23973175119772072	-0.93288	0.21731	-0.48887	-0.4147470564348936	-0.96345	0.2739400000000001	-0.54492	-0.5866996280134359	-0.9769	0.18242000000000003	-0.47829	-0.24260944526601666	-0.93466	0.12953000000000003	-0.32563000000000003	-0.15814462981858107	-0.88966	0.25037	-0.45931	-0.2950623133802213	-0.93688	0.13080000000000003	-0.29177	-0.14689747936852465	-0.86957	0.38171	-0.7120799999999999	-0.6004055711241121	-0.97784	0.23643000000000003	-0.56748	-0.33968658225995985	-0.95463	0.28678000000000003	-0.61437	-0.36465834023224064	-0.95775	/dataset1/zailong/workspace/peft-sft-lab/configs/hns_forgetting_2x4_20260911.json	15.99872	15.99745	0.99992	0.00657	-0.00248	15.99492	0.00024	0.00921	0.98175	0.03097	0.06542	-0.15259	62.63582	70.53892	0.01438	37.68737	-173.98271	0.00074	24.56106	-0.0	-9e-05	0.00016	1.0	1.0	1.0	0.41196	0.58795	0.99992	3.2985500000000005	6.32854	0.16791	-0.32456999999999997	0.09894	10.21801	-0.80201	-1.05898	-0.49611	0.7165900000000001	-1.32019	-2.4058800000000002	0.05812	1.8017	-1.98272	-0.58804	0.58795	0.22829	68.60726000000001	60.772850000000005	35.761540000000004	-171.15082	24.270500000000002	-6.89569	-0.32469000000000003	4.77133	8.73482	0.42645	5.69185	3.15161	0.15976	0.13763	0.25784	3.5166399999999998	7.040759999999999	-0.46531999999999996	4.375439999999999	2.27867	-0.84024	-0.86237	0.25784
hns_grid_target	Llama-3.1-8B-Instruct	magicoder	42	hns_f4_s2	magicoder__hns_f4_s2	Llama-3.1-8B-Instruct/magicoder/seed42	/dataset1/zailong/runs/peft-sft-lab/hns-step-grid-2x4-20260912/adapters/Llama-3.1-8B-Instruct/magicoder/hns_f4_s2	/dataset1/zailong/models/spectral-surgery/Llama-3.1-8B-Instruct-Magicoder-50K-LoRA-E1	False	False	53.65853658536586	/dataset1/zailong/workspace/peft-sft-lab/reports/hns_release_20260912/data/step_grid/manifests/llama31_8b_score_manifest.json	/dataset1/zailong/workspace/peft-sft-lab/reports/hns_release_20260912/data/step_grid/manifests/llama31_8b_variant_manifest.json	/dataset1/zailong/workspace/peft-sft-lab/reports/hns_release_20260912/data/step_grid/manifests/llama31_8b_generation_manifest.json	53.65853658536586						0.0			1.0	1.0	15.98867	1.0	1.0	0.06254	0.25008	0.00039	1.4870113218840317	5.438175216168299	0.10104759826743429	0.64171	1.0	0.18459	0.03406	0.11789	0.41179	0.5882	0.76694	1.0	0.06254	0.6926975071481418	0.09114	1.0	0.06254	1.3728040718401258	0.02934	1.0	0.06254	0.8671762998093111	0.06907	1.0	0.06254	0.973181660085618	0.03701	1.0	0.06254	0.9659095764060417	0.02275	1.0	0.06253	0.1940856748931824	0.06789	1.0	0.06254	-0.4449416822530272	0.11239	1.0	0.06254	-0.5970329752990357	0.06521	1.0	0.06254	0.29622991154394257	0.13075	1.0	0.06255	1.0368426271968068	0.02176	1.0	0.06254	0.927347830913782	0.04651	1.0	0.06254	0.10360749598956319	0.04406	0.22836999999999996	0.62602	14.16243	0.77501	0.41054999999999997	-0.49501999999999996	-0.52902	-2.16467	-0.4436231599583398	0.0	-1.6896078072494491	-0.35829	0.0	-0.81541	-0.96594	-0.88211	-0.58821	0.5882	0.76694	0.17335999999999996	-0.39106	-0.1974911590723073	-0.90886	0.30173000000000005	-0.63362	-0.49116820574236564	-0.97066	0.19786000000000004	-0.45138000000000006	-0.23980255180633092	-0.93093	0.21738999999999997	-0.49115000000000003	-0.41483944208444723	-0.96299	0.27402000000000004	-0.5472699999999999	-0.586796260634137	-0.97725	0.18249000000000004	-0.48051	-0.24268329815636175	-0.93211	0.12960000000000005	-0.32791000000000003	-0.1582164648984375	-0.88761	0.25046999999999997	-0.46180000000000004	-0.2951580218231144	-0.93479	0.13088	-0.29404	-0.14697212050409925	-0.86925	0.38181	-0.71461	-0.6005086731518774	-0.97824	0.23651	-0.56972	-0.3397636728272754	-0.95349	0.28686	-0.61652	-0.3647396431258956	-0.95594	/dataset1/zailong/workspace/peft-sft-lab/configs/hns_forgetting_2x4_20260911.json	16.0	16.0	1.0	5e-05	-2e-05	16.0	0.0	8e-05	0.99965	0.00023	1.57007	0.23262			0.00026			0.0		-0.0	-0.0	0.0	0.99107	1.0	1.0	0.41179	0.5882	1.0	3.29983	6.33109	0.16798999999999997	-0.33109	0.10139999999999999	10.22309	-0.80225	-1.0731000000000002	-0.50524	0.7344900000000001	-1.35093	-2.40662	0.05812	1.80179	-1.98288	-0.58821	0.5882	0.22836999999999996						-5.391039999999999	0.06051999999999999	4.56471	8.60142	0.43393	5.62145	3.22851	0.15843	0.13571	0.26627	3.3100199999999997	6.907359999999999	-0.45783999999999997	4.30504	2.35557	-0.84157	-0.86429	0.26627
hns_grid_target	Llama-3.1-8B-Instruct	magicoder	42	hns_f8_s0	magicoder__hns_f8_s0	Llama-3.1-8B-Instruct/magicoder/seed42	/dataset1/zailong/runs/peft-sft-lab/hns-step-grid-2x4-20260912/adapters/Llama-3.1-8B-Instruct/magicoder/hns_f8_s0	/dataset1/zailong/models/spectral-surgery/Llama-3.1-8B-Instruct-Magicoder-50K-LoRA-E1	False	False	54.268292682926834	/dataset1/zailong/workspace/peft-sft-lab/reports/hns_release_20260912/data/step_grid/manifests/llama31_8b_score_manifest.json	/dataset1/zailong/workspace/peft-sft-lab/reports/hns_release_20260912/data/step_grid/manifests/llama31_8b_variant_manifest.json	/dataset1/zailong/workspace/peft-sft-lab/reports/hns_release_20260912/data/step_grid/manifests/llama31_8b_generation_manifest.json	54.268292682926834						0.6097560975609753			0.98166	0.93483	11.5412	0.88725	0.9652	0.08723	0.34456	0.49823	1.5050800556926163	5.438175216168299	0.29294883807098615	0.65341	1.0	0.22364	0.03521	0.12206	0.41638	0.59392	0.77083	0.98138	0.08751	0.7104897623671846	0.08113	0.98204	0.08687	1.3909437270944576	0.03142	0.98102	0.08753	0.8847450744668748	0.05636	0.98234	0.08604	0.9908199884462062	0.03554	0.98163	0.08823	0.9848242824812744	0.02928	0.9823	0.08544	0.2110825754325566	0.04453	0.9809	0.08898	-0.42636152458699766	0.10296	0.98104	0.08779	-0.5792221326246004	0.04469	0.98129	0.0878	0.3144876375436971	0.14507	0.98029	0.09239	1.0563462014092502	0.02862	0.98228	0.08595	0.944368054836904	0.03969	0.98355	0.08227	0.1187152964395726	0.02731	0.21002999999999994	0.5608500000000001	9.71496	0.66226	0.3757499999999999	-0.4703299999999999	-0.43454000000000004	-1.66683	-0.42555442614975525	0.0	-1.4977065674458974	-0.34658999999999995	0.0	-0.7763599999999999	-0.96479	-0.8779399999999999	-0.58362	0.59392	0.77083	0.15474	-0.36609	-0.17969890385326448	-0.91887	0.2837700000000001	-0.60929	-0.4730285504880338	-0.96858	0.17888000000000004	-0.42639000000000005	-0.22223377714876724	-0.94364	0.19972999999999996	-0.46765	-0.397201113723859	-0.96446	0.25565000000000004	-0.5215799999999999	-0.5678815545589043	-0.97072	0.16479	-0.45759999999999995	-0.22568639761698756	-0.95547	0.11050000000000004	-0.30147	-0.13963630723240794	-0.8970400000000001	0.23151	-0.43655	-0.2773471791486792	-0.95531	0.11216999999999999	-0.26878	-0.12871439450434474	-0.85493	0.3621	-0.68477	-0.581005098939434	-0.97138	0.21879000000000004	-0.5463100000000001	-0.3227434489041534	-0.96031	0.27041000000000004	-0.59679	-0.3496318426758862	-0.97269	/dataset1/zailong/workspace/peft-sft-lab/configs/hns_forgetting_2x4_20260911.json	15.69927	15.42888	0.98064	0.10282	-0.04011	14.93818	0.04938	0.18343	0.83439	0.46367	-1.68042	-0.23344	29.5773	10.20781	0.1086	2.58448	-21.62968	0.07268	9.08854	0.00038	0.01166	-0.00912	1.0	1.0	1.0	0.41638	0.59392	0.98166	2.9991000000000003	5.759969999999999	0.14862999999999993	-0.22832	0.061309999999999996	9.161269999999998	-0.75287	-0.9647600000000001	-0.32189	0.5692299999999999	-0.8874899999999999	-2.33394	0.058499999999999996	1.81345	-1.992	-0.58362	0.59392	0.21002999999999994	8.276150000000001	27.71433	0.6586500000000002	-18.79779	8.79798	-8.64153	-0.40554	6.09385	10.06239	0.34702	4.80497	2.62615	0.1791	0.16085	0.19341	4.83916	8.36833	-0.54475	3.4885599999999997	1.75321	-0.8209	-0.8391500000000001	0.19341
hns_grid_target	Llama-3.1-8B-Instruct	magicoder	42	hns_f8_s1	magicoder__hns_f8_s1	Llama-3.1-8B-Instruct/magicoder/seed42	/dataset1/zailong/runs/peft-sft-lab/hns-step-grid-2x4-20260912/adapters/Llama-3.1-8B-Instruct/magicoder/hns_f8_s1	/dataset1/zailong/models/spectral-surgery/Llama-3.1-8B-Instruct-Magicoder-50K-LoRA-E1	False	False	54.87804878048781	/dataset1/zailong/workspace/peft-sft-lab/reports/hns_release_20260912/data/step_grid/manifests/llama31_8b_score_manifest.json	/dataset1/zailong/workspace/peft-sft-lab/reports/hns_release_20260912/data/step_grid/manifests/llama31_8b_variant_manifest.json	/dataset1/zailong/workspace/peft-sft-lab/reports/hns_release_20260912/data/step_grid/manifests/llama31_8b_generation_manifest.json	54.87804878048781						1.2195121951219505			0.99985	0.99939	15.34503	0.99879	0.9997	0.06516	0.25966	0.05388	1.4871673387420725	5.438175216168299	0.1223658988794882	0.64181	1.0	0.18857	0.03395	0.1178	0.41215	0.58762	0.76656	0.99985	0.06517	0.6928443256490706	0.08984	0.99985	0.06515	1.3729624490252528	0.02933	0.99984	0.0652	0.8673168657106384	0.06737	0.99985	0.06508	0.9733402630588167	0.03659	0.99985	0.06521	0.9660756512198763	0.02326	0.99986	0.06501	0.19422745802063995	0.06547	0.99985	0.06529	-0.44478628300176826	0.11097	0.99984	0.06522	-0.5968786512699488	0.06299	0.99985	0.06515	0.2963776287544412	0.13154	0.99983	0.06552	1.037016308372502	0.02225	0.99986	0.06507	0.9274893353427404	0.04554	0.99985	0.06486	0.1037545581417879	0.04221	0.22821999999999998	0.62541	13.51879	0.7737999999999999	0.41025	-0.49239999999999995	-0.51944	-2.11118	-0.443467143100299	0.0	-1.6682895066373953	-0.35819	0.0	-0.81143	-0.96605	-0.8822	-0.58785	0.58762	0.76656	0.17320999999999998	-0.38843	-0.1973443405713785	-0.91016	0.30158000000000007	-0.63101	-0.4910098285572386	-0.97067	0.1977	-0.44872000000000006	-0.23966198590500365	-0.93263	0.21724	-0.48861	-0.41468083911124853	-0.96341	0.27387000000000006	-0.5446	-0.5866301858203025	-0.97674	0.18235	-0.47802999999999995	-0.2425415150289042	-0.93453	0.12945000000000007	-0.32516	-0.15806106564717853	-0.88903	0.2503099999999999	-0.45912000000000003	-0.2950036977940275	-0.93701	0.13073	-0.29143	-0.14682440329360064	-0.86846	0.38164	-0.7116399999999999	-0.6003349919761822	-0.97775	0.23636999999999997	-0.5671900000000001	-0.33962216839831705	-0.95446	0.28671	-0.6142	-0.36459258097367087	-0.95779	/dataset1/zailong/workspace/peft-sft-lab/configs/hns_forgetting_2x4_20260911.json	15.99751	15.99503	0.99984	0.00969	-0.00366	15.9901	0.00046	0.01515	0.97917	0.04434	-0.99014	-0.20946		50.73675	0.02011	22.02647	-121.67445	0.00088	17.71681	-0.0	-5e-05	7e-05	1.0	1.0	1.0	0.41215	0.58762	0.99985	3.29734	6.3261199999999995	0.16782999999999992	-0.32145	0.09776	10.21319	-0.80179	-1.05325	-0.49017	0.71401	-1.3068199999999999	-2.40574	0.05812	1.80174	-1.98281	-0.58785	0.58762	0.22821999999999998	48.80509		20.10064	-118.84255999999999	17.42625	-7.95125	-0.38156	4.71134	8.71748	0.4283	5.7007	3.1059	0.16002	0.13793	0.25696	3.45665	7.02342	-0.46346999999999994	4.38429	2.2329600000000003	-0.83998	-0.86207	0.25696
hns_grid_target	Llama-3.1-8B-Instruct	magicoder	42	hns_f8_s2	magicoder__hns_f8_s2	Llama-3.1-8B-Instruct/magicoder/seed42	/dataset1/zailong/runs/peft-sft-lab/hns-step-grid-2x4-20260912/adapters/Llama-3.1-8B-Instruct/magicoder/hns_f8_s2	/dataset1/zailong/models/spectral-surgery/Llama-3.1-8B-Instruct-Magicoder-50K-LoRA-E1	False	False	53.65853658536586	/dataset1/zailong/workspace/peft-sft-lab/reports/hns_release_20260912/data/step_grid/manifests/llama31_8b_score_manifest.json	/dataset1/zailong/workspace/peft-sft-lab/reports/hns_release_20260912/data/step_grid/manifests/llama31_8b_variant_manifest.json	/dataset1/zailong/workspace/peft-sft-lab/reports/hns_release_20260912/data/step_grid/manifests/llama31_8b_generation_manifest.json	53.65853658536586						0.0			1.0	1.0	15.98862	1.0	1.0	0.06254	0.2501	0.00048	1.4870113306624582	5.438175216168299	0.10105115755832375	0.64171	1.0	0.18459	0.03405	0.11789	0.41179	0.58821	0.76695	1.0	0.06254	0.6926975242056655	0.09113	1.0	0.06254	1.3728040784940858	0.02934	1.0	0.06254	0.8671763204916169	0.06906	1.0	0.06254	0.9731816666052541	0.03701	1.0	0.06254	0.9659095777055567	0.02275	1.0	0.06254	0.19408571134402225	0.06789	1.0	0.06254	-0.44494168799473877	0.11239	1.0	0.06254	-0.5970329399346251	0.0652	1.0	0.06254	0.2962299149021676	0.13074	1.0	0.06254	1.0368426485258233	0.02176	1.0	0.06254	0.9273478147957013	0.04651	1.0	0.06254	0.10360752603810404	0.04406	0.22836999999999996	0.62602	14.162379999999999	0.77501	0.41054999999999997	-0.49501999999999996	-0.529	-2.16458	-0.44362315117991336	0.0	-1.6896042479585598	-0.35829	0.0	-0.81541	-0.96595	-0.88211	-0.58821	0.58821	0.76695	0.17335999999999996	-0.39106	-0.19749114201478357	-0.90887	0.30173000000000005	-0.63362	-0.4911681990884056	-0.97066	0.19786000000000004	-0.45138000000000006	-0.23980253112402516	-0.93094	0.21738999999999997	-0.49115000000000003	-0.4148394355648112	-0.96299	0.27402000000000004	-0.5472699999999999	-0.586796259334622	-0.97725	0.18249000000000004	-0.4805	-0.2426832617055219	-0.93211	0.12960000000000005	-0.32791000000000003	-0.15821647064014904	-0.88761	0.25046999999999997	-0.46180000000000004	-0.2951579864587039	-0.9348	0.13088	-0.29404	-0.14697211714587421	-0.86926	0.38181	-0.7146199999999999	-0.6005086518228608	-0.97824	0.23651	-0.56972	-0.33976368894535613	-0.95349	0.28686	-0.61652	-0.36473961307735475	-0.95594	/dataset1/zailong/workspace/peft-sft-lab/configs/hns_forgetting_2x4_20260911.json	16.0	16.0	1.0	8e-05	-3e-05	16.0	0.0	0.00011	0.99964	0.00034	0.48249	0.1266			0.0003	2988.08718		0.0		-0.0	-0.0	0.0	0.99554	1.0	1.0	0.41179	0.58821	1.0	3.29983	6.33109	0.16798999999999997	-0.33105999999999997	0.10139	10.22309	-0.80225	-1.0730600000000001	-0.5052099999999999	0.73448	-1.35082	-2.40662	0.05812	1.80179	-1.98288	-0.58821	0.58821	0.22836999999999996			2986.16135			-6.478619999999999	-0.04550000000000001	4.56545	8.60203	0.43389	5.62134	3.22872	0.15842	0.1357	0.26629	3.31076	6.907969999999999	-0.45787999999999995	4.30493	2.35578	-0.84158	-0.8643000000000001	0.26629
hns_grid_target	Llama-3.1-8B-Instruct	metamath	42	original_lora	metamath__original_lora	Llama-3.1-8B-Instruct/metamath/seed42	/dataset1/zailong/models/spectral-surgery/Llama-3.1-8B-Instruct-MetaMathQA-50K-LoRA	/dataset1/zailong/models/spectral-surgery/Llama-3.1-8B-Instruct-MetaMathQA-50K-LoRA	True	False	77.10386656557998	/dataset1/zailong/workspace/peft-sft-lab/reports/hns_release_20260912/data/step_grid/manifests/llama31_8b_score_manifest.json	/dataset1/zailong/workspace/peft-sft-lab/reports/hns_release_20260912/data/step_grid/manifests/llama31_8b_variant_manifest.json	/dataset1/zailong/workspace/peft-sft-lab/reports/hns_release_20260912/data/step_grid/manifests/llama31_8b_generation_manifest.json		77.10386656557998					0.0			0.86962	0.57561	3.10694	0.39437	0.75265	0.34262	0.66795	1.71128	3.367178306054575	7.205024403258545	2.8454342492018045	1.0	1.0	1.0	1.0	1.0	1.0	0.0	0.0	0.86845	0.33206	2.5729313490344956	1.0	0.8712	0.35669	3.252953898472796	1.0	0.86957	0.3316	2.80632814527149	1.0	0.88137	0.32342	2.8391915192151784	1.0	0.85676	0.37584	2.8073945133509826	1.0	0.8759	0.32872	2.1434979565587935	1.0	0.84625	0.36716	1.4966427507073221	1.0	0.83899	0.36733	1.3382932966229395	1.0	0.91264	0.26504	2.0832197730723694	1.0	0.86366	0.40185	2.891722987010869	1.0	0.93383	0.24914	2.728278144990444	1.0	0.8161	0.41907	2.349861835017374	1.0	0.0	0.0	0.0	0.0	0.0	0.0	0.0	0.0	0.0	0.0	0.0	0.0	0.0	0.0	0.0	0.0	0.0	0.0	0.0	0.0	0.0	0.0	0.0	0.0	0.0	0.0	0.0	0.0	0.0	0.0	0.0	0.0	0.0	0.0	0.0	0.0	0.0	0.0	0.0	0.0	0.0	0.0	0.0	0.0	0.0	0.0	0.0	0.0	0.0	0.0	0.0	0.0	0.0	0.0	0.0	0.0	0.0	0.0	0.0	0.0	0.0	0.0	0.0	0.0	0.0	0.0	0.0	/dataset1/zailong/workspace/peft-sft-lab/configs/hns_forgetting_2x4_20260911.json	14.0208	12.18363	0.88678	0.27614	-0.09637	9.32085	0.40715	0.41138	0.3896	1.20134	2.18966	0.06532	2.13423	2.0046	0.99543	1.90331	-0.2971	1.29777	0.35266	-0.02008	-0.62233	0.02545	1.0	1.0	1.0	1.0	0.0	0.86962	0.0	0.0	0.0	0.0	0.0	0.0	0.0	0.0	0.0	0.0	0.0	0.0	0.0	0.0	0.0	0.0	0.0	0.0	0.0	0.0	0.0	0.0	0.0	0.0	0.0	3.43719	5.43219	0.47781	2.93663	0.59572	1.0	1.0	0.0	0.0	0.0	0.0	0.0	0.0	0.0	0.0	0.0
hns_grid_target	Llama-3.1-8B-Instruct	metamath	42	hns_f0_s0	metamath__hns_f0_s0	Llama-3.1-8B-Instruct/metamath/seed42	/dataset1/zailong/runs/peft-sft-lab/hns-step-grid-2x4-20260912/adapters/Llama-3.1-8B-Instruct/metamath/hns_f0_s0	/dataset1/zailong/models/spectral-surgery/Llama-3.1-8B-Instruct-MetaMathQA-50K-LoRA	False	True	77.33131159969673	/dataset1/zailong/workspace/peft-sft-lab/reports/hns_release_20260912/data/step_grid/manifests/llama31_8b_score_manifest.json	/dataset1/zailong/workspace/peft-sft-lab/reports/hns_release_20260912/data/step_grid/manifests/llama31_8b_variant_manifest.json	/dataset1/zailong/workspace/peft-sft-lab/reports/hns_release_20260912/data/step_grid/manifests/llama31_8b_generation_manifest.json		77.33131159969673					0.2274450341167551			0.86962	0.57561	3.10694	0.39437	0.75265	0.34262	0.66795	1.71128	3.367178306054575	7.205024403258545	2.8454344935155182	1.0	1.0	1.0	1.0	1.0	1.0	0.0	0.0	0.86845	0.33206	2.5729313490344956	1.0	0.8712	0.35669	3.252953898472796	1.0	0.86957	0.3316	2.80632814527149	1.0	0.88137	0.32342	2.8391915192151784	1.0	0.85676	0.37584	2.8073945133509826	1.0	0.8759	0.32872	2.1434979565587935	1.0	0.84625	0.36716	1.4966427507073221	1.0	0.83899	0.36733	1.3382932966229395	1.0	0.91264	0.26504	2.0832197730723694	1.0	0.86366	0.40185	2.891722987010869	1.0	0.93383	0.24914	2.728278144990444	1.0	0.8161	0.41907	2.349861835017374	1.0	0.0	0.0	0.0	0.0	0.0	0.0	0.0	0.0	0.0	0.0	2.4431371370425836e-07	0.0	0.0	0.0	0.0	0.0	0.0	0.0	0.0	0.0	0.0	0.0	0.0	0.0	0.0	0.0	0.0	0.0	0.0	0.0	0.0	0.0	0.0	0.0	0.0	0.0	0.0	0.0	0.0	0.0	0.0	0.0	0.0	0.0	0.0	0.0	0.0	0.0	0.0	0.0	0.0	0.0	0.0	0.0	0.0	0.0	0.0	0.0	0.0	0.0	0.0	0.0	0.0	0.0	0.0	0.0	0.0	/dataset1/zailong/workspace/peft-sft-lab/configs/hns_forgetting_2x4_20260911.json	14.0208	12.18362	0.88678	0.27614	-0.09637	9.32088	0.40715	0.41138	0.3896	1.20134	2.18966	0.06532	2.13423	2.0046	0.99543	1.90331	-0.2971	1.29776	0.35266	-0.02008	-0.62233	0.02544	1.0	1.0	1.0	1.0	0.0	0.86962	0.0	-1.000000000139778e-05	0.0	0.0	0.0	3.0000000000640625e-05	0.0	0.0	0.0	0.0	0.0	-1.0000000000065512e-05	0.0	0.0	-9.999999999999593e-06	0.0	0.0	0.0	0.0	0.0	0.0	0.0	0.0	0.0	0.0	3.43719	5.43219	0.47781	2.93663	0.59572	1.0	1.0	0.0	0.0	0.0	0.0	0.0	0.0	0.0	0.0	0.0
hns_grid_target	Llama-3.1-8B-Instruct	metamath	42	hns_f2_s0	metamath__hns_f2_s0	Llama-3.1-8B-Instruct/metamath/seed42	/dataset1/zailong/runs/peft-sft-lab/hns-step-grid-2x4-20260912/adapters/Llama-3.1-8B-Instruct/metamath/hns_f2_s0	/dataset1/zailong/models/spectral-surgery/Llama-3.1-8B-Instruct-MetaMathQA-50K-LoRA	False	False	80.89461713419257	/dataset1/zailong/workspace/peft-sft-lab/reports/hns_release_20260912/data/step_grid/manifests/llama31_8b_score_manifest.json	/dataset1/zailong/workspace/peft-sft-lab/reports/hns_release_20260912/data/step_grid/manifests/llama31_8b_variant_manifest.json	/dataset1/zailong/workspace/peft-sft-lab/reports/hns_release_20260912/data/step_grid/manifests/llama31_8b_generation_manifest.json		80.89461713419257					3.7907505686125944			0.98694	0.95607	12.39586	0.92557	0.97593	0.08191	0.32213	0.53699	3.2431397478541735	7.205024403258545	1.9850508001212341	0.88335	1.0	0.423	0.08902	0.18445	0.72121	0.3334	0.58127	0.98796	0.08121	2.4540045935291004	0.10581	0.98557	0.08285	3.127594928945237	0.0852	0.98465	0.08361	2.7032432327837004	0.10559	0.98785	0.08077	2.72072903954937	0.09579	0.98845	0.08131	2.655251943300654	0.07041	0.98785	0.0809	2.013882599221931	0.09719	0.98791	0.08256	1.3327594160749363	0.07945	0.98914	0.08224	1.1661672736493576	0.08297	0.98692	0.07913	1.9996226533484909	0.1368	0.98843	0.08045	2.7376721643943034	0.0665	0.98696	0.07899	2.6672840323624083	0.14163	0.98134	0.08912	2.1560194284512733	0.06867	0.11732000000000009	0.38046	9.288920000000001	0.5312	0.22327999999999992	-0.26071	-0.34582	-1.17429	-0.12403855820040155	0.0	-0.8603834490805704	-0.11665000000000003	0.0	-0.577	-0.91098	-0.81555	-0.27879	0.3334	0.58127	0.1195099999999999	-0.25085	-0.11892675550539522	-0.89419	0.11436999999999997	-0.27384000000000003	-0.12535896952755898	-0.9148000000000001	0.11508000000000007	-0.24799	-0.10308491248778973	-0.89441	0.10648000000000002	-0.24264999999999998	-0.11846247966580847	-0.90421	0.13169000000000008	-0.29453	-0.15214257005032872	-0.92959	0.11195	-0.24782	-0.12961535733686258	-0.90281	0.14166	-0.28459999999999996	-0.1638833346323858	-0.92055	0.15015	-0.28509	-0.17212602297358193	-0.91703	0.07428000000000001	-0.18591	-0.08359711972387851	-0.8632	0.12477000000000005	-0.3214	-0.15405082261656577	-0.9335	0.0531299999999999	-0.17015	-0.06099411262803578	-0.85837	0.16523999999999994	-0.32994999999999997	-0.19384240656610086	-0.93133	/dataset1/zailong/workspace/peft-sft-lab/configs/hns_forgetting_2x4_20260911.json	15.80895	15.64142	0.98722	0.08113	-0.03273	15.33722	0.03025	0.12664	0.87038	0.3894	-0.4932	-0.26975	29.02729	8.53254	0.13276	3.46951	-7.00361	0.05354	4.41865	0.0008	0.02487	0.0067	1.0	1.0	1.0	0.72121	0.3334	0.98694	1.78815	3.4577899999999993	0.10043999999999997	-0.19501000000000002	0.06364	6.01637	-0.3769	-0.86267	-0.28474	0.48078000000000004	-0.8119400000000001	-1.2442300000000002	0.02088	0.6472	-0.01875	-0.27879	0.3334	0.11732000000000009	6.527939999999999	26.893060000000002	1.5662	-6.70651	4.06599	-2.68286	-0.33507	13.702	14.80108	0.12456	1.2106	-0.01343	0.51115	0.38565	0.43078	10.26481	9.36889	-0.35325	-1.7260300000000002	-0.6091500000000001	-0.48885	-0.61435	0.43078
hns_grid_target	Llama-3.1-8B-Instruct	metamath	42	hns_f2_s1	metamath__hns_f2_s1	Llama-3.1-8B-Instruct/metamath/seed42	/dataset1/zailong/runs/peft-sft-lab/hns-step-grid-2x4-20260912/adapters/Llama-3.1-8B-Instruct/metamath/hns_f2_s1	/dataset1/zailong/models/spectral-surgery/Llama-3.1-8B-Instruct-MetaMathQA-50K-LoRA	False	False	80.81880212282032	/dataset1/zailong/workspace/peft-sft-lab/reports/hns_release_20260912/data/step_grid/manifests/llama31_8b_score_manifest.json	/dataset1/zailong/workspace/peft-sft-lab/reports/hns_release_20260912/data/step_grid/manifests/llama31_8b_variant_manifest.json	/dataset1/zailong/workspace/peft-sft-lab/reports/hns_release_20260912/data/step_grid/manifests/llama31_8b_generation_manifest.json		80.81880212282032					3.714935557240338			0.99934	0.99784	14.91145	0.99633	0.9988	0.06735	0.26643	0.08706	3.231632407342162	7.205024403258545	1.8802975078935518	0.87324	1.0	0.38093	0.12918	0.2765	0.75691	0.24868	0.49872	0.99973	0.0671	2.4426340897815977	0.14516	0.99882	0.06768	3.116052008547722	0.12556	0.9986	0.06788	2.6904922305579255	0.15302	0.99972	0.06705	2.7096665318950914	0.136	0.99973	0.06709	2.644603813553317	0.10503	0.99973	0.06708	2.002709858871731	0.13406	0.99973	0.06736	1.3215902338046361	0.11232	0.99976	0.0672	1.1561654844762799	0.11263	0.99969	0.06677	1.9877364934015598	0.18552	0.99972	0.067	2.727019379544223	0.1022	0.99968	0.06657	2.655349632872092	0.20496	0.99706	0.06948	2.1427099503803997	0.09381	0.12972000000000006	0.42223	11.80451	0.60196	0.24614999999999998	-0.27527	-0.40152000000000004	-1.62422	-0.13554589871241296	0.0	-0.9651367413082528	-0.12675999999999998	0.0	-0.61907	-0.87082	-0.7235	-0.24309000000000003	0.24868	0.49872	0.13127999999999995	-0.26496000000000003	-0.13029725925289792	-0.85484	0.12762000000000007	-0.28901	-0.13690188992507402	-0.87444	0.1290300000000001	-0.26372	-0.11583591471356458	-0.8469800000000001	0.11835000000000007	-0.25637	-0.129524987320087	-0.864	0.14297000000000004	-0.30875	-0.16279069979766536	-0.89497	0.12383	-0.26164	-0.14078809768706257	-0.8659399999999999	0.15348000000000006	-0.29979999999999996	-0.17505251690268597	-0.88768	0.16076999999999997	-0.30013	-0.18212781214665963	-0.88737	0.08704999999999996	-0.19827	-0.0954832796708096	-0.81448	0.13606000000000007	-0.33485	-0.16470360746664614	-0.8978	0.06584999999999996	-0.18257	-0.07292851211835227	-0.79504	0.1809599999999999	-0.34959	-0.20715188463697443	-0.90619	/dataset1/zailong/workspace/peft-sft-lab/configs/hns_forgetting_2x4_20260911.json	15.99557	15.99115	0.99972	0.01306	-0.00491	15.98235	0.00083	0.01993	0.96514	0.05777	-0.78716	-0.10678	40.88199	20.10147	0.05235	21.49066	-18.97968	0.00126	4.13321	1e-05	0.00041	0.00018	1.0	1.0	1.0	0.75691	0.24868	0.99934	1.9747700000000012	3.8075199999999985	0.11294000000000004	-0.26308	0.09146	6.6615	-0.40632	-0.94308	-0.39145	0.5755399999999999	-1.14357	-1.29651	0.02009	0.6227400000000001	-0.02527	-0.24309000000000003	0.24868	0.12972000000000006	18.09687	38.74776	19.587349999999997	-18.682579999999998	3.78055	-2.97682	-0.1721	12.24347	14.07593	0.15922	1.78846	-0.26118	0.54046	0.44808	0.31265	8.806280000000001	8.64374	-0.31859000000000004	-1.1481700000000001	-0.8569	-0.45953999999999995	-0.55192	0.31265
hns_grid_target	Llama-3.1-8B-Instruct	metamath	42	hns_f2_s2	metamath__hns_f2_s2	Llama-3.1-8B-Instruct/metamath/seed42	/dataset1/zailong/runs/peft-sft-lab/hns-step-grid-2x4-20260912/adapters/Llama-3.1-8B-Instruct/metamath/hns_f2_s2	/dataset1/zailong/models/spectral-surgery/Llama-3.1-8B-Instruct-MetaMathQA-50K-LoRA	False	False	80.28809704321456	/dataset1/zailong/workspace/peft-sft-lab/reports/hns_release_20260912/data/step_grid/manifests/llama31_8b_score_manifest.json	/dataset1/zailong/workspace/peft-sft-lab/reports/hns_release_20260912/data/step_grid/manifests/llama31_8b_variant_manifest.json	/dataset1/zailong/workspace/peft-sft-lab/reports/hns_release_20260912/data/step_grid/manifests/llama31_8b_generation_manifest.json		80.28809704321456					3.1842304776345856			0.9999	0.99968	15.9552	0.99949	0.99982	0.06276	0.25085	0.00493	3.2312523180490897	7.205024403258545	1.846548703763427	0.87291	1.0	0.36829	0.13513	0.29175	0.76199	0.23799	0.48784	1.0	0.06268	2.4423495527695347	0.15073	0.99977	0.06288	3.115647066760605	0.13159	0.99972	0.06292	2.68991941446263	0.15955	1.0	0.06268	2.709384571339742	0.14194	1.0	0.06268	2.644323148623963	0.11053	1.0	0.06268	2.002438517421537	0.13908	1.0	0.06268	1.3213225686789942	0.11692	1.0	0.06268	1.1559298547363723	0.1165	1.0	0.06267	1.98742463621415	0.19284	1.0	0.06267	2.726741071481639	0.10776	1.0	0.06266	2.6550268470964835	0.21511	0.99932	0.06329	2.141668042202721	0.09609	0.13028000000000006	0.42407000000000006	12.84826	0.60512	0.24717	-0.27986	-0.4171	-1.7063499999999998	-0.13592598800548528	0.0	-0.9988855454383776	-0.12709000000000004	0.0	-0.63171	-0.86487	-0.70825	-0.23801000000000005	0.23799	0.48784	0.13154999999999994	-0.26938	-0.13058179626496091	-0.84927	0.12857000000000007	-0.29381	-0.13730683171219082	-0.86841	0.1301500000000001	-0.26868000000000003	-0.11640873080885994	-0.84045	0.11863000000000001	-0.26073999999999997	-0.12980694787543623	-0.85806	0.14324000000000003	-0.31316	-0.16307136472701966	-0.88947	0.12409999999999999	-0.26604	-0.1410594391372566	-0.86092	0.15375000000000005	-0.30448	-0.1753201820283279	-0.88308	0.16101	-0.30465	-0.18236344188656717	-0.8835	0.08736	-0.20237	-0.09579513685821928	-0.80716	0.13634000000000002	-0.33918	-0.16498191552923025	-0.89224	0.06616999999999995	-0.18648	-0.07325129789396057	-0.78489	0.18321999999999994	-0.35578	-0.2081937928146531	-0.90391	/dataset1/zailong/workspace/peft-sft-lab/configs/hns_forgetting_2x4_20260911.json	16.0	15.99999	1.0	0.00035	-0.00013	15.99999	0.0	0.00057	0.9986	0.0016	-0.50408	0.13257	660.60607	579.67116	0.00173	702.19577	-563.94874	0.0	138.20536	0.0	0.0	0.0	1.0	1.0	1.0	0.76199	0.23799	0.9999	1.9792000000000005	3.8163599999999995	0.11321999999999999	-0.27579	0.09623999999999999	6.67914	-0.40715	-0.9937	-0.41081	0.609	-1.19974	-1.29777	0.02008	0.62233	-0.02545	-0.23801000000000005	0.23799	0.13028000000000006	577.66656	658.47184	700.29246	-563.65164	137.85270000000003	-2.69374	0.06724999999999999	11.92348	13.89175	0.16334	1.77837	-0.35492	0.54588	0.45715	0.29867	8.48629	8.45956	-0.31447	-1.15826	-0.95064	-0.45411999999999997	-0.54285	0.29867
hns_grid_target	Llama-3.1-8B-Instruct	metamath	42	hns_f4_s0	metamath__hns_f4_s0	Llama-3.1-8B-Instruct/metamath/seed42	/dataset1/zailong/runs/peft-sft-lab/hns-step-grid-2x4-20260912/adapters/Llama-3.1-8B-Instruct/metamath/hns_f4_s0	/dataset1/zailong/models/spectral-surgery/Llama-3.1-8B-Instruct-MetaMathQA-50K-LoRA	False	False	80.89461713419257	/dataset1/zailong/workspace/peft-sft-lab/reports/hns_release_20260912/data/step_grid/manifests/llama31_8b_score_manifest.json	/dataset1/zailong/workspace/peft-sft-lab/reports/hns_release_20260912/data/step_grid/manifests/llama31_8b_variant_manifest.json	/dataset1/zailong/workspace/peft-sft-lab/reports/hns_release_20260912/data/step_grid/manifests/llama31_8b_generation_manifest.json		80.89461713419257					3.7907505686125944			0.98731	0.95218	11.02173	0.9117	0.97525	0.09164	0.35138	0.4795	3.2436791446772664	7.205024403258545	2.057672286102329	0.88382	1.0	0.45486	0.12309	0.2489	0.74524	0.28901	0.53913	0.98735	0.09094	2.454799260816168	0.14991	0.98724	0.09259	3.128067941200289	0.117	0.98733	0.09251	2.702089801110677	0.14145	0.98721	0.09171	2.7219450409081847	0.13432	0.98739	0.09061	2.6568785761124976	0.09917	0.98672	0.0919	2.0155462738345853	0.13475	0.98688	0.08902	1.3341446724098358	0.10604	0.98765	0.08782	1.1679605174360774	0.11011	0.98816	0.095	1.999176398970473	0.20318	0.98736	0.09099	2.73923998884298	0.09045	0.98787	0.09809	2.6672135309696188	0.20975	0.9865	0.08868	2.154490925345452	0.07782	0.11769000000000007	0.37657000000000007	7.91479	0.51733	0.2225999999999999	-0.25098	-0.31657	-1.2317799999999999	-0.12349916137730865	0.0	-0.7877619630994754	-0.11617999999999995	0.0	-0.54514	-0.87691	-0.7511	-0.25476	0.28901	0.53913	0.1188999999999999	-0.24112000000000003	-0.11813208821832744	-0.85009	0.11604000000000003	-0.2641	-0.12488595727250695	-0.883	0.11776000000000009	-0.23909000000000002	-0.10423834416081323	-0.85855	0.10584000000000005	-0.23170999999999997	-0.11724647830699375	-0.86568	0.13063000000000002	-0.28523	-0.150515937238485	-0.90083	0.11082000000000003	-0.23682000000000003	-0.1279516827242082	-0.86525	0.14063000000000003	-0.27814	-0.1624980782974863	-0.89396	0.14866000000000001	-0.27951	-0.17033277918686207	-0.88989	0.07552000000000003	-0.17004	-0.08404337410189644	-0.79682	0.12370000000000003	-0.31085999999999997	-0.15248299816788924	-0.90955	0.05403999999999998	-0.15105000000000002	-0.0610646140208253	-0.79025	0.1704	-0.33039	-0.19537090967192228	-0.92218	/dataset1/zailong/workspace/peft-sft-lab/configs/hns_forgetting_2x4_20260911.json	15.79728	15.60675	0.98722	0.08971	-0.03407	15.23937	0.03606	0.14184	0.81905	0.40382	-1.39793	-0.18193	11.96674	4.40521	0.29367	3.12592	-3.39397	0.03598	1.5165	0.00014	0.00425	0.0041	1.0	1.0	1.0	0.74524	0.28901	0.98731	1.7764800000000012	3.423119999999999	0.10043999999999997	-0.18642999999999998	0.062299999999999994	5.918519999999999	-0.37109000000000003	-0.70176	-0.26954	0.42944999999999994	-0.79752	-1.2617900000000002	0.020220000000000002	0.62658	-0.02135	-0.25476	0.28901	0.11769000000000007	2.4006100000000004	9.83251	1.2226099999999998	-3.09687	1.16384	-3.5875899999999996	-0.24725000000000003	12.10125	13.93498	0.15771	1.4693	0.15554	0.53556	0.4221	0.37882	8.66406	8.50279	-0.32010000000000005	-1.46733	-0.44018	-0.46443999999999996	-0.5779000000000001	0.37882
hns_grid_target	Llama-3.1-8B-Instruct	metamath	42	hns_f4_s1	metamath__hns_f4_s1	Llama-3.1-8B-Instruct/metamath/seed42	/dataset1/zailong/runs/peft-sft-lab/hns-step-grid-2x4-20260912/adapters/Llama-3.1-8B-Instruct/metamath/hns_f4_s1	/dataset1/zailong/models/spectral-surgery/Llama-3.1-8B-Instruct-MetaMathQA-50K-LoRA	False	False	80.66717210007582	/dataset1/zailong/workspace/peft-sft-lab/reports/hns_release_20260912/data/step_grid/manifests/llama31_8b_score_manifest.json	/dataset1/zailong/workspace/peft-sft-lab/reports/hns_release_20260912/data/step_grid/manifests/llama31_8b_variant_manifest.json	/dataset1/zailong/workspace/peft-sft-lab/reports/hns_release_20260912/data/step_grid/manifests/llama31_8b_generation_manifest.json		80.66717210007582					3.5633055344958393			0.99992	0.99968	15.41343	0.99937	0.99984	0.06489	0.25698	0.0486	3.2312992024991094	7.205024403258545	1.8640610312482473	0.87295	1.0	0.3748	0.13303	0.28607	0.75995	0.24214	0.49208	0.99992	0.06486	2.4424289140301654	0.14948	0.99992	0.06493	3.1156855028517003	0.1293	0.99992	0.06494	2.689910881298497	0.15668	0.99992	0.06489	2.7094596441442937	0.14017	0.99992	0.06482	2.6443986312272485	0.10874	0.99991	0.06501	2.002526974449797	0.13754	0.99992	0.0648	1.3214057882560315	0.11522	0.99992	0.06468	1.1560054544413532	0.11539	0.99993	0.06495	1.9874943191471426	0.19217	0.99992	0.06482	2.726816731474366	0.10561	0.99993	0.06509	2.6550948894494466	0.21255	0.99991	0.06487	2.141503820331573	0.09373	0.13030000000000008	0.42407000000000006	12.30649	0.605	0.2471899999999999	-0.27773	-0.41097000000000006	-1.66268	-0.13587910355546562	0.0	-0.9813732179535573	-0.12705	0.0	-0.6252	-0.86697	-0.71393	-0.24004999999999999	0.24214	0.49208	0.13146999999999998	-0.2672	-0.13050243500433023	-0.8505199999999999	0.12872000000000006	-0.29176	-0.1372683956210956	-0.8707	0.13035000000000008	-0.26666	-0.11641726397299301	-0.84332	0.11855000000000004	-0.25853	-0.12973187507088468	-0.85983	0.14316000000000006	-0.31102	-0.16299588212373406	-0.8912599999999999	0.12400999999999995	-0.26371	-0.1409709821089966	-0.86246	0.15367000000000008	-0.30235999999999996	-0.1752369624512906	-0.88478	0.16093000000000002	-0.30265	-0.18228784218158633	-0.88461	0.08728999999999998	-0.20009	-0.0957254539252268	-0.80783	0.13626000000000005	-0.33703	-0.1649062555365033	-0.89439	0.06609999999999994	-0.18405	-0.07318325554099747	-0.78745	0.18380999999999992	-0.3542	-0.20835801468580106	-0.90627	/dataset1/zailong/workspace/peft-sft-lab/configs/hns_forgetting_2x4_20260911.json	15.99876	15.99753	0.99992	0.00655	-0.00247	15.99507	0.00023	0.00909	0.9814	0.03065	0.29898	-0.14029	64.99359	70.91118	0.0143	37.78068	-68.17456	0.00053	29.53807	1e-05	0.00016	-9e-05	1.0	1.0	1.0	0.75995	0.24214	0.99992	1.9779600000000013	3.8138999999999985	0.11314000000000002	-0.26959	0.0939	6.67422	-0.40692	-0.9811300000000001	-0.40229000000000004	0.5918000000000001	-1.17069	-1.2972400000000002	0.02009	0.6224900000000001	-0.02554	-0.24004999999999999	0.24214	0.13030000000000008	68.90658	62.859359999999995	35.87737	-67.87746	29.18541	-1.89068	-0.20561000000000001	12.03402	13.92427	0.16322	1.75387	-0.27894	0.5438	0.45321	0.30543	8.59683	8.49208	-0.31459000000000004	-1.18276	-0.87466	-0.45620000000000005	-0.54679	0.30543
hns_grid_target	Llama-3.1-8B-Instruct	metamath	42	hns_f4_s2	metamath__hns_f4_s2	Llama-3.1-8B-Instruct/metamath/seed42	/dataset1/zailong/runs/peft-sft-lab/hns-step-grid-2x4-20260912/adapters/Llama-3.1-8B-Instruct/metamath/hns_f4_s2	/dataset1/zailong/models/spectral-surgery/Llama-3.1-8B-Instruct-MetaMathQA-50K-LoRA	False	False	81.04624715693708	/dataset1/zailong/workspace/peft-sft-lab/reports/hns_release_20260912/data/step_grid/manifests/llama31_8b_score_manifest.json	/dataset1/zailong/workspace/peft-sft-lab/reports/hns_release_20260912/data/step_grid/manifests/llama31_8b_variant_manifest.json	/dataset1/zailong/workspace/peft-sft-lab/reports/hns_release_20260912/data/step_grid/manifests/llama31_8b_generation_manifest.json		81.04624715693708					3.9423805913571073			1.0	1.0	15.98883	1.0	1.0	0.06254	0.25008	0.0004	3.2312236891701263	7.205024403258545	1.8452434235599646	0.87288	1.0	0.36781	0.13521	0.29193	0.76194	0.23805	0.4879	1.0	0.06254	2.442349329214628	0.15089	1.0	0.06254	3.11561104869726	0.13165	1.0	0.06254	2.6898353752410697	0.15952	1.0	0.06254	2.709384305415432	0.1421	1.0	0.06254	2.644322911069844	0.11064	1.0	0.06255	2.0024382983914846	0.13923	1.0	0.06254	1.3213223715522866	0.11702	1.0	0.06254	1.1559296945812922	0.11659	1.0	0.06254	1.9874243890033942	0.19308	1.0	0.06254	2.726740816759118	0.10786	1.0	0.06254	2.6550265812077822	0.21542	1.0	0.06254	2.14141690810691	0.09574	0.13038000000000005	0.42439000000000004	12.88189	0.60563	0.24734999999999996	-0.28008	-0.41787	-1.71088	-0.13595461688444876	0.0	-1.00019082564184	-0.12712	0.0	-0.63219	-0.86479	-0.70807	-0.23806000000000005	0.23805	0.4879	0.13154999999999994	-0.26952000000000004	-0.1305820198198675	-0.84911	0.12880000000000003	-0.29415	-0.137342849775536	-0.86835	0.13043000000000005	-0.26906	-0.11649277003042036	-0.84048	0.11863000000000001	-0.26088	-0.12980721379974636	-0.8579	0.14324000000000003	-0.3133	-0.1630716022811387	-0.88936	0.12409999999999999	-0.26617	-0.14105965816730892	-0.86077	0.15375000000000005	-0.30462	-0.1753203791550355	-0.88298	0.16101	-0.30479	-0.18236360204164725	-0.88341	0.08736	-0.2025	-0.09579538406897514	-0.80692	0.13634000000000002	-0.33931	-0.1649821702517511	-0.89214	0.06616999999999995	-0.1866	-0.07325156378266184	-0.78458	0.18389999999999995	-0.35653	-0.208444926910464	-0.90426	/dataset1/zailong/workspace/peft-sft-lab/configs/hns_forgetting_2x4_20260911.json	16.0	16.0	1.0	5e-05	-2e-05	16.0	0.0	8e-05	0.99965	0.00022	2.31058	0.25177		4132.35206	0.00024		-3739.4892	0.0	1669.00004	0.0	0.0	-0.0	1.0	1.0	1.0	0.76194	0.23805	1.0	1.9792000000000005	3.816369999999999	0.11321999999999999	-0.27609	0.09634999999999999	6.67915	-0.40715	-0.99519	-0.4113	0.61005	-1.20112	-1.29777	0.02008	0.62233	-0.02545	-0.23806000000000005	0.23805	0.13038000000000005	4130.34746			-3739.1921	1668.6473799999999	0.12091999999999992	0.18645	11.91811	13.88753	0.16354	1.77839	-0.35206	0.54598	0.4573	0.29847	8.480920000000001	8.45534	-0.31427000000000005	-1.1582400000000002	-0.9477800000000001	-0.45402	-0.5427	0.29847
hns_grid_target	Llama-3.1-8B-Instruct	metamath	42	hns_f8_s0	metamath__hns_f8_s0	Llama-3.1-8B-Instruct/metamath/seed42	/dataset1/zailong/runs/peft-sft-lab/hns-step-grid-2x4-20260912/adapters/Llama-3.1-8B-Instruct/metamath/hns_f8_s0	/dataset1/zailong/models/spectral-surgery/Llama-3.1-8B-Instruct-MetaMathQA-50K-LoRA	False	False	80.66717210007582	/dataset1/zailong/workspace/peft-sft-lab/reports/hns_release_20260912/data/step_grid/manifests/llama31_8b_score_manifest.json	/dataset1/zailong/workspace/peft-sft-lab/reports/hns_release_20260912/data/step_grid/manifests/llama31_8b_variant_manifest.json	/dataset1/zailong/workspace/peft-sft-lab/reports/hns_release_20260912/data/step_grid/manifests/llama31_8b_generation_manifest.json		80.66717210007582					3.5633055344958393			0.981	0.93199	11.35776	0.88175	0.96381	0.08899	0.35035	0.50007	3.2499323510372755	7.205024403258545	2.0506880661878744	0.88937	1.0	0.4517	0.13125	0.25608	0.74741	0.29375	0.5442	0.98095	0.08798	2.4610690942115876	0.15998	0.98107	0.09035	3.134316822121457	0.12473	0.9807	0.08974	2.7090323404913033	0.15459	0.98102	0.08925	2.7279086351125534	0.14347	0.98131	0.08789	2.6627062787922675	0.10268	0.98048	0.08892	2.021393503258531	0.14906	0.9809	0.08639	1.3396840104810657	0.1117	0.98168	0.08555	1.1733643940747904	0.11936	0.98075	0.09106	2.0062392437479786	0.20935	0.98121	0.088	2.7449630893694006	0.09893	0.98018	0.09689	2.6747513453368095	0.21989	0.98181	0.08615	2.1588298670002217	0.08042	0.11138000000000003	0.35638000000000003	8.250820000000001	0.48738000000000004	0.2111599999999999	-0.25362999999999997	-0.31760000000000005	-1.21121	-0.11724595501729951	0.0	-0.7947461830139302	-0.11063	0.0	-0.5483	-0.86875	-0.74392	-0.25259	0.29375	0.5442	0.11249999999999993	-0.24408000000000002	-0.11186225482290801	-0.84002	0.10987000000000002	-0.26634	-0.11863707635133913	-0.87527	0.11113000000000006	-0.24186000000000002	-0.09729580478018685	-0.84541	0.09965000000000002	-0.23417	-0.11128288410262499	-0.85653	0.12455000000000005	-0.28795000000000004	-0.14468823455871505	-0.89732	0.10458	-0.2398	-0.12210445330026243	-0.85094	0.13465000000000005	-0.28076999999999996	-0.15695874022625644	-0.8883	0.14268999999999998	-0.28178	-0.16492890254814907	-0.88064	0.06811	-0.17398	-0.07698052932439081	-0.79065	0.11755000000000004	-0.31384999999999996	-0.14675989764146857	-0.90107	0.04635	-0.15225	-0.053526799653634605	-0.78011	0.1657099999999999	-0.33292	-0.1910319680171524	-0.91958	/dataset1/zailong/workspace/peft-sft-lab/configs/hns_forgetting_2x4_20260911.json	15.69225	15.41173	0.98024	0.10499	-0.04083	14.895	0.05209	0.188	0.82612	0.46572	-1.69544	-0.2197	24.62585	9.17812	0.12228	2.59521	-5.78539	0.0512	8.43444	0.0004	0.01255	-0.00135	1.0	1.0	1.0	0.74741	0.29375	0.981	1.67145	3.2280999999999995	0.09345999999999999	-0.17115	0.05554	5.5741499999999995	-0.35506000000000004	-0.8731500000000001	-0.22338000000000002	0.43651999999999996	-0.73562	-1.2465700000000002	0.02048	0.63488	-0.0268	-0.25259	0.29375	0.11138000000000003	7.17352	22.49162	0.6918999999999997	-5.488289999999999	8.08178	-3.8851	-0.28502	11.72145	13.64831	0.16127	1.50773	-0.00428	0.54096	0.42551	0.38129	8.28426	8.21612	-0.31654000000000004	-1.4289	-0.6	-0.45904	-0.57449	0.38129
hns_grid_target	Llama-3.1-8B-Instruct	metamath	42	hns_f8_s1	metamath__hns_f8_s1	Llama-3.1-8B-Instruct/metamath/seed42	/dataset1/zailong/runs/peft-sft-lab/hns-step-grid-2x4-20260912/adapters/Llama-3.1-8B-Instruct/metamath/hns_f8_s1	/dataset1/zailong/models/spectral-surgery/Llama-3.1-8B-Instruct-MetaMathQA-50K-LoRA	False	False	80.13646702047005	/dataset1/zailong/workspace/peft-sft-lab/reports/hns_release_20260912/data/step_grid/manifests/llama31_8b_score_manifest.json	/dataset1/zailong/workspace/peft-sft-lab/reports/hns_release_20260912/data/step_grid/manifests/llama31_8b_variant_manifest.json	/dataset1/zailong/workspace/peft-sft-lab/reports/hns_release_20260912/data/step_grid/manifests/llama31_8b_generation_manifest.json		80.13646702047005					3.0326004548900727			0.99984	0.99938	15.32319	0.99877	0.99969	0.06529	0.25991	0.05437	3.231376182674979	7.205024403258545	1.867671320096215	0.87302	1.0	0.37615	0.13391	0.28733	0.76046	0.24123	0.49116	0.99984	0.06524	2.442506656325645	0.15042	0.99985	0.06535	3.1157622847651925	0.13016	0.99984	0.06533	2.689990107026247	0.15782	0.99985	0.06533	2.709537091525294	0.14138	0.99985	0.0652	2.6444726197133717	0.10911	0.99984	0.06537	2.002602560479043	0.13895	0.99984	0.06516	1.321483668405127	0.1156	0.99984	0.06509	1.1560854936369171	0.11619	0.99985	0.06537	1.9875738117016297	0.19273	0.99985	0.06522	2.7268923728268404	0.1063	0.99985	0.06574	2.655179090035627	0.21447	0.99985	0.0651	2.141563557259034	0.09375	0.13022	0.4237700000000001	12.21625	0.6044	0.24703999999999993	-0.27732999999999997	-0.40804000000000007	-1.6569099999999999	-0.13580212337959585	0.0	-0.9777629291055896	-0.12697999999999998	0.0	-0.62385	-0.86609	-0.71267	-0.23953999999999998	0.24123	0.49116	0.1313899999999999	-0.26682	-0.13042469270885082	-0.84958	0.12865000000000004	-0.29134	-0.13719161370760347	-0.86984	0.13027	-0.26627	-0.11633803824524325	-0.84218	0.11848000000000003	-0.25809	-0.12965442768988433	-0.8586199999999999	0.14309000000000005	-0.31064	-0.1629218936376109	-0.89089	0.12393999999999994	-0.26335000000000003	-0.14089539607975032	-0.86105	0.15359	-0.302	-0.17515908230219512	-0.8844	0.16084999999999994	-0.30224	-0.18220780298602235	-0.88381	0.08721000000000001	-0.19967000000000001	-0.09564596137073966	-0.8072699999999999	0.13619000000000003	-0.33663	-0.16483061418402878	-0.8936999999999999	0.06601999999999997	-0.1834	-0.07309905495481717	-0.7855300000000001	0.18374999999999997	-0.35397	-0.20829827775833998	-0.90625	/dataset1/zailong/workspace/peft-sft-lab/configs/hns_forgetting_2x4_20260911.json	15.99747	15.99495	0.99984	0.00984	-0.00371	15.98994	0.00047	0.01531	0.97847	0.04499	-1.00888	-0.20452	81.02718	48.2738	0.02115	22.51365	-41.9009	0.00066	26.48441	1e-05	0.0002	-0.00011	1.0	1.0	1.0	0.76046	0.24123	0.99984	1.9766700000000004	3.8113199999999985	0.11305999999999994	-0.2663	0.09265999999999999	6.669090000000001	-0.40668	-0.97428	-0.39607000000000003	0.58887	-1.15635	-1.29711	0.02009	0.62253	-0.02556	-0.23953999999999998	0.24123	0.13022	46.2692	78.89295	20.610339999999997	-41.6038	26.13175	-3.19854	-0.26984	11.99561	13.94357	0.16405	1.73926	-0.27	0.54438	0.45399	0.3045	8.558419999999998	8.511379999999999	-0.31376000000000004	-1.19737	-0.86572	-0.45562	-0.54601	0.3045
hns_grid_target	Llama-3.1-8B-Instruct	metamath	42	hns_f8_s2	metamath__hns_f8_s2	Llama-3.1-8B-Instruct/metamath/seed42	/dataset1/zailong/runs/peft-sft-lab/hns-step-grid-2x4-20260912/adapters/Llama-3.1-8B-Instruct/metamath/hns_f8_s2	/dataset1/zailong/models/spectral-surgery/Llama-3.1-8B-Instruct-MetaMathQA-50K-LoRA	False	False	80.81880212282032	/dataset1/zailong/workspace/peft-sft-lab/reports/hns_release_20260912/data/step_grid/manifests/llama31_8b_score_manifest.json	/dataset1/zailong/workspace/peft-sft-lab/reports/hns_release_20260912/data/step_grid/manifests/llama31_8b_variant_manifest.json	/dataset1/zailong/workspace/peft-sft-lab/reports/hns_release_20260912/data/step_grid/manifests/llama31_8b_generation_manifest.json		80.81880212282032					3.714935557240338			1.0	1.0	15.9884	1.0	1.0	0.06254	0.2501	0.00049	3.2312237151617023	7.205024403258545	1.8452688062364846	0.87288	1.0	0.36782	0.1352	0.29191	0.76193	0.23806	0.48792	1.0	0.06254	2.442349336027001	0.15089	1.0	0.06254	3.1156110796781733	0.13164	1.0	0.06254	2.6898354018608077	0.15951	1.0	0.06254	2.709384349041682	0.14208	1.0	0.06254	2.6443229162880635	0.11064	1.0	0.06254	2.002438290943903	0.13922	1.0	0.06254	1.3213223712185393	0.11701	1.0	0.06254	1.1559296939032089	0.11659	1.0	0.06254	1.987424413816212	0.19308	1.0	0.06254	2.7267408514295366	0.10786	1.0	0.06254	2.655026613642636	0.21539	1.0	0.06254	2.1414169231312887	0.09574	0.13038000000000005	0.42439000000000004	12.88146	0.60563	0.24734999999999996	-0.28008	-0.41785000000000005	-1.7107899999999998	-0.13595459089287276	0.0	-1.00016544296532	-0.12712	0.0	-0.63218	-0.8648	-0.70809	-0.23807	0.23806	0.48792	0.13154999999999994	-0.26952000000000004	-0.1305820130074946	-0.84911	0.12880000000000003	-0.29415	-0.13734281879462262	-0.86836	0.13043000000000005	-0.26906	-0.11649274341068239	-0.84049	0.11863000000000001	-0.26088	-0.12980717017349663	-0.85792	0.14324000000000003	-0.3133	-0.16307159706291907	-0.88936	0.12409999999999999	-0.26618	-0.14105966561489058	-0.86078	0.15375000000000005	-0.30462	-0.17532037948878276	-0.8829899999999999	0.16101	-0.30479	-0.18236360271973062	-0.88341	0.08736	-0.2025	-0.09579535925615734	-0.80692	0.13634000000000002	-0.33931	-0.16498213558133257	-0.89214	0.06616999999999995	-0.1866	-0.07325153134780793	-0.78461	0.18389999999999995	-0.35653	-0.20844491188608538	-0.90426	/dataset1/zailong/workspace/peft-sft-lab/configs/hns_forgetting_2x4_20260911.json	16.0	16.0	1.0	8e-05	-3e-05	16.0	0.0	0.00011	0.99964	0.00035	0.30447	0.13356		3257.4476	0.00031	2976.78888	-3169.41171	0.0	1451.29166	0.0	0.0	-0.0	1.0	1.0	1.0	0.76193	0.23806	1.0	1.9792000000000005	3.816369999999999	0.11321999999999999	-0.27605999999999997	0.09634	6.67915	-0.40715	-0.99512	-0.41127	0.6100399999999999	-1.20099	-1.29777	0.02008	0.62233	-0.02545	-0.23807	0.23806	0.13038000000000005	3255.4429999999998		2974.88557	-3169.11461	1450.939	-1.88519	0.06824000000000001	11.91853	13.8873	0.16353	1.77848	-0.35183	0.54597	0.45729	0.29848	8.48134	8.45511	-0.31428	-1.15815	-0.94755	-0.45403000000000004	-0.54271	0.29848
hns_grid_target	Llama-3.1-8B-Instruct	tulu	42	original_lora	tulu__original_lora	Llama-3.1-8B-Instruct/tulu/seed42	/dataset1/zailong/models/spectral-surgery/Llama-3.1-8B-Instruct-InstructionFollowing-LoRA	/dataset1/zailong/models/spectral-surgery/Llama-3.1-8B-Instruct-InstructionFollowing-LoRA	True	False	63.21626617375231	/dataset1/zailong/workspace/peft-sft-lab/reports/hns_release_20260912/data/step_grid/manifests/llama31_8b_score_manifest.json	/dataset1/zailong/workspace/peft-sft-lab/reports/hns_release_20260912/data/step_grid/manifests/llama31_8b_variant_manifest.json	/dataset1/zailong/workspace/peft-sft-lab/reports/hns_release_20260912/data/step_grid/manifests/llama31_8b_generation_manifest.json			63.21626617375231				0.0			0.89746	0.64501	3.59453	0.4669	0.79935	0.31149	0.61463	1.50954	3.1120502129466763	6.940275174327911	2.644789249230852	1.0	1.0	1.0	1.0	1.0	1.0	0.0	0.0	0.91106	0.27167	2.2672104733494405	1.0	0.87934	0.36458	3.010025044379437	1.0	0.90958	0.28058	2.4669848129147853	1.0	0.9056	0.2918	2.5739145975360302	1.0	0.8752	0.36715	2.6333650014561125	1.0	0.91221	0.28991	1.8098681555031297	1.0	0.88402	0.314	1.1713877284203702	1.0	0.89932	0.28988	1.0453278996103195	1.0	0.94869	0.1929	1.810052891214793	1.0	0.80668	0.51334	2.6660451314777105	1.0	0.93018	0.27086	2.501479264189921	1.0	0.90116	0.30954	2.0115709002756916	1.0	0.0	0.0	0.0	0.0	0.0	0.0	0.0	0.0	0.0	0.0	0.0	0.0	0.0	0.0	0.0	0.0	0.0	0.0	0.0	0.0	0.0	0.0	0.0	0.0	0.0	0.0	0.0	0.0	0.0	0.0	0.0	0.0	0.0	0.0	0.0	0.0	0.0	0.0	0.0	0.0	0.0	0.0	0.0	0.0	0.0	0.0	0.0	0.0	0.0	0.0	0.0	0.0	0.0	0.0	0.0	0.0	0.0	0.0	0.0	0.0	0.0	0.0	0.0	0.0	0.0	0.0	0.0	/dataset1/zailong/workspace/peft-sft-lab/configs/hns_forgetting_2x4_20260911.json	14.5783	13.21301	0.91862	0.22964	-0.08041	10.72633	0.30963	0.34057	0.43035	1.00659	2.19528	0.07702	2.34212	2.2466	0.80221	2.0604	-1.1883	1.00233	0.40445	-0.01518	-0.47063	0.25273	1.0	1.0	1.0	1.0	0.0	0.89746	0.0	0.0	0.0	0.0	0.0	0.0	0.0	0.0	0.0	0.0	0.0	0.0	0.0	0.0	0.0	0.0	0.0	0.0	0.0	0.0	0.0	0.0	0.0	0.0	0.0	3.87454	6.35917	0.4531	5.58506	1.82707	1.0	1.0	0.0	0.0	0.0	0.0	0.0	0.0	0.0	0.0	0.0
hns_grid_target	Llama-3.1-8B-Instruct	tulu	42	hns_f0_s0	tulu__hns_f0_s0	Llama-3.1-8B-Instruct/tulu/seed42	/dataset1/zailong/runs/peft-sft-lab/hns-step-grid-2x4-20260912/adapters/Llama-3.1-8B-Instruct/tulu/hns_f0_s0	/dataset1/zailong/models/spectral-surgery/Llama-3.1-8B-Instruct-InstructionFollowing-LoRA	False	True	63.58595194085028	/dataset1/zailong/workspace/peft-sft-lab/reports/hns_release_20260912/data/step_grid/manifests/llama31_8b_score_manifest.json	/dataset1/zailong/workspace/peft-sft-lab/reports/hns_release_20260912/data/step_grid/manifests/llama31_8b_variant_manifest.json	/dataset1/zailong/workspace/peft-sft-lab/reports/hns_release_20260912/data/step_grid/manifests/llama31_8b_generation_manifest.json			63.58595194085028				0.36968576709796963			0.89746	0.64501	3.59453	0.4669	0.79935	0.31149	0.61463	1.50954	3.1120502129466763	6.940275174327911	2.644790022574839	1.0	1.0	1.0	1.0	1.0	1.0	0.0	0.0	0.91106	0.27167	2.2672104733494405	1.0	0.87934	0.36458	3.010025044379437	1.0	0.90958	0.28058	2.4669848129147853	1.0	0.9056	0.2918	2.5739145975360302	1.0	0.8752	0.36715	2.6333650014561125	1.0	0.91221	0.28991	1.8098681555031297	1.0	0.88402	0.314	1.1713877284203702	1.0	0.89932	0.28988	1.0453278996103195	1.0	0.94869	0.1929	1.810052891214793	1.0	0.80668	0.51334	2.6660451314777105	1.0	0.93018	0.27086	2.501479264189921	1.0	0.90116	0.30954	2.0115709002756916	1.0	0.0	0.0	0.0	0.0	0.0	0.0	0.0	0.0	0.0	0.0	7.733439870705183e-07	0.0	0.0	0.0	0.0	0.0	0.0	0.0	0.0	0.0	0.0	0.0	0.0	0.0	0.0	0.0	0.0	0.0	0.0	0.0	0.0	0.0	0.0	0.0	0.0	0.0	0.0	0.0	0.0	0.0	0.0	0.0	0.0	0.0	0.0	0.0	0.0	0.0	0.0	0.0	0.0	0.0	0.0	0.0	0.0	0.0	0.0	0.0	0.0	0.0	0.0	0.0	0.0	0.0	0.0	0.0	0.0	/dataset1/zailong/workspace/peft-sft-lab/configs/hns_forgetting_2x4_20260911.json	14.5783	13.213	0.91862	0.22964	-0.08041	10.72635	0.30963	0.34057	0.43035	1.00659	2.19528	0.07702	2.34211	2.2466	0.80221	2.0604	-1.1883	1.00232	0.40444	-0.01518	-0.47063	0.25273	1.0	1.0	1.0	1.0	0.0	0.89746	0.0	-1.000000000139778e-05	0.0	0.0	0.0	1.9999999999242846e-05	0.0	0.0	0.0	0.0	0.0	-9.999999999843467e-06	0.0	0.0	0.0	0.0	0.0	0.0	0.0	-1.0000000000065512e-05	0.0	0.0	-9.99999999995449e-06	0.0	0.0	3.87454	6.35917	0.4531	5.58506	1.82707	1.0	1.0	0.0	0.0	0.0	0.0	0.0	0.0	0.0	0.0	0.0
hns_grid_target	Llama-3.1-8B-Instruct	tulu	42	hns_f2_s0	tulu__hns_f2_s0	Llama-3.1-8B-Instruct/tulu/seed42	/dataset1/zailong/runs/peft-sft-lab/hns-step-grid-2x4-20260912/adapters/Llama-3.1-8B-Instruct/tulu/hns_f2_s0	/dataset1/zailong/models/spectral-surgery/Llama-3.1-8B-Instruct-InstructionFollowing-LoRA	False	False	65.06469500924214	/dataset1/zailong/workspace/peft-sft-lab/reports/hns_release_20260912/data/step_grid/manifests/llama31_8b_score_manifest.json	/dataset1/zailong/workspace/peft-sft-lab/reports/hns_release_20260912/data/step_grid/manifests/llama31_8b_variant_manifest.json	/dataset1/zailong/workspace/peft-sft-lab/reports/hns_release_20260912/data/step_grid/manifests/llama31_8b_generation_manifest.json			65.06469500924214				1.848428835489834			0.98738	0.95703	12.61701	0.92701	0.97662	0.08012	0.31654	0.53919	2.973188488023882	6.940275174327911	1.7163301928618695	0.87035	1.0	0.39516	0.07291	0.19067	0.70419	0.34537	0.59087	0.98717	0.07964	2.194477286305963	0.12573	0.98765	0.08077	2.854897759648363	0.06563	0.98725	0.07959	2.388424438503883	0.11	0.98705	0.08025	2.446696668775345	0.07883	0.98788	0.08058	2.4346525259384966	0.05379	0.98758	0.07888	1.7199423171073915	0.11007	0.98718	0.0801	1.0535850520142012	0.10491	0.98867	0.07818	0.9457866103228598	0.11992	0.98525	0.08138	1.7707415592282243	0.16178	0.9871	0.08429	2.4223702101116675	0.04026	0.98843	0.07885	2.4285591404128546	0.11651	0.98743	0.07918	1.9152560092702609	0.1091	0.08992	0.3120200000000001	9.022480000000002	0.46011	0.17727000000000004	-0.23137	-0.29809	-0.9703500000000002	-0.13886172492279414	0.0	-0.9284590563689823	-0.12965000000000004	0.0	-0.60484	-0.92709	-0.80933	-0.29581	0.34537	0.59087	0.07611000000000001	-0.19203000000000003	-0.07273318704347753	-0.87427	0.10831000000000002	-0.28381	-0.15512728473107407	-0.93437	0.0776699999999999	-0.20099	-0.07856037441090225	-0.89	0.08145000000000002	-0.21155000000000002	-0.12721792876068516	-0.92117	0.11268	-0.28657	-0.19871247551761595	-0.94621	0.07537000000000005	-0.21103	-0.0899258383957382	-0.88993	0.10315999999999992	-0.2339	-0.11780267640616904	-0.8950899999999999	0.08935000000000004	-0.21170000000000003	-0.09954128928745964	-0.88008	0.036559999999999926	-0.11152	-0.039311331986568776	-0.83822	0.18042000000000002	-0.42905000000000004	-0.24367492136604296	-0.95974	0.058250000000000024	-0.19201	-0.07292012377706625	-0.88349	0.08627000000000007	-0.23035999999999998	-0.09631489100543078	-0.8909	/dataset1/zailong/workspace/peft-sft-lab/configs/hns_forgetting_2x4_20260911.json	15.80227	15.63523	0.98665	0.08098	-0.03269	15.32993	0.03041	0.13063	0.87744	0.3922	-0.36733	-0.27603	40.94042	10.40433	0.10633	3.32963	-10.91129	0.06157	5.63908	0.00022	0.00667	-0.01732	1.0	1.0	1.0	0.70419	0.34537	0.98738	1.2239699999999996	2.4222199999999994	0.06803000000000003	-0.14866000000000001	0.04772	4.603599999999998	-0.27922	-0.6958799999999999	-0.20994	0.44709	-0.6143900000000001	-0.9407599999999999	0.0154	0.4773	-0.27005	-0.29581	0.34537	0.08992	8.15773	38.5983	1.2692299999999999	-9.72299	5.23463	-2.56261	-0.35305	14.34594	15.1743	0.11845	2.74981	0.90744	0.31441	0.23713	0.43115	10.471400000000001	8.81513	-0.33465	-2.8352500000000003	-0.91963	-0.6855899999999999	-0.7628699999999999	0.43115
hns_grid_target	Llama-3.1-8B-Instruct	tulu	42	hns_f2_s1	tulu__hns_f2_s1	Llama-3.1-8B-Instruct/tulu/seed42	/dataset1/zailong/runs/peft-sft-lab/hns-step-grid-2x4-20260912/adapters/Llama-3.1-8B-Instruct/tulu/hns_f2_s1	/dataset1/zailong/models/spectral-surgery/Llama-3.1-8B-Instruct-InstructionFollowing-LoRA	False	False	65.06469500924214	/dataset1/zailong/workspace/peft-sft-lab/reports/hns_release_20260912/data/step_grid/manifests/llama31_8b_score_manifest.json	/dataset1/zailong/workspace/peft-sft-lab/reports/hns_release_20260912/data/step_grid/manifests/llama31_8b_variant_manifest.json	/dataset1/zailong/workspace/peft-sft-lab/reports/hns_release_20260912/data/step_grid/manifests/llama31_8b_generation_manifest.json			65.06469500924214				1.848428835489834			0.9997	0.9988	14.97823	0.99761	0.9994	0.06687	0.2652	0.0839	2.9617153642504066	6.940275174327911	1.6099786656438715	0.86042	1.0	0.35529	0.11183	0.26813	0.73527	0.26975	0.5194	0.9997	0.0668	2.182233503538889	0.19383	0.9997	0.06697	2.8436301323691926	0.10053	0.99968	0.06683	2.377233188500059	0.17417	0.9997	0.06688	2.435030279930147	0.12226	0.99971	0.06691	2.4231202837209938	0.07938	0.9997	0.06668	1.7086247374037349	0.16282	0.99971	0.06693	1.0418516140837895	0.14426	0.99973	0.06663	0.9353802313198764	0.16588	0.99966	0.06695	1.7571833293346868	0.27452	0.99972	0.06745	2.4102846148079413	0.06422	0.99972	0.0667	2.418081810376047	0.1764	0.99964	0.06675	1.9040339471190233	0.15528	0.10224	0.35379000000000005	11.383700000000001	0.53071	0.20004999999999995	-0.24462	-0.34943	-1.42564	-0.15033484869626967	0.0	-1.0348105835869803	-0.13958000000000004	0.0	-0.64471	-0.88817	-0.73187	-0.26473	0.26975	0.5194	0.08864000000000005	-0.20487000000000002	-0.08497696981055158	-0.80617	0.12036000000000002	-0.29761000000000004	-0.1663949120102446	-0.89947	0.09009999999999996	-0.21375	-0.08975162441472628	-0.8258300000000001	0.09410000000000007	-0.22492	-0.13888431760588338	-0.87774	0.12451000000000001	-0.30023999999999995	-0.21024471773511877	-0.92062	0.08749000000000007	-0.22322999999999998	-0.10124341809939486	-0.83718	0.11568999999999996	-0.24707	-0.12953611433658074	-0.85574	0.10041	-0.22325000000000003	-0.10994766829044311	-0.83412	0.05096999999999996	-0.12595	-0.052869561880106275	-0.72548	0.1930400000000001	-0.44589	-0.2557605166697692	-0.9357800000000001	0.06954000000000005	-0.20416	-0.08339745381387376	-0.8236	0.09848000000000001	-0.24278999999999998	-0.10753695315666834	-0.84472	/dataset1/zailong/workspace/peft-sft-lab/configs/hns_forgetting_2x4_20260911.json	15.99529	15.9906	0.99971	0.01353	-0.0051	15.98129	0.00088	0.02093	0.96726	0.05925	-0.8619	-0.15128	56.32597	21.1719	0.04957	19.0142	-22.55143	0.00121	6.76092	0.0	0.0001	-0.00028	1.0	1.0	1.0	0.73527	0.26975	0.9997	1.4169900000000002	2.77759	0.08109	-0.21611000000000002	0.07530999999999999	5.254959999999999	-0.30875	-0.75264	-0.31964	0.53691	-0.9473400000000001	-1.00112	0.01518	0.47073	-0.25301	-0.26473	0.26975	0.10224	18.9253	53.98385	16.953799999999998	-21.363129999999998	6.35647	-3.05718	-0.2283	12.37695	14.19679	0.16676	4.02257	1.59869	0.34458	0.28274	0.3267	8.502410000000001	7.83762	-0.28634000000000004	-1.5624900000000004	-0.22838000000000003	-0.65542	-0.71726	0.3267
hns_grid_target	Llama-3.1-8B-Instruct	tulu	42	hns_f2_s2	tulu__hns_f2_s2	Llama-3.1-8B-Instruct/tulu/seed42	/dataset1/zailong/runs/peft-sft-lab/hns-step-grid-2x4-20260912/adapters/Llama-3.1-8B-Instruct/tulu/hns_f2_s2	/dataset1/zailong/models/spectral-surgery/Llama-3.1-8B-Instruct-InstructionFollowing-LoRA	False	False	64.51016635859519	/dataset1/zailong/workspace/peft-sft-lab/reports/hns_release_20260912/data/step_grid/manifests/llama31_8b_score_manifest.json	/dataset1/zailong/workspace/peft-sft-lab/reports/hns_release_20260912/data/step_grid/manifests/llama31_8b_variant_manifest.json	/dataset1/zailong/workspace/peft-sft-lab/reports/hns_release_20260912/data/step_grid/manifests/llama31_8b_generation_manifest.json			64.51016635859519				1.293900184842876			1.0	1.0	15.95694	1.0	1.0	0.06267	0.25052	0.00197	2.961425285326804	6.940275174327911	1.5765018948277385	0.86017	1.0	0.3436	0.11762	0.28122	0.73981	0.26027	0.51016	1.0	0.06267	2.181918780704331	0.20418	1.0	0.06267	2.8433466181362284	0.10569	1.0	0.06267	2.376937965278851	0.18368	1.0	0.06267	2.4347365481481633	0.12939	1.0	0.06267	2.4228386388024563	0.08276	1.0	0.06267	1.7083206010946543	0.17026	1.0	0.06267	1.0415573526563633	0.14989	1.0	0.06267	0.9351047245232093	0.17276	1.0	0.06267	1.7568465256794195	0.29275	1.0	0.06268	2.410012243897548	0.06758	1.0	0.06267	2.4178029607052047	0.18581	1.0	0.06266	1.9037067179417835	0.16196	0.10253999999999996	0.35499	12.36241	0.5331	0.20065	-0.24881999999999999	-0.36411	-1.50757	-0.15062492761987212	0.0	-1.0682873544031133	-0.13983	0.0	-0.6564	-0.8823799999999999	-0.71878	-0.26019000000000003	0.26027	0.51016	0.08894000000000002	-0.20900000000000002	-0.0852916926451095	-0.79582	0.12065999999999999	-0.30191	-0.16667842624320883	-0.8943099999999999	0.09041999999999994	-0.21791	-0.0900468476359344	-0.8163199999999999	0.09440000000000004	-0.22913	-0.13917804938786693	-0.87061	0.12480000000000002	-0.30448	-0.2105263626536562	-0.91724	0.08779000000000003	-0.22724	-0.1015475544084754	-0.82974	0.11597999999999997	-0.25133	-0.1298303757640069	-0.85011	0.10067999999999999	-0.22721000000000002	-0.11022317508711021	-0.82724	0.05130999999999997	-0.13022999999999998	-0.05320636553537361	-0.7072499999999999	0.19332000000000005	-0.45066	-0.2560328875801625	-0.93242	0.06982	-0.20819	-0.08367630348471611	-0.81419	0.09884000000000004	-0.24688	-0.10786418233390815	-0.83804	/dataset1/zailong/workspace/peft-sft-lab/configs/hns_forgetting_2x4_20260911.json	16.0	15.99999	1.0	0.00037	-0.00014	15.99998	0.0	0.00061	0.99865	0.00171	-0.88238	0.07387	780.26895	553.80821	0.00181	609.54624	-622.93845	0.0	110.35264	-0.0	-0.0	-0.0	1.0	1.0	1.0	0.73981	0.26027	1.0	1.4216999999999995	2.78698	0.08138000000000001	-0.22927	0.08027	5.27365	-0.30963	-0.8004	-0.33996	0.5683	-1.00488	-1.00233	0.01518	0.47063	-0.25273	-0.26019000000000003	0.26027	0.10253999999999996	551.5616100000001	777.92683	607.48584	-621.75015	109.94819	-3.07766	-0.00315	12.00003	13.91054	0.1733	4.08241	1.66309	0.34898	0.28809	0.31849	8.125490000000001	7.5513699999999995	-0.2798	-1.50265	-0.16398000000000001	-0.6510199999999999	-0.71191	0.31849
hns_grid_target	Llama-3.1-8B-Instruct	tulu	42	hns_f4_s0	tulu__hns_f4_s0	Llama-3.1-8B-Instruct/tulu/seed42	/dataset1/zailong/runs/peft-sft-lab/hns-step-grid-2x4-20260912/adapters/Llama-3.1-8B-Instruct/tulu/hns_f4_s0	/dataset1/zailong/models/spectral-surgery/Llama-3.1-8B-Instruct-InstructionFollowing-LoRA	False	False	65.4343807763401	/dataset1/zailong/workspace/peft-sft-lab/reports/hns_release_20260912/data/step_grid/manifests/llama31_8b_score_manifest.json	/dataset1/zailong/workspace/peft-sft-lab/reports/hns_release_20260912/data/step_grid/manifests/llama31_8b_variant_manifest.json	/dataset1/zailong/workspace/peft-sft-lab/reports/hns_release_20260912/data/step_grid/manifests/llama31_8b_generation_manifest.json			65.4343807763401				2.2181146025877965			0.98734	0.9516	10.59564	0.90948	0.97514	0.09415	0.35784	0.47928	2.9741785914783727	6.940275174327911	1.7895875422326681	0.87121	1.0	0.4252	0.09817	0.24419	0.72538	0.30676	0.5552	0.98737	0.09476	2.194822991640992	0.17305	0.98731	0.09333	2.8560597195632886	0.08784	0.98739	0.0943	2.3894528810237508	0.14705	0.98721	0.09456	2.447512067169845	0.11112	0.98743	0.09352	2.435786587254897	0.06959	0.98717	0.0954	1.7211132348757812	0.15273	0.98744	0.09283	1.053980041405951	0.15102	0.98809	0.09323	0.9469395694539233	0.17778	0.98678	0.09757	1.770173407779691	0.21347	0.98674	0.09149	2.423195741423232	0.04857	0.98745	0.09334	2.430193000485358	0.16633	0.98773	0.09516	1.9160271502921673	0.15575	0.08987999999999996	0.30659000000000003	7.00111	0.44258	0.17579	-0.21733999999999998	-0.25679	-1.0302600000000002	-0.13787162146830356	0.0	-0.8552017069981837	-0.12878999999999996	0.0	-0.5748	-0.90183	-0.75581	-0.27462	0.30676	0.5552	0.07630999999999999	-0.17691	-0.07238748170844866	-0.82695	0.10797000000000001	-0.27125	-0.15396532481614855	-0.91216	0.07780999999999993	-0.18628	-0.07753193189103458	-0.85295	0.08161000000000007	-0.19724	-0.12640253036618532	-0.88888	0.11223000000000005	-0.27363	-0.19757841420121558	-0.93041	0.07496000000000003	-0.19451000000000002	-0.08875492062734858	-0.84727	0.10341999999999996	-0.22117	-0.11740768701441917	-0.8489800000000001	0.08877000000000002	-0.19665000000000005	-0.09838833015639614	-0.82222	0.03808999999999996	-0.09532999999999998	-0.03987948343510217	-0.78653	0.18006	-0.42185	-0.2428493900544786	-0.95143	0.05727000000000004	-0.17751999999999998	-0.07128626370456281	-0.83367	0.08657000000000004	-0.21438	-0.09554374998352433	-0.84425	/dataset1/zailong/workspace/peft-sft-lab/configs/hns_forgetting_2x4_20260911.json	15.79825	15.60184	0.98729	0.09003	-0.03415	15.22379	0.03671	0.14194	0.80288	0.4038	-1.36466	-0.13858	8.63079	4.02748	0.33031	3.24887	-3.80592	0.03876	1.08947	2e-05	0.00062	0.00102	1.0	1.0	1.0	0.72538	0.30676	0.98734	1.219949999999999	2.3888299999999987	0.06867000000000001	-0.13961	0.046259999999999996	4.4974599999999985	-0.27292	-0.4719	-0.19862999999999997	0.37253000000000003	-0.6027900000000002	-0.9635699999999999	0.0152	0.47125	-0.25171	-0.27462	0.30676	0.08987999999999996	1.7808799999999998	6.28867	1.1884700000000001	-2.61762	0.68502	-3.55994	-0.2156	12.02394	13.7723	0.15967	3.26262	1.19633	0.32888	0.25152	0.41512	8.1494	7.41313	-0.29342999999999997	-2.3224400000000003	-0.6307400000000001	-0.6711199999999999	-0.74848	0.41512
hns_grid_target	Llama-3.1-8B-Instruct	tulu	42	hns_f4_s1	tulu__hns_f4_s1	Llama-3.1-8B-Instruct/tulu/seed42	/dataset1/zailong/runs/peft-sft-lab/hns-step-grid-2x4-20260912/adapters/Llama-3.1-8B-Instruct/tulu/hns_f4_s1	/dataset1/zailong/models/spectral-surgery/Llama-3.1-8B-Instruct-InstructionFollowing-LoRA	False	False	64.87985212569316	/dataset1/zailong/workspace/peft-sft-lab/reports/hns_release_20260912/data/step_grid/manifests/llama31_8b_score_manifest.json	/dataset1/zailong/workspace/peft-sft-lab/reports/hns_release_20260912/data/step_grid/manifests/llama31_8b_variant_manifest.json	/dataset1/zailong/workspace/peft-sft-lab/reports/hns_release_20260912/data/step_grid/manifests/llama31_8b_generation_manifest.json			64.87985212569316				1.6635859519408527			0.99992	0.99969	15.39118	0.99938	0.99984	0.06496	0.25687	0.04841	2.961504719320082	6.940275174327911	1.59455576905307	0.86024	1.0	0.34986	0.11519	0.27642	0.73823	0.26355	0.51337	0.99992	0.06497	2.1819975881652987	0.19973	0.99992	0.06495	2.843426219021002	0.10353	0.99992	0.06502	2.3770173721126353	0.17879	0.99992	0.06496	2.4348124727744063	0.12692	0.99992	0.0649	2.42292169142406	0.08137	0.99992	0.06501	1.7083964286219284	0.16717	0.99992	0.06492	1.041633342573107	0.14907	0.99993	0.06485	0.9351786510096596	0.17143	0.99992	0.06508	1.7569296548163424	0.28345	0.99991	0.06496	2.4100993866686213	0.0658	0.99992	0.06493	2.417877792964428	0.18234	0.99993	0.06497	1.9037788905153283	0.16054	0.10246	0.35468	11.79665	0.5324800000000001	0.20048999999999995	-0.24652999999999997	-0.35776	-1.46113	-0.15054549362659442	0.0	-1.0502334801777817	-0.13976	0.0	-0.6501399999999999	-0.88481	-0.72358	-0.26176999999999995	0.26355	0.51337	0.08886000000000005	-0.20670000000000002	-0.08521288518414183	-0.80027	0.12058000000000002	-0.29963	-0.1665988253584354	-0.89647	0.09033999999999998	-0.21556	-0.08996744080215002	-0.82121	0.09432000000000007	-0.22683999999999999	-0.13910212476162398	-0.87308	0.12472000000000005	-0.30224999999999996	-0.21044331003205263	-0.9186300000000001	0.08771000000000007	-0.2249	-0.10147172688120132	-0.83283	0.1159	-0.24908	-0.12975438584726318	-0.85093	0.10060999999999998	-0.22503	-0.11014924860065989	-0.82857	0.05123	-0.12782	-0.053123236398450624	-0.71655	0.19323	-0.44838	-0.25594574480908916	-0.9342	0.06974000000000002	-0.20593	-0.08360147122549266	-0.81766	0.09877000000000002	-0.24456999999999998	-0.1077920097603633	-0.83946	/dataset1/zailong/workspace/peft-sft-lab/configs/hns_forgetting_2x4_20260911.json	15.99874	15.9975	0.99992	0.00662	-0.0025	15.99502	0.00023	0.00934	0.98073	0.03062	0.32228	-0.14219	59.15867	74.99298	0.01351	38.11817	-84.05267	0.00058	28.92183	0.0	0.00014	6e-05	1.0	1.0	1.0	0.73823	0.26355	0.99992	1.4204399999999993	2.78449	0.08130000000000004	-0.22302000000000002	0.07791	5.268689999999999	-0.3094	-0.7887	-0.33122999999999997	0.55038	-0.9759700000000001	-1.00175	0.01518	0.47076999999999997	-0.25267	-0.26176999999999995	0.26355	0.10246	72.74638	56.81655	36.05777	-82.86437000000001	28.51738	-1.8729999999999998	-0.21921000000000002	12.13591	14.00615	0.16892	4.14347	1.73148	0.34681	0.28508	0.3243	8.261370000000001	7.64698	-0.28418	-1.4415900000000006	-0.09559000000000006	-0.6531899999999999	-0.71492	0.3243
hns_grid_target	Llama-3.1-8B-Instruct	tulu	42	hns_f4_s2	tulu__hns_f4_s2	Llama-3.1-8B-Instruct/tulu/seed42	/dataset1/zailong/runs/peft-sft-lab/hns-step-grid-2x4-20260912/adapters/Llama-3.1-8B-Instruct/tulu/hns_f4_s2	/dataset1/zailong/models/spectral-surgery/Llama-3.1-8B-Instruct-InstructionFollowing-LoRA	False	False	65.06469500924214	/dataset1/zailong/workspace/peft-sft-lab/reports/hns_release_20260912/data/step_grid/manifests/llama31_8b_score_manifest.json	/dataset1/zailong/workspace/peft-sft-lab/reports/hns_release_20260912/data/step_grid/manifests/llama31_8b_variant_manifest.json	/dataset1/zailong/workspace/peft-sft-lab/reports/hns_release_20260912/data/step_grid/manifests/llama31_8b_generation_manifest.json			65.06469500924214				1.848428835489834			1.0	1.0	15.98803	1.0	1.0	0.06254	0.25008	0.0004	2.961425044998556	6.940275174327911	1.5754587616513036	0.86017	1.0	0.34324	0.11775	0.28149	0.73991	0.26008	0.50998	1.0	0.06254	2.181918513845546	0.20445	1.0	0.06254	2.843346384875013	0.1058	1.0	0.06254	2.376937731766061	0.18391	1.0	0.06254	2.434736299200437	0.12952	1.0	0.06254	2.422838401083605	0.08285	1.0	0.06254	1.7083203366312771	0.17051	1.0	0.06254	1.0415571220463673	0.15005	1.0	0.06254	0.9351045229348265	0.17298	1.0	0.06254	1.7568462353600112	0.29311	1.0	0.06254	2.41001203393658	0.06763	1.0	0.06254	2.4178027195221805	0.18604	1.0	0.06254	1.9037064426895627	0.16218	0.10253999999999996	0.35499	12.3935	0.5331	0.20065	-0.24895	-0.36455	-1.5091400000000001	-0.1506251679481201	0.0	-1.0693304875795482	-0.13983	0.0	-0.65676	-0.88225	-0.71851	-0.26009000000000004	0.26008	0.50998	0.08894000000000002	-0.20913000000000004	-0.08529195950389434	-0.79555	0.12065999999999999	-0.30204000000000003	-0.16667865950442406	-0.8942	0.09041999999999994	-0.21804	-0.0900470811487244	-0.81609	0.09440000000000004	-0.22926000000000002	-0.13917829833559336	-0.87048	0.12480000000000002	-0.30461	-0.21052660037250748	-0.91715	0.08779000000000003	-0.22737000000000002	-0.1015478188718526	-0.8294900000000001	0.11597999999999997	-0.25146	-0.1298306063740029	-0.84995	0.10067999999999999	-0.22734000000000004	-0.11022337667549298	-0.82702	0.05130999999999997	-0.13035999999999998	-0.053206655854781904	-0.70689	0.19332000000000005	-0.45080000000000003	-0.2560330975411307	-0.93237	0.06982	-0.20832	-0.08367654466774033	-0.81396	0.09884000000000004	-0.247	-0.10786445758612895	-0.83782	/dataset1/zailong/workspace/peft-sft-lab/configs/hns_forgetting_2x4_20260911.json	16.0	16.0	1.0	5e-05	-2e-05	16.0	0.0	8e-05	0.99963	0.00023	2.36289	0.256			0.00025			0.0		0.0	0.0	0.0	0.99554	1.0	1.0	0.73991	0.26008	1.0	1.4216999999999995	2.7869899999999994	0.08138000000000001	-0.22959000000000002	0.08038999999999999	5.273669999999999	-0.30963	-0.80196	-0.34048999999999996	0.56928	-1.0063600000000001	-1.00233	0.01518	0.47063	-0.25273	-0.26009000000000004	0.26008	0.10253999999999996						0.16761000000000026	0.17898	11.99319	13.9043	0.17339	4.08541	1.66469	0.34906	0.28819	0.31837	8.11865	7.5451299999999994	-0.27971	-1.49965	-0.16237999999999997	-0.6509400000000001	-0.71181	0.31837
hns_grid_target	Llama-3.1-8B-Instruct	tulu	42	hns_f8_s0	tulu__hns_f8_s0	Llama-3.1-8B-Instruct/tulu/seed42	/dataset1/zailong/runs/peft-sft-lab/hns-step-grid-2x4-20260912/adapters/Llama-3.1-8B-Instruct/tulu/hns_f8_s0	/dataset1/zailong/models/spectral-surgery/Llama-3.1-8B-Instruct-InstructionFollowing-LoRA	False	False	64.69500924214418	/dataset1/zailong/workspace/peft-sft-lab/reports/hns_release_20260912/data/step_grid/manifests/llama31_8b_score_manifest.json	/dataset1/zailong/workspace/peft-sft-lab/reports/hns_release_20260912/data/step_grid/manifests/llama31_8b_variant_manifest.json	/dataset1/zailong/workspace/peft-sft-lab/reports/hns_release_20260912/data/step_grid/manifests/llama31_8b_generation_manifest.json			64.69500924214418				1.4787430683918714			0.98032	0.92859	11.04049	0.87464	0.96225	0.09121	0.3588	0.50226	2.9806501974934854	6.940275174327911	1.7801221067688144	0.87687	1.0	0.42119	0.09987	0.24724	0.72495	0.31648	0.56479	0.9803	0.09171	2.2015962160785856	0.17977	0.98036	0.09055	2.8624509209856748	0.08886	0.98045	0.09125	2.3959088039812135	0.14783	0.98003	0.09189	2.454020876402258	0.11381	0.98051	0.09042	2.442234400137722	0.07103	0.98017	0.09254	1.7277365280113062	0.15578	0.98105	0.08986	1.0600627905356632	0.16733	0.98049	0.0894	0.954121869169506	0.19658	0.97948	0.09504	1.7771683374702898	0.2175	0.98056	0.08828	2.4288817254776394	0.04549	0.98044	0.09016	2.4368639779505203	0.17891	0.98009	0.0932	1.9235777136649597	0.15564	0.08285999999999993	0.28358000000000005	7.44596	0.40774	0.16290000000000004	-0.22027999999999998	-0.25583	-1.0072800000000002	-0.1314000154531909	0.0	-0.8646671424620374	-0.12312999999999996	0.0	-0.57881	-0.90013	-0.75276	-0.27505	0.31648	0.56479	0.06923999999999997	-0.17996	-0.0656142572708549	-0.82023	0.10102	-0.27403	-0.1475741233937624	-0.9111400000000001	0.07086999999999999	-0.18933	-0.0710760089335718	-0.85217	0.07443	-0.19991	-0.11989372113377206	-0.88619	0.10531000000000001	-0.27673	-0.19113060131839044	-0.92897	0.06796000000000002	-0.19737	-0.08213162749182357	-0.84422	0.09702999999999995	-0.22414	-0.11132493788470699	-0.83267	0.08116999999999996	-0.20048000000000005	-0.09120603044081343	-0.80342	0.030789999999999984	-0.09785999999999999	-0.032884553744503275	-0.7825	0.17388000000000003	-0.42506	-0.23716340600007113	-0.95451	0.05025999999999997	-0.18069999999999997	-0.0646152862394005	-0.82109	0.07893000000000006	-0.21633999999999998	-0.08799318661073197	-0.84436	/dataset1/zailong/workspace/peft-sft-lab/configs/hns_forgetting_2x4_20260911.json	15.68429	15.39166	0.97985	0.10764	-0.04123	14.83754	0.0552	0.19186	0.81394	0.46722	-1.77955	-0.19875	21.00971	3.7446	0.36436	2.64524	-4.15832	0.0451	8.29029	9e-05	0.00278	-0.00559	1.0	1.0	1.0	0.72495	0.31648	0.98032	1.1059900000000003	2.1786499999999993	0.06123000000000001	-0.12200000000000001	0.03917999999999999	4.11121	-0.25443000000000005	-0.43784999999999996	-0.14870999999999998	0.38359	-0.5393700000000001	-0.9572299999999999	0.01527	0.47341	-0.25832	-0.27505	0.31648	0.08285999999999993	1.4980000000000002	18.667589999999997	0.5848399999999998	-2.97002	7.885840000000001	-3.97483	-0.27577	11.62875	13.50867	0.17145	3.35091	1.29509	0.32811	0.24535	0.44085	7.7542100000000005	7.149500000000001	-0.28165	-2.2341500000000005	-0.5319799999999999	-0.67189	-0.75465	0.44085
hns_grid_target	Llama-3.1-8B-Instruct	tulu	42	hns_f8_s1	tulu__hns_f8_s1	Llama-3.1-8B-Instruct/tulu/seed42	/dataset1/zailong/runs/peft-sft-lab/hns-step-grid-2x4-20260912/adapters/Llama-3.1-8B-Instruct/tulu/hns_f8_s1	/dataset1/zailong/models/spectral-surgery/Llama-3.1-8B-Instruct-InstructionFollowing-LoRA	False	False	64.32532347504622	/dataset1/zailong/workspace/peft-sft-lab/reports/hns_release_20260912/data/step_grid/manifests/llama31_8b_score_manifest.json	/dataset1/zailong/workspace/peft-sft-lab/reports/hns_release_20260912/data/step_grid/manifests/llama31_8b_variant_manifest.json	/dataset1/zailong/workspace/peft-sft-lab/reports/hns_release_20260912/data/step_grid/manifests/llama31_8b_generation_manifest.json			64.32532347504622				1.109057301293909			0.99984	0.99937	15.28594	0.99875	0.99968	0.06542	0.26034	0.05497	2.961583926192763	6.940275174327911	1.5979116939300568	0.86031	1.0	0.35103	0.11545	0.27702	0.73845	0.26323	0.51306	0.99984	0.06544	2.182074372527647	0.2009	0.99984	0.0654	2.843506071183329	0.10367	0.99984	0.06543	2.3770970366020854	0.17925	0.99984	0.06546	2.434890860189659	0.12761	0.99984	0.06537	2.423001320000175	0.08127	0.99985	0.06545	1.7084702554136337	0.16754	0.99985	0.06534	1.041706066518563	0.15069	0.99984	0.06534	0.9352659623405226	0.17378	0.99984	0.06565	1.757008059360584	0.28528	0.99984	0.06527	2.410173453100691	0.06545	0.99984	0.06536	2.4179594813267604	0.18383	0.99984	0.06556	1.9038695357186908	0.1606	0.10237999999999992	0.35436	11.691410000000001	0.53185	0.20033	-0.24606999999999998	-0.35429	-1.4545700000000001	-0.15046628675391327	0.0	-1.046877555300795	-0.13968999999999998	0.0	-0.64897	-0.88455	-0.72298	-0.26154999999999995	0.26323	0.51306	0.08877999999999997	-0.20623000000000002	-0.08513610082179346	-0.7991	0.12049999999999994	-0.29918	-0.1665189731961081	-0.89633	0.0902599999999999	-0.21515	-0.08988777631269995	-0.82075	0.09423999999999999	-0.22633999999999999	-0.1390237373463714	-0.87239	0.12463999999999997	-0.30178	-0.21036368145593753	-0.91873	0.08764000000000005	-0.22446	-0.10139790008949601	-0.83246	0.11582999999999999	-0.24866	-0.1296816619018073	-0.84931	0.10051999999999994	-0.22454000000000002	-0.11006193726979685	-0.82622	0.05114999999999992	-0.12724999999999997	-0.05304483185420916	-0.71472	0.19316	-0.44807	-0.2558716783770194	-0.93455	0.06965999999999994	-0.2055	-0.08351978286316042	-0.8161700000000001	0.09867999999999999	-0.24397999999999997	-0.10770136455700086	-0.8394	/dataset1/zailong/workspace/peft-sft-lab/configs/hns_forgetting_2x4_20260911.json	15.99751	15.99502	0.99984	0.00987	-0.00372	15.99007	0.00046	0.01555	0.97728	0.04495	-1.13851	-0.18785	74.01683	45.31486	0.02257	22.48154	-38.02933	0.00061	29.67752	0.0	0.00011	7e-05	1.0	1.0	1.0	0.73845	0.26323	0.99984	1.4192099999999996	2.7820099999999996	0.08121999999999996	-0.21977000000000002	0.07669	5.2637399999999985	-0.30917	-0.77964	-0.32502	0.54693	-0.96164	-1.00172	0.01518	0.47074	-0.25266	-0.26154999999999995	0.26323	0.10237999999999992	43.06826	71.67471	20.421139999999998	-36.84103	29.27307	-3.3337899999999996	-0.26487	12.04393	13.96353	0.16947	4.15215	1.68129	0.34662	0.28443	0.32661	8.16939	7.604360000000001	-0.28363	-1.4329100000000006	-0.14578000000000002	-0.6533800000000001	-0.71557	0.32661
hns_grid_target	Llama-3.1-8B-Instruct	tulu	42	hns_f8_s2	tulu__hns_f8_s2	Llama-3.1-8B-Instruct/tulu/seed42	/dataset1/zailong/runs/peft-sft-lab/hns-step-grid-2x4-20260912/adapters/Llama-3.1-8B-Instruct/tulu/hns_f8_s2	/dataset1/zailong/models/spectral-surgery/Llama-3.1-8B-Instruct-InstructionFollowing-LoRA	False	False	65.24953789279112	/dataset1/zailong/workspace/peft-sft-lab/reports/hns_release_20260912/data/step_grid/manifests/llama31_8b_score_manifest.json	/dataset1/zailong/workspace/peft-sft-lab/reports/hns_release_20260912/data/step_grid/manifests/llama31_8b_variant_manifest.json	/dataset1/zailong/workspace/peft-sft-lab/reports/hns_release_20260912/data/step_grid/manifests/llama31_8b_generation_manifest.json			65.24953789279112				2.033271719038815			1.0	1.0	15.98845	1.0	1.0	0.06254	0.25011	0.0005	2.9614250712079335	6.940275174327911	1.5754806262305878	0.86017	1.0	0.34325	0.11775	0.28147	0.7399	0.26009	0.50999	1.0	0.06254	2.1819185411765174	0.20444	1.0	0.06254	2.843346410785627	0.1058	1.0	0.06254	2.3769377700564007	0.1839	1.0	0.06254	2.434736323293334	0.12951	1.0	0.06254	2.422838418439132	0.08285	1.0	0.06254	1.7083203616020521	0.17051	1.0	0.06254	1.0415571438731195	0.15004	1.0	0.06255	0.9351044817806925	0.17297	1.0	0.06254	1.7568462793878747	0.29308	1.0	0.06254	2.4100120515116212	0.06763	1.0	0.06254	2.4178027507664144	0.18602	1.0	0.06254	1.9037064766333311	0.16217	0.10253999999999996	0.35499	12.393920000000001	0.5331	0.20065	-0.24895	-0.36452	-1.5090400000000002	-0.15062514173874275	0.0	-1.069308623000264	-0.13983	0.0	-0.65675	-0.88225	-0.71853	-0.2601	0.26009	0.50999	0.08894000000000002	-0.20913000000000004	-0.08529193217292308	-0.79556	0.12065999999999999	-0.30204000000000003	-0.16667863359380997	-0.8942	0.09041999999999994	-0.21804	-0.09004704285838461	-0.8161	0.09440000000000004	-0.22926000000000002	-0.13917827424269635	-0.87049	0.12480000000000002	-0.30461	-0.21052658301698068	-0.91715	0.08779000000000003	-0.22737000000000002	-0.1015477939010776	-0.8294900000000001	0.11597999999999997	-0.25146	-0.12983058454725072	-0.84996	0.10067999999999999	-0.22733000000000003	-0.11022341782962697	-0.8270299999999999	0.05130999999999997	-0.13035999999999998	-0.053206611826918326	-0.70692	0.19332000000000005	-0.45080000000000003	-0.25603307996608926	-0.93237	0.06982	-0.20832	-0.08367651342350646	-0.81398	0.09884000000000004	-0.247	-0.10786442364236049	-0.83783	/dataset1/zailong/workspace/peft-sft-lab/configs/hns_forgetting_2x4_20260911.json	16.0	16.0	1.0	8e-05	-3e-05	16.0	0.0	0.00012	0.99964	0.00035	0.43504	0.13294			0.00032	2951.33855		0.0		0.0	0.0	-0.0	0.99554	1.0	1.0	0.7399	0.26009	1.0	1.4216999999999995	2.7869899999999994	0.08138000000000001	-0.22956000000000001	0.08038	5.273669999999999	-0.30963	-0.80189	-0.34045	0.56929	-1.00624	-1.00233	0.01518	0.47063	-0.25273	-0.2601	0.26009	0.10253999999999996			2949.27815			-1.76024	0.05592	11.99364	13.90467	0.17337	4.0855	1.6649	0.34906	0.28819	0.31836	8.1191	7.5455	-0.27973000000000003	-1.4995600000000007	-0.16216999999999993	-0.6509400000000001	-0.71181	0.31836
scalar_common_basis_seed42	Qwen3-8B	magicoder	42	common_hns	magicoder__common_hns	Qwen3-8B/magicoder/seed42	/dataset1/zailong/runs/peft-sft-lab/hns-forgetting-2x4-20260911/adapters/Qwen3-8B/magicoder/common-hns	/dataset1/zailong/models/spectral-surgery/Qwen3-8B-Magicoder-50K-LoRA-E1	False	False	76.21951219512195	/dataset1/zailong/workspace/peft-sft-lab/reports/hns_forgetting_20260911/git_artifacts/run_metadata/score_manifest__formal_qwen.json	/dataset1/zailong/runs/peft-sft-lab/hns-forgetting-2x4-20260911/variant_manifests/Qwen3-8B.json	/dataset1/zailong/workspace/peft-sft-lab/reports/hns_forgetting_20260911/git_artifacts/run_metadata/generation_manifest__formal_qwen.json	76.21951219512195	89.38589840788475	71.53419593345656	83.53446084484855	81.48485172872996	0.0	9.146341463414629	3.768239280971798	2.281176996520363	0.99989	0.99956	15.34136	0.99913	0.99978	0.06527	0.25774	0.05315	1.474256054510818	5.465867724653845	0.10986217601118187	0.52165	1.0	0.14201	0.01972	0.07253	0.27371	0.72469	0.85129	0.99989	0.06522	0.6624179834626805	0.03143	0.99989	0.06534	1.364448331489352	0.01812	0.99989	0.06534	0.6124684217687898	0.02674	0.99989	0.0652	0.8883877013394954	0.01995	0.99989	0.06527	1.1392911781606474	0.018	0.99989	0.0652	0.16509437837692106	0.03244	0.9999	0.06507	-0.513029896283995	0.05446	0.99988	0.06549	-0.546992521100256	0.0217	0.99989	0.06511	0.25851571443284704	0.03072	0.99989	0.0653	0.9934555526756805	0.01779	0.99988	0.06532	0.9309214103319775	0.01806	0.99989	0.06539	0.23105559972119669	0.02005	0.39598999999999995	0.80699	14.05582	0.8794599999999999	0.6184499999999999	-0.6921200000000001	-0.6485000000000001	-2.83412	-0.6507583060058648	0.0	-1.951831226073577	-0.47835000000000005	0.0	-0.85799	-0.98028	-0.92747	-0.72629	0.72469	0.85129	0.34985999999999995	-0.62724	-0.4785789342803709	-0.96857	0.4574999999999999	-0.7786200000000001	-0.6853108537235302	-0.98188	0.3965399999999999	-0.6710200000000001	-0.537098183740553	-0.97326	0.3697299999999999	-0.67094	-0.6439448182158791	-0.98005	0.42169999999999996	-0.7343900000000001	-0.6888172387729208	-0.982	0.33751999999999993	-0.6573	-0.4630292687011005	-0.96756	0.24372000000000005	-0.46552999999999994	-0.32357399188568614	-0.94554	0.46299	-0.7227399999999999	-0.6284574088116537	-0.9783	0.35519999999999996	-0.66338	-0.4848274203891031	-0.96928	0.44009999999999994	-0.77355	-0.6911236459223875	-0.98221	0.45838999999999996	-0.7753599999999999	-0.6871013097968216	-0.98194	0.474	-0.78697	-0.6499570829364065	-0.97995	/dataset1/zailong/workspace/peft-sft-lab/reports/hns_forgetting_20260911/git_artifacts/run_metadata/experiment_config.json	15.99825	15.99652	0.99989	0.00784	-0.00296	15.99308	0.00032	0.01168	0.9791	0.0369	-0.22294	-0.17319	65.17976	78.50618	0.0129	29.68891	-201.7255	0.00064	39.92462	-1e-05	-0.00028	0.00012	1.0	1.0	1.0	0.27371	0.72469	0.99989	6.09451	10.01675	0.30491999999999997	-0.45436	0.12249999999999998	13.354750000000001	-1.2889599999999999	-1.34067	-0.72634	0.8068299999999999	-1.79121	-3.16505	0.03627	1.26954	-1.68151	-0.72629	0.72469	0.39598999999999995	76.76739	63.586710000000004	27.93599	-199.91115000000002	39.758509999999994	-9.17653	-0.386	2.43625	4.87846	0.62761	3.57548	1.70305	0.14107	0.12592	0.20326	1.3912699999999998	3.7356	-0.35050000000000003	3.2661000000000002	1.54644	-0.85893	-0.87408	0.20326
scalar_common_basis_seed42	Qwen3-8B	magicoder	42	common_per_module	magicoder__common_per_module	Qwen3-8B/magicoder/seed42	/dataset1/zailong/runs/peft-sft-lab/hns-forgetting-2x4-20260911/adapters/Qwen3-8B/magicoder/common-per-module	/dataset1/zailong/models/spectral-surgery/Qwen3-8B-Magicoder-50K-LoRA-E1	False	False	74.39024390243902	/dataset1/zailong/workspace/peft-sft-lab/reports/hns_forgetting_20260911/git_artifacts/run_metadata/score_manifest__formal_qwen.json	/dataset1/zailong/runs/peft-sft-lab/hns-forgetting-2x4-20260911/variant_manifests/Qwen3-8B.json	/dataset1/zailong/workspace/peft-sft-lab/reports/hns_forgetting_20260911/git_artifacts/run_metadata/generation_manifest__formal_qwen.json	74.39024390243902	85.51933282789992	70.79482439926062	84.15938912988777	80.15784878568276	0.05054334091483762	7.317073170731703	2.441236337924593	2.2306336556055255	0.6039	0.19257	1.28554	0.11967	0.38133	0.75739	0.90624	2.88727	1.4742557673595735	4.918931820273076	1.3894545608837219	0.52165	0.57872	0.51056	0.26068	0.26742	0.513	0.03289	0.4961	0.65003	0.69246	0.6624179824969139	0.36549	0.54239	0.84396	1.3644479740516051	0.24633	0.60335	0.73636	0.6124684153287312	0.32066	0.63016	0.73614	0.8883872054613892	0.26367	0.57819	0.79966	1.1392909195060485	0.24541	0.66237	0.7225	0.16509459424777942	0.38358	0.75618	0.5306	-0.5130300472212874	0.49066	0.53689	0.78823	-0.5469925742412002	0.27538	0.64469	0.72849	0.2585155760553428	0.36241	0.55979	0.83885	0.9934552839028814	0.24264	0.54149	0.84068	0.9309207894083503	0.24607	0.52589	0.85236	0.23105590313725627	0.2666	0.0	0.0	0.0	0.0	0.0	0.0	0.0	0.0	-0.6507585931571094	-0.5469359043807689	-0.6722388412010369	-0.47835000000000005	-0.42128	-0.48944	-0.73932	-0.73258	-0.487	0.03289	0.4961	0.0	0.0	-0.4785789352461376	-0.63451	0.0	0.0	-0.6853112111612771	-0.7536700000000001	0.0	0.0	-0.5370981901806116	-0.67934	0.0	0.0	-0.6439453140939854	-0.7363299999999999	0.0	0.0	-0.6888174974275196	-0.75459	0.0	0.0	-0.4630290528302422	-0.61642	0.0	0.0	-0.3235741428229786	-0.50934	0.0	0.0	-0.6284574619525979	-0.72462	0.0	0.0	-0.4848275587666073	-0.63759	0.0	0.0	-0.6911239146951866	-0.75736	0.0	0.0	-0.6871019307204488	-0.75393	0.0	0.0	-0.6499567795203469	-0.7334	/dataset1/zailong/workspace/peft-sft-lab/reports/hns_forgetting_20260911/git_artifacts/run_metadata/experiment_config.json	9.90374	5.97978	0.69497	0.4622	-0.12546	2.63833	1.28928	0.73802	0.17227	1.82811	8.95359	0.21281	1.59305	1.73879	1.35357	1.75293	-2.57722	3.16569	0.16611	-0.03628	-1.26982	1.68163	1.0	1.0	1.0	0.513	0.03289	0.6039	0.0	9.999999999621423e-06	0.0	0.0	0.0	0.0	0.0	0.0	0.0	0.0	0.0	0.0	0.0	0.0	0.0	-0.487	0.03289	0.0	0.0	0.0	1.0000000000065512e-05	-0.7628700000000002	0.0	0.0	0.0	1.04498	1.14286	0.97811	0.30938	0.15661	0.46764	0.46019	0.03163	0.0	0.0	0.0	0.0	0.0	-0.5323599999999999	-0.53981	0.03163
scalar_common_basis_seed42	Qwen3-8B	magicoder	42	global_0p25	magicoder__global_0p25	Qwen3-8B/magicoder/seed42	/dataset1/zailong/runs/peft-sft-lab/hns-forgetting-2x4-20260911/adapters/Qwen3-8B/magicoder/common-global-0p25	/dataset1/zailong/models/spectral-surgery/Qwen3-8B-Magicoder-50K-LoRA-E1	False	False	75.0	/dataset1/zailong/workspace/peft-sft-lab/reports/hns_forgetting_20260911/git_artifacts/run_metadata/score_manifest__formal_qwen.json	/dataset1/zailong/runs/peft-sft-lab/hns-forgetting-2x4-20260911/variant_manifests/Qwen3-8B.json	/dataset1/zailong/workspace/peft-sft-lab/reports/hns_forgetting_20260911/git_artifacts/run_metadata/generation_manifest__formal_qwen.json	75.0	88.47611827141773	70.0554528650647	83.7513327841543	80.76096797354558	0.184842883548986	7.926829268292678	3.0443555257874095	2.096334112971377	0.6039	0.19257	1.28554	0.11967	0.38133	0.75739	0.90624	2.88727	0.7387201655643202	4.079573926161411	0.6753990409648684	0.25	0.25	0.25	0.0625	0.0625	0.25	0.0	0.75	0.65003	0.69246	-0.24529667243209946	0.0625	0.54239	0.84396	0.6634648920280991	0.0625	0.60335	0.73636	-0.2367269753619946	0.0625	0.63016	0.73614	0.14603801633962518	0.0625	0.57819	0.79966	0.441814234524063	0.0625	0.66237	0.7225	-0.7581694385433319	0.0625	0.75618	0.5306	-1.575750016769678	0.0625	0.53689	0.78823	-1.3048287311257327	0.0625	0.64469	0.72849	-0.6429507675967786	0.0625	0.55979	0.83885	0.2982850678145126	0.0625	0.54149	0.84068	0.2317279366674343	0.0625	0.52589	0.85236	-0.5052802797493406	0.0625	0.0	0.0	0.0	0.0	0.0	0.0	0.0	0.0	-1.3862941949523626	-1.3862937984924342	-1.3862943611198904	-0.75	-0.75	-0.75	-0.9375	-0.9375	-0.75	0.0	0.75	0.0	0.0	-1.386293590175151	-0.9375	0.0	0.0	-1.386294293184783	-0.9375	0.0	0.0	-1.3862935808713375	-0.9375	0.0	0.0	-1.3862945032157494	-0.9375	0.0	0.0	-1.3862941824095052	-0.9375	0.0	0.0	-1.3862930856213533	-0.9375	0.0	0.0	-1.3862941123713692	-0.9375	0.0	0.0	-1.3862936188371304	-0.9375	0.0	0.0	-1.3862939024187289	-0.9375	0.0	0.0	-1.3862941307835555	-0.9375	0.0	0.0	-1.3862947834613648	-0.9375	0.0	0.0	-1.386292962406944	-0.9375	/dataset1/zailong/workspace/peft-sft-lab/reports/hns_forgetting_20260911/git_artifacts/run_metadata/experiment_config.json	9.90374	5.97977	0.69497	0.4622	-0.12546	2.63833	1.28928	0.73802	0.17227	1.82811	8.95359	0.21281	1.59305	1.73879	1.35357	1.75292	-3.99718	3.16569	0.16611	-0.03628	-1.26982	1.68163	1.0	1.0	1.0	0.25	0.0	0.6039	0.0	0.0	0.0	0.0	0.0	0.0	0.0	0.0	0.0	0.0	0.0	0.0	0.0	0.0	0.0	-0.75	0.0	0.0	0.0	0.0	0.0	-2.18283	0.0	0.0	0.0	1.04498	1.14286	0.97811	0.30938	0.15661	0.25	0.25	0.0	0.0	0.0	0.0	0.0	0.0	-0.75	-0.75	0.0
scalar_common_basis_seed42	Qwen3-8B	magicoder	42	global_0p40	magicoder__global_0p40	Qwen3-8B/magicoder/seed42	/dataset1/zailong/runs/peft-sft-lab/hns-forgetting-2x4-20260911/adapters/Qwen3-8B/magicoder/common-global-0p40	/dataset1/zailong/models/spectral-surgery/Qwen3-8B-Magicoder-50K-LoRA-E1	False	False	76.21951219512195	/dataset1/zailong/workspace/peft-sft-lab/reports/hns_forgetting_20260911/git_artifacts/run_metadata/score_manifest__formal_qwen.json	/dataset1/zailong/runs/peft-sft-lab/hns-forgetting-2x4-20260911/variant_manifests/Qwen3-8B.json	/dataset1/zailong/workspace/peft-sft-lab/reports/hns_forgetting_20260911/git_artifacts/run_metadata/generation_manifest__formal_qwen.json	76.21951219512195	86.73237300985596	72.45841035120148	84.1890869205017	81.12662342718637	0.0	9.146341463414629	3.4100109794282076	2.281176996520363	0.6039	0.19257	1.28554	0.11967	0.38133	0.75739	0.90624	2.88727	1.2087238037262849	4.549577573665629	1.145402676332261	0.4	0.4	0.4	0.16	0.16	0.4	0.0	0.6	0.65003	0.69246	0.22470697136158474	0.16	0.54239	0.84396	1.1334685292753173	0.16	0.60335	0.73636	0.23327666210361703	0.16	0.63016	0.73614	0.6160416642484009	0.16	0.57819	0.79966	0.911817867470734	0.16	0.66237	0.7225	-0.28816580807428765	0.16	0.75618	0.5306	-1.1057463710404272	0.16	0.53689	0.78823	-0.8348250901636821	0.16	0.64469	0.72849	-0.17294711276688823	0.16	0.55979	0.83885	0.7682887025862644	0.16	0.54149	0.84068	0.7017315769594961	0.16	0.52589	0.85236	-0.03527664344935337	0.16	0.0	0.0	0.0	0.0	0.0	0.0	0.0	0.0	-0.9162905567903981	-0.9162901509882158	-0.9162907257524979	-0.6	-0.6	-0.6	-0.84	-0.84	-0.6	0.0	0.6	0.0	0.0	-0.9162899463814667	-0.84	0.0	0.0	-0.916290655937565	-0.84	0.0	0.0	-0.9162899434057257	-0.84	0.0	0.0	-0.9162908553069736	-0.84	0.0	0.0	-0.9162905494628342	-0.84	0.0	0.0	-0.9162894551523093	-0.84	0.0	0.0	-0.9162904666421183	-0.84	0.0	0.0	-0.9162899778750798	-0.84	0.0	0.0	-0.9162902475888384	-0.84	0.0	0.0	-0.9162904960118037	-0.84	0.0	0.0	-0.916291143169303	-0.84	0.0	0.0	-0.9162893261069566	-0.84	/dataset1/zailong/workspace/peft-sft-lab/reports/hns_forgetting_20260911/git_artifacts/run_metadata/experiment_config.json	9.90374	5.97978	0.69497	0.4622	-0.12546	2.63833	1.28928	0.73802	0.17227	1.82811	8.95359	0.21281	1.59305	1.73879	1.35357	1.75292	-3.24852	3.16569	0.16611	-0.03628	-1.26982	1.68163	1.0	1.0	1.0	0.4	0.0	0.6039	0.0	9.999999999621423e-06	0.0	0.0	0.0	0.0	0.0	0.0	0.0	0.0	0.0	0.0	0.0	0.0	0.0	-0.6	0.0	0.0	0.0	0.0	0.0	-1.4341700000000002	0.0	0.0	0.0	1.04498	1.14286	0.97811	0.30938	0.15661	0.4	0.4	0.0	0.0	0.0	0.0	0.0	0.0	-0.6	-0.6	0.0
scalar_common_basis_seed42	Qwen3-8B	magicoder	42	global_0p55	magicoder__global_0p55	Qwen3-8B/magicoder/seed42	/dataset1/zailong/runs/peft-sft-lab/hns-forgetting-2x4-20260911/adapters/Qwen3-8B/magicoder/common-global-0p55	/dataset1/zailong/models/spectral-surgery/Qwen3-8B-Magicoder-50K-LoRA-E1	False	False	71.95121951219512	/dataset1/zailong/workspace/peft-sft-lab/reports/hns_forgetting_20260911/git_artifacts/run_metadata/score_manifest__formal_qwen.json	/dataset1/zailong/runs/peft-sft-lab/hns-forgetting-2x4-20260911/variant_manifests/Qwen3-8B.json	/dataset1/zailong/workspace/peft-sft-lab/reports/hns_forgetting_20260911/git_artifacts/run_metadata/generation_manifest__formal_qwen.json	71.95121951219512	85.29188779378318	70.42513863216267	84.19270008908808	79.96990883834464	0.18797264680341166	4.878048780487802	2.2532963905864705	2.0932043497169515	0.6039	0.19257	1.28554	0.11967	0.38133	0.75739	0.90624	2.88727	1.5271775468229656	4.868031318339476	1.463856418327037	0.55	0.55	0.55	0.3025	0.3025	0.55	0.0	0.45	0.65003	0.69246	0.5431607133701106	0.3025	0.54239	0.84396	1.4519222725487444	0.3025	0.60335	0.73636	0.5517304146922963	0.3025	0.63016	0.73614	0.9344954052315877	0.3025	0.57819	0.79966	1.2302716092938228	0.3025	0.66237	0.7225	0.03028794282408168	0.3025	0.75618	0.5306	-0.7872926467008995	0.3025	0.53689	0.78823	-0.5163713572784525	0.3025	0.64469	0.72849	0.1455066273446877	0.3025	0.55979	0.83885	1.0867424578798215	0.3025	0.54149	0.84068	1.0201853059525892	0.3025	0.52589	0.85236	0.2831771022204153	0.3025	0.0	0.0	0.0	0.0	0.0	0.0	0.0	0.0	-0.5978368136937173	-0.5978364063143689	-0.5978369837577218	-0.44999999999999996	-0.44999999999999996	-0.44999999999999996	-0.6975	-0.6975	-0.44999999999999996	0.0	0.45	0.0	0.0	-0.5978362043729408	-0.6975	0.0	0.0	-0.5978369126641379	-0.6975	0.0	0.0	-0.5978361908170464	-0.6975	0.0	0.0	-0.5978371143237868	-0.6975	0.0	0.0	-0.5978368076397453	-0.6975	0.0	0.0	-0.59783570425394	-0.6975	0.0	0.0	-0.5978367423025907	-0.6975	0.0	0.0	-0.5978362449898502	-0.6975	0.0	0.0	-0.5978365074772625	-0.6975	0.0	0.0	-0.5978367407182466	-0.6975	0.0	0.0	-0.59783741417621	-0.6975	0.0	0.0	-0.597835580437188	-0.6975	/dataset1/zailong/workspace/peft-sft-lab/reports/hns_forgetting_20260911/git_artifacts/run_metadata/experiment_config.json	9.90374	5.97977	0.69497	0.4622	-0.12546	2.63833	1.28928	0.73802	0.17227	1.82811	8.95359	0.21281	1.59305	1.73879	1.35357	1.75292	-2.75014	3.16569	0.16611	-0.03628	-1.26982	1.68163	1.0	1.0	1.0	0.55	0.0	0.6039	0.0	0.0	0.0	0.0	0.0	0.0	0.0	0.0	0.0	0.0	0.0	0.0	0.0	0.0	0.0	-0.44999999999999996	0.0	0.0	0.0	0.0	0.0	-0.9357900000000001	0.0	0.0	0.0	1.04498	1.14286	0.97811	0.30938	0.15661	0.55	0.55	0.0	0.0	0.0	0.0	0.0	0.0	-0.44999999999999996	-0.44999999999999996	0.0
scalar_common_basis_seed42	Qwen3-8B	magicoder	42	global_0p70	magicoder__global_0p70	Qwen3-8B/magicoder/seed42	/dataset1/zailong/runs/peft-sft-lab/hns-forgetting-2x4-20260911/adapters/Qwen3-8B/magicoder/common-global-0p70	/dataset1/zailong/models/spectral-surgery/Qwen3-8B-Magicoder-50K-LoRA-E1	False	False	69.51219512195121	/dataset1/zailong/workspace/peft-sft-lab/reports/hns_forgetting_20260911/git_artifacts/run_metadata/score_manifest__formal_qwen.json	/dataset1/zailong/runs/peft-sft-lab/hns-forgetting-2x4-20260911/variant_manifests/Qwen3-8B.json	/dataset1/zailong/workspace/peft-sft-lab/reports/hns_forgetting_20260911/git_artifacts/run_metadata/generation_manifest__formal_qwen.json	69.51219512195121	83.92721758908263	70.60998151571165	83.94989717426641	79.4956987596869	0.5812484205205996	2.439024390243887	1.7790863119287366	1.6999285759997633	0.6039	0.19257	1.28554	0.11967	0.38133	0.75739	0.90624	2.88727	1.768339560868006	5.109193329696449	1.7050184333506258	0.7	0.7	0.7	0.49	0.49	0.7	0.0	0.3	0.65003	0.69246	0.7843227366014845	0.49	0.54239	0.84396	1.6930842851016705	0.49	0.60335	0.73636	0.7928924289634056	0.49	0.63016	0.73614	1.175657421461992	0.49	0.57819	0.79966	1.4714336220711426	0.49	0.66237	0.7225	0.27144997163173556	0.49	0.75618	0.5306	-0.5461306106070176	0.49	0.53689	0.78823	-0.27520934067432584	0.49	0.64469	0.72849	0.38666864592003	0.49	0.55979	0.83885	1.3279044578100883	0.49	0.54149	0.84068	1.261347339667572	0.49	0.52589	0.85236	0.5243390853320192	0.49	0.0	0.0	0.0	0.0	0.0	0.0	0.0	0.0	-0.356674799648677	-0.3566743949573956	-0.35667496873413307	-0.30000000000000004	-0.30000000000000004	-0.30000000000000004	-0.51	-0.51	-0.30000000000000004	0.0	0.3	0.0	0.0	-0.3566741811415669	-0.51	0.0	0.0	-0.3566749001112117	-0.51	0.0	0.0	-0.35667417654593714	-0.51	0.0	0.0	-0.3566750980933826	-0.51	0.0	0.0	-0.3566747948624256	-0.51	0.0	0.0	-0.35667367544628603	-0.51	0.0	0.0	-0.3566747062087088	-0.51	0.0	0.0	-0.35667422838572355	-0.51	0.0	0.0	-0.35667448890192016	-0.51	0.0	0.0	-0.3566747407879798	-0.51	0.0	0.0	-0.35667538046122704	-0.51	0.0	0.0	-0.356673597325584	-0.51	/dataset1/zailong/workspace/peft-sft-lab/reports/hns_forgetting_20260911/git_artifacts/run_metadata/experiment_config.json	9.90374	5.97977	0.69497	0.4622	-0.12546	2.63833	1.28928	0.73802	0.17227	1.82811	8.95359	0.21281	1.59305	1.73879	1.35357	1.75293	-2.38416	3.16569	0.16611	-0.03628	-1.26982	1.68163	1.0	1.0	1.0	0.7	0.0	0.6039	0.0	0.0	0.0	0.0	0.0	0.0	0.0	0.0	0.0	0.0	0.0	0.0	0.0	0.0	0.0	-0.30000000000000004	0.0	0.0	0.0	0.0	1.0000000000065512e-05	-0.5698100000000001	0.0	0.0	0.0	1.04498	1.14286	0.97811	0.30938	0.15661	0.7	0.7	0.0	0.0	0.0	0.0	0.0	0.0	-0.30000000000000004	-0.30000000000000004	0.0
scalar_common_basis_seed42	Qwen3-8B	magicoder	42	global_0p85	magicoder__global_0p85	Qwen3-8B/magicoder/seed42	/dataset1/zailong/runs/peft-sft-lab/hns-forgetting-2x4-20260911/adapters/Qwen3-8B/magicoder/common-global-0p85	/dataset1/zailong/models/spectral-surgery/Qwen3-8B-Magicoder-50K-LoRA-E1	False	False	67.07317073170732	/dataset1/zailong/workspace/peft-sft-lab/reports/hns_forgetting_20260911/git_artifacts/run_metadata/score_manifest__formal_qwen.json	/dataset1/zailong/runs/peft-sft-lab/hns-forgetting-2x4-20260911/variant_manifests/Qwen3-8B.json	/dataset1/zailong/workspace/peft-sft-lab/reports/hns_forgetting_20260911/git_artifacts/run_metadata/generation_manifest__formal_qwen.json	67.07317073170732	83.24488248673238	68.39186691312385	83.72298608028342	78.45324516004655	1.5480649888332845	0.0	0.7366327122883831	0.7331120076870785	0.6039	0.19257	1.28554	0.11967	0.38133	0.75739	0.90624	2.88727	1.9624956321715195	5.303349393483188	1.89917450661582	0.85	0.85	0.85	0.7225	0.7225	0.85	0.0	0.15	0.65003	0.69246	0.9784787872583162	0.7225	0.54239	0.84396	1.8872403597587748	0.7225	0.60335	0.73636	0.9870484880342558	0.7225	0.63016	0.73614	1.3698134964712045	0.7225	0.57819	0.79966	1.6655896944724913	0.7225	0.66237	0.7225	0.4656060194588618	0.7225	0.75618	0.5306	-0.3519745564467528	0.7225	0.53689	0.78823	-0.08105326436372667	0.7225	0.64469	0.72849	0.5808246914544956	0.7225	0.55979	0.83885	1.5220605538807306	0.7225	0.54149	0.84068	1.4555033864328288	0.7225	0.52589	0.85236	0.7184951749645845	0.7225	0.0	0.0	0.0	0.0	0.0	0.0	0.0	0.0	-0.16251872834516345	-0.16251833117065662	-0.16251889546893872	-0.15000000000000002	-0.15000000000000002	-0.15000000000000002	-0.27749999999999997	-0.27749999999999997	-0.15000000000000002	0.0	0.15	0.0	0.0	-0.1625181304847353	-0.27749999999999997	0.0	0.0	-0.16251882545410745	-0.27749999999999997	0.0	0.0	-0.16251811747508693	-0.27749999999999997	0.0	0.0	-0.16251902308417	-0.27749999999999997	0.0	0.0	-0.1625187224610769	-0.27749999999999997	0.0	0.0	-0.16251762761915978	-0.27749999999999997	0.0	0.0	-0.16251865204844393	-0.27749999999999997	0.0	0.0	-0.16251815207512438	-0.27749999999999997	0.0	0.0	-0.16251844336745458	-0.27749999999999997	0.0	0.0	-0.16251864471733746	-0.27749999999999997	0.0	0.0	-0.16251933369597027	-0.27749999999999997	0.0	0.0	-0.16251750769301876	-0.27749999999999997	/dataset1/zailong/workspace/peft-sft-lab/reports/hns_forgetting_20260911/git_artifacts/run_metadata/experiment_config.json	9.90374	5.97977	0.69497	0.4622	-0.12546	2.63833	1.28928	0.73802	0.17227	1.82811	8.95359	0.21281	1.59305	1.73879	1.35357	1.75293	-2.07345	3.16569	0.16611	-0.03628	-1.26982	1.68163	1.0	1.0	1.0	0.85	0.0	0.6039	0.0	0.0	0.0	0.0	0.0	0.0	0.0	0.0	0.0	0.0	0.0	0.0	0.0	0.0	0.0	-0.15000000000000002	0.0	0.0	0.0	0.0	1.0000000000065512e-05	-0.2590999999999999	0.0	0.0	0.0	1.04498	1.14286	0.97811	0.30938	0.15661	0.85	0.85	0.0	0.0	0.0	0.0	0.0	0.0	-0.15000000000000002	-0.15000000000000002	0.0
scalar_common_basis_seed42	Qwen3-8B	magicoder	42	common_lora	magicoder__common_lora	Qwen3-8B/magicoder/seed42	/dataset1/zailong/runs/peft-sft-lab/hns-forgetting-2x4-20260911/adapters/Qwen3-8B/magicoder/common-global-1p00	/dataset1/zailong/models/spectral-surgery/Qwen3-8B-Magicoder-50K-LoRA-E1	True	False	67.07317073170732	/dataset1/zailong/workspace/peft-sft-lab/reports/hns_forgetting_20260911/git_artifacts/run_metadata/score_manifest__formal_qwen.json	/dataset1/zailong/runs/peft-sft-lab/hns-forgetting-2x4-20260911/variant_manifests/Qwen3-8B.json	/dataset1/zailong/workspace/peft-sft-lab/reports/hns_forgetting_20260911/git_artifacts/run_metadata/generation_manifest__formal_qwen.json	67.07317073170732	84.00303260045489	65.4343807763401	83.7124239664795	77.71661244775817	2.281176996520363	0.0	0.0	0.0	0.6039	0.19257	1.28554	0.11967	0.38133	0.75739	0.90624	2.88727	2.125014360516683	5.465867724653845	2.061693402084759	1.0	1.0	1.0	1.0	1.0	1.0	0.0	0.0	0.65003	0.69246	1.1409969177430515	1.0	0.54239	0.84396	2.0497591852128823	1.0	0.60335	0.73636	1.1495666055093428	1.0	0.63016	0.73614	1.5323325195553745	1.0	0.57819	0.79966	1.8281084169335682	1.0	0.66237	0.7225	0.6281236470780216	1.0	0.75618	0.5306	-0.18945590439830887	1.0	0.53689	0.78823	0.0814648877113977	1.0	0.64469	0.72849	0.7433431348219501	1.0	0.55979	0.83885	1.684579198598068	1.0	0.54149	0.84068	1.618022720128799	1.0	0.52589	0.85236	0.8810126826576032	1.0	0.0	0.0	0.0	0.0	0.0	0.0	0.0	0.0	0.0	0.0	0.0	0.0	0.0	0.0	0.0	0.0	0.0	0.0	0.0	0.0	0.0	0.0	0.0	0.0	0.0	0.0	0.0	0.0	0.0	0.0	0.0	0.0	0.0	0.0	0.0	0.0	0.0	0.0	0.0	0.0	0.0	0.0	0.0	0.0	0.0	0.0	0.0	0.0	0.0	0.0	0.0	0.0	0.0	0.0	0.0	0.0	0.0	0.0	0.0	0.0	0.0	0.0	0.0	0.0	0.0	0.0	0.0	/dataset1/zailong/workspace/peft-sft-lab/reports/hns_forgetting_20260911/git_artifacts/run_metadata/experiment_config.json	9.90374	5.97977	0.69497	0.4622	-0.12546	2.63833	1.28928	0.73802	0.17227	1.82811	8.95359	0.21281	1.59305	1.73879	1.35357	1.75292	-1.81435	3.16569	0.16611	-0.03628	-1.26982	1.68163	1.0	1.0	1.0	1.0	0.0	0.6039	0.0	0.0	0.0	0.0	0.0	0.0	0.0	0.0	0.0	0.0	0.0	0.0	0.0	0.0	0.0	0.0	0.0	0.0	0.0	0.0	0.0	0.0	0.0	0.0	0.0	1.04498	1.14286	0.97811	0.30938	0.15661	1.0	1.0	0.0	0.0	0.0	0.0	0.0	0.0	0.0	0.0	0.0
scalar_common_basis_seed42	Qwen3-8B	metamath	42	common_hns	metamath__common_hns	Qwen3-8B/metamath/seed42	/dataset1/zailong/runs/peft-sft-lab/hns-forgetting-2x4-20260911/adapters/Qwen3-8B/metamath/common-hns	/dataset1/zailong/models/spectral-surgery/Qwen3-8B-MetaMathQA-50K-LoRA	False	False	88.09704321455648	/dataset1/zailong/workspace/peft-sft-lab/reports/hns_forgetting_20260911/git_artifacts/run_metadata/score_manifest__formal_qwen.json	/dataset1/zailong/runs/peft-sft-lab/hns-forgetting-2x4-20260911/variant_manifests/Qwen3-8B.json	/dataset1/zailong/workspace/peft-sft-lab/reports/hns_forgetting_20260911/git_artifacts/run_metadata/generation_manifest__formal_qwen.json	68.29268292682927	88.09704321455648	72.82809611829944	84.64204013350864	75.25427305954578	0.0	3.7149355572403238	3.5243544873733867	1.6756082533098937	0.99989	0.99956	15.34673	0.99914	0.99978	0.06517	0.25786	0.05268	3.115749882724369	7.135229790169331	1.7499074165199888	0.60881	1.0	0.17761	0.03009	0.10184	0.37069	0.62927	0.79327	0.99989	0.0652	2.435644176464885	0.04696	0.99989	0.06513	2.9674849859554744	0.02681	0.99988	0.06528	2.2883666290810125	0.01912	0.99989	0.06512	2.5994788586591557	0.03915	0.9999	0.06511	2.7195563568791385	0.03214	0.99989	0.06528	2.0505392270880978	0.03583	0.99988	0.06541	1.417012451390988	0.05599	0.99989	0.0652	0.9451053923260361	0.03278	0.99991	0.06491	1.9191770517974762	0.07956	0.99987	0.06536	2.6545578243361634	0.02095	0.9999	0.06501	2.425537437940221	0.03949	0.9999	0.06502	1.935387095286567	0.04256	0.33716999999999997	0.74353	13.87659	0.84404	0.542	-0.59785	-0.6120300000000001	-2.67531	-0.4962446480505389	0.0	-1.728142128300602	-0.39119000000000004	0.0	-0.82239	-0.96991	-0.89816	-0.62931	0.62927	0.79327	0.30774999999999997	-0.5442199999999999	-0.3629362680654591	-0.95304	0.37639999999999996	-0.66935	-0.5350881287568354	-0.97319	0.40871	-0.67281	-0.6664598430639774	-0.98088	0.29008999999999996	-0.5470900000000001	-0.40997446358827583	-0.96085	0.31271000000000004	-0.57363	-0.4724029150993183	-0.9678599999999999	0.35502999999999996	-0.63467	-0.44013620530064523	-0.96417	0.29096	-0.47711000000000003	-0.33753887598655563	-0.94401	0.3761699999999999	-0.62222	-0.48036954974488155	-0.96722	0.20883999999999991	-0.44287	-0.22787275899112136	-0.92044	0.48968	-0.77257	-0.6346698993651789	-0.97905	0.32345999999999997	-0.63179	-0.39353281696261355	-0.96051	0.31606999999999996	-0.60368	-0.3767272397803647	-0.95744	/dataset1/zailong/workspace/peft-sft-lab/reports/hns_forgetting_20260911/git_artifacts/run_metadata/experiment_config.json	15.99829	15.99658	0.99989	0.00776	-0.00294	15.99319	0.00032	0.0114	0.97927	0.0364	-0.21569	-0.17048	63.56898	70.97261	0.01429	30.3121	-78.41746	0.00063	38.2566	1e-05	0.00037	-9e-05	1.0	1.0	1.0	0.37069	0.62927	0.99989	5.078430000000001	8.75636	0.26708999999999994	-0.42709	0.13191	12.36664	-1.07826	-1.42362	-0.65763	0.77452	-1.78007	-2.93593	-0.0438	-1.53281	-1.14767	-0.62931	0.62927	0.33716999999999997	69.27715	61.90026	28.628120000000003	-78.80423	38.04735	-7.706	-0.3281	6.78533	10.06368	0.30485	5.01265	2.18313	0.21427	0.15821	0.45482	5.47042	8.26678	-0.56419	3.3176499999999995	1.3846399999999996	-0.78573	-0.84179	0.45482
scalar_common_basis_seed42	Qwen3-8B	metamath	42	common_per_module	metamath__common_per_module	Qwen3-8B/metamath/seed42	/dataset1/zailong/runs/peft-sft-lab/hns-forgetting-2x4-20260911/adapters/Qwen3-8B/metamath/common-per-module	/dataset1/zailong/models/spectral-surgery/Qwen3-8B-MetaMathQA-50K-LoRA	False	False	84.76118271417741	/dataset1/zailong/workspace/peft-sft-lab/reports/hns_forgetting_20260911/git_artifacts/run_metadata/score_manifest__formal_qwen.json	/dataset1/zailong/runs/peft-sft-lab/hns-forgetting-2x4-20260911/variant_manifests/Qwen3-8B.json	/dataset1/zailong/workspace/peft-sft-lab/reports/hns_forgetting_20260911/git_artifacts/run_metadata/generation_manifest__formal_qwen.json	66.46341463414635	84.76118271417741	70.24029574861368	84.11841092239202	73.60737376838402	0.12322858903265892	0.37907505686125376	1.8774551962116277	1.5523796642772347	0.66272	0.25603	1.47014	0.1551	0.45778	0.66302	0.86989	2.72799	3.1157497334097095	6.720497006115927	2.9385278848100724	0.60881	0.66052	0.58303	0.33992	0.35844	0.59469	0.04584	0.42575	0.69214	0.60942	2.435643994904353	0.44049	0.62349	0.73448	2.9674848477715297	0.32039	0.59117	0.73809	2.2883664902483547	0.24022	0.7098	0.61221	2.599478755714673	0.41939	0.68719	0.63874	2.7195561666690122	0.36042	0.64486	0.69995	2.0505391149438132	0.39224	0.70892	0.54252	1.4170120722876196	0.47836	0.62372	0.68742	0.9451054587608395	0.35302	0.79107	0.50778	1.9191768169724297	0.5916	0.51019	0.83793	2.6545577355997634	0.27073	0.67644	0.6968	2.4255372130000663	0.43379	0.68383	0.6687	1.935386979973046	0.4361	0.0	0.0	0.0	0.0	0.0	0.0	0.0	0.0	-0.4962447973651982	-0.4147327840534034	-0.5395216600105184	-0.39119000000000004	-0.33948	-0.41696999999999995	-0.66008	-0.64156	-0.40530999999999995	0.04584	0.42575	0.0	0.0	-0.36293644962599103	-0.55951	0.0	0.0	-0.5350882669407802	-0.67961	0.0	0.0	-0.6664599818966352	-0.75978	0.0	0.0	-0.40997456653275854	-0.5806100000000001	0.0	0.0	-0.4724031053094446	-0.63958	0.0	0.0	-0.44013631744492976	-0.6077600000000001	0.0	0.0	-0.3375392550899241	-0.52164	0.0	0.0	-0.4803694833100781	-0.64698	0.0	0.0	-0.22787299381616788	-0.4084	0.0	0.0	-0.6346699881015789	-0.72927	0.0	0.0	-0.39353304190276805	-0.56621	0.0	0.0	-0.37672735509388566	-0.5639000000000001	/dataset1/zailong/workspace/peft-sft-lab/reports/hns_forgetting_20260911/git_artifacts/run_metadata/experiment_config.json	10.91986	7.24022	0.7328	0.43485	-0.13485	3.62655	1.07858	0.66903	0.20475	1.81647	7.49031	0.15762	1.66872	1.69546	1.4379	1.68398	-0.19349	2.93656	0.20925	0.04381	1.53318	1.14758	1.0	1.0	1.0	0.59469	0.04584	0.66272	0.0	0.0	0.0	0.0	0.0	0.0	0.0	-1.0000000000065512e-05	0.0	0.0	0.0	0.0	0.0	0.0	0.0	-0.40530999999999995	0.04584	0.0	0.0	0.0	0.0	-0.58026	0.0	0.0	0.0	1.31491	1.7969	0.86904	1.695	0.79849	0.51804	0.503	0.05721	0.0	0.0	0.0	0.0	0.0	-0.48196000000000006	-0.497	0.05721
scalar_common_basis_seed42	Qwen3-8B	metamath	42	global_0p25	metamath__global_0p25	Qwen3-8B/metamath/seed42	/dataset1/zailong/runs/peft-sft-lab/hns-forgetting-2x4-20260911/adapters/Qwen3-8B/metamath/common-global-0p25	/dataset1/zailong/models/spectral-surgery/Qwen3-8B-MetaMathQA-50K-LoRA	False	False	87.86959818043972	/dataset1/zailong/workspace/peft-sft-lab/reports/hns_forgetting_20260911/git_artifacts/run_metadata/score_manifest__formal_qwen.json	/dataset1/zailong/runs/peft-sft-lab/hns-forgetting-2x4-20260911/variant_manifests/Qwen3-8B.json	/dataset1/zailong/workspace/peft-sft-lab/reports/hns_forgetting_20260911/git_artifacts/run_metadata/generation_manifest__formal_qwen.json	64.02439024390245	87.86959818043972	71.53419593345656	84.20901149184766	73.25586588973556	0.8130081300813004	3.4874905231235687	1.5259473175631655	0.8626001232285934	0.66272	0.25603	1.47014	0.1551	0.45778	0.66302	0.86989	2.72799	2.2257006240878763	5.748936077550107	2.0917551837007	0.25	0.25	0.25	0.0625	0.0625	0.25	0.0	0.75	0.69214	0.60942	1.412286382610655	0.0625	0.62349	0.73448	2.116279246000712	0.0625	0.59117	0.73809	1.568532391606627	0.0625	0.7098	0.61221	1.623159684688111	0.0625	0.68719	0.63874	1.805665286660992	0.0625	0.64486	0.69995	1.10438137590912	0.0625	0.70892	0.54252	0.3682569965775417	0.0625	0.62372	0.68742	0.03918162559953539	0.0625	0.79107	0.50778	0.7607556846325737	0.0625	0.51019	0.83793	1.9029339650077697	0.0625	0.67644	0.6968	1.4327761848912064	0.0625	0.68383	0.6687	0.9258202446531837	0.0625	0.0	0.0	0.0	0.0	0.0	0.0	0.0	0.0	-1.3862939066870315	-1.3862937126192234	-1.3862943611198908	-0.75	-0.75	-0.75	-0.9375	-0.9375	-0.75	0.0	0.75	0.0	0.0	-1.3862940619196888	-0.9375	0.0	0.0	-1.386293868711598	-0.9375	0.0	0.0	-1.386294080538363	-0.9375	0.0	0.0	-1.3862936375593207	-0.9375	0.0	0.0	-1.386293985317465	-0.9375	0.0	0.0	-1.386294056479623	-0.9375	0.0	0.0	-1.386294330800002	-0.9375	0.0	0.0	-1.3862933164713822	-0.9375	0.0	0.0	-1.3862941261560238	-0.9375	0.0	0.0	-1.3862937586935726	-0.9375	0.0	0.0	-1.386294070011628	-0.9375	0.0	0.0	-1.386294090413748	-0.9375	/dataset1/zailong/workspace/peft-sft-lab/reports/hns_forgetting_20260911/git_artifacts/run_metadata/experiment_config.json	10.91986	7.24022	0.7328	0.43485	-0.13485	3.62655	1.07858	0.66903	0.20475	1.81647	7.49031	0.15762	1.66872	1.69546	1.43791	1.68398	-1.7347	2.93656	0.20925	0.04381	1.53318	1.14758	1.0	1.0	1.0	0.25	0.0	0.66272	0.0	0.0	0.0	0.0	0.0	0.0	0.0	0.0	0.0	0.0	0.0	0.0	0.0	0.0	0.0	-0.75	0.0	0.0	0.0	0.0	0.0	-2.12147	0.0	0.0	0.0	1.31491	1.7969	0.86904	1.695	0.79849	0.25	0.25	0.0	0.0	0.0	0.0	0.0	0.0	-0.75	-0.75	0.0
scalar_common_basis_seed42	Qwen3-8B	metamath	42	global_0p40	metamath__global_0p40	Qwen3-8B/metamath/seed42	/dataset1/zailong/runs/peft-sft-lab/hns-forgetting-2x4-20260911/adapters/Qwen3-8B/metamath/common-global-0p40	/dataset1/zailong/models/spectral-surgery/Qwen3-8B-MetaMathQA-50K-LoRA	False	False	87.41470811220621	/dataset1/zailong/workspace/peft-sft-lab/reports/hns_forgetting_20260911/git_artifacts/run_metadata/score_manifest__formal_qwen.json	/dataset1/zailong/runs/peft-sft-lab/hns-forgetting-2x4-20260911/variant_manifests/Qwen3-8B.json	/dataset1/zailong/workspace/peft-sft-lab/reports/hns_forgetting_20260911/git_artifacts/run_metadata/generation_manifest__formal_qwen.json	66.46341463414635	87.41470811220621	70.79482439926062	84.40147990479703	73.88657297940132	0.0	3.0326004548900585	2.1566544072289275	1.6756082533098937	0.66272	0.25603	1.47014	0.1551	0.45778	0.66302	0.86989	2.72799	2.695704273128693	6.218939727452871	2.5617588339544914	0.4	0.4	0.4	0.16	0.16	0.4	0.0	0.6	0.69214	0.60942	1.8822900420803204	0.16	0.62349	0.73448	2.5862828924902614	0.16	0.59117	0.73809	2.0385360482509176	0.16	0.7098	0.61221	2.093163341899108	0.16	0.68719	0.63874	2.2756689252982003	0.16	0.64486	0.69995	1.574385040955955	0.16	0.70892	0.54252	0.8382606219825544	0.16	0.62372	0.68742	0.5091852932559641	0.16	0.79107	0.50778	1.2307593466174953	0.16	0.51019	0.83793	2.372937612466819	0.16	0.67644	0.6968	1.9027798276798862	0.16	0.68383	0.6687	1.3958238945004935	0.16	0.0	0.0	0.0	0.0	0.0	0.0	0.0	0.0	-0.9162902576462146	-0.9162900627164596	-0.9162907108660994	-0.6	-0.6	-0.6	-0.84	-0.84	-0.6	0.0	0.6	0.0	0.0	-0.9162904024500236	-0.84	0.0	0.0	-0.9162902222220484	-0.84	0.0	0.0	-0.9162904238940723	-0.84	0.0	0.0	-0.9162899803483238	-0.84	0.0	0.0	-0.9162903466802566	-0.84	0.0	0.0	-0.916290391432788	-0.84	0.0	0.0	-0.9162907053949894	-0.84	0.0	0.0	-0.9162896488149536	-0.84	0.0	0.0	-0.9162904641711023	-0.84	0.0	0.0	-0.9162901112345234	-0.84	0.0	0.0	-0.9162904272229482	-0.84	0.0	0.0	-0.9162904405664383	-0.84	/dataset1/zailong/workspace/peft-sft-lab/reports/hns_forgetting_20260911/git_artifacts/run_metadata/experiment_config.json	10.91986	7.24022	0.7328	0.43485	-0.13485	3.62655	1.07858	0.66903	0.20475	1.81647	7.49031	0.15762	1.66872	1.69546	1.4379	1.68398	-0.99936	2.93656	0.20925	0.04381	1.53318	1.14758	1.0	1.0	1.0	0.4	0.0	0.66272	0.0	0.0	0.0	0.0	0.0	0.0	0.0	-1.0000000000065512e-05	0.0	0.0	0.0	0.0	0.0	0.0	0.0	-0.6	0.0	0.0	0.0	0.0	0.0	-1.38613	0.0	0.0	0.0	1.31491	1.7969	0.86904	1.695	0.79849	0.4	0.4	0.0	0.0	0.0	0.0	0.0	0.0	-0.6	-0.6	0.0
scalar_common_basis_seed42	Qwen3-8B	metamath	42	global_0p55	metamath__global_0p55	Qwen3-8B/metamath/seed42	/dataset1/zailong/runs/peft-sft-lab/hns-forgetting-2x4-20260911/adapters/Qwen3-8B/metamath/common-global-0p55	/dataset1/zailong/models/spectral-surgery/Qwen3-8B-MetaMathQA-50K-LoRA	False	False	85.82259287338894	/dataset1/zailong/workspace/peft-sft-lab/reports/hns_forgetting_20260911/git_artifacts/run_metadata/score_manifest__formal_qwen.json	/dataset1/zailong/runs/peft-sft-lab/hns-forgetting-2x4-20260911/variant_manifests/Qwen3-8B.json	/dataset1/zailong/workspace/peft-sft-lab/reports/hns_forgetting_20260911/git_artifacts/run_metadata/generation_manifest__formal_qwen.json	65.2439024390244	85.82259287338894	69.13123844731977	84.24682879327149	72.87398989320523	0.8994184211712763	1.440485216072787	1.1440713210328397	0.7761898321386174	0.66272	0.25603	1.47014	0.1551	0.45778	0.66302	0.86989	2.72799	3.014157996356209	6.537393446602107	2.8802125615227436	0.55	0.55	0.55	0.3025	0.3025	0.55	0.0	0.45	0.69214	0.60942	2.2007437522324302	0.3025	0.62349	0.73448	2.9047366189164867	0.3025	0.59117	0.73809	2.3569897742863217	0.3025	0.7098	0.61221	2.4116170625294586	0.3025	0.68719	0.63874	2.5941226485811733	0.3025	0.64486	0.69995	1.892838745752228	0.3025	0.70892	0.54252	1.156714350808577	0.3025	0.62372	0.68742	0.8276390109260954	0.3025	0.79107	0.50778	1.5492130571251188	0.3025	0.51019	0.83793	2.691391338951964	0.3025	0.67644	0.6968	2.2212335520445756	0.3025	0.68383	0.6687	1.7142776261931731	0.3025	0.0	0.0	0.0	0.0	0.0	0.0	0.0	0.0	-0.5978365344186987	-0.5978363435672236	-0.5978369832978472	-0.44999999999999996	-0.44999999999999996	-0.44999999999999996	-0.6975	-0.6975	-0.44999999999999996	0.0	0.45	0.0	0.0	-0.5978366922979137	-0.6975	0.0	0.0	-0.5978364957958231	-0.6975	0.0	0.0	-0.5978366978586682	-0.6975	0.0	0.0	-0.5978362597179729	-0.6975	0.0	0.0	-0.5978366233972836	-0.6975	0.0	0.0	-0.597836686636515	-0.6975	0.0	0.0	-0.5978369765689666	-0.6975	0.0	0.0	-0.5978359311448223	-0.6975	0.0	0.0	-0.5978367536634788	-0.6975	0.0	0.0	-0.5978363847493782	-0.6975	0.0	0.0	-0.5978367028582587	-0.6975	0.0	0.0	-0.5978367088737586	-0.6975	/dataset1/zailong/workspace/peft-sft-lab/reports/hns_forgetting_20260911/git_artifacts/run_metadata/experiment_config.json	10.91986	7.24022	0.7328	0.43485	-0.13485	3.62655	1.07858	0.66903	0.20475	1.81647	7.49031	0.15762	1.66872	1.69546	1.4379	1.68398	-0.54045	2.93656	0.20925	0.04381	1.53318	1.14758	1.0	1.0	1.0	0.55	0.0	0.66272	0.0	0.0	0.0	0.0	0.0	0.0	0.0	-1.0000000000065512e-05	0.0	0.0	0.0	0.0	0.0	0.0	0.0	-0.44999999999999996	0.0	0.0	0.0	0.0	0.0	-0.9272199999999999	0.0	0.0	0.0	1.31491	1.7969	0.86904	1.695	0.79849	0.55	0.55	0.0	0.0	0.0	0.0	0.0	0.0	-0.44999999999999996	-0.44999999999999996	0.0
scalar_common_basis_seed42	Qwen3-8B	metamath	42	global_0p70	metamath__global_0p70	Qwen3-8B/metamath/seed42	/dataset1/zailong/runs/peft-sft-lab/hns-forgetting-2x4-20260911/adapters/Qwen3-8B/metamath/common-global-0p70	/dataset1/zailong/models/spectral-surgery/Qwen3-8B-MetaMathQA-50K-LoRA	False	False	85.97422289613344	/dataset1/zailong/workspace/peft-sft-lab/reports/hns_forgetting_20260911/git_artifacts/run_metadata/score_manifest__formal_qwen.json	/dataset1/zailong/runs/peft-sft-lab/hns-forgetting-2x4-20260911/variant_manifests/Qwen3-8B.json	/dataset1/zailong/workspace/peft-sft-lab/reports/hns_forgetting_20260911/git_artifacts/run_metadata/generation_manifest__formal_qwen.json	67.6829268292683	85.97422289613344	69.87060998151571	83.98581947910412	73.84645209662938	0.2464571780653131	1.5921152388172857	2.116533524456983	1.4291510752445806	0.66272	0.25603	1.47014	0.1551	0.45778	0.66302	0.86989	2.72799	3.2553200190852905	6.778555471656297	3.121374580172267	0.7	0.7	0.7	0.49	0.49	0.7	0.0	0.3	0.69214	0.60942	2.4419057787527136	0.49	0.62349	0.73448	3.145898640718105	0.49	0.59117	0.73809	2.5981517677478934	0.49	0.7098	0.61221	2.652779096842547	0.49	0.68719	0.63874	2.8352846814831607	0.49	0.64486	0.69995	2.13400077313712	0.49	0.70892	0.54252	1.397876352902488	0.49	0.62372	0.68742	1.0688010225907008	0.49	0.79107	0.50778	1.790375096576389	0.49	0.51019	0.83793	2.9325533576370786	0.49	0.67644	0.6968	2.4623955866665397	0.49	0.68383	0.6687	1.9554396346550027	0.49	0.0	0.0	0.0	0.0	0.0	0.0	0.0	0.0	-0.3566745116896173	-0.35667431851303366	-0.3566749646483238	-0.30000000000000004	-0.30000000000000004	-0.30000000000000004	-0.51	-0.51	-0.30000000000000004	0.0	0.3	0.0	0.0	-0.3566746657776303	-0.51	0.0	0.0	-0.3566744739942047	-0.51	0.0	0.0	-0.3566747043970966	-0.51	0.0	0.0	-0.35667422540488447	-0.51	0.0	0.0	-0.35667459049529615	-0.51	0.0	0.0	-0.356674659251623	-0.51	0.0	0.0	-0.3566749744750557	-0.51	0.0	0.0	-0.35667391948021687	-0.51	0.0	0.0	-0.35667471421220864	-0.51	0.0	0.0	-0.3566743660642637	-0.51	0.0	0.0	-0.3566746682362947	-0.51	0.0	0.0	-0.35667470041192906	-0.51	/dataset1/zailong/workspace/peft-sft-lab/reports/hns_forgetting_20260911/git_artifacts/run_metadata/experiment_config.json	10.91986	7.24022	0.7328	0.43485	-0.13485	3.62655	1.07858	0.66903	0.20475	1.81647	7.49031	0.15762	1.66872	1.69546	1.4379	1.68398	-0.16657	2.93656	0.20925	0.04381	1.53318	1.14758	1.0	1.0	1.0	0.7	0.0	0.66272	0.0	0.0	0.0	0.0	0.0	0.0	0.0	-1.0000000000065512e-05	0.0	0.0	0.0	0.0	0.0	0.0	0.0	-0.30000000000000004	0.0	0.0	0.0	0.0	0.0	-0.5533399999999999	0.0	0.0	0.0	1.31491	1.7969	0.86904	1.695	0.79849	0.7	0.7	0.0	0.0	0.0	0.0	0.0	0.0	-0.30000000000000004	-0.30000000000000004	0.0
scalar_common_basis_seed42	Qwen3-8B	metamath	42	global_0p85	metamath__global_0p85	Qwen3-8B/metamath/seed42	/dataset1/zailong/runs/peft-sft-lab/hns-forgetting-2x4-20260911/adapters/Qwen3-8B/metamath/common-global-0p85	/dataset1/zailong/models/spectral-surgery/Qwen3-8B-MetaMathQA-50K-LoRA	False	False	85.51933282789992	/dataset1/zailong/workspace/peft-sft-lab/reports/hns_forgetting_20260911/git_artifacts/run_metadata/score_manifest__formal_qwen.json	/dataset1/zailong/runs/peft-sft-lab/hns-forgetting-2x4-20260911/variant_manifests/Qwen3-8B.json	/dataset1/zailong/workspace/peft-sft-lab/reports/hns_forgetting_20260911/git_artifacts/run_metadata/generation_manifest__formal_qwen.json	65.2439024390244	85.51933282789992	68.76155268022181	83.61846332922293	72.54130614948973	1.0226470102039305	1.1372251705837613	0.8113875773173334	0.6529612431059633	0.66272	0.25603	1.47014	0.1551	0.45778	0.66302	0.86989	2.72799	3.449476072844538	6.97271153161168	3.3155306347756848	0.85	0.85	0.85	0.7225	0.7225	0.85	0.0	0.15	0.69214	0.60942	2.636061820159122	0.7225	0.62349	0.73448	3.3400546974992964	0.7225	0.59117	0.73809	2.7923078465296447	0.7225	0.7098	0.61221	2.846935140551134	0.7225	0.68719	0.63874	3.0294407266469143	0.7225	0.64486	0.69995	2.3281568117811204	0.7225	0.70892	0.54252	1.5920324385870244	0.7225	0.62372	0.68742	1.2629570832306358	0.7225	0.79107	0.50778	1.9845311187363244	0.7225	0.51019	0.83793	3.1267094107324014	0.7225	0.67644	0.6968	2.6565516499210164	0.7225	0.68383	0.6687	2.1495956996100403	0.7225	0.0	0.0	0.0	0.0	0.0	0.0	0.0	0.0	-0.16251845793036956	-0.16251825855765034	-0.16251891004490604	-0.15000000000000002	-0.15000000000000002	-0.15000000000000002	-0.27749999999999997	-0.27749999999999997	-0.15000000000000002	0.0	0.15	0.0	0.0	-0.16251862437122178	-0.27749999999999997	0.0	0.0	-0.1625184172130134	-0.27749999999999997	0.0	0.0	-0.16251862561534525	-0.27749999999999997	0.0	0.0	-0.1625181816962975	-0.27749999999999997	0.0	0.0	-0.16251854533154253	-0.27749999999999997	0.0	0.0	-0.16251862060762257	-0.27749999999999997	0.0	0.0	-0.16251888879051934	-0.27749999999999997	0.0	0.0	-0.1625178588402818	-0.27749999999999997	0.0	0.0	-0.1625186920522732	-0.27749999999999997	0.0	0.0	-0.16251831296894093	-0.27749999999999997	0.0	0.0	-0.16251860498181792	-0.27749999999999997	0.0	0.0	-0.1625186354568915	-0.27749999999999997	/dataset1/zailong/workspace/peft-sft-lab/reports/hns_forgetting_20260911/git_artifacts/run_metadata/experiment_config.json	10.91986	7.24022	0.7328	0.43485	-0.13485	3.62655	1.07858	0.66903	0.20475	1.81647	7.49031	0.15762	1.66872	1.69546	1.4379	1.68398	0.13243	2.93656	0.20925	0.04381	1.53318	1.14758	1.0	1.0	1.0	0.85	0.0	0.66272	0.0	0.0	0.0	0.0	0.0	0.0	0.0	-1.0000000000065512e-05	0.0	0.0	0.0	0.0	0.0	0.0	0.0	-0.15000000000000002	0.0	0.0	0.0	0.0	0.0	-0.25434	0.0	0.0	0.0	1.31491	1.7969	0.86904	1.695	0.79849	0.85	0.85	0.0	0.0	0.0	0.0	0.0	0.0	-0.15000000000000002	-0.15000000000000002	0.0
scalar_common_basis_seed42	Qwen3-8B	metamath	42	common_lora	metamath__common_lora	Qwen3-8B/metamath/seed42	/dataset1/zailong/runs/peft-sft-lab/hns-forgetting-2x4-20260911/adapters/Qwen3-8B/metamath/common-global-1p00	/dataset1/zailong/models/spectral-surgery/Qwen3-8B-MetaMathQA-50K-LoRA	True	False	84.38210765731615	/dataset1/zailong/workspace/peft-sft-lab/reports/hns_forgetting_20260911/git_artifacts/run_metadata/score_manifest__formal_qwen.json	/dataset1/zailong/runs/peft-sft-lab/hns-forgetting-2x4-20260911/variant_manifests/Qwen3-8B.json	/dataset1/zailong/workspace/peft-sft-lab/reports/hns_forgetting_20260911/git_artifacts/run_metadata/generation_manifest__formal_qwen.json	64.02439024390245	84.38210765731615	68.02218114602587	83.1431843265889	71.7299185721724	1.6756082533098937	0.0	0.0	0.0	0.66272	0.25603	1.47014	0.1551	0.45778	0.66302	0.86989	2.72799	3.6119945307749077	7.135229790169331	3.478049544820591	1.0	1.0	1.0	1.0	1.0	1.0	0.0	0.0	0.69214	0.60942	2.798580444530344	1.0	0.62349	0.73448	3.50257311471231	1.0	0.59117	0.73809	2.95482647214499	1.0	0.7098	0.61221	3.0094533222474316	1.0	0.68719	0.63874	3.191959271978457	1.0	0.64486	0.69995	2.490675432388743	1.0	0.70892	0.54252	1.7545513273775437	1.0	0.62372	0.68742	1.4254749420709176	1.0	0.79107	0.50778	2.1470498107885976	1.0	0.51019	0.83793	3.2892277237013423	1.0	0.67644	0.6968	2.8190702549028344	1.0	0.68383	0.6687	2.3121143350669318	1.0	0.0	0.0	0.0	0.0	0.0	0.0	0.0	0.0	0.0	0.0	0.0	0.0	0.0	0.0	0.0	0.0	0.0	0.0	0.0	0.0	0.0	0.0	0.0	0.0	0.0	0.0	0.0	0.0	0.0	0.0	0.0	0.0	0.0	0.0	0.0	0.0	0.0	0.0	0.0	0.0	0.0	0.0	0.0	0.0	0.0	0.0	0.0	0.0	0.0	0.0	0.0	0.0	0.0	0.0	0.0	0.0	0.0	0.0	0.0	0.0	0.0	0.0	0.0	0.0	0.0	0.0	0.0	/dataset1/zailong/workspace/peft-sft-lab/reports/hns_forgetting_20260911/git_artifacts/run_metadata/experiment_config.json	10.91986	7.24022	0.7328	0.43485	-0.13485	3.62655	1.07858	0.66903	0.20475	1.81647	7.49031	0.15762	1.66872	1.69546	1.43791	1.68398	0.38677	2.93656	0.20925	0.04381	1.53318	1.14758	1.0	1.0	1.0	1.0	0.0	0.66272	0.0	0.0	0.0	0.0	0.0	0.0	0.0	0.0	0.0	0.0	0.0	0.0	0.0	0.0	0.0	0.0	0.0	0.0	0.0	0.0	0.0	0.0	0.0	0.0	0.0	1.31491	1.7969	0.86904	1.695	0.79849	1.0	1.0	0.0	0.0	0.0	0.0	0.0	0.0	0.0	0.0	0.0
scalar_common_basis_seed42	Qwen3-8B	tulu	42	common_hns	tulu__common_hns	Qwen3-8B/tulu/seed42	/dataset1/zailong/runs/peft-sft-lab/hns-forgetting-2x4-20260911/adapters/Qwen3-8B/tulu/common-hns	/dataset1/zailong/models/spectral-surgery/Qwen3-8B-InstructionFollowing-LoRA	False	False	70.0554528650647	/dataset1/zailong/workspace/peft-sft-lab/reports/hns_forgetting_20260911/git_artifacts/run_metadata/score_manifest__formal_qwen.json	/dataset1/zailong/runs/peft-sft-lab/hns-forgetting-2x4-20260911/variant_manifests/Qwen3-8B.json	/dataset1/zailong/workspace/peft-sft-lab/reports/hns_forgetting_20260911/git_artifacts/run_metadata/generation_manifest__formal_qwen.json	82.92682926829268	88.93100833965126	70.0554528650647	84.5424863368401	85.46677464826134	0.0	0.7393715341959393	-0.42718867118529147	0.0	0.99989	0.99955	15.37273	0.99911	0.99977	0.06514	0.25791	0.05255	3.6032687693907643	7.621049208987653	2.236543584451035	0.75743	1.0	0.26407	0.06525	0.17467	0.57113	0.43144	0.65685	0.99989	0.06514	2.8054325355058083	0.07013	0.99988	0.06513	3.4899614068758003	0.06411	0.99986	0.06529	2.8374032317756033	0.04118	0.99989	0.06507	2.9954536809371626	0.07786	0.9999	0.06504	3.243847269724084	0.07756	0.9999	0.06502	2.386264325679987	0.06731	0.99988	0.06537	1.7026190463913344	0.06735	0.99989	0.06528	1.413537065658739	0.04276	0.99991	0.06488	2.341738372837782	0.08317	0.99991	0.06503	3.0833115758109995	0.05965	0.9999	0.06499	2.9890421647510417	0.09116	0.99982	0.06537	2.6580240568310307	0.04562	0.2629699999999999	0.65713	13.41596	0.7886700000000001	0.4467500000000001	-0.46795	-0.56906	-2.36105	-0.27782225463410315	0.0	-1.3315233566548406	-0.24256999999999995	0.0	-0.73593	-0.93475	-0.82533	-0.42887	0.43144	0.65685	0.2648999999999999	-0.45123	-0.2741553472431626	-0.92987	0.26039	-0.49027	-0.2787506456239264	-0.93589	0.32014999999999993	-0.54847	-0.39541610753792966	-0.95882	0.23582999999999998	-0.43173999999999996	-0.24033350550911825	-0.92214	0.2329	-0.42367	-0.2395662814268098	-0.92244	0.24234	-0.43052999999999997	-0.28596314863400574	-0.93269	0.26708	-0.41997	-0.30137241925636515	-0.93265	0.3505299999999999	-0.54813	-0.4121637987745328	-0.95724	0.19965999999999995	-0.40628000000000003	-0.22624890082294025	-0.91683	0.25505	-0.51518	-0.2876571043211613	-0.94035	0.19347999999999999	-0.41023	-0.19887170730433423	-0.90884	0.3326100000000001	-0.5454	-0.38798921858790525	-0.95438	/dataset1/zailong/workspace/peft-sft-lab/reports/hns_forgetting_20260911/git_artifacts/run_metadata/experiment_config.json	15.99832	15.99666	0.99989	0.00768	-0.00291	15.99335	0.00031	0.01101	0.98011	0.03633	-0.16606	-0.16935	61.29629	68.79452	0.01475	31.69516	-47.19111	0.00065	27.08135	0.0	0.00016	-3e-05	1.0	1.0	1.0	0.57113	0.43144	0.99989	3.8987999999999996	6.95238	0.2184299999999999	-0.37968999999999997	0.12591	10.69264	-0.8048799999999999	-1.37703	-0.5963700000000001	0.7174100000000001	-1.61828	-2.27604	-0.0436	-1.5259200000000002	0.32988	-0.42887	0.43144	0.2629699999999999	67.07601000000001	59.59784	29.99669	-47.998850000000004	26.85276	-4.6691	-0.29273	10.02517	12.47275	0.19531	2.70958	0.7439	0.42299	0.32751	0.40052	7.823619999999999	9.231919999999999	-0.44335	0.9691399999999999	-0.23822999999999994	-0.57701	-0.67249	0.40052
scalar_common_basis_seed42	Qwen3-8B	tulu	42	common_per_module	tulu__common_per_module	Qwen3-8B/tulu/seed42	/dataset1/zailong/runs/peft-sft-lab/hns-forgetting-2x4-20260911/adapters/Qwen3-8B/tulu/common-per-module	/dataset1/zailong/models/spectral-surgery/Qwen3-8B-InstructionFollowing-LoRA	False	False	69.50092421441775	/dataset1/zailong/workspace/peft-sft-lab/reports/hns_forgetting_20260911/git_artifacts/run_metadata/score_manifest__formal_qwen.json	/dataset1/zailong/runs/peft-sft-lab/hns-forgetting-2x4-20260911/variant_manifests/Qwen3-8B.json	/dataset1/zailong/workspace/peft-sft-lab/reports/hns_forgetting_20260911/git_artifacts/run_metadata/generation_manifest__formal_qwen.json	82.3170731707317	88.70356330553449	69.50092421441775	84.36137593733758	85.12733747120126	0.0	0.18484288354899547	-0.7666258482453685	0.0	0.73692	0.34242	1.95677	0.21044	0.55302	0.53309	0.82697	2.4136	3.6032688111408757	7.344514903599277	3.2550417523287933	0.75743	0.75841	0.73123	0.5347	0.55877	0.75057	0.01804	0.26938	0.73499	0.51637	2.805432559582614	0.54917	0.73949	0.5554	3.489961453121055	0.53133	0.67971	0.61376	2.8374031912173314	0.42408	0.76406	0.49681	2.995453699490827	0.59201	0.767	0.48871	3.2438473620987733	0.59168	0.75756	0.49555	2.3862644474086836	0.5409	0.7328	0.48534	1.7026190342642027	0.52518	0.64936	0.61341	1.4135368226577731	0.42998	0.80025	0.47116	2.341738341977956	0.60457	0.74486	0.58021	3.0833115611340975	0.52965	0.80642	0.47522	2.989042159125101	0.63442	0.66721	0.61077	2.6580243462590842	0.43376	0.0	0.0	0.0	0.0	0.0	0.0	0.0	0.0	-0.2778222128839918	-0.27653430538837576	-0.3130251887770821	-0.24256999999999995	-0.24158999999999997	-0.26876999999999995	-0.46530000000000005	-0.44123	-0.24943000000000004	0.01804	0.26938	0.0	0.0	-0.2741553231663567	-0.45082999999999995	0.0	0.0	-0.27875059937867164	-0.46867000000000003	0.0	0.0	-0.3954161480962015	-0.57592	0.0	0.0	-0.24033348695545387	-0.40798999999999996	0.0	0.0	-0.23956618905212057	-0.40832	0.0	0.0	-0.2859630269053093	-0.45909999999999995	0.0	0.0	-0.3013724313834969	-0.47482	0.0	0.0	-0.4121640417754986	-0.57002	0.0	0.0	-0.22624893168276605	-0.39542999999999995	0.0	0.0	-0.28765711899806323	-0.47035000000000005	0.0	0.0	-0.19887171293027484	-0.36558	0.0	0.0	-0.3879889291598517	-0.5662400000000001	/dataset1/zailong/workspace/peft-sft-lab/reports/hns_forgetting_20260911/git_artifacts/run_metadata/experiment_config.json	12.09952	9.04428	0.78146	0.38737	-0.12882	5.30071	0.80519	0.60738	0.2627	1.65461	4.50304	0.12338	1.69845	1.71851	1.39178	1.69847	0.34195	2.27669	0.22859	0.0436	1.52608	-0.32991	1.0	1.0	1.0	0.75057	0.01804	0.73692	0.0	0.0	0.0	0.0	0.0	0.0	0.0	0.0	0.0	0.0	0.0	0.0	0.0	0.0	0.0	-0.24943000000000004	0.01804	0.0	0.0	0.0	0.0	-0.46579000000000004	0.0	0.0	0.0	2.20155	3.24083	0.63866	1.74044	0.98213	0.71333	0.70404	0.02587	0.0	0.0	0.0	0.0	0.0	-0.28667	-0.29596	0.02587
scalar_common_basis_seed42	Qwen3-8B	tulu	42	global_0p25	tulu__global_0p25	Qwen3-8B/tulu/seed42	/dataset1/zailong/runs/peft-sft-lab/hns-forgetting-2x4-20260911/adapters/Qwen3-8B/tulu/common-global-0p25	/dataset1/zailong/models/spectral-surgery/Qwen3-8B-InstructionFollowing-LoRA	False	False	72.45841035120148	/dataset1/zailong/workspace/peft-sft-lab/reports/hns_forgetting_20260911/git_artifacts/run_metadata/score_manifest__formal_qwen.json	/dataset1/zailong/runs/peft-sft-lab/hns-forgetting-2x4-20260911/variant_manifests/Qwen3-8B.json	/dataset1/zailong/workspace/peft-sft-lab/reports/hns_forgetting_20260911/git_artifacts/run_metadata/generation_manifest__formal_qwen.json	81.70731707317073	88.77937831690674	72.45841035120148	84.39076892727621	84.95915477245123	0.0	3.142329020332724	-0.9348085469953986	0.0	0.73692	0.34242	1.95677	0.21044	0.55302	0.53309	0.82697	2.4136	2.494797610304415	6.234755719044421	2.1817725799859846	0.25	0.25	0.25	0.0625	0.0625	0.25	0.0	0.75	0.73499	0.51637	1.693294393512761	0.0625	0.73949	0.5554	2.382418657810725	0.0625	0.67971	0.61376	1.8465255684343946	0.0625	0.76406	0.49681	1.8494937634827044	0.0625	0.767	0.48871	2.097120359433631	0.0625	0.75756	0.49555	1.28593415270504	0.0625	0.7328	0.48534	0.6176978393184208	0.0625	0.64936	0.61341	0.439406919170716	0.0625	0.80025	0.47116	1.181693725650182	0.0625	0.74486	0.58021	1.9846750709631304	0.0625	0.80642	0.47522	1.8016204807212968	0.0625	0.66721	0.61077	1.6597202870823866	0.0625	0.0	0.0	0.0	0.0	0.0	0.0	0.0	0.0	-1.3862934137204523	-1.386293489943232	-1.3862943611198908	-0.75	-0.75	-0.75	-0.9375	-0.9375	-0.75	0.0	0.75	0.0	0.0	-1.38629348923621	-0.9375	0.0	0.0	-1.3862933946890017	-0.9375	0.0	0.0	-1.3862937708791383	-0.9375	0.0	0.0	-1.3862934229635764	-0.9375	0.0	0.0	-1.3862931917172627	-0.9375	0.0	0.0	-1.3862933216089528	-0.9375	0.0	0.0	-1.3862936263292789	-0.9375	0.0	0.0	-1.3862939452625558	-0.9375	0.0	0.0	-1.38629354801054	-0.9375	0.0	0.0	-1.3862936091690303	-0.9375	0.0	0.0	-1.3862933913340791	-0.9375	0.0	0.0	-1.3862929883365493	-0.9375	/dataset1/zailong/workspace/peft-sft-lab/reports/hns_forgetting_20260911/git_artifacts/run_metadata/experiment_config.json	12.09952	9.04428	0.78146	0.38737	-0.12882	5.30071	0.80519	0.60738	0.2627	1.65461	4.50304	0.12338	1.69845	1.71851	1.39178	1.69847	-1.30011	2.27669	0.22859	0.0436	1.52608	-0.32991	1.0	1.0	1.0	0.25	0.0	0.73692	0.0	0.0	0.0	0.0	0.0	0.0	0.0	0.0	0.0	0.0	0.0	0.0	0.0	0.0	0.0	-0.75	0.0	0.0	0.0	0.0	0.0	-2.10785	0.0	0.0	0.0	2.20155	3.24083	0.63866	1.74044	0.98213	0.25	0.25	0.0	0.0	0.0	0.0	0.0	0.0	-0.75	-0.75	0.0
scalar_common_basis_seed42	Qwen3-8B	tulu	42	global_0p40	tulu__global_0p40	Qwen3-8B/tulu/seed42	/dataset1/zailong/runs/peft-sft-lab/hns-forgetting-2x4-20260911/adapters/Qwen3-8B/tulu/common-global-0p40	/dataset1/zailong/models/spectral-surgery/Qwen3-8B-InstructionFollowing-LoRA	False	False	72.64325323475046	/dataset1/zailong/workspace/peft-sft-lab/reports/hns_forgetting_20260911/git_artifacts/run_metadata/score_manifest__formal_qwen.json	/dataset1/zailong/runs/peft-sft-lab/hns-forgetting-2x4-20260911/variant_manifests/Qwen3-8B.json	/dataset1/zailong/workspace/peft-sft-lab/reports/hns_forgetting_20260911/git_artifacts/run_metadata/generation_manifest__formal_qwen.json	82.3170731707317	89.0068233510235	72.64325323475046	84.53392248619294	85.28593966931605	0.0	3.3271719038817054	-0.6080236501305762	0.0	0.73692	0.34242	1.95677	0.21044	0.55302	0.53309	0.82697	2.4136	2.9648012568814757	6.704759362390948	2.6517762331309105	0.4	0.4	0.4	0.16	0.16	0.4	0.0	0.6	0.73499	0.51637	2.1632980224367486	0.16	0.73949	0.5554	2.852422308836705	0.16	0.67971	0.61376	2.3165292190993427	0.16	0.76406	0.49681	2.319497438781653	0.16	0.767	0.48871	2.567123986030615	0.16	0.75756	0.49555	1.7559377643604093	0.16	0.7328	0.48534	1.0877014882911595	0.16	0.64936	0.61341	0.9094105419050688	0.16	0.80025	0.47116	1.6516973707588785	0.16	0.74486	0.58021	2.4546787363634923	0.16	0.80642	0.47522	2.271624104900934	0.16	0.66721	0.61077	2.1297239462325885	0.16	0.0	0.0	0.0	0.0	0.0	0.0	0.0	0.0	-0.9162897671433918	-0.9162898465967055	-0.9162907079749649	-0.6	-0.6	-0.6	-0.84	-0.84	-0.6	0.0	0.6	0.0	0.0	-0.9162898603122223	-0.84	0.0	0.0	-0.9162897436630217	-0.84	0.0	0.0	-0.9162901202141902	-0.84	0.0	0.0	-0.9162897476646279	-0.84	0.0	0.0	-0.9162895651202789	-0.84	0.0	0.0	-0.9162897099535836	-0.84	0.0	0.0	-0.91628997735654	-0.84	0.0	0.0	-0.916290322528203	-0.84	0.0	0.0	-0.9162899029018436	-0.84	0.0	0.0	-0.9162899437686685	-0.84	0.0	0.0	-0.9162897671544421	-0.84	0.0	0.0	-0.9162893291863474	-0.84	/dataset1/zailong/workspace/peft-sft-lab/reports/hns_forgetting_20260911/git_artifacts/run_metadata/experiment_config.json	12.09952	9.04428	0.78146	0.38737	-0.12882	5.30071	0.80519	0.60738	0.2627	1.65461	4.50304	0.12338	1.69845	1.71851	1.39178	1.69847	-0.59129	2.27669	0.22859	0.0436	1.52608	-0.32991	1.0	1.0	1.0	0.4	0.0	0.73692	0.0	0.0	0.0	0.0	0.0	0.0	0.0	0.0	0.0	0.0	0.0	0.0	0.0	0.0	0.0	-0.6	0.0	0.0	0.0	0.0	0.0	-1.39903	0.0	0.0	0.0	2.20155	3.24083	0.63866	1.74044	0.98213	0.4	0.4	0.0	0.0	0.0	0.0	0.0	0.0	-0.6	-0.6	0.0
scalar_common_basis_seed42	Qwen3-8B	tulu	42	global_0p55	tulu__global_0p55	Qwen3-8B/tulu/seed42	/dataset1/zailong/runs/peft-sft-lab/hns-forgetting-2x4-20260911/adapters/Qwen3-8B/tulu/common-global-0p55	/dataset1/zailong/models/spectral-surgery/Qwen3-8B-InstructionFollowing-LoRA	False	False	72.45841035120148	/dataset1/zailong/workspace/peft-sft-lab/reports/hns_forgetting_20260911/git_artifacts/run_metadata/score_manifest__formal_qwen.json	/dataset1/zailong/runs/peft-sft-lab/hns-forgetting-2x4-20260911/variant_manifests/Qwen3-8B.json	/dataset1/zailong/workspace/peft-sft-lab/reports/hns_forgetting_20260911/git_artifacts/run_metadata/generation_manifest__formal_qwen.json	82.92682926829268	88.77937831690674	72.45841035120148	84.39580519906441	85.3673375947546	0.0	3.142329020332724	-0.5266257246920247	0.0	0.73692	0.34242	1.95677	0.21044	0.55302	0.53309	0.82697	2.4136	3.2832549999895546	7.023213109433692	2.970229968881481	0.55	0.55	0.55	0.3025	0.3025	0.55	0.0	0.45	0.73499	0.51637	2.4817517672834013	0.3025	0.73949	0.5554	3.1708760515066294	0.3025	0.67971	0.61376	2.6349829766130903	0.3025	0.76406	0.49681	2.6379511586124003	0.3025	0.767	0.48871	2.8855777345971947	0.3025	0.75756	0.49555	2.074391511076657	0.3025	0.7328	0.48534	1.4061552625009504	0.3025	0.64936	0.61341	1.227864291651384	0.3025	0.80025	0.47116	1.9701511026879568	0.3025	0.74486	0.58021	2.7731324610386645	0.3025	0.80642	0.47522	2.590077863755415	0.3025	0.66721	0.61077	2.4481777018732735	0.3025	0.0	0.0	0.0	0.0	0.0	0.0	0.0	0.0	-0.5978360240353129	-0.5978360995539616	-0.5978369722243944	-0.44999999999999996	-0.44999999999999996	-0.44999999999999996	-0.6975	-0.6975	-0.44999999999999996	0.0	0.45	0.0	0.0	-0.5978361154655696	-0.6975	0.0	0.0	-0.5978360009930972	-0.6975	0.0	0.0	-0.5978363627004426	-0.6975	0.0	0.0	-0.5978360278338806	-0.6975	0.0	0.0	-0.5978358165536992	-0.6975	0.0	0.0	-0.597835963237336	-0.6975	0.0	0.0	-0.5978362031467492	-0.6975	0.0	0.0	-0.5978365727818877	-0.6975	0.0	0.0	-0.5978361709727653	-0.6975	0.0	0.0	-0.5978362190934963	-0.6975	0.0	0.0	-0.5978360082999608	-0.6975	0.0	0.0	-0.5978355735456624	-0.6975	/dataset1/zailong/workspace/peft-sft-lab/reports/hns_forgetting_20260911/git_artifacts/run_metadata/experiment_config.json	12.09952	9.04428	0.78146	0.38737	-0.12882	5.30071	0.80519	0.60738	0.2627	1.65461	4.50304	0.12338	1.69845	1.71851	1.39178	1.69847	-0.10274	2.27669	0.22859	0.0436	1.52608	-0.32991	1.0	1.0	1.0	0.55	0.0	0.73692	0.0	0.0	0.0	0.0	0.0	0.0	0.0	0.0	0.0	0.0	0.0	0.0	0.0	0.0	0.0	-0.44999999999999996	0.0	0.0	0.0	0.0	0.0	-0.91048	0.0	0.0	0.0	2.20155	3.24083	0.63866	1.74044	0.98213	0.55	0.55	0.0	0.0	0.0	0.0	0.0	0.0	-0.44999999999999996	-0.44999999999999996	0.0
scalar_common_basis_seed42	Qwen3-8B	tulu	42	global_0p70	tulu__global_0p70	Qwen3-8B/tulu/seed42	/dataset1/zailong/runs/peft-sft-lab/hns-forgetting-2x4-20260911/adapters/Qwen3-8B/tulu/common-global-0p70	/dataset1/zailong/models/spectral-surgery/Qwen3-8B-InstructionFollowing-LoRA	False	False	69.87060998151571	/dataset1/zailong/workspace/peft-sft-lab/reports/hns_forgetting_20260911/git_artifacts/run_metadata/score_manifest__formal_qwen.json	/dataset1/zailong/runs/peft-sft-lab/hns-forgetting-2x4-20260911/variant_manifests/Qwen3-8B.json	/dataset1/zailong/workspace/peft-sft-lab/reports/hns_forgetting_20260911/git_artifacts/run_metadata/generation_manifest__formal_qwen.json	82.92682926829268	88.855193328279	69.87060998151571	84.3291775013123	85.37040003262798	0.0	0.554528650646958	-0.5235632868186428	0.0	0.73692	0.34242	1.95677	0.21044	0.55302	0.53309	0.82697	2.4136	3.5244170172808014	7.264375126816794	3.2113919867752725	0.7	0.7	0.7	0.49	0.49	0.7	0.0	0.3	0.73499	0.51637	2.722913785511707	0.49	0.73949	0.5554	3.4120380685617184	0.49	0.67971	0.61376	2.876144992068467	0.49	0.76406	0.49681	2.879113188853166	0.49	0.767	0.48871	3.126739745108976	0.49	0.75756	0.49555	2.3155535227621633	0.49	0.7328	0.48534	1.647317251447622	0.49	0.64936	0.61341	1.4690263223152427	0.49	0.80025	0.47116	2.2113131356357902	0.49	0.74486	0.58021	3.0142944963563494	0.49	0.80642	0.47522	2.8312398749748033	0.49	0.66721	0.61077	2.6893396916995673	0.49	0.0	0.0	0.0	0.0	0.0	0.0	0.0	0.0	-0.35667400674406613	-0.3566740821708594	-0.3566749543306029	-0.30000000000000004	-0.30000000000000004	-0.30000000000000004	-0.51	-0.51	-0.30000000000000004	0.0	0.3	0.0	0.0	-0.35667409723726395	-0.51	0.0	0.0	-0.3566739839380082	-0.51	0.0	0.0	-0.35667434724506597	-0.51	0.0	0.0	-0.356673997593115	-0.51	0.0	0.0	-0.3566738060419179	-0.51	0.0	0.0	-0.35667395155182957	-0.51	0.0	0.0	-0.3566742142000776	-0.51	0.0	0.0	-0.35667454211802907	-0.51	0.0	0.0	-0.35667413802493186	-0.51	0.0	0.0	-0.3566741837758114	-0.51	0.0	0.0	-0.35667399708057257	-0.51	0.0	0.0	-0.35667358371936864	-0.51	/dataset1/zailong/workspace/peft-sft-lab/reports/hns_forgetting_20260911/git_artifacts/run_metadata/experiment_config.json	12.09952	9.04428	0.78146	0.38737	-0.12882	5.30071	0.80519	0.60738	0.2627	1.65461	4.50304	0.12338	1.69845	1.71851	1.39178	1.69847	0.25519	2.27669	0.22859	0.0436	1.52608	-0.32991	1.0	1.0	1.0	0.7	0.0	0.73692	0.0	0.0	0.0	0.0	0.0	0.0	0.0	0.0	0.0	0.0	0.0	0.0	0.0	0.0	0.0	-0.30000000000000004	0.0	0.0	0.0	0.0	0.0	-0.5525500000000001	0.0	0.0	0.0	2.20155	3.24083	0.63866	1.74044	0.98213	0.7	0.7	0.0	0.0	0.0	0.0	0.0	0.0	-0.30000000000000004	-0.30000000000000004	0.0
scalar_common_basis_seed42	Qwen3-8B	tulu	42	global_0p85	tulu__global_0p85	Qwen3-8B/tulu/seed42	/dataset1/zailong/runs/peft-sft-lab/hns-forgetting-2x4-20260911/adapters/Qwen3-8B/tulu/common-global-0p85	/dataset1/zailong/models/spectral-surgery/Qwen3-8B-InstructionFollowing-LoRA	False	False	69.13123844731977	/dataset1/zailong/workspace/peft-sft-lab/reports/hns_forgetting_20260911/git_artifacts/run_metadata/score_manifest__formal_qwen.json	/dataset1/zailong/runs/peft-sft-lab/hns-forgetting-2x4-20260911/variant_manifests/Qwen3-8B.json	/dataset1/zailong/workspace/peft-sft-lab/reports/hns_forgetting_20260911/git_artifacts/run_metadata/generation_manifest__formal_qwen.json	86.58536585365853	89.15845337376801	69.13123844731977	84.40711993148632	86.71697971963762	0.0	-0.18484288354898126	0.8230164001909941	0.0	0.73692	0.34242	1.95677	0.21044	0.55302	0.53309	0.82697	2.4136	3.7185730697895636	7.458531177255242	3.405548046388176	0.85	0.85	0.85	0.7225	0.7225	0.85	0.0	0.15	0.73499	0.51637	2.9170698559013	0.7225	0.73949	0.5554	3.6061941165641618	0.7225	0.67971	0.61376	3.070301037037559	0.7225	0.76406	0.49681	3.0732692534312274	0.7225	0.767	0.48871	3.320895794830111	0.7225	0.75756	0.49555	2.5097096108951105	0.7225	0.7328	0.48534	1.84147332635665	0.7225	0.64936	0.61341	1.6631823476102305	0.7225	0.80025	0.47116	2.4054691929245533	0.7225	0.74486	0.58021	3.2084505531824408	0.7225	0.80642	0.47522	3.025395911263118	0.7225	0.66721	0.61077	2.8834957383598074	0.7225	0.0	0.0	0.0	0.0	0.0	0.0	0.0	0.0	-0.1625179542353039	-0.16251803173241086	-0.16251889471769942	-0.15000000000000002	-0.15000000000000002	-0.15000000000000002	-0.27749999999999997	-0.27749999999999997	-0.15000000000000002	0.0	0.15	0.0	0.0	-0.1625180268476707	-0.27749999999999997	0.0	0.0	-0.16251793593556485	-0.27749999999999997	0.0	0.0	-0.16251830227597397	-0.27749999999999997	0.0	0.0	-0.16251793301505346	-0.27749999999999997	0.0	0.0	-0.1625177563207827	-0.27749999999999997	0.0	0.0	-0.1625178634188824	-0.27749999999999997	0.0	0.0	-0.16251813929104952	-0.27749999999999997	0.0	0.0	-0.1625185168230412	-0.27749999999999997	0.0	0.0	-0.1625180807361688	-0.27749999999999997	0.0	0.0	-0.16251812694972	-0.27749999999999997	0.0	0.0	-0.162517960792258	-0.27749999999999997	0.0	0.0	-0.16251753705912853	-0.27749999999999997	/dataset1/zailong/workspace/peft-sft-lab/reports/hns_forgetting_20260911/git_artifacts/run_metadata/experiment_config.json	12.09952	9.04428	0.78146	0.38737	-0.12882	5.30071	0.80519	0.60738	0.2627	1.65461	4.50304	0.12338	1.69845	1.71851	1.39178	1.69847	0.54763	2.27669	0.22859	0.0436	1.52608	-0.32991	1.0	1.0	1.0	0.85	0.0	0.73692	0.0	0.0	0.0	0.0	0.0	0.0	0.0	0.0	0.0	0.0	0.0	0.0	0.0	0.0	0.0	-0.15000000000000002	0.0	0.0	0.0	0.0	0.0	-0.26011000000000006	0.0	0.0	0.0	2.20155	3.24083	0.63866	1.74044	0.98213	0.85	0.85	0.0	0.0	0.0	0.0	0.0	0.0	-0.15000000000000002	-0.15000000000000002	0.0
scalar_common_basis_seed42	Qwen3-8B	tulu	42	common_lora	tulu__common_lora	Qwen3-8B/tulu/seed42	/dataset1/zailong/runs/peft-sft-lab/hns-forgetting-2x4-20260911/adapters/Qwen3-8B/tulu/common-global-1p00	/dataset1/zailong/models/spectral-surgery/Qwen3-8B-InstructionFollowing-LoRA	True	False	69.31608133086876	/dataset1/zailong/workspace/peft-sft-lab/reports/hns_forgetting_20260911/git_artifacts/run_metadata/score_manifest__formal_qwen.json	/dataset1/zailong/runs/peft-sft-lab/hns-forgetting-2x4-20260911/variant_manifests/Qwen3-8B.json	/dataset1/zailong/workspace/peft-sft-lab/reports/hns_forgetting_20260911/git_artifacts/run_metadata/generation_manifest__formal_qwen.json	84.7560975609756	88.55193328279	69.31608133086876	84.37385911457423	85.89396331944663	0.0	0.0	0.0	0.0	0.73692	0.34242	1.95677	0.21044	0.55302	0.53309	0.82697	2.4136	3.8810910240248675	7.621049208987653	3.5680669411058754	1.0	1.0	1.0	1.0	1.0	1.0	0.0	0.0	0.73499	0.51637	3.079587882748971	1.0	0.73949	0.5554	3.7687120524997266	1.0	0.67971	0.61376	3.232819339313533	1.0	0.76406	0.49681	3.235787186446281	1.0	0.767	0.48871	3.483413551150894	1.0	0.75756	0.49555	2.672227474313993	1.0	0.7328	0.48534	2.0039914656476996	1.0	0.64936	0.61341	1.8257008644332717	1.0	0.80025	0.47116	2.567987273660722	1.0	0.74486	0.58021	3.3709686801321608	1.0	0.80642	0.47522	3.187913872055376	1.0	0.66721	0.61077	3.046013275418936	1.0	0.0	0.0	0.0	0.0	0.0	0.0	0.0	0.0	0.0	0.0	0.0	0.0	0.0	0.0	0.0	0.0	0.0	0.0	0.0	0.0	0.0	0.0	0.0	0.0	0.0	0.0	0.0	0.0	0.0	0.0	0.0	0.0	0.0	0.0	0.0	0.0	0.0	0.0	0.0	0.0	0.0	0.0	0.0	0.0	0.0	0.0	0.0	0.0	0.0	0.0	0.0	0.0	0.0	0.0	0.0	0.0	0.0	0.0	0.0	0.0	0.0	0.0	0.0	0.0	0.0	0.0	0.0	/dataset1/zailong/workspace/peft-sft-lab/reports/hns_forgetting_20260911/git_artifacts/run_metadata/experiment_config.json	12.09952	9.04428	0.78146	0.38737	-0.12882	5.30071	0.80519	0.60738	0.2627	1.65461	4.50304	0.12338	1.69845	1.71851	1.39178	1.69847	0.80774	2.27669	0.22859	0.0436	1.52608	-0.32991	1.0	1.0	1.0	1.0	0.0	0.73692	0.0	0.0	0.0	0.0	0.0	0.0	0.0	0.0	0.0	0.0	0.0	0.0	0.0	0.0	0.0	0.0	0.0	0.0	0.0	0.0	0.0	0.0	0.0	0.0	0.0	2.20155	3.24083	0.63866	1.74044	0.98213	1.0	1.0	0.0	0.0	0.0	0.0	0.0	0.0	0.0	0.0	0.0
scalar_common_basis_seed42	Llama-3.1-8B-Instruct	magicoder	42	common_hns	magicoder__common_hns	Llama-3.1-8B-Instruct/magicoder/seed42	/dataset1/zailong/runs/peft-sft-lab/hns-forgetting-2x4-20260911/adapters/Llama-3.1-8B-Instruct/magicoder/common-hns	/dataset1/zailong/models/spectral-surgery/Llama-3.1-8B-Instruct-Magicoder-50K-LoRA-E1	False	False	53.04878048780488	/dataset1/zailong/workspace/peft-sft-lab/reports/hns_forgetting_20260911/git_artifacts/run_metadata/score_manifest__formal_llama.json	/dataset1/zailong/runs/peft-sft-lab/hns-forgetting-2x4-20260911/variant_manifests/Llama-3p1-8B-Instruct.json	/dataset1/zailong/workspace/peft-sft-lab/reports/hns_forgetting_20260911/git_artifacts/run_metadata/generation_manifest__formal_llama.json	53.04878048780488	63.60879454131918	59.70425138632163	70.37349052047898	64.56217881603993	1.1403896667542337	-1.2195121951219505	3.826959254155419	3.4226125268367458	0.99992	0.99967	15.42458	0.99934	0.99983	0.06485	0.25711	0.04806	1.4870991486286493	5.438175216168299	0.11978717700851226	0.64176	1.0	0.18808	0.03382	0.1177	0.41196	0.58795	0.76678	0.99992	0.06485	0.6927732356137081	0.08938	0.99991	0.06485	1.372895003029519	0.02923	0.99992	0.06485	0.8672472933640869	0.06712	0.99992	0.06482	0.9732741348607225	0.03655	0.99992	0.06489	0.9660065034971711	0.0231	0.99993	0.06475	0.19415951329628323	0.06534	0.99993	0.06482	-0.4448696816562207	0.11034	0.9999	0.06503	-0.5969371503342317	0.06312	0.99992	0.06481	0.29630466039008174	0.13043	0.9999	0.06508	1.0369459965829488	0.02216	0.99992	0.06478	0.9274251170473847	0.04537	0.99992	0.06469	0.10368887752882289	0.04225	0.22829	0.62569	13.59834	0.77435	0.41037999999999997	-0.4927099999999999	-0.52199	-2.117	-0.4435353332137222	0.0	-1.6708686357224394	-0.35824	0.0	-0.81192	-0.96618	-0.8823	-0.58804	0.58795	0.76678	0.17328	-0.38875	-0.19741543060674105	-0.91062	0.30164	-0.63131	-0.49107727455297234	-0.97077	0.19778000000000007	-0.44907	-0.23973155825155512	-0.93288	0.21731	-0.48887	-0.4147469673093428	-0.96345	0.2739400000000001	-0.54492	-0.5866993335430076	-0.9769	0.18242000000000003	-0.47829	-0.24260945975326093	-0.93466	0.12953000000000003	-0.32563000000000003	-0.15814446430163098	-0.88966	0.25037	-0.45931	-0.2950621968583104	-0.93688	0.13080000000000003	-0.29177	-0.14689737165796007	-0.86957	0.38171	-0.7120799999999999	-0.6004053037657353	-0.97784	0.23643000000000003	-0.56748	-0.3396863866936727	-0.95463	0.28678000000000003	-0.61437	-0.3646582615866359	-0.95775	/dataset1/zailong/workspace/peft-sft-lab/reports/hns_forgetting_20260911/git_artifacts/run_metadata/experiment_config.json	15.99872	15.99745	0.99992	0.00657	-0.00248	15.99492	0.00024	0.00921	0.98175	0.03097	0.06547	-0.15261	62.64181	70.54159	0.01438	37.68646	-173.97974	0.00074	24.56957	-0.0	-9e-05	0.00016	1.0	1.0	1.0	0.41196	0.58795	0.99992	3.29856	6.32855	0.16791	-0.32456999999999997	0.09894	10.21802	-0.80201	-1.05898	-0.49611	0.7165900000000001	-1.32019	-2.4058800000000002	0.05812	1.8017	-1.98272	-0.58804	0.58795	0.22829	68.60993	60.77884	35.760639999999995	-171.14784	24.27901	-6.895639999999999	-0.32471	4.77135	8.73484	0.42645	5.69186	3.15163	0.15976	0.13763	0.25784	3.51666	7.04078	-0.46531999999999996	4.37545	2.27869	-0.84024	-0.86237	0.25784
scalar_common_basis_seed42	Llama-3.1-8B-Instruct	magicoder	42	common_per_module	magicoder__common_per_module	Llama-3.1-8B-Instruct/magicoder/seed42	/dataset1/zailong/runs/peft-sft-lab/hns-forgetting-2x4-20260911/adapters/Llama-3.1-8B-Instruct/magicoder/common-per-module	/dataset1/zailong/models/spectral-surgery/Llama-3.1-8B-Instruct-Magicoder-50K-LoRA-E1	False	False	56.09756097560976	/dataset1/zailong/workspace/peft-sft-lab/reports/hns_forgetting_20260911/git_artifacts/run_metadata/score_manifest__formal_llama.json	/dataset1/zailong/runs/peft-sft-lab/hns-forgetting-2x4-20260911/variant_manifests/Llama-3p1-8B-Instruct.json	/dataset1/zailong/workspace/peft-sft-lab/reports/hns_forgetting_20260911/git_artifacts/run_metadata/generation_manifest__formal_llama.json	56.09756097560976	62.92645943896892	55.26802218114602	69.72503073011441	62.63983745007645	2.835285998600959	1.8292682926829258	1.904617888191936	1.7277161949900206	0.77163	0.37398	1.82624	0.22499	0.58945	0.55756	0.7791	2.16506	1.4870990132930861	5.12026977378098	1.284707215367137	0.64176	0.72767	0.60293	0.36353	0.38822	0.62376	0.05532	0.40539	0.82664	0.4536	0.6927732436431028	0.63845	0.69827	0.69616	1.3728948309067481	0.34082	0.80214	0.51392	0.8672471508046734	0.57882	0.78261	0.55369	0.9732741657931867	0.40268	0.72598	0.60981	0.9660062053882114	0.2809	0.81751	0.54304	0.19415967910719997	0.59226	0.8704	0.39045	-0.4448698646078379	0.70532	0.74953	0.52434	-0.5969372484677603	0.53006	0.86912	0.35658	0.29630460095179767	0.72973	0.61819	0.77716	1.0369458014297879	0.27948	0.76349	0.63226	0.9274249540469544	0.47719	0.71314	0.67906	0.10368880693413358	0.47266	0.0	0.0	0.0	0.0	0.0	0.0	0.0	0.0	-0.4435354685492854	-0.31790544238731844	-0.5059485973638145	-0.35824	-0.27232999999999996	-0.39707000000000003	-0.63647	-0.61178	-0.37624	0.05532	0.40539	0.0	0.0	-0.19741542257734634	-0.36155000000000004	0.0	0.0	-0.49107744667574327	-0.65918	0.0	0.0	-0.23973170081096862	-0.42118	0.0	0.0	-0.41474693637687854	-0.5973200000000001	0.0	0.0	-0.5866996316519674	-0.7191000000000001	0.0	0.0	-0.24260929394234418	-0.40774	0.0	0.0	-0.15814464725324817	-0.29468000000000005	0.0	0.0	-0.29506229499183906	-0.46994	0.0	0.0	-0.14689743109624415	-0.27027	0.0	0.0	-0.6004054989188963	-0.72052	0.0	0.0	-0.33968654969410306	-0.52281	0.0	0.0	-0.3646583321813252	-0.5273399999999999	/dataset1/zailong/workspace/peft-sft-lab/reports/hns_forgetting_20260911/git_artifacts/run_metadata/experiment_config.json	12.70016	9.6689	0.83201	0.33114	-0.10142	5.7769	0.80225	0.50532	0.26516	1.35116	6.96111	0.1721	1.86297	1.93166	1.07336	1.92582	-3.21501	2.40662	0.29056	-0.05812	-1.80179	1.98287	1.0	1.0	1.0	0.62376	0.05532	0.77163	0.0	0.0	0.0	0.0	0.0	0.0	0.0	0.0	0.0	0.0	0.0	0.0	0.0	0.0	-1.0000000000065512e-05	-0.37624	0.05532	0.0	0.0	0.0	0.0	-0.38310999999999984	0.0	0.0	0.0	1.25469	1.69406	0.89177	1.31641	0.87294	0.50163	0.49023	0.04491	0.0	0.0	0.0	0.0	0.0	-0.49837	-0.5097700000000001	0.04491
scalar_common_basis_seed42	Llama-3.1-8B-Instruct	magicoder	42	global_0p25	magicoder__global_0p25	Llama-3.1-8B-Instruct/magicoder/seed42	/dataset1/zailong/runs/peft-sft-lab/hns-forgetting-2x4-20260911/adapters/Llama-3.1-8B-Instruct/magicoder/common-global-0p25	/dataset1/zailong/models/spectral-surgery/Llama-3.1-8B-Instruct-Magicoder-50K-LoRA-E1	False	False	54.87804878048781	/dataset1/zailong/workspace/peft-sft-lab/reports/hns_forgetting_20260911/git_artifacts/run_metadata/score_manifest__formal_llama.json	/dataset1/zailong/runs/peft-sft-lab/hns-forgetting-2x4-20260911/variant_manifests/Llama-3p1-8B-Instruct.json	/dataset1/zailong/workspace/peft-sft-lab/reports/hns_forgetting_20260911/git_artifacts/run_metadata/generation_manifest__formal_llama.json	54.87804878048781	63.457164518574686	60.258780036968574	71.12827246807949	64.94807234120758	0.7039528006717504	0.6097560975609753	4.212852779323065	3.8590493929192293	0.77163	0.37398	1.82624	0.22499	0.58945	0.55756	0.7791	2.16506	0.5443406314627686	4.051881609965522	0.40436145161106085	0.25	0.25	0.25	0.0625	0.0625	0.25	0.0	0.75	0.82664	0.4536	-0.4961048160468931	0.0625	0.69827	0.69616	0.4776783747024696	0.0625	0.80214	0.51392	-0.2793151602484376	0.0625	0.78261	0.55369	0.0017276324443027543	0.0625	0.72598	0.60981	0.16641177904491136	0.0625	0.81751	0.54304	-0.9495242298556726	0.0625	0.8704	0.39045	-1.6730192137883244	0.0625	0.74953	0.52434	-1.6881688085556092	0.0625	0.86912	0.35658	-0.9430915225760833	0.0625	0.61819	0.77716	0.25105745726433576	0.0625	0.76349	0.63226	-0.11918256959509867	0.0625	0.71314	0.67906	-0.9179465410918116	0.0625	0.0	0.0	0.0	0.0	0.0	0.0	0.0	0.0	-1.386293850379603	-1.3862936062027762	-1.3862943611198908	-0.75	-0.75	-0.75	-0.9375	-0.9375	-0.75	0.0	0.75	0.0	0.0	-1.3862934822673423	-0.9375	0.0	0.0	-1.3862939028800219	-0.9375	0.0	0.0	-1.3862940118640796	-0.9375	0.0	0.0	-1.3862934697257625	-0.9375	0.0	0.0	-1.3862940579952674	-0.9375	0.0	0.0	-1.3862932029052168	-0.9375	0.0	0.0	-1.3862939964337346	-0.9375	0.0	0.0	-1.386293855079688	-0.9375	0.0	0.0	-1.386293554624125	-0.9375	0.0	0.0	-1.3862938430843483	-0.9375	0.0	0.0	-1.3862940733361562	-0.9375	0.0	0.0	-1.3862936802072703	-0.9375	/dataset1/zailong/workspace/peft-sft-lab/reports/hns_forgetting_20260911/git_artifacts/run_metadata/experiment_config.json	12.70016	9.6689	0.83201	0.33114	-0.10142	5.7769	0.80225	0.50532	0.26516	1.35116	6.96111	0.1721	1.86297	1.93166	1.07336	1.92582	-5.12347	2.40662	0.29056	-0.05812	-1.80179	1.98288	1.0	1.0	1.0	0.25	0.0	0.77163	0.0	0.0	0.0	0.0	0.0	0.0	0.0	0.0	0.0	0.0	0.0	0.0	0.0	0.0	0.0	-0.75	0.0	0.0	0.0	0.0	0.0	-2.29157	0.0	0.0	0.0	1.25469	1.69406	0.89177	1.31641	0.87294	0.25	0.25	0.0	0.0	0.0	0.0	0.0	0.0	-0.75	-0.75	0.0
scalar_common_basis_seed42	Llama-3.1-8B-Instruct	magicoder	42	global_0p40	magicoder__global_0p40	Llama-3.1-8B-Instruct/magicoder/seed42	/dataset1/zailong/runs/peft-sft-lab/hns-forgetting-2x4-20260911/adapters/Llama-3.1-8B-Instruct/magicoder/common-global-0p40	/dataset1/zailong/models/spectral-surgery/Llama-3.1-8B-Instruct-Magicoder-50K-LoRA-E1	False	False	56.09756097560976	/dataset1/zailong/workspace/peft-sft-lab/reports/hns_forgetting_20260911/git_artifacts/run_metadata/score_manifest__formal_llama.json	/dataset1/zailong/runs/peft-sft-lab/hns-forgetting-2x4-20260911/variant_manifests/Llama-3p1-8B-Instruct.json	/dataset1/zailong/workspace/peft-sft-lab/reports/hns_forgetting_20260911/git_artifacts/run_metadata/generation_manifest__formal_llama.json	56.09756097560976	63.60879454131918	58.9648798521257	70.73544130918498	64.43637190087662	1.2661965819175454	1.8292682926829258	3.7011523389921095	3.2968056116734346	0.77163	0.37398	1.82624	0.22499	0.58945	0.55756	0.7791	2.16506	1.014344285567306	4.521885255143433	0.8743651100173276	0.4	0.4	0.4	0.16	0.16	0.4	0.0	0.6	0.82664	0.4536	-0.026101172561493663	0.16	0.69827	0.69616	0.9476820303215163	0.16	0.80214	0.51392	0.1906885017676631	0.16	0.78261	0.55369	0.47173128735390013	0.16	0.72598	0.60981	0.6364154293260975	0.16	0.81751	0.54304	-0.4795205699382548	0.16	0.8704	0.39045	-1.203015579645603	0.16	0.74953	0.52434	-1.218165186454754	0.16	0.86912	0.35658	-0.47308788832388304	0.16	0.61819	0.77716	0.7210611081559164	0.16	0.76349	0.63226	0.35082109620678315	0.16	0.71314	0.67906	-0.44794288680487315	0.16	0.0	0.0	0.0	0.0	0.0	0.0	0.0	0.0	-0.9162901962750656	-0.9162899610248658	-0.9162907027136239	-0.6	-0.6	-0.6	-0.84	-0.84	-0.6	0.0	0.6	0.0	0.0	-0.9162898387819428	-0.84	0.0	0.0	-0.9162902472609751	-0.84	0.0	0.0	-0.9162903498479789	-0.84	0.0	0.0	-0.9162898148161651	-0.84	0.0	0.0	-0.9162904077140812	-0.84	0.0	0.0	-0.916289542987799	-0.84	0.0	0.0	-0.9162903622910132	-0.84	0.0	0.0	-0.9162902329788327	-0.84	0.0	0.0	-0.9162899203719248	-0.84	0.0	0.0	-0.9162901921927677	-0.84	0.0	0.0	-0.9162904075342743	-0.84	0.0	0.0	-0.9162900259203319	-0.84	/dataset1/zailong/workspace/peft-sft-lab/reports/hns_forgetting_20260911/git_artifacts/run_metadata/experiment_config.json	12.70016	9.6689	0.83201	0.33114	-0.10142	5.7769	0.80225	0.50532	0.26516	1.35116	6.96111	0.1721	1.86297	1.93166	1.07336	1.92582	-4.37369	2.40662	0.29056	-0.05812	-1.80179	1.98287	1.0	1.0	1.0	0.4	0.0	0.77163	0.0	0.0	0.0	0.0	0.0	0.0	0.0	0.0	0.0	0.0	0.0	0.0	0.0	0.0	-1.0000000000065512e-05	-0.6	0.0	0.0	0.0	0.0	0.0	-1.5417899999999998	0.0	0.0	0.0	1.25469	1.69406	0.89177	1.31641	0.87294	0.4	0.4	0.0	0.0	0.0	0.0	0.0	0.0	-0.6	-0.6	0.0
scalar_common_basis_seed42	Llama-3.1-8B-Instruct	magicoder	42	global_0p55	magicoder__global_0p55	Llama-3.1-8B-Instruct/magicoder/seed42	/dataset1/zailong/runs/peft-sft-lab/hns-forgetting-2x4-20260911/adapters/Llama-3.1-8B-Instruct/magicoder/common-global-0p55	/dataset1/zailong/models/spectral-surgery/Llama-3.1-8B-Instruct-Magicoder-50K-LoRA-E1	False	False	56.09756097560976	/dataset1/zailong/workspace/peft-sft-lab/reports/hns_forgetting_20260911/git_artifacts/run_metadata/score_manifest__formal_llama.json	/dataset1/zailong/runs/peft-sft-lab/hns-forgetting-2x4-20260911/variant_manifests/Llama-3p1-8B-Instruct.json	/dataset1/zailong/workspace/peft-sft-lab/reports/hns_forgetting_20260911/git_artifacts/run_metadata/generation_manifest__formal_llama.json	56.09756097560976	61.48597422289613	59.88909426987061	70.29810854985796	63.89105901420823	1.4071627412672545	1.8292682926829258	3.1558394523237183	3.1558394523237254	0.77163	0.37398	1.82624	0.22499	0.58945	0.55756	0.7791	2.16506	1.3327980229285405	4.8403389926375056	1.1928188428671378	0.55	0.55	0.55	0.3025	0.3025	0.55	0.0	0.45	0.82664	0.4536	0.29235255864276766	0.3025	0.69827	0.69616	1.2661357685608627	0.3025	0.80214	0.51392	0.5091422354300785	0.3025	0.78261	0.55369	0.7901850277614187	0.3025	0.72598	0.60981	0.9548691660126368	0.3025	0.81751	0.54304	-0.16106684680499356	0.3025	0.8704	0.39045	-0.8845618373225097	0.3025	0.74953	0.52434	-0.8997114456798104	0.3025	0.86912	0.35658	-0.15463415389099913	0.3025	0.61819	0.77716	1.0395148530955118	0.3025	0.76349	0.63226	0.6692748258322201	0.3025	0.71314	0.67906	-0.12948917542434313	0.3025	0.0	0.0	0.0	0.0	0.0	0.0	0.0	0.0	-0.597836458913831	-0.597836223530793	-0.5978369698638137	-0.44999999999999996	-0.44999999999999996	-0.44999999999999996	-0.6975	-0.6975	-0.44999999999999996	0.0	0.45	0.0	0.0	-0.5978361075776815	-0.6975	0.0	0.0	-0.5978365090216287	-0.6975	0.0	0.0	-0.5978366161855635	-0.6975	0.0	0.0	-0.5978360744086465	-0.6975	0.0	0.0	-0.5978366710275419	-0.6975	0.0	0.0	-0.5978358198545377	-0.6975	0.0	0.0	-0.5978366199679199	-0.6975	0.0	0.0	-0.5978364922038892	-0.6975	0.0	0.0	-0.597836185939041	-0.6975	0.0	0.0	-0.5978364472531723	-0.6975	0.0	0.0	-0.5978366779088373	-0.6975	0.0	0.0	-0.5978363145398019	-0.6975	/dataset1/zailong/workspace/peft-sft-lab/reports/hns_forgetting_20260911/git_artifacts/run_metadata/experiment_config.json	12.70016	9.6689	0.83201	0.33114	-0.10142	5.7769	0.80225	0.50532	0.26516	1.35116	6.96111	0.1721	1.86297	1.93166	1.07336	1.92582	-3.86097	2.40662	0.29056	-0.05812	-1.80179	1.98287	1.0	1.0	1.0	0.55	0.0	0.77163	0.0	0.0	0.0	0.0	0.0	0.0	0.0	0.0	0.0	0.0	0.0	0.0	0.0	0.0	-1.0000000000065512e-05	-0.44999999999999996	0.0	0.0	0.0	0.0	0.0	-1.02907	0.0	0.0	0.0	1.25469	1.69406	0.89177	1.31641	0.87294	0.55	0.55	0.0	0.0	0.0	0.0	0.0	0.0	-0.44999999999999996	-0.44999999999999996	0.0
scalar_common_basis_seed42	Llama-3.1-8B-Instruct	magicoder	42	global_0p70	magicoder__global_0p70	Llama-3.1-8B-Instruct/magicoder/seed42	/dataset1/zailong/runs/peft-sft-lab/hns-forgetting-2x4-20260911/adapters/Llama-3.1-8B-Instruct/magicoder/common-global-0p70	/dataset1/zailong/models/spectral-surgery/Llama-3.1-8B-Instruct-Magicoder-50K-LoRA-E1	False	False	54.87804878048781	/dataset1/zailong/workspace/peft-sft-lab/reports/hns_forgetting_20260911/git_artifacts/run_metadata/score_manifest__formal_llama.json	/dataset1/zailong/runs/peft-sft-lab/hns-forgetting-2x4-20260911/variant_manifests/Llama-3p1-8B-Instruct.json	/dataset1/zailong/workspace/peft-sft-lab/reports/hns_forgetting_20260911/git_artifacts/run_metadata/generation_manifest__formal_llama.json	54.87804878048781	61.63760424564063	57.67097966728281	69.944004259362	63.08419605742848	2.2140256980470077	0.6097560975609753	2.3489764955439654	2.348976495543972	0.77163	0.37398	1.82624	0.22499	0.58945	0.55756	0.7791	2.16506	1.573960034074392	5.081501014486111	1.4339808493793607	0.7	0.7	0.7	0.49	0.49	0.7	0.0	0.3	0.82664	0.4536	0.5335145910895097	0.49	0.69827	0.69616	1.5072977766687656	0.49	0.80214	0.51392	0.7503042600056038	0.49	0.78261	0.55369	1.031347035335387	0.49	0.72598	0.60981	1.1960311742210619	0.49	0.81751	0.54304	0.08009518779703356	0.49	0.8704	0.39045	-0.643399808773931	0.49	0.74953	0.52434	-0.6585494609909227	0.49	0.86912	0.35658	0.0865278880950849	0.49	0.61819	0.77716	1.2806768504124264	0.49	0.76349	0.63226	0.9104368549777178	0.49	0.71314	0.67906	0.11167284054181054	0.49	0.0	0.0	0.0	0.0	0.0	0.0	0.0	0.0	-0.3566744477679795	-0.35667420168218733	-0.3566749633515909	-0.30000000000000004	-0.30000000000000004	-0.30000000000000004	-0.51	-0.51	-0.30000000000000004	0.0	0.3	0.0	0.0	-0.3566740751309394	-0.51	0.0	0.0	-0.35667450091372577	-0.51	0.0	0.0	-0.3566745916100382	-0.51	0.0	0.0	-0.35667406683467817	-0.51	0.0	0.0	-0.35667466281911686	-0.51	0.0	0.0	-0.3566737852525106	-0.51	0.0	0.0	-0.35667459141934127	-0.51	0.0	0.0	-0.35667450751500146	-0.51	0.0	0.0	-0.35667414395295693	-0.51	0.0	0.0	-0.35667444993625774	-0.51	0.0	0.0	-0.35667464876333965	-0.51	0.0	0.0	-0.35667429857364824	-0.51	/dataset1/zailong/workspace/peft-sft-lab/reports/hns_forgetting_20260911/git_artifacts/run_metadata/experiment_config.json	12.70016	9.6689	0.83201	0.33114	-0.10142	5.77691	0.80225	0.50532	0.26516	1.35116	6.96111	0.1721	1.86297	1.93166	1.07336	1.92582	-3.48315	2.40662	0.29056	-0.05812	-1.80179	1.98287	1.0	1.0	1.0	0.7	0.0	0.77163	0.0	0.0	0.0	0.0	0.0	9.999999999621423e-06	0.0	0.0	0.0	0.0	0.0	0.0	0.0	0.0	-1.0000000000065512e-05	-0.30000000000000004	0.0	0.0	0.0	0.0	0.0	-0.6512500000000001	0.0	0.0	0.0	1.25469	1.69406	0.89177	1.31641	0.87294	0.7	0.7	0.0	0.0	0.0	0.0	0.0	0.0	-0.30000000000000004	-0.30000000000000004	0.0
scalar_common_basis_seed42	Llama-3.1-8B-Instruct	magicoder	42	global_0p85	magicoder__global_0p85	Llama-3.1-8B-Instruct/magicoder/seed42	/dataset1/zailong/runs/peft-sft-lab/hns-forgetting-2x4-20260911/adapters/Llama-3.1-8B-Instruct/magicoder/common-global-0p85	/dataset1/zailong/models/spectral-surgery/Llama-3.1-8B-Instruct-Magicoder-50K-LoRA-E1	False	False	57.92682926829268	/dataset1/zailong/workspace/peft-sft-lab/reports/hns_forgetting_20260911/git_artifacts/run_metadata/score_manifest__formal_llama.json	/dataset1/zailong/runs/peft-sft-lab/hns-forgetting-2x4-20260911/variant_manifests/Llama-3p1-8B-Instruct.json	/dataset1/zailong/workspace/peft-sft-lab/reports/hns_forgetting_20260911/git_artifacts/run_metadata/generation_manifest__formal_llama.json	57.92682926829268	59.66641394996209	57.67097966728281	69.6500957341359	62.32916311712694	2.9690586383485544	3.6585365853658445	1.5939435552424257	1.5939435552424253	0.77163	0.37398	1.82624	0.22499	0.58945	0.55756	0.7791	2.16506	1.7681160887316159	5.275657067233151	1.6281369085396715	0.85	0.85	0.85	0.7225	0.7225	0.85	0.0	0.15	0.82664	0.4536	0.7276706254428243	0.7225	0.69827	0.69616	1.701453834221748	0.7225	0.80214	0.51392	0.944460296395836	0.7225	0.78261	0.55369	1.2255031257857236	0.7225	0.72598	0.60981	1.3901872106200528	0.7225	0.81751	0.54304	0.27425121750011644	0.7225	0.8704	0.39045	-0.4492437309211571	0.7225	0.74953	0.52434	-0.46439338391313073	0.7225	0.86912	0.35658	0.2806839073081332	0.7225	0.61819	0.77716	1.474832907669067	0.7225	0.76349	0.63226	1.1045929095829337	0.7225	0.71314	0.67906	0.3058289157293984	0.7225	0.0	0.0	0.0	0.0	0.0	0.0	0.0	0.0	-0.16251839311075567	-0.16251814893514727	-0.16251890419128	-0.15000000000000002	-0.15000000000000002	-0.15000000000000002	-0.27749999999999997	-0.27749999999999997	-0.15000000000000002	0.0	0.15	0.0	0.0	-0.16251804077762477	-0.27749999999999997	0.0	0.0	-0.1625184433607434	-0.27749999999999997	0.0	0.0	-0.16251855521980607	-0.27749999999999997	0.0	0.0	-0.16251797638434162	-0.27749999999999997	0.0	0.0	-0.16251862642012593	-0.27749999999999997	0.0	0.0	-0.1625177555494277	-0.27749999999999997	0.0	0.0	-0.16251851356656738	-0.27749999999999997	0.0	0.0	-0.16251843043720948	-0.27749999999999997	0.0	0.0	-0.16251812473990862	-0.27749999999999997	0.0	0.0	-0.1625183926796172	-0.27749999999999997	0.0	0.0	-0.16251859415812375	-0.27749999999999997	0.0	0.0	-0.16251822338606037	-0.27749999999999997	/dataset1/zailong/workspace/peft-sft-lab/reports/hns_forgetting_20260911/git_artifacts/run_metadata/experiment_config.json	12.70016	9.6689	0.83201	0.33114	-0.10142	5.7769	0.80225	0.50532	0.26516	1.35116	6.96111	0.1721	1.86297	1.93166	1.07336	1.92582	-3.13012	2.40662	0.29056	-0.05812	-1.80179	1.98287	1.0	1.0	1.0	0.85	0.0	0.77163	0.0	0.0	0.0	0.0	0.0	0.0	0.0	0.0	0.0	0.0	0.0	0.0	0.0	0.0	-1.0000000000065512e-05	-0.15000000000000002	0.0	0.0	0.0	0.0	0.0	-0.2982199999999997	0.0	0.0	0.0	1.25469	1.69406	0.89177	1.31641	0.87294	0.85	0.85	0.0	0.0	0.0	0.0	0.0	0.0	-0.15000000000000002	-0.15000000000000002	0.0
scalar_common_basis_seed42	Llama-3.1-8B-Instruct	magicoder	42	common_lora	magicoder__common_lora	Llama-3.1-8B-Instruct/magicoder/seed42	/dataset1/zailong/runs/peft-sft-lab/hns-forgetting-2x4-20260911/adapters/Llama-3.1-8B-Instruct/magicoder/common-global-1p00	/dataset1/zailong/models/spectral-surgery/Llama-3.1-8B-Instruct-Magicoder-50K-LoRA-E1	True	False	54.268292682926834	/dataset1/zailong/workspace/peft-sft-lab/reports/hns_forgetting_20260911/git_artifacts/run_metadata/score_manifest__formal_llama.json	/dataset1/zailong/runs/peft-sft-lab/hns-forgetting-2x4-20260911/variant_manifests/Llama-3p1-8B-Instruct.json	/dataset1/zailong/workspace/peft-sft-lab/reports/hns_forgetting_20260911/git_artifacts/run_metadata/generation_manifest__formal_llama.json	54.268292682926834	56.40636846095527	56.74676524953789	69.05252497516037	60.73521956188451	4.56300219359098	0.0	0.0	0.0	0.77163	0.37398	1.82624	0.22499	0.58945	0.55756	0.7791	2.16506	1.9306344818423715	5.438175216168299	1.7906558127309515	1.0	1.0	1.0	1.0	1.0	1.0	0.0	0.0	0.82664	0.4536	0.8901886662204491	1.0	0.69827	0.69616	1.8639722775824914	1.0	0.80214	0.51392	1.106978851615642	1.0	0.78261	0.55369	1.3880211021700652	1.0	0.72598	0.60981	1.5527058370401787	1.0	0.81751	0.54304	0.43676897304954415	1.0	0.8704	0.39045	-0.2867252173545897	1.0	0.74953	0.52434	-0.30187495347592125	1.0	0.86912	0.35658	0.4432020320480418	1.0	0.61819	0.77716	1.6373513003486841	1.0	0.76349	0.63226	1.2671115037410574	1.0	0.71314	0.67906	0.4683471391154588	1.0	0.0	0.0	0.0	0.0	0.0	0.0	0.0	0.0	0.0	0.0	0.0	0.0	0.0	0.0	0.0	0.0	0.0	0.0	0.0	0.0	0.0	0.0	0.0	0.0	0.0	0.0	0.0	0.0	0.0	0.0	0.0	0.0	0.0	0.0	0.0	0.0	0.0	0.0	0.0	0.0	0.0	0.0	0.0	0.0	0.0	0.0	0.0	0.0	0.0	0.0	0.0	0.0	0.0	0.0	0.0	0.0	0.0	0.0	0.0	0.0	0.0	0.0	0.0	0.0	0.0	0.0	0.0	/dataset1/zailong/workspace/peft-sft-lab/reports/hns_forgetting_20260911/git_artifacts/run_metadata/experiment_config.json	12.70016	9.6689	0.83201	0.33114	-0.10142	5.7769	0.80225	0.50532	0.26516	1.35116	6.96111	0.1721	1.86297	1.93166	1.07336	1.92582	-2.8319	2.40662	0.29056	-0.05812	-1.80179	1.98288	1.0	1.0	1.0	1.0	0.0	0.77163	0.0	0.0	0.0	0.0	0.0	0.0	0.0	0.0	0.0	0.0	0.0	0.0	0.0	0.0	0.0	0.0	0.0	0.0	0.0	0.0	0.0	0.0	0.0	0.0	0.0	1.25469	1.69406	0.89177	1.31641	0.87294	1.0	1.0	0.0	0.0	0.0	0.0	0.0	0.0	0.0	0.0	0.0
scalar_common_basis_seed42	Llama-3.1-8B-Instruct	metamath	42	common_hns	metamath__common_hns	Llama-3.1-8B-Instruct/metamath/seed42	/dataset1/zailong/runs/peft-sft-lab/hns-forgetting-2x4-20260911/adapters/Llama-3.1-8B-Instruct/metamath/common-hns	/dataset1/zailong/models/spectral-surgery/Llama-3.1-8B-Instruct-MetaMathQA-50K-LoRA	False	False	80.81880212282032	/dataset1/zailong/workspace/peft-sft-lab/reports/hns_forgetting_20260911/git_artifacts/run_metadata/score_manifest__formal_llama.json	/dataset1/zailong/runs/peft-sft-lab/hns-forgetting-2x4-20260911/variant_manifests/Llama-3p1-8B-Instruct.json	/dataset1/zailong/workspace/peft-sft-lab/reports/hns_forgetting_20260911/git_artifacts/run_metadata/generation_manifest__formal_llama.json	61.58536585365854	80.81880212282032	59.51940850277264	69.64724293862639	63.584005765019185	1.4440864885547597	3.33586050037907	4.888529445326945	2.6527570876033693	0.99992	0.99968	15.41348	0.99937	0.99984	0.06489	0.25698	0.0486	3.2312993341069856	7.205024403258545	1.864061030225357	0.87295	1.0	0.3748	0.13303	0.28607	0.75995	0.24214	0.49208	0.99992	0.06486	2.442429039907774	0.14948	0.99992	0.06493	3.115685635950282	0.1293	0.99992	0.06494	2.6899109332832136	0.15668	0.99992	0.06489	2.709459820897661	0.14017	0.99992	0.06482	2.64439879862679	0.10874	0.99991	0.06501	2.002527058766145	0.13754	0.99992	0.0648	1.3214058461289184	0.11522	0.99992	0.06468	1.1560057357537337	0.11539	0.99993	0.06495	1.9874944763347833	0.19217	0.99992	0.06482	2.7268168969548667	0.10561	0.99993	0.06509	2.655095003830766	0.21255	0.99991	0.06487	2.1415039013112787	0.09373	0.13030000000000008	0.42407000000000006	12.30654	0.605	0.2471899999999999	-0.27773	-0.41097000000000006	-1.66268	-0.13587897194758947	0.0	-0.9813734298902583	-0.12705	0.0	-0.6252	-0.86697	-0.71393	-0.24004999999999999	0.24214	0.49208	0.13146999999999998	-0.2672	-0.13050230912672145	-0.8505199999999999	0.12872000000000006	-0.29176	-0.13726826252251412	-0.8707	0.13035000000000008	-0.26666	-0.11641721198827648	-0.84332	0.11855000000000004	-0.25853	-0.12973169831751763	-0.85983	0.14316000000000006	-0.31102	-0.16299571472419272	-0.8912599999999999	0.12400999999999995	-0.26371	-0.1409708977926485	-0.86246	0.15367000000000008	-0.30235999999999996	-0.17523690457840368	-0.88478	0.16093000000000002	-0.30265	-0.18228756086920583	-0.88461	0.08728999999999998	-0.20009	-0.09572529673758612	-0.80783	0.13626000000000005	-0.33703	-0.16490609005600243	-0.89439	0.06609999999999994	-0.18405	-0.07318314115967794	-0.78745	0.18380999999999992	-0.3542	-0.20835793370609546	-0.90627	/dataset1/zailong/workspace/peft-sft-lab/reports/hns_forgetting_20260911/git_artifacts/run_metadata/experiment_config.json	15.99876	15.99753	0.99992	0.00655	-0.00247	15.99507	0.00023	0.00908	0.9814	0.03065	0.29883	-0.14029	65.00959	70.91569	0.0143	37.77866	-68.17492	0.00053	29.53172	1e-05	0.00016	-9e-05	1.0	1.0	1.0	0.75995	0.24214	0.99992	1.9779600000000013	3.81391	0.11314000000000002	-0.26959	0.0939	6.674189999999999	-0.40692	-0.9811300000000001	-0.40230000000000005	0.5918000000000001	-1.17069	-1.29723	0.02009	0.6224900000000001	-0.02553	-0.24004999999999999	0.24214	0.13030000000000008	68.9111	62.87536	35.875350000000005	-67.87782	29.17906	-1.89084	-0.20561000000000001	12.03401	13.92427	0.16322	1.75387	-0.27894	0.5438	0.45321	0.30543	8.596820000000001	8.49208	-0.31459000000000004	-1.18276	-0.87466	-0.45620000000000005	-0.54679	0.30543
scalar_common_basis_seed42	Llama-3.1-8B-Instruct	metamath	42	common_per_module	metamath__common_per_module	Llama-3.1-8B-Instruct/metamath/seed42	/dataset1/zailong/runs/peft-sft-lab/hns-forgetting-2x4-20260911/adapters/Llama-3.1-8B-Instruct/metamath/common-per-module	/dataset1/zailong/models/spectral-surgery/Llama-3.1-8B-Instruct-MetaMathQA-50K-LoRA	False	False	77.63457164518574	/dataset1/zailong/workspace/peft-sft-lab/reports/hns_forgetting_20260911/git_artifacts/run_metadata/score_manifest__formal_llama.json	/dataset1/zailong/runs/peft-sft-lab/hns-forgetting-2x4-20260911/variant_manifests/Llama-3p1-8B-Instruct.json	/dataset1/zailong/workspace/peft-sft-lab/reports/hns_forgetting_20260911/git_artifacts/run_metadata/generation_manifest__formal_llama.json	54.268292682926834	77.63457164518574	57.48613678373382	66.39435706674254	59.382928844467735	3.2061390188623164	0.15163002274449866	0.6874525247754946	0.8907045572958125	0.86962	0.57561	3.10694	0.39437	0.75265	0.34262	0.66795	1.71128	3.2312992304500905	7.0710262060260805	2.683205889224062	0.87295	0.87459	0.85025	0.72292	0.74538	0.87026	0.00615	0.1467	0.86845	0.33206	2.4424290008616882	0.74696	0.8712	0.35669	3.115685515485157	0.71746	0.86957	0.3316	2.6899108868107744	0.74084	0.88137	0.32342	2.7094596557058703	0.74807	0.85676	0.37584	2.644398702422243	0.687	0.8759	0.32872	2.002526971958805	0.73089	0.84625	0.36716	1.3214057901543732	0.68424	0.83899	0.36733	1.1560055982901376	0.67783	0.91264	0.26504	1.9874945096325216	0.81894	0.86366	0.40185	2.726816730030683	0.68971	0.93383	0.24914	2.655094947010798	0.85616	0.8161	0.41907	2.141503752857975	0.62469	0.0	0.0	0.0	0.0	0.0	0.0	0.0	0.0	-0.13587907560448453	-0.1339981972324642	-0.1622285708915534	-0.12705	-0.12541000000000002	-0.14975000000000005	-0.27708	-0.25461999999999996	-0.12973999999999997	0.00615	0.1467	0.0	0.0	-0.13050234817280737	-0.25304000000000004	0.0	0.0	-0.1372683829876391	-0.28254	0.0	0.0	-0.11641725846071571	-0.25915999999999995	0.0	0.0	-0.1297318635093081	-0.25193	0.0	0.0	-0.16299581092873971	-0.31299999999999994	0.0	0.0	-0.14097098459998847	-0.26910999999999996	0.0	0.0	-0.1752369605529489	-0.31576000000000004	0.0	0.0	-0.1822876983328019	-0.32216999999999996	0.0	0.0	-0.09572526343984777	-0.18106	0.0	0.0	-0.16490625698018624	-0.31028999999999995	0.0	0.0	-0.07318319797964623	-0.14383999999999997	0.0	0.0	-0.20835808215939933	-0.37531000000000003	/dataset1/zailong/workspace/peft-sft-lab/reports/hns_forgetting_20260911/git_artifacts/run_metadata/experiment_config.json	14.0208	12.18362	0.88678	0.27614	-0.09637	9.32088	0.40715	0.41138	0.3896	1.20134	2.18966	0.06532	2.13423	2.0046	0.99543	1.90331	-0.50952	1.29776	0.35266	-0.02008	-0.62233	0.02544	1.0	1.0	1.0	0.87026	0.00615	0.86962	0.0	0.0	0.0	0.0	0.0	0.0	0.0	0.0	0.0	0.0	0.0	0.0	0.0	0.0	0.0	-0.12973999999999997	0.00615	0.0	1.0000000000065512e-05	0.0	0.0	-0.21242	0.0	-1.0000000000065512e-05	0.0	3.43719	5.43219	0.47781	2.93663	0.59572	0.83189	0.82926	0.00631	0.0	0.0	0.0	0.0	0.0	-0.16810999999999998	-0.17074	0.00631
scalar_common_basis_seed42	Llama-3.1-8B-Instruct	metamath	42	global_0p25	metamath__global_0p25	Llama-3.1-8B-Instruct/metamath/seed42	/dataset1/zailong/runs/peft-sft-lab/hns-forgetting-2x4-20260911/adapters/Llama-3.1-8B-Instruct/metamath/common-global-0p25	/dataset1/zailong/models/spectral-surgery/Llama-3.1-8B-Instruct-MetaMathQA-50K-LoRA	False	False	80.97043214556481	/dataset1/zailong/workspace/peft-sft-lab/reports/hns_forgetting_20260911/git_artifacts/run_metadata/score_manifest__formal_llama.json	/dataset1/zailong/runs/peft-sft-lab/hns-forgetting-2x4-20260911/variant_manifests/Llama-3p1-8B-Instruct.json	/dataset1/zailong/workspace/peft-sft-lab/reports/hns_forgetting_20260911/git_artifacts/run_metadata/generation_manifest__formal_llama.json	54.87804878048781	80.97043214556481	59.51940850277264	71.16238283527241	61.853280039510956	0.93903985633942	3.4874905231235687	3.157803719818716	3.157803719818709	0.86962	0.57561	3.10694	0.39437	0.75265	0.34262	0.66795	1.71128	1.9808844717924763	5.818730667057893	1.4591400989957248	0.25	0.25	0.25	0.0625	0.0625	0.25	0.0	0.75	0.86845	0.33206	1.186637542340889	0.0625	0.8712	0.35669	1.8666600571352652	0.0625	0.86957	0.3316	1.4200343781228901	0.0625	0.88137	0.32342	1.4528976510273157	0.0625	0.85676	0.37584	1.4211006482716786	0.0625	0.8759	0.32872	0.7572041184423527	0.0625	0.84625	0.36716	0.11034888291526511	0.0625	0.83899	0.36733	-0.048000818804870095	0.0625	0.91264	0.26504	0.6969260903212904	0.0625	0.86366	0.40185	1.5054290918646838	0.0625	0.93383	0.24914	1.3419844514532295	0.0625	0.8161	0.41907	0.9635678376814296	0.0625	0.0	0.0	0.0	0.0	0.0	0.0	0.0	0.0	-1.3862938342620987	-1.3862937362006518	-1.3862943611198906	-0.75	-0.75	-0.75	-0.9375	-0.9375	-0.75	0.0	0.75	0.0	0.0	-1.3862938066936066	-0.9375	0.0	0.0	-1.3862938413375308	-0.9375	0.0	0.0	-1.3862937671486	-0.9375	0.0	0.0	-1.3862938681878627	-0.9375	0.0	0.0	-1.386293865079304	-0.9375	0.0	0.0	-1.386293838116441	-0.9375	0.0	0.0	-1.386293867792057	-0.9375	0.0	0.0	-1.3862941154278097	-0.9375	0.0	0.0	-1.386293682751079	-0.9375	0.0	0.0	-1.3862938951461854	-0.9375	0.0	0.0	-1.3862936935372145	-0.9375	0.0	0.0	-1.3862939973359445	-0.9375	/dataset1/zailong/workspace/peft-sft-lab/reports/hns_forgetting_20260911/git_artifacts/run_metadata/experiment_config.json	14.0208	12.18362	0.88678	0.27614	-0.09637	9.32088	0.40715	0.41138	0.3896	1.20134	2.18967	0.06532	2.13423	2.00459	0.99543	1.90331	-2.78655	1.29776	0.35266	-0.02008	-0.62233	0.02544	1.0	1.0	1.0	0.25	0.0	0.86962	0.0	0.0	0.0	0.0	0.0	0.0	0.0	0.0	0.0	0.0	0.0	0.0	0.0	0.0	0.0	-0.75	0.0	0.0	0.0	0.0	0.0	-2.48945	0.0	0.0	0.0	3.43719	5.43219	0.47781	2.93663	0.59572	0.25	0.25	0.0	0.0	0.0	0.0	0.0	0.0	-0.75	-0.75	0.0
scalar_common_basis_seed42	Llama-3.1-8B-Instruct	metamath	42	global_0p40	metamath__global_0p40	Llama-3.1-8B-Instruct/metamath/seed42	/dataset1/zailong/runs/peft-sft-lab/hns-forgetting-2x4-20260911/adapters/Llama-3.1-8B-Instruct/metamath/common-global-0p40	/dataset1/zailong/models/spectral-surgery/Llama-3.1-8B-Instruct-MetaMathQA-50K-LoRA	False	False	80.97043214556481	/dataset1/zailong/workspace/peft-sft-lab/reports/hns_forgetting_20260911/git_artifacts/run_metadata/score_manifest__formal_llama.json	/dataset1/zailong/runs/peft-sft-lab/hns-forgetting-2x4-20260911/variant_manifests/Llama-3p1-8B-Instruct.json	/dataset1/zailong/workspace/peft-sft-lab/reports/hns_forgetting_20260911/git_artifacts/run_metadata/generation_manifest__formal_llama.json	59.14634146341463	80.97043214556481	59.70425138632163	70.58562575099003	63.1454062002421	1.0696779232505496	3.4874905231235687	4.44992988054986	3.0271656529075797	0.86962	0.57561	3.10694	0.39437	0.75265	0.34262	0.66795	1.71128	2.450888120303865	6.288734311267154	1.9291437491520869	0.4	0.4	0.4	0.16	0.16	0.4	0.0	0.6	0.86845	0.33206	1.6566412106717767	0.16	0.8712	0.35669	2.3366637005599946	0.16	0.86957	0.3316	1.8900380305329927	0.16	0.88137	0.32342	1.922901300610001	0.16	0.85676	0.37584	1.8911042917510206	0.16	0.8759	0.32872	1.2272077933739352	0.16	0.84625	0.36716	0.5803525148460539	0.16	0.83899	0.36733	0.42200282004511663	0.16	0.91264	0.26504	1.166929769112742	0.16	0.86366	0.40185	1.9754327352374887	0.16	0.93383	0.24914	1.8119881057546003	0.16	0.8161	0.41907	1.4335714580759007	0.16	0.0	0.0	0.0	0.0	0.0	0.0	0.0	0.0	-0.91629018575071	-0.9162900919913906	-0.9162907109635285	-0.6	-0.6	-0.6	-0.84	-0.84	-0.6	0.0	0.6	0.0	0.0	-0.9162901383627189	-0.84	0.0	0.0	-0.9162901979128013	-0.84	0.0	0.0	-0.9162901147384974	-0.84	0.0	0.0	-0.9162902186051773	-0.84	0.0	0.0	-0.916290221599962	-0.84	0.0	0.0	-0.9162901631848583	-0.84	0.0	0.0	-0.9162902358612682	-0.84	0.0	0.0	-0.9162904765778228	-0.84	0.0	0.0	-0.9162900039596273	-0.84	0.0	0.0	-0.9162902517733804	-0.84	0.0	0.0	-0.9162900392358437	-0.84	0.0	0.0	-0.9162903769414734	-0.84	/dataset1/zailong/workspace/peft-sft-lab/reports/hns_forgetting_20260911/git_artifacts/run_metadata/experiment_config.json	14.0208	12.18362	0.88678	0.27614	-0.09637	9.32088	0.40715	0.41138	0.3896	1.20134	2.18966	0.06532	2.13423	2.0046	0.99543	1.90331	-1.94412	1.29776	0.35266	-0.02008	-0.62233	0.02544	1.0	1.0	1.0	0.4	0.0	0.86962	0.0	0.0	0.0	0.0	0.0	0.0	0.0	0.0	0.0	0.0	0.0	0.0	0.0	0.0	0.0	-0.6	0.0	0.0	1.0000000000065512e-05	0.0	0.0	-1.6470200000000002	0.0	-1.0000000000065512e-05	0.0	3.43719	5.43219	0.47781	2.93663	0.59572	0.4	0.4	0.0	0.0	0.0	0.0	0.0	0.0	-0.6	-0.6	0.0
scalar_common_basis_seed42	Llama-3.1-8B-Instruct	metamath	42	global_0p55	metamath__global_0p55	Llama-3.1-8B-Instruct/metamath/seed42	/dataset1/zailong/runs/peft-sft-lab/hns-forgetting-2x4-20260911/adapters/Llama-3.1-8B-Instruct/metamath/common-global-0p55	/dataset1/zailong/models/spectral-surgery/Llama-3.1-8B-Instruct-MetaMathQA-50K-LoRA	False	False	79.52994692949204	/dataset1/zailong/workspace/peft-sft-lab/reports/hns_forgetting_20260911/git_artifacts/run_metadata/score_manifest__formal_llama.json	/dataset1/zailong/runs/peft-sft-lab/hns-forgetting-2x4-20260911/variant_manifests/Llama-3p1-8B-Instruct.json	/dataset1/zailong/workspace/peft-sft-lab/reports/hns_forgetting_20260911/git_artifacts/run_metadata/generation_manifest__formal_llama.json	58.536585365853654	79.52994692949204	59.88909426987061	69.7433203808135	62.723000005512596	1.2888320854597335	2.047005307050796	4.027523685820356	2.8080114906983953	0.86962	0.57561	3.10694	0.39437	0.75265	0.34262	0.66795	1.71128	2.7693418454533605	6.6071880383079975	2.24759748588611	0.55	0.55	0.55	0.3025	0.3025	0.55	0.0	0.45	0.86845	0.33206	1.9750949412201155	0.3025	0.8712	0.35669	2.655117424323881	0.3025	0.86957	0.3316	2.208491768051275	0.3025	0.88137	0.32342	2.241355004982489	0.3025	0.85676	0.37584	2.2095580266992965	0.3025	0.8759	0.32872	1.545661539304871	0.3025	0.84625	0.36716	0.8988062823523083	0.3025	0.83899	0.36733	0.7404565514607071	0.3025	0.91264	0.26504	1.4853834706777311	0.3025	0.86366	0.40185	2.293886442482892	0.3025	0.93383	0.24914	2.13044184219189	0.3025	0.8161	0.41907	1.7520252036492765	0.3025	0.0	0.0	0.0	0.0	0.0	0.0	0.0	0.0	-0.5978364606012145	-0.5978363649505471	-0.5978369742295055	-0.44999999999999996	-0.44999999999999996	-0.44999999999999996	-0.6975	-0.6975	-0.44999999999999996	0.0	0.45	0.0	0.0	-0.5978364078143801	-0.6975	0.0	0.0	-0.5978364741489148	-0.6975	0.0	0.0	-0.5978363772202151	-0.6975	0.0	0.0	-0.5978365142326894	-0.6975	0.0	0.0	-0.5978364866516861	-0.6975	0.0	0.0	-0.5978364172539226	-0.6975	0.0	0.0	-0.5978364683550138	-0.6975	0.0	0.0	-0.5978367451622324	-0.6975	0.0	0.0	-0.5978363023946383	-0.6975	0.0	0.0	-0.597836544527977	-0.6975	0.0	0.0	-0.5978363027985543	-0.6975	0.0	0.0	-0.5978366313680976	-0.6975	/dataset1/zailong/workspace/peft-sft-lab/reports/hns_forgetting_20260911/git_artifacts/run_metadata/experiment_config.json	14.0208	12.18362	0.88678	0.27614	-0.09637	9.32088	0.40715	0.41138	0.3896	1.20134	2.18966	0.06532	2.13423	2.0046	0.99543	1.90331	-1.3619	1.29776	0.35266	-0.02008	-0.62233	0.02544	1.0	1.0	1.0	0.55	0.0	0.86962	0.0	0.0	0.0	0.0	0.0	0.0	0.0	0.0	0.0	0.0	0.0	0.0	0.0	0.0	0.0	-0.44999999999999996	0.0	0.0	1.0000000000065512e-05	0.0	0.0	-1.0648000000000002	0.0	-1.0000000000065512e-05	0.0	3.43719	5.43219	0.47781	2.93663	0.59572	0.55	0.55	0.0	0.0	0.0	0.0	0.0	0.0	-0.44999999999999996	-0.44999999999999996	0.0
scalar_common_basis_seed42	Llama-3.1-8B-Instruct	metamath	42	global_0p70	metamath__global_0p70	Llama-3.1-8B-Instruct/metamath/seed42	/dataset1/zailong/runs/peft-sft-lab/hns-forgetting-2x4-20260911/adapters/Llama-3.1-8B-Instruct/metamath/common-global-0p70	/dataset1/zailong/models/spectral-surgery/Llama-3.1-8B-Instruct-MetaMathQA-50K-LoRA	False	False	78.16527672479151	/dataset1/zailong/workspace/peft-sft-lab/reports/hns_forgetting_20260911/git_artifacts/run_metadata/score_manifest__formal_llama.json	/dataset1/zailong/runs/peft-sft-lab/hns-forgetting-2x4-20260911/variant_manifests/Llama-3p1-8B-Instruct.json	/dataset1/zailong/workspace/peft-sft-lab/reports/hns_forgetting_20260911/git_artifacts/run_metadata/generation_manifest__formal_llama.json	56.09756097560976	78.16527672479151	58.59519408502772	68.51854501375144	61.07043335812964	2.1283906027613853	0.6823351023502653	2.374957038437401	1.9684529733967437	0.86962	0.57561	3.10694	0.39437	0.75265	0.34262	0.66795	1.71128	3.0105038634931143	6.8483500637103685	2.488759498241097	0.7	0.7	0.7	0.49	0.49	0.7	0.0	0.3	0.86845	0.33206	2.2162569609777982	0.49	0.8712	0.35669	2.89627944192273	0.49	0.86957	0.3316	2.4496537735701662	0.49	0.88137	0.32342	2.482517045603348	0.49	0.85676	0.37584	2.4507200331694676	0.49	0.8759	0.32872	1.7868235485946162	0.49	0.84625	0.36716	1.1399683062084918	0.49	0.83899	0.36733	0.9816185560285821	0.49	0.91264	0.26504	1.7265455044003812	0.49	0.86366	0.40185	2.5350484790091365	0.49	0.93383	0.24914	2.371603833783669	0.49	0.8161	0.41907	1.993187220739623	0.49	0.0	0.0	0.0	0.0	0.0	0.0	0.0	0.0	-0.35667444256146075	-0.3566743395481762	-0.3566749618745182	-0.30000000000000004	-0.30000000000000004	-0.30000000000000004	-0.51	-0.51	-0.30000000000000004	0.0	0.3	0.0	0.0	-0.3566743880566974	-0.51	0.0	0.0	-0.35667445655006613	-0.51	0.0	0.0	-0.3566743717013239	-0.51	0.0	0.0	-0.3566744736118306	-0.51	0.0	0.0	-0.35667448018151493	-0.51	0.0	0.0	-0.35667440796417726	-0.51	0.0	0.0	-0.35667444449883035	-0.51	0.0	0.0	-0.35667474059435744	-0.51	0.0	0.0	-0.35667426867198815	-0.51	0.0	0.0	-0.3566745080017326	-0.51	0.0	0.0	-0.35667431120677495	-0.51	0.0	0.0	-0.35667461427775105	-0.51	/dataset1/zailong/workspace/peft-sft-lab/reports/hns_forgetting_20260911/git_artifacts/run_metadata/experiment_config.json	14.0208	12.18362	0.88678	0.27614	-0.09637	9.32088	0.40715	0.41138	0.3896	1.20134	2.18966	0.06532	2.13423	2.00459	0.99543	1.90331	-0.91646	1.29776	0.35266	-0.02008	-0.62233	0.02544	1.0	1.0	1.0	0.7	0.0	0.86962	0.0	0.0	0.0	0.0	0.0	0.0	0.0	0.0	0.0	0.0	0.0	0.0	0.0	0.0	0.0	-0.30000000000000004	0.0	0.0	0.0	0.0	0.0	-0.6193600000000001	0.0	-1.0000000000065512e-05	0.0	3.43719	5.43219	0.47781	2.93663	0.59572	0.7	0.7	0.0	0.0	0.0	0.0	0.0	0.0	-0.30000000000000004	-0.30000000000000004	0.0
scalar_common_basis_seed42	Llama-3.1-8B-Instruct	metamath	42	global_0p85	metamath__global_0p85	Llama-3.1-8B-Instruct/metamath/seed42	/dataset1/zailong/runs/peft-sft-lab/hns-forgetting-2x4-20260911/adapters/Llama-3.1-8B-Instruct/metamath/common-global-0p85	/dataset1/zailong/models/spectral-surgery/Llama-3.1-8B-Instruct-MetaMathQA-50K-LoRA	False	False	76.87642153146324	/dataset1/zailong/workspace/peft-sft-lab/reports/hns_forgetting_20260911/git_artifacts/run_metadata/score_manifest__formal_llama.json	/dataset1/zailong/runs/peft-sft-lab/hns-forgetting-2x4-20260911/variant_manifests/Llama-3p1-8B-Instruct.json	/dataset1/zailong/workspace/peft-sft-lab/reports/hns_forgetting_20260911/git_artifacts/run_metadata/generation_manifest__formal_llama.json	55.487804878048784	76.87642153146324	56.931608133086876	66.6155799131956	59.67833097477709	3.317240953593611	-0.6065200909780089	0.98285465508485	0.7796026225645178	0.86962	0.57561	3.10694	0.39437	0.75265	0.34262	0.66795	1.71128	3.204659929666404	7.042506122793354	2.682915562156854	0.85	0.85	0.85	0.7225	0.7225	0.85	0.0	0.15	0.86845	0.33206	2.410413021509808	0.7225	0.8712	0.35669	3.090435509543849	0.7225	0.86957	0.3316	2.643809835337079	0.7225	0.88137	0.32342	2.676673095526221	0.7225	0.85676	0.37584	2.64487612105716	0.7225	0.8759	0.32872	1.9809796208742143	0.7225	0.84625	0.36716	1.3341243528821884	0.7225	0.83899	0.36733	1.1757746208775957	0.7225	0.91264	0.26504	1.9207015549941924	0.7225	0.86366	0.40185	2.729204543184055	0.7225	0.93383	0.24914	2.5657598998701854	0.7225	0.8161	0.41907	2.1873433018175783	0.7225	0.0	0.0	0.0	0.0	0.0	0.0	0.0	0.0	-0.16251837638817124	-0.162518280465191	-0.1625188979587615	-0.15000000000000002	-0.15000000000000002	-0.15000000000000002	-0.27749999999999997	-0.27749999999999997	-0.15000000000000002	0.0	0.15	0.0	0.0	-0.16251832752468776	-0.27749999999999997	0.0	0.0	-0.16251838892894677	-0.27749999999999997	0.0	0.0	-0.16251830993441096	-0.27749999999999997	0.0	0.0	-0.16251842368895764	-0.27749999999999997	0.0	0.0	-0.1625183922938227	-0.27749999999999997	0.0	0.0	-0.16251833568457918	-0.27749999999999997	0.0	0.0	-0.16251839782513366	-0.27749999999999997	0.0	0.0	-0.16251867574534384	-0.27749999999999997	0.0	0.0	-0.162518218078177	-0.27749999999999997	0.0	0.0	-0.16251844382681435	-0.27749999999999997	0.0	0.0	-0.1625182451202587	-0.27749999999999997	0.0	0.0	-0.1625185331997958	-0.27749999999999997	/dataset1/zailong/workspace/peft-sft-lab/reports/hns_forgetting_20260911/git_artifacts/run_metadata/experiment_config.json	14.0208	12.18362	0.88678	0.27614	-0.09637	9.32088	0.40715	0.41138	0.3896	1.20134	2.18966	0.06532	2.13423	2.00459	0.99543	1.90331	-0.57829	1.29776	0.35266	-0.02008	-0.62233	0.02544	1.0	1.0	1.0	0.85	0.0	0.86962	0.0	0.0	0.0	0.0	0.0	0.0	0.0	0.0	0.0	0.0	0.0	0.0	0.0	0.0	0.0	-0.15000000000000002	0.0	0.0	0.0	0.0	0.0	-0.28119	0.0	-1.0000000000065512e-05	0.0	3.43719	5.43219	0.47781	2.93663	0.59572	0.85	0.85	0.0	0.0	0.0	0.0	0.0	0.0	-0.15000000000000002	-0.15000000000000002	0.0
scalar_common_basis_seed42	Llama-3.1-8B-Instruct	metamath	42	common_lora	metamath__common_lora	Llama-3.1-8B-Instruct/metamath/seed42	/dataset1/zailong/runs/peft-sft-lab/hns-forgetting-2x4-20260911/adapters/Llama-3.1-8B-Instruct/metamath/common-global-1p00	/dataset1/zailong/models/spectral-surgery/Llama-3.1-8B-Instruct-MetaMathQA-50K-LoRA	True	False	77.48294162244125	/dataset1/zailong/workspace/peft-sft-lab/reports/hns_forgetting_20260911/git_artifacts/run_metadata/score_manifest__formal_llama.json	/dataset1/zailong/runs/peft-sft-lab/hns-forgetting-2x4-20260911/variant_manifests/Llama-3p1-8B-Instruct.json	/dataset1/zailong/workspace/peft-sft-lab/reports/hns_forgetting_20260911/git_artifacts/run_metadata/generation_manifest__formal_llama.json	54.87804878048781	77.48294162244125	56.19223659889094	65.01614357969798	58.69547631969224	4.096843576158129	0.0	0.0	0.0	0.86962	0.57561	3.10694	0.39437	0.75265	0.34262	0.66795	1.71128	3.367178306054575	7.205024403258545	2.8454344601156154	1.0	1.0	1.0	1.0	1.0	1.0	0.0	0.0	0.86845	0.33206	2.5729313490344956	1.0	0.8712	0.35669	3.252953898472796	1.0	0.86957	0.3316	2.80632814527149	1.0	0.88137	0.32342	2.8391915192151784	1.0	0.85676	0.37584	2.8073945133509826	1.0	0.8759	0.32872	2.1434979565587935	1.0	0.84625	0.36716	1.4966427507073221	1.0	0.83899	0.36733	1.3382932966229395	1.0	0.91264	0.26504	2.0832197730723694	1.0	0.86366	0.40185	2.891722987010869	1.0	0.93383	0.24914	2.728278144990444	1.0	0.8161	0.41907	2.349861835017374	1.0	0.0	0.0	0.0	0.0	0.0	0.0	0.0	0.0	0.0	0.0	0.0	0.0	0.0	0.0	0.0	0.0	0.0	0.0	0.0	0.0	0.0	0.0	0.0	0.0	0.0	0.0	0.0	0.0	0.0	0.0	0.0	0.0	0.0	0.0	0.0	0.0	0.0	0.0	0.0	0.0	0.0	0.0	0.0	0.0	0.0	0.0	0.0	0.0	0.0	0.0	0.0	0.0	0.0	0.0	0.0	0.0	0.0	0.0	0.0	0.0	0.0	0.0	0.0	0.0	0.0	0.0	0.0	/dataset1/zailong/workspace/peft-sft-lab/reports/hns_forgetting_20260911/git_artifacts/run_metadata/experiment_config.json	14.0208	12.18362	0.88678	0.27614	-0.09637	9.32088	0.40715	0.41138	0.3896	1.20134	2.18967	0.06532	2.13423	2.00459	0.99543	1.90331	-0.2971	1.29776	0.35266	-0.02008	-0.62233	0.02544	1.0	1.0	1.0	1.0	0.0	0.86962	0.0	0.0	0.0	0.0	0.0	0.0	0.0	0.0	0.0	0.0	0.0	0.0	0.0	0.0	0.0	0.0	0.0	0.0	0.0	0.0	0.0	0.0	0.0	0.0	0.0	3.43719	5.43219	0.47781	2.93663	0.59572	1.0	1.0	0.0	0.0	0.0	0.0	0.0	0.0	0.0	0.0	0.0
scalar_common_basis_seed42	Llama-3.1-8B-Instruct	tulu	42	common_hns	tulu__common_hns	Llama-3.1-8B-Instruct/tulu/seed42	/dataset1/zailong/runs/peft-sft-lab/hns-forgetting-2x4-20260911/adapters/Llama-3.1-8B-Instruct/tulu/common-hns	/dataset1/zailong/models/spectral-surgery/Llama-3.1-8B-Instruct-InstructionFollowing-LoRA	False	False	65.06469500924214	/dataset1/zailong/workspace/peft-sft-lab/reports/hns_forgetting_20260911/git_artifacts/run_metadata/score_manifest__formal_llama.json	/dataset1/zailong/runs/peft-sft-lab/hns-forgetting-2x4-20260911/variant_manifests/Llama-3p1-8B-Instruct.json	/dataset1/zailong/workspace/peft-sft-lab/reports/hns_forgetting_20260911/git_artifacts/run_metadata/generation_manifest__formal_llama.json	62.19512195121951	66.41394996209249	65.06469500924214	70.50443485759772	66.37116892363657	0.295755725669063	2.4029574861367777	2.097918944274582	0.7585204100314702	1.0	1.0	15.98846	1.0	1.0	0.06254	0.25011	0.0005	2.961425200703889	6.940275174327911	1.5754807031855065	0.86017	1.0	0.34325	0.11775	0.28147	0.7399	0.26009	0.50999	1.0	0.06254	2.1819186242352484	0.20444	1.0	0.06254	2.843346552651229	0.1058	1.0	0.06254	2.376937901154183	0.1839	1.0	0.06254	2.4347364679518297	0.12951	1.0	0.06254	2.4228385309460903	0.08285	1.0	0.06254	1.708320524524542	0.17051	1.0	0.06254	1.0415572680338419	0.15004	1.0	0.06255	0.9351046107950407	0.17297	1.0	0.06254	1.7568462712556554	0.29308	1.0	0.06254	2.41001219481927	0.06763	1.0	0.06254	2.417802885782107	0.18602	1.0	0.06254	1.9037066336816926	0.16217	0.10253999999999996	0.35499	12.393930000000001	0.5331	0.20065	-0.24895	-0.36452	-1.5090400000000002	-0.15062501224278746	0.0	-1.069309270159581	-0.13983	0.0	-0.65675	-0.88225	-0.71853	-0.2601	0.26009	0.50999	0.08894000000000002	-0.20913000000000004	-0.08529184911419208	-0.79556	0.12065999999999999	-0.30204000000000003	-0.16667849172820803	-0.8942	0.09041999999999994	-0.21804	-0.0900469117606022	-0.8161	0.09440000000000004	-0.22926000000000002	-0.1391781295842005	-0.87049	0.12480000000000002	-0.30461	-0.21052647051002227	-0.91715	0.08779000000000003	-0.22737000000000002	-0.10154763097858766	-0.8294900000000001	0.11597999999999997	-0.25146	-0.12983046038652835	-0.84996	0.10067999999999999	-0.22733000000000003	-0.11022328881527876	-0.8270299999999999	0.05130999999999997	-0.13035999999999998	-0.05320661995913767	-0.70692	0.19332000000000005	-0.45080000000000003	-0.2560329366584404	-0.93237	0.06982	-0.20832	-0.08367637840781406	-0.81398	0.09884000000000004	-0.247	-0.10786426659399906	-0.83783	/dataset1/zailong/workspace/peft-sft-lab/reports/hns_forgetting_20260911/git_artifacts/run_metadata/experiment_config.json	16.0	16.0	1.0	8e-05	-3e-05	16.0	0.0	0.00012	0.99964	0.00035	0.43154	0.13314			0.00032	2939.29737		0.0		0.0	0.0	-0.0	0.99554	1.0	1.0	0.7399	0.26009	1.0	1.4216999999999995	2.787000000000001	0.08138000000000001	-0.22956000000000001	0.08038	5.27365	-0.30963	-0.80189	-0.34045	0.56929	-1.00624	-1.00232	0.01518	0.47063	-0.25273	-0.2601	0.26009	0.10253999999999996			2937.23697			-1.7637299999999998	0.05612	11.99365	13.90468	0.17337	4.08549	1.6649	0.34906	0.28819	0.31836	8.119110000000001	7.545510000000001	-0.27973000000000003	-1.4995700000000003	-0.16216999999999993	-0.6509400000000001	-0.71181	0.31836
scalar_common_basis_seed42	Llama-3.1-8B-Instruct	tulu	42	common_per_module	tulu__common_per_module	Llama-3.1-8B-Instruct/tulu/seed42	/dataset1/zailong/runs/peft-sft-lab/hns-forgetting-2x4-20260911/adapters/Llama-3.1-8B-Instruct/tulu/common-per-module	/dataset1/zailong/models/spectral-surgery/Llama-3.1-8B-Instruct-InstructionFollowing-LoRA	False	False	65.06469500924214	/dataset1/zailong/workspace/peft-sft-lab/reports/hns_forgetting_20260911/git_artifacts/run_metadata/score_manifest__formal_llama.json	/dataset1/zailong/runs/peft-sft-lab/hns-forgetting-2x4-20260911/variant_manifests/Llama-3p1-8B-Instruct.json	/dataset1/zailong/workspace/peft-sft-lab/reports/hns_forgetting_20260911/git_artifacts/run_metadata/generation_manifest__formal_llama.json	62.80487804878049	64.44275966641395	65.06469500924214	70.74076829052167	65.9961353352387	0.21697791469441086	2.4029574861367777	1.7228853558767128	0.8372982210061224	0.89746	0.64501	3.59453	0.4669	0.79935	0.31149	0.61463	1.50954	2.961425146625308	6.817597997435477	2.4407157818662006	0.86017	0.88455	0.8154	0.66488	0.70698	0.85458	0.01296	0.17532	0.91106	0.27167	2.1819185542570847	0.8182	0.87934	0.36458	2.8433465028078753	0.64375	0.90958	0.28058	2.3769377762498785	0.78884	0.9056	0.2918	2.4347364044180555	0.7042	0.8752	0.36715	2.4228385511637325	0.58817	0.91221	0.28991	1.7083203212026505	0.79515	0.88402	0.314	1.041557193142586	0.75301	0.89932	0.28988	0.9351044873496065	0.79004	0.94869	0.1929	1.7568463337987135	0.8938	0.80668	0.51334	2.410012119039151	0.56007	0.93018	0.27086	2.4178028921200037	0.82259	0.90116	0.30954	1.903706498153321	0.7602	0.0	0.0	0.0	0.0	0.0	0.0	0.0	0.0	-0.15062506632136818	-0.1226771768924344	-0.20407419147888683	-0.13983	-0.11545000000000005	-0.1846	-0.33512	-0.29301999999999995	-0.14542	0.01296	0.17532	0.0	0.0	-0.08529191909235578	-0.18179999999999996	0.0	0.0	-0.16667854157156192	-0.35624999999999996	0.0	0.0	-0.09004703666490688	-0.21116000000000001	0.0	0.0	-0.13917819311797475	-0.29579999999999995	0.0	0.0	-0.21052645029238004	-0.41183000000000003	0.0	0.0	-0.1015478343004792	-0.20484999999999998	0.0	0.0	-0.1298305352777842	-0.24699000000000004	0.0	0.0	-0.11022341226071297	-0.20996000000000004	0.0	0.0	-0.0532065574160796	-0.10619999999999996	0.0	0.0	-0.25603301243855947	-0.43993000000000004	0.0	0.0	-0.08367637206991718	-0.17740999999999996	0.0	0.0	-0.1078644021223707	-0.2398	/dataset1/zailong/workspace/peft-sft-lab/reports/hns_forgetting_20260911/git_artifacts/run_metadata/experiment_config.json	14.5783	13.213	0.91862	0.22964	-0.08041	10.72635	0.30963	0.34057	0.43035	1.00659	2.19528	0.07702	2.34211	2.2466	0.80221	2.0604	-1.37096	1.00232	0.40445	-0.01518	-0.47063	0.25273	1.0	1.0	1.0	0.85458	0.01296	0.89746	0.0	0.0	0.0	0.0	0.0	0.0	0.0	0.0	0.0	0.0	0.0	0.0	0.0	0.0	0.0	-0.14542	0.01296	0.0	0.0	0.0	0.0	-0.18266000000000004	9.99999999995449e-06	1.0000000000065512e-05	0.0	3.87454	6.35917	0.4531	5.58506	1.82707	0.74126	0.73705	0.01132	0.0	0.0	0.0	0.0	0.0	-0.25873999999999997	-0.26295	0.01132
scalar_common_basis_seed42	Llama-3.1-8B-Instruct	tulu	42	global_0p25	tulu__global_0p25	Llama-3.1-8B-Instruct/tulu/seed42	/dataset1/zailong/runs/peft-sft-lab/hns-forgetting-2x4-20260911/adapters/Llama-3.1-8B-Instruct/tulu/common-global-0p25	/dataset1/zailong/models/spectral-surgery/Llama-3.1-8B-Instruct-InstructionFollowing-LoRA	False	False	63.58595194085028	/dataset1/zailong/workspace/peft-sft-lab/reports/hns_forgetting_20260911/git_artifacts/run_metadata/score_manifest__formal_llama.json	/dataset1/zailong/runs/peft-sft-lab/hns-forgetting-2x4-20260911/variant_manifests/Llama-3p1-8B-Instruct.json	/dataset1/zailong/workspace/peft-sft-lab/reports/hns_forgetting_20260911/git_artifacts/run_metadata/generation_manifest__formal_llama.json	59.14634146341463	65.12509476876421	63.58595194085028	70.60844284524703	64.9599596924753	0.261086396452626	0.9242144177449134	0.6867097131133022	0.7931897392479073	0.89746	0.64501	3.59453	0.4669	0.79935	0.31149	0.61463	1.50954	1.725756567129817	5.5539815335464535	1.2584956122251967	0.25	0.25	0.25	0.0625	0.0625	0.25	0.0	0.75	0.91106	0.27167	0.8809167510354369	0.0625	0.87934	0.36458	1.623731415878461	0.0625	0.90958	0.28058	1.0806911950491782	0.0625	0.9056	0.2918	1.18762090962604	0.0625	0.8752	0.36715	1.247071372974142	0.0625	0.91221	0.28991	0.42357415167986573	0.0625	0.88402	0.314	-0.21490617008842514	0.0625	0.89932	0.28988	-0.3409657520679348	0.0625	0.94869	0.1929	0.42375948412197995	0.0625	0.80668	0.51334	1.2797514981562246	0.0625	0.93018	0.27086	1.1151857510578547	0.0625	0.90116	0.30954	0.6252769822823837	0.0625	0.0	0.0	0.0	0.0	0.0	0.0	0.0	0.0	-1.3862936458168593	-1.3862936407814574	-1.3862943611198908	-0.75	-0.75	-0.75	-0.9375	-0.9375	-0.75	0.0	0.75	0.0	0.0	-1.3862937223140035	-0.9375	0.0	0.0	-1.3862936285009761	-0.9375	0.0	0.0	-1.3862936178656071	-0.9375	0.0	0.0	-1.3862936879099903	-0.9375	0.0	0.0	-1.3862936284819705	-0.9375	0.0	0.0	-1.386294003823264	-0.9375	0.0	0.0	-1.3862938985087954	-0.9375	0.0	0.0	-1.3862936516782542	-0.9375	0.0	0.0	-1.386293407092813	-0.9375	0.0	0.0	-1.386293633321486	-0.9375	0.0	0.0	-1.3862935131320662	-0.9375	0.0	0.0	-1.3862939179933078	-0.9375	/dataset1/zailong/workspace/peft-sft-lab/reports/hns_forgetting_20260911/git_artifacts/run_metadata/experiment_config.json	14.5783	13.213	0.91862	0.22964	-0.08041	10.72635	0.30963	0.34057	0.43035	1.00659	2.19527	0.07702	2.34211	2.2466	0.80221	2.0604	-3.98847	1.00232	0.40444	-0.01518	-0.47063	0.25273	1.0	1.0	1.0	0.25	0.0	0.89746	0.0	0.0	0.0	0.0	0.0	0.0	0.0	0.0	0.0	0.0	0.0	0.0	0.0	0.0	0.0	-0.75	0.0	0.0	0.0	0.0	0.0	-2.80017	0.0	0.0	0.0	3.87454	6.35917	0.4531	5.58506	1.82707	0.25	0.25	0.0	0.0	0.0	0.0	0.0	0.0	-0.75	-0.75	0.0
scalar_common_basis_seed42	Llama-3.1-8B-Instruct	tulu	42	global_0p40	tulu__global_0p40	Llama-3.1-8B-Instruct/tulu/seed42	/dataset1/zailong/runs/peft-sft-lab/hns-forgetting-2x4-20260911/adapters/Llama-3.1-8B-Instruct/tulu/common-global-0p40	/dataset1/zailong/models/spectral-surgery/Llama-3.1-8B-Instruct-InstructionFollowing-LoRA	False	False	64.87985212569316	/dataset1/zailong/workspace/peft-sft-lab/reports/hns_forgetting_20260911/git_artifacts/run_metadata/score_manifest__formal_llama.json	/dataset1/zailong/runs/peft-sft-lab/hns-forgetting-2x4-20260911/variant_manifests/Llama-3p1-8B-Instruct.json	/dataset1/zailong/workspace/peft-sft-lab/reports/hns_forgetting_20260911/git_artifacts/run_metadata/generation_manifest__formal_llama.json	60.97560975609756	65.73161485974222	64.87985212569316	70.64221810339524	65.78314757307834	0.2498279770698891	2.2181146025877965	1.509897593716346	0.8044481586306441	0.89746	0.64501	3.59453	0.4669	0.79935	0.31149	0.61463	1.50954	2.195760209543166	6.023985177395051	1.7284992570937676	0.4	0.4	0.4	0.16	0.16	0.4	0.0	0.6	0.91106	0.27167	1.350920401342194	0.16	0.87934	0.36458	2.0937350565050594	0.16	0.90958	0.28058	1.5506948631898583	0.16	0.9056	0.2918	1.657624533621476	0.16	0.8752	0.36715	1.7170750132956731	0.16	0.91221	0.28991	0.8935778357424824	0.16	0.88402	0.314	0.25509747688982354	0.16	0.89932	0.28988	0.1290378981513544	0.16	0.94869	0.1929	0.8937631016322578	0.16	0.80668	0.51334	1.7497551151498627	0.16	0.93018	0.27086	1.5851894232279657	0.16	0.90116	0.30954	1.0952806263738537	0.16	0.0	0.0	0.0	0.0	0.0	0.0	0.0	0.0	-0.9162900034035104	-0.9162899969328597	-0.9162907162513199	-0.6	-0.6	-0.6	-0.84	-0.84	-0.6	0.0	0.6	0.0	0.0	-0.9162900720072464	-0.84	0.0	0.0	-0.9162899878743778	-0.84	0.0	0.0	-0.916289949724927	-0.84	0.0	0.0	-0.9162900639145541	-0.84	0.0	0.0	-0.9162899881604394	-0.84	0.0	0.0	-0.9162903197606473	-0.84	0.0	0.0	-0.9162902515305467	-0.84	0.0	0.0	-0.916290001458965	-0.84	0.0	0.0	-0.9162897895825353	-0.84	0.0	0.0	-0.9162900163278478	-0.84	0.0	0.0	-0.9162898409619551	-0.84	0.0	0.0	-0.9162902739018379	-0.84	/dataset1/zailong/workspace/peft-sft-lab/reports/hns_forgetting_20260911/git_artifacts/run_metadata/experiment_config.json	14.5783	13.213	0.91862	0.22964	-0.08041	10.72635	0.30963	0.34057	0.43035	1.00659	2.19527	0.07702	2.34211	2.2466	0.80221	2.0604	-3.04605	1.00232	0.40445	-0.01518	-0.47063	0.25274	1.0	1.0	1.0	0.4	0.0	0.89746	0.0	0.0	0.0	0.0	0.0	0.0	0.0	0.0	0.0	0.0	0.0	0.0	0.0	0.0	1.0000000000010001e-05	-0.6	0.0	0.0	0.0	0.0	0.0	-1.8577500000000002	9.99999999995449e-06	0.0	0.0	3.87454	6.35917	0.4531	5.58506	1.82707	0.4	0.4	0.0	0.0	0.0	0.0	0.0	0.0	-0.6	-0.6	0.0
scalar_common_basis_seed42	Llama-3.1-8B-Instruct	tulu	42	global_0p55	tulu__global_0p55	Llama-3.1-8B-Instruct/tulu/seed42	/dataset1/zailong/runs/peft-sft-lab/hns-forgetting-2x4-20260911/adapters/Llama-3.1-8B-Instruct/tulu/common-global-0p55	/dataset1/zailong/models/spectral-surgery/Llama-3.1-8B-Instruct-InstructionFollowing-LoRA	False	False	65.06469500924214	/dataset1/zailong/workspace/peft-sft-lab/reports/hns_forgetting_20260911/git_artifacts/run_metadata/score_manifest__formal_llama.json	/dataset1/zailong/runs/peft-sft-lab/hns-forgetting-2x4-20260911/variant_manifests/Llama-3p1-8B-Instruct.json	/dataset1/zailong/workspace/peft-sft-lab/reports/hns_forgetting_20260911/git_artifacts/run_metadata/generation_manifest__formal_llama.json	62.19512195121951	66.26231993934799	65.06469500924214	70.67427059118484	66.37723749391745	0.23914381447335606	2.4029574861367777	2.103987514555456	0.8151323212271772	0.89746	0.64501	3.59453	0.4669	0.79935	0.31149	0.61463	1.50954	2.5142139470373475	6.3424389144529805	2.0469529932103385	0.55	0.55	0.55	0.3025	0.3025	0.55	0.0	0.45	0.91106	0.27167	1.6693741208361508	0.3025	0.87934	0.36458	2.412188798073769	0.3025	0.90958	0.28058	1.8691485878962038	0.3025	0.9056	0.2918	1.9760782923733806	0.3025	0.8752	0.36715	2.035528741083349	0.3025	0.91221	0.28991	1.2120315354523572	0.3025	0.88402	0.314	0.5735512022263966	0.3025	0.89932	0.28988	0.44749159934068805	0.3025	0.94869	0.1929	1.212216843239943	0.3025	0.80668	0.51334	2.068208864411494	0.3025	0.93018	0.27086	1.9036431586548825	0.3025	0.90116	0.30954	1.4137343558227593	0.3025	0.0	0.0	0.0	0.0	0.0	0.0	0.0	0.0	-0.5978362659093288	-0.5978362598749305	-0.597836980134749	-0.44999999999999996	-0.44999999999999996	-0.44999999999999996	-0.6975	-0.6975	-0.44999999999999996	0.0	0.45	0.0	0.0	-0.5978363525132897	-0.6975	0.0	0.0	-0.5978362463056683	-0.6975	0.0	0.0	-0.5978362250185816	-0.6975	0.0	0.0	-0.5978363051626496	-0.6975	0.0	0.0	-0.5978362603727634	-0.6975	0.0	0.0	-0.5978366200507725	-0.6975	0.0	0.0	-0.5978365261939736	-0.6975	0.0	0.0	-0.5978363002696314	-0.6975	0.0	0.0	-0.5978360479748501	-0.6975	0.0	0.0	-0.5978362670662163	-0.6975	0.0	0.0	-0.5978361055350383	-0.6975	0.0	0.0	-0.5978365444529323	-0.6975	/dataset1/zailong/workspace/peft-sft-lab/reports/hns_forgetting_20260911/git_artifacts/run_metadata/experiment_config.json	14.5783	13.213	0.91862	0.22964	-0.08041	10.72635	0.30963	0.34057	0.43035	1.00659	2.19528	0.07702	2.34211	2.2466	0.80221	2.0604	-2.36997	1.00232	0.40444	-0.01518	-0.47063	0.25273	1.0	1.0	1.0	0.55	0.0	0.89746	0.0	0.0	0.0	0.0	0.0	0.0	0.0	0.0	0.0	0.0	0.0	0.0	0.0	0.0	0.0	-0.44999999999999996	0.0	0.0	0.0	0.0	0.0	-1.18167	0.0	1.0000000000065512e-05	0.0	3.87454	6.35917	0.4531	5.58506	1.82707	0.55	0.55	0.0	0.0	0.0	0.0	0.0	0.0	-0.44999999999999996	-0.44999999999999996	0.0
scalar_common_basis_seed42	Llama-3.1-8B-Instruct	tulu	42	global_0p70	tulu__global_0p70	Llama-3.1-8B-Instruct/tulu/seed42	/dataset1/zailong/runs/peft-sft-lab/hns-forgetting-2x4-20260911/adapters/Llama-3.1-8B-Instruct/tulu/common-global-0p70	/dataset1/zailong/models/spectral-surgery/Llama-3.1-8B-Instruct-InstructionFollowing-LoRA	False	False	65.24953789279112	/dataset1/zailong/workspace/peft-sft-lab/reports/hns_forgetting_20260911/git_artifacts/run_metadata/score_manifest__formal_llama.json	/dataset1/zailong/runs/peft-sft-lab/hns-forgetting-2x4-20260911/variant_manifests/Llama-3p1-8B-Instruct.json	/dataset1/zailong/workspace/peft-sft-lab/reports/hns_forgetting_20260911/git_artifacts/run_metadata/generation_manifest__formal_llama.json	61.58536585365854	67.47536012130402	65.24953789279112	70.7919644497516	66.61756347490473	0.1999125282844337	2.587800369685759	2.3443134955427354	0.8543636074160995	0.89746	0.64501	3.59453	0.4669	0.79935	0.31149	0.61463	1.50954	2.755375965097016	6.583600932446794	2.2881150198643954	0.7	0.7	0.7	0.49	0.49	0.7	0.0	0.3	0.91106	0.27167	1.9105361419609106	0.49	0.87934	0.36458	2.653350815439624	0.49	0.90958	0.28058	2.110310626954477	0.49	0.9056	0.2918	2.21724028437951	0.49	0.8752	0.36715	2.2766907672210626	0.49	0.91221	0.28991	1.453193554653691	0.49	0.88402	0.314	0.8147132209691272	0.49	0.89932	0.28988	0.6886536236972473	0.49	0.94869	0.1929	1.453378866251294	0.49	0.80668	0.51334	2.3093708823002204	0.49	0.93018	0.27086	2.144805170835532	0.49	0.90116	0.30954	1.654896385066034	0.49	0.0	0.0	0.0	0.0	0.0	0.0	0.0	0.0	-0.3566742478496603	-0.35667424188111685	-0.3566749534806921	-0.30000000000000004	-0.30000000000000004	-0.30000000000000004	-0.51	-0.51	-0.30000000000000004	0.0	0.3	0.0	0.0	-0.3566743313885299	-0.51	0.0	0.0	-0.35667422893981326	-0.51	0.0	0.0	-0.3566741859603084	-0.51	0.0	0.0	-0.3566743131565202	-0.51	0.0	0.0	-0.35667423423504996	-0.51	0.0	0.0	-0.3566746008494388	-0.51	0.0	0.0	-0.35667450745124296	-0.51	0.0	0.0	-0.3566742759130722	-0.51	0.0	0.0	-0.356674024963499	-0.51	0.0	0.0	-0.35667424917749013	-0.51	0.0	0.0	-0.35667409335438904	-0.51	0.0	0.0	-0.35667451520965754	-0.51	/dataset1/zailong/workspace/peft-sft-lab/reports/hns_forgetting_20260911/git_artifacts/run_metadata/experiment_config.json	14.5783	13.213	0.91862	0.22964	-0.08041	10.72635	0.30963	0.34057	0.43035	1.00659	2.19527	0.07702	2.34211	2.2466	0.80221	2.0604	-1.90814	1.00232	0.40444	-0.01518	-0.47063	0.25273	1.0	1.0	1.0	0.7	0.0	0.89746	0.0	0.0	0.0	0.0	0.0	0.0	0.0	0.0	0.0	0.0	0.0	0.0	0.0	0.0	0.0	-0.30000000000000004	0.0	0.0	0.0	0.0	0.0	-0.71984	0.0	0.0	0.0	3.87454	6.35917	0.4531	5.58506	1.82707	0.7	0.7	0.0	0.0	0.0	0.0	0.0	0.0	-0.30000000000000004	-0.30000000000000004	0.0
scalar_common_basis_seed42	Llama-3.1-8B-Instruct	tulu	42	global_0p85	tulu__global_0p85	Llama-3.1-8B-Instruct/tulu/seed42	/dataset1/zailong/runs/peft-sft-lab/hns-forgetting-2x4-20260911/adapters/Llama-3.1-8B-Instruct/tulu/common-global-0p85	/dataset1/zailong/models/spectral-surgery/Llama-3.1-8B-Instruct-InstructionFollowing-LoRA	False	False	64.87985212569316	/dataset1/zailong/workspace/peft-sft-lab/reports/hns_forgetting_20260911/git_artifacts/run_metadata/score_manifest__formal_llama.json	/dataset1/zailong/runs/peft-sft-lab/hns-forgetting-2x4-20260911/variant_manifests/Llama-3p1-8B-Instruct.json	/dataset1/zailong/workspace/peft-sft-lab/reports/hns_forgetting_20260911/git_artifacts/run_metadata/generation_manifest__formal_llama.json	61.58536585365854	62.547384382107666	64.87985212569316	71.09531740086238	65.07602254554286	0.09879487791417318	2.2181146025877965	0.8027725661808631	0.9554812577863601	0.89746	0.64501	3.59453	0.4669	0.79935	0.31149	0.61463	1.50954	2.9495320207349502	6.777756984708063	2.482271078186642	0.85	0.85	0.85	0.7225	0.7225	0.85	0.0	0.15	0.91106	0.27167	2.104692189125075	0.7225	0.87934	0.36458	2.8475068729956794	0.7225	0.90958	0.28058	2.3044666735426085	0.7225	0.9056	0.2918	2.411396346126972	0.7225	0.8752	0.36715	2.4708468239225576	0.7225	0.91221	0.28991	1.647349615081216	0.7225	0.88402	0.314	1.0088692832331707	0.7225	0.89932	0.28988	0.8828096946378176	0.7225	0.94869	0.1929	1.6475348907961942	0.7225	0.80668	0.51334	2.5035269469762955	0.7225	0.93018	0.27086	2.338961213749908	0.7225	0.90116	0.30954	1.8490524552667753	0.7225	0.0	0.0	0.0	0.0	0.0	0.0	0.0	0.0	-0.16251819221172603	-0.1625181896198482	-0.16251889515844553	-0.15000000000000002	-0.15000000000000002	-0.15000000000000002	-0.27749999999999997	-0.27749999999999997	-0.15000000000000002	0.0	0.15	0.0	0.0	-0.16251828422436532	-0.27749999999999997	0.0	0.0	-0.1625181713837578	-0.27749999999999997	0.0	0.0	-0.16251813937217685	-0.27749999999999997	0.0	0.0	-0.1625182514090584	-0.27749999999999997	0.0	0.0	-0.1625181775335549	-0.27749999999999997	0.0	0.0	-0.16251854042191383	-0.27749999999999997	0.0	0.0	-0.1625184451871995	-0.27749999999999997	0.0	0.0	-0.1625182049725019	-0.27749999999999997	0.0	0.0	-0.16251800041859887	-0.27749999999999997	0.0	0.0	-0.16251818450141498	-0.27749999999999997	0.0	0.0	-0.162518050440013	-0.27749999999999997	0.0	0.0	-0.16251844500891632	-0.27749999999999997	/dataset1/zailong/workspace/peft-sft-lab/reports/hns_forgetting_20260911/git_artifacts/run_metadata/experiment_config.json	14.5783	13.213	0.91862	0.22964	-0.08041	10.72635	0.30963	0.34057	0.43035	1.00659	2.19528	0.07702	2.34211	2.2466	0.80221	2.0604	-1.50362	1.00232	0.40445	-0.01518	-0.47063	0.25273	1.0	1.0	1.0	0.85	0.0	0.89746	0.0	0.0	0.0	0.0	0.0	0.0	0.0	0.0	0.0	0.0	0.0	0.0	0.0	0.0	0.0	-0.15000000000000002	0.0	0.0	0.0	0.0	0.0	-0.31532000000000004	9.99999999995449e-06	1.0000000000065512e-05	0.0	3.87454	6.35917	0.4531	5.58506	1.82707	0.85	0.85	0.0	0.0	0.0	0.0	0.0	0.0	-0.15000000000000002	-0.15000000000000002	0.0
scalar_common_basis_seed42	Llama-3.1-8B-Instruct	tulu	42	common_lora	tulu__common_lora	Llama-3.1-8B-Instruct/tulu/seed42	/dataset1/zailong/runs/peft-sft-lab/hns-forgetting-2x4-20260911/adapters/Llama-3.1-8B-Instruct/tulu/common-global-1p00	/dataset1/zailong/models/spectral-surgery/Llama-3.1-8B-Instruct-InstructionFollowing-LoRA	True	False	62.661737523105366	/dataset1/zailong/workspace/peft-sft-lab/reports/hns_forgetting_20260911/git_artifacts/run_metadata/score_manifest__formal_llama.json	/dataset1/zailong/runs/peft-sft-lab/hns-forgetting-2x4-20260911/variant_manifests/Llama-3p1-8B-Instruct.json	/dataset1/zailong/workspace/peft-sft-lab/reports/hns_forgetting_20260911/git_artifacts/run_metadata/generation_manifest__formal_llama.json	62.19512195121951	59.43896891584534	62.661737523105366	71.18565907102112	64.27324997936199	1.0542761357005332	0.0	0.0	0.0	0.89746	0.64501	3.59453	0.4669	0.79935	0.31149	0.61463	1.50954	3.1120502129466763	6.940275174327911	2.6447899733450875	1.0	1.0	1.0	1.0	1.0	1.0	0.0	0.0	0.91106	0.27167	2.2672104733494405	1.0	0.87934	0.36458	3.010025044379437	1.0	0.90958	0.28058	2.4669848129147853	1.0	0.9056	0.2918	2.5739145975360302	1.0	0.8752	0.36715	2.6333650014561125	1.0	0.91221	0.28991	1.8098681555031297	1.0	0.88402	0.314	1.1713877284203702	1.0	0.89932	0.28988	1.0453278996103195	1.0	0.94869	0.1929	1.810052891214793	1.0	0.80668	0.51334	2.6660451314777105	1.0	0.93018	0.27086	2.501479264189921	1.0	0.90116	0.30954	2.0115709002756916	1.0	0.0	0.0	0.0	0.0	0.0	0.0	0.0	0.0	0.0	0.0	0.0	0.0	0.0	0.0	0.0	0.0	0.0	0.0	0.0	0.0	0.0	0.0	0.0	0.0	0.0	0.0	0.0	0.0	0.0	0.0	0.0	0.0	0.0	0.0	0.0	0.0	0.0	0.0	0.0	0.0	0.0	0.0	0.0	0.0	0.0	0.0	0.0	0.0	0.0	0.0	0.0	0.0	0.0	0.0	0.0	0.0	0.0	0.0	0.0	0.0	0.0	0.0	0.0	0.0	0.0	0.0	0.0	/dataset1/zailong/workspace/peft-sft-lab/reports/hns_forgetting_20260911/git_artifacts/run_metadata/experiment_config.json	14.5783	13.213	0.91862	0.22964	-0.08041	10.72635	0.30963	0.34057	0.43035	1.00659	2.19527	0.07702	2.34211	2.2466	0.80221	2.0604	-1.1883	1.00232	0.40444	-0.01518	-0.47063	0.25273	1.0	1.0	1.0	1.0	0.0	0.89746	0.0	0.0	0.0	0.0	0.0	0.0	0.0	0.0	0.0	0.0	0.0	0.0	0.0	0.0	0.0	0.0	0.0	0.0	0.0	0.0	0.0	0.0	0.0	0.0	0.0	3.87454	6.35917	0.4531	5.58506	1.82707	1.0	1.0	0.0	0.0	0.0	0.0	0.0	0.0	0.0	0.0	0.0
